area_code,area_name,n,population,percentage
E06000001,Hartlepool,0,92300,0
E06000001,Hartlepool,0,92300,0
E06000001,Hartlepool,0,92300,0
E06000001,Hartlepool,0,92300,0
E06000001,Hartlepool,0,92300,0
E06000001,Hartlepool,0,92300,0
E06000001,Hartlepool,0,92300,0
E06000001,Hartlepool,34331,92300,37.19501625135428
E06000001,Hartlepool,19939,92300,21.602383531960996
E06000001,Hartlepool,12532,92300,13.577464788732394
E06000001,Hartlepool,2605,92300,2.822318526543879
E06000001,Hartlepool,540,92300,0.5850487540628385
E06000001,Hartlepool,0,92300,0
E06000001,Hartlepool,61,92300,0.06608884073672806
E06000001,Hartlepool,40,92300,0.04333694474539545
E06000001,Hartlepool,44,92300,0.047670639219934995
E06000001,Hartlepool,11,92300,0.011917659804983749
E06000001,Hartlepool,8,92300,0.00866738894907909
E06000001,Hartlepool,0,92300,0
E06000001,Hartlepool,17,92300,0.018418201516793065
E06000001,Hartlepool,16,92300,0.01733477789815818
E06000001,Hartlepool,9,92300,0.009750812567713976
E06000001,Hartlepool,8,92300,0.00866738894907909
E06000001,Hartlepool,0,92300,0
E06000001,Hartlepool,0,92300,0
E06000001,Hartlepool,16,92300,0.01733477789815818
E06000001,Hartlepool,21,92300,0.02275189599133261
E06000001,Hartlepool,11,92300,0.011917659804983749
E06000001,Hartlepool,4,92300,0.004333694474539545
E06000001,Hartlepool,2,92300,0.0021668472372697724
E06000001,Hartlepool,0,92300,0
E06000001,Hartlepool,18,92300,0.01950162513542795
E06000001,Hartlepool,13,92300,0.014084507042253521
E06000001,Hartlepool,10,92300,0.010834236186348862
E06000001,Hartlepool,6,92300,0.0065005417118093175
E06000001,Hartlepool,0,92300,0
E06000001,Hartlepool,0,92300,0
E06000001,Hartlepool,1549,92300,1.6782231852654388
E06000001,Hartlepool,1105,92300,1.1971830985915493
E06000001,Hartlepool,738,92300,0.7995666305525461
E06000001,Hartlepool,156,92300,0.16901408450704225
E06000001,Hartlepool,25,92300,0.027085590465872156
E06000002,Middlesbrough,0,143900,0
E06000002,Middlesbrough,0,143900,0
E06000002,Middlesbrough,0,143900,0
E06000002,Middlesbrough,0,143900,0
E06000002,Middlesbrough,0,143900,0
E06000002,Middlesbrough,0,143900,0
E06000002,Middlesbrough,0,143900,0
E06000002,Middlesbrough,48132,143900,33.448227936066715
E06000002,Middlesbrough,29195,143900,20.288394718554553
E06000002,Middlesbrough,19676,143900,13.673384294649061
E06000002,Middlesbrough,5400,143900,3.752605976372481
E06000002,Middlesbrough,1700,143900,1.18137595552467
E06000002,Middlesbrough,0,143900,0
E06000002,Middlesbrough,130,143900,0.09034051424600417
E06000002,Middlesbrough,142,143900,0.09867963863794302
E06000002,Middlesbrough,143,143900,0.09937456567060458
E06000002,Middlesbrough,43,143900,0.029881862404447533
E06000002,Middlesbrough,30,143900,0.020847810979847115
E06000002,Middlesbrough,0,143900,0
E06000002,Middlesbrough,39,143900,0.027102154273801252
E06000002,Middlesbrough,30,143900,0.020847810979847115
E06000002,Middlesbrough,48,143900,0.03335649756775538
E06000002,Middlesbrough,10,143900,0.006949270326615705
E06000002,Middlesbrough,9,143900,0.006254343293954135
E06000002,Middlesbrough,0,143900,0
E06000002,Middlesbrough,35,143900,0.024322446143154968
E06000002,Middlesbrough,47,143900,0.03266157053509382
E06000002,Middlesbrough,65,143900,0.045170257123002086
E06000002,Middlesbrough,17,143900,0.0118137595552467
E06000002,Middlesbrough,7,143900,0.004864489228630994
E06000002,Middlesbrough,0,143900,0
E06000002,Middlesbrough,25,143900,0.017373175816539264
E06000002,Middlesbrough,42,143900,0.029186935371785964
E06000002,Middlesbrough,27,143900,0.018763029881862403
E06000002,Middlesbrough,12,143900,0.008339124391938846
E06000002,Middlesbrough,3,143900,0.0020847810979847115
E06000002,Middlesbrough,0,143900,0
E06000002,Middlesbrough,2448,143900,1.7011813759555248
E06000002,Middlesbrough,1836,143900,1.2758860319666434
E06000002,Middlesbrough,1424,143900,0.9895760945100764
E06000002,Middlesbrough,505,143900,0.35093815149409313
E06000002,Middlesbrough,226,143900,0.15705350938151494
E06000003,Redcar and Cleveland,0,136500,0
E06000003,Redcar and Cleveland,0,136500,0
E06000003,Redcar and Cleveland,0,136500,0
E06000003,Redcar and Cleveland,0,136500,0
E06000003,Redcar and Cleveland,0,136500,0
E06000003,Redcar and Cleveland,0,136500,0
E06000003,Redcar and Cleveland,0,136500,0
E06000003,Redcar and Cleveland,53992,136500,39.554578754578756
E06000003,Redcar and Cleveland,29914,136500,21.915018315018315
E06000003,Redcar and Cleveland,17407,136500,12.752380952380953
E06000003,Redcar and Cleveland,3522,136500,2.5802197802197804
E06000003,Redcar and Cleveland,639,136500,0.46813186813186813
E06000003,Redcar and Cleveland,0,136500,0
E06000003,Redcar and Cleveland,63,136500,0.046153846153846156
E06000003,Redcar and Cleveland,50,136500,0.03663003663003663
E06000003,Redcar and Cleveland,37,136500,0.027106227106227107
E06000003,Redcar and Cleveland,5,136500,0.003663003663003663
E06000003,Redcar and Cleveland,0,136500,0
E06000003,Redcar and Cleveland,0,136500,0
E06000003,Redcar and Cleveland,24,136500,0.017582417582417582
E06000003,Redcar and Cleveland,28,136500,0.020512820512820513
E06000003,Redcar and Cleveland,23,136500,0.01684981684981685
E06000003,Redcar and Cleveland,2,136500,0.0014652014652014652
E06000003,Redcar and Cleveland,0,136500,0
E06000003,Redcar and Cleveland,0,136500,0
E06000003,Redcar and Cleveland,35,136500,0.02564102564102564
E06000003,Redcar and Cleveland,37,136500,0.027106227106227107
E06000003,Redcar and Cleveland,17,136500,0.012454212454212455
E06000003,Redcar and Cleveland,5,136500,0.003663003663003663
E06000003,Redcar and Cleveland,0,136500,0
E06000003,Redcar and Cleveland,0,136500,0
E06000003,Redcar and Cleveland,22,136500,0.01611721611721612
E06000003,Redcar and Cleveland,18,136500,0.013186813186813187
E06000003,Redcar and Cleveland,19,136500,0.01391941391941392
E06000003,Redcar and Cleveland,5,136500,0.003663003663003663
E06000003,Redcar and Cleveland,0,136500,0
E06000003,Redcar and Cleveland,0,136500,0
E06000003,Redcar and Cleveland,2493,136500,1.8263736263736263
E06000003,Redcar and Cleveland,1587,136500,1.1626373626373627
E06000003,Redcar and Cleveland,989,136500,0.7245421245421245
E06000003,Redcar and Cleveland,151,136500,0.11062271062271062
E06000003,Redcar and Cleveland,30,136500,0.02197802197802198
E06000004,Stockton-on-Tees,0,196600,0
E06000004,Stockton-on-Tees,0,196600,0
E06000004,Stockton-on-Tees,0,196600,0
E06000004,Stockton-on-Tees,0,196600,0
E06000004,Stockton-on-Tees,0,196600,0
E06000004,Stockton-on-Tees,0,196600,0
E06000004,Stockton-on-Tees,0,196600,0
E06000004,Stockton-on-Tees,78193,196600,39.77263479145473
E06000004,Stockton-on-Tees,40249,196600,20.472533062054932
E06000004,Stockton-on-Tees,22751,196600,11.572227873855544
E06000004,Stockton-on-Tees,4973,196600,2.5295015259409968
E06000004,Stockton-on-Tees,1590,196600,0.8087487283825026
E06000004,Stockton-on-Tees,0,196600,0
E06000004,Stockton-on-Tees,82,196600,0.04170905391658189
E06000004,Stockton-on-Tees,66,196600,0.0335707019328586
E06000004,Stockton-on-Tees,83,196600,0.0422177009155646
E06000004,Stockton-on-Tees,22,196600,0.011190233977619531
E06000004,Stockton-on-Tees,5,196600,0.00254323499491353
E06000004,Stockton-on-Tees,0,196600,0
E06000004,Stockton-on-Tees,34,196600,0.017293997965412006
E06000004,Stockton-on-Tees,36,196600,0.018311291963377416
E06000004,Stockton-on-Tees,40,196600,0.02034587995930824
E06000004,Stockton-on-Tees,9,196600,0.004577822990844354
E06000004,Stockton-on-Tees,2,196600,0.001017293997965412
E06000004,Stockton-on-Tees,0,196600,0
E06000004,Stockton-on-Tees,49,196600,0.024923702950152594
E06000004,Stockton-on-Tees,36,196600,0.018311291963377416
E06000004,Stockton-on-Tees,30,196600,0.015259409969481181
E06000004,Stockton-on-Tees,5,196600,0.00254323499491353
E06000004,Stockton-on-Tees,1,196600,5.08646998982706e-4
E06000004,Stockton-on-Tees,0,196600,0
E06000004,Stockton-on-Tees,27,196600,0.013733468972533061
E06000004,Stockton-on-Tees,19,196600,0.009664292980671414
E06000004,Stockton-on-Tees,25,196600,0.01271617497456765
E06000004,Stockton-on-Tees,6,196600,0.003051881993896236
E06000004,Stockton-on-Tees,4,196600,0.002034587995930824
E06000004,Stockton-on-Tees,0,196600,0
E06000004,Stockton-on-Tees,3075,196600,1.564089521871821
E06000004,Stockton-on-Tees,1723,196600,0.8763987792472024
E06000004,Stockton-on-Tees,1334,196600,0.6785350966429298
E06000004,Stockton-on-Tees,313,196600,0.15920651068158698
E06000004,Stockton-on-Tees,428,196600,0.21770091556459817
E06000005,Darlington,0,107800,0
E06000005,Darlington,0,107800,0
E06000005,Darlington,0,107800,0
E06000005,Darlington,0,107800,0
E06000005,Darlington,0,107800,0
E06000005,Darlington,0,107800,0
E06000005,Darlington,0,107800,0
E06000005,Darlington,41850,107800,38.821892393320965
E06000005,Darlington,24101,107800,22.357142857142858
E06000005,Darlington,13805,107800,12.806122448979592
E06000005,Darlington,2700,107800,2.504638218923933
E06000005,Darlington,540,107800,0.5009276437847866
E06000005,Darlington,0,107800,0
E06000005,Darlington,34,107800,0.03153988868274583
E06000005,Darlington,58,107800,0.05380333951762523
E06000005,Darlington,48,107800,0.04452690166975881
E06000005,Darlington,4,107800,0.0037105751391465678
E06000005,Darlington,0,107800,0
E06000005,Darlington,0,107800,0
E06000005,Darlington,34,107800,0.03153988868274583
E06000005,Darlington,22,107800,0.02040816326530612
E06000005,Darlington,21,107800,0.01948051948051948
E06000005,Darlington,7,107800,0.006493506493506494
E06000005,Darlington,2,107800,0.0018552875695732839
E06000005,Darlington,0,107800,0
E06000005,Darlington,25,107800,0.023191094619666047
E06000005,Darlington,25,107800,0.023191094619666047
E06000005,Darlington,18,107800,0.016697588126159554
E06000005,Darlington,4,107800,0.0037105751391465678
E06000005,Darlington,0,107800,0
E06000005,Darlington,0,107800,0
E06000005,Darlington,20,107800,0.01855287569573284
E06000005,Darlington,19,107800,0.017625231910946195
E06000005,Darlington,21,107800,0.01948051948051948
E06000005,Darlington,5,107800,0.00463821892393321
E06000005,Darlington,0,107800,0
E06000005,Darlington,0,107800,0
E06000005,Darlington,1638,107800,1.5194805194805194
E06000005,Darlington,1200,107800,1.1131725417439704
E06000005,Darlington,762,107800,0.7068645640074211
E06000005,Darlington,159,107800,0.14749536178107606
E06000005,Darlington,25,107800,0.023191094619666047
E06000006,Halton,0,128200,0
E06000006,Halton,0,128200,0
E06000006,Halton,0,128200,0
E06000006,Halton,0,128200,0
E06000006,Halton,0,128200,0
E06000006,Halton,0,128200,0
E06000006,Halton,0,128200,0
E06000006,Halton,48251,128200,37.637285491419654
E06000006,Halton,28161,128200,21.966458658346333
E06000006,Halton,17363,128200,13.543681747269892
E06000006,Halton,3847,128200,3.000780031201248
E06000006,Halton,863,128200,0.6731669266770671
E06000006,Halton,0,128200,0
E06000006,Halton,52,128200,0.0405616224648986
E06000006,Halton,52,128200,0.0405616224648986
E06000006,Halton,71,128200,0.05538221528861154
E06000006,Halton,12,128200,0.0093603744149766
E06000006,Halton,0,128200,0
E06000006,Halton,0,128200,0
E06000006,Halton,20,128200,0.015600624024960999
E06000006,Halton,32,128200,0.0249609984399376
E06000006,Halton,10,128200,0.0078003120124804995
E06000006,Halton,3,128200,0.00234009360374415
E06000006,Halton,0,128200,0
E06000006,Halton,0,128200,0
E06000006,Halton,30,128200,0.0234009360374415
E06000006,Halton,25,128200,0.01950078003120125
E06000006,Halton,22,128200,0.0171606864274571
E06000006,Halton,2,128200,0.0015600624024961
E06000006,Halton,2,128200,0.0015600624024961
E06000006,Halton,0,128200,0
E06000006,Halton,23,128200,0.01794071762870515
E06000006,Halton,20,128200,0.015600624024960999
E06000006,Halton,13,128200,0.01014040561622465
E06000006,Halton,4,128200,0.0031201248049922
E06000006,Halton,1,128200,7.8003120124805e-4
E06000006,Halton,0,128200,0
E06000006,Halton,1929,128200,1.5046801872074882
E06000006,Halton,1250,128200,0.9750390015600624
E06000006,Halton,806,128200,0.6287051482059283
E06000006,Halton,195,128200,0.15210608424336974
E06000006,Halton,26,128200,0.0202808112324493
E06000007,Warrington,0,210900,0
E06000007,Warrington,0,210900,0
E06000007,Warrington,0,210900,0
E06000007,Warrington,0,210900,0
E06000007,Warrington,0,210900,0
E06000007,Warrington,0,210900,0
E06000007,Warrington,0,210900,0
E06000007,Warrington,85426,210900,40.505452821242294
E06000007,Warrington,42513,210900,20.157894736842106
E06000007,Warrington,26935,210900,12.771455666192509
E06000007,Warrington,5927,210900,2.8103366524419156
E06000007,Warrington,1084,210900,0.5139876718824087
E06000007,Warrington,0,210900,0
E06000007,Warrington,77,210900,0.036510194404931244
E06000007,Warrington,70,210900,0.03319108582266477
E06000007,Warrington,88,210900,0.04172593646277857
E06000007,Warrington,26,210900,0.012328117591275486
E06000007,Warrington,9,210900,0.004267425320056899
E06000007,Warrington,0,210900,0
E06000007,Warrington,45,210900,0.021337126600284494
E06000007,Warrington,29,210900,0.013750592697961118
E06000007,Warrington,47,210900,0.022285443338074917
E06000007,Warrington,12,210900,0.005689900426742532
E06000007,Warrington,4,210900,0.001896633475580844
E06000007,Warrington,0,210900,0
E06000007,Warrington,36,210900,0.017069701280227598
E06000007,Warrington,41,210900,0.01944049312470365
E06000007,Warrington,59,210900,0.02797534376481745
E06000007,Warrington,12,210900,0.005689900426742532
E06000007,Warrington,5,210900,0.002370791844476055
E06000007,Warrington,0,210900,0
E06000007,Warrington,38,210900,0.018018018018018018
E06000007,Warrington,24,210900,0.011379800853485065
E06000007,Warrington,26,210900,0.012328117591275486
E06000007,Warrington,5,210900,0.002370791844476055
E06000007,Warrington,0,210900,0
E06000007,Warrington,0,210900,0
E06000007,Warrington,3275,210900,1.552868658131816
E06000007,Warrington,1950,210900,0.9246088193456614
E06000007,Warrington,1379,210900,0.6538643907064959
E06000007,Warrington,374,210900,0.17733522996680892
E06000007,Warrington,92,210900,0.04362256993835941
E06000008,Blackburn with Darwen,0,154800,0
E06000008,Blackburn with Darwen,0,154800,0
E06000008,Blackburn with Darwen,0,154800,0
E06000008,Blackburn with Darwen,0,154800,0
E06000008,Blackburn with Darwen,0,154800,0
E06000008,Blackburn with Darwen,0,154800,0
E06000008,Blackburn with Darwen,0,154800,0
E06000008,Blackburn with Darwen,36180,154800,23.372093023255815
E06000008,Blackburn with Darwen,31786,154800,20.53359173126615
E06000008,Blackburn with Darwen,25349,154800,16.37532299741602
E06000008,Blackburn with Darwen,10072,154800,6.506459948320414
E06000008,Blackburn with Darwen,5501,154800,3.5536175710594313
E06000008,Blackburn with Darwen,0,154800,0
E06000008,Blackburn with Darwen,66,154800,0.04263565891472868
E06000008,Blackburn with Darwen,102,154800,0.06589147286821706
E06000008,Blackburn with Darwen,104,154800,0.06718346253229975
E06000008,Blackburn with Darwen,59,154800,0.03811369509043928
E06000008,Blackburn with Darwen,36,154800,0.023255813953488372
E06000008,Blackburn with Darwen,0,154800,0
E06000008,Blackburn with Darwen,16,154800,0.0103359173126615
E06000008,Blackburn with Darwen,36,154800,0.023255813953488372
E06000008,Blackburn with Darwen,33,154800,0.02131782945736434
E06000008,Blackburn with Darwen,9,154800,0.005813953488372093
E06000008,Blackburn with Darwen,3,154800,0.001937984496124031
E06000008,Blackburn with Darwen,0,154800,0
E06000008,Blackburn with Darwen,30,154800,0.01937984496124031
E06000008,Blackburn with Darwen,38,154800,0.02454780361757106
E06000008,Blackburn with Darwen,29,154800,0.018733850129198967
E06000008,Blackburn with Darwen,10,154800,0.006459948320413436
E06000008,Blackburn with Darwen,7,154800,0.004521963824289405
E06000008,Blackburn with Darwen,0,154800,0
E06000008,Blackburn with Darwen,21,154800,0.013565891472868217
E06000008,Blackburn with Darwen,23,154800,0.014857881136950904
E06000008,Blackburn with Darwen,15,154800,0.009689922480620155
E06000008,Blackburn with Darwen,4,154800,0.002583979328165375
E06000008,Blackburn with Darwen,1,154800,6.459948320413437e-4
E06000008,Blackburn with Darwen,0,154800,0
E06000008,Blackburn with Darwen,2369,154800,1.5303617571059431
E06000008,Blackburn with Darwen,2230,154800,1.4405684754521964
E06000008,Blackburn with Darwen,2135,154800,1.3791989664082687
E06000008,Blackburn with Darwen,1150,154800,0.7428940568475452
E06000008,Blackburn with Darwen,698,154800,0.4509043927648579
E06000009,Blackpool,0,141100,0
E06000009,Blackpool,0,141100,0
E06000009,Blackpool,0,141100,0
E06000009,Blackpool,0,141100,0
E06000009,Blackpool,0,141100,0
E06000009,Blackpool,0,141100,0
E06000009,Blackpool,0,141100,0
E06000009,Blackpool,53651,141100,38.02338766832034
E06000009,Blackpool,28225,141100,20.003543586109142
E06000009,Blackpool,20278,141100,14.37136782423813
E06000009,Blackpool,4364,141100,3.0928419560595324
E06000009,Blackpool,723,141100,0.5124025513819985
E06000009,Blackpool,0,141100,0
E06000009,Blackpool,98,141100,0.06945428773919206
E06000009,Blackpool,79,141100,0.05598866052445074
E06000009,Blackpool,92,141100,0.06520198440822111
E06000009,Blackpool,36,141100,0.025513819985825654
E06000009,Blackpool,9,141100,0.0063784549964564135
E06000009,Blackpool,0,141100,0
E06000009,Blackpool,42,141100,0.029766123316796598
E06000009,Blackpool,33,141100,0.023387668320340185
E06000009,Blackpool,36,141100,0.025513819985825654
E06000009,Blackpool,7,141100,0.004961020552799433
E06000009,Blackpool,3,141100,0.002126151665485471
E06000009,Blackpool,0,141100,0
E06000009,Blackpool,44,141100,0.03118355776045358
E06000009,Blackpool,41,141100,0.029057406094968107
E06000009,Blackpool,31,141100,0.021970233876683204
E06000009,Blackpool,13,141100,0.009213323883770375
E06000009,Blackpool,2,141100,0.001417434443656981
E06000009,Blackpool,0,141100,0
E06000009,Blackpool,33,141100,0.023387668320340185
E06000009,Blackpool,27,141100,0.01913536498936924
E06000009,Blackpool,31,141100,0.021970233876683204
E06000009,Blackpool,4,141100,0.002834868887313962
E06000009,Blackpool,0,141100,0
E06000009,Blackpool,0,141100,0
E06000009,Blackpool,2487,141100,1.7625797306874558
E06000009,Blackpool,1446,141100,1.024805102763997
E06000009,Blackpool,1259,141100,0.8922749822820695
E06000009,Blackpool,275,141100,0.19489723600283487
E06000009,Blackpool,57,141100,0.040396881644223954
E06000010,Kingston upon Hull,0,NA,NA
E06000010,Kingston upon Hull,0,NA,NA
E06000010,Kingston upon Hull,0,NA,NA
E06000010,Kingston upon Hull,0,NA,NA
E06000010,Kingston upon Hull,0,NA,NA
E06000010,Kingston upon Hull,0,NA,NA
E06000010,Kingston upon Hull,0,NA,NA
E06000010,Kingston upon Hull,68878,NA,NA
E06000010,Kingston upon Hull,62017,NA,NA
E06000010,Kingston upon Hull,48057,NA,NA
E06000010,Kingston upon Hull,11700,NA,NA
E06000010,Kingston upon Hull,2902,NA,NA
E06000010,Kingston upon Hull,0,NA,NA
E06000010,Kingston upon Hull,129,NA,NA
E06000010,Kingston upon Hull,158,NA,NA
E06000010,Kingston upon Hull,224,NA,NA
E06000010,Kingston upon Hull,71,NA,NA
E06000010,Kingston upon Hull,38,NA,NA
E06000010,Kingston upon Hull,0,NA,NA
E06000010,Kingston upon Hull,54,NA,NA
E06000010,Kingston upon Hull,69,NA,NA
E06000010,Kingston upon Hull,72,NA,NA
E06000010,Kingston upon Hull,36,NA,NA
E06000010,Kingston upon Hull,3,NA,NA
E06000010,Kingston upon Hull,0,NA,NA
E06000010,Kingston upon Hull,68,NA,NA
E06000010,Kingston upon Hull,59,NA,NA
E06000010,Kingston upon Hull,79,NA,NA
E06000010,Kingston upon Hull,18,NA,NA
E06000010,Kingston upon Hull,10,NA,NA
E06000010,Kingston upon Hull,0,NA,NA
E06000010,Kingston upon Hull,64,NA,NA
E06000010,Kingston upon Hull,73,NA,NA
E06000010,Kingston upon Hull,74,NA,NA
E06000010,Kingston upon Hull,17,NA,NA
E06000010,Kingston upon Hull,4,NA,NA
E06000010,Kingston upon Hull,0,NA,NA
E06000010,Kingston upon Hull,4650,NA,NA
E06000010,Kingston upon Hull,4512,NA,NA
E06000010,Kingston upon Hull,3749,NA,NA
E06000010,Kingston upon Hull,1062,NA,NA
E06000010,Kingston upon Hull,468,NA,NA
E06000011,East Riding of Yorkshire,0,342200,0
E06000011,East Riding of Yorkshire,0,342200,0
E06000011,East Riding of Yorkshire,0,342200,0
E06000011,East Riding of Yorkshire,0,342200,0
E06000011,East Riding of Yorkshire,0,342200,0
E06000011,East Riding of Yorkshire,0,342200,0
E06000011,East Riding of Yorkshire,0,342200,0
E06000011,East Riding of Yorkshire,151915,342200,44.393629456458214
E06000011,East Riding of Yorkshire,71458,342200,20.881940385739334
E06000011,East Riding of Yorkshire,36245,342200,10.591759205143191
E06000011,East Riding of Yorkshire,6883,342200,2.011396843950906
E06000011,East Riding of Yorkshire,1130,342200,0.3302162478082992
E06000011,East Riding of Yorkshire,0,342200,0
E06000011,East Riding of Yorkshire,130,342200,0.03798947983635301
E06000011,East Riding of Yorkshire,97,342200,0.028345996493278784
E06000011,East Riding of Yorkshire,84,342200,0.024547048509643482
E06000011,East Riding of Yorkshire,28,342200,0.008182349503214495
E06000011,East Riding of Yorkshire,3,342200,8.766803039158387e-4
E06000011,East Riding of Yorkshire,0,342200,0
E06000011,East Riding of Yorkshire,79,342200,0.023085914669783752
E06000011,East Riding of Yorkshire,41,342200,0.011981297486849795
E06000011,East Riding of Yorkshire,34,342200,0.009935710111046173
E06000011,East Riding of Yorkshire,4,342200,0.0011689070718877848
E06000011,East Riding of Yorkshire,0,342200,0
E06000011,East Riding of Yorkshire,0,342200,0
E06000011,East Riding of Yorkshire,62,342200,0.018118059614260665
E06000011,East Riding of Yorkshire,32,342200,0.009351256575102279
E06000011,East Riding of Yorkshire,38,342200,0.011104617182933957
E06000011,East Riding of Yorkshire,17,342200,0.004967855055523086
E06000011,East Riding of Yorkshire,4,342200,0.0011689070718877848
E06000011,East Riding of Yorkshire,0,342200,0
E06000011,East Riding of Yorkshire,54,342200,0.015780245470485097
E06000011,East Riding of Yorkshire,41,342200,0.011981297486849795
E06000011,East Riding of Yorkshire,35,342200,0.010227936879018119
E06000011,East Riding of Yorkshire,11,342200,0.0032144944476914087
E06000011,East Riding of Yorkshire,1,342200,2.922267679719462e-4
E06000011,East Riding of Yorkshire,0,342200,0
E06000011,East Riding of Yorkshire,7036,342200,2.056107539450614
E06000011,East Riding of Yorkshire,3913,342200,1.1434833430742255
E06000011,East Riding of Yorkshire,2122,342200,0.6201052016364699
E06000011,East Riding of Yorkshire,412,342200,0.12039742840444184
E06000011,East Riding of Yorkshire,98,342200,0.02863822326125073
E06000012,North East Lincolnshire,0,156900,0
E06000012,North East Lincolnshire,0,156900,0
E06000012,North East Lincolnshire,0,156900,0
E06000012,North East Lincolnshire,0,156900,0
E06000012,North East Lincolnshire,0,156900,0
E06000012,North East Lincolnshire,0,156900,0
E06000012,North East Lincolnshire,0,156900,0
E06000012,North East Lincolnshire,70238,156900,44.76609305289993
E06000012,North East Lincolnshire,29025,156900,18.49904397705545
E06000012,North East Lincolnshire,16281,156900,10.376673040152964
E06000012,North East Lincolnshire,2911,156900,1.8553218610579987
E06000012,North East Lincolnshire,507,156900,0.3231357552581262
E06000012,North East Lincolnshire,0,156900,0
E06000012,North East Lincolnshire,127,156900,0.08094327597195666
E06000012,North East Lincolnshire,79,156900,0.05035054174633524
E06000012,North East Lincolnshire,62,156900,0.039515615041427664
E06000012,North East Lincolnshire,6,156900,0.0038240917782026767
E06000012,North East Lincolnshire,1,156900,6.373486297004461e-4
E06000012,North East Lincolnshire,0,156900,0
E06000012,North East Lincolnshire,54,156900,0.03441682600382409
E06000012,North East Lincolnshire,22,156900,0.014021669853409816
E06000012,North East Lincolnshire,24,156900,0.015296367112810707
E06000012,North East Lincolnshire,0,156900,0
E06000012,North East Lincolnshire,0,156900,0
E06000012,North East Lincolnshire,0,156900,0
E06000012,North East Lincolnshire,52,156900,0.0331421287444232
E06000012,North East Lincolnshire,29,156900,0.018483110261312937
E06000012,North East Lincolnshire,24,156900,0.015296367112810707
E06000012,North East Lincolnshire,6,156900,0.0038240917782026767
E06000012,North East Lincolnshire,2,156900,0.0012746972594008922
E06000012,North East Lincolnshire,0,156900,0
E06000012,North East Lincolnshire,37,156900,0.023581899298916506
E06000012,North East Lincolnshire,20,156900,0.012746972594008922
E06000012,North East Lincolnshire,16,156900,0.010197578075207138
E06000012,North East Lincolnshire,4,156900,0.0025493945188017845
E06000012,North East Lincolnshire,0,156900,0
E06000012,North East Lincolnshire,0,156900,0
E06000012,North East Lincolnshire,3523,156900,2.245379222434672
E06000012,North East Lincolnshire,1619,156900,1.0318674314850222
E06000012,North East Lincolnshire,1078,156900,0.687061822817081
E06000012,North East Lincolnshire,245,156900,0.1561504142766093
E06000012,North East Lincolnshire,28,156900,0.017845761631612493
E06000013,North Lincolnshire,0,169700,0
E06000013,North Lincolnshire,0,169700,0
E06000013,North Lincolnshire,0,169700,0
E06000013,North Lincolnshire,0,169700,0
E06000013,North Lincolnshire,0,169700,0
E06000013,North Lincolnshire,0,169700,0
E06000013,North Lincolnshire,0,169700,0
E06000013,North Lincolnshire,72344,169700,42.63052445492045
E06000013,North Lincolnshire,34022,169700,20.048320565704184
E06000013,North Lincolnshire,18587,169700,10.952857984678845
E06000013,North Lincolnshire,3763,169700,2.217442545668827
E06000013,North Lincolnshire,1018,169700,0.5998821449616971
E06000013,North Lincolnshire,0,169700,0
E06000013,North Lincolnshire,133,169700,0.07837360047142015
E06000013,North Lincolnshire,87,169700,0.05126694166175604
E06000013,North Lincolnshire,104,169700,0.061284619917501476
E06000013,North Lincolnshire,33,169700,0.019446081319976428
E06000013,North Lincolnshire,66,169700,0.038892162639952856
E06000013,North Lincolnshire,0,169700,0
E06000013,North Lincolnshire,35,169700,0.020624631703005304
E06000013,North Lincolnshire,22,169700,0.01296405421331762
E06000013,North Lincolnshire,38,169700,0.022392457277548614
E06000013,North Lincolnshire,4,169700,0.002357100766057749
E06000013,North Lincolnshire,5,169700,0.0029463759575721863
E06000013,North Lincolnshire,0,169700,0
E06000013,North Lincolnshire,37,169700,0.021803182086034177
E06000013,North Lincolnshire,19,169700,0.011196228638774307
E06000013,North Lincolnshire,39,169700,0.022981732469063054
E06000013,North Lincolnshire,12,169700,0.007071302298173247
E06000013,North Lincolnshire,9,169700,0.005303476723629935
E06000013,North Lincolnshire,0,169700,0
E06000013,North Lincolnshire,32,169700,0.01885680612846199
E06000013,North Lincolnshire,21,169700,0.012374779021803181
E06000013,North Lincolnshire,21,169700,0.012374779021803181
E06000013,North Lincolnshire,7,169700,0.0041249263406010605
E06000013,North Lincolnshire,3,169700,0.0017678255745433118
E06000013,North Lincolnshire,0,169700,0
E06000013,North Lincolnshire,3763,169700,2.217442545668827
E06000013,North Lincolnshire,1933,169700,1.1390689451974072
E06000013,North Lincolnshire,1255,169700,0.7395403653506187
E06000013,North Lincolnshire,271,169700,0.1596935769004125
E06000013,North Lincolnshire,122,169700,0.07189157336476135
E06000014,York,0,202800,0
E06000014,York,0,202800,0
E06000014,York,0,202800,0
E06000014,York,0,202800,0
E06000014,York,0,202800,0
E06000014,York,0,202800,0
E06000014,York,0,202800,0
E06000014,York,67643,202800,33.354536489151876
E06000014,York,43109,202800,21.2569033530572
E06000014,York,31548,202800,15.55621301775148
E06000014,York,8757,202800,4.318047337278107
E06000014,York,1057,202800,0.5212031558185405
E06000014,York,0,202800,0
E06000014,York,52,202800,0.02564102564102564
E06000014,York,62,202800,0.03057199211045365
E06000014,York,81,202800,0.03994082840236687
E06000014,York,18,202800,0.008875739644970414
E06000014,York,3,202800,0.0014792899408284023
E06000014,York,0,202800,0
E06000014,York,33,202800,0.016272189349112426
E06000014,York,40,202800,0.01972386587771203
E06000014,York,51,202800,0.02514792899408284
E06000014,York,18,202800,0.008875739644970414
E06000014,York,1,202800,4.930966469428008e-4
E06000014,York,0,202800,0
E06000014,York,35,202800,0.01725838264299803
E06000014,York,35,202800,0.01725838264299803
E06000014,York,47,202800,0.023175542406311637
E06000014,York,14,202800,0.006903353057199211
E06000014,York,0,202800,0
E06000014,York,0,202800,0
E06000014,York,77,202800,0.03796844181459566
E06000014,York,128,202800,0.0631163708086785
E06000014,York,137,202800,0.0675542406311637
E06000014,York,47,202800,0.023175542406311637
E06000014,York,4,202800,0.0019723865877712033
E06000014,York,0,202800,0
E06000014,York,3202,202800,1.578895463510848
E06000014,York,2207,202800,1.0882642998027614
E06000014,York,1813,202800,0.8939842209072978
E06000014,York,609,202800,0.30029585798816566
E06000014,York,96,202800,0.047337278106508875
E06000015,Derby,0,261400,0
E06000015,Derby,0,261400,0
E06000015,Derby,0,261400,0
E06000015,Derby,0,261400,0
E06000015,Derby,0,261400,0
E06000015,Derby,0,261400,0
E06000015,Derby,0,261400,0
E06000015,Derby,82179,261400,31.438026013771996
E06000015,Derby,50433,261400,19.293420045906657
E06000015,Derby,37846,261400,14.478194338179035
E06000015,Derby,11635,261400,4.451032899770467
E06000015,Derby,6260,261400,2.394797245600612
E06000015,Derby,0,261400,0
E06000015,Derby,191,261400,0.07306809487375669
E06000015,Derby,155,261400,0.05929609793420046
E06000015,Derby,227,261400,0.08684009181331293
E06000015,Derby,67,261400,0.025631216526396328
E06000015,Derby,401,261400,0.15340474368783474
E06000015,Derby,0,261400,0
E06000015,Derby,95,261400,0.036342769701606735
E06000015,Derby,50,261400,0.019127773527161437
E06000015,Derby,59,261400,0.0225707727620505
E06000015,Derby,14,261400,0.005355776587605203
E06000015,Derby,10,261400,0.0038255547054322878
E06000015,Derby,0,261400,0
E06000015,Derby,53,261400,0.020275439938791124
E06000015,Derby,70,261400,0.026778882938026015
E06000015,Derby,60,261400,0.022953328232593728
E06000015,Derby,22,261400,0.008416220351951033
E06000015,Derby,17,261400,0.006503442999234889
E06000015,Derby,0,261400,0
E06000015,Derby,54,261400,0.020657995409334353
E06000015,Derby,68,261400,0.026013771996939557
E06000015,Derby,78,261400,0.029839326702371844
E06000015,Derby,21,261400,0.008033664881407804
E06000015,Derby,1,261400,3.8255547054322876e-4
E06000015,Derby,0,261400,0
E06000015,Derby,5417,261400,2.07230298393267
E06000015,Derby,3691,261400,1.4120122417750574
E06000015,Derby,3287,261400,1.257459831675593
E06000015,Derby,1056,261400,0.4039785768936496
E06000015,Derby,1293,261400,0.4946442234123948
E06000016,Leicester,0,368600,0
E06000016,Leicester,0,368600,0
E06000016,Leicester,0,368600,0
E06000016,Leicester,0,368600,0
E06000016,Leicester,0,368600,0
E06000016,Leicester,0,368600,0
E06000016,Leicester,0,368600,0
E06000016,Leicester,77284,368600,20.96690179055887
E06000016,Leicester,59893,368600,16.24877916440586
E06000016,Leicester,62861,368600,17.053988062940856
E06000016,Leicester,30333,368600,8.22924579489962
E06000016,Leicester,19287,368600,5.2325013564839935
E06000016,Leicester,0,368600,0
E06000016,Leicester,288,368600,0.0781334780249593
E06000016,Leicester,349,368600,0.0946825827455236
E06000016,Leicester,455,368600,0.12344004340748779
E06000016,Leicester,299,368600,0.08111774281063483
E06000016,Leicester,233,368600,0.06321215409658167
E06000016,Leicester,0,368600,0
E06000016,Leicester,89,368600,0.024145415084102007
E06000016,Leicester,116,368600,0.031470428648941944
E06000016,Leicester,123,368600,0.03336950623982637
E06000016,Leicester,70,368600,0.018990775908844276
E06000016,Leicester,25,368600,0.006782419967444384
E06000016,Leicester,0,368600,0
E06000016,Leicester,90,368600,0.024416711882799782
E06000016,Leicester,116,368600,0.031470428648941944
E06000016,Leicester,143,368600,0.03879544221378188
E06000016,Leicester,76,368600,0.020618556701030927
E06000016,Leicester,45,368600,0.012208355941399891
E06000016,Leicester,0,368600,0
E06000016,Leicester,69,368600,0.0187194791101465
E06000016,Leicester,60,368600,0.016277807921866522
E06000016,Leicester,101,368600,0.02740097666847531
E06000016,Leicester,28,368600,0.0075963103635377106
E06000016,Leicester,14,368600,0.0037981551817688553
E06000016,Leicester,0,368600,0
E06000016,Leicester,7072,368600,1.9186109603906674
E06000016,Leicester,5876,368600,1.594139989148128
E06000016,Leicester,6552,368600,1.7775366250678242
E06000016,Leicester,3367,368600,0.9134563212154097
E06000016,Leicester,2555,368600,0.693163320672816
E06000017,Rutland,0,41000,0
E06000017,Rutland,0,41000,0
E06000017,Rutland,0,41000,0
E06000017,Rutland,0,41000,0
E06000017,Rutland,0,41000,0
E06000017,Rutland,0,41000,0
E06000017,Rutland,0,41000,0
E06000017,Rutland,19557,41000,47.7
E06000017,Rutland,6298,41000,15.360975609756098
E06000017,Rutland,3330,41000,8.121951219512194
E06000017,Rutland,514,41000,1.2536585365853659
E06000017,Rutland,129,41000,0.3146341463414634
E06000017,Rutland,0,41000,0
E06000017,Rutland,17,41000,0.041463414634146344
E06000017,Rutland,4,41000,0.00975609756097561
E06000017,Rutland,2,41000,0.004878048780487805
E06000017,Rutland,0,41000,0
E06000017,Rutland,0,41000,0
E06000017,Rutland,0,41000,0
E06000017,Rutland,9,41000,0.02195121951219512
E06000017,Rutland,5,41000,0.012195121951219513
E06000017,Rutland,0,41000,0
E06000017,Rutland,0,41000,0
E06000017,Rutland,0,41000,0
E06000017,Rutland,0,41000,0
E06000017,Rutland,3,41000,0.007317073170731708
E06000017,Rutland,4,41000,0.00975609756097561
E06000017,Rutland,3,41000,0.007317073170731708
E06000017,Rutland,1,41000,0.0024390243902439024
E06000017,Rutland,0,41000,0
E06000017,Rutland,0,41000,0
E06000017,Rutland,7,41000,0.01707317073170732
E06000017,Rutland,1,41000,0.0024390243902439024
E06000017,Rutland,3,41000,0.007317073170731708
E06000017,Rutland,1,41000,0.0024390243902439024
E06000017,Rutland,1,41000,0.0024390243902439024
E06000017,Rutland,0,41000,0
E06000017,Rutland,850,41000,2.073170731707317
E06000017,Rutland,315,41000,0.7682926829268293
E06000017,Rutland,172,41000,0.4195121951219512
E06000017,Rutland,32,41000,0.07804878048780488
E06000017,Rutland,13,41000,0.03170731707317073
E06000018,Nottingham,0,323700,0
E06000018,Nottingham,0,323700,0
E06000018,Nottingham,0,323700,0
E06000018,Nottingham,0,323700,0
E06000018,Nottingham,0,323700,0
E06000018,Nottingham,0,323700,0
E06000018,Nottingham,0,323700,0
E06000018,Nottingham,68692,323700,21.220883534136547
E06000018,Nottingham,59624,323700,18.419524250849552
E06000018,Nottingham,61650,323700,19.045412418906395
E06000018,Nottingham,23800,323700,7.35248687055916
E06000018,Nottingham,7862,323700,2.428792091442694
E06000018,Nottingham,0,323700,0
E06000018,Nottingham,189,323700,0.05838739573679333
E06000018,Nottingham,236,323700,0.0729070126660488
E06000018,Nottingham,389,323700,0.12017299969107198
E06000018,Nottingham,121,323700,0.03738029039233858
E06000018,Nottingham,53,323700,0.016373185047883845
E06000018,Nottingham,0,323700,0
E06000018,Nottingham,83,323700,0.02564102564102564
E06000018,Nottingham,94,323700,0.02903923385851097
E06000018,Nottingham,113,323700,0.03490886623416744
E06000018,Nottingham,38,323700,0.011739264751312943
E06000018,Nottingham,20,323700,0.006178560395427865
E06000018,Nottingham,0,323700,0
E06000018,Nottingham,82,323700,0.025332097621254247
E06000018,Nottingham,95,323700,0.02934816187828236
E06000018,Nottingham,119,323700,0.036762434352795796
E06000018,Nottingham,45,323700,0.013901760889712697
E06000018,Nottingham,18,323700,0.005560704355885079
E06000018,Nottingham,0,323700,0
E06000018,Nottingham,122,323700,0.03768921841210998
E06000018,Nottingham,119,323700,0.036762434352795796
E06000018,Nottingham,132,323700,0.04077849860982391
E06000018,Nottingham,56,323700,0.017299969107198023
E06000018,Nottingham,8,323700,0.002471424158171146
E06000018,Nottingham,0,323700,0
E06000018,Nottingham,5200,323700,1.606425702811245
E06000018,Nottingham,4560,323700,1.4087117701575533
E06000018,Nottingham,4945,323700,1.5276490577695396
E06000018,Nottingham,2417,323700,0.7466790237874575
E06000018,Nottingham,976,323700,0.30151374729687985
E06000019,Herefordshire,0,NA,NA
E06000019,Herefordshire,0,NA,NA
E06000019,Herefordshire,0,NA,NA
E06000019,Herefordshire,0,NA,NA
E06000019,Herefordshire,0,NA,NA
E06000019,Herefordshire,0,NA,NA
E06000019,Herefordshire,0,NA,NA
E06000019,Herefordshire,79991,NA,NA
E06000019,Herefordshire,33473,NA,NA
E06000019,Herefordshire,24409,NA,NA
E06000019,Herefordshire,5796,NA,NA
E06000019,Herefordshire,1083,NA,NA
E06000019,Herefordshire,0,NA,NA
E06000019,Herefordshire,70,NA,NA
E06000019,Herefordshire,55,NA,NA
E06000019,Herefordshire,59,NA,NA
E06000019,Herefordshire,29,NA,NA
E06000019,Herefordshire,7,NA,NA
E06000019,Herefordshire,0,NA,NA
E06000019,Herefordshire,40,NA,NA
E06000019,Herefordshire,24,NA,NA
E06000019,Herefordshire,26,NA,NA
E06000019,Herefordshire,4,NA,NA
E06000019,Herefordshire,7,NA,NA
E06000019,Herefordshire,0,NA,NA
E06000019,Herefordshire,41,NA,NA
E06000019,Herefordshire,15,NA,NA
E06000019,Herefordshire,23,NA,NA
E06000019,Herefordshire,12,NA,NA
E06000019,Herefordshire,9,NA,NA
E06000019,Herefordshire,0,NA,NA
E06000019,Herefordshire,32,NA,NA
E06000019,Herefordshire,27,NA,NA
E06000019,Herefordshire,31,NA,NA
E06000019,Herefordshire,16,NA,NA
E06000019,Herefordshire,2,NA,NA
E06000019,Herefordshire,0,NA,NA
E06000019,Herefordshire,4724,NA,NA
E06000019,Herefordshire,2283,NA,NA
E06000019,Herefordshire,1944,NA,NA
E06000019,Herefordshire,499,NA,NA
E06000019,Herefordshire,108,NA,NA
E06000020,Telford and Wrekin,0,185600,0
E06000020,Telford and Wrekin,0,185600,0
E06000020,Telford and Wrekin,0,185600,0
E06000020,Telford and Wrekin,0,185600,0
E06000020,Telford and Wrekin,0,185600,0
E06000020,Telford and Wrekin,0,185600,0
E06000020,Telford and Wrekin,0,185600,0
E06000020,Telford and Wrekin,66455,185600,35.805495689655174
E06000020,Telford and Wrekin,38389,185600,20.68372844827586
E06000020,Telford and Wrekin,25721,185600,13.858297413793103
E06000020,Telford and Wrekin,5915,185600,3.1869612068965516
E06000020,Telford and Wrekin,1648,185600,0.8879310344827587
E06000020,Telford and Wrekin,0,185600,0
E06000020,Telford and Wrekin,110,185600,0.059267241379310345
E06000020,Telford and Wrekin,88,185600,0.047413793103448273
E06000020,Telford and Wrekin,100,185600,0.05387931034482758
E06000020,Telford and Wrekin,20,185600,0.010775862068965518
E06000020,Telford and Wrekin,38,185600,0.020474137931034482
E06000020,Telford and Wrekin,0,185600,0
E06000020,Telford and Wrekin,43,185600,0.023168103448275863
E06000020,Telford and Wrekin,36,185600,0.01939655172413793
E06000020,Telford and Wrekin,27,185600,0.014547413793103448
E06000020,Telford and Wrekin,8,185600,0.004310344827586207
E06000020,Telford and Wrekin,4,185600,0.0021551724137931034
E06000020,Telford and Wrekin,0,185600,0
E06000020,Telford and Wrekin,41,185600,0.02209051724137931
E06000020,Telford and Wrekin,47,185600,0.025323275862068964
E06000020,Telford and Wrekin,30,185600,0.016163793103448277
E06000020,Telford and Wrekin,12,185600,0.00646551724137931
E06000020,Telford and Wrekin,12,185600,0.00646551724137931
E06000020,Telford and Wrekin,0,185600,0
E06000020,Telford and Wrekin,30,185600,0.016163793103448277
E06000020,Telford and Wrekin,34,185600,0.018318965517241378
E06000020,Telford and Wrekin,27,185600,0.014547413793103448
E06000020,Telford and Wrekin,5,185600,0.0026939655172413795
E06000020,Telford and Wrekin,2,185600,0.0010775862068965517
E06000020,Telford and Wrekin,0,185600,0
E06000020,Telford and Wrekin,3304,185600,1.7801724137931034
E06000020,Telford and Wrekin,2329,185600,1.2548491379310345
E06000020,Telford and Wrekin,1667,185600,0.8981681034482759
E06000020,Telford and Wrekin,541,185600,0.29148706896551724
E06000020,Telford and Wrekin,171,185600,0.09213362068965517
E06000021,Stoke-on-Trent,0,258400,0
E06000021,Stoke-on-Trent,0,258400,0
E06000021,Stoke-on-Trent,0,258400,0
E06000021,Stoke-on-Trent,0,258400,0
E06000021,Stoke-on-Trent,0,258400,0
E06000021,Stoke-on-Trent,0,258400,0
E06000021,Stoke-on-Trent,0,258400,0
E06000021,Stoke-on-Trent,78266,258400,30.288699690402478
E06000021,Stoke-on-Trent,58472,258400,22.628482972136222
E06000021,Stoke-on-Trent,37589,258400,14.546826625386997
E06000021,Stoke-on-Trent,10065,258400,3.8951238390092877
E06000021,Stoke-on-Trent,3253,258400,1.2589009287925697
E06000021,Stoke-on-Trent,0,258400,0
E06000021,Stoke-on-Trent,163,258400,0.06308049535603716
E06000021,Stoke-on-Trent,169,258400,0.06540247678018576
E06000021,Stoke-on-Trent,197,258400,0.07623839009287926
E06000021,Stoke-on-Trent,44,258400,0.017027863777089782
E06000021,Stoke-on-Trent,38,258400,0.014705882352941176
E06000021,Stoke-on-Trent,0,258400,0
E06000021,Stoke-on-Trent,114,258400,0.04411764705882353
E06000021,Stoke-on-Trent,74,258400,0.02863777089783282
E06000021,Stoke-on-Trent,58,258400,0.02244582043343653
E06000021,Stoke-on-Trent,19,258400,0.007352941176470588
E06000021,Stoke-on-Trent,13,258400,0.005030959752321981
E06000021,Stoke-on-Trent,0,258400,0
E06000021,Stoke-on-Trent,138,258400,0.053405572755417956
E06000021,Stoke-on-Trent,96,258400,0.03715170278637771
E06000021,Stoke-on-Trent,65,258400,0.025154798761609906
E06000021,Stoke-on-Trent,25,258400,0.009674922600619196
E06000021,Stoke-on-Trent,11,258400,0.0042569659442724455
E06000021,Stoke-on-Trent,0,258400,0
E06000021,Stoke-on-Trent,70,258400,0.027089783281733747
E06000021,Stoke-on-Trent,67,258400,0.025928792569659444
E06000021,Stoke-on-Trent,47,258400,0.018188854489164085
E06000021,Stoke-on-Trent,21,258400,0.008126934984520124
E06000021,Stoke-on-Trent,2,258400,0.00077399380804953565
E06000021,Stoke-on-Trent,0,258400,0
E06000021,Stoke-on-Trent,4914,258400,1.901702786377709
E06000021,Stoke-on-Trent,3996,258400,1.5464396284829722
E06000021,Stoke-on-Trent,3039,258400,1.1760835913312693
E06000021,Stoke-on-Trent,956,258400,0.369969040247678
E06000021,Stoke-on-Trent,398,258400,0.1540247678018576
E06000022,Bath and North East Somerset,0,193400,0
E06000022,Bath and North East Somerset,0,193400,0
E06000022,Bath and North East Somerset,0,193400,0
E06000022,Bath and North East Somerset,0,193400,0
E06000022,Bath and North East Somerset,0,193400,0
E06000022,Bath and North East Somerset,0,193400,0
E06000022,Bath and North East Somerset,0,193400,0
E06000022,Bath and North East Somerset,70542,193400,36.474663908996895
E06000022,Bath and North East Somerset,34161,193400,17.663391933815927
E06000022,Bath and North East Somerset,29745,193400,15.380041365046536
E06000022,Bath and North East Somerset,9303,193400,4.810237849017581
E06000022,Bath and North East Somerset,1387,193400,0.7171664943123061
E06000022,Bath and North East Somerset,0,193400,0
E06000022,Bath and North East Somerset,49,193400,0.025336091003102378
E06000022,Bath and North East Somerset,48,193400,0.02481902792140641
E06000022,Bath and North East Somerset,60,193400,0.031023784901758014
E06000022,Bath and North East Somerset,19,193400,0.00982419855222337
E06000022,Bath and North East Somerset,1,193400,5.17063081695967e-4
E06000022,Bath and North East Somerset,0,193400,0
E06000022,Bath and North East Somerset,35,193400,0.01809720785935884
E06000022,Bath and North East Somerset,38,193400,0.01964839710444674
E06000022,Bath and North East Somerset,39,193400,0.02016546018614271
E06000022,Bath and North East Somerset,14,193400,0.007238883143743537
E06000022,Bath and North East Somerset,1,193400,5.17063081695967e-4
E06000022,Bath and North East Somerset,0,193400,0
E06000022,Bath and North East Somerset,35,193400,0.01809720785935884
E06000022,Bath and North East Somerset,24,193400,0.012409513960703205
E06000022,Bath and North East Somerset,51,193400,0.026370217166494313
E06000022,Bath and North East Somerset,13,193400,0.00672182006204757
E06000022,Bath and North East Somerset,4,193400,0.002068252326783868
E06000022,Bath and North East Somerset,0,193400,0
E06000022,Bath and North East Somerset,44,193400,0.022750775594622543
E06000022,Bath and North East Somerset,66,193400,0.03412616339193381
E06000022,Bath and North East Somerset,93,193400,0.048086866597724924
E06000022,Bath and North East Somerset,29,193400,0.01499482936918304
E06000022,Bath and North East Somerset,3,193400,0.0015511892450879006
E06000022,Bath and North East Somerset,0,193400,0
E06000022,Bath and North East Somerset,3308,193400,1.7104446742502586
E06000022,Bath and North East Somerset,2047,193400,1.0584281282316443
E06000022,Bath and North East Somerset,1952,193400,1.0093071354705274
E06000022,Bath and North East Somerset,678,193400,0.3505687693898656
E06000022,Bath and North East Somerset,202,193400,0.10444674250258532
E06000023,Bristol,0,NA,NA
E06000023,Bristol,0,NA,NA
E06000023,Bristol,0,NA,NA
E06000023,Bristol,0,NA,NA
E06000023,Bristol,0,NA,NA
E06000023,Bristol,0,NA,NA
E06000023,Bristol,0,NA,NA
E06000023,Bristol,134887,NA,NA
E06000023,Bristol,86182,NA,NA
E06000023,Bristol,88197,NA,NA
E06000023,Bristol,30945,NA,NA
E06000023,Bristol,8166,NA,NA
E06000023,Bristol,0,NA,NA
E06000023,Bristol,199,NA,NA
E06000023,Bristol,233,NA,NA
E06000023,Bristol,389,NA,NA
E06000023,Bristol,225,NA,NA
E06000023,Bristol,83,NA,NA
E06000023,Bristol,0,NA,NA
E06000023,Bristol,88,NA,NA
E06000023,Bristol,88,NA,NA
E06000023,Bristol,180,NA,NA
E06000023,Bristol,58,NA,NA
E06000023,Bristol,24,NA,NA
E06000023,Bristol,0,NA,NA
E06000023,Bristol,90,NA,NA
E06000023,Bristol,103,NA,NA
E06000023,Bristol,133,NA,NA
E06000023,Bristol,65,NA,NA
E06000023,Bristol,24,NA,NA
E06000023,Bristol,0,NA,NA
E06000023,Bristol,239,NA,NA
E06000023,Bristol,285,NA,NA
E06000023,Bristol,410,NA,NA
E06000023,Bristol,129,NA,NA
E06000023,Bristol,21,NA,NA
E06000023,Bristol,0,NA,NA
E06000023,Bristol,7852,NA,NA
E06000023,Bristol,5658,NA,NA
E06000023,Bristol,6505,NA,NA
E06000023,Bristol,2710,NA,NA
E06000023,Bristol,1129,NA,NA
E06000024,North Somerset,0,216700,0
E06000024,North Somerset,0,216700,0
E06000024,North Somerset,0,216700,0
E06000024,North Somerset,0,216700,0
E06000024,North Somerset,0,216700,0
E06000024,North Somerset,0,216700,0
E06000024,North Somerset,0,216700,0
E06000024,North Somerset,88096,216700,40.65343793262575
E06000024,North Somerset,43059,216700,19.870327641901245
E06000024,North Somerset,28119,216700,12.976003691739733
E06000024,North Somerset,6383,216700,2.945546838947854
E06000024,North Somerset,1099,216700,0.5071527457314259
E06000024,North Somerset,0,216700,0
E06000024,North Somerset,56,216700,0.025842178126442086
E06000024,North Somerset,59,216700,0.02722658052607291
E06000024,North Somerset,42,216700,0.019381633594831565
E06000024,North Somerset,20,216700,0.009229349330872173
E06000024,North Somerset,4,216700,0.0018458698661744347
E06000024,North Somerset,0,216700,0
E06000024,North Somerset,55,216700,0.025380710659898477
E06000024,North Somerset,31,216700,0.01430549146285187
E06000024,North Somerset,27,216700,0.012459621596677434
E06000024,North Somerset,9,216700,0.004153207198892478
E06000024,North Somerset,5,216700,0.0023073373327180432
E06000024,North Somerset,0,216700,0
E06000024,North Somerset,50,216700,0.023073373327180433
E06000024,North Somerset,34,216700,0.015689893862482696
E06000024,North Somerset,30,216700,0.01384402399630826
E06000024,North Somerset,16,216700,0.007383479464697739
E06000024,North Somerset,4,216700,0.0018458698661744347
E06000024,North Somerset,0,216700,0
E06000024,North Somerset,48,216700,0.022150438394093218
E06000024,North Somerset,53,216700,0.02445777572681126
E06000024,North Somerset,41,216700,0.018920166128287955
E06000024,North Somerset,11,216700,0.005076142131979695
E06000024,North Somerset,1,216700,4.6146746654360867e-4
E06000024,North Somerset,0,216700,0
E06000024,North Somerset,4018,216700,1.8541762805722197
E06000024,North Somerset,2446,216700,1.1287494231656667
E06000024,North Somerset,1747,216700,0.8061836640516844
E06000024,North Somerset,462,216700,0.2131979695431472
E06000024,North Somerset,138,216700,0.063682510383018
E06000025,South Gloucestershire,0,290400,0
E06000025,South Gloucestershire,0,290400,0
E06000025,South Gloucestershire,0,290400,0
E06000025,South Gloucestershire,0,290400,0
E06000025,South Gloucestershire,0,290400,0
E06000025,South Gloucestershire,0,290400,0
E06000025,South Gloucestershire,0,290400,0
E06000025,South Gloucestershire,116808,290400,40.22314049586777
E06000025,South Gloucestershire,55632,290400,19.15702479338843
E06000025,South Gloucestershire,37442,290400,12.893250688705233
E06000025,South Gloucestershire,8527,290400,2.9362947658402203
E06000025,South Gloucestershire,1604,290400,0.5523415977961432
E06000025,South Gloucestershire,0,290400,0
E06000025,South Gloucestershire,88,290400,0.030303030303030304
E06000025,South Gloucestershire,77,290400,0.026515151515151516
E06000025,South Gloucestershire,103,290400,0.03546831955922865
E06000025,South Gloucestershire,24,290400,0.008264462809917356
E06000025,South Gloucestershire,18,290400,0.006198347107438017
E06000025,South Gloucestershire,0,290400,0
E06000025,South Gloucestershire,64,290400,0.02203856749311295
E06000025,South Gloucestershire,45,290400,0.015495867768595042
E06000025,South Gloucestershire,40,290400,0.013774104683195593
E06000025,South Gloucestershire,12,290400,0.004132231404958678
E06000025,South Gloucestershire,2,290400,6.887052341597796e-4
E06000025,South Gloucestershire,0,290400,0
E06000025,South Gloucestershire,51,290400,0.01756198347107438
E06000025,South Gloucestershire,47,290400,0.01618457300275482
E06000025,South Gloucestershire,50,290400,0.01721763085399449
E06000025,South Gloucestershire,19,290400,0.0065426997245179065
E06000025,South Gloucestershire,2,290400,6.887052341597796e-4
E06000025,South Gloucestershire,0,290400,0
E06000025,South Gloucestershire,60,290400,0.02066115702479339
E06000025,South Gloucestershire,82,290400,0.028236914600550965
E06000025,South Gloucestershire,54,290400,0.01859504132231405
E06000025,South Gloucestershire,21,290400,0.007231404958677686
E06000025,South Gloucestershire,5,290400,0.001721763085399449
E06000025,South Gloucestershire,0,290400,0
E06000025,South Gloucestershire,5344,290400,1.840220385674931
E06000025,South Gloucestershire,2744,290400,0.9449035812672176
E06000025,South Gloucestershire,2174,290400,0.7486225895316805
E06000025,South Gloucestershire,648,290400,0.2231404958677686
E06000025,South Gloucestershire,200,290400,0.06887052341597796
E06000026,Plymouth,0,264700,0
E06000026,Plymouth,0,264700,0
E06000026,Plymouth,0,264700,0
E06000026,Plymouth,0,264700,0
E06000026,Plymouth,0,264700,0
E06000026,Plymouth,0,264700,0
E06000026,Plymouth,0,264700,0
E06000026,Plymouth,84553,264700,31.942954287873064
E06000026,Plymouth,55450,264700,20.94824329429543
E06000026,Plymouth,46476,264700,17.5579901775595
E06000026,Plymouth,11447,264700,4.324518322629392
E06000026,Plymouth,1975,264700,0.7461276917264829
E06000026,Plymouth,0,264700,0
E06000026,Plymouth,79,264700,0.029845107669059314
E06000026,Plymouth,114,264700,0.043067623724971665
E06000026,Plymouth,159,264700,0.06006800151114469
E06000026,Plymouth,40,264700,0.01511144692104269
E06000026,Plymouth,10,264700,0.0037778617302606727
E06000026,Plymouth,0,264700,0
E06000026,Plymouth,41,264700,0.015489233094068758
E06000026,Plymouth,56,264700,0.021156025689459765
E06000026,Plymouth,71,264700,0.026822818284850773
E06000026,Plymouth,20,264700,0.007555723460521345
E06000026,Plymouth,3,264700,0.0011333585190782018
E06000026,Plymouth,0,264700,0
E06000026,Plymouth,43,264700,0.016244805440120892
E06000026,Plymouth,58,264700,0.0219115980355119
E06000026,Plymouth,97,264700,0.03664525878352852
E06000026,Plymouth,28,264700,0.010578012844729883
E06000026,Plymouth,6,264700,0.0022667170381564035
E06000026,Plymouth,0,264700,0
E06000026,Plymouth,64,264700,0.024178315073668303
E06000026,Plymouth,69,264700,0.02606724593879864
E06000026,Plymouth,108,264700,0.04080090668681526
E06000026,Plymouth,44,264700,0.01662259161314696
E06000026,Plymouth,6,264700,0.0022667170381564035
E06000026,Plymouth,0,264700,0
E06000026,Plymouth,3999,264700,1.510766905931243
E06000026,Plymouth,2724,264700,1.0290895353230072
E06000026,Plymouth,2695,264700,1.0181337363052512
E06000026,Plymouth,779,264700,0.2942954287873064
E06000026,Plymouth,266,264700,0.10049112202493389
E06000027,Torbay,0,139300,0
E06000027,Torbay,0,139300,0
E06000027,Torbay,0,139300,0
E06000027,Torbay,0,139300,0
E06000027,Torbay,0,139300,0
E06000027,Torbay,0,139300,0
E06000027,Torbay,0,139300,0
E06000027,Torbay,47356,139300,33.9956927494616
E06000027,Torbay,31846,139300,22.861450107681264
E06000027,Torbay,22140,139300,15.893754486719311
E06000027,Torbay,5954,139300,4.274228284278536
E06000027,Torbay,1213,139300,0.8707824838478104
E06000027,Torbay,0,139300,0
E06000027,Torbay,47,139300,0.03374012921751615
E06000027,Torbay,53,139300,0.03804737975592247
E06000027,Torbay,35,139300,0.02512562814070352
E06000027,Torbay,13,139300,0.00933237616654702
E06000027,Torbay,3,139300,0.0021536252692031586
E06000027,Torbay,0,139300,0
E06000027,Torbay,24,139300,0.01722900215362527
E06000027,Torbay,25,139300,0.017946877243359655
E06000027,Torbay,27,139300,0.019382627422828428
E06000027,Torbay,13,139300,0.00933237616654702
E06000027,Torbay,5,139300,0.003589375448671931
E06000027,Torbay,0,139300,0
E06000027,Torbay,34,139300,0.024407753050969132
E06000027,Torbay,30,139300,0.021536252692031587
E06000027,Torbay,30,139300,0.021536252692031587
E06000027,Torbay,6,139300,0.004307250538406317
E06000027,Torbay,2,139300,0.0014357501794687725
E06000027,Torbay,0,139300,0
E06000027,Torbay,29,139300,0.0208183776022972
E06000027,Torbay,30,139300,0.021536252692031587
E06000027,Torbay,33,139300,0.023689877961234746
E06000027,Torbay,10,139300,0.007178750897343862
E06000027,Torbay,0,139300,0
E06000027,Torbay,0,139300,0
E06000027,Torbay,2309,139300,1.6575735821966977
E06000027,Torbay,1820,139300,1.306532663316583
E06000027,Torbay,1406,139300,1.009332376166547
E06000027,Torbay,371,139300,0.2663316582914573
E06000027,Torbay,147,139300,0.10552763819095477
E06000030,Swindon,0,233400,0
E06000030,Swindon,0,233400,0
E06000030,Swindon,0,233400,0
E06000030,Swindon,0,233400,0
E06000030,Swindon,0,233400,0
E06000030,Swindon,0,233400,0
E06000030,Swindon,0,233400,0
E06000030,Swindon,75802,233400,32.477292202227936
E06000030,Swindon,45892,233400,19.662382176520993
E06000030,Swindon,38154,233400,16.347043701799485
E06000030,Swindon,10583,233400,4.534275921165381
E06000030,Swindon,4142,233400,1.7746358183376179
E06000030,Swindon,0,233400,0
E06000030,Swindon,85,233400,0.03641816623821765
E06000030,Swindon,101,233400,0.043273350471293916
E06000030,Swindon,137,233400,0.05869751499571551
E06000030,Swindon,52,233400,0.022279348757497857
E06000030,Swindon,55,233400,0.02356469580119966
E06000030,Swindon,0,233400,0
E06000030,Swindon,57,233400,0.02442159383033419
E06000030,Swindon,48,233400,0.02056555269922879
E06000030,Swindon,51,233400,0.021850899742930592
E06000030,Swindon,20,233400,0.00856898029134533
E06000030,Swindon,12,233400,0.005141388174807198
E06000030,Swindon,0,233400,0
E06000030,Swindon,52,233400,0.022279348757497857
E06000030,Swindon,58,233400,0.024850042844901457
E06000030,Swindon,68,233400,0.02913453299057412
E06000030,Swindon,28,233400,0.011996572407883462
E06000030,Swindon,21,233400,0.008997429305912597
E06000030,Swindon,0,233400,0
E06000030,Swindon,44,233400,0.018851756640959727
E06000030,Swindon,50,233400,0.021422450728363324
E06000030,Swindon,36,233400,0.015424164524421594
E06000030,Swindon,16,233400,0.006855184233076264
E06000030,Swindon,4,233400,0.001713796058269066
E06000030,Swindon,0,233400,0
E06000030,Swindon,3847,233400,1.6482433590402743
E06000030,Swindon,2664,233400,1.141388174807198
E06000030,Swindon,2586,233400,1.1079691516709511
E06000030,Swindon,848,233400,0.363324764353042
E06000030,Swindon,463,233400,0.1983718937446444
E06000031,Peterborough,0,215700,0
E06000031,Peterborough,0,215700,0
E06000031,Peterborough,0,215700,0
E06000031,Peterborough,0,215700,0
E06000031,Peterborough,0,215700,0
E06000031,Peterborough,0,215700,0
E06000031,Peterborough,0,215700,0
E06000031,Peterborough,62671,215700,29.054705609643023
E06000031,Peterborough,38799,215700,17.9874826147427
E06000031,Peterborough,34844,215700,16.153917477978673
E06000031,Peterborough,11597,215700,5.376448771441817
E06000031,Peterborough,4344,215700,2.0139082058414464
E06000031,Peterborough,0,215700,0
E06000031,Peterborough,197,215700,0.09133055169216504
E06000031,Peterborough,202,215700,0.09364858599907279
E06000031,Peterborough,295,215700,0.13676402410755678
E06000031,Peterborough,205,215700,0.09503940658321743
E06000031,Peterborough,49,215700,0.022716736207695872
E06000031,Peterborough,0,215700,0
E06000031,Peterborough,55,215700,0.025498377375985166
E06000031,Peterborough,64,215700,0.0296708391284191
E06000031,Peterborough,79,215700,0.03662494204914233
E06000031,Peterborough,20,215700,0.00927213722763097
E06000031,Peterborough,7,215700,0.003245248029670839
E06000031,Peterborough,0,215700,0
E06000031,Peterborough,53,215700,0.024571163653222067
E06000031,Peterborough,63,215700,0.02920723226703755
E06000031,Peterborough,85,215700,0.039406583217431616
E06000031,Peterborough,34,215700,0.01576263328697265
E06000031,Peterborough,8,215700,0.0037088548910523874
E06000031,Peterborough,0,215700,0
E06000031,Peterborough,34,215700,0.01576263328697265
E06000031,Peterborough,34,215700,0.01576263328697265
E06000031,Peterborough,34,215700,0.01576263328697265
E06000031,Peterborough,11,215700,0.005099675475197033
E06000031,Peterborough,4,215700,0.0018544274455261937
E06000031,Peterborough,0,215700,0
E06000031,Peterborough,3737,215700,1.7324988409828466
E06000031,Peterborough,3016,215700,1.3982382939267501
E06000031,Peterborough,3020,215700,1.4000927213722762
E06000031,Peterborough,1263,215700,0.5855354659248957
E06000031,Peterborough,561,215700,0.26008344923504867
E06000032,Luton,0,225300,0
E06000032,Luton,0,225300,0
E06000032,Luton,0,225300,0
E06000032,Luton,0,225300,0
E06000032,Luton,0,225300,0
E06000032,Luton,0,225300,0
E06000032,Luton,0,225300,0
E06000032,Luton,44905,225300,19.9312028406569
E06000032,Luton,36337,225300,16.128273413226808
E06000032,Luton,40466,225300,17.960940967598756
E06000032,Luton,20675,225300,9.176653351087438
E06000032,Luton,10869,225300,4.824234354194408
E06000032,Luton,0,225300,0
E06000032,Luton,286,225300,0.12694185530403906
E06000032,Luton,228,225300,0.10119840213049268
E06000032,Luton,315,225300,0.13981358189081225
E06000032,Luton,192,225300,0.085219707057257
E06000032,Luton,78,225300,0.03462050599201065
E06000032,Luton,0,225300,0
E06000032,Luton,43,225300,0.01908566355969818
E06000032,Luton,65,225300,0.02885042166000888
E06000032,Luton,93,225300,0.041278295605858856
E06000032,Luton,50,225300,0.022192632046160676
E06000032,Luton,34,225300,0.015090989791389259
E06000032,Luton,0,225300,0
E06000032,Luton,67,225300,0.029738126941855306
E06000032,Luton,77,225300,0.03417665335108744
E06000032,Luton,98,225300,0.04349755881047492
E06000032,Luton,47,225300,0.020861074123391034
E06000032,Luton,39,225300,0.017310252996005325
E06000032,Luton,0,225300,0
E06000032,Luton,19,225300,0.008433200177541057
E06000032,Luton,24,225300,0.010652463382157125
E06000032,Luton,29,225300,0.01287172658677319
E06000032,Luton,13,225300,0.005770084332001775
E06000032,Luton,1,225300,4.438526409232135e-4
E06000032,Luton,0,225300,0
E06000032,Luton,3491,225300,1.5494895694629383
E06000032,Luton,3310,225300,1.4691522414558367
E06000032,Luton,4220,225300,1.8730581446959609
E06000032,Luton,2449,225300,1.0869951176209498
E06000032,Luton,1878,225300,0.833555259653795
E06000033,Southend-on-Sea,0,180700,0
E06000033,Southend-on-Sea,0,180700,0
E06000033,Southend-on-Sea,0,180700,0
E06000033,Southend-on-Sea,0,180700,0
E06000033,Southend-on-Sea,0,180700,0
E06000033,Southend-on-Sea,0,180700,0
E06000033,Southend-on-Sea,0,180700,0
E06000033,Southend-on-Sea,58016,180700,32.10625345877144
E06000033,Southend-on-Sea,35395,180700,19.58771444382955
E06000033,Southend-on-Sea,31679,180700,17.531267293857223
E06000033,Southend-on-Sea,9026,180700,4.995019369120088
E06000033,Southend-on-Sea,1902,180700,1.0525733259546208
E06000033,Southend-on-Sea,0,180700,0
E06000033,Southend-on-Sea,78,180700,0.04316546762589928
E06000033,Southend-on-Sea,80,180700,0.04427227448810182
E06000033,Southend-on-Sea,108,180700,0.059767570558937465
E06000033,Southend-on-Sea,52,180700,0.02877697841726619
E06000033,Southend-on-Sea,5,180700,0.002767017155506364
E06000033,Southend-on-Sea,0,180700,0
E06000033,Southend-on-Sea,40,180700,0.02213613724405091
E06000033,Southend-on-Sea,36,180700,0.01992252351964582
E06000033,Southend-on-Sea,56,180700,0.03099059214167128
E06000033,Southend-on-Sea,20,180700,0.011068068622025456
E06000033,Southend-on-Sea,6,180700,0.003320420586607637
E06000033,Southend-on-Sea,0,180700,0
E06000033,Southend-on-Sea,34,180700,0.018815716657443277
E06000033,Southend-on-Sea,41,180700,0.022689540675152185
E06000033,Southend-on-Sea,39,180700,0.02158273381294964
E06000033,Southend-on-Sea,24,180700,0.013281682346430549
E06000033,Southend-on-Sea,6,180700,0.003320420586607637
E06000033,Southend-on-Sea,0,180700,0
E06000033,Southend-on-Sea,42,180700,0.02324294410625346
E06000033,Southend-on-Sea,26,180700,0.014388489208633094
E06000033,Southend-on-Sea,46,180700,0.02545655783065855
E06000033,Southend-on-Sea,11,180700,0.006087437742114001
E06000033,Southend-on-Sea,2,180700,0.0011068068622025456
E06000033,Southend-on-Sea,0,180700,0
E06000033,Southend-on-Sea,2806,180700,1.5528500276701716
E06000033,Southend-on-Sea,1939,180700,1.0730492529053681
E06000033,Southend-on-Sea,2053,180700,1.1361372440509132
E06000033,Southend-on-Sea,632,180700,0.34975096845600445
E06000033,Southend-on-Sea,167,180700,0.09241837299391256
E06000034,Thurrock,0,176000,0
E06000034,Thurrock,0,176000,0
E06000034,Thurrock,0,176000,0
E06000034,Thurrock,0,176000,0
E06000034,Thurrock,0,176000,0
E06000034,Thurrock,0,176000,0
E06000034,Thurrock,0,176000,0
E06000034,Thurrock,41374,176000,23.507954545454545
E06000034,Thurrock,34822,176000,19.785227272727273
E06000034,Thurrock,35186,176000,19.992045454545455
E06000034,Thurrock,12101,176000,6.875568181818182
E06000034,Thurrock,3827,176000,2.174431818181818
E06000034,Thurrock,0,176000,0
E06000034,Thurrock,92,176000,0.05227272727272727
E06000034,Thurrock,91,176000,0.051704545454545454
E06000034,Thurrock,130,176000,0.07386363636363637
E06000034,Thurrock,57,176000,0.03238636363636364
E06000034,Thurrock,20,176000,0.011363636363636364
E06000034,Thurrock,0,176000,0
E06000034,Thurrock,23,176000,0.013068181818181817
E06000034,Thurrock,34,176000,0.019318181818181818
E06000034,Thurrock,44,176000,0.025
E06000034,Thurrock,27,176000,0.01534090909090909
E06000034,Thurrock,7,176000,0.003977272727272727
E06000034,Thurrock,0,176000,0
E06000034,Thurrock,27,176000,0.01534090909090909
E06000034,Thurrock,33,176000,0.01875
E06000034,Thurrock,56,176000,0.031818181818181815
E06000034,Thurrock,19,176000,0.010795454545454546
E06000034,Thurrock,7,176000,0.003977272727272727
E06000034,Thurrock,0,176000,0
E06000034,Thurrock,17,176000,0.009659090909090909
E06000034,Thurrock,10,176000,0.005681818181818182
E06000034,Thurrock,25,176000,0.014204545454545454
E06000034,Thurrock,9,176000,0.005113636363636364
E06000034,Thurrock,1,176000,5.681818181818182e-4
E06000034,Thurrock,0,176000,0
E06000034,Thurrock,2084,176000,1.184090909090909
E06000034,Thurrock,1968,176000,1.1181818181818182
E06000034,Thurrock,2323,176000,1.3198863636363636
E06000034,Thurrock,924,176000,0.525
E06000034,Thurrock,351,176000,0.19943181818181818
E06000035,Medway,0,279800,0
E06000035,Medway,0,279800,0
E06000035,Medway,0,279800,0
E06000035,Medway,0,279800,0
E06000035,Medway,0,279800,0
E06000035,Medway,0,279800,0
E06000035,Medway,0,279800,0
E06000035,Medway,90102,279800,32.20228734810579
E06000035,Medway,56153,279800,20.068977841315224
E06000035,Medway,44200,279800,15.796997855611151
E06000035,Medway,12891,279800,4.6072194424588995
E06000035,Medway,3426,279800,1.224446032880629
E06000035,Medway,0,279800,0
E06000035,Medway,142,279800,0.05075053609721229
E06000035,Medway,142,279800,0.05075053609721229
E06000035,Medway,128,279800,0.045746962115797
E06000035,Medway,50,279800,0.017869907076483203
E06000035,Medway,41,279800,0.014653323802716226
E06000035,Medway,0,279800,0
E06000035,Medway,72,279800,0.02573266619013581
E06000035,Medway,60,279800,0.021443888491779844
E06000035,Medway,67,279800,0.02394567548248749
E06000035,Medway,18,279800,0.006433166547533953
E06000035,Medway,7,279800,0.0025017869907076485
E06000035,Medway,0,279800,0
E06000035,Medway,62,279800,0.02215868477483917
E06000035,Medway,53,279800,0.018942101501072194
E06000035,Medway,67,279800,0.02394567548248749
E06000035,Medway,21,279800,0.007505360972122945
E06000035,Medway,6,279800,0.002144388849177984
E06000035,Medway,0,279800,0
E06000035,Medway,43,279800,0.015368120085775554
E06000035,Medway,31,279800,0.011079342387419585
E06000035,Medway,36,279800,0.012866333095067906
E06000035,Medway,21,279800,0.007505360972122945
E06000035,Medway,3,279800,0.001072194424588992
E06000035,Medway,0,279800,0
E06000035,Medway,4552,279800,1.6268763402430306
E06000035,Medway,2939,279800,1.0503931379556826
E06000035,Medway,2384,279800,0.852037169406719
E06000035,Medway,1014,279800,0.36240171551107936
E06000035,Medway,312,279800,0.11150822015725519
E06000036,Bracknell Forest,0,124600,0
E06000036,Bracknell Forest,0,124600,0
E06000036,Bracknell Forest,0,124600,0
E06000036,Bracknell Forest,0,124600,0
E06000036,Bracknell Forest,0,124600,0
E06000036,Bracknell Forest,0,124600,0
E06000036,Bracknell Forest,0,124600,0
E06000036,Bracknell Forest,43723,124600,35.09069020866774
E06000036,Bracknell Forest,23724,124600,19.040128410914928
E06000036,Bracknell Forest,19904,124600,15.974317817014446
E06000036,Bracknell Forest,4776,124600,3.8330658105939004
E06000036,Bracknell Forest,940,124600,0.7544141252006421
E06000036,Bracknell Forest,0,124600,0
E06000036,Bracknell Forest,49,124600,0.03932584269662921
E06000036,Bracknell Forest,32,124600,0.025682182985553772
E06000036,Bracknell Forest,39,124600,0.03130016051364366
E06000036,Bracknell Forest,11,124600,0.00882825040128411
E06000036,Bracknell Forest,4,124600,0.0032102728731942215
E06000036,Bracknell Forest,0,124600,0
E06000036,Bracknell Forest,28,124600,0.02247191011235955
E06000036,Bracknell Forest,22,124600,0.01765650080256822
E06000036,Bracknell Forest,20,124600,0.016051364365971106
E06000036,Bracknell Forest,6,124600,0.004815409309791332
E06000036,Bracknell Forest,4,124600,0.0032102728731942215
E06000036,Bracknell Forest,0,124600,0
E06000036,Bracknell Forest,23,124600,0.018459069020866775
E06000036,Bracknell Forest,19,124600,0.015248796147672551
E06000036,Bracknell Forest,21,124600,0.016853932584269662
E06000036,Bracknell Forest,4,124600,0.0032102728731942215
E06000036,Bracknell Forest,6,124600,0.004815409309791332
E06000036,Bracknell Forest,0,124600,0
E06000036,Bracknell Forest,18,124600,0.014446227929373997
E06000036,Bracknell Forest,26,124600,0.02086677367576244
E06000036,Bracknell Forest,25,124600,0.020064205457463884
E06000036,Bracknell Forest,6,124600,0.004815409309791332
E06000036,Bracknell Forest,0,124600,0
E06000036,Bracknell Forest,0,124600,0
E06000036,Bracknell Forest,1828,124600,1.4670947030497592
E06000036,Bracknell Forest,1179,124600,0.9462279293739968
E06000036,Bracknell Forest,1076,124600,0.8635634028892456
E06000036,Bracknell Forest,336,124600,0.2696629213483146
E06000036,Bracknell Forest,124,124600,0.09951845906902086
E06000037,West Berkshire,0,161400,0
E06000037,West Berkshire,0,161400,0
E06000037,West Berkshire,0,161400,0
E06000037,West Berkshire,0,161400,0
E06000037,West Berkshire,0,161400,0
E06000037,West Berkshire,0,161400,0
E06000037,West Berkshire,0,161400,0
E06000037,West Berkshire,64187,161400,39.76889714993804
E06000037,West Berkshire,29879,161400,18.512391573729865
E06000037,West Berkshire,22133,161400,13.713135068153656
E06000037,West Berkshire,5265,161400,3.2620817843866172
E06000037,West Berkshire,977,161400,0.6053283767038414
E06000037,West Berkshire,0,161400,0
E06000037,West Berkshire,34,161400,0.021065675340768277
E06000037,West Berkshire,44,161400,0.027261462205700124
E06000037,West Berkshire,38,161400,0.023543990086741014
E06000037,West Berkshire,11,161400,0.006815365551425031
E06000037,West Berkshire,4,161400,0.0024783147459727386
E06000037,West Berkshire,0,161400,0
E06000037,West Berkshire,29,161400,0.017967781908302356
E06000037,West Berkshire,19,161400,0.011771995043370507
E06000037,West Berkshire,30,161400,0.01858736059479554
E06000037,West Berkshire,11,161400,0.006815365551425031
E06000037,West Berkshire,2,161400,0.0012391573729863693
E06000037,West Berkshire,0,161400,0
E06000037,West Berkshire,20,161400,0.012391573729863693
E06000037,West Berkshire,24,161400,0.01486988847583643
E06000037,West Berkshire,39,161400,0.024163568773234202
E06000037,West Berkshire,7,161400,0.004337050805452293
E06000037,West Berkshire,5,161400,0.0030978934324659233
E06000037,West Berkshire,0,161400,0
E06000037,West Berkshire,34,161400,0.021065675340768277
E06000037,West Berkshire,34,161400,0.021065675340768277
E06000037,West Berkshire,30,161400,0.01858736059479554
E06000037,West Berkshire,11,161400,0.006815365551425031
E06000037,West Berkshire,1,161400,6.195786864931846e-4
E06000037,West Berkshire,0,161400,0
E06000037,West Berkshire,2737,161400,1.6957868649318464
E06000037,West Berkshire,1472,161400,0.9120198265179678
E06000037,West Berkshire,1247,161400,0.7726146220570013
E06000037,West Berkshire,322,161400,0.19950433705080545
E06000037,West Berkshire,80,161400,0.04956629491945477
E06000038,Reading,0,174200,0
E06000038,Reading,0,174200,0
E06000038,Reading,0,174200,0
E06000038,Reading,0,174200,0
E06000038,Reading,0,174200,0
E06000038,Reading,0,174200,0
E06000038,Reading,0,174200,0
E06000038,Reading,43692,174200,25.081515499425947
E06000038,Reading,30826,174200,17.695752009184844
E06000038,Reading,33972,174200,19.501722158438575
E06000038,Reading,13051,174200,7.491963260619977
E06000038,Reading,4442,174200,2.549942594718714
E06000038,Reading,0,174200,0
E06000038,Reading,86,174200,0.04936854190585534
E06000038,Reading,99,174200,0.05683122847301952
E06000038,Reading,160,174200,0.09184845005740529
E06000038,Reading,92,174200,0.05281285878300804
E06000038,Reading,46,174200,0.02640642939150402
E06000038,Reading,0,174200,0
E06000038,Reading,57,174200,0.032721010332950634
E06000038,Reading,45,174200,0.025832376578645237
E06000038,Reading,79,174200,0.04535017221584386
E06000038,Reading,36,174200,0.02066590126291619
E06000038,Reading,25,174200,0.014351320321469576
E06000038,Reading,0,174200,0
E06000038,Reading,43,174200,0.02468427095292767
E06000038,Reading,45,174200,0.025832376578645237
E06000038,Reading,71,174200,0.04075774971297359
E06000038,Reading,38,174200,0.021814006888633754
E06000038,Reading,24,174200,0.013777267508610792
E06000038,Reading,0,174200,0
E06000038,Reading,55,174200,0.03157290470723306
E06000038,Reading,48,174200,0.027554535017221583
E06000038,Reading,68,174200,0.03903559127439724
E06000038,Reading,18,174200,0.010332950631458095
E06000038,Reading,5,174200,0.0028702640642939152
E06000038,Reading,0,174200,0
E06000038,Reading,2760,174200,1.5843857634902412
E06000038,Reading,2125,174200,1.2198622273249138
E06000038,Reading,2680,174200,1.5384615384615385
E06000038,Reading,1197,174200,0.6871412169919633
E06000038,Reading,599,174200,0.343857634902411
E06000039,Slough,0,158500,0
E06000039,Slough,0,158500,0
E06000039,Slough,0,158500,0
E06000039,Slough,0,158500,0
E06000039,Slough,0,158500,0
E06000039,Slough,0,158500,0
E06000039,Slough,0,158500,0
E06000039,Slough,22918,158500,14.459305993690851
E06000039,Slough,23304,158500,14.702839116719243
E06000039,Slough,33014,158500,20.829022082018927
E06000039,Slough,18039,158500,11.381072555205048
E06000039,Slough,9803,158500,6.184858044164038
E06000039,Slough,0,158500,0
E06000039,Slough,75,158500,0.0473186119873817
E06000039,Slough,115,158500,0.07255520504731862
E06000039,Slough,211,158500,0.1331230283911672
E06000039,Slough,135,158500,0.08517350157728706
E06000039,Slough,87,158500,0.05488958990536277
E06000039,Slough,0,158500,0
E06000039,Slough,39,158500,0.024605678233438486
E06000039,Slough,42,158500,0.026498422712933754
E06000039,Slough,51,158500,0.032176656151419555
E06000039,Slough,39,158500,0.024605678233438486
E06000039,Slough,14,158500,0.008832807570977918
E06000039,Slough,0,158500,0
E06000039,Slough,35,158500,0.022082018927444796
E06000039,Slough,30,158500,0.01892744479495268
E06000039,Slough,74,158500,0.04668769716088328
E06000039,Slough,46,158500,0.029022082018927444
E06000039,Slough,20,158500,0.012618296529968454
E06000039,Slough,0,158500,0
E06000039,Slough,7,158500,0.004416403785488959
E06000039,Slough,14,158500,0.008832807570977918
E06000039,Slough,17,158500,0.010725552050473186
E06000039,Slough,12,158500,0.007570977917981073
E06000039,Slough,6,158500,0.0037854889589905363
E06000039,Slough,0,158500,0
E06000039,Slough,1862,158500,1.174763406940063
E06000039,Slough,2045,158500,1.2902208201892744
E06000039,Slough,2997,158500,1.890851735015773
E06000039,Slough,2022,158500,1.2757097791798107
E06000039,Slough,1290,158500,0.8138801261829653
E06000040,Windsor and Maidenhead,0,153500,0
E06000040,Windsor and Maidenhead,0,153500,0
E06000040,Windsor and Maidenhead,0,153500,0
E06000040,Windsor and Maidenhead,0,153500,0
E06000040,Windsor and Maidenhead,0,153500,0
E06000040,Windsor and Maidenhead,0,153500,0
E06000040,Windsor and Maidenhead,0,153500,0
E06000040,Windsor and Maidenhead,57886,153500,37.71074918566775
E06000040,Windsor and Maidenhead,27403,153500,17.85211726384365
E06000040,Windsor and Maidenhead,20775,153500,13.534201954397394
E06000040,Windsor and Maidenhead,5757,153500,3.750488599348534
E06000040,Windsor and Maidenhead,2033,153500,1.3244299674267102
E06000040,Windsor and Maidenhead,0,153500,0
E06000040,Windsor and Maidenhead,52,153500,0.033876221498371335
E06000040,Windsor and Maidenhead,31,153500,0.020195439739413682
E06000040,Windsor and Maidenhead,44,153500,0.028664495114006514
E06000040,Windsor and Maidenhead,17,153500,0.011074918566775244
E06000040,Windsor and Maidenhead,3,153500,0.001954397394136808
E06000040,Windsor and Maidenhead,0,153500,0
E06000040,Windsor and Maidenhead,24,153500,0.015635179153094463
E06000040,Windsor and Maidenhead,23,153500,0.01498371335504886
E06000040,Windsor and Maidenhead,22,153500,0.014332247557003257
E06000040,Windsor and Maidenhead,19,153500,0.012377850162866449
E06000040,Windsor and Maidenhead,4,153500,0.0026058631921824105
E06000040,Windsor and Maidenhead,0,153500,0
E06000040,Windsor and Maidenhead,29,153500,0.018892508143322474
E06000040,Windsor and Maidenhead,26,153500,0.016938110749185668
E06000040,Windsor and Maidenhead,24,153500,0.015635179153094463
E06000040,Windsor and Maidenhead,8,153500,0.005211726384364821
E06000040,Windsor and Maidenhead,0,153500,0
E06000040,Windsor and Maidenhead,0,153500,0
E06000040,Windsor and Maidenhead,22,153500,0.014332247557003257
E06000040,Windsor and Maidenhead,13,153500,0.008469055374592834
E06000040,Windsor and Maidenhead,16,153500,0.010423452768729642
E06000040,Windsor and Maidenhead,3,153500,0.001954397394136808
E06000040,Windsor and Maidenhead,1,153500,6.514657980456026e-4
E06000040,Windsor and Maidenhead,0,153500,0
E06000040,Windsor and Maidenhead,2886,153500,1.8801302931596091
E06000040,Windsor and Maidenhead,1564,153500,1.0188925081433224
E06000040,Windsor and Maidenhead,1315,153500,0.8566775244299675
E06000040,Windsor and Maidenhead,494,153500,0.3218241042345277
E06000040,Windsor and Maidenhead,276,153500,0.17980456026058633
E06000041,Wokingham,0,177500,0
E06000041,Wokingham,0,177500,0
E06000041,Wokingham,0,177500,0
E06000041,Wokingham,0,177500,0
E06000041,Wokingham,0,177500,0
E06000041,Wokingham,0,177500,0
E06000041,Wokingham,0,177500,0
E06000041,Wokingham,75009,177500,42.25859154929577
E06000041,Wokingham,30460,177500,17.16056338028169
E06000041,Wokingham,19987,177500,11.260281690140845
E06000041,Wokingham,4796,177500,2.7019718309859155
E06000041,Wokingham,922,177500,0.5194366197183099
E06000041,Wokingham,0,177500,0
E06000041,Wokingham,52,177500,0.029295774647887324
E06000041,Wokingham,35,177500,0.01971830985915493
E06000041,Wokingham,48,177500,0.027042253521126762
E06000041,Wokingham,19,177500,0.010704225352112675
E06000041,Wokingham,8,177500,0.004507042253521127
E06000041,Wokingham,0,177500,0
E06000041,Wokingham,46,177500,0.025915492957746478
E06000041,Wokingham,27,177500,0.015211267605633802
E06000041,Wokingham,17,177500,0.009577464788732394
E06000041,Wokingham,4,177500,0.0022535211267605635
E06000041,Wokingham,3,177500,0.0016901408450704226
E06000041,Wokingham,0,177500,0
E06000041,Wokingham,45,177500,0.02535211267605634
E06000041,Wokingham,33,177500,0.018591549295774647
E06000041,Wokingham,24,177500,0.013521126760563381
E06000041,Wokingham,8,177500,0.004507042253521127
E06000041,Wokingham,4,177500,0.0022535211267605635
E06000041,Wokingham,0,177500,0
E06000041,Wokingham,44,177500,0.024788732394366197
E06000041,Wokingham,30,177500,0.016901408450704224
E06000041,Wokingham,25,177500,0.014084507042253521
E06000041,Wokingham,4,177500,0.0022535211267605635
E06000041,Wokingham,0,177500,0
E06000041,Wokingham,0,177500,0
E06000041,Wokingham,3311,177500,1.8653521126760564
E06000041,Wokingham,1563,177500,0.8805633802816901
E06000041,Wokingham,1228,177500,0.691830985915493
E06000041,Wokingham,356,177500,0.20056338028169013
E06000041,Wokingham,114,177500,0.06422535211267606
E06000042,Milton Keynes,0,287000,0
E06000042,Milton Keynes,0,287000,0
E06000042,Milton Keynes,0,287000,0
E06000042,Milton Keynes,0,287000,0
E06000042,Milton Keynes,0,287000,0
E06000042,Milton Keynes,0,287000,0
E06000042,Milton Keynes,0,287000,0
E06000042,Milton Keynes,90153,287000,31.41219512195122
E06000042,Milton Keynes,51691,287000,18.010801393728222
E06000042,Milton Keynes,45976,287000,16.01951219512195
E06000042,Milton Keynes,15428,287000,5.375609756097561
E06000042,Milton Keynes,4982,287000,1.7358885017421604
E06000042,Milton Keynes,0,287000,0
E06000042,Milton Keynes,140,287000,0.04878048780487805
E06000042,Milton Keynes,150,287000,0.05226480836236934
E06000042,Milton Keynes,235,287000,0.08188153310104529
E06000042,Milton Keynes,106,287000,0.036933797909407665
E06000042,Milton Keynes,30,287000,0.010452961672473868
E06000042,Milton Keynes,0,287000,0
E06000042,Milton Keynes,73,287000,0.025435540069686412
E06000042,Milton Keynes,58,287000,0.020209059233449476
E06000042,Milton Keynes,93,287000,0.03240418118466899
E06000042,Milton Keynes,50,287000,0.017421602787456445
E06000042,Milton Keynes,12,287000,0.004181184668989547
E06000042,Milton Keynes,0,287000,0
E06000042,Milton Keynes,66,287000,0.022996515679442508
E06000042,Milton Keynes,65,287000,0.02264808362369338
E06000042,Milton Keynes,89,287000,0.031010452961672475
E06000042,Milton Keynes,41,287000,0.014285714285714285
E06000042,Milton Keynes,15,287000,0.005226480836236934
E06000042,Milton Keynes,0,287000,0
E06000042,Milton Keynes,62,287000,0.021602787456445994
E06000042,Milton Keynes,43,287000,0.014982578397212544
E06000042,Milton Keynes,40,287000,0.013937282229965157
E06000042,Milton Keynes,17,287000,0.005923344947735192
E06000042,Milton Keynes,3,287000,0.0010452961672473868
E06000042,Milton Keynes,0,287000,0
E06000042,Milton Keynes,4626,287000,1.6118466898954704
E06000042,Milton Keynes,3090,287000,1.0766550522648084
E06000042,Milton Keynes,3463,287000,1.2066202090592335
E06000042,Milton Keynes,1359,287000,0.4735191637630662
E06000042,Milton Keynes,628,287000,0.21881533101045297
E06000043,Brighton and Hove,0,277200,0
E06000043,Brighton and Hove,0,277200,0
E06000043,Brighton and Hove,0,277200,0
E06000043,Brighton and Hove,0,277200,0
E06000043,Brighton and Hove,0,277200,0
E06000043,Brighton and Hove,0,277200,0
E06000043,Brighton and Hove,0,277200,0
E06000043,Brighton and Hove,66452,277200,23.972582972582973
E06000043,Brighton and Hove,51507,277200,18.58116883116883
E06000043,Brighton and Hove,63940,277200,23.066378066378068
E06000043,Brighton and Hove,25920,277200,9.35064935064935
E06000043,Brighton and Hove,3726,277200,1.344155844155844
E06000043,Brighton and Hove,0,277200,0
E06000043,Brighton and Hove,78,277200,0.02813852813852814
E06000043,Brighton and Hove,80,277200,0.02886002886002886
E06000043,Brighton and Hove,202,277200,0.072871572871572865
E06000043,Brighton and Hove,88,277200,0.031746031746031744
E06000043,Brighton and Hove,17,277200,0.006132756132756133
E06000043,Brighton and Hove,0,277200,0
E06000043,Brighton and Hove,53,277200,0.01911976911976912
E06000043,Brighton and Hove,61,277200,0.022005772005772004
E06000043,Brighton and Hove,120,277200,0.04329004329004329
E06000043,Brighton and Hove,76,277200,0.027417027417027416
E06000043,Brighton and Hove,4,277200,0.001443001443001443
E06000043,Brighton and Hove,0,277200,0
E06000043,Brighton and Hove,49,277200,0.017676767676767676
E06000043,Brighton and Hove,62,277200,0.022366522366522368
E06000043,Brighton and Hove,128,277200,0.046176046176046176
E06000043,Brighton and Hove,75,277200,0.027056277056277056
E06000043,Brighton and Hove,14,277200,0.005050505050505051
E06000043,Brighton and Hove,0,277200,0
E06000043,Brighton and Hove,159,277200,0.05735930735930736
E06000043,Brighton and Hove,231,277200,0.08333333333333333
E06000043,Brighton and Hove,432,277200,0.15584415584415584
E06000043,Brighton and Hove,259,277200,0.09343434343434344
E06000043,Brighton and Hove,19,277200,0.006854256854256854
E06000043,Brighton and Hove,0,277200,0
E06000043,Brighton and Hove,3600,277200,1.2987012987012987
E06000043,Brighton and Hove,3103,277200,1.1194083694083694
E06000043,Brighton and Hove,4299,277200,1.550865800865801
E06000043,Brighton and Hove,1941,277200,0.7002164502164502
E06000043,Brighton and Hove,482,277200,0.1738816738816739
E06000044,Portsmouth,0,208100,0
E06000044,Portsmouth,0,208100,0
E06000044,Portsmouth,0,208100,0
E06000044,Portsmouth,0,208100,0
E06000044,Portsmouth,0,208100,0
E06000044,Portsmouth,0,208100,0
E06000044,Portsmouth,0,208100,0
E06000044,Portsmouth,62562,208100,30.0634310427679
E06000044,Portsmouth,40206,208100,19.32051898125901
E06000044,Portsmouth,36521,208100,17.549735703988468
E06000044,Portsmouth,12114,208100,5.821239788563191
E06000044,Portsmouth,2395,208100,1.1508889956751562
E06000044,Portsmouth,0,208100,0
E06000044,Portsmouth,92,208100,0.044209514656415184
E06000044,Portsmouth,93,208100,0.04469005285920231
E06000044,Portsmouth,126,208100,0.06054781355117732
E06000044,Portsmouth,66,208100,0.03171552138395002
E06000044,Portsmouth,22,208100,0.010571840461316675
E06000044,Portsmouth,0,208100,0
E06000044,Portsmouth,50,208100,0.024026910139356077
E06000044,Portsmouth,47,208100,0.022585295530994715
E06000044,Portsmouth,60,208100,0.028832292167227293
E06000044,Portsmouth,17,208100,0.008169149447381067
E06000044,Portsmouth,16,208100,0.0076886112445939455
E06000044,Portsmouth,0,208100,0
E06000044,Portsmouth,54,208100,0.025949062950504566
E06000044,Portsmouth,59,208100,0.028351753964440174
E06000044,Portsmouth,78,208100,0.03748197981739548
E06000044,Portsmouth,31,208100,0.014896684286400768
E06000044,Portsmouth,17,208100,0.008169149447381067
E06000044,Portsmouth,0,208100,0
E06000044,Portsmouth,48,208100,0.023065833733781835
E06000044,Portsmouth,58,208100,0.02787121576165305
E06000044,Portsmouth,97,208100,0.04661220567035079
E06000044,Portsmouth,31,208100,0.014896684286400768
E06000044,Portsmouth,5,208100,0.002402691013935608
E06000044,Portsmouth,0,208100,0
E06000044,Portsmouth,3183,208100,1.529553099471408
E06000044,Portsmouth,2257,208100,1.0845747236905334
E06000044,Portsmouth,2449,208100,1.1768380586256608
E06000044,Portsmouth,1036,208100,0.49783757808745793
E06000044,Portsmouth,395,208100,0.18981259010091303
E06000045,Southampton,0,249000,0
E06000045,Southampton,0,249000,0
E06000045,Southampton,0,249000,0
E06000045,Southampton,0,249000,0
E06000045,Southampton,0,249000,0
E06000045,Southampton,0,249000,0
E06000045,Southampton,0,249000,0
E06000045,Southampton,58527,249000,23.504819277108435
E06000045,Southampton,47092,249000,18.912449799196786
E06000045,Southampton,52586,249000,21.11887550200803
E06000045,Southampton,18313,249000,7.354618473895583
E06000045,Southampton,3879,249000,1.5578313253012048
E06000045,Southampton,0,249000,0
E06000045,Southampton,118,249000,0.04738955823293173
E06000045,Southampton,127,249000,0.05100401606425703
E06000045,Southampton,220,249000,0.08835341365461848
E06000045,Southampton,112,249000,0.04497991967871486
E06000045,Southampton,36,249000,0.014457831325301205
E06000045,Southampton,0,249000,0
E06000045,Southampton,61,249000,0.024497991967871485
E06000045,Southampton,65,249000,0.02610441767068273
E06000045,Southampton,100,249000,0.040160642570281124
E06000045,Southampton,44,249000,0.017670682730923693
E06000045,Southampton,13,249000,0.005220883534136547
E06000045,Southampton,0,249000,0
E06000045,Southampton,53,249000,0.021285140562248995
E06000045,Southampton,59,249000,0.023694779116465864
E06000045,Southampton,103,249000,0.04136546184738956
E06000045,Southampton,44,249000,0.017670682730923693
E06000045,Southampton,9,249000,0.0036144578313253013
E06000045,Southampton,0,249000,0
E06000045,Southampton,62,249000,0.024899598393574297
E06000045,Southampton,90,249000,0.03614457831325301
E06000045,Southampton,111,249000,0.04457831325301205
E06000045,Southampton,45,249000,0.018072289156626505
E06000045,Southampton,11,249000,0.004417670682730923
E06000045,Southampton,0,249000,0
E06000045,Southampton,3434,249000,1.3791164658634538
E06000045,Southampton,2930,249000,1.176706827309237
E06000045,Southampton,3840,249000,1.5421686746987953
E06000045,Southampton,1591,249000,0.6389558232931727
E06000045,Southampton,556,249000,0.22329317269076304
E06000046,Isle of Wight,0,140400,0
E06000046,Isle of Wight,0,140400,0
E06000046,Isle of Wight,0,140400,0
E06000046,Isle of Wight,0,140400,0
E06000046,Isle of Wight,0,140400,0
E06000046,Isle of Wight,0,140400,0
E06000046,Isle of Wight,0,140400,0
E06000046,Isle of Wight,52672,140400,37.515669515669515
E06000046,Isle of Wight,31200,140400,22.22222222222222
E06000046,Isle of Wight,20117,140400,14.328347578347579
E06000046,Isle of Wight,4985,140400,3.5505698005698005
E06000046,Isle of Wight,803,140400,0.5719373219373219
E06000046,Isle of Wight,0,140400,0
E06000046,Isle of Wight,32,140400,0.022792022792022793
E06000046,Isle of Wight,50,140400,0.03561253561253561
E06000046,Isle of Wight,33,140400,0.023504273504273504
E06000046,Isle of Wight,7,140400,0.004985754985754986
E06000046,Isle of Wight,0,140400,0
E06000046,Isle of Wight,0,140400,0
E06000046,Isle of Wight,27,140400,0.019230769230769232
E06000046,Isle of Wight,18,140400,0.01282051282051282
E06000046,Isle of Wight,20,140400,0.014245014245014245
E06000046,Isle of Wight,5,140400,0.0035612535612535613
E06000046,Isle of Wight,2,140400,0.0014245014245014246
E06000046,Isle of Wight,0,140400,0
E06000046,Isle of Wight,23,140400,0.01638176638176638
E06000046,Isle of Wight,30,140400,0.021367521367521368
E06000046,Isle of Wight,19,140400,0.013532763532763533
E06000046,Isle of Wight,14,140400,0.009971509971509971
E06000046,Isle of Wight,0,140400,0
E06000046,Isle of Wight,0,140400,0
E06000046,Isle of Wight,33,140400,0.023504273504273504
E06000046,Isle of Wight,31,140400,0.02207977207977208
E06000046,Isle of Wight,32,140400,0.022792022792022793
E06000046,Isle of Wight,8,140400,0.005698005698005698
E06000046,Isle of Wight,0,140400,0
E06000046,Isle of Wight,0,140400,0
E06000046,Isle of Wight,3006,140400,2.141025641025641
E06000046,Isle of Wight,1905,140400,1.356837606837607
E06000046,Isle of Wight,1223,140400,0.8710826210826211
E06000046,Isle of Wight,326,140400,0.23219373219373218
E06000046,Isle of Wight,78,140400,0.05555555555555555
E06000047,County Durham,0,522100,0
E06000047,County Durham,0,522100,0
E06000047,County Durham,0,522100,0
E06000047,County Durham,0,522100,0
E06000047,County Durham,0,522100,0
E06000047,County Durham,0,522100,0
E06000047,County Durham,0,522100,0
E06000047,County Durham,188503,522100,36.10476920130243
E06000047,County Durham,125875,522100,24.109366021834898
E06000047,County Durham,69771,522100,13.363531890442443
E06000047,County Durham,15202,522100,2.9117027389389007
E06000047,County Durham,2580,522100,0.4941582072399923
E06000047,County Durham,0,522100,0
E06000047,County Durham,186,522100,0.0356253591266041
E06000047,County Durham,220,522100,0.04213752154759624
E06000047,County Durham,150,522100,0.028730128327906532
E06000047,County Durham,31,522100,0.005937559854434017
E06000047,County Durham,2,522100,3.830683777054204e-4
E06000047,County Durham,0,522100,0
E06000047,County Durham,110,522100,0.02106876077379812
E06000047,County Durham,96,522100,0.01838728212986018
E06000047,County Durham,76,522100,0.014556598352805976
E06000047,County Durham,11,522100,0.0021068760773798123
E06000047,County Durham,5,522100,9.57670944263551e-4
E06000047,County Durham,0,522100,0
E06000047,County Durham,93,522100,0.01781267956330205
E06000047,County Durham,145,522100,0.02777245738364298
E06000047,County Durham,74,522100,0.014173529975100555
E06000047,County Durham,18,522100,0.003447615399348784
E06000047,County Durham,0,522100,0
E06000047,County Durham,0,522100,0
E06000047,County Durham,91,522100,0.01742961118559663
E06000047,County Durham,84,522100,0.016088871863627657
E06000047,County Durham,86,522100,0.01647194024133308
E06000047,County Durham,17,522100,0.0032560812104960733
E06000047,County Durham,1,522100,1.915341888527102e-4
E06000047,County Durham,0,522100,0
E06000047,County Durham,7569,522100,1.4497222754261636
E06000047,County Durham,5606,522100,1.0737406627082935
E06000047,County Durham,3221,522100,0.6169316222945795
E06000047,County Durham,753,522100,0.14422524420609079
E06000047,County Durham,198,522100,0.03792376939283662
E06000049,Cheshire East,0,398800,0
E06000049,Cheshire East,0,398800,0
E06000049,Cheshire East,0,398800,0
E06000049,Cheshire East,0,398800,0
E06000049,Cheshire East,0,398800,0
E06000049,Cheshire East,0,398800,0
E06000049,Cheshire East,0,398800,0
E06000049,Cheshire East,176193,398800,44.1807923771314
E06000049,Cheshire East,78142,398800,19.594282848545635
E06000049,Cheshire East,44194,398800,11.081745235707121
E06000049,Cheshire East,8972,398800,2.2497492477432295
E06000049,Cheshire East,1985,398800,0.4977432296890672
E06000049,Cheshire East,0,398800,0
E06000049,Cheshire East,162,398800,0.040621865596790374
E06000049,Cheshire East,124,398800,0.031093279839518557
E06000049,Cheshire East,156,398800,0.03911735205616851
E06000049,Cheshire East,132,398800,0.033099297893681046
E06000049,Cheshire East,85,398800,0.02131394182547643
E06000049,Cheshire East,0,398800,0
E06000049,Cheshire East,87,398800,0.021815446339017053
E06000049,Cheshire East,70,398800,0.017552657973921765
E06000049,Cheshire East,68,398800,0.017051153460381142
E06000049,Cheshire East,30,398800,0.007522567703109328
E06000049,Cheshire East,4,398800,0.0010030090270812437
E06000049,Cheshire East,0,398800,0
E06000049,Cheshire East,67,398800,0.016800401203610833
E06000049,Cheshire East,58,398800,0.014543630892678034
E06000049,Cheshire East,47,398800,0.011785356068204614
E06000049,Cheshire East,24,398800,0.006018054162487462
E06000049,Cheshire East,7,398800,0.0017552657973921766
E06000049,Cheshire East,0,398800,0
E06000049,Cheshire East,85,398800,0.02131394182547643
E06000049,Cheshire East,73,398800,0.0183049147442327
E06000049,Cheshire East,48,398800,0.012036108324974924
E06000049,Cheshire East,12,398800,0.003009027081243731
E06000049,Cheshire East,3,398800,7.522567703109327e-4
E06000049,Cheshire East,0,398800,0
E06000049,Cheshire East,7131,398800,1.7881143430290873
E06000049,Cheshire East,3848,398800,0.9648946840521565
E06000049,Cheshire East,2557,398800,0.6411735205616851
E06000049,Cheshire East,613,398800,0.1537111334002006
E06000049,Cheshire East,145,398800,0.03635907723169508
E06000050,Cheshire West and Chester,0,357200,0
E06000050,Cheshire West and Chester,0,357200,0
E06000050,Cheshire West and Chester,0,357200,0
E06000050,Cheshire West and Chester,0,357200,0
E06000050,Cheshire West and Chester,0,357200,0
E06000050,Cheshire West and Chester,0,357200,0
E06000050,Cheshire West and Chester,0,357200,0
E06000050,Cheshire West and Chester,151633,357200,42.450447928331464
E06000050,Cheshire West and Chester,70769,357200,19.81215005599104
E06000050,Cheshire West and Chester,43128,357200,12.073908174692049
E06000050,Cheshire West and Chester,9394,357200,2.6298992161254198
E06000050,Cheshire West and Chester,1901,357200,0.5321948488241881
E06000050,Cheshire West and Chester,0,357200,0
E06000050,Cheshire West and Chester,126,357200,0.03527435610302351
E06000050,Cheshire West and Chester,95,357200,0.026595744680851064
E06000050,Cheshire West and Chester,94,357200,0.02631578947368421
E06000050,Cheshire West and Chester,31,357200,0.008678611422172453
E06000050,Cheshire West and Chester,33,357200,0.009238521836506159
E06000050,Cheshire West and Chester,0,357200,0
E06000050,Cheshire West and Chester,67,357200,0.018756998880179173
E06000050,Cheshire West and Chester,55,357200,0.015397536394176932
E06000050,Cheshire West and Chester,55,357200,0.015397536394176932
E06000050,Cheshire West and Chester,8,357200,0.0022396416573348264
E06000050,Cheshire West and Chester,2,357200,5.599104143337066e-4
E06000050,Cheshire West and Chester,0,357200,0
E06000050,Cheshire West and Chester,70,357200,0.01959686450167973
E06000050,Cheshire West and Chester,59,357200,0.016517357222844344
E06000050,Cheshire West and Chester,51,357200,0.01427771556550952
E06000050,Cheshire West and Chester,14,357200,0.003919372900335946
E06000050,Cheshire West and Chester,1,357200,2.799552071668533e-4
E06000050,Cheshire West and Chester,0,357200,0
E06000050,Cheshire West and Chester,72,357200,0.020156774916013438
E06000050,Cheshire West and Chester,65,357200,0.018197088465845463
E06000050,Cheshire West and Chester,55,357200,0.015397536394176932
E06000050,Cheshire West and Chester,20,357200,0.005599104143337066
E06000050,Cheshire West and Chester,2,357200,5.599104143337066e-4
E06000050,Cheshire West and Chester,0,357200,0
E06000050,Cheshire West and Chester,6214,357200,1.7396416573348263
E06000050,Cheshire West and Chester,3300,357200,0.9238521836506159
E06000050,Cheshire West and Chester,2361,357200,0.6609742441209406
E06000050,Cheshire West and Chester,522,357200,0.14613661814109744
E06000050,Cheshire West and Chester,159,357200,0.044512877939529676
E06000051,Shropshire,0,323600,0
E06000051,Shropshire,0,323600,0
E06000051,Shropshire,0,323600,0
E06000051,Shropshire,0,323600,0
E06000051,Shropshire,0,323600,0
E06000051,Shropshire,0,323600,0
E06000051,Shropshire,0,323600,0
E06000051,Shropshire,138629,323600,42.83961681087763
E06000051,Shropshire,62496,323600,19.312731767614338
E06000051,Shropshire,37197,323600,11.494746600741657
E06000051,Shropshire,8281,323600,2.5590234857849197
E06000051,Shropshire,3499,323600,1.0812731767614339
E06000051,Shropshire,0,323600,0
E06000051,Shropshire,111,323600,0.03430160692212608
E06000051,Shropshire,91,323600,0.02812113720642769
E06000051,Shropshire,69,323600,0.021322620519159455
E06000051,Shropshire,22,323600,0.006798516687268232
E06000051,Shropshire,5,323600,0.0015451174289245982
E06000051,Shropshire,0,323600,0
E06000051,Shropshire,57,323600,0.01761433868974042
E06000051,Shropshire,40,323600,0.012360939431396786
E06000051,Shropshire,35,323600,0.010815822002472188
E06000051,Shropshire,7,323600,0.0021631644004944375
E06000051,Shropshire,1,323600,3.0902348578491963e-4
E06000051,Shropshire,0,323600,0
E06000051,Shropshire,59,323600,0.01823238566131026
E06000051,Shropshire,48,323600,0.014833127317676144
E06000051,Shropshire,31,323600,0.009579728059332509
E06000051,Shropshire,15,323600,0.0046353522867737945
E06000051,Shropshire,2,323600,6.180469715698393e-4
E06000051,Shropshire,0,323600,0
E06000051,Shropshire,62,323600,0.019159456118665017
E06000051,Shropshire,49,323600,0.015142150803461063
E06000051,Shropshire,40,323600,0.012360939431396786
E06000051,Shropshire,6,323600,0.001854140914709518
E06000051,Shropshire,3,323600,9.27070457354759e-4
E06000051,Shropshire,0,323600,0
E06000051,Shropshire,7318,323600,2.261433868974042
E06000051,Shropshire,3739,323600,1.1554388133498146
E06000051,Shropshire,2508,323600,0.7750309023485785
E06000051,Shropshire,565,323600,0.17459826946847962
E06000051,Shropshire,497,323600,0.15358467243510507
E06000052,Cornwall,0,570300,0
E06000052,Cornwall,0,570300,0
E06000052,Cornwall,0,570300,0
E06000052,Cornwall,0,570300,0
E06000052,Cornwall,0,570300,0
E06000052,Cornwall,0,570300,0
E06000052,Cornwall,0,570300,0
E06000052,Cornwall,212450,570300,37.252323338593726
E06000052,Cornwall,118359,570300,20.753813782219883
E06000052,Cornwall,84150,570300,14.755391899000527
E06000052,Cornwall,22650,570300,3.971593897948448
E06000052,Cornwall,4240,570300,0.7434683499912327
E06000052,Cornwall,0,570300,0
E06000052,Cornwall,166,570300,0.0291074872873926
E06000052,Cornwall,126,570300,0.022093634928984744
E06000052,Cornwall,133,570300,0.02332105909170612
E06000052,Cornwall,46,570300,0.008065930212169033
E06000052,Cornwall,9,570300,0.0015781167806417674
E06000052,Cornwall,0,570300,0
E06000052,Cornwall,100,570300,0.01753463089601964
E06000052,Cornwall,78,570300,0.013677012098895318
E06000052,Cornwall,75,570300,0.013150973172014729
E06000052,Cornwall,34,570300,0.005961774504646677
E06000052,Cornwall,7,570300,0.0012274241627213747
E06000052,Cornwall,0,570300,0
E06000052,Cornwall,97,570300,0.01700859196913905
E06000052,Cornwall,68,570300,0.011923549009293355
E06000052,Cornwall,81,570300,0.014203051025775907
E06000052,Cornwall,26,570300,0.004559004032965106
E06000052,Cornwall,10,570300,0.001753463089601964
E06000052,Cornwall,0,570300,0
E06000052,Cornwall,125,570300,0.02191828862002455
E06000052,Cornwall,127,570300,0.02226898123794494
E06000052,Cornwall,168,570300,0.029458179905312992
E06000052,Cornwall,70,570300,0.012274241627213748
E06000052,Cornwall,24,570300,0.004208311415044713
E06000052,Cornwall,0,570300,0
E06000052,Cornwall,11659,570300,2.0443626161669295
E06000052,Cornwall,7258,570300,1.2726635104331054
E06000052,Cornwall,5354,570300,0.9388041381728914
E06000052,Cornwall,1566,570300,0.27459231983166754
E06000052,Cornwall,374,570300,0.06557951955111345
E06000053,Isles of Scilly,0,2100,0
E06000053,Isles of Scilly,0,2100,0
E06000053,Isles of Scilly,0,2100,0
E06000053,Isles of Scilly,0,2100,0
E06000053,Isles of Scilly,0,2100,0
E06000053,Isles of Scilly,0,2100,0
E06000053,Isles of Scilly,0,2100,0
E06000053,Isles of Scilly,800,2100,38.095238095238095
E06000053,Isles of Scilly,405,2100,19.285714285714285
E06000053,Isles of Scilly,317,2100,15.095238095238095
E06000053,Isles of Scilly,84,2100,4
E06000053,Isles of Scilly,12,2100,0.5714285714285714
E06000053,Isles of Scilly,0,2100,0
E06000053,Isles of Scilly,1,2100,0.047619047619047616
E06000053,Isles of Scilly,1,2100,0.047619047619047616
E06000053,Isles of Scilly,0,2100,0
E06000053,Isles of Scilly,0,2100,0
E06000053,Isles of Scilly,0,2100,0
E06000053,Isles of Scilly,0,2100,0
E06000053,Isles of Scilly,0,2100,0
E06000053,Isles of Scilly,1,2100,0.047619047619047616
E06000053,Isles of Scilly,0,2100,0
E06000053,Isles of Scilly,0,2100,0
E06000053,Isles of Scilly,0,2100,0
E06000053,Isles of Scilly,0,2100,0
E06000053,Isles of Scilly,0,2100,0
E06000053,Isles of Scilly,0,2100,0
E06000053,Isles of Scilly,0,2100,0
E06000053,Isles of Scilly,0,2100,0
E06000053,Isles of Scilly,0,2100,0
E06000053,Isles of Scilly,0,2100,0
E06000053,Isles of Scilly,2,2100,0.09523809523809523
E06000053,Isles of Scilly,1,2100,0.047619047619047616
E06000053,Isles of Scilly,1,2100,0.047619047619047616
E06000053,Isles of Scilly,1,2100,0.047619047619047616
E06000053,Isles of Scilly,0,2100,0
E06000053,Isles of Scilly,0,2100,0
E06000053,Isles of Scilly,31,2100,1.4761904761904763
E06000053,Isles of Scilly,18,2100,0.8571428571428571
E06000053,Isles of Scilly,23,2100,1.0952380952380953
E06000053,Isles of Scilly,7,2100,0.3333333333333333
E06000053,Isles of Scilly,0,2100,0
E06000054,Wiltshire,0,510400,0
E06000054,Wiltshire,0,510400,0
E06000054,Wiltshire,0,510400,0
E06000054,Wiltshire,0,510400,0
E06000054,Wiltshire,0,510400,0
E06000054,Wiltshire,0,510400,0
E06000054,Wiltshire,0,510400,0
E06000054,Wiltshire,212192,510400,41.573667711598745
E06000054,Wiltshire,96856,510400,18.976489028213166
E06000054,Wiltshire,62692,510400,12.282915360501567
E06000054,Wiltshire,13460,510400,2.6371473354231973
E06000054,Wiltshire,2517,510400,0.4931426332288401
E06000054,Wiltshire,0,510400,0
E06000054,Wiltshire,146,510400,0.02860501567398119
E06000054,Wiltshire,139,510400,0.027233542319749216
E06000054,Wiltshire,129,510400,0.025274294670846395
E06000054,Wiltshire,52,510400,0.01018808777429467
E06000054,Wiltshire,11,510400,0.0021551724137931034
E06000054,Wiltshire,0,510400,0
E06000054,Wiltshire,109,510400,0.021355799373040753
E06000054,Wiltshire,86,510400,0.016849529780564265
E06000054,Wiltshire,77,510400,0.015086206896551725
E06000054,Wiltshire,14,510400,0.00274294670846395
E06000054,Wiltshire,4,510400,7.836990595611285e-4
E06000054,Wiltshire,0,510400,0
E06000054,Wiltshire,101,510400,0.019788401253918494
E06000054,Wiltshire,77,510400,0.015086206896551725
E06000054,Wiltshire,94,510400,0.01841692789968652
E06000054,Wiltshire,28,510400,0.0054858934169279
E06000054,Wiltshire,3,510400,5.877742946708464e-4
E06000054,Wiltshire,0,510400,0
E06000054,Wiltshire,109,510400,0.021355799373040753
E06000054,Wiltshire,86,510400,0.016849529780564265
E06000054,Wiltshire,109,510400,0.021355799373040753
E06000054,Wiltshire,26,510400,0.005094043887147335
E06000054,Wiltshire,1,510400,1.9592476489028212e-4
E06000054,Wiltshire,0,510400,0
E06000054,Wiltshire,9528,510400,1.8667711598746082
E06000054,Wiltshire,4927,510400,0.9653213166144201
E06000054,Wiltshire,3505,510400,0.6867163009404389
E06000054,Wiltshire,794,510400,0.155564263322884
E06000054,Wiltshire,217,510400,0.04251567398119122
E06000055,Bedford,0,185300,0
E06000055,Bedford,0,185300,0
E06000055,Bedford,0,185300,0
E06000055,Bedford,0,185300,0
E06000055,Bedford,0,185300,0
E06000055,Bedford,0,185300,0
E06000055,Bedford,0,185300,0
E06000055,Bedford,66817,185300,36.05882352941177
E06000055,Bedford,31880,185300,17.20453318942256
E06000055,Bedford,27404,185300,14.788990825688073
E06000055,Bedford,8218,185300,4.43497031840259
E06000055,Bedford,2534,185300,1.3675121424716676
E06000055,Bedford,0,185300,0
E06000055,Bedford,97,185300,0.052347544522396115
E06000055,Bedford,97,185300,0.052347544522396115
E06000055,Bedford,141,185300,0.07609282245008095
E06000055,Bedford,61,185300,0.03291958985429034
E06000055,Bedford,37,185300,0.019967620075553156
E06000055,Bedford,0,185300,0
E06000055,Bedford,50,185300,0.026983270372369132
E06000055,Bedford,42,185300,0.02266594711279007
E06000055,Bedford,53,185300,0.028602266594711278
E06000055,Bedford,11,185300,0.0059363194819212085
E06000055,Bedford,16,185300,0.008634646519158122
E06000055,Bedford,0,185300,0
E06000055,Bedford,47,185300,0.025364274150026983
E06000055,Bedford,42,185300,0.02266594711279007
E06000055,Bedford,44,185300,0.023745277927684834
E06000055,Bedford,20,185300,0.010793308148947653
E06000055,Bedford,11,185300,0.0059363194819212085
E06000055,Bedford,0,185300,0
E06000055,Bedford,38,185300,0.02050728548300054
E06000055,Bedford,34,185300,0.01834862385321101
E06000055,Bedford,35,185300,0.018888289260658393
E06000055,Bedford,9,185300,0.004856988667026443
E06000055,Bedford,2,185300,0.0010793308148947653
E06000055,Bedford,0,185300,0
E06000055,Bedford,3278,185300,1.7690232056125201
E06000055,Bedford,1895,185300,1.0226659471127901
E06000055,Bedford,1972,185300,1.0642201834862386
E06000055,Bedford,693,185300,0.37398812736103615
E06000055,Bedford,273,185300,0.14732865623313546
E06000056,Central Bedfordshire,0,294200,0
E06000056,Central Bedfordshire,0,294200,0
E06000056,Central Bedfordshire,0,294200,0
E06000056,Central Bedfordshire,0,294200,0
E06000056,Central Bedfordshire,0,294200,0
E06000056,Central Bedfordshire,0,294200,0
E06000056,Central Bedfordshire,0,294200,0
E06000056,Central Bedfordshire,114494,294200,38.917063222297756
E06000056,Central Bedfordshire,57965,294200,19.702583276682528
E06000056,Central Bedfordshire,40054,294200,13.614547926580558
E06000056,Central Bedfordshire,8737,294200,2.96974847042828
E06000056,Central Bedfordshire,1828,294200,0.6213460231135283
E06000056,Central Bedfordshire,0,294200,0
E06000056,Central Bedfordshire,92,294200,0.03127124405166554
E06000056,Central Bedfordshire,80,294200,0.027192386131883073
E06000056,Central Bedfordshire,109,294200,0.03704962610469069
E06000056,Central Bedfordshire,29,294200,0.009857239972807614
E06000056,Central Bedfordshire,13,294200,0.004418762746430999
E06000056,Central Bedfordshire,0,294200,0
E06000056,Central Bedfordshire,47,294200,0.015975526852481305
E06000056,Central Bedfordshire,44,294200,0.01495581237253569
E06000056,Central Bedfordshire,36,294200,0.012236573759347382
E06000056,Central Bedfordshire,16,294200,0.005438477226376614
E06000056,Central Bedfordshire,1,294200,3.399048266485384e-4
E06000056,Central Bedfordshire,0,294200,0
E06000056,Central Bedfordshire,46,294200,0.01563562202583277
E06000056,Central Bedfordshire,41,294200,0.013936097892590074
E06000056,Central Bedfordshire,46,294200,0.01563562202583277
E06000056,Central Bedfordshire,15,294200,0.005098572399728076
E06000056,Central Bedfordshire,2,294200,6.798096532970768e-4
E06000056,Central Bedfordshire,0,294200,0
E06000056,Central Bedfordshire,44,294200,0.01495581237253569
E06000056,Central Bedfordshire,47,294200,0.015975526852481305
E06000056,Central Bedfordshire,41,294200,0.013936097892590074
E06000056,Central Bedfordshire,12,294200,0.004078857919782461
E06000056,Central Bedfordshire,1,294200,3.399048266485384e-4
E06000056,Central Bedfordshire,0,294200,0
E06000056,Central Bedfordshire,4826,294200,1.6403806934058465
E06000056,Central Bedfordshire,2810,294200,0.9551325628823929
E06000056,Central Bedfordshire,2118,294200,0.7199184228416043
E06000056,Central Bedfordshire,546,294200,0.18558803535010196
E06000056,Central Bedfordshire,157,294200,0.05336505778382053
E06000057,Northumberland,0,320600,0
E06000057,Northumberland,0,320600,0
E06000057,Northumberland,0,320600,0
E06000057,Northumberland,0,320600,0
E06000057,Northumberland,0,320600,0
E06000057,Northumberland,0,320600,0
E06000057,Northumberland,0,320600,0
E06000057,Northumberland,134649,320600,41.99906425452277
E06000057,Northumberland,70326,320600,21.935745477230192
E06000057,Northumberland,39731,320600,12.392701185277604
E06000057,Northumberland,7238,320600,2.2576419213973797
E06000057,Northumberland,1158,320600,0.36119775421085465
E06000057,Northumberland,0,320600,0
E06000057,Northumberland,121,320600,0.03774173424828447
E06000057,Northumberland,76,320600,0.023705552089831567
E06000057,Northumberland,84,320600,0.026200873362445413
E06000057,Northumberland,14,320600,0.004366812227074236
E06000057,Northumberland,1,320600,3.1191515907673113e-4
E06000057,Northumberland,0,320600,0
E06000057,Northumberland,51,320600,0.015907673112913287
E06000057,Northumberland,47,320600,0.014660012476606364
E06000057,Northumberland,36,320600,0.011228945726762321
E06000057,Northumberland,5,320600,0.0015595757953836558
E06000057,Northumberland,0,320600,0
E06000057,Northumberland,0,320600,0
E06000057,Northumberland,56,320600,0.017467248908296942
E06000057,Northumberland,43,320600,0.013412351840299439
E06000057,Northumberland,35,320600,0.010917030567685589
E06000057,Northumberland,5,320600,0.0015595757953836558
E06000057,Northumberland,1,320600,3.1191515907673113e-4
E06000057,Northumberland,0,320600,0
E06000057,Northumberland,46,320600,0.014348097317529632
E06000057,Northumberland,52,320600,0.016219588271990017
E06000057,Northumberland,42,320600,0.013100436681222707
E06000057,Northumberland,3,320600,9.357454772301934e-4
E06000057,Northumberland,5,320600,0.0015595757953836558
E06000057,Northumberland,0,320600,0
E06000057,Northumberland,5162,320600,1.6101060511540861
E06000057,Northumberland,3202,320600,0.9987523393636931
E06000057,Northumberland,1832,320600,0.5714285714285714
E06000057,Northumberland,381,320600,0.11883967560823457
E06000057,Northumberland,60,320600,0.018714909544603867
E06000058,"Bournemouth, Christchurch and Poole",0,400300,0
E06000058,"Bournemouth, Christchurch and Poole",0,400300,0
E06000058,"Bournemouth, Christchurch and Poole",0,400300,0
E06000058,"Bournemouth, Christchurch and Poole",0,400300,0
E06000058,"Bournemouth, Christchurch and Poole",0,400300,0
E06000058,"Bournemouth, Christchurch and Poole",0,400300,0
E06000058,"Bournemouth, Christchurch and Poole",0,400300,0
E06000058,"Bournemouth, Christchurch and Poole",120148,400300,30.01448913315014
E06000058,"Bournemouth, Christchurch and Poole",83905,400300,20.9605296027979
E06000058,"Bournemouth, Christchurch and Poole",74289,400300,18.558331251561327
E06000058,"Bournemouth, Christchurch and Poole",22595,400300,5.644516612540595
E06000058,"Bournemouth, Christchurch and Poole",3994,400300,0.9977516862353235
E06000058,"Bournemouth, Christchurch and Poole",0,400300,0
E06000058,"Bournemouth, Christchurch and Poole",116,400300,0.028978266300274794
E06000058,"Bournemouth, Christchurch and Poole",117,400300,0.029228078940794405
E06000058,"Bournemouth, Christchurch and Poole",214,400300,0.0534599050711966
E06000058,"Bournemouth, Christchurch and Poole",67,400300,0.01673744691481389
E06000058,"Bournemouth, Christchurch and Poole",21,400300,0.005246065450911816
E06000058,"Bournemouth, Christchurch and Poole",0,400300,0
E06000058,"Bournemouth, Christchurch and Poole",72,400300,0.017986510117411942
E06000058,"Bournemouth, Christchurch and Poole",62,400300,0.015488383712215838
E06000058,"Bournemouth, Christchurch and Poole",101,400300,0.02523107669248064
E06000058,"Bournemouth, Christchurch and Poole",30,400300,0.007494379215588309
E06000058,"Bournemouth, Christchurch and Poole",6,400300,0.0014988758431176618
E06000058,"Bournemouth, Christchurch and Poole",0,400300,0
E06000058,"Bournemouth, Christchurch and Poole",70,400300,0.01748688483637272
E06000058,"Bournemouth, Christchurch and Poole",57,400300,0.014239320509617787
E06000058,"Bournemouth, Christchurch and Poole",109,400300,0.027229577816637523
E06000058,"Bournemouth, Christchurch and Poole",62,400300,0.015488383712215838
E06000058,"Bournemouth, Christchurch and Poole",4,400300,9.992505620784412e-4
E06000058,"Bournemouth, Christchurch and Poole",0,400300,0
E06000058,"Bournemouth, Christchurch and Poole",89,400300,0.022233325006245315
E06000058,"Bournemouth, Christchurch and Poole",91,400300,0.022732950287284538
E06000058,"Bournemouth, Christchurch and Poole",131,400300,0.03272545590806895
E06000058,"Bournemouth, Christchurch and Poole",38,400300,0.00949288033974519
E06000058,"Bournemouth, Christchurch and Poole",9,400300,0.0022483137646764927
E06000058,"Bournemouth, Christchurch and Poole",0,400300,0
E06000058,"Bournemouth, Christchurch and Poole",6344,400300,1.5848113914564077
E06000058,"Bournemouth, Christchurch and Poole",4788,400300,1.196102922807894
E06000058,"Bournemouth, Christchurch and Poole",4843,400300,1.2098426180364728
E06000058,"Bournemouth, Christchurch and Poole",1756,400300,0.43867099675243565
E06000058,"Bournemouth, Christchurch and Poole",505,400300,0.1261553834624032
E06000059,Dorset,0,379600,0
E06000059,Dorset,0,379600,0
E06000059,Dorset,0,379600,0
E06000059,Dorset,0,379600,0
E06000059,Dorset,0,379600,0
E06000059,Dorset,0,379600,0
E06000059,Dorset,0,379600,0
E06000059,Dorset,155438,379600,40.947839831401474
E06000059,Dorset,78623,379600,20.712065331928347
E06000059,Dorset,51020,379600,13.440463645943098
E06000059,Dorset,11104,379600,2.9251844046364592
E06000059,Dorset,1978,379600,0.5210748155953635
E06000059,Dorset,0,379600,0
E06000059,Dorset,73,379600,0.019230769230769232
E06000059,Dorset,63,379600,0.016596417281348787
E06000059,Dorset,107,379600,0.028187565858798735
E06000059,Dorset,28,379600,0.007376185458377239
E06000059,Dorset,1,379600,2.6343519494204424e-4
E06000059,Dorset,0,379600,0
E06000059,Dorset,77,379600,0.020284510010537406
E06000059,Dorset,78,379600,0.02054794520547945
E06000059,Dorset,66,379600,0.01738672286617492
E06000059,Dorset,13,379600,0.003424657534246575
E06000059,Dorset,4,379600,0.001053740779768177
E06000059,Dorset,0,379600,0
E06000059,Dorset,55,379600,0.014488935721812434
E06000059,Dorset,43,379600,0.011327713382507903
E06000059,Dorset,50,379600,0.013171759747102213
E06000059,Dorset,8,379600,0.002107481559536354
E06000059,Dorset,3,379600,7.903055848261328e-4
E06000059,Dorset,0,379600,0
E06000059,Dorset,71,379600,0.018703898840885143
E06000059,Dorset,58,379600,0.015279241306638568
E06000059,Dorset,51,379600,0.013435194942044258
E06000059,Dorset,15,379600,0.003951527924130664
E06000059,Dorset,1,379600,2.6343519494204424e-4
E06000059,Dorset,0,379600,0
E06000059,Dorset,7932,379600,2.089567966280295
E06000059,Dorset,4392,379600,1.1570073761854585
E06000059,Dorset,3027,379600,0.7974183350895679
E06000059,Dorset,642,379600,0.1691253951527924
E06000059,Dorset,149,379600,0.039251844046364594
E06000060,Buckinghamshire,0,553100,0
E06000060,Buckinghamshire,0,553100,0
E06000060,Buckinghamshire,0,553100,0
E06000060,Buckinghamshire,0,553100,0
E06000060,Buckinghamshire,0,553100,0
E06000060,Buckinghamshire,0,553100,0
E06000060,Buckinghamshire,0,553100,0
E06000060,Buckinghamshire,217595,553100,39.340987163261616
E06000060,Buckinghamshire,94486,553100,17.082986801663353
E06000060,Buckinghamshire,74165,553100,13.408967636955342
E06000060,Buckinghamshire,19584,553100,3.540770204303019
E06000060,Buckinghamshire,6016,553100,1.0876875790996203
E06000060,Buckinghamshire,0,553100,0
E06000060,Buckinghamshire,204,553100,0.036883022961489785
E06000060,Buckinghamshire,181,553100,0.032724642921713974
E06000060,Buckinghamshire,197,553100,0.035617429036340624
E06000060,Buckinghamshire,88,553100,0.015910323630446574
E06000060,Buckinghamshire,33,553100,0.005966371361417465
E06000060,Buckinghamshire,0,553100,0
E06000060,Buckinghamshire,130,553100,0.02350388718134153
E06000060,Buckinghamshire,78,553100,0.014102332308804918
E06000060,Buckinghamshire,100,553100,0.01807991321641656
E06000060,Buckinghamshire,21,553100,0.003796781775447478
E06000060,Buckinghamshire,7,553100,0.0012655939251491593
E06000060,Buckinghamshire,0,553100,0
E06000060,Buckinghamshire,105,553100,0.018983908877237388
E06000060,Buckinghamshire,98,553100,0.01771831495208823
E06000060,Buckinghamshire,81,553100,0.014644729705297415
E06000060,Buckinghamshire,31,553100,0.005604773097089134
E06000060,Buckinghamshire,12,553100,0.0021695895859699874
E06000060,Buckinghamshire,0,553100,0
E06000060,Buckinghamshire,127,553100,0.02296148978484903
E06000060,Buckinghamshire,70,553100,0.012655939251491593
E06000060,Buckinghamshire,85,553100,0.015367926233954077
E06000060,Buckinghamshire,25,553100,0.00451997830410414
E06000060,Buckinghamshire,5,553100,9.039956608208281e-4
E06000060,Buckinghamshire,0,553100,0
E06000060,Buckinghamshire,10226,553100,1.8488519255107576
E06000060,Buckinghamshire,5479,553100,0.9905984451274634
E06000060,Buckinghamshire,5042,553100,0.911589224371723
E06000060,Buckinghamshire,1782,553100,0.3221840535165431
E06000060,Buckinghamshire,837,553100,0.15132887362140662
E06000061,North Northamptonshire,0,359500,0
E06000061,North Northamptonshire,0,359500,0
E06000061,North Northamptonshire,0,359500,0
E06000061,North Northamptonshire,0,359500,0
E06000061,North Northamptonshire,0,359500,0
E06000061,North Northamptonshire,0,359500,0
E06000061,North Northamptonshire,0,359500,0
E06000061,North Northamptonshire,138237,359500,38.45257301808067
E06000061,North Northamptonshire,70213,359500,19.530737134909597
E06000061,North Northamptonshire,46824,359500,13.024756606397775
E06000061,North Northamptonshire,11104,359500,3.0887343532684284
E06000061,North Northamptonshire,2592,359500,0.7210013908205841
E06000061,North Northamptonshire,0,359500,0
E06000061,North Northamptonshire,202,359500,0.056189151599443675
E06000061,North Northamptonshire,168,359500,0.046731571627260084
E06000061,North Northamptonshire,181,359500,0.05034770514603616
E06000061,North Northamptonshire,58,359500,0.016133518776077885
E06000061,North Northamptonshire,20,359500,0.005563282336578581
E06000061,North Northamptonshire,0,359500,0
E06000061,North Northamptonshire,96,359500,0.02670375521557719
E06000061,North Northamptonshire,79,359500,0.021974965229485395
E06000061,North Northamptonshire,59,359500,0.016411682892906815
E06000061,North Northamptonshire,25,359500,0.006954102920723227
E06000061,North Northamptonshire,6,359500,0.0016689847009735744
E06000061,North Northamptonshire,0,359500,0
E06000061,North Northamptonshire,85,359500,0.02364394993045897
E06000061,North Northamptonshire,79,359500,0.021974965229485395
E06000061,North Northamptonshire,64,359500,0.01780250347705146
E06000061,North Northamptonshire,30,359500,0.008344923504867872
E06000061,North Northamptonshire,10,359500,0.0027816411682892906
E06000061,North Northamptonshire,0,359500,0
E06000061,North Northamptonshire,61,359500,0.016968011126564674
E06000061,North Northamptonshire,57,359500,0.015855354659248956
E06000061,North Northamptonshire,55,359500,0.015299026425591099
E06000061,North Northamptonshire,13,359500,0.0036161335187760778
E06000061,North Northamptonshire,2,359500,5.563282336578582e-4
E06000061,North Northamptonshire,0,359500,0
E06000061,North Northamptonshire,7214,359500,2.006675938803894
E06000061,North Northamptonshire,4404,359500,1.2250347705146036
E06000061,North Northamptonshire,3107,359500,0.8642559109874827
E06000061,North Northamptonshire,981,359500,0.2728789986091794
E06000061,North Northamptonshire,242,359500,0.06731571627260083
E06000062,West Northamptonshire,0,425700,0
E06000062,West Northamptonshire,0,425700,0
E06000062,West Northamptonshire,0,425700,0
E06000062,West Northamptonshire,0,425700,0
E06000062,West Northamptonshire,0,425700,0
E06000062,West Northamptonshire,0,425700,0
E06000062,West Northamptonshire,0,425700,0
E06000062,West Northamptonshire,158370,425700,37.20225510923186
E06000062,West Northamptonshire,77432,425700,18.189335212591025
E06000062,West Northamptonshire,57182,425700,13.432464176650223
E06000062,West Northamptonshire,17161,425700,4.031242659149636
E06000062,West Northamptonshire,5078,425700,1.1928588207657975
E06000062,West Northamptonshire,0,425700,0
E06000062,West Northamptonshire,222,425700,0.05214940098661029
E06000062,West Northamptonshire,204,425700,0.04792107117688513
E06000062,West Northamptonshire,275,425700,0.06459948320413436
E06000062,West Northamptonshire,142,425700,0.033356824054498475
E06000062,West Northamptonshire,61,425700,0.01432933991073526
E06000062,West Northamptonshire,0,425700,0
E06000062,West Northamptonshire,94,425700,0.022081277895231382
E06000062,West Northamptonshire,101,425700,0.023725628376791166
E06000062,West Northamptonshire,110,425700,0.025839793281653745
E06000062,West Northamptonshire,34,425700,0.007986845196147521
E06000062,West Northamptonshire,13,425700,0.00305379375146817
E06000062,West Northamptonshire,0,425700,0
E06000062,West Northamptonshire,82,425700,0.01926239135541461
E06000062,West Northamptonshire,106,425700,0.024900164435048156
E06000062,West Northamptonshire,115,425700,0.027014329339910735
E06000062,West Northamptonshire,45,425700,0.010570824524312896
E06000062,West Northamptonshire,15,425700,0.0035236081747709656
E06000062,West Northamptonshire,0,425700,0
E06000062,West Northamptonshire,88,425700,0.020671834625323
E06000062,West Northamptonshire,65,425700,0.01526896875734085
E06000062,West Northamptonshire,73,425700,0.017148226450552032
E06000062,West Northamptonshire,31,425700,0.0072821235611933285
E06000062,West Northamptonshire,4,425700,9.396288466055908e-4
E06000062,West Northamptonshire,0,425700,0
E06000062,West Northamptonshire,8177,425700,1.9208362696734789
E06000062,West Northamptonshire,5106,425700,1.1994362226920365
E06000062,West Northamptonshire,4506,425700,1.058491895701198
E06000062,West Northamptonshire,1653,425700,0.3883016208597604
E06000062,West Northamptonshire,639,425700,0.15010570824524314
E07000008,Cambridge,0,145700,0
E07000008,Cambridge,0,145700,0
E07000008,Cambridge,0,145700,0
E07000008,Cambridge,0,145700,0
E07000008,Cambridge,0,145700,0
E07000008,Cambridge,0,145700,0
E07000008,Cambridge,0,145700,0
E07000008,Cambridge,37495,145700,25.734385724090597
E07000008,Cambridge,24101,145700,16.54152367879204
E07000008,Cambridge,23923,145700,16.419354838709676
E07000008,Cambridge,7111,145700,4.880576527110501
E07000008,Cambridge,3966,145700,2.722031571722718
E07000008,Cambridge,0,145700,0
E07000008,Cambridge,56,145700,0.038435140700068635
E07000008,Cambridge,52,145700,0.03568977350720659
E07000008,Cambridge,105,145700,0.0720658888126287
E07000008,Cambridge,30,145700,0.02059025394646534
E07000008,Cambridge,49,145700,0.033630748112560054
E07000008,Cambridge,0,145700,0
E07000008,Cambridge,40,145700,0.027453671928620454
E07000008,Cambridge,35,145700,0.024021962937542895
E07000008,Cambridge,45,145700,0.03088538091969801
E07000008,Cambridge,10,145700,0.0068634179821551134
E07000008,Cambridge,21,145700,0.014413177762525738
E07000008,Cambridge,0,145700,0
E07000008,Cambridge,32,145700,0.02196293754289636
E07000008,Cambridge,26,145700,0.017844886753603295
E07000008,Cambridge,35,145700,0.024021962937542895
E07000008,Cambridge,16,145700,0.01098146877144818
E07000008,Cambridge,1,145700,6.863417982155113e-4
E07000008,Cambridge,0,145700,0
E07000008,Cambridge,144,145700,0.09883321894303362
E07000008,Cambridge,91,145700,0.06245710363761153
E07000008,Cambridge,73,145700,0.050102951269732326
E07000008,Cambridge,27,145700,0.018531228551818806
E07000008,Cambridge,50,145700,0.03431708991077557
E07000008,Cambridge,0,145700,0
E07000008,Cambridge,2555,145700,1.7536032944406315
E07000008,Cambridge,1920,145700,1.3177762525737817
E07000008,Cambridge,2227,145700,1.5284831846259437
E07000008,Cambridge,767,145700,0.5264241592312972
E07000008,Cambridge,694,145700,0.47632120796156485
E07000009,East Cambridgeshire,0,87700,0
E07000009,East Cambridgeshire,0,87700,0
E07000009,East Cambridgeshire,0,87700,0
E07000009,East Cambridgeshire,0,87700,0
E07000009,East Cambridgeshire,0,87700,0
E07000009,East Cambridgeshire,0,87700,0
E07000009,East Cambridgeshire,0,87700,0
E07000009,East Cambridgeshire,36153,87700,41.223489167616876
E07000009,East Cambridgeshire,17039,87700,19.428734321550742
E07000009,East Cambridgeshire,10771,87700,12.281641961231472
E07000009,East Cambridgeshire,2471,87700,2.8175598631698975
E07000009,East Cambridgeshire,431,87700,0.49144811858608894
E07000009,East Cambridgeshire,0,87700,0
E07000009,East Cambridgeshire,28,87700,0.03192702394526796
E07000009,East Cambridgeshire,18,87700,0.020524515393386546
E07000009,East Cambridgeshire,37,87700,0.04218928164196123
E07000009,East Cambridgeshire,11,87700,0.012542759407069556
E07000009,East Cambridgeshire,0,87700,0
E07000009,East Cambridgeshire,0,87700,0
E07000009,East Cambridgeshire,16,87700,0.018244013683010263
E07000009,East Cambridgeshire,10,87700,0.011402508551881414
E07000009,East Cambridgeshire,17,87700,0.019384264538198404
E07000009,East Cambridgeshire,4,87700,0.004561003420752566
E07000009,East Cambridgeshire,1,87700,0.0011402508551881414
E07000009,East Cambridgeshire,0,87700,0
E07000009,East Cambridgeshire,11,87700,0.012542759407069556
E07000009,East Cambridgeshire,6,87700,0.0068415051311288486
E07000009,East Cambridgeshire,17,87700,0.019384264538198404
E07000009,East Cambridgeshire,3,87700,0.0034207525655644243
E07000009,East Cambridgeshire,0,87700,0
E07000009,East Cambridgeshire,0,87700,0
E07000009,East Cambridgeshire,24,87700,0.027366020524515394
E07000009,East Cambridgeshire,18,87700,0.020524515393386546
E07000009,East Cambridgeshire,17,87700,0.019384264538198404
E07000009,East Cambridgeshire,5,87700,0.005701254275940707
E07000009,East Cambridgeshire,1,87700,0.0011402508551881414
E07000009,East Cambridgeshire,0,87700,0
E07000009,East Cambridgeshire,1761,87700,2.007981755986317
E07000009,East Cambridgeshire,999,87700,1.1391106043329533
E07000009,East Cambridgeshire,695,87700,0.7924743443557583
E07000009,East Cambridgeshire,152,87700,0.1733181299885975
E07000009,East Cambridgeshire,30,87700,0.03420752565564424
E07000010,Fenland,0,102500,0
E07000010,Fenland,0,102500,0
E07000010,Fenland,0,102500,0
E07000010,Fenland,0,102500,0
E07000010,Fenland,0,102500,0
E07000010,Fenland,0,102500,0
E07000010,Fenland,0,102500,0
E07000010,Fenland,37907,102500,36.982439024390246
E07000010,Fenland,21768,102500,21.23707317073171
E07000010,Fenland,13875,102500,13.536585365853659
E07000010,Fenland,3506,102500,3.4204878048780487
E07000010,Fenland,796,102500,0.7765853658536586
E07000010,Fenland,0,102500,0
E07000010,Fenland,77,102500,0.07512195121951219
E07000010,Fenland,75,102500,0.07317073170731707
E07000010,Fenland,102,102500,0.09951219512195122
E07000010,Fenland,41,102500,0.04
E07000010,Fenland,5,102500,0.004878048780487805
E07000010,Fenland,0,102500,0
E07000010,Fenland,19,102500,0.018536585365853658
E07000010,Fenland,29,102500,0.02829268292682927
E07000010,Fenland,21,102500,0.02048780487804878
E07000010,Fenland,5,102500,0.004878048780487805
E07000010,Fenland,0,102500,0
E07000010,Fenland,0,102500,0
E07000010,Fenland,18,102500,0.0175609756097561
E07000010,Fenland,13,102500,0.012682926829268294
E07000010,Fenland,21,102500,0.02048780487804878
E07000010,Fenland,6,102500,0.005853658536585366
E07000010,Fenland,0,102500,0
E07000010,Fenland,0,102500,0
E07000010,Fenland,21,102500,0.02048780487804878
E07000010,Fenland,13,102500,0.012682926829268294
E07000010,Fenland,14,102500,0.013658536585365854
E07000010,Fenland,6,102500,0.005853658536585366
E07000010,Fenland,1,102500,9.75609756097561e-4
E07000010,Fenland,0,102500,0
E07000010,Fenland,2143,102500,2.0907317073170733
E07000010,Fenland,1494,102500,1.457560975609756
E07000010,Fenland,1056,102500,1.0302439024390244
E07000010,Fenland,343,102500,0.33463414634146343
E07000010,Fenland,69,102500,0.06731707317073171
E07000011,Huntingdonshire,0,180800,0
E07000011,Huntingdonshire,0,180800,0
E07000011,Huntingdonshire,0,180800,0
E07000011,Huntingdonshire,0,180800,0
E07000011,Huntingdonshire,0,180800,0
E07000011,Huntingdonshire,0,180800,0
E07000011,Huntingdonshire,0,180800,0
E07000011,Huntingdonshire,77993,180800,43.137721238938056
E07000011,Huntingdonshire,32845,180800,18.166482300884955
E07000011,Huntingdonshire,22318,180800,12.344026548672566
E07000011,Huntingdonshire,4551,180800,2.517146017699115
E07000011,Huntingdonshire,885,180800,0.4894911504424779
E07000011,Huntingdonshire,0,180800,0
E07000011,Huntingdonshire,53,180800,0.0293141592920354
E07000011,Huntingdonshire,54,180800,0.029867256637168143
E07000011,Huntingdonshire,65,180800,0.03595132743362832
E07000011,Huntingdonshire,26,180800,0.014380530973451327
E07000011,Huntingdonshire,7,180800,0.0038716814159292035
E07000011,Huntingdonshire,0,180800,0
E07000011,Huntingdonshire,57,180800,0.03152654867256637
E07000011,Huntingdonshire,21,180800,0.011615044247787611
E07000011,Huntingdonshire,23,180800,0.012721238938053098
E07000011,Huntingdonshire,9,180800,0.00497787610619469
E07000011,Huntingdonshire,0,180800,0
E07000011,Huntingdonshire,0,180800,0
E07000011,Huntingdonshire,34,180800,0.018805309734513276
E07000011,Huntingdonshire,30,180800,0.016592920353982302
E07000011,Huntingdonshire,29,180800,0.016039823008849558
E07000011,Huntingdonshire,2,180800,0.0011061946902654867
E07000011,Huntingdonshire,4,180800,0.0022123893805309734
E07000011,Huntingdonshire,0,180800,0
E07000011,Huntingdonshire,47,180800,0.025995575221238937
E07000011,Huntingdonshire,27,180800,0.014933628318584071
E07000011,Huntingdonshire,38,180800,0.02101769911504425
E07000011,Huntingdonshire,5,180800,0.0027654867256637168
E07000011,Huntingdonshire,0,180800,0
E07000011,Huntingdonshire,0,180800,0
E07000011,Huntingdonshire,3251,180800,1.7981194690265487
E07000011,Huntingdonshire,1688,180800,0.9336283185840708
E07000011,Huntingdonshire,1278,180800,0.706858407079646
E07000011,Huntingdonshire,382,180800,0.21128318584070796
E07000011,Huntingdonshire,96,180800,0.05309734513274336
E07000012,South Cambridgeshire,0,162000,0
E07000012,South Cambridgeshire,0,162000,0
E07000012,South Cambridgeshire,0,162000,0
E07000012,South Cambridgeshire,0,162000,0
E07000012,South Cambridgeshire,0,162000,0
E07000012,South Cambridgeshire,0,162000,0
E07000012,South Cambridgeshire,0,162000,0
E07000012,South Cambridgeshire,70342,162000,43.42098765432099
E07000012,South Cambridgeshire,28937,162000,17.862345679012346
E07000012,South Cambridgeshire,18546,162000,11.448148148148148
E07000012,South Cambridgeshire,3576,162000,2.2074074074074073
E07000012,South Cambridgeshire,598,162000,0.3691358024691358
E07000012,South Cambridgeshire,0,162000,0
E07000012,South Cambridgeshire,48,162000,0.02962962962962963
E07000012,South Cambridgeshire,36,162000,0.022222222222222223
E07000012,South Cambridgeshire,44,162000,0.027160493827160494
E07000012,South Cambridgeshire,9,162000,0.005555555555555556
E07000012,South Cambridgeshire,8,162000,0.0049382716049382715
E07000012,South Cambridgeshire,0,162000,0
E07000012,South Cambridgeshire,69,162000,0.04259259259259259
E07000012,South Cambridgeshire,36,162000,0.022222222222222223
E07000012,South Cambridgeshire,35,162000,0.021604938271604937
E07000012,South Cambridgeshire,2,162000,0.0012345679012345679
E07000012,South Cambridgeshire,1,162000,6.172839506172839e-4
E07000012,South Cambridgeshire,0,162000,0
E07000012,South Cambridgeshire,22,162000,0.013580246913580247
E07000012,South Cambridgeshire,20,162000,0.012345679012345678
E07000012,South Cambridgeshire,19,162000,0.011728395061728396
E07000012,South Cambridgeshire,4,162000,0.0024691358024691358
E07000012,South Cambridgeshire,0,162000,0
E07000012,South Cambridgeshire,0,162000,0
E07000012,South Cambridgeshire,70,162000,0.043209876543209874
E07000012,South Cambridgeshire,47,162000,0.029012345679012345
E07000012,South Cambridgeshire,39,162000,0.024074074074074074
E07000012,South Cambridgeshire,7,162000,0.004320987654320987
E07000012,South Cambridgeshire,1,162000,6.172839506172839e-4
E07000012,South Cambridgeshire,0,162000,0
E07000012,South Cambridgeshire,3340,162000,2.0617283950617282
E07000012,South Cambridgeshire,1716,162000,1.0592592592592593
E07000012,South Cambridgeshire,1222,162000,0.754320987654321
E07000012,South Cambridgeshire,221,162000,0.13641975308641976
E07000012,South Cambridgeshire,54,162000,0.03333333333333333
E07000026,Allerdale,0,96100,0
E07000026,Allerdale,0,96100,0
E07000026,Allerdale,0,96100,0
E07000026,Allerdale,0,96100,0
E07000026,Allerdale,0,96100,0
E07000026,Allerdale,0,96100,0
E07000026,Allerdale,0,96100,0
E07000026,Allerdale,40473,96100,42.115504682622266
E07000026,Allerdale,22191,96100,23.091571279916753
E07000026,Allerdale,10590,96100,11.019771071800209
E07000026,Allerdale,2239,96100,2.3298647242455774
E07000026,Allerdale,320,96100,0.33298647242455776
E07000026,Allerdale,0,96100,0
E07000026,Allerdale,29,96100,0.030176899063475548
E07000026,Allerdale,47,96100,0.04890738813735692
E07000026,Allerdale,22,96100,0.022892819979188347
E07000026,Allerdale,2,96100,0.002081165452653486
E07000026,Allerdale,6,96100,0.006243496357960458
E07000026,Allerdale,0,96100,0
E07000026,Allerdale,16,96100,0.01664932362122789
E07000026,Allerdale,16,96100,0.01664932362122789
E07000026,Allerdale,8,96100,0.008324661810613945
E07000026,Allerdale,1,96100,0.001040582726326743
E07000026,Allerdale,1,96100,0.001040582726326743
E07000026,Allerdale,0,96100,0
E07000026,Allerdale,13,96100,0.013527575442247659
E07000026,Allerdale,15,96100,0.015608740894901144
E07000026,Allerdale,11,96100,0.011446409989594173
E07000026,Allerdale,1,96100,0.001040582726326743
E07000026,Allerdale,0,96100,0
E07000026,Allerdale,0,96100,0
E07000026,Allerdale,10,96100,0.01040582726326743
E07000026,Allerdale,11,96100,0.011446409989594173
E07000026,Allerdale,10,96100,0.01040582726326743
E07000026,Allerdale,1,96100,0.001040582726326743
E07000026,Allerdale,0,96100,0
E07000026,Allerdale,0,96100,0
E07000026,Allerdale,1758,96100,1.8293444328824142
E07000026,Allerdale,1111,96100,1.1560874089490114
E07000026,Allerdale,542,96100,0.5639958376690947
E07000026,Allerdale,97,96100,0.10093652445369407
E07000026,Allerdale,20,96100,0.02081165452653486
E07000027,Barrow-in-Furness,0,67400,0
E07000027,Barrow-in-Furness,0,67400,0
E07000027,Barrow-in-Furness,0,67400,0
E07000027,Barrow-in-Furness,0,67400,0
E07000027,Barrow-in-Furness,0,67400,0
E07000027,Barrow-in-Furness,0,67400,0
E07000027,Barrow-in-Furness,0,67400,0
E07000027,Barrow-in-Furness,24826,67400,36.833827893175076
E07000027,Barrow-in-Furness,15908,67400,23.602373887240358
E07000027,Barrow-in-Furness,9478,67400,14.062314540059347
E07000027,Barrow-in-Furness,1952,67400,2.8961424332344214
E07000027,Barrow-in-Furness,357,67400,0.5296735905044511
E07000027,Barrow-in-Furness,0,67400,0
E07000027,Barrow-in-Furness,18,67400,0.026706231454005934
E07000027,Barrow-in-Furness,25,67400,0.037091988130563795
E07000027,Barrow-in-Furness,25,67400,0.037091988130563795
E07000027,Barrow-in-Furness,2,67400,0.002967359050445104
E07000027,Barrow-in-Furness,0,67400,0
E07000027,Barrow-in-Furness,0,67400,0
E07000027,Barrow-in-Furness,20,67400,0.02967359050445104
E07000027,Barrow-in-Furness,6,67400,0.008902077151335312
E07000027,Barrow-in-Furness,13,67400,0.019287833827893175
E07000027,Barrow-in-Furness,1,67400,0.001483679525222552
E07000027,Barrow-in-Furness,0,67400,0
E07000027,Barrow-in-Furness,0,67400,0
E07000027,Barrow-in-Furness,17,67400,0.025222551928783383
E07000027,Barrow-in-Furness,9,67400,0.013353115727002967
E07000027,Barrow-in-Furness,10,67400,0.01483679525222552
E07000027,Barrow-in-Furness,3,67400,0.004451038575667656
E07000027,Barrow-in-Furness,0,67400,0
E07000027,Barrow-in-Furness,0,67400,0
E07000027,Barrow-in-Furness,11,67400,0.016320474777448073
E07000027,Barrow-in-Furness,9,67400,0.013353115727002967
E07000027,Barrow-in-Furness,9,67400,0.013353115727002967
E07000027,Barrow-in-Furness,3,67400,0.004451038575667656
E07000027,Barrow-in-Furness,1,67400,0.001483679525222552
E07000027,Barrow-in-Furness,0,67400,0
E07000027,Barrow-in-Furness,1194,67400,1.771513353115727
E07000027,Barrow-in-Furness,781,67400,1.1587537091988132
E07000027,Barrow-in-Furness,524,67400,0.7774480712166172
E07000027,Barrow-in-Furness,86,67400,0.12759643916913946
E07000027,Barrow-in-Furness,17,67400,0.025222551928783383
E07000028,Carlisle,0,110000,0
E07000028,Carlisle,0,110000,0
E07000028,Carlisle,0,110000,0
E07000028,Carlisle,0,110000,0
E07000028,Carlisle,0,110000,0
E07000028,Carlisle,0,110000,0
E07000028,Carlisle,0,110000,0
E07000028,Carlisle,43312,110000,39.374545454545455
E07000028,Carlisle,24862,110000,22.60181818181818
E07000028,Carlisle,14334,110000,13.030909090909091
E07000028,Carlisle,2523,110000,2.2936363636363635
E07000028,Carlisle,513,110000,0.46636363636363637
E07000028,Carlisle,0,110000,0
E07000028,Carlisle,47,110000,0.042727272727272725
E07000028,Carlisle,62,110000,0.056363636363636366
E07000028,Carlisle,49,110000,0.04454545454545455
E07000028,Carlisle,5,110000,0.004545454545454545
E07000028,Carlisle,4,110000,0.0036363636363636364
E07000028,Carlisle,0,110000,0
E07000028,Carlisle,20,110000,0.01818181818181818
E07000028,Carlisle,17,110000,0.015454545454545455
E07000028,Carlisle,24,110000,0.02181818181818182
E07000028,Carlisle,8,110000,0.007272727272727273
E07000028,Carlisle,0,110000,0
E07000028,Carlisle,0,110000,0
E07000028,Carlisle,17,110000,0.015454545454545455
E07000028,Carlisle,21,110000,0.019090909090909092
E07000028,Carlisle,16,110000,0.014545454545454545
E07000028,Carlisle,4,110000,0.0036363636363636364
E07000028,Carlisle,5,110000,0.004545454545454545
E07000028,Carlisle,0,110000,0
E07000028,Carlisle,20,110000,0.01818181818181818
E07000028,Carlisle,27,110000,0.024545454545454544
E07000028,Carlisle,20,110000,0.01818181818181818
E07000028,Carlisle,2,110000,0.0018181818181818182
E07000028,Carlisle,1,110000,9.090909090909091e-4
E07000028,Carlisle,0,110000,0
E07000028,Carlisle,1928,110000,1.7527272727272727
E07000028,Carlisle,1347,110000,1.2245454545454546
E07000028,Carlisle,795,110000,0.7227272727272728
E07000028,Carlisle,147,110000,0.13363636363636364
E07000028,Carlisle,40,110000,0.03636363636363636
E07000029,Copeland,0,67100,0
E07000029,Copeland,0,67100,0
E07000029,Copeland,0,67100,0
E07000029,Copeland,0,67100,0
E07000029,Copeland,0,67100,0
E07000029,Copeland,0,67100,0
E07000029,Copeland,0,67100,0
E07000029,Copeland,28383,67100,42.299552906110286
E07000029,Copeland,15109,67100,22.517138599105813
E07000029,Copeland,7350,67100,10.953800298062593
E07000029,Copeland,1519,67100,2.263785394932936
E07000029,Copeland,230,67100,0.34277198211624443
E07000029,Copeland,0,67100,0
E07000029,Copeland,32,67100,0.04769001490312966
E07000029,Copeland,33,67100,0.04918032786885246
E07000029,Copeland,12,67100,0.01788375558867362
E07000029,Copeland,2,67100,0.0029806259314456036
E07000029,Copeland,0,67100,0
E07000029,Copeland,0,67100,0
E07000029,Copeland,16,67100,0.02384500745156483
E07000029,Copeland,8,67100,0.011922503725782414
E07000029,Copeland,8,67100,0.011922503725782414
E07000029,Copeland,0,67100,0
E07000029,Copeland,0,67100,0
E07000029,Copeland,0,67100,0
E07000029,Copeland,20,67100,0.029806259314456036
E07000029,Copeland,12,67100,0.01788375558867362
E07000029,Copeland,10,67100,0.014903129657228018
E07000029,Copeland,0,67100,0
E07000029,Copeland,0,67100,0
E07000029,Copeland,0,67100,0
E07000029,Copeland,12,67100,0.01788375558867362
E07000029,Copeland,16,67100,0.02384500745156483
E07000029,Copeland,6,67100,0.00894187779433681
E07000029,Copeland,1,67100,0.0014903129657228018
E07000029,Copeland,0,67100,0
E07000029,Copeland,0,67100,0
E07000029,Copeland,1335,67100,1.9895678092399405
E07000029,Copeland,747,67100,1.113263785394933
E07000029,Copeland,390,67100,0.5812220566318927
E07000029,Copeland,56,67100,0.08345752608047691
E07000029,Copeland,15,67100,0.022354694485842028
E07000030,Eden,0,54700,0
E07000030,Eden,0,54700,0
E07000030,Eden,0,54700,0
E07000030,Eden,0,54700,0
E07000030,Eden,0,54700,0
E07000030,Eden,0,54700,0
E07000030,Eden,0,54700,0
E07000030,Eden,25228,54700,46.120658135283364
E07000030,Eden,11174,54700,20.427787934186473
E07000030,Eden,5740,54700,10.493601462522852
E07000030,Eden,1341,54700,2.4515539305301646
E07000030,Eden,291,54700,0.5319926873857403
E07000030,Eden,0,54700,0
E07000030,Eden,23,54700,0.04204753199268738
E07000030,Eden,13,54700,0.02376599634369287
E07000030,Eden,15,54700,0.027422303473491772
E07000030,Eden,3,54700,0.005484460694698354
E07000030,Eden,2,54700,0.003656307129798903
E07000030,Eden,0,54700,0
E07000030,Eden,10,54700,0.018281535648994516
E07000030,Eden,6,54700,0.010968921389396709
E07000030,Eden,3,54700,0.005484460694698354
E07000030,Eden,2,54700,0.003656307129798903
E07000030,Eden,0,54700,0
E07000030,Eden,0,54700,0
E07000030,Eden,14,54700,0.025594149908592323
E07000030,Eden,4,54700,0.007312614259597806
E07000030,Eden,4,54700,0.007312614259597806
E07000030,Eden,5,54700,0.009140767824497258
E07000030,Eden,0,54700,0
E07000030,Eden,0,54700,0
E07000030,Eden,17,54700,0.031078610603290677
E07000030,Eden,11,54700,0.02010968921389397
E07000030,Eden,9,54700,0.016453382084095063
E07000030,Eden,3,54700,0.005484460694698354
E07000030,Eden,0,54700,0
E07000030,Eden,0,54700,0
E07000030,Eden,1334,54700,2.4387568555758685
E07000030,Eden,595,54700,1.0877513711151736
E07000030,Eden,335,54700,0.6124314442413162
E07000030,Eden,119,54700,0.21755027422303475
E07000030,Eden,24,54700,0.043875685557586835
E07000031,South Lakeland,0,104500,0
E07000031,South Lakeland,0,104500,0
E07000031,South Lakeland,0,104500,0
E07000031,South Lakeland,0,104500,0
E07000031,South Lakeland,0,104500,0
E07000031,South Lakeland,0,104500,0
E07000031,South Lakeland,0,104500,0
E07000031,South Lakeland,45270,104500,43.32057416267943
E07000031,South Lakeland,22288,104500,21.32822966507177
E07000031,South Lakeland,12846,104500,12.292822966507178
E07000031,South Lakeland,2341,104500,2.2401913875598085
E07000031,South Lakeland,351,104500,0.33588516746411484
E07000031,South Lakeland,0,104500,0
E07000031,South Lakeland,35,104500,0.03349282296650718
E07000031,South Lakeland,23,104500,0.02200956937799043
E07000031,South Lakeland,20,104500,0.019138755980861243
E07000031,South Lakeland,4,104500,0.003827751196172249
E07000031,South Lakeland,6,104500,0.005741626794258373
E07000031,South Lakeland,0,104500,0
E07000031,South Lakeland,21,104500,0.020095693779904306
E07000031,South Lakeland,13,104500,0.012440191387559809
E07000031,South Lakeland,14,104500,0.013397129186602871
E07000031,South Lakeland,4,104500,0.003827751196172249
E07000031,South Lakeland,0,104500,0
E07000031,South Lakeland,0,104500,0
E07000031,South Lakeland,16,104500,0.015311004784688996
E07000031,South Lakeland,19,104500,0.01818181818181818
E07000031,South Lakeland,16,104500,0.015311004784688996
E07000031,South Lakeland,1,104500,9.569377990430622e-4
E07000031,South Lakeland,0,104500,0
E07000031,South Lakeland,0,104500,0
E07000031,South Lakeland,7,104500,0.0066985645933014355
E07000031,South Lakeland,27,104500,0.02583732057416268
E07000031,South Lakeland,22,104500,0.021052631578947368
E07000031,South Lakeland,3,104500,0.0028708133971291866
E07000031,South Lakeland,0,104500,0
E07000031,South Lakeland,0,104500,0
E07000031,South Lakeland,2147,104500,2.0545454545454547
E07000031,South Lakeland,1125,104500,1.076555023923445
E07000031,South Lakeland,766,104500,0.7330143540669857
E07000031,South Lakeland,153,104500,0.14641148325358852
E07000031,South Lakeland,26,104500,0.024880382775119617
E07000032,Amber Valley,0,126200,0
E07000032,Amber Valley,0,126200,0
E07000032,Amber Valley,0,126200,0
E07000032,Amber Valley,0,126200,0
E07000032,Amber Valley,0,126200,0
E07000032,Amber Valley,0,126200,0
E07000032,Amber Valley,0,126200,0
E07000032,Amber Valley,49288,126200,39.055467511885894
E07000032,Amber Valley,29255,126200,23.18145800316957
E07000032,Amber Valley,15799,126200,12.519017432646592
E07000032,Amber Valley,3496,126200,2.7702060221870046
E07000032,Amber Valley,622,126200,0.4928684627575277
E07000032,Amber Valley,0,126200,0
E07000032,Amber Valley,40,126200,0.03169572107765452
E07000032,Amber Valley,38,126200,0.030110935023771792
E07000032,Amber Valley,28,126200,0.022187004754358162
E07000032,Amber Valley,12,126200,0.009508716323296355
E07000032,Amber Valley,6,126200,0.004754358161648178
E07000032,Amber Valley,0,126200,0
E07000032,Amber Valley,21,126200,0.01664025356576862
E07000032,Amber Valley,14,126200,0.011093502377179081
E07000032,Amber Valley,10,126200,0.00792393026941363
E07000032,Amber Valley,2,126200,0.001584786053882726
E07000032,Amber Valley,0,126200,0
E07000032,Amber Valley,0,126200,0
E07000032,Amber Valley,27,126200,0.021394611727416798
E07000032,Amber Valley,12,126200,0.009508716323296355
E07000032,Amber Valley,15,126200,0.011885895404120444
E07000032,Amber Valley,5,126200,0.003961965134706815
E07000032,Amber Valley,0,126200,0
E07000032,Amber Valley,0,126200,0
E07000032,Amber Valley,30,126200,0.02377179080824089
E07000032,Amber Valley,21,126200,0.01664025356576862
E07000032,Amber Valley,22,126200,0.017432646592709985
E07000032,Amber Valley,2,126200,0.001584786053882726
E07000032,Amber Valley,0,126200,0
E07000032,Amber Valley,0,126200,0
E07000032,Amber Valley,2370,126200,1.87797147385103
E07000032,Amber Valley,1735,126200,1.3748019017432647
E07000032,Amber Valley,968,126200,0.7670364500792393
E07000032,Amber Valley,191,126200,0.15134706814580032
E07000032,Amber Valley,40,126200,0.03169572107765452
E07000033,Bolsover,0,80300,0
E07000033,Bolsover,0,80300,0
E07000033,Bolsover,0,80300,0
E07000033,Bolsover,0,80300,0
E07000033,Bolsover,0,80300,0
E07000033,Bolsover,0,80300,0
E07000033,Bolsover,0,80300,0
E07000033,Bolsover,27755,80300,34.56413449564135
E07000033,Bolsover,20659,80300,25.727272727272727
E07000033,Bolsover,10560,80300,13.150684931506849
E07000033,Bolsover,2471,80300,3.0772104607721045
E07000033,Bolsover,587,80300,0.7310087173100872
E07000033,Bolsover,0,80300,0
E07000033,Bolsover,29,80300,0.0361145703611457
E07000033,Bolsover,33,80300,0.0410958904109589
E07000033,Bolsover,11,80300,0.0136986301369863
E07000033,Bolsover,5,80300,0.0062266500622665
E07000033,Bolsover,1,80300,0.0012453300124533001
E07000033,Bolsover,0,80300,0
E07000033,Bolsover,17,80300,0.021170610211706103
E07000033,Bolsover,16,80300,0.019925280199252802
E07000033,Bolsover,5,80300,0.0062266500622665
E07000033,Bolsover,1,80300,0.0012453300124533001
E07000033,Bolsover,2,80300,0.0024906600249066002
E07000033,Bolsover,0,80300,0
E07000033,Bolsover,20,80300,0.024906600249066
E07000033,Bolsover,7,80300,0.008717310087173101
E07000033,Bolsover,8,80300,0.009962640099626401
E07000033,Bolsover,2,80300,0.0024906600249066002
E07000033,Bolsover,1,80300,0.0012453300124533001
E07000033,Bolsover,0,80300,0
E07000033,Bolsover,10,80300,0.012453300124533
E07000033,Bolsover,19,80300,0.023661270236612703
E07000033,Bolsover,9,80300,0.0112079701120797
E07000033,Bolsover,6,80300,0.007471980074719801
E07000033,Bolsover,1,80300,0.0012453300124533001
E07000033,Bolsover,0,80300,0
E07000033,Bolsover,1444,80300,1.7982565379825655
E07000033,Bolsover,1214,80300,1.5118306351183064
E07000033,Bolsover,560,80300,0.6973848069738481
E07000033,Bolsover,120,80300,0.149439601494396
E07000033,Bolsover,63,80300,0.0784557907845579
E07000034,Chesterfield,0,103600,0
E07000034,Chesterfield,0,103600,0
E07000034,Chesterfield,0,103600,0
E07000034,Chesterfield,0,103600,0
E07000034,Chesterfield,0,103600,0
E07000034,Chesterfield,0,103600,0
E07000034,Chesterfield,0,103600,0
E07000034,Chesterfield,35848,103600,34.602316602316606
E07000034,Chesterfield,24342,103600,23.496138996138995
E07000034,Chesterfield,16287,103600,15.721042471042471
E07000034,Chesterfield,3316,103600,3.200772200772201
E07000034,Chesterfield,620,103600,0.5984555984555985
E07000034,Chesterfield,0,103600,0
E07000034,Chesterfield,35,103600,0.033783783783783786
E07000034,Chesterfield,37,103600,0.03571428571428571
E07000034,Chesterfield,34,103600,0.032818532818532815
E07000034,Chesterfield,8,103600,0.007722007722007722
E07000034,Chesterfield,0,103600,0
E07000034,Chesterfield,0,103600,0
E07000034,Chesterfield,23,103600,0.0222007722007722
E07000034,Chesterfield,10,103600,0.009652509652509652
E07000034,Chesterfield,23,103600,0.0222007722007722
E07000034,Chesterfield,7,103600,0.006756756756756757
E07000034,Chesterfield,0,103600,0
E07000034,Chesterfield,0,103600,0
E07000034,Chesterfield,16,103600,0.015444015444015444
E07000034,Chesterfield,12,103600,0.011583011583011582
E07000034,Chesterfield,23,103600,0.0222007722007722
E07000034,Chesterfield,2,103600,0.0019305019305019305
E07000034,Chesterfield,0,103600,0
E07000034,Chesterfield,0,103600,0
E07000034,Chesterfield,22,103600,0.021235521235521235
E07000034,Chesterfield,22,103600,0.021235521235521235
E07000034,Chesterfield,23,103600,0.0222007722007722
E07000034,Chesterfield,5,103600,0.004826254826254826
E07000034,Chesterfield,0,103600,0
E07000034,Chesterfield,0,103600,0
E07000034,Chesterfield,1854,103600,1.7895752895752897
E07000034,Chesterfield,1325,103600,1.278957528957529
E07000034,Chesterfield,982,103600,0.9478764478764479
E07000034,Chesterfield,188,103600,0.18146718146718147
E07000034,Chesterfield,20,103600,0.019305019305019305
E07000035,Derbyshire Dales,0,71500,0
E07000035,Derbyshire Dales,0,71500,0
E07000035,Derbyshire Dales,0,71500,0
E07000035,Derbyshire Dales,0,71500,0
E07000035,Derbyshire Dales,0,71500,0
E07000035,Derbyshire Dales,0,71500,0
E07000035,Derbyshire Dales,0,71500,0
E07000035,Derbyshire Dales,31962,71500,44.702097902097904
E07000035,Derbyshire Dales,14930,71500,20.88111888111888
E07000035,Derbyshire Dales,8128,71500,11.367832167832168
E07000035,Derbyshire Dales,1783,71500,2.4937062937062935
E07000035,Derbyshire Dales,222,71500,0.3104895104895105
E07000035,Derbyshire Dales,0,71500,0
E07000035,Derbyshire Dales,18,71500,0.025174825174825177
E07000035,Derbyshire Dales,16,71500,0.022377622377622378
E07000035,Derbyshire Dales,11,71500,0.015384615384615385
E07000035,Derbyshire Dales,1,71500,0.0013986013986013986
E07000035,Derbyshire Dales,0,71500,0
E07000035,Derbyshire Dales,0,71500,0
E07000035,Derbyshire Dales,6,71500,0.008391608391608392
E07000035,Derbyshire Dales,8,71500,0.011188811188811189
E07000035,Derbyshire Dales,2,71500,0.002797202797202797
E07000035,Derbyshire Dales,1,71500,0.0013986013986013986
E07000035,Derbyshire Dales,0,71500,0
E07000035,Derbyshire Dales,0,71500,0
E07000035,Derbyshire Dales,10,71500,0.013986013986013986
E07000035,Derbyshire Dales,5,71500,0.006993006993006993
E07000035,Derbyshire Dales,7,71500,0.009790209790209791
E07000035,Derbyshire Dales,1,71500,0.0013986013986013986
E07000035,Derbyshire Dales,0,71500,0
E07000035,Derbyshire Dales,0,71500,0
E07000035,Derbyshire Dales,13,71500,0.01818181818181818
E07000035,Derbyshire Dales,10,71500,0.013986013986013986
E07000035,Derbyshire Dales,5,71500,0.006993006993006993
E07000035,Derbyshire Dales,4,71500,0.005594405594405594
E07000035,Derbyshire Dales,0,71500,0
E07000035,Derbyshire Dales,0,71500,0
E07000035,Derbyshire Dales,1504,71500,2.1034965034965034
E07000035,Derbyshire Dales,744,71500,1.0405594405594405
E07000035,Derbyshire Dales,467,71500,0.6531468531468532
E07000035,Derbyshire Dales,108,71500,0.15104895104895105
E07000035,Derbyshire Dales,27,71500,0.03776223776223776
E07000036,Erewash,0,112900,0
E07000036,Erewash,0,112900,0
E07000036,Erewash,0,112900,0
E07000036,Erewash,0,112900,0
E07000036,Erewash,0,112900,0
E07000036,Erewash,0,112900,0
E07000036,Erewash,0,112900,0
E07000036,Erewash,44609,112900,39.511957484499554
E07000036,Erewash,25666,112900,22.733392382639504
E07000036,Erewash,14434,112900,12.784765279007972
E07000036,Erewash,2796,112900,2.4765279007971657
E07000036,Erewash,549,112900,0.4862710363153233
E07000036,Erewash,0,112900,0
E07000036,Erewash,31,112900,0.02745792736935341
E07000036,Erewash,43,112900,0.03808680248007086
E07000036,Erewash,32,112900,0.0283436669619132
E07000036,Erewash,4,112900,0.00354295837023915
E07000036,Erewash,1,112900,0.00088573959255978745
E07000036,Erewash,0,112900,0
E07000036,Erewash,24,112900,0.021257750221434897
E07000036,Erewash,18,112900,0.015943312666076175
E07000036,Erewash,9,112900,0.007971656333038087
E07000036,Erewash,1,112900,0.00088573959255978745
E07000036,Erewash,1,112900,0.00088573959255978745
E07000036,Erewash,0,112900,0
E07000036,Erewash,21,112900,0.018600531443755536
E07000036,Erewash,18,112900,0.015943312666076175
E07000036,Erewash,24,112900,0.021257750221434897
E07000036,Erewash,1,112900,0.00088573959255978745
E07000036,Erewash,1,112900,0.00088573959255978745
E07000036,Erewash,0,112900,0
E07000036,Erewash,32,112900,0.0283436669619132
E07000036,Erewash,29,112900,0.025686448184233834
E07000036,Erewash,32,112900,0.0283436669619132
E07000036,Erewash,2,112900,0.001771479185119575
E07000036,Erewash,0,112900,0
E07000036,Erewash,0,112900,0
E07000036,Erewash,2082,112900,1.8441098317094775
E07000036,Erewash,1274,112900,1.1284322409211691
E07000036,Erewash,846,112900,0.7493356953055802
E07000036,Erewash,153,112900,0.1355181576616475
E07000036,Erewash,42,112900,0.03720106288751107
E07000037,High Peak,0,90900,0
E07000037,High Peak,0,90900,0
E07000037,High Peak,0,90900,0
E07000037,High Peak,0,90900,0
E07000037,High Peak,0,90900,0
E07000037,High Peak,0,90900,0
E07000037,High Peak,0,90900,0
E07000037,High Peak,32659,90900,35.92849284928493
E07000037,High Peak,21768,90900,23.94719471947195
E07000037,High Peak,13363,90900,14.7007700770077
E07000037,High Peak,3003,90900,3.3036303630363038
E07000037,High Peak,569,90900,0.6259625962596259
E07000037,High Peak,0,90900,0
E07000037,High Peak,25,90900,0.027502750275027504
E07000037,High Peak,26,90900,0.028602860286028604
E07000037,High Peak,28,90900,0.030803080308030802
E07000037,High Peak,7,90900,0.007700770077007701
E07000037,High Peak,0,90900,0
E07000037,High Peak,0,90900,0
E07000037,High Peak,16,90900,0.0176017601760176
E07000037,High Peak,9,90900,0.009900990099009901
E07000037,High Peak,18,90900,0.019801980198019802
E07000037,High Peak,4,90900,0.0044004400440044
E07000037,High Peak,4,90900,0.0044004400440044
E07000037,High Peak,0,90900,0
E07000037,High Peak,10,90900,0.011001100110011002
E07000037,High Peak,20,90900,0.022002200220022004
E07000037,High Peak,12,90900,0.013201320132013201
E07000037,High Peak,6,90900,0.006600660066006601
E07000037,High Peak,1,90900,0.0011001100110011
E07000037,High Peak,0,90900,0
E07000037,High Peak,26,90900,0.028602860286028604
E07000037,High Peak,23,90900,0.025302530253025302
E07000037,High Peak,13,90900,0.014301430143014302
E07000037,High Peak,8,90900,0.0088008800880088
E07000037,High Peak,0,90900,0
E07000037,High Peak,0,90900,0
E07000037,High Peak,1509,90900,1.66006600660066
E07000037,High Peak,1041,90900,1.1452145214521452
E07000037,High Peak,678,90900,0.7458745874587459
E07000037,High Peak,160,90900,0.17601760176017603
E07000037,High Peak,22,90900,0.0242024202420242
E07000038,North East Derbyshire,0,102000,0
E07000038,North East Derbyshire,0,102000,0
E07000038,North East Derbyshire,0,102000,0
E07000038,North East Derbyshire,0,102000,0
E07000038,North East Derbyshire,0,102000,0
E07000038,North East Derbyshire,0,102000,0
E07000038,North East Derbyshire,0,102000,0
E07000038,North East Derbyshire,39137,102000,38.36960784313725
E07000038,North East Derbyshire,25122,102000,24.629411764705882
E07000038,North East Derbyshire,13213,102000,12.95392156862745
E07000038,North East Derbyshire,2557,102000,2.506862745098039
E07000038,North East Derbyshire,428,102000,0.4196078431372549
E07000038,North East Derbyshire,0,102000,0
E07000038,North East Derbyshire,22,102000,0.021568627450980392
E07000038,North East Derbyshire,22,102000,0.021568627450980392
E07000038,North East Derbyshire,13,102000,0.012745098039215686
E07000038,North East Derbyshire,7,102000,0.006862745098039216
E07000038,North East Derbyshire,1,102000,9.80392156862745e-4
E07000038,North East Derbyshire,0,102000,0
E07000038,North East Derbyshire,14,102000,0.013725490196078431
E07000038,North East Derbyshire,20,102000,0.0196078431372549
E07000038,North East Derbyshire,3,102000,0.0029411764705882353
E07000038,North East Derbyshire,3,102000,0.0029411764705882353
E07000038,North East Derbyshire,0,102000,0
E07000038,North East Derbyshire,0,102000,0
E07000038,North East Derbyshire,12,102000,0.011764705882352941
E07000038,North East Derbyshire,18,102000,0.01764705882352941
E07000038,North East Derbyshire,10,102000,0.00980392156862745
E07000038,North East Derbyshire,1,102000,9.80392156862745e-4
E07000038,North East Derbyshire,0,102000,0
E07000038,North East Derbyshire,0,102000,0
E07000038,North East Derbyshire,12,102000,0.011764705882352941
E07000038,North East Derbyshire,20,102000,0.0196078431372549
E07000038,North East Derbyshire,6,102000,0.0058823529411764705
E07000038,North East Derbyshire,2,102000,0.00196078431372549
E07000038,North East Derbyshire,0,102000,0
E07000038,North East Derbyshire,0,102000,0
E07000038,North East Derbyshire,1809,102000,1.7735294117647058
E07000038,North East Derbyshire,1291,102000,1.2656862745098039
E07000038,North East Derbyshire,683,102000,0.6696078431372549
E07000038,North East Derbyshire,99,102000,0.09705882352941177
E07000038,North East Derbyshire,42,102000,0.041176470588235294
E07000039,South Derbyshire,0,107200,0
E07000039,South Derbyshire,0,107200,0
E07000039,South Derbyshire,0,107200,0
E07000039,South Derbyshire,0,107200,0
E07000039,South Derbyshire,0,107200,0
E07000039,South Derbyshire,0,107200,0
E07000039,South Derbyshire,0,107200,0
E07000039,South Derbyshire,46665,107200,43.530783582089555
E07000039,South Derbyshire,21600,107200,20.149253731343283
E07000039,South Derbyshire,10831,107200,10.103544776119403
E07000039,South Derbyshire,2251,107200,2.099813432835821
E07000039,South Derbyshire,444,107200,0.4141791044776119
E07000039,South Derbyshire,0,107200,0
E07000039,South Derbyshire,32,107200,0.029850746268656716
E07000039,South Derbyshire,24,107200,0.022388059701492536
E07000039,South Derbyshire,22,107200,0.020522388059701493
E07000039,South Derbyshire,5,107200,0.0046641791044776115
E07000039,South Derbyshire,0,107200,0
E07000039,South Derbyshire,0,107200,0
E07000039,South Derbyshire,25,107200,0.02332089552238806
E07000039,South Derbyshire,11,107200,0.010261194029850746
E07000039,South Derbyshire,7,107200,0.0065298507462686565
E07000039,South Derbyshire,1,107200,9.328358208955224e-4
E07000039,South Derbyshire,0,107200,0
E07000039,South Derbyshire,0,107200,0
E07000039,South Derbyshire,17,107200,0.01585820895522388
E07000039,South Derbyshire,10,107200,0.009328358208955223
E07000039,South Derbyshire,9,107200,0.008395522388059701
E07000039,South Derbyshire,1,107200,9.328358208955224e-4
E07000039,South Derbyshire,0,107200,0
E07000039,South Derbyshire,0,107200,0
E07000039,South Derbyshire,17,107200,0.01585820895522388
E07000039,South Derbyshire,13,107200,0.012126865671641791
E07000039,South Derbyshire,12,107200,0.011194029850746268
E07000039,South Derbyshire,0,107200,0
E07000039,South Derbyshire,0,107200,0
E07000039,South Derbyshire,0,107200,0
E07000039,South Derbyshire,2028,107200,1.8917910447761195
E07000039,South Derbyshire,1096,107200,1.0223880597014925
E07000039,South Derbyshire,590,107200,0.5503731343283582
E07000039,South Derbyshire,109,107200,0.10167910447761194
E07000039,South Derbyshire,14,107200,0.013059701492537313
E07000040,East Devon,0,150800,0
E07000040,East Devon,0,150800,0
E07000040,East Devon,0,150800,0
E07000040,East Devon,0,150800,0
E07000040,East Devon,0,150800,0
E07000040,East Devon,0,150800,0
E07000040,East Devon,0,150800,0
E07000040,East Devon,63044,150800,41.80636604774536
E07000040,East Devon,32128,150800,21.305039787798407
E07000040,East Devon,18207,150800,12.073607427055704
E07000040,East Devon,3820,150800,2.53315649867374
E07000040,East Devon,946,150800,0.6273209549071618
E07000040,East Devon,0,150800,0
E07000040,East Devon,36,150800,0.023872679045092837
E07000040,East Devon,38,150800,0.025198938992042442
E07000040,East Devon,33,150800,0.021883289124668436
E07000040,East Devon,5,150800,0.0033156498673740055
E07000040,East Devon,1,150800,6.63129973474801e-4
E07000040,East Devon,0,150800,0
E07000040,East Devon,16,150800,0.010610079575596816
E07000040,East Devon,20,150800,0.013262599469496022
E07000040,East Devon,14,150800,0.009283819628647215
E07000040,East Devon,4,150800,0.002652519893899204
E07000040,East Devon,0,150800,0
E07000040,East Devon,0,150800,0
E07000040,East Devon,19,150800,0.012599469496021221
E07000040,East Devon,10,150800,0.006631299734748011
E07000040,East Devon,19,150800,0.012599469496021221
E07000040,East Devon,5,150800,0.0033156498673740055
E07000040,East Devon,0,150800,0
E07000040,East Devon,0,150800,0
E07000040,East Devon,29,150800,0.019230769230769232
E07000040,East Devon,17,150800,0.011273209549071617
E07000040,East Devon,32,150800,0.021220159151193633
E07000040,East Devon,6,150800,0.003978779840848806
E07000040,East Devon,2,150800,0.001326259946949602
E07000040,East Devon,0,150800,0
E07000040,East Devon,3176,150800,2.1061007957559683
E07000040,East Devon,1851,150800,1.2274535809018567
E07000040,East Devon,1145,150800,0.7592838196286472
E07000040,East Devon,291,150800,0.1929708222811671
E07000040,East Devon,49,150800,0.03249336870026525
E07000041,Exeter,0,130800,0
E07000041,Exeter,0,130800,0
E07000041,Exeter,0,130800,0
E07000041,Exeter,0,130800,0
E07000041,Exeter,0,130800,0
E07000041,Exeter,0,130800,0
E07000041,Exeter,0,130800,0
E07000041,Exeter,39760,130800,30.39755351681957
E07000041,Exeter,24975,130800,19.094036697247706
E07000041,Exeter,22454,130800,17.166666666666668
E07000041,Exeter,6847,130800,5.234709480122324
E07000041,Exeter,1010,130800,0.77217125382263
E07000041,Exeter,0,130800,0
E07000041,Exeter,51,130800,0.0389908256880734
E07000041,Exeter,37,130800,0.028287461773700305
E07000041,Exeter,63,130800,0.0481651376146789
E07000041,Exeter,18,130800,0.013761467889908258
E07000041,Exeter,12,130800,0.009174311926605505
E07000041,Exeter,0,130800,0
E07000041,Exeter,19,130800,0.01452599388379205
E07000041,Exeter,21,130800,0.016055045871559634
E07000041,Exeter,40,130800,0.03058103975535168
E07000041,Exeter,18,130800,0.013761467889908258
E07000041,Exeter,3,130800,0.0022935779816513763
E07000041,Exeter,0,130800,0
E07000041,Exeter,13,130800,0.009938837920489297
E07000041,Exeter,18,130800,0.013761467889908258
E07000041,Exeter,42,130800,0.03211009174311927
E07000041,Exeter,11,130800,0.008409785932721712
E07000041,Exeter,0,130800,0
E07000041,Exeter,0,130800,0
E07000041,Exeter,49,130800,0.03746177370030581
E07000041,Exeter,45,130800,0.034403669724770644
E07000041,Exeter,90,130800,0.06880733944954129
E07000041,Exeter,21,130800,0.016055045871559634
E07000041,Exeter,6,130800,0.0045871559633027525
E07000041,Exeter,0,130800,0
E07000041,Exeter,2072,130800,1.584097859327217
E07000041,Exeter,1518,130800,1.1605504587155964
E07000041,Exeter,1632,130800,1.2477064220183487
E07000041,Exeter,590,130800,0.4510703363914373
E07000041,Exeter,153,130800,0.11697247706422019
E07000042,Mid Devon,0,82800,0
E07000042,Mid Devon,0,82800,0
E07000042,Mid Devon,0,82800,0
E07000042,Mid Devon,0,82800,0
E07000042,Mid Devon,0,82800,0
E07000042,Mid Devon,0,82800,0
E07000042,Mid Devon,0,82800,0
E07000042,Mid Devon,33677,82800,40.67270531400966
E07000042,Mid Devon,16086,82800,19.42753623188406
E07000042,Mid Devon,10928,82800,13.198067632850242
E07000042,Mid Devon,2549,82800,3.0785024154589373
E07000042,Mid Devon,467,82800,0.5640096618357487
E07000042,Mid Devon,0,82800,0
E07000042,Mid Devon,30,82800,0.036231884057971016
E07000042,Mid Devon,26,82800,0.03140096618357488
E07000042,Mid Devon,45,82800,0.05434782608695652
E07000042,Mid Devon,14,82800,0.016908212560386472
E07000042,Mid Devon,0,82800,0
E07000042,Mid Devon,0,82800,0
E07000042,Mid Devon,15,82800,0.018115942028985508
E07000042,Mid Devon,16,82800,0.01932367149758454
E07000042,Mid Devon,11,82800,0.013285024154589372
E07000042,Mid Devon,2,82800,0.0024154589371980675
E07000042,Mid Devon,1,82800,0.0012077294685990338
E07000042,Mid Devon,0,82800,0
E07000042,Mid Devon,14,82800,0.016908212560386472
E07000042,Mid Devon,8,82800,0.00966183574879227
E07000042,Mid Devon,13,82800,0.01570048309178744
E07000042,Mid Devon,2,82800,0.0024154589371980675
E07000042,Mid Devon,0,82800,0
E07000042,Mid Devon,0,82800,0
E07000042,Mid Devon,16,82800,0.01932367149758454
E07000042,Mid Devon,12,82800,0.014492753623188406
E07000042,Mid Devon,11,82800,0.013285024154589372
E07000042,Mid Devon,4,82800,0.004830917874396135
E07000042,Mid Devon,0,82800,0
E07000042,Mid Devon,0,82800,0
E07000042,Mid Devon,1714,82800,2.070048309178744
E07000042,Mid Devon,1000,82800,1.2077294685990339
E07000042,Mid Devon,712,82800,0.8599033816425121
E07000042,Mid Devon,178,82800,0.21497584541062803
E07000042,Mid Devon,53,82800,0.0640096618357488
E07000043,North Devon,0,98600,0
E07000043,North Devon,0,98600,0
E07000043,North Devon,0,98600,0
E07000043,North Devon,0,98600,0
E07000043,North Devon,0,98600,0
E07000043,North Devon,0,98600,0
E07000043,North Devon,0,98600,0
E07000043,North Devon,39059,98600,39.613590263691684
E07000043,North Devon,20497,98600,20.788032454361055
E07000043,North Devon,13209,98600,13.39655172413793
E07000043,North Devon,2792,98600,2.8316430020283976
E07000043,North Devon,577,98600,0.5851926977687627
E07000043,North Devon,0,98600,0
E07000043,North Devon,37,98600,0.037525354969574036
E07000043,North Devon,20,98600,0.02028397565922921
E07000043,North Devon,32,98600,0.032454361054766734
E07000043,North Devon,6,98600,0.006085192697768763
E07000043,North Devon,1,98600,0.0010141987829614604
E07000043,North Devon,0,98600,0
E07000043,North Devon,22,98600,0.02231237322515213
E07000043,North Devon,22,98600,0.02231237322515213
E07000043,North Devon,17,98600,0.017241379310344827
E07000043,North Devon,2,98600,0.002028397565922921
E07000043,North Devon,0,98600,0
E07000043,North Devon,0,98600,0
E07000043,North Devon,9,98600,0.009127789046653144
E07000043,North Devon,20,98600,0.02028397565922921
E07000043,North Devon,17,98600,0.017241379310344827
E07000043,North Devon,8,98600,0.008113590263691683
E07000043,North Devon,0,98600,0
E07000043,North Devon,0,98600,0
E07000043,North Devon,15,98600,0.015212981744421906
E07000043,North Devon,13,98600,0.013184584178498986
E07000043,North Devon,25,98600,0.02535496957403651
E07000043,North Devon,4,98600,0.004056795131845842
E07000043,North Devon,1,98600,0.0010141987829614604
E07000043,North Devon,0,98600,0
E07000043,North Devon,2109,98600,2.13894523326572
E07000043,North Devon,1229,98600,1.2464503042596349
E07000043,North Devon,786,98600,0.7971602434077079
E07000043,North Devon,165,98600,0.16734279918864098
E07000043,North Devon,48,98600,0.0486815415821501
E07000044,South Hams,0,88600,0
E07000044,South Hams,0,88600,0
E07000044,South Hams,0,88600,0
E07000044,South Hams,0,88600,0
E07000044,South Hams,0,88600,0
E07000044,South Hams,0,88600,0
E07000044,South Hams,0,88600,0
E07000044,South Hams,38514,88600,43.46952595936794
E07000044,South Hams,18055,88600,20.378103837471784
E07000044,South Hams,10920,88600,12.325056433408578
E07000044,South Hams,2290,88600,2.584650112866817
E07000044,South Hams,439,88600,0.49548532731376976
E07000044,South Hams,0,88600,0
E07000044,South Hams,23,88600,0.025959367945823927
E07000044,South Hams,18,88600,0.020316027088036117
E07000044,South Hams,17,88600,0.019187358916478554
E07000044,South Hams,7,88600,0.007900677200902935
E07000044,South Hams,0,88600,0
E07000044,South Hams,0,88600,0
E07000044,South Hams,21,88600,0.023702031602708805
E07000044,South Hams,11,88600,0.012415349887133182
E07000044,South Hams,22,88600,0.024830699774266364
E07000044,South Hams,1,88600,0.001128668171557562
E07000044,South Hams,2,88600,0.002257336343115124
E07000044,South Hams,0,88600,0
E07000044,South Hams,11,88600,0.012415349887133182
E07000044,South Hams,10,88600,0.011286681715575621
E07000044,South Hams,16,88600,0.01805869074492099
E07000044,South Hams,3,88600,0.003386004514672686
E07000044,South Hams,0,88600,0
E07000044,South Hams,0,88600,0
E07000044,South Hams,22,88600,0.024830699774266364
E07000044,South Hams,14,88600,0.01580135440180587
E07000044,South Hams,21,88600,0.023702031602708805
E07000044,South Hams,4,88600,0.004514672686230248
E07000044,South Hams,3,88600,0.003386004514672686
E07000044,South Hams,0,88600,0
E07000044,South Hams,1851,88600,2.0891647855530473
E07000044,South Hams,950,88600,1.072234762979684
E07000044,South Hams,666,88600,0.7516930022573364
E07000044,South Hams,127,88600,0.1433408577878104
E07000044,South Hams,26,88600,0.029345372460496615
E07000045,Teignbridge,0,134800,0
E07000045,Teignbridge,0,134800,0
E07000045,Teignbridge,0,134800,0
E07000045,Teignbridge,0,134800,0
E07000045,Teignbridge,0,134800,0
E07000045,Teignbridge,0,134800,0
E07000045,Teignbridge,0,134800,0
E07000045,Teignbridge,53933,134800,40.009643916913944
E07000045,Teignbridge,28933,134800,21.46364985163205
E07000045,Teignbridge,17971,134800,13.33160237388724
E07000045,Teignbridge,3660,134800,2.71513353115727
E07000045,Teignbridge,655,134800,0.48590504451038574
E07000045,Teignbridge,0,134800,0
E07000045,Teignbridge,32,134800,0.02373887240356083
E07000045,Teignbridge,24,134800,0.017804154302670624
E07000045,Teignbridge,27,134800,0.020029673590504452
E07000045,Teignbridge,13,134800,0.009643916913946587
E07000045,Teignbridge,3,134800,0.002225519287833828
E07000045,Teignbridge,0,134800,0
E07000045,Teignbridge,25,134800,0.018545994065281898
E07000045,Teignbridge,26,134800,0.019287833827893175
E07000045,Teignbridge,18,134800,0.013353115727002967
E07000045,Teignbridge,5,134800,0.00370919881305638
E07000045,Teignbridge,1,134800,7.41839762611276e-4
E07000045,Teignbridge,0,134800,0
E07000045,Teignbridge,17,134800,0.012611275964391691
E07000045,Teignbridge,20,134800,0.01483679525222552
E07000045,Teignbridge,19,134800,0.014094955489614243
E07000045,Teignbridge,4,134800,0.002967359050445104
E07000045,Teignbridge,3,134800,0.002225519287833828
E07000045,Teignbridge,0,134800,0
E07000045,Teignbridge,36,134800,0.026706231454005934
E07000045,Teignbridge,27,134800,0.020029673590504452
E07000045,Teignbridge,20,134800,0.01483679525222552
E07000045,Teignbridge,9,134800,0.0066765578635014835
E07000045,Teignbridge,2,134800,0.001483679525222552
E07000045,Teignbridge,0,134800,0
E07000045,Teignbridge,2842,134800,2.108308605341246
E07000045,Teignbridge,1668,134800,1.2373887240356083
E07000045,Teignbridge,1101,134800,0.8167655786350149
E07000045,Teignbridge,259,134800,0.19213649851632048
E07000045,Teignbridge,44,134800,0.032640949554896145
E07000046,Torridge,0,68100,0
E07000046,Torridge,0,68100,0
E07000046,Torridge,0,68100,0
E07000046,Torridge,0,68100,0
E07000046,Torridge,0,68100,0
E07000046,Torridge,0,68100,0
E07000046,Torridge,0,68100,0
E07000046,Torridge,28775,68100,42.25403817914831
E07000046,Torridge,14537,68100,21.34654919236417
E07000046,Torridge,8078,68100,11.861967694566813
E07000046,Torridge,1774,68100,2.604992657856094
E07000046,Torridge,339,68100,0.4977973568281938
E07000046,Torridge,0,68100,0
E07000046,Torridge,25,68100,0.03671071953010279
E07000046,Torridge,16,68100,0.023494860499265784
E07000046,Torridge,13,68100,0.01908957415565345
E07000046,Torridge,1,68100,0.0014684287812041115
E07000046,Torridge,0,68100,0
E07000046,Torridge,0,68100,0
E07000046,Torridge,18,68100,0.02643171806167401
E07000046,Torridge,12,68100,0.01762114537444934
E07000046,Torridge,8,68100,0.011747430249632892
E07000046,Torridge,0,68100,0
E07000046,Torridge,0,68100,0
E07000046,Torridge,0,68100,0
E07000046,Torridge,14,68100,0.020558002936857563
E07000046,Torridge,8,68100,0.011747430249632892
E07000046,Torridge,10,68100,0.014684287812041116
E07000046,Torridge,1,68100,0.0014684287812041115
E07000046,Torridge,0,68100,0
E07000046,Torridge,0,68100,0
E07000046,Torridge,18,68100,0.02643171806167401
E07000046,Torridge,16,68100,0.023494860499265784
E07000046,Torridge,15,68100,0.022026431718061675
E07000046,Torridge,2,68100,0.002936857562408223
E07000046,Torridge,1,68100,0.0014684287812041115
E07000046,Torridge,0,68100,0
E07000046,Torridge,1643,68100,2.4126284875183552
E07000046,Torridge,823,68100,1.208516886930984
E07000046,Torridge,539,68100,0.7914831130690162
E07000046,Torridge,119,68100,0.17474302496328928
E07000046,Torridge,15,68100,0.022026431718061675
E07000047,West Devon,0,57100,0
E07000047,West Devon,0,57100,0
E07000047,West Devon,0,57100,0
E07000047,West Devon,0,57100,0
E07000047,West Devon,0,57100,0
E07000047,West Devon,0,57100,0
E07000047,West Devon,0,57100,0
E07000047,West Devon,25501,57100,44.660245183887916
E07000047,West Devon,10601,57100,18.565674255691768
E07000047,West Devon,6591,57100,11.542907180385289
E07000047,West Devon,1444,57100,2.5288966725043784
E07000047,West Devon,358,57100,0.62697022767075306
E07000047,West Devon,0,57100,0
E07000047,West Devon,12,57100,0.021015761821366025
E07000047,West Devon,13,57100,0.02276707530647986
E07000047,West Devon,5,57100,0.008756567425569177
E07000047,West Devon,2,57100,0.0035026269702276708
E07000047,West Devon,0,57100,0
E07000047,West Devon,0,57100,0
E07000047,West Devon,6,57100,0.010507880910683012
E07000047,West Devon,5,57100,0.008756567425569177
E07000047,West Devon,5,57100,0.008756567425569177
E07000047,West Devon,1,57100,0.0017513134851138354
E07000047,West Devon,0,57100,0
E07000047,West Devon,0,57100,0
E07000047,West Devon,6,57100,0.010507880910683012
E07000047,West Devon,12,57100,0.021015761821366025
E07000047,West Devon,6,57100,0.010507880910683012
E07000047,West Devon,0,57100,0
E07000047,West Devon,0,57100,0
E07000047,West Devon,0,57100,0
E07000047,West Devon,10,57100,0.017513134851138354
E07000047,West Devon,10,57100,0.017513134851138354
E07000047,West Devon,8,57100,0.014010507880910683
E07000047,West Devon,3,57100,0.005253940455341506
E07000047,West Devon,0,57100,0
E07000047,West Devon,0,57100,0
E07000047,West Devon,1276,57100,2.234676007005254
E07000047,West Devon,608,57100,1.064798598949212
E07000047,West Devon,415,57100,0.7267950963222417
E07000047,West Devon,98,57100,0.17162872154115585
E07000047,West Devon,43,57100,0.07530647985989491
E07000061,Eastbourne,0,101700,0
E07000061,Eastbourne,0,101700,0
E07000061,Eastbourne,0,101700,0
E07000061,Eastbourne,0,101700,0
E07000061,Eastbourne,0,101700,0
E07000061,Eastbourne,0,101700,0
E07000061,Eastbourne,0,101700,0
E07000061,Eastbourne,29940,101700,29.43952802359882
E07000061,Eastbourne,22409,101700,22.03441494591937
E07000061,Eastbourne,18354,101700,18.047197640117993
E07000061,Eastbourne,5717,101700,5.621435594886922
E07000061,Eastbourne,1205,101700,1.184857423795477
E07000061,Eastbourne,0,101700,0
E07000061,Eastbourne,32,101700,0.03146509341199607
E07000061,Eastbourne,26,101700,0.025565388397246803
E07000061,Eastbourne,55,101700,0.05408062930186824
E07000061,Eastbourne,22,101700,0.021632251720747297
E07000061,Eastbourne,3,101700,0.0029498525073746312
E07000061,Eastbourne,0,101700,0
E07000061,Eastbourne,23,101700,0.02261553588987217
E07000061,Eastbourne,21,101700,0.02064896755162242
E07000061,Eastbourne,27,101700,0.02654867256637168
E07000061,Eastbourne,10,101700,0.00983284169124877
E07000061,Eastbourne,4,101700,0.003933136676499509
E07000061,Eastbourne,0,101700,0
E07000061,Eastbourne,18,101700,0.017699115044247787
E07000061,Eastbourne,22,101700,0.021632251720747297
E07000061,Eastbourne,24,101700,0.02359882005899705
E07000061,Eastbourne,6,101700,0.0058997050147492625
E07000061,Eastbourne,7,101700,0.00688298918387414
E07000061,Eastbourne,0,101700,0
E07000061,Eastbourne,12,101700,0.011799410029498525
E07000061,Eastbourne,24,101700,0.02359882005899705
E07000061,Eastbourne,33,101700,0.032448377581120944
E07000061,Eastbourne,16,101700,0.015732546705998034
E07000061,Eastbourne,2,101700,0.0019665683382497543
E07000061,Eastbourne,0,101700,0
E07000061,Eastbourne,1631,101700,1.6037364798426745
E07000061,Eastbourne,1376,101700,1.3529990167158308
E07000061,Eastbourne,1151,101700,1.1317600786627335
E07000061,Eastbourne,388,101700,0.3815142576204523
E07000061,Eastbourne,136,101700,0.13372664700098327
E07000062,Hastings,0,91100,0
E07000062,Hastings,0,91100,0
E07000062,Hastings,0,91100,0
E07000062,Hastings,0,91100,0
E07000062,Hastings,0,91100,0
E07000062,Hastings,0,91100,0
E07000062,Hastings,0,91100,0
E07000062,Hastings,28086,91100,30.829857299670692
E07000062,Hastings,18156,91100,19.929747530186606
E07000062,Hastings,16572,91100,18.19099890230516
E07000062,Hastings,4809,91100,5.278814489571899
E07000062,Hastings,1048,91100,1.150384193194292
E07000062,Hastings,0,91100,0
E07000062,Hastings,25,91100,0.027442371020856202
E07000062,Hastings,30,91100,0.03293084522502744
E07000062,Hastings,63,91100,0.06915477497255763
E07000062,Hastings,16,91100,0.01756311745334797
E07000062,Hastings,0,91100,0
E07000062,Hastings,0,91100,0
E07000062,Hastings,18,91100,0.019758507135016465
E07000062,Hastings,14,91100,0.015367727771679473
E07000062,Hastings,19,91100,0.020856201975850714
E07000062,Hastings,11,91100,0.012074643249176729
E07000062,Hastings,1,91100,0.0010976948408342481
E07000062,Hastings,0,91100,0
E07000062,Hastings,21,91100,0.02305159165751921
E07000062,Hastings,19,91100,0.020856201975850714
E07000062,Hastings,19,91100,0.020856201975850714
E07000062,Hastings,10,91100,0.010976948408342482
E07000062,Hastings,1,91100,0.0010976948408342481
E07000062,Hastings,0,91100,0
E07000062,Hastings,27,91100,0.029637760702524697
E07000062,Hastings,27,91100,0.029637760702524697
E07000062,Hastings,42,91100,0.04610318331503842
E07000062,Hastings,12,91100,0.013172338090010977
E07000062,Hastings,2,91100,0.0021953896816684962
E07000062,Hastings,0,91100,0
E07000062,Hastings,1639,91100,1.7991218441273327
E07000062,Hastings,1151,91100,1.2634467618002196
E07000062,Hastings,1088,91100,1.1942919868276618
E07000062,Hastings,356,91100,0.3907793633369923
E07000062,Hastings,95,91100,0.10428100987925357
E07000063,Lewes,0,99900,0
E07000063,Lewes,0,99900,0
E07000063,Lewes,0,99900,0
E07000063,Lewes,0,99900,0
E07000063,Lewes,0,99900,0
E07000063,Lewes,0,99900,0
E07000063,Lewes,0,99900,0
E07000063,Lewes,35985,99900,36.02102102102102
E07000063,Lewes,21042,99900,21.063063063063062
E07000063,Lewes,15330,99900,15.345345345345345
E07000063,Lewes,4256,99900,4.26026026026026
E07000063,Lewes,752,99900,0.7527527527527528
E07000063,Lewes,0,99900,0
E07000063,Lewes,21,99900,0.021021021021021023
E07000063,Lewes,23,99900,0.023023023023023025
E07000063,Lewes,34,99900,0.03403403403403404
E07000063,Lewes,13,99900,0.013013013013013013
E07000063,Lewes,0,99900,0
E07000063,Lewes,0,99900,0
E07000063,Lewes,24,99900,0.024024024024024024
E07000063,Lewes,15,99900,0.015015015015015015
E07000063,Lewes,16,99900,0.016016016016016016
E07000063,Lewes,2,99900,0.002002002002002002
E07000063,Lewes,0,99900,0
E07000063,Lewes,0,99900,0
E07000063,Lewes,21,99900,0.021021021021021023
E07000063,Lewes,16,99900,0.016016016016016016
E07000063,Lewes,15,99900,0.015015015015015015
E07000063,Lewes,7,99900,0.007007007007007007
E07000063,Lewes,4,99900,0.004004004004004004
E07000063,Lewes,0,99900,0
E07000063,Lewes,34,99900,0.03403403403403404
E07000063,Lewes,24,99900,0.024024024024024024
E07000063,Lewes,37,99900,0.037037037037037035
E07000063,Lewes,8,99900,0.008008008008008008
E07000063,Lewes,1,99900,0.001001001001001001
E07000063,Lewes,0,99900,0
E07000063,Lewes,1773,99900,1.7747747747747749
E07000063,Lewes,1138,99900,1.1391391391391392
E07000063,Lewes,880,99900,0.8808808808808809
E07000063,Lewes,236,99900,0.23623623623623624
E07000063,Lewes,38,99900,0.03803803803803804
E07000064,Rother,0,93100,0
E07000064,Rother,0,93100,0
E07000064,Rother,0,93100,0
E07000064,Rother,0,93100,0
E07000064,Rother,0,93100,0
E07000064,Rother,0,93100,0
E07000064,Rother,0,93100,0
E07000064,Rother,38282,93100,41.11922663802363
E07000064,Rother,19156,93100,20.575725026852847
E07000064,Rother,12204,93100,13.108485499462944
E07000064,Rother,3185,93100,3.4210526315789473
E07000064,Rother,716,93100,0.7690655209452202
E07000064,Rother,0,93100,0
E07000064,Rother,30,93100,0.0322234156820623
E07000064,Rother,11,93100,0.011815252416756176
E07000064,Rother,16,93100,0.017185821697099892
E07000064,Rother,9,93100,0.00966702470461869
E07000064,Rother,7,93100,0.007518796992481203
E07000064,Rother,0,93100,0
E07000064,Rother,20,93100,0.021482277121374866
E07000064,Rother,15,93100,0.01611170784103115
E07000064,Rother,7,93100,0.007518796992481203
E07000064,Rother,12,93100,0.01288936627282492
E07000064,Rother,1,93100,0.0010741138560687433
E07000064,Rother,0,93100,0
E07000064,Rother,18,93100,0.01933404940923738
E07000064,Rother,14,93100,0.015037593984962405
E07000064,Rother,16,93100,0.017185821697099892
E07000064,Rother,4,93100,0.004296455424274973
E07000064,Rother,1,93100,0.0010741138560687433
E07000064,Rother,0,93100,0
E07000064,Rother,14,93100,0.015037593984962405
E07000064,Rother,15,93100,0.01611170784103115
E07000064,Rother,11,93100,0.011815252416756176
E07000064,Rother,4,93100,0.004296455424274973
E07000064,Rother,1,93100,0.0010741138560687433
E07000064,Rother,0,93100,0
E07000064,Rother,2012,93100,2.1611170784103115
E07000064,Rother,1090,93100,1.1707841031149302
E07000064,Rother,753,93100,0.8088077336197637
E07000064,Rother,181,93100,0.19441460794844254
E07000064,Rother,58,93100,0.06229860365198711
E07000065,Wealden,0,160100,0
E07000065,Wealden,0,160100,0
E07000065,Wealden,0,160100,0
E07000065,Wealden,0,160100,0
E07000065,Wealden,0,160100,0
E07000065,Wealden,0,160100,0
E07000065,Wealden,0,160100,0
E07000065,Wealden,69620,160100,43.48532167395378
E07000065,Wealden,30939,160100,19.32479700187383
E07000065,Wealden,19403,160100,12.119300437226734
E07000065,Wealden,4321,160100,2.6989381636477203
E07000065,Wealden,749,160100,0.4678326046221112
E07000065,Wealden,0,160100,0
E07000065,Wealden,41,160100,0.02560899437851343
E07000065,Wealden,49,160100,0.030605871330418487
E07000065,Wealden,22,160100,0.013741411617738912
E07000065,Wealden,6,160100,0.0037476577139287947
E07000065,Wealden,0,160100,0
E07000065,Wealden,0,160100,0
E07000065,Wealden,35,160100,0.021861336664584636
E07000065,Wealden,17,160100,0.010618363522798251
E07000065,Wealden,11,160100,0.006870705808869456
E07000065,Wealden,3,160100,0.0018738288569643974
E07000065,Wealden,1,160100,6.246096189881324e-4
E07000065,Wealden,0,160100,0
E07000065,Wealden,16,160100,0.009993753903810118
E07000065,Wealden,16,160100,0.009993753903810118
E07000065,Wealden,13,160100,0.008119925046845722
E07000065,Wealden,1,160100,6.246096189881324e-4
E07000065,Wealden,0,160100,0
E07000065,Wealden,0,160100,0
E07000065,Wealden,24,160100,0.014990630855715179
E07000065,Wealden,30,160100,0.018738288569643973
E07000065,Wealden,25,160100,0.01561524047470331
E07000065,Wealden,7,160100,0.004372267332916927
E07000065,Wealden,1,160100,6.246096189881324e-4
E07000065,Wealden,0,160100,0
E07000065,Wealden,3202,160100,2
E07000065,Wealden,1629,160100,1.0174890693316676
E07000065,Wealden,1047,160100,0.6539662710805746
E07000065,Wealden,233,160100,0.14553404122423486
E07000065,Wealden,59,160100,0.03685196752029981
E07000066,Basildon,0,187600,0
E07000066,Basildon,0,187600,0
E07000066,Basildon,0,187600,0
E07000066,Basildon,0,187600,0
E07000066,Basildon,0,187600,0
E07000066,Basildon,0,187600,0
E07000066,Basildon,0,187600,0
E07000066,Basildon,57631,187600,30.720149253731343
E07000066,Basildon,37205,187600,19.832089552238806
E07000066,Basildon,33700,187600,17.963752665245202
E07000066,Basildon,9451,187600,5.037846481876333
E07000066,Basildon,2288,187600,1.2196162046908317
E07000066,Basildon,0,187600,0
E07000066,Basildon,52,187600,0.02771855010660981
E07000066,Basildon,77,187600,0.041044776119402986
E07000066,Basildon,84,187600,0.04477611940298507
E07000066,Basildon,31,187600,0.01652452025586354
E07000066,Basildon,8,187600,0.0042643923240938165
E07000066,Basildon,0,187600,0
E07000066,Basildon,23,187600,0.012260127931769723
E07000066,Basildon,44,187600,0.023454157782515993
E07000066,Basildon,32,187600,0.017057569296375266
E07000066,Basildon,13,187600,0.006929637526652452
E07000066,Basildon,5,187600,0.0026652452025586353
E07000066,Basildon,0,187600,0
E07000066,Basildon,23,187600,0.012260127931769723
E07000066,Basildon,31,187600,0.01652452025586354
E07000066,Basildon,31,187600,0.01652452025586354
E07000066,Basildon,11,187600,0.005863539445628998
E07000066,Basildon,5,187600,0.0026652452025586353
E07000066,Basildon,0,187600,0
E07000066,Basildon,16,187600,0.008528784648187633
E07000066,Basildon,24,187600,0.01279317697228145
E07000066,Basildon,17,187600,0.00906183368869936
E07000066,Basildon,9,187600,0.004797441364605544
E07000066,Basildon,1,187600,5.330490405117271e-4
E07000066,Basildon,0,187600,0
E07000066,Basildon,2708,187600,1.443496801705757
E07000066,Basildon,1903,187600,1.0143923240938166
E07000066,Basildon,1740,187600,0.9275053304904051
E07000066,Basildon,564,187600,0.3006396588486141
E07000066,Basildon,149,187600,0.07942430703624734
E07000067,Braintree,0,155200,0
E07000067,Braintree,0,155200,0
E07000067,Braintree,0,155200,0
E07000067,Braintree,0,155200,0
E07000067,Braintree,0,155200,0
E07000067,Braintree,0,155200,0
E07000067,Braintree,0,155200,0
E07000067,Braintree,59336,155200,38.2319587628866
E07000067,Braintree,31170,155200,20.08376288659794
E07000067,Braintree,22921,155200,14.768685567010309
E07000067,Braintree,4873,155200,3.139819587628866
E07000067,Braintree,925,155200,0.5960051546391752
E07000067,Braintree,0,155200,0
E07000067,Braintree,56,155200,0.03608247422680412
E07000067,Braintree,42,155200,0.027061855670103094
E07000067,Braintree,49,155200,0.03157216494845361
E07000067,Braintree,15,155200,0.009664948453608248
E07000067,Braintree,3,155200,0.0019329896907216496
E07000067,Braintree,0,155200,0
E07000067,Braintree,32,155200,0.020618556701030927
E07000067,Braintree,31,155200,0.01997422680412371
E07000067,Braintree,15,155200,0.009664948453608248
E07000067,Braintree,3,155200,0.0019329896907216496
E07000067,Braintree,1,155200,6.443298969072165e-4
E07000067,Braintree,0,155200,0
E07000067,Braintree,32,155200,0.020618556701030927
E07000067,Braintree,18,155200,0.011597938144329897
E07000067,Braintree,18,155200,0.011597938144329897
E07000067,Braintree,3,155200,0.0019329896907216496
E07000067,Braintree,2,155200,0.001288659793814433
E07000067,Braintree,0,155200,0
E07000067,Braintree,28,155200,0.01804123711340206
E07000067,Braintree,20,155200,0.01288659793814433
E07000067,Braintree,19,155200,0.012242268041237113
E07000067,Braintree,6,155200,0.003865979381443299
E07000067,Braintree,0,155200,0
E07000067,Braintree,0,155200,0
E07000067,Braintree,2570,155200,1.6559278350515463
E07000067,Braintree,1549,155200,0.9980670103092784
E07000067,Braintree,1250,155200,0.8054123711340206
E07000067,Braintree,280,155200,0.18041237113402062
E07000067,Braintree,76,155200,0.04896907216494845
E07000068,Brentwood,0,77000,0
E07000068,Brentwood,0,77000,0
E07000068,Brentwood,0,77000,0
E07000068,Brentwood,0,77000,0
E07000068,Brentwood,0,77000,0
E07000068,Brentwood,0,77000,0
E07000068,Brentwood,0,77000,0
E07000068,Brentwood,30160,77000,39.16883116883117
E07000068,Brentwood,14209,77000,18.453246753246752
E07000068,Brentwood,11390,77000,14.792207792207792
E07000068,Brentwood,2911,77000,3.7805194805194806
E07000068,Brentwood,646,77000,0.8389610389610389
E07000068,Brentwood,0,77000,0
E07000068,Brentwood,18,77000,0.023376623376623377
E07000068,Brentwood,14,77000,0.01818181818181818
E07000068,Brentwood,26,77000,0.033766233766233764
E07000068,Brentwood,8,77000,0.01038961038961039
E07000068,Brentwood,1,77000,0.0012987012987012987
E07000068,Brentwood,0,77000,0
E07000068,Brentwood,6,77000,0.007792207792207792
E07000068,Brentwood,11,77000,0.014285714285714285
E07000068,Brentwood,12,77000,0.015584415584415584
E07000068,Brentwood,2,77000,0.0025974025974025974
E07000068,Brentwood,2,77000,0.0025974025974025974
E07000068,Brentwood,0,77000,0
E07000068,Brentwood,14,77000,0.01818181818181818
E07000068,Brentwood,8,77000,0.01038961038961039
E07000068,Brentwood,10,77000,0.012987012987012988
E07000068,Brentwood,3,77000,0.003896103896103896
E07000068,Brentwood,2,77000,0.0025974025974025974
E07000068,Brentwood,0,77000,0
E07000068,Brentwood,12,77000,0.015584415584415584
E07000068,Brentwood,10,77000,0.012987012987012988
E07000068,Brentwood,5,77000,0.006493506493506494
E07000068,Brentwood,2,77000,0.0025974025974025974
E07000068,Brentwood,0,77000,0
E07000068,Brentwood,0,77000,0
E07000068,Brentwood,1269,77000,1.648051948051948
E07000068,Brentwood,722,77000,0.9376623376623376
E07000068,Brentwood,569,77000,0.7389610389610389
E07000068,Brentwood,196,77000,0.2545454545454545
E07000068,Brentwood,24,77000,0.03116883116883117
E07000069,Castle Point,0,89600,0
E07000069,Castle Point,0,89600,0
E07000069,Castle Point,0,89600,0
E07000069,Castle Point,0,89600,0
E07000069,Castle Point,0,89600,0
E07000069,Castle Point,0,89600,0
E07000069,Castle Point,0,89600,0
E07000069,Castle Point,31417,89600,35.06361607142857
E07000069,Castle Point,20284,89600,22.638392857142858
E07000069,Castle Point,13877,89600,15.487723214285714
E07000069,Castle Point,3890,89600,4.341517857142857
E07000069,Castle Point,883,89600,0.9854910714285714
E07000069,Castle Point,0,89600,0
E07000069,Castle Point,19,89600,0.021205357142857144
E07000069,Castle Point,27,89600,0.030133928571428572
E07000069,Castle Point,17,89600,0.018973214285714284
E07000069,Castle Point,13,89600,0.014508928571428572
E07000069,Castle Point,9,89600,0.010044642857142858
E07000069,Castle Point,0,89600,0
E07000069,Castle Point,19,89600,0.021205357142857144
E07000069,Castle Point,10,89600,0.011160714285714286
E07000069,Castle Point,3,89600,0.0033482142857142855
E07000069,Castle Point,6,89600,0.006696428571428571
E07000069,Castle Point,1,89600,0.0011160714285714285
E07000069,Castle Point,0,89600,0
E07000069,Castle Point,17,89600,0.018973214285714284
E07000069,Castle Point,13,89600,0.014508928571428572
E07000069,Castle Point,6,89600,0.006696428571428571
E07000069,Castle Point,4,89600,0.004464285714285714
E07000069,Castle Point,2,89600,0.002232142857142857
E07000069,Castle Point,0,89600,0
E07000069,Castle Point,7,89600,0.0078125
E07000069,Castle Point,7,89600,0.0078125
E07000069,Castle Point,7,89600,0.0078125
E07000069,Castle Point,5,89600,0.005580357142857143
E07000069,Castle Point,1,89600,0.0011160714285714285
E07000069,Castle Point,0,89600,0
E07000069,Castle Point,1347,89600,1.5033482142857142
E07000069,Castle Point,1061,89600,1.1841517857142858
E07000069,Castle Point,765,89600,0.8537946428571429
E07000069,Castle Point,213,89600,0.23772321428571427
E07000069,Castle Point,44,89600,0.049107142857142856
E07000070,Chelmsford,0,181500,0
E07000070,Chelmsford,0,181500,0
E07000070,Chelmsford,0,181500,0
E07000070,Chelmsford,0,181500,0
E07000070,Chelmsford,0,181500,0
E07000070,Chelmsford,0,181500,0
E07000070,Chelmsford,0,181500,0
E07000070,Chelmsford,71099,181500,39.173002754820935
E07000070,Chelmsford,33539,181500,18.47878787878788
E07000070,Chelmsford,26143,181500,14.403856749311295
E07000070,Chelmsford,6053,181500,3.334986225895317
E07000070,Chelmsford,1244,181500,0.6853994490358126
E07000070,Chelmsford,0,181500,0
E07000070,Chelmsford,52,181500,0.02865013774104683
E07000070,Chelmsford,38,181500,0.0209366391184573
E07000070,Chelmsford,68,181500,0.03746556473829201
E07000070,Chelmsford,22,181500,0.012121212121212121
E07000070,Chelmsford,7,181500,0.003856749311294766
E07000070,Chelmsford,0,181500,0
E07000070,Chelmsford,24,181500,0.013223140495867768
E07000070,Chelmsford,20,181500,0.011019283746556474
E07000070,Chelmsford,40,181500,0.02203856749311295
E07000070,Chelmsford,9,181500,0.0049586776859504135
E07000070,Chelmsford,2,181500,0.0011019283746556473
E07000070,Chelmsford,0,181500,0
E07000070,Chelmsford,27,181500,0.01487603305785124
E07000070,Chelmsford,19,181500,0.01046831955922865
E07000070,Chelmsford,26,181500,0.014325068870523415
E07000070,Chelmsford,6,181500,0.003305785123966942
E07000070,Chelmsford,6,181500,0.003305785123966942
E07000070,Chelmsford,0,181500,0
E07000070,Chelmsford,19,181500,0.01046831955922865
E07000070,Chelmsford,25,181500,0.013774104683195593
E07000070,Chelmsford,23,181500,0.012672176308539946
E07000070,Chelmsford,6,181500,0.003305785123966942
E07000070,Chelmsford,1,181500,5.509641873278236e-4
E07000070,Chelmsford,0,181500,0
E07000070,Chelmsford,3169,181500,1.7460055096418732
E07000070,Chelmsford,1642,181500,0.9046831955922865
E07000070,Chelmsford,1543,181500,0.8501377410468319
E07000070,Chelmsford,405,181500,0.2231404958677686
E07000070,Chelmsford,136,181500,0.07493112947658402
E07000071,Colchester,0,192700,0
E07000071,Colchester,0,192700,0
E07000071,Colchester,0,192700,0
E07000071,Colchester,0,192700,0
E07000071,Colchester,0,192700,0
E07000071,Colchester,0,192700,0
E07000071,Colchester,0,192700,0
E07000071,Colchester,66753,192700,34.64089257913856
E07000071,Colchester,37617,192700,19.52101712506487
E07000071,Colchester,29515,192700,15.31655422937208
E07000071,Colchester,7557,192700,3.9216398546964193
E07000071,Colchester,1525,192700,0.7913855734302024
E07000071,Colchester,0,192700,0
E07000071,Colchester,64,192700,0.03321224701608718
E07000071,Colchester,70,192700,0.03632589517384536
E07000071,Colchester,86,192700,0.04462895692786715
E07000071,Colchester,18,192700,0.00934094447327452
E07000071,Colchester,12,192700,0.006227296315516347
E07000071,Colchester,0,192700,0
E07000071,Colchester,49,192700,0.02542812662169175
E07000071,Colchester,36,192700,0.01868188894654904
E07000071,Colchester,49,192700,0.02542812662169175
E07000071,Colchester,17,192700,0.008822003113648157
E07000071,Colchester,7,192700,0.0036325895173845357
E07000071,Colchester,0,192700,0
E07000071,Colchester,38,192700,0.019719771665801765
E07000071,Colchester,36,192700,0.01868188894654904
E07000071,Colchester,66,192700,0.034250129735339904
E07000071,Colchester,24,192700,0.012454592631032694
E07000071,Colchester,5,192700,0.002594706798131811
E07000071,Colchester,0,192700,0
E07000071,Colchester,43,192700,0.022314478463933574
E07000071,Colchester,39,192700,0.020238713025428127
E07000071,Colchester,58,192700,0.03009859885832901
E07000071,Colchester,23,192700,0.011935651271406332
E07000071,Colchester,1,192700,5.189413596263622e-4
E07000071,Colchester,0,192700,0
E07000071,Colchester,3055,192700,1.5853658536585367
E07000071,Colchester,1954,192700,1.0140114167099117
E07000071,Colchester,1815,192700,0.9418785677218474
E07000071,Colchester,558,192700,0.2895692786715101
E07000071,Colchester,166,192700,0.08614426569797613
E07000072,Epping Forest,0,135000,0
E07000072,Epping Forest,0,135000,0
E07000072,Epping Forest,0,135000,0
E07000072,Epping Forest,0,135000,0
E07000072,Epping Forest,0,135000,0
E07000072,Epping Forest,0,135000,0
E07000072,Epping Forest,0,135000,0
E07000072,Epping Forest,47225,135000,34.98148148148148
E07000072,Epping Forest,25843,135000,19.14296296296296
E07000072,Epping Forest,21431,135000,15.874814814814815
E07000072,Epping Forest,6885,135000,5.1
E07000072,Epping Forest,1695,135000,1.2555555555555555
E07000072,Epping Forest,0,135000,0
E07000072,Epping Forest,54,135000,0.04
E07000072,Epping Forest,36,135000,0.02666666666666667
E07000072,Epping Forest,48,135000,0.035555555555555556
E07000072,Epping Forest,23,135000,0.017037037037037038
E07000072,Epping Forest,10,135000,0.007407407407407408
E07000072,Epping Forest,0,135000,0
E07000072,Epping Forest,29,135000,0.02148148148148148
E07000072,Epping Forest,15,135000,0.011111111111111112
E07000072,Epping Forest,20,135000,0.014814814814814815
E07000072,Epping Forest,7,135000,0.005185185185185185
E07000072,Epping Forest,4,135000,0.002962962962962963
E07000072,Epping Forest,0,135000,0
E07000072,Epping Forest,23,135000,0.017037037037037038
E07000072,Epping Forest,16,135000,0.011851851851851851
E07000072,Epping Forest,18,135000,0.013333333333333334
E07000072,Epping Forest,8,135000,0.005925925925925926
E07000072,Epping Forest,8,135000,0.005925925925925926
E07000072,Epping Forest,0,135000,0
E07000072,Epping Forest,19,135000,0.014074074074074074
E07000072,Epping Forest,4,135000,0.002962962962962963
E07000072,Epping Forest,10,135000,0.007407407407407408
E07000072,Epping Forest,6,135000,0.0044444444444444444
E07000072,Epping Forest,2,135000,0.0014814814814814814
E07000072,Epping Forest,0,135000,0
E07000072,Epping Forest,2249,135000,1.665925925925926
E07000072,Epping Forest,1376,135000,1.0192592592592593
E07000072,Epping Forest,1245,135000,0.9222222222222223
E07000072,Epping Forest,492,135000,0.36444444444444446
E07000072,Epping Forest,163,135000,0.12074074074074075
E07000073,Harlow,0,93300,0
E07000073,Harlow,0,93300,0
E07000073,Harlow,0,93300,0
E07000073,Harlow,0,93300,0
E07000073,Harlow,0,93300,0
E07000073,Harlow,0,93300,0
E07000073,Harlow,0,93300,0
E07000073,Harlow,19655,93300,21.066452304394428
E07000073,Harlow,18363,93300,19.681672025723472
E07000073,Harlow,20921,93300,22.423365487674168
E07000073,Harlow,7586,93300,8.130760986066452
E07000073,Harlow,1783,93300,1.9110396570203645
E07000073,Harlow,0,93300,0
E07000073,Harlow,35,93300,0.03751339764201501
E07000073,Harlow,44,93300,0.04715969989281887
E07000073,Harlow,74,93300,0.07931404072883172
E07000073,Harlow,34,93300,0.03644158628081458
E07000073,Harlow,19,93300,0.020364415862808145
E07000073,Harlow,0,93300,0
E07000073,Harlow,21,93300,0.022508038585209004
E07000073,Harlow,18,93300,0.01929260450160772
E07000073,Harlow,28,93300,0.030010718113612004
E07000073,Harlow,23,93300,0.02465166130760986
E07000073,Harlow,2,93300,0.0021436227224008574
E07000073,Harlow,0,93300,0
E07000073,Harlow,9,93300,0.00964630225080386
E07000073,Harlow,15,93300,0.01607717041800643
E07000073,Harlow,31,93300,0.03322615219721329
E07000073,Harlow,18,93300,0.01929260450160772
E07000073,Harlow,3,93300,0.003215434083601286
E07000073,Harlow,0,93300,0
E07000073,Harlow,2,93300,0.0021436227224008574
E07000073,Harlow,2,93300,0.0021436227224008574
E07000073,Harlow,19,93300,0.020364415862808145
E07000073,Harlow,7,93300,0.007502679528403001
E07000073,Harlow,1,93300,0.0010718113612004287
E07000073,Harlow,0,93300,0
E07000073,Harlow,998,93300,1.0696677384780278
E07000073,Harlow,1042,93300,1.1168274383708467
E07000073,Harlow,1220,93300,1.307609860664523
E07000073,Harlow,567,93300,0.6077170418006431
E07000073,Harlow,208,93300,0.22293676312968919
E07000074,Maldon,0,66200,0
E07000074,Maldon,0,66200,0
E07000074,Maldon,0,66200,0
E07000074,Maldon,0,66200,0
E07000074,Maldon,0,66200,0
E07000074,Maldon,0,66200,0
E07000074,Maldon,0,66200,0
E07000074,Maldon,30664,66200,46.3202416918429
E07000074,Maldon,11754,66200,17.755287009063444
E07000074,Maldon,7946,66200,12.003021148036254
E07000074,Maldon,1800,66200,2.719033232628399
E07000074,Maldon,380,66200,0.5740181268882175
E07000074,Maldon,0,66200,0
E07000074,Maldon,22,66200,0.03323262839879154
E07000074,Maldon,14,66200,0.021148036253776436
E07000074,Maldon,15,66200,0.022658610271903322
E07000074,Maldon,1,66200,0.0015105740181268882
E07000074,Maldon,0,66200,0
E07000074,Maldon,0,66200,0
E07000074,Maldon,14,66200,0.021148036253776436
E07000074,Maldon,5,66200,0.0075528700906344415
E07000074,Maldon,10,66200,0.015105740181268883
E07000074,Maldon,3,66200,0.004531722054380665
E07000074,Maldon,0,66200,0
E07000074,Maldon,0,66200,0
E07000074,Maldon,19,66200,0.028700906344410877
E07000074,Maldon,3,66200,0.004531722054380665
E07000074,Maldon,3,66200,0.004531722054380665
E07000074,Maldon,3,66200,0.004531722054380665
E07000074,Maldon,0,66200,0
E07000074,Maldon,0,66200,0
E07000074,Maldon,11,66200,0.01661631419939577
E07000074,Maldon,8,66200,0.012084592145015106
E07000074,Maldon,12,66200,0.01812688821752266
E07000074,Maldon,3,66200,0.004531722054380665
E07000074,Maldon,1,66200,0.0015105740181268882
E07000074,Maldon,0,66200,0
E07000074,Maldon,1298,66200,1.960725075528701
E07000074,Maldon,494,66200,0.7462235649546828
E07000074,Maldon,351,66200,0.5302114803625377
E07000074,Maldon,88,66200,0.13293051359516617
E07000074,Maldon,18,66200,0.027190332326283987
E07000075,Rochford,0,85600,0
E07000075,Rochford,0,85600,0
E07000075,Rochford,0,85600,0
E07000075,Rochford,0,85600,0
E07000075,Rochford,0,85600,0
E07000075,Rochford,0,85600,0
E07000075,Rochford,0,85600,0
E07000075,Rochford,34524,85600,40.33177570093458
E07000075,Rochford,17540,85600,20.490654205607477
E07000075,Rochford,11921,85600,13.926401869158878
E07000075,Rochford,2935,85600,3.428738317757009
E07000075,Rochford,507,85600,0.5922897196261683
E07000075,Rochford,0,85600,0
E07000075,Rochford,27,85600,0.03154205607476635
E07000075,Rochford,20,85600,0.02336448598130841
E07000075,Rochford,11,85600,0.012850467289719626
E07000075,Rochford,0,85600,0
E07000075,Rochford,4,85600,0.004672897196261682
E07000075,Rochford,0,85600,0
E07000075,Rochford,11,85600,0.012850467289719626
E07000075,Rochford,11,85600,0.012850467289719626
E07000075,Rochford,10,85600,0.011682242990654205
E07000075,Rochford,3,85600,0.0035046728971962616
E07000075,Rochford,0,85600,0
E07000075,Rochford,0,85600,0
E07000075,Rochford,11,85600,0.012850467289719626
E07000075,Rochford,3,85600,0.0035046728971962616
E07000075,Rochford,4,85600,0.004672897196261682
E07000075,Rochford,1,85600,0.0011682242990654205
E07000075,Rochford,0,85600,0
E07000075,Rochford,0,85600,0
E07000075,Rochford,11,85600,0.012850467289719626
E07000075,Rochford,8,85600,0.009345794392523364
E07000075,Rochford,6,85600,0.007009345794392523
E07000075,Rochford,3,85600,0.0035046728971962616
E07000075,Rochford,0,85600,0
E07000075,Rochford,0,85600,0
E07000075,Rochford,1427,85600,1.6670560747663552
E07000075,Rochford,738,85600,0.8621495327102804
E07000075,Rochford,537,85600,0.6273364485981309
E07000075,Rochford,129,85600,0.15070093457943926
E07000075,Rochford,17,85600,0.01985981308411215
E07000076,Tendring,0,148100,0
E07000076,Tendring,0,148100,0
E07000076,Tendring,0,148100,0
E07000076,Tendring,0,148100,0
E07000076,Tendring,0,148100,0
E07000076,Tendring,0,148100,0
E07000076,Tendring,0,148100,0
E07000076,Tendring,50230,148100,33.916272788656315
E07000076,Tendring,36959,148100,24.955435516542877
E07000076,Tendring,21946,148100,14.818365968939906
E07000076,Tendring,5465,148100,3.690074274139095
E07000076,Tendring,1234,148100,0.8332207967589467
E07000076,Tendring,0,148100,0
E07000076,Tendring,44,148100,0.029709655638082377
E07000076,Tendring,57,148100,0.03848750844024308
E07000076,Tendring,30,148100,0.02025658338960162
E07000076,Tendring,19,148100,0.012829169480081027
E07000076,Tendring,3,148100,0.002025658338960162
E07000076,Tendring,0,148100,0
E07000076,Tendring,62,148100,0.04186360567184335
E07000076,Tendring,58,148100,0.03916272788656313
E07000076,Tendring,20,148100,0.01350438892640108
E07000076,Tendring,6,148100,0.004051316677920324
E07000076,Tendring,1,148100,6.752194463200541e-4
E07000076,Tendring,0,148100,0
E07000076,Tendring,13,148100,0.008777852802160702
E07000076,Tendring,28,148100,0.018906144496961513
E07000076,Tendring,21,148100,0.014179608372721135
E07000076,Tendring,5,148100,0.00337609723160027
E07000076,Tendring,1,148100,6.752194463200541e-4
E07000076,Tendring,0,148100,0
E07000076,Tendring,27,148100,0.01823092505064146
E07000076,Tendring,11,148100,0.007427413909520594
E07000076,Tendring,14,148100,0.009453072248480757
E07000076,Tendring,4,148100,0.0027008777852802163
E07000076,Tendring,1,148100,6.752194463200541e-4
E07000076,Tendring,0,148100,0
E07000076,Tendring,2736,148100,1.8474004051316677
E07000076,Tendring,2470,148100,1.6677920324105335
E07000076,Tendring,1370,148100,0.925050641458474
E07000076,Tendring,320,148100,0.21607022282241728
E07000076,Tendring,86,148100,0.05806887238352464
E07000077,Uttlesford,0,91300,0
E07000077,Uttlesford,0,91300,0
E07000077,Uttlesford,0,91300,0
E07000077,Uttlesford,0,91300,0
E07000077,Uttlesford,0,91300,0
E07000077,Uttlesford,0,91300,0
E07000077,Uttlesford,0,91300,0
E07000077,Uttlesford,41480,91300,45.43263964950712
E07000077,Uttlesford,15315,91300,16.774370208105147
E07000077,Uttlesford,10353,91300,11.339539978094194
E07000077,Uttlesford,1938,91300,2.1226725082146767
E07000077,Uttlesford,345,91300,0.3778751369112815
E07000077,Uttlesford,0,91300,0
E07000077,Uttlesford,20,91300,0.02190580503833516
E07000077,Uttlesford,13,91300,0.014238773274917854
E07000077,Uttlesford,15,91300,0.01642935377875137
E07000077,Uttlesford,6,91300,0.0065717415115005475
E07000077,Uttlesford,0,91300,0
E07000077,Uttlesford,0,91300,0
E07000077,Uttlesford,20,91300,0.02190580503833516
E07000077,Uttlesford,8,91300,0.008762322015334063
E07000077,Uttlesford,6,91300,0.0065717415115005475
E07000077,Uttlesford,5,91300,0.00547645125958379
E07000077,Uttlesford,2,91300,0.002190580503833516
E07000077,Uttlesford,0,91300,0
E07000077,Uttlesford,18,91300,0.019715224534501644
E07000077,Uttlesford,7,91300,0.0076670317634173054
E07000077,Uttlesford,7,91300,0.0076670317634173054
E07000077,Uttlesford,3,91300,0.0032858707557502738
E07000077,Uttlesford,1,91300,0.001095290251916758
E07000077,Uttlesford,0,91300,0
E07000077,Uttlesford,12,91300,0.013143483023001095
E07000077,Uttlesford,10,91300,0.01095290251916758
E07000077,Uttlesford,13,91300,0.014238773274917854
E07000077,Uttlesford,5,91300,0.00547645125958379
E07000077,Uttlesford,0,91300,0
E07000077,Uttlesford,0,91300,0
E07000077,Uttlesford,1719,91300,1.8828039430449068
E07000077,Uttlesford,739,91300,0.8094194961664841
E07000077,Uttlesford,517,91300,0.5662650602409639
E07000077,Uttlesford,132,91300,0.14457831325301204
E07000077,Uttlesford,11,91300,0.012048192771084338
E07000078,Cheltenham,0,118800,0
E07000078,Cheltenham,0,118800,0
E07000078,Cheltenham,0,118800,0
E07000078,Cheltenham,0,118800,0
E07000078,Cheltenham,0,118800,0
E07000078,Cheltenham,0,118800,0
E07000078,Cheltenham,0,118800,0
E07000078,Cheltenham,45232,118800,38.074074074074076
E07000078,Cheltenham,22376,118800,18.835016835016834
E07000078,Cheltenham,18305,118800,15.408249158249157
E07000078,Cheltenham,3904,118800,3.2861952861952863
E07000078,Cheltenham,572,118800,0.48148148148148145
E07000078,Cheltenham,0,118800,0
E07000078,Cheltenham,40,118800,0.03367003367003367
E07000078,Cheltenham,26,118800,0.021885521885521887
E07000078,Cheltenham,52,118800,0.04377104377104377
E07000078,Cheltenham,10,118800,0.008417508417508417
E07000078,Cheltenham,5,118800,0.004208754208754209
E07000078,Cheltenham,0,118800,0
E07000078,Cheltenham,25,118800,0.021043771043771045
E07000078,Cheltenham,25,118800,0.021043771043771045
E07000078,Cheltenham,29,118800,0.02441077441077441
E07000078,Cheltenham,10,118800,0.008417508417508417
E07000078,Cheltenham,0,118800,0
E07000078,Cheltenham,0,118800,0
E07000078,Cheltenham,19,118800,0.015993265993265993
E07000078,Cheltenham,20,118800,0.016835016835016835
E07000078,Cheltenham,30,118800,0.025252525252525252
E07000078,Cheltenham,14,118800,0.011784511784511785
E07000078,Cheltenham,1,118800,8.417508417508417e-4
E07000078,Cheltenham,0,118800,0
E07000078,Cheltenham,44,118800,0.037037037037037035
E07000078,Cheltenham,51,118800,0.04292929292929293
E07000078,Cheltenham,57,118800,0.047979797979797977
E07000078,Cheltenham,18,118800,0.015151515151515152
E07000078,Cheltenham,1,118800,8.417508417508417e-4
E07000078,Cheltenham,0,118800,0
E07000078,Cheltenham,2010,118800,1.6919191919191918
E07000078,Cheltenham,1146,118800,0.9646464646464646
E07000078,Cheltenham,1198,118800,1.0084175084175084
E07000078,Cheltenham,293,118800,0.24663299663299662
E07000078,Cheltenham,81,118800,0.06818181818181818
E07000079,Cotswold,0,90800,0
E07000079,Cotswold,0,90800,0
E07000079,Cotswold,0,90800,0
E07000079,Cotswold,0,90800,0
E07000079,Cotswold,0,90800,0
E07000079,Cotswold,0,90800,0
E07000079,Cotswold,0,90800,0
E07000079,Cotswold,42533,90800,46.84251101321586
E07000079,Cotswold,16196,90800,17.837004405286343
E07000079,Cotswold,10760,90800,11.85022026431718
E07000079,Cotswold,1928,90800,2.1233480176211454
E07000079,Cotswold,385,90800,0.42400881057268724
E07000079,Cotswold,0,90800,0
E07000079,Cotswold,25,90800,0.02753303964757709
E07000079,Cotswold,14,90800,0.015418502202643172
E07000079,Cotswold,15,90800,0.016519823788546256
E07000079,Cotswold,1,90800,0.0011013215859030838
E07000079,Cotswold,0,90800,0
E07000079,Cotswold,0,90800,0
E07000079,Cotswold,12,90800,0.013215859030837005
E07000079,Cotswold,15,90800,0.016519823788546256
E07000079,Cotswold,16,90800,0.01762114537444934
E07000079,Cotswold,5,90800,0.005506607929515419
E07000079,Cotswold,0,90800,0
E07000079,Cotswold,0,90800,0
E07000079,Cotswold,19,90800,0.02092511013215859
E07000079,Cotswold,11,90800,0.012114537444933921
E07000079,Cotswold,18,90800,0.019823788546255508
E07000079,Cotswold,2,90800,0.0022026431718061676
E07000079,Cotswold,1,90800,0.0011013215859030838
E07000079,Cotswold,0,90800,0
E07000079,Cotswold,22,90800,0.024229074889867842
E07000079,Cotswold,13,90800,0.014317180616740088
E07000079,Cotswold,12,90800,0.013215859030837005
E07000079,Cotswold,2,90800,0.0022026431718061676
E07000079,Cotswold,2,90800,0.0022026431718061676
E07000079,Cotswold,0,90800,0
E07000079,Cotswold,1800,90800,1.9823788546255507
E07000079,Cotswold,782,90800,0.8612334801762115
E07000079,Cotswold,569,90800,0.6266519823788547
E07000079,Cotswold,129,90800,0.1420704845814978
E07000079,Cotswold,20,90800,0.022026431718061675
E07000080,Forest of Dean,0,87000,0
E07000080,Forest of Dean,0,87000,0
E07000080,Forest of Dean,0,87000,0
E07000080,Forest of Dean,0,87000,0
E07000080,Forest of Dean,0,87000,0
E07000080,Forest of Dean,0,87000,0
E07000080,Forest of Dean,0,87000,0
E07000080,Forest of Dean,37277,87000,42.84712643678161
E07000080,Forest of Dean,16374,87000,18.820689655172412
E07000080,Forest of Dean,10780,87000,12.39080459770115
E07000080,Forest of Dean,2267,87000,2.6057471264367815
E07000080,Forest of Dean,491,87000,0.5643678160919541
E07000080,Forest of Dean,0,87000,0
E07000080,Forest of Dean,43,87000,0.04942528735632184
E07000080,Forest of Dean,22,87000,0.02528735632183908
E07000080,Forest of Dean,30,87000,0.034482758620689655
E07000080,Forest of Dean,10,87000,0.011494252873563218
E07000080,Forest of Dean,8,87000,0.009195402298850575
E07000080,Forest of Dean,0,87000,0
E07000080,Forest of Dean,16,87000,0.01839080459770115
E07000080,Forest of Dean,8,87000,0.009195402298850575
E07000080,Forest of Dean,11,87000,0.01264367816091954
E07000080,Forest of Dean,2,87000,0.0022988505747126436
E07000080,Forest of Dean,1,87000,0.0011494252873563218
E07000080,Forest of Dean,0,87000,0
E07000080,Forest of Dean,11,87000,0.01264367816091954
E07000080,Forest of Dean,8,87000,0.009195402298850575
E07000080,Forest of Dean,8,87000,0.009195402298850575
E07000080,Forest of Dean,3,87000,0.0034482758620689655
E07000080,Forest of Dean,0,87000,0
E07000080,Forest of Dean,0,87000,0
E07000080,Forest of Dean,16,87000,0.01839080459770115
E07000080,Forest of Dean,15,87000,0.017241379310344827
E07000080,Forest of Dean,11,87000,0.01264367816091954
E07000080,Forest of Dean,3,87000,0.0034482758620689655
E07000080,Forest of Dean,1,87000,0.0011494252873563218
E07000080,Forest of Dean,0,87000,0
E07000080,Forest of Dean,1991,87000,2.288505747126437
E07000080,Forest of Dean,917,87000,1.054022988505747
E07000080,Forest of Dean,637,87000,0.732183908045977
E07000080,Forest of Dean,145,87000,0.16666666666666666
E07000080,Forest of Dean,46,87000,0.052873563218390804
E07000081,Gloucester,0,132500,0
E07000081,Gloucester,0,132500,0
E07000081,Gloucester,0,132500,0
E07000081,Gloucester,0,132500,0
E07000081,Gloucester,0,132500,0
E07000081,Gloucester,0,132500,0
E07000081,Gloucester,0,132500,0
E07000081,Gloucester,47689,132500,35.99169811320755
E07000081,Gloucester,26090,132500,19.69056603773585
E07000081,Gloucester,18938,132500,14.292830188679245
E07000081,Gloucester,4841,132500,3.6535849056603773
E07000081,Gloucester,1200,132500,0.9056603773584906
E07000081,Gloucester,0,132500,0
E07000081,Gloucester,64,132500,0.04830188679245283
E07000081,Gloucester,83,132500,0.06264150943396227
E07000081,Gloucester,86,132500,0.0649056603773585
E07000081,Gloucester,34,132500,0.025660377358490565
E07000081,Gloucester,13,132500,0.009811320754716982
E07000081,Gloucester,0,132500,0
E07000081,Gloucester,36,132500,0.027169811320754716
E07000081,Gloucester,25,132500,0.018867924528301886
E07000081,Gloucester,34,132500,0.025660377358490565
E07000081,Gloucester,13,132500,0.009811320754716982
E07000081,Gloucester,2,132500,0.0015094339622641509
E07000081,Gloucester,0,132500,0
E07000081,Gloucester,38,132500,0.028679245283018868
E07000081,Gloucester,28,132500,0.021132075471698115
E07000081,Gloucester,29,132500,0.02188679245283019
E07000081,Gloucester,8,132500,0.0060377358490566035
E07000081,Gloucester,3,132500,0.0022641509433962265
E07000081,Gloucester,0,132500,0
E07000081,Gloucester,44,132500,0.03320754716981132
E07000081,Gloucester,24,132500,0.018113207547169812
E07000081,Gloucester,18,132500,0.013584905660377358
E07000081,Gloucester,5,132500,0.0037735849056603774
E07000081,Gloucester,2,132500,0.0015094339622641509
E07000081,Gloucester,0,132500,0
E07000081,Gloucester,2372,132500,1.790188679245283
E07000081,Gloucester,1552,132500,1.171320754716981
E07000081,Gloucester,1308,132500,0.9871698113207548
E07000081,Gloucester,394,132500,0.29735849056603775
E07000081,Gloucester,173,132500,0.13056603773584904
E07000082,Stroud,0,121100,0
E07000082,Stroud,0,121100,0
E07000082,Stroud,0,121100,0
E07000082,Stroud,0,121100,0
E07000082,Stroud,0,121100,0
E07000082,Stroud,0,121100,0
E07000082,Stroud,0,121100,0
E07000082,Stroud,52969,121100,43.73988439306358
E07000082,Stroud,22329,121100,18.438480594549958
E07000082,Stroud,14873,121100,12.281585466556566
E07000082,Stroud,3144,121100,2.5962014863748966
E07000082,Stroud,485,121100,0.4004954582989265
E07000082,Stroud,0,121100,0
E07000082,Stroud,36,121100,0.02972749793559042
E07000082,Stroud,30,121100,0.02477291494632535
E07000082,Stroud,37,121100,0.0305532617671346
E07000082,Stroud,6,121100,0.00495458298926507
E07000082,Stroud,2,121100,0.0016515276630883566
E07000082,Stroud,0,121100,0
E07000082,Stroud,33,121100,0.027250206440957887
E07000082,Stroud,12,121100,0.00990916597853014
E07000082,Stroud,17,121100,0.014037985136251032
E07000082,Stroud,6,121100,0.00495458298926507
E07000082,Stroud,1,121100,8.257638315441783e-4
E07000082,Stroud,0,121100,0
E07000082,Stroud,22,121100,0.018166804293971925
E07000082,Stroud,14,121100,0.011560693641618497
E07000082,Stroud,18,121100,0.01486374896779521
E07000082,Stroud,4,121100,0.0033030553261767133
E07000082,Stroud,1,121100,8.257638315441783e-4
E07000082,Stroud,0,121100,0
E07000082,Stroud,35,121100,0.028901734104046242
E07000082,Stroud,42,121100,0.03468208092485549
E07000082,Stroud,42,121100,0.03468208092485549
E07000082,Stroud,6,121100,0.00495458298926507
E07000082,Stroud,0,121100,0
E07000082,Stroud,0,121100,0
E07000082,Stroud,2553,121100,2.1081750619322874
E07000082,Stroud,1270,121100,1.0487200660611065
E07000082,Stroud,905,121100,0.7473162675474814
E07000082,Stroud,187,121100,0.15441783649876134
E07000082,Stroud,28,121100,0.023121387283236993
E07000083,Tewkesbury,0,94900,0
E07000083,Tewkesbury,0,94900,0
E07000083,Tewkesbury,0,94900,0
E07000083,Tewkesbury,0,94900,0
E07000083,Tewkesbury,0,94900,0
E07000083,Tewkesbury,0,94900,0
E07000083,Tewkesbury,0,94900,0
E07000083,Tewkesbury,41129,94900,43.339304531085354
E07000083,Tewkesbury,17675,94900,18.624868282402527
E07000083,Tewkesbury,11465,94900,12.08113804004215
E07000083,Tewkesbury,2311,94900,2.435194942044257
E07000083,Tewkesbury,372,94900,0.39199157007376184
E07000083,Tewkesbury,0,94900,0
E07000083,Tewkesbury,23,94900,0.02423603793466807
E07000083,Tewkesbury,18,94900,0.018967334035827187
E07000083,Tewkesbury,19,94900,0.020021074815595362
E07000083,Tewkesbury,6,94900,0.006322444678609062
E07000083,Tewkesbury,1,94900,0.001053740779768177
E07000083,Tewkesbury,0,94900,0
E07000083,Tewkesbury,27,94900,0.02845100105374078
E07000083,Tewkesbury,16,94900,0.01685985247629083
E07000083,Tewkesbury,12,94900,0.012644889357218124
E07000083,Tewkesbury,5,94900,0.005268703898840885
E07000083,Tewkesbury,0,94900,0
E07000083,Tewkesbury,0,94900,0
E07000083,Tewkesbury,18,94900,0.018967334035827187
E07000083,Tewkesbury,7,94900,0.007376185458377239
E07000083,Tewkesbury,11,94900,0.011591148577449948
E07000083,Tewkesbury,5,94900,0.005268703898840885
E07000083,Tewkesbury,0,94900,0
E07000083,Tewkesbury,0,94900,0
E07000083,Tewkesbury,22,94900,0.023182297154899896
E07000083,Tewkesbury,11,94900,0.011591148577449948
E07000083,Tewkesbury,13,94900,0.0136986301369863
E07000083,Tewkesbury,4,94900,0.004214963119072708
E07000083,Tewkesbury,1,94900,0.001053740779768177
E07000083,Tewkesbury,0,94900,0
E07000083,Tewkesbury,1772,94900,1.8672286617492098
E07000083,Tewkesbury,941,94900,0.9915700737618546
E07000083,Tewkesbury,697,94900,0.7344573234984194
E07000083,Tewkesbury,130,94900,0.136986301369863
E07000083,Tewkesbury,31,94900,0.032665964172813484
E07000084,Basingstoke and Deane,0,185200,0
E07000084,Basingstoke and Deane,0,185200,0
E07000084,Basingstoke and Deane,0,185200,0
E07000084,Basingstoke and Deane,0,185200,0
E07000084,Basingstoke and Deane,0,185200,0
E07000084,Basingstoke and Deane,0,185200,0
E07000084,Basingstoke and Deane,0,185200,0
E07000084,Basingstoke and Deane,69820,185200,37.69978401727862
E07000084,Basingstoke and Deane,36588,185200,19.755939524838013
E07000084,Basingstoke and Deane,27497,185200,14.847192224622031
E07000084,Basingstoke and Deane,6277,185200,3.389308855291577
E07000084,Basingstoke and Deane,1295,185200,0.699244060475162
E07000084,Basingstoke and Deane,0,185200,0
E07000084,Basingstoke and Deane,56,185200,0.03023758099352052
E07000084,Basingstoke and Deane,47,185200,0.025377969762419007
E07000084,Basingstoke and Deane,63,185200,0.03401727861771058
E07000084,Basingstoke and Deane,28,185200,0.01511879049676026
E07000084,Basingstoke and Deane,14,185200,0.00755939524838013
E07000084,Basingstoke and Deane,0,185200,0
E07000084,Basingstoke and Deane,31,185200,0.01673866090712743
E07000084,Basingstoke and Deane,41,185200,0.022138228941684664
E07000084,Basingstoke and Deane,47,185200,0.025377969762419007
E07000084,Basingstoke and Deane,14,185200,0.00755939524838013
E07000084,Basingstoke and Deane,3,185200,0.0016198704103671706
E07000084,Basingstoke and Deane,0,185200,0
E07000084,Basingstoke and Deane,37,185200,0.01997840172786177
E07000084,Basingstoke and Deane,58,185200,0.03131749460043196
E07000084,Basingstoke and Deane,43,185200,0.023218142548596114
E07000084,Basingstoke and Deane,14,185200,0.00755939524838013
E07000084,Basingstoke and Deane,1,185200,5.399568034557236e-4
E07000084,Basingstoke and Deane,0,185200,0
E07000084,Basingstoke and Deane,41,185200,0.022138228941684664
E07000084,Basingstoke and Deane,39,185200,0.021058315334773217
E07000084,Basingstoke and Deane,36,185200,0.019438444924406047
E07000084,Basingstoke and Deane,15,185200,0.008099352051835854
E07000084,Basingstoke and Deane,2,185200,0.0010799136069114472
E07000084,Basingstoke and Deane,0,185200,0
E07000084,Basingstoke and Deane,2723,185200,1.4703023758099352
E07000084,Basingstoke and Deane,1720,185200,0.9287257019438445
E07000084,Basingstoke and Deane,1541,185200,0.83207343412527
E07000084,Basingstoke and Deane,443,185200,0.23920086393088552
E07000084,Basingstoke and Deane,111,185200,0.05993520518358531
E07000085,East Hampshire,0,125700,0
E07000085,East Hampshire,0,125700,0
E07000085,East Hampshire,0,125700,0
E07000085,East Hampshire,0,125700,0
E07000085,East Hampshire,0,125700,0
E07000085,East Hampshire,0,125700,0
E07000085,East Hampshire,0,125700,0
E07000085,East Hampshire,54413,125700,43.28798727128083
E07000085,East Hampshire,22868,125700,18.19252187748608
E07000085,East Hampshire,16000,125700,12.728719172633253
E07000085,East Hampshire,3640,125700,2.8957836117740654
E07000085,East Hampshire,680,125700,0.5409705648369133
E07000085,East Hampshire,0,125700,0
E07000085,East Hampshire,36,125700,0.028639618138424822
E07000085,East Hampshire,20,125700,0.015910898965791568
E07000085,East Hampshire,27,125700,0.021479713603818614
E07000085,East Hampshire,8,125700,0.006364359586316627
E07000085,East Hampshire,8,125700,0.006364359586316627
E07000085,East Hampshire,0,125700,0
E07000085,East Hampshire,25,125700,0.01988862370723946
E07000085,East Hampshire,20,125700,0.015910898965791568
E07000085,East Hampshire,19,125700,0.015115354017501989
E07000085,East Hampshire,4,125700,0.0031821797931583136
E07000085,East Hampshire,0,125700,0
E07000085,East Hampshire,0,125700,0
E07000085,East Hampshire,13,125700,0.010342084327764518
E07000085,East Hampshire,17,125700,0.013524264120922832
E07000085,East Hampshire,14,125700,0.011137629276054098
E07000085,East Hampshire,14,125700,0.011137629276054098
E07000085,East Hampshire,0,125700,0
E07000085,East Hampshire,0,125700,0
E07000085,East Hampshire,44,125700,0.035003977724741446
E07000085,East Hampshire,20,125700,0.015910898965791568
E07000085,East Hampshire,24,125700,0.01909307875894988
E07000085,East Hampshire,7,125700,0.005568814638027049
E07000085,East Hampshire,1,125700,7.955449482895784e-4
E07000085,East Hampshire,0,125700,0
E07000085,East Hampshire,2215,125700,1.7621320604614161
E07000085,East Hampshire,1071,125700,0.8520286396181385
E07000085,East Hampshire,859,125700,0.6833731105807478
E07000085,East Hampshire,210,125700,0.16706443914081145
E07000085,East Hampshire,38,125700,0.030230708035003977
E07000086,Eastleigh,0,136400,0
E07000086,Eastleigh,0,136400,0
E07000086,Eastleigh,0,136400,0
E07000086,Eastleigh,0,136400,0
E07000086,Eastleigh,0,136400,0
E07000086,Eastleigh,0,136400,0
E07000086,Eastleigh,0,136400,0
E07000086,Eastleigh,51963,136400,38.09604105571847
E07000086,Eastleigh,28450,136400,20.85777126099707
E07000086,Eastleigh,19659,136400,14.412756598240469
E07000086,Eastleigh,3881,136400,2.845307917888563
E07000086,Eastleigh,683,136400,0.500733137829912
E07000086,Eastleigh,0,136400,0
E07000086,Eastleigh,33,136400,0.024193548387096774
E07000086,Eastleigh,42,136400,0.030791788856304986
E07000086,Eastleigh,25,136400,0.018328445747800588
E07000086,Eastleigh,6,136400,0.004398826979472141
E07000086,Eastleigh,0,136400,0
E07000086,Eastleigh,0,136400,0
E07000086,Eastleigh,26,136400,0.01906158357771261
E07000086,Eastleigh,23,136400,0.01686217008797654
E07000086,Eastleigh,19,136400,0.013929618768328446
E07000086,Eastleigh,3,136400,0.0021994134897360706
E07000086,Eastleigh,0,136400,0
E07000086,Eastleigh,0,136400,0
E07000086,Eastleigh,25,136400,0.018328445747800588
E07000086,Eastleigh,23,136400,0.01686217008797654
E07000086,Eastleigh,21,136400,0.015395894428152493
E07000086,Eastleigh,2,136400,0.001466275659824047
E07000086,Eastleigh,2,136400,0.001466275659824047
E07000086,Eastleigh,0,136400,0
E07000086,Eastleigh,30,136400,0.021994134897360705
E07000086,Eastleigh,25,136400,0.018328445747800588
E07000086,Eastleigh,16,136400,0.011730205278592375
E07000086,Eastleigh,11,136400,0.008064516129032258
E07000086,Eastleigh,1,136400,7.331378299120235e-4
E07000086,Eastleigh,0,136400,0
E07000086,Eastleigh,1958,136400,1.435483870967742
E07000086,Eastleigh,1257,136400,0.9215542521994134
E07000086,Eastleigh,912,136400,0.6686217008797654
E07000086,Eastleigh,221,136400,0.16202346041055718
E07000086,Eastleigh,40,136400,0.02932551319648094
E07000087,Fareham,0,114500,0
E07000087,Fareham,0,114500,0
E07000087,Fareham,0,114500,0
E07000087,Fareham,0,114500,0
E07000087,Fareham,0,114500,0
E07000087,Fareham,0,114500,0
E07000087,Fareham,0,114500,0
E07000087,Fareham,50686,114500,44.26724890829694
E07000087,Fareham,22987,114500,20.07598253275109
E07000087,Fareham,13364,114500,11.671615720524018
E07000087,Fareham,2507,114500,2.1895196506550216
E07000087,Fareham,445,114500,0.388646288209607
E07000087,Fareham,0,114500,0
E07000087,Fareham,34,114500,0.029694323144104803
E07000087,Fareham,23,114500,0.020087336244541485
E07000087,Fareham,15,114500,0.013100436681222707
E07000087,Fareham,9,114500,0.007860262008733625
E07000087,Fareham,3,114500,0.0026200873362445414
E07000087,Fareham,0,114500,0
E07000087,Fareham,23,114500,0.020087336244541485
E07000087,Fareham,17,114500,0.014847161572052401
E07000087,Fareham,15,114500,0.013100436681222707
E07000087,Fareham,3,114500,0.0026200873362445414
E07000087,Fareham,0,114500,0
E07000087,Fareham,0,114500,0
E07000087,Fareham,18,114500,0.01572052401746725
E07000087,Fareham,16,114500,0.013973799126637555
E07000087,Fareham,15,114500,0.013100436681222707
E07000087,Fareham,3,114500,0.0026200873362445414
E07000087,Fareham,0,114500,0
E07000087,Fareham,0,114500,0
E07000087,Fareham,25,114500,0.021834061135371178
E07000087,Fareham,12,114500,0.010480349344978166
E07000087,Fareham,18,114500,0.01572052401746725
E07000087,Fareham,5,114500,0.004366812227074236
E07000087,Fareham,3,114500,0.0026200873362445414
E07000087,Fareham,0,114500,0
E07000087,Fareham,1926,114500,1.6820960698689957
E07000087,Fareham,977,114500,0.8532751091703057
E07000087,Fareham,594,114500,0.5187772925764192
E07000087,Fareham,153,114500,0.13362445414847163
E07000087,Fareham,20,114500,0.017467248908296942
E07000088,Gosport,0,81900,0
E07000088,Gosport,0,81900,0
E07000088,Gosport,0,81900,0
E07000088,Gosport,0,81900,0
E07000088,Gosport,0,81900,0
E07000088,Gosport,0,81900,0
E07000088,Gosport,0,81900,0
E07000088,Gosport,29249,81900,35.71306471306471
E07000088,Gosport,17491,81900,21.356532356532355
E07000088,Gosport,12976,81900,15.843711843711844
E07000088,Gosport,2873,81900,3.507936507936508
E07000088,Gosport,564,81900,0.6886446886446886
E07000088,Gosport,0,81900,0
E07000088,Gosport,29,81900,0.03540903540903541
E07000088,Gosport,23,81900,0.028083028083028084
E07000088,Gosport,21,81900,0.02564102564102564
E07000088,Gosport,14,81900,0.017094017094017096
E07000088,Gosport,1,81900,0.001221001221001221
E07000088,Gosport,0,81900,0
E07000088,Gosport,16,81900,0.019536019536019536
E07000088,Gosport,17,81900,0.020757020757020756
E07000088,Gosport,25,81900,0.030525030525030524
E07000088,Gosport,4,81900,0.004884004884004884
E07000088,Gosport,7,81900,0.008547008547008548
E07000088,Gosport,0,81900,0
E07000088,Gosport,10,81900,0.01221001221001221
E07000088,Gosport,7,81900,0.008547008547008548
E07000088,Gosport,14,81900,0.017094017094017096
E07000088,Gosport,4,81900,0.004884004884004884
E07000088,Gosport,1,81900,0.001221001221001221
E07000088,Gosport,0,81900,0
E07000088,Gosport,10,81900,0.01221001221001221
E07000088,Gosport,16,81900,0.019536019536019536
E07000088,Gosport,17,81900,0.020757020757020756
E07000088,Gosport,5,81900,0.006105006105006105
E07000088,Gosport,1,81900,0.001221001221001221
E07000088,Gosport,0,81900,0
E07000088,Gosport,1142,81900,1.3943833943833943
E07000088,Gosport,763,81900,0.9316239316239316
E07000088,Gosport,566,81900,0.6910866910866911
E07000088,Gosport,189,81900,0.23076923076923078
E07000088,Gosport,51,81900,0.06227106227106227
E07000089,Hart,0,99400,0
E07000089,Hart,0,99400,0
E07000089,Hart,0,99400,0
E07000089,Hart,0,99400,0
E07000089,Hart,0,99400,0
E07000089,Hart,0,99400,0
E07000089,Hart,0,99400,0
E07000089,Hart,44005,99400,44.27062374245473
E07000089,Hart,17171,99400,17.274647887323944
E07000089,Hart,11697,99400,11.767605633802816
E07000089,Hart,2166,99400,2.1790744466800804
E07000089,Hart,384,99400,0.386317907444668
E07000089,Hart,0,99400,0
E07000089,Hart,23,99400,0.023138832997987926
E07000089,Hart,16,99400,0.01609657947686117
E07000089,Hart,24,99400,0.02414486921529175
E07000089,Hart,7,99400,0.007042253521126761
E07000089,Hart,0,99400,0
E07000089,Hart,0,99400,0
E07000089,Hart,16,99400,0.01609657947686117
E07000089,Hart,12,99400,0.012072434607645875
E07000089,Hart,15,99400,0.015090543259557344
E07000089,Hart,4,99400,0.004024144869215292
E07000089,Hart,0,99400,0
E07000089,Hart,0,99400,0
E07000089,Hart,16,99400,0.01609657947686117
E07000089,Hart,7,99400,0.007042253521126761
E07000089,Hart,12,99400,0.012072434607645875
E07000089,Hart,0,99400,0
E07000089,Hart,0,99400,0
E07000089,Hart,0,99400,0
E07000089,Hart,25,99400,0.025150905432595575
E07000089,Hart,10,99400,0.01006036217303823
E07000089,Hart,10,99400,0.01006036217303823
E07000089,Hart,0,99400,0
E07000089,Hart,0,99400,0
E07000089,Hart,0,99400,0
E07000089,Hart,1608,99400,1.6177062374245472
E07000089,Hart,758,99400,0.7625754527162978
E07000089,Hart,500,99400,0.5030181086519114
E07000089,Hart,134,99400,0.13480885311871227
E07000089,Hart,24,99400,0.02414486921529175
E07000090,Havant,0,124200,0
E07000090,Havant,0,124200,0
E07000090,Havant,0,124200,0
E07000090,Havant,0,124200,0
E07000090,Havant,0,124200,0
E07000090,Havant,0,124200,0
E07000090,Havant,0,124200,0
E07000090,Havant,43841,124200,35.2987117552335
E07000090,Havant,26317,124200,21.189210950080515
E07000090,Havant,20029,124200,16.126409017713364
E07000090,Havant,5500,124200,4.428341384863124
E07000090,Havant,1176,124200,0.9468599033816425
E07000090,Havant,0,124200,0
E07000090,Havant,34,124200,0.027375201288244767
E07000090,Havant,29,124200,0.023349436392914653
E07000090,Havant,51,124200,0.04106280193236715
E07000090,Havant,9,124200,0.007246376811594203
E07000090,Havant,1,124200,8.051529790660225e-4
E07000090,Havant,0,124200,0
E07000090,Havant,17,124200,0.013687600644122383
E07000090,Havant,20,124200,0.01610305958132045
E07000090,Havant,28,124200,0.02254428341384863
E07000090,Havant,11,124200,0.008856682769726247
E07000090,Havant,3,124200,0.0024154589371980675
E07000090,Havant,0,124200,0
E07000090,Havant,12,124200,0.00966183574879227
E07000090,Havant,23,124200,0.018518518518518517
E07000090,Havant,29,124200,0.023349436392914653
E07000090,Havant,11,124200,0.008856682769726247
E07000090,Havant,1,124200,8.051529790660225e-4
E07000090,Havant,0,124200,0
E07000090,Havant,17,124200,0.013687600644122383
E07000090,Havant,22,124200,0.017713365539452495
E07000090,Havant,24,124200,0.01932367149758454
E07000090,Havant,7,124200,0.005636070853462158
E07000090,Havant,0,124200,0
E07000090,Havant,0,124200,0
E07000090,Havant,1928,124200,1.5523349436392915
E07000090,Havant,1255,124200,1.0104669887278583
E07000090,Havant,1030,124200,0.8293075684380032
E07000090,Havant,257,124200,0.2069243156199678
E07000090,Havant,91,124200,0.07326892109500806
E07000091,New Forest,0,175800,0
E07000091,New Forest,0,175800,0
E07000091,New Forest,0,175800,0
E07000091,New Forest,0,175800,0
E07000091,New Forest,0,175800,0
E07000091,New Forest,0,175800,0
E07000091,New Forest,0,175800,0
E07000091,New Forest,74365,175800,42.30091012514221
E07000091,New Forest,35809,175800,20.369169510807737
E07000091,New Forest,22335,175800,12.704778156996587
E07000091,New Forest,5677,175800,3.2292377701934014
E07000091,New Forest,1003,175800,0.5705346985210467
E07000091,New Forest,0,175800,0
E07000091,New Forest,38,175800,0.02161547212741752
E07000091,New Forest,35,175800,0.019908987485779295
E07000091,New Forest,34,175800,0.019340159271899887
E07000091,New Forest,6,175800,0.0034129692832764505
E07000091,New Forest,0,175800,0
E07000091,New Forest,0,175800,0
E07000091,New Forest,29,175800,0.016496018202502846
E07000091,New Forest,22,175800,0.012514220705346985
E07000091,New Forest,15,175800,0.008532423208191127
E07000091,New Forest,5,175800,0.002844141069397042
E07000091,New Forest,0,175800,0
E07000091,New Forest,0,175800,0
E07000091,New Forest,22,175800,0.012514220705346985
E07000091,New Forest,28,175800,0.015927189988623434
E07000091,New Forest,24,175800,0.013651877133105802
E07000091,New Forest,7,175800,0.003981797497155859
E07000091,New Forest,0,175800,0
E07000091,New Forest,0,175800,0
E07000091,New Forest,19,175800,0.01080773606370876
E07000091,New Forest,24,175800,0.013651877133105802
E07000091,New Forest,24,175800,0.013651877133105802
E07000091,New Forest,6,175800,0.0034129692832764505
E07000091,New Forest,1,175800,5.688282138794084e-4
E07000091,New Forest,0,175800,0
E07000091,New Forest,3555,175800,2.022184300341297
E07000091,New Forest,1876,175800,1.0671217292377702
E07000091,New Forest,1121,175800,0.6376564277588168
E07000091,New Forest,356,175800,0.2025028441410694
E07000091,New Forest,54,175800,0.030716723549488054
E07000092,Rushmoor,0,99800,0
E07000092,Rushmoor,0,99800,0
E07000092,Rushmoor,0,99800,0
E07000092,Rushmoor,0,99800,0
E07000092,Rushmoor,0,99800,0
E07000092,Rushmoor,0,99800,0
E07000092,Rushmoor,0,99800,0
E07000092,Rushmoor,28146,99800,28.20240480961924
E07000092,Rushmoor,19572,99800,19.61122244488978
E07000092,Rushmoor,19199,99800,19.2374749498998
E07000092,Rushmoor,5874,99800,5.885771543086173
E07000092,Rushmoor,1922,99800,1.9258517034068137
E07000092,Rushmoor,0,99800,0
E07000092,Rushmoor,39,99800,0.03907815631262525
E07000092,Rushmoor,69,99800,0.06913827655310621
E07000092,Rushmoor,110,99800,0.11022044088176353
E07000092,Rushmoor,41,99800,0.041082164328657314
E07000092,Rushmoor,28,99800,0.028056112224448898
E07000092,Rushmoor,0,99800,0
E07000092,Rushmoor,23,99800,0.023046092184368736
E07000092,Rushmoor,30,99800,0.03006012024048096
E07000092,Rushmoor,34,99800,0.03406813627254509
E07000092,Rushmoor,22,99800,0.022044088176352707
E07000092,Rushmoor,8,99800,0.008016032064128256
E07000092,Rushmoor,0,99800,0
E07000092,Rushmoor,30,99800,0.03006012024048096
E07000092,Rushmoor,29,99800,0.02905811623246493
E07000092,Rushmoor,29,99800,0.02905811623246493
E07000092,Rushmoor,21,99800,0.021042084168336674
E07000092,Rushmoor,5,99800,0.00501002004008016
E07000092,Rushmoor,0,99800,0
E07000092,Rushmoor,18,99800,0.018036072144288578
E07000092,Rushmoor,22,99800,0.022044088176352707
E07000092,Rushmoor,29,99800,0.02905811623246493
E07000092,Rushmoor,7,99800,0.0070140280561122245
E07000092,Rushmoor,4,99800,0.004008016032064128
E07000092,Rushmoor,0,99800,0
E07000092,Rushmoor,1310,99800,1.312625250501002
E07000092,Rushmoor,1075,99800,1.0771543086172344
E07000092,Rushmoor,1092,99800,1.094188376753507
E07000092,Rushmoor,456,99800,0.45691382765531063
E07000092,Rushmoor,181,99800,0.1813627254509018
E07000093,Test Valley,0,130500,0
E07000093,Test Valley,0,130500,0
E07000093,Test Valley,0,130500,0
E07000093,Test Valley,0,130500,0
E07000093,Test Valley,0,130500,0
E07000093,Test Valley,0,130500,0
E07000093,Test Valley,0,130500,0
E07000093,Test Valley,55147,130500,42.25823754789272
E07000093,Test Valley,24941,130500,19.111877394636014
E07000093,Test Valley,16409,130500,12.573946360153256
E07000093,Test Valley,3176,130500,2.4337164750957854
E07000093,Test Valley,629,130500,0.481992337164751
E07000093,Test Valley,0,130500,0
E07000093,Test Valley,37,130500,0.028352490421455937
E07000093,Test Valley,33,130500,0.02528735632183908
E07000093,Test Valley,37,130500,0.028352490421455937
E07000093,Test Valley,14,130500,0.010727969348659003
E07000093,Test Valley,2,130500,0.0015325670498084292
E07000093,Test Valley,0,130500,0
E07000093,Test Valley,19,130500,0.014559386973180077
E07000093,Test Valley,21,130500,0.016091954022988506
E07000093,Test Valley,8,130500,0.006130268199233717
E07000093,Test Valley,4,130500,0.0030651340996168583
E07000093,Test Valley,1,130500,7.662835249042146e-4
E07000093,Test Valley,0,130500,0
E07000093,Test Valley,18,130500,0.013793103448275862
E07000093,Test Valley,15,130500,0.011494252873563218
E07000093,Test Valley,13,130500,0.00996168582375479
E07000093,Test Valley,8,130500,0.006130268199233717
E07000093,Test Valley,0,130500,0
E07000093,Test Valley,0,130500,0
E07000093,Test Valley,26,130500,0.01992337164750958
E07000093,Test Valley,18,130500,0.013793103448275862
E07000093,Test Valley,28,130500,0.021455938697318006
E07000093,Test Valley,0,130500,0
E07000093,Test Valley,1,130500,7.662835249042146e-4
E07000093,Test Valley,0,130500,0
E07000093,Test Valley,2345,130500,1.7969348659003832
E07000093,Test Valley,1148,130500,0.8796934865900383
E07000093,Test Valley,917,130500,0.7026819923371648
E07000093,Test Valley,234,130500,0.1793103448275862
E07000093,Test Valley,49,130500,0.037547892720306515
E07000094,Winchester,0,127500,0
E07000094,Winchester,0,127500,0
E07000094,Winchester,0,127500,0
E07000094,Winchester,0,127500,0
E07000094,Winchester,0,127500,0
E07000094,Winchester,0,127500,0
E07000094,Winchester,0,127500,0
E07000094,Winchester,51218,127500,40.170980392156864
E07000094,Winchester,22179,127500,17.395294117647058
E07000094,Winchester,17011,127500,13.341960784313725
E07000094,Winchester,4098,127500,3.2141176470588237
E07000094,Winchester,589,127500,0.4619607843137255
E07000094,Winchester,0,127500,0
E07000094,Winchester,18,127500,0.01411764705882353
E07000094,Winchester,29,127500,0.022745098039215685
E07000094,Winchester,33,127500,0.02588235294117647
E07000094,Winchester,20,127500,0.01568627450980392
E07000094,Winchester,3,127500,0.002352941176470588
E07000094,Winchester,0,127500,0
E07000094,Winchester,34,127500,0.02666666666666667
E07000094,Winchester,26,127500,0.0203921568627451
E07000094,Winchester,19,127500,0.014901960784313726
E07000094,Winchester,6,127500,0.004705882352941176
E07000094,Winchester,0,127500,0
E07000094,Winchester,0,127500,0
E07000094,Winchester,14,127500,0.010980392156862745
E07000094,Winchester,18,127500,0.01411764705882353
E07000094,Winchester,27,127500,0.021176470588235293
E07000094,Winchester,11,127500,0.008627450980392156
E07000094,Winchester,0,127500,0
E07000094,Winchester,0,127500,0
E07000094,Winchester,25,127500,0.0196078431372549
E07000094,Winchester,38,127500,0.02980392156862745
E07000094,Winchester,46,127500,0.03607843137254902
E07000094,Winchester,9,127500,0.007058823529411765
E07000094,Winchester,0,127500,0
E07000094,Winchester,0,127500,0
E07000094,Winchester,1960,127500,1.5372549019607844
E07000094,Winchester,1036,127500,0.8125490196078431
E07000094,Winchester,893,127500,0.7003921568627451
E07000094,Winchester,244,127500,0.19137254901960785
E07000094,Winchester,70,127500,0.054901960784313725
E07000095,Broxbourne,0,99000,0
E07000095,Broxbourne,0,99000,0
E07000095,Broxbourne,0,99000,0
E07000095,Broxbourne,0,99000,0
E07000095,Broxbourne,0,99000,0
E07000095,Broxbourne,0,99000,0
E07000095,Broxbourne,0,99000,0
E07000095,Broxbourne,28961,99000,29.253535353535355
E07000095,Broxbourne,19276,99000,19.47070707070707
E07000095,Broxbourne,18139,99000,18.322222222222223
E07000095,Broxbourne,6484,99000,6.5494949494949495
E07000095,Broxbourne,1568,99000,1.5838383838383838
E07000095,Broxbourne,0,99000,0
E07000095,Broxbourne,29,99000,0.029292929292929294
E07000095,Broxbourne,56,99000,0.05656565656565657
E07000095,Broxbourne,39,99000,0.03939393939393939
E07000095,Broxbourne,32,99000,0.03232323232323232
E07000095,Broxbourne,15,99000,0.015151515151515152
E07000095,Broxbourne,0,99000,0
E07000095,Broxbourne,15,99000,0.015151515151515152
E07000095,Broxbourne,18,99000,0.01818181818181818
E07000095,Broxbourne,29,99000,0.029292929292929294
E07000095,Broxbourne,12,99000,0.012121212121212121
E07000095,Broxbourne,3,99000,0.0030303030303030303
E07000095,Broxbourne,0,99000,0
E07000095,Broxbourne,17,99000,0.01717171717171717
E07000095,Broxbourne,16,99000,0.01616161616161616
E07000095,Broxbourne,31,99000,0.031313131313131314
E07000095,Broxbourne,16,99000,0.01616161616161616
E07000095,Broxbourne,6,99000,0.006060606060606061
E07000095,Broxbourne,0,99000,0
E07000095,Broxbourne,15,99000,0.015151515151515152
E07000095,Broxbourne,10,99000,0.010101010101010102
E07000095,Broxbourne,2,99000,0.00202020202020202
E07000095,Broxbourne,4,99000,0.00404040404040404
E07000095,Broxbourne,1,99000,0.00101010101010101
E07000095,Broxbourne,0,99000,0
E07000095,Broxbourne,1484,99000,1.498989898989899
E07000095,Broxbourne,1066,99000,1.0767676767676768
E07000095,Broxbourne,1182,99000,1.1939393939393939
E07000095,Broxbourne,515,99000,0.5202020202020202
E07000095,Broxbourne,168,99000,0.1696969696969697
E07000096,Dacorum,0,155100,0
E07000096,Dacorum,0,155100,0
E07000096,Dacorum,0,155100,0
E07000096,Dacorum,0,155100,0
E07000096,Dacorum,0,155100,0
E07000096,Dacorum,0,155100,0
E07000096,Dacorum,0,155100,0
E07000096,Dacorum,52582,155100,33.901998710509346
E07000096,Dacorum,28826,155100,18.585428755641523
E07000096,Dacorum,26441,155100,17.047711154094134
E07000096,Dacorum,6115,155100,3.9426176660219214
E07000096,Dacorum,1178,155100,0.7595099935525468
E07000096,Dacorum,0,155100,0
E07000096,Dacorum,36,155100,0.02321083172147002
E07000096,Dacorum,42,155100,0.027079303675048357
E07000096,Dacorum,84,155100,0.05415860735009671
E07000096,Dacorum,22,155100,0.014184397163120567
E07000096,Dacorum,8,155100,0.0051579626047711154
E07000096,Dacorum,0,155100,0
E07000096,Dacorum,25,155100,0.016118633139909737
E07000096,Dacorum,21,155100,0.013539651837524178
E07000096,Dacorum,29,155100,0.018697614442295292
E07000096,Dacorum,13,155100,0.008381689232753063
E07000096,Dacorum,6,155100,0.0038684719535783366
E07000096,Dacorum,0,155100,0
E07000096,Dacorum,18,155100,0.01160541586073501
E07000096,Dacorum,23,155100,0.014829142488716958
E07000096,Dacorum,32,155100,0.020631850419084462
E07000096,Dacorum,11,155100,0.0070921985815602835
E07000096,Dacorum,8,155100,0.0051579626047711154
E07000096,Dacorum,0,155100,0
E07000096,Dacorum,37,155100,0.02385557704706641
E07000096,Dacorum,22,155100,0.014184397163120567
E07000096,Dacorum,28,155100,0.018052869116698903
E07000096,Dacorum,5,155100,0.003223726627981947
E07000096,Dacorum,0,155100,0
E07000096,Dacorum,0,155100,0
E07000096,Dacorum,2327,155100,1.500322372662798
E07000096,Dacorum,1529,155100,0.9858156028368794
E07000096,Dacorum,1612,155100,1.0393294648613798
E07000096,Dacorum,456,155100,0.2940038684719536
E07000096,Dacorum,122,155100,0.07865892972275951
E07000098,Hertsmere,0,107800,0
E07000098,Hertsmere,0,107800,0
E07000098,Hertsmere,0,107800,0
E07000098,Hertsmere,0,107800,0
E07000098,Hertsmere,0,107800,0
E07000098,Hertsmere,0,107800,0
E07000098,Hertsmere,0,107800,0
E07000098,Hertsmere,33120,107800,30.72356215213358
E07000098,Hertsmere,20290,107800,18.821892393320965
E07000098,Hertsmere,18638,107800,17.289424860853433
E07000098,Hertsmere,6314,107800,5.857142857142857
E07000098,Hertsmere,1670,107800,1.549165120593692
E07000098,Hertsmere,0,107800,0
E07000098,Hertsmere,36,107800,0.03339517625231911
E07000098,Hertsmere,32,107800,0.029684601113172542
E07000098,Hertsmere,50,107800,0.04638218923933209
E07000098,Hertsmere,27,107800,0.02504638218923933
E07000098,Hertsmere,8,107800,0.0074211502782931356
E07000098,Hertsmere,0,107800,0
E07000098,Hertsmere,16,107800,0.014842300556586271
E07000098,Hertsmere,20,107800,0.01855287569573284
E07000098,Hertsmere,33,107800,0.030612244897959183
E07000098,Hertsmere,11,107800,0.01020408163265306
E07000098,Hertsmere,5,107800,0.00463821892393321
E07000098,Hertsmere,0,107800,0
E07000098,Hertsmere,18,107800,0.016697588126159554
E07000098,Hertsmere,16,107800,0.014842300556586271
E07000098,Hertsmere,25,107800,0.023191094619666047
E07000098,Hertsmere,13,107800,0.012059369202226345
E07000098,Hertsmere,9,107800,0.008348794063079777
E07000098,Hertsmere,0,107800,0
E07000098,Hertsmere,14,107800,0.012987012987012988
E07000098,Hertsmere,11,107800,0.01020408163265306
E07000098,Hertsmere,19,107800,0.017625231910946195
E07000098,Hertsmere,5,107800,0.00463821892393321
E07000098,Hertsmere,3,107800,0.0027829313543599257
E07000098,Hertsmere,0,107800,0
E07000098,Hertsmere,1608,107800,1.4916512059369202
E07000098,Hertsmere,1207,107800,1.1196660482374767
E07000098,Hertsmere,1316,107800,1.2207792207792207
E07000098,Hertsmere,527,107800,0.48886827458256027
E07000098,Hertsmere,178,107800,0.16512059369202226
E07000099,North Hertfordshire,0,133200,0
E07000099,North Hertfordshire,0,133200,0
E07000099,North Hertfordshire,0,133200,0
E07000099,North Hertfordshire,0,133200,0
E07000099,North Hertfordshire,0,133200,0
E07000099,North Hertfordshire,0,133200,0
E07000099,North Hertfordshire,0,133200,0
E07000099,North Hertfordshire,49357,133200,37.0548048048048
E07000099,North Hertfordshire,26837,133200,20.1478978978979
E07000099,North Hertfordshire,20519,133200,15.404654654654655
E07000099,North Hertfordshire,4052,133200,3.042042042042042
E07000099,North Hertfordshire,712,133200,0.5345345345345346
E07000099,North Hertfordshire,0,133200,0
E07000099,North Hertfordshire,36,133200,0.02702702702702703
E07000099,North Hertfordshire,31,133200,0.023273273273273273
E07000099,North Hertfordshire,33,133200,0.024774774774774775
E07000099,North Hertfordshire,14,133200,0.010510510510510511
E07000099,North Hertfordshire,4,133200,0.003003003003003003
E07000099,North Hertfordshire,0,133200,0
E07000099,North Hertfordshire,31,133200,0.023273273273273273
E07000099,North Hertfordshire,21,133200,0.015765765765765764
E07000099,North Hertfordshire,13,133200,0.00975975975975976
E07000099,North Hertfordshire,4,133200,0.003003003003003003
E07000099,North Hertfordshire,3,133200,0.0022522522522522522
E07000099,North Hertfordshire,0,133200,0
E07000099,North Hertfordshire,21,133200,0.015765765765765764
E07000099,North Hertfordshire,25,133200,0.01876876876876877
E07000099,North Hertfordshire,26,133200,0.01951951951951952
E07000099,North Hertfordshire,10,133200,0.0075075075075075074
E07000099,North Hertfordshire,3,133200,0.0022522522522522522
E07000099,North Hertfordshire,0,133200,0
E07000099,North Hertfordshire,28,133200,0.021021021021021023
E07000099,North Hertfordshire,34,133200,0.025525525525525526
E07000099,North Hertfordshire,23,133200,0.017267267267267267
E07000099,North Hertfordshire,7,133200,0.005255255255255256
E07000099,North Hertfordshire,0,133200,0
E07000099,North Hertfordshire,0,133200,0
E07000099,North Hertfordshire,2132,133200,1.6006006006006006
E07000099,North Hertfordshire,1240,133200,0.9309309309309309
E07000099,North Hertfordshire,1181,133200,0.8866366366366366
E07000099,North Hertfordshire,272,133200,0.2042042042042042
E07000099,North Hertfordshire,38,133200,0.028528528528528527
E07000102,Three Rivers,0,93800,0
E07000102,Three Rivers,0,93800,0
E07000102,Three Rivers,0,93800,0
E07000102,Three Rivers,0,93800,0
E07000102,Three Rivers,0,93800,0
E07000102,Three Rivers,0,93800,0
E07000102,Three Rivers,0,93800,0
E07000102,Three Rivers,34385,93800,36.65778251599147
E07000102,Three Rivers,17212,93800,18.34968017057569
E07000102,Three Rivers,13811,93800,14.723880597014926
E07000102,Three Rivers,4086,93800,4.356076759061834
E07000102,Three Rivers,939,93800,1.0010660980810235
E07000102,Three Rivers,0,93800,0
E07000102,Three Rivers,34,93800,0.03624733475479744
E07000102,Three Rivers,21,93800,0.022388059701492536
E07000102,Three Rivers,22,93800,0.023454157782515993
E07000102,Three Rivers,11,93800,0.011727078891257996
E07000102,Three Rivers,2,93800,0.0021321961620469083
E07000102,Three Rivers,0,93800,0
E07000102,Three Rivers,23,93800,0.024520255863539446
E07000102,Three Rivers,17,93800,0.01812366737739872
E07000102,Three Rivers,21,93800,0.022388059701492536
E07000102,Three Rivers,4,93800,0.0042643923240938165
E07000102,Three Rivers,2,93800,0.0021321961620469083
E07000102,Three Rivers,0,93800,0
E07000102,Three Rivers,11,93800,0.011727078891257996
E07000102,Three Rivers,17,93800,0.01812366737739872
E07000102,Three Rivers,22,93800,0.023454157782515993
E07000102,Three Rivers,5,93800,0.005330490405117271
E07000102,Three Rivers,5,93800,0.005330490405117271
E07000102,Three Rivers,0,93800,0
E07000102,Three Rivers,18,93800,0.019189765458422176
E07000102,Three Rivers,18,93800,0.019189765458422176
E07000102,Three Rivers,15,93800,0.015991471215351813
E07000102,Three Rivers,1,93800,0.0010660980810234541
E07000102,Three Rivers,4,93800,0.0042643923240938165
E07000102,Three Rivers,0,93800,0
E07000102,Three Rivers,1629,93800,1.736673773987207
E07000102,Three Rivers,852,93800,0.908315565031983
E07000102,Three Rivers,802,93800,0.8550106609808102
E07000102,Three Rivers,276,93800,0.2942430703624733
E07000102,Three Rivers,98,93800,0.1044776119402985
E07000103,Watford,0,102300,0
E07000103,Watford,0,102300,0
E07000103,Watford,0,102300,0
E07000103,Watford,0,102300,0
E07000103,Watford,0,102300,0
E07000103,Watford,0,102300,0
E07000103,Watford,0,102300,0
E07000103,Watford,25926,102300,25.343108504398828
E07000103,Watford,17784,102300,17.3841642228739
E07000103,Watford,19546,102300,19.10654936461388
E07000103,Watford,8043,102300,7.86217008797654
E07000103,Watford,2907,102300,2.841642228739003
E07000103,Watford,0,102300,0
E07000103,Watford,45,102300,0.04398826979472141
E07000103,Watford,57,102300,0.05571847507331378
E07000103,Watford,88,102300,0.08602150537634409
E07000103,Watford,31,102300,0.030303030303030304
E07000103,Watford,25,102300,0.024437927663734114
E07000103,Watford,0,102300,0
E07000103,Watford,23,102300,0.022482893450635387
E07000103,Watford,18,102300,0.017595307917888565
E07000103,Watford,33,102300,0.03225806451612903
E07000103,Watford,31,102300,0.030303030303030304
E07000103,Watford,11,102300,0.010752688172043012
E07000103,Watford,0,102300,0
E07000103,Watford,25,102300,0.024437927663734114
E07000103,Watford,12,102300,0.011730205278592375
E07000103,Watford,40,102300,0.039100684261974585
E07000103,Watford,25,102300,0.024437927663734114
E07000103,Watford,8,102300,0.007820136852394917
E07000103,Watford,0,102300,0
E07000103,Watford,25,102300,0.024437927663734114
E07000103,Watford,21,102300,0.020527859237536656
E07000103,Watford,18,102300,0.017595307917888565
E07000103,Watford,11,102300,0.010752688172043012
E07000103,Watford,2,102300,0.0019550342130987292
E07000103,Watford,0,102300,0
E07000103,Watford,1600,102300,1.5640273704789833
E07000103,Watford,1234,102300,1.206256109481916
E07000103,Watford,1528,102300,1.4936461388074291
E07000103,Watford,719,102300,0.7028347996089932
E07000103,Watford,417,102300,0.40762463343108507
E07000105,Ashford,0,132700,0
E07000105,Ashford,0,132700,0
E07000105,Ashford,0,132700,0
E07000105,Ashford,0,132700,0
E07000105,Ashford,0,132700,0
E07000105,Ashford,0,132700,0
E07000105,Ashford,0,132700,0
E07000105,Ashford,48278,132700,36.38131122833459
E07000105,Ashford,25662,132700,19.33835719668425
E07000105,Ashford,19692,132700,14.839487565938207
E07000105,Ashford,5151,132700,3.881688018085908
E07000105,Ashford,1543,132700,1.1627731725697061
E07000105,Ashford,0,132700,0
E07000105,Ashford,64,132700,0.04822908816880181
E07000105,Ashford,42,132700,0.031650339110776186
E07000105,Ashford,62,132700,0.04672192916352675
E07000105,Ashford,34,132700,0.02562170308967596
E07000105,Ashford,32,132700,0.024114544084400905
E07000105,Ashford,0,132700,0
E07000105,Ashford,27,132700,0.020346646571213264
E07000105,Ashford,25,132700,0.018839487565938208
E07000105,Ashford,31,132700,0.023360964581763375
E07000105,Ashford,10,132700,0.007535795026375283
E07000105,Ashford,4,132700,0.003014318010550113
E07000105,Ashford,0,132700,0
E07000105,Ashford,20,132700,0.015071590052750565
E07000105,Ashford,33,132700,0.024868123587038434
E07000105,Ashford,36,132700,0.027128862094951016
E07000105,Ashford,12,132700,0.00904295403165034
E07000105,Ashford,3,132700,0.002260738507912585
E07000105,Ashford,0,132700,0
E07000105,Ashford,20,132700,0.015071590052750565
E07000105,Ashford,18,132700,0.013564431047475508
E07000105,Ashford,14,132700,0.010550113036925395
E07000105,Ashford,5,132700,0.0037678975131876413
E07000105,Ashford,2,132700,0.0015071590052750565
E07000105,Ashford,0,132700,0
E07000105,Ashford,2175,132700,1.639035418236624
E07000105,Ashford,1353,132700,1.0195930670685758
E07000105,Ashford,1021,132700,0.7694046721929163
E07000105,Ashford,361,132700,0.2720422004521477
E07000105,Ashford,136,132700,0.10248681235870384
E07000106,Canterbury,0,157400,0
E07000106,Canterbury,0,157400,0
E07000106,Canterbury,0,157400,0
E07000106,Canterbury,0,157400,0
E07000106,Canterbury,0,157400,0
E07000106,Canterbury,0,157400,0
E07000106,Canterbury,0,157400,0
E07000106,Canterbury,51070,157400,32.445997458703935
E07000106,Canterbury,31996,157400,20.327827191867854
E07000106,Canterbury,23928,157400,15.202033036848793
E07000106,Canterbury,8036,157400,5.105463786531131
E07000106,Canterbury,1555,157400,0.9879288437102922
E07000106,Canterbury,0,157400,0
E07000106,Canterbury,44,157400,0.02795425667090216
E07000106,Canterbury,59,157400,0.03748411689961881
E07000106,Canterbury,64,157400,0.04066073697585769
E07000106,Canterbury,31,157400,0.019695044472681066
E07000106,Canterbury,15,157400,0.009529860228716646
E07000106,Canterbury,0,157400,0
E07000106,Canterbury,30,157400,0.01905972045743329
E07000106,Canterbury,30,157400,0.01905972045743329
E07000106,Canterbury,28,157400,0.017789072426937738
E07000106,Canterbury,19,157400,0.01207115628970775
E07000106,Canterbury,1,157400,6.353240152477764e-4
E07000106,Canterbury,0,157400,0
E07000106,Canterbury,23,157400,0.014612452350698857
E07000106,Canterbury,25,157400,0.01588310038119441
E07000106,Canterbury,43,157400,0.027318932655654382
E07000106,Canterbury,21,157400,0.013341804320203304
E07000106,Canterbury,2,157400,0.0012706480304955528
E07000106,Canterbury,0,157400,0
E07000106,Canterbury,48,157400,0.030495552731893267
E07000106,Canterbury,59,157400,0.03748411689961881
E07000106,Canterbury,61,157400,0.03875476493011436
E07000106,Canterbury,34,157400,0.021601016518424398
E07000106,Canterbury,4,157400,0.0025412960609911056
E07000106,Canterbury,0,157400,0
E07000106,Canterbury,2607,157400,1.656289707750953
E07000106,Canterbury,1881,157400,1.1950444726810674
E07000106,Canterbury,1457,157400,0.9256670902160101
E07000106,Canterbury,594,157400,0.37738246505717915
E07000106,Canterbury,161,157400,0.102287166454892
E07000107,Dartford,0,116800,0
E07000107,Dartford,0,116800,0
E07000107,Dartford,0,116800,0
E07000107,Dartford,0,116800,0
E07000107,Dartford,0,116800,0
E07000107,Dartford,0,116800,0
E07000107,Dartford,0,116800,0
E07000107,Dartford,32156,116800,27.53082191780822
E07000107,Dartford,24277,116800,20.785102739726028
E07000107,Dartford,20499,116800,17.550513698630137
E07000107,Dartford,6413,116800,5.490582191780822
E07000107,Dartford,1541,116800,1.3193493150684932
E07000107,Dartford,0,116800,0
E07000107,Dartford,54,116800,0.046232876712328765
E07000107,Dartford,55,116800,0.04708904109589041
E07000107,Dartford,62,116800,0.053082191780821915
E07000107,Dartford,37,116800,0.031678082191780824
E07000107,Dartford,12,116800,0.010273972602739725
E07000107,Dartford,0,116800,0
E07000107,Dartford,25,116800,0.021404109589041095
E07000107,Dartford,31,116800,0.026541095890410957
E07000107,Dartford,31,116800,0.026541095890410957
E07000107,Dartford,13,116800,0.01113013698630137
E07000107,Dartford,5,116800,0.004280821917808219
E07000107,Dartford,0,116800,0
E07000107,Dartford,18,116800,0.015410958904109588
E07000107,Dartford,27,116800,0.023116438356164382
E07000107,Dartford,27,116800,0.023116438356164382
E07000107,Dartford,11,116800,0.009417808219178082
E07000107,Dartford,2,116800,0.0017123287671232876
E07000107,Dartford,0,116800,0
E07000107,Dartford,14,116800,0.011986301369863013
E07000107,Dartford,16,116800,0.0136986301369863
E07000107,Dartford,15,116800,0.012842465753424657
E07000107,Dartford,12,116800,0.010273972602739725
E07000107,Dartford,0,116800,0
E07000107,Dartford,0,116800,0
E07000107,Dartford,1539,116800,1.31763698630137
E07000107,Dartford,1263,116800,1.081335616438356
E07000107,Dartford,1236,116800,1.0582191780821917
E07000107,Dartford,436,116800,0.3732876712328767
E07000107,Dartford,155,116800,0.1327054794520548
E07000108,Dover,0,116400,0
E07000108,Dover,0,116400,0
E07000108,Dover,0,116400,0
E07000108,Dover,0,116400,0
E07000108,Dover,0,116400,0
E07000108,Dover,0,116400,0
E07000108,Dover,0,116400,0
E07000108,Dover,42136,116400,36.19931271477663
E07000108,Dover,24740,116400,21.254295532646047
E07000108,Dover,17018,116400,14.620274914089347
E07000108,Dover,4436,116400,3.810996563573883
E07000108,Dover,1168,116400,1.0034364261168385
E07000108,Dover,0,116400,0
E07000108,Dover,41,116400,0.0352233676975945
E07000108,Dover,38,116400,0.03264604810996564
E07000108,Dover,41,116400,0.0352233676975945
E07000108,Dover,20,116400,0.01718213058419244
E07000108,Dover,12,116400,0.010309278350515464
E07000108,Dover,0,116400,0
E07000108,Dover,22,116400,0.018900343642611683
E07000108,Dover,29,116400,0.02491408934707904
E07000108,Dover,23,116400,0.019759450171821305
E07000108,Dover,4,116400,0.003436426116838488
E07000108,Dover,4,116400,0.003436426116838488
E07000108,Dover,0,116400,0
E07000108,Dover,14,116400,0.012027491408934709
E07000108,Dover,14,116400,0.012027491408934709
E07000108,Dover,24,116400,0.020618556701030927
E07000108,Dover,4,116400,0.003436426116838488
E07000108,Dover,8,116400,0.006872852233676976
E07000108,Dover,0,116400,0
E07000108,Dover,25,116400,0.02147766323024055
E07000108,Dover,15,116400,0.01288659793814433
E07000108,Dover,19,116400,0.01632302405498282
E07000108,Dover,2,116400,0.001718213058419244
E07000108,Dover,1,116400,8.59106529209622e-4
E07000108,Dover,0,116400,0
E07000108,Dover,2025,116400,1.7396907216494846
E07000108,Dover,1250,116400,1.0738831615120275
E07000108,Dover,965,116400,0.8290378006872853
E07000108,Dover,317,116400,0.27233676975945015
E07000108,Dover,78,116400,0.06701030927835051
E07000109,Gravesham,0,106900,0
E07000109,Gravesham,0,106900,0
E07000109,Gravesham,0,106900,0
E07000109,Gravesham,0,106900,0
E07000109,Gravesham,0,106900,0
E07000109,Gravesham,0,106900,0
E07000109,Gravesham,0,106900,0
E07000109,Gravesham,31616,106900,29.57530402245089
E07000109,Gravesham,20416,106900,19.09822263797942
E07000109,Gravesham,18774,106900,17.562207670720298
E07000109,Gravesham,6249,106900,5.845650140318054
E07000109,Gravesham,2004,106900,1.8746492048643593
E07000109,Gravesham,0,106900,0
E07000109,Gravesham,58,106900,0.05425631431244153
E07000109,Gravesham,58,106900,0.05425631431244153
E07000109,Gravesham,88,106900,0.0823199251637044
E07000109,Gravesham,60,106900,0.05612722170252572
E07000109,Gravesham,20,106900,0.018709073900841908
E07000109,Gravesham,0,106900,0
E07000109,Gravesham,29,106900,0.027128157156220765
E07000109,Gravesham,29,106900,0.027128157156220765
E07000109,Gravesham,35,106900,0.03274087932647334
E07000109,Gravesham,11,106900,0.01028999064546305
E07000109,Gravesham,6,106900,0.005612722170252572
E07000109,Gravesham,0,106900,0
E07000109,Gravesham,30,106900,0.02806361085126286
E07000109,Gravesham,31,106900,0.028999064546304958
E07000109,Gravesham,39,106900,0.03648269410664172
E07000109,Gravesham,7,106900,0.006548175865294668
E07000109,Gravesham,10,106900,0.009354536950420954
E07000109,Gravesham,0,106900,0
E07000109,Gravesham,11,106900,0.01028999064546305
E07000109,Gravesham,14,106900,0.013096351730589336
E07000109,Gravesham,23,106900,0.021515434985968196
E07000109,Gravesham,8,106900,0.007483629560336763
E07000109,Gravesham,0,106900,0
E07000109,Gravesham,0,106900,0
E07000109,Gravesham,1579,106900,1.4770813844714688
E07000109,Gravesham,1112,106900,1.04022450888681
E07000109,Gravesham,1117,106900,1.0449017773620206
E07000109,Gravesham,451,106900,0.42188961646398504
E07000109,Gravesham,183,106900,0.17118802619270346
E07000110,Maidstone,0,175800,0
E07000110,Maidstone,0,175800,0
E07000110,Maidstone,0,175800,0
E07000110,Maidstone,0,175800,0
E07000110,Maidstone,0,175800,0
E07000110,Maidstone,0,175800,0
E07000110,Maidstone,0,175800,0
E07000110,Maidstone,64456,175800,36.66439135381115
E07000110,Maidstone,34098,175800,19.395904436860068
E07000110,Maidstone,25217,175800,14.344141069397041
E07000110,Maidstone,6699,175800,3.810580204778157
E07000110,Maidstone,1866,175800,1.0614334470989761
E07000110,Maidstone,0,175800,0
E07000110,Maidstone,60,175800,0.034129692832764506
E07000110,Maidstone,77,175800,0.04379977246871445
E07000110,Maidstone,92,175800,0.05233219567690557
E07000110,Maidstone,33,175800,0.01877133105802048
E07000110,Maidstone,19,175800,0.01080773606370876
E07000110,Maidstone,0,175800,0
E07000110,Maidstone,37,175800,0.02104664391353811
E07000110,Maidstone,25,175800,0.01422070534698521
E07000110,Maidstone,35,175800,0.019908987485779295
E07000110,Maidstone,10,175800,0.005688282138794084
E07000110,Maidstone,0,175800,0
E07000110,Maidstone,0,175800,0
E07000110,Maidstone,30,175800,0.017064846416382253
E07000110,Maidstone,26,175800,0.01478953356086462
E07000110,Maidstone,33,175800,0.01877133105802048
E07000110,Maidstone,11,175800,0.006257110352673493
E07000110,Maidstone,5,175800,0.002844141069397042
E07000110,Maidstone,0,175800,0
E07000110,Maidstone,24,175800,0.013651877133105802
E07000110,Maidstone,27,175800,0.015358361774744027
E07000110,Maidstone,24,175800,0.013651877133105802
E07000110,Maidstone,10,175800,0.005688282138794084
E07000110,Maidstone,0,175800,0
E07000110,Maidstone,0,175800,0
E07000110,Maidstone,2956,175800,1.6814562002275313
E07000110,Maidstone,1812,175800,1.030716723549488
E07000110,Maidstone,1510,175800,0.8589306029579067
E07000110,Maidstone,516,175800,0.2935153583617747
E07000110,Maidstone,131,175800,0.0745164960182025
E07000111,Sevenoaks,0,120500,0
E07000111,Sevenoaks,0,120500,0
E07000111,Sevenoaks,0,120500,0
E07000111,Sevenoaks,0,120500,0
E07000111,Sevenoaks,0,120500,0
E07000111,Sevenoaks,0,120500,0
E07000111,Sevenoaks,0,120500,0
E07000111,Sevenoaks,49691,120500,41.23734439834025
E07000111,Sevenoaks,20878,120500,17.326141078838173
E07000111,Sevenoaks,15843,120500,13.147717842323651
E07000111,Sevenoaks,3814,120500,3.1651452282157675
E07000111,Sevenoaks,796,120500,0.6605809128630705
E07000111,Sevenoaks,0,120500,0
E07000111,Sevenoaks,28,120500,0.023236514522821577
E07000111,Sevenoaks,24,120500,0.01991701244813278
E07000111,Sevenoaks,37,120500,0.030705394190871368
E07000111,Sevenoaks,4,120500,0.0033195020746887966
E07000111,Sevenoaks,3,120500,0.0024896265560165973
E07000111,Sevenoaks,0,120500,0
E07000111,Sevenoaks,28,120500,0.023236514522821577
E07000111,Sevenoaks,13,120500,0.010788381742738589
E07000111,Sevenoaks,19,120500,0.015767634854771784
E07000111,Sevenoaks,1,120500,8.298755186721991e-4
E07000111,Sevenoaks,0,120500,0
E07000111,Sevenoaks,0,120500,0
E07000111,Sevenoaks,20,120500,0.016597510373443983
E07000111,Sevenoaks,14,120500,0.011618257261410789
E07000111,Sevenoaks,17,120500,0.014107883817427386
E07000111,Sevenoaks,4,120500,0.0033195020746887966
E07000111,Sevenoaks,2,120500,0.0016597510373443983
E07000111,Sevenoaks,0,120500,0
E07000111,Sevenoaks,16,120500,0.013278008298755186
E07000111,Sevenoaks,16,120500,0.013278008298755186
E07000111,Sevenoaks,16,120500,0.013278008298755186
E07000111,Sevenoaks,2,120500,0.0016597510373443983
E07000111,Sevenoaks,1,120500,8.298755186721991e-4
E07000111,Sevenoaks,0,120500,0
E07000111,Sevenoaks,2177,120500,1.8066390041493776
E07000111,Sevenoaks,1067,120500,0.8854771784232365
E07000111,Sevenoaks,824,120500,0.6838174273858921
E07000111,Sevenoaks,224,120500,0.18589211618257262
E07000111,Sevenoaks,62,120500,0.051452282157676346
E07000112,Folkestone and Hythe,0,109800,0
E07000112,Folkestone and Hythe,0,109800,0
E07000112,Folkestone and Hythe,0,109800,0
E07000112,Folkestone and Hythe,0,109800,0
E07000112,Folkestone and Hythe,0,109800,0
E07000112,Folkestone and Hythe,0,109800,0
E07000112,Folkestone and Hythe,0,109800,0
E07000112,Folkestone and Hythe,39600,109800,36.0655737704918
E07000112,Folkestone and Hythe,23059,109800,21.000910746812387
E07000112,Folkestone and Hythe,16635,109800,15.150273224043715
E07000112,Folkestone and Hythe,4514,109800,4.111111111111111
E07000112,Folkestone and Hythe,1231,109800,1.121129326047359
E07000112,Folkestone and Hythe,0,109800,0
E07000112,Folkestone and Hythe,40,109800,0.03642987249544627
E07000112,Folkestone and Hythe,47,109800,0.042805100182149364
E07000112,Folkestone and Hythe,44,109800,0.04007285974499089
E07000112,Folkestone and Hythe,17,109800,0.015482695810564663
E07000112,Folkestone and Hythe,10,109800,0.009107468123861567
E07000112,Folkestone and Hythe,0,109800,0
E07000112,Folkestone and Hythe,22,109800,0.020036429872495445
E07000112,Folkestone and Hythe,17,109800,0.015482695810564663
E07000112,Folkestone and Hythe,19,109800,0.017304189435336976
E07000112,Folkestone and Hythe,7,109800,0.006375227686703097
E07000112,Folkestone and Hythe,0,109800,0
E07000112,Folkestone and Hythe,0,109800,0
E07000112,Folkestone and Hythe,17,109800,0.015482695810564663
E07000112,Folkestone and Hythe,23,109800,0.020947176684881604
E07000112,Folkestone and Hythe,25,109800,0.022768670309653915
E07000112,Folkestone and Hythe,13,109800,0.011839708561020037
E07000112,Folkestone and Hythe,1,109800,9.107468123861566e-4
E07000112,Folkestone and Hythe,0,109800,0
E07000112,Folkestone and Hythe,22,109800,0.020036429872495445
E07000112,Folkestone and Hythe,32,109800,0.029143897996357013
E07000112,Folkestone and Hythe,23,109800,0.020947176684881604
E07000112,Folkestone and Hythe,8,109800,0.007285974499089253
E07000112,Folkestone and Hythe,0,109800,0
E07000112,Folkestone and Hythe,0,109800,0
E07000112,Folkestone and Hythe,1757,109800,1.6001821493624773
E07000112,Folkestone and Hythe,1173,109800,1.0683060109289617
E07000112,Folkestone and Hythe,977,109800,0.8897996357012751
E07000112,Folkestone and Hythe,231,109800,0.2103825136612022
E07000112,Folkestone and Hythe,112,109800,0.10200364298724955
E07000113,Swale,0,151700,0
E07000113,Swale,0,151700,0
E07000113,Swale,0,151700,0
E07000113,Swale,0,151700,0
E07000113,Swale,0,151700,0
E07000113,Swale,0,151700,0
E07000113,Swale,0,151700,0
E07000113,Swale,49013,151700,32.309162821357944
E07000113,Swale,31796,151700,20.959789057350033
E07000113,Swale,22842,151700,15.05735003295979
E07000113,Swale,7276,151700,4.796308503625577
E07000113,Swale,2141,151700,1.4113381674357284
E07000113,Swale,0,151700,0
E07000113,Swale,36,151700,0.023731048121292023
E07000113,Swale,58,151700,0.03823335530652604
E07000113,Swale,61,151700,0.04021094264996704
E07000113,Swale,30,151700,0.01977587343441002
E07000113,Swale,14,151700,0.00922874093605801
E07000113,Swale,0,151700,0
E07000113,Swale,31,151700,0.02043506921555702
E07000113,Swale,27,151700,0.017798286090969017
E07000113,Swale,23,151700,0.015161502966381015
E07000113,Swale,7,151700,0.004614370468029005
E07000113,Swale,2,151700,0.0013183915622940012
E07000113,Swale,0,151700,0
E07000113,Swale,25,151700,0.016479894528675015
E07000113,Swale,26,151700,0.017139090309822018
E07000113,Swale,29,151700,0.01911667765326302
E07000113,Swale,10,151700,0.0065919578114700065
E07000113,Swale,3,151700,0.001977587343441002
E07000113,Swale,0,151700,0
E07000113,Swale,19,151700,0.012524719841793012
E07000113,Swale,24,151700,0.015820698747528016
E07000113,Swale,30,151700,0.01977587343441002
E07000113,Swale,12,151700,0.007910349373764008
E07000113,Swale,0,151700,0
E07000113,Swale,0,151700,0
E07000113,Swale,2167,151700,1.4284772577455505
E07000113,Swale,1584,151700,1.044166117336849
E07000113,Swale,1150,151700,0.7580751483190508
E07000113,Swale,423,151700,0.27883981542518127
E07000113,Swale,140,151700,0.0922874093605801
E07000114,Thanet,0,140600,0
E07000114,Thanet,0,140600,0
E07000114,Thanet,0,140600,0
E07000114,Thanet,0,140600,0
E07000114,Thanet,0,140600,0
E07000114,Thanet,0,140600,0
E07000114,Thanet,0,140600,0
E07000114,Thanet,43808,140600,31.157894736842106
E07000114,Thanet,31443,140600,22.36344238975818
E07000114,Thanet,23895,140600,16.9950213371266
E07000114,Thanet,6677,140600,4.748933143669986
E07000114,Thanet,1674,140600,1.1906116642958748
E07000114,Thanet,0,140600,0
E07000114,Thanet,60,140600,0.04267425320056899
E07000114,Thanet,58,140600,0.041251778093883355
E07000114,Thanet,85,140600,0.060455192034139404
E07000114,Thanet,49,140600,0.03485064011379801
E07000114,Thanet,29,140600,0.020625889046941678
E07000114,Thanet,0,140600,0
E07000114,Thanet,21,140600,0.014935988620199146
E07000114,Thanet,29,140600,0.020625889046941678
E07000114,Thanet,30,140600,0.021337126600284494
E07000114,Thanet,10,140600,0.007112375533428165
E07000114,Thanet,2,140600,0.001422475106685633
E07000114,Thanet,0,140600,0
E07000114,Thanet,23,140600,0.016358463726884778
E07000114,Thanet,22,140600,0.015647226173541962
E07000114,Thanet,24,140600,0.017069701280227598
E07000114,Thanet,14,140600,0.00995732574679943
E07000114,Thanet,1,140600,7.112375533428165e-4
E07000114,Thanet,0,140600,0
E07000114,Thanet,29,140600,0.020625889046941678
E07000114,Thanet,36,140600,0.025604551920341393
E07000114,Thanet,33,140600,0.023470839260312945
E07000114,Thanet,16,140600,0.011379800853485065
E07000114,Thanet,5,140600,0.0035561877667140826
E07000114,Thanet,0,140600,0
E07000114,Thanet,2109,140600,1.5
E07000114,Thanet,1737,140600,1.2354196301564722
E07000114,Thanet,1413,140600,1.0049786628733997
E07000114,Thanet,410,140600,0.29160739687055476
E07000114,Thanet,115,140600,0.08179231863442389
E07000115,Tonbridge and Malling,0,132200,0
E07000115,Tonbridge and Malling,0,132200,0
E07000115,Tonbridge and Malling,0,132200,0
E07000115,Tonbridge and Malling,0,132200,0
E07000115,Tonbridge and Malling,0,132200,0
E07000115,Tonbridge and Malling,0,132200,0
E07000115,Tonbridge and Malling,0,132200,0
E07000115,Tonbridge and Malling,52177,132200,39.46822995461422
E07000115,Tonbridge and Malling,25308,132200,19.14372163388805
E07000115,Tonbridge and Malling,17451,132200,13.200453857791226
E07000115,Tonbridge and Malling,4106,132200,3.1059001512859306
E07000115,Tonbridge and Malling,735,132200,0.5559757942511346
E07000115,Tonbridge and Malling,0,132200,0
E07000115,Tonbridge and Malling,38,132200,0.028744326777609682
E07000115,Tonbridge and Malling,35,132200,0.0264750378214826
E07000115,Tonbridge and Malling,18,132200,0.01361573373676248
E07000115,Tonbridge and Malling,5,132200,0.0037821482602118004
E07000115,Tonbridge and Malling,3,132200,0.0022692889561270802
E07000115,Tonbridge and Malling,0,132200,0
E07000115,Tonbridge and Malling,16,132200,0.012102874432677761
E07000115,Tonbridge and Malling,24,132200,0.018154311649016642
E07000115,Tonbridge and Malling,15,132200,0.0113464447806354
E07000115,Tonbridge and Malling,4,132200,0.0030257186081694403
E07000115,Tonbridge and Malling,1,132200,7.564296520423601e-4
E07000115,Tonbridge and Malling,0,132200,0
E07000115,Tonbridge and Malling,26,132200,0.019667170953101363
E07000115,Tonbridge and Malling,13,132200,0.009833585476550681
E07000115,Tonbridge and Malling,11,132200,0.00832072617246596
E07000115,Tonbridge and Malling,5,132200,0.0037821482602118004
E07000115,Tonbridge and Malling,0,132200,0
E07000115,Tonbridge and Malling,0,132200,0
E07000115,Tonbridge and Malling,16,132200,0.012102874432677761
E07000115,Tonbridge and Malling,15,132200,0.0113464447806354
E07000115,Tonbridge and Malling,14,132200,0.01059001512859304
E07000115,Tonbridge and Malling,6,132200,0.0045385779122541605
E07000115,Tonbridge and Malling,0,132200,0
E07000115,Tonbridge and Malling,0,132200,0
E07000115,Tonbridge and Malling,2265,132200,1.7133131618759456
E07000115,Tonbridge and Malling,1062,132200,0.8033282904689864
E07000115,Tonbridge and Malling,889,132200,0.6724659606656581
E07000115,Tonbridge and Malling,272,132200,0.20574886535552195
E07000115,Tonbridge and Malling,65,132200,0.049167927382753406
E07000116,Tunbridge Wells,0,115300,0
E07000116,Tunbridge Wells,0,115300,0
E07000116,Tunbridge Wells,0,115300,0
E07000116,Tunbridge Wells,0,115300,0
E07000116,Tunbridge Wells,0,115300,0
E07000116,Tunbridge Wells,0,115300,0
E07000116,Tunbridge Wells,0,115300,0
E07000116,Tunbridge Wells,43731,115300,37.92801387684302
E07000116,Tunbridge Wells,19598,115300,16.997398091934084
E07000116,Tunbridge Wells,17004,115300,14.747614917606244
E07000116,Tunbridge Wells,4845,115300,4.202081526452732
E07000116,Tunbridge Wells,908,115300,0.7875108412836079
E07000116,Tunbridge Wells,0,115300,0
E07000116,Tunbridge Wells,32,115300,0.027753686036426712
E07000116,Tunbridge Wells,22,115300,0.019080659150043366
E07000116,Tunbridge Wells,41,115300,0.03555941023417172
E07000116,Tunbridge Wells,14,115300,0.012142237640936688
E07000116,Tunbridge Wells,4,115300,0.003469210754553339
E07000116,Tunbridge Wells,0,115300,0
E07000116,Tunbridge Wells,23,115300,0.0199479618386817
E07000116,Tunbridge Wells,15,115300,0.013009540329575022
E07000116,Tunbridge Wells,35,115300,0.030355594102341718
E07000116,Tunbridge Wells,0,115300,0
E07000116,Tunbridge Wells,2,115300,0.0017346053772766695
E07000116,Tunbridge Wells,0,115300,0
E07000116,Tunbridge Wells,9,115300,0.007805724197745013
E07000116,Tunbridge Wells,10,115300,0.008673026886383347
E07000116,Tunbridge Wells,29,115300,0.02515177797051171
E07000116,Tunbridge Wells,5,115300,0.004336513443191674
E07000116,Tunbridge Wells,3,115300,0.0026019080659150044
E07000116,Tunbridge Wells,0,115300,0
E07000116,Tunbridge Wells,27,115300,0.023417172593235037
E07000116,Tunbridge Wells,10,115300,0.008673026886383347
E07000116,Tunbridge Wells,25,115300,0.02168256721595837
E07000116,Tunbridge Wells,9,115300,0.007805724197745013
E07000116,Tunbridge Wells,3,115300,0.0026019080659150044
E07000116,Tunbridge Wells,0,115300,0
E07000116,Tunbridge Wells,2027,115300,1.7580225498699047
E07000116,Tunbridge Wells,999,115300,0.8664353859496965
E07000116,Tunbridge Wells,1004,115300,0.8707718993928881
E07000116,Tunbridge Wells,377,115300,0.3269731136166522
E07000116,Tunbridge Wells,77,115300,0.06678230702515178
E07000117,Burnley,0,94700,0
E07000117,Burnley,0,94700,0
E07000117,Burnley,0,94700,0
E07000117,Burnley,0,94700,0
E07000117,Burnley,0,94700,0
E07000117,Burnley,0,94700,0
E07000117,Burnley,0,94700,0
E07000117,Burnley,24052,94700,25.398099260823653
E07000117,Burnley,21500,94700,22.70327349524815
E07000117,Burnley,15924,94700,16.81520591341077
E07000117,Burnley,5223,94700,5.515311510031679
E07000117,Burnley,2565,94700,2.7085533262935586
E07000117,Burnley,0,94700,0
E07000117,Burnley,29,94700,0.030623020063357972
E07000117,Burnley,67,94700,0.07074973600844774
E07000117,Burnley,71,94700,0.07497360084477296
E07000117,Burnley,23,94700,0.024287222808870117
E07000117,Burnley,32,94700,0.0337909186906019
E07000117,Burnley,0,94700,0
E07000117,Burnley,18,94700,0.01900739176346357
E07000117,Burnley,29,94700,0.030623020063357972
E07000117,Burnley,22,94700,0.023231256599788808
E07000117,Burnley,8,94700,0.008447729672650475
E07000117,Burnley,2,94700,0.0021119324181626186
E07000117,Burnley,0,94700,0
E07000117,Burnley,12,94700,0.012671594508975714
E07000117,Burnley,24,94700,0.025343189017951427
E07000117,Burnley,18,94700,0.01900739176346357
E07000117,Burnley,8,94700,0.008447729672650475
E07000117,Burnley,3,94700,0.0031678986272439284
E07000117,Burnley,0,94700,0
E07000117,Burnley,9,94700,0.009503695881731784
E07000117,Burnley,17,94700,0.01795142555438226
E07000117,Burnley,11,94700,0.011615628299894404
E07000117,Burnley,5,94700,0.005279831045406547
E07000117,Burnley,2,94700,0.0021119324181626186
E07000117,Burnley,0,94700,0
E07000117,Burnley,1273,94700,1.3442449841605069
E07000117,Burnley,1386,94700,1.463569165786695
E07000117,Burnley,1095,94700,1.1562829989440337
E07000117,Burnley,577,94700,0.6092925026399155
E07000117,Burnley,297,94700,0.3136219640971489
E07000118,Chorley,0,117800,0
E07000118,Chorley,0,117800,0
E07000118,Chorley,0,117800,0
E07000118,Chorley,0,117800,0
E07000118,Chorley,0,117800,0
E07000118,Chorley,0,117800,0
E07000118,Chorley,0,117800,0
E07000118,Chorley,46069,117800,39.107809847198645
E07000118,Chorley,25553,117800,21.691850594227503
E07000118,Chorley,14356,117800,12.186757215619695
E07000118,Chorley,2916,117800,2.475382003395586
E07000118,Chorley,564,117800,0.47877758913412566
E07000118,Chorley,0,117800,0
E07000118,Chorley,47,117800,0.039898132427843805
E07000118,Chorley,30,117800,0.025466893039049237
E07000118,Chorley,33,117800,0.02801358234295416
E07000118,Chorley,9,117800,0.007640067911714771
E07000118,Chorley,4,117800,0.003395585738539898
E07000118,Chorley,0,117800,0
E07000118,Chorley,19,117800,0.016129032258064516
E07000118,Chorley,15,117800,0.012733446519524618
E07000118,Chorley,13,117800,0.011035653650254669
E07000118,Chorley,3,117800,0.0025466893039049238
E07000118,Chorley,0,117800,0
E07000118,Chorley,0,117800,0
E07000118,Chorley,24,117800,0.02037351443123939
E07000118,Chorley,19,117800,0.016129032258064516
E07000118,Chorley,18,117800,0.015280135823429542
E07000118,Chorley,6,117800,0.0050933786078098476
E07000118,Chorley,2,117800,0.001697792869269949
E07000118,Chorley,0,117800,0
E07000118,Chorley,15,117800,0.012733446519524618
E07000118,Chorley,13,117800,0.011035653650254669
E07000118,Chorley,16,117800,0.013582342954159592
E07000118,Chorley,2,117800,0.001697792869269949
E07000118,Chorley,2,117800,0.001697792869269949
E07000118,Chorley,0,117800,0
E07000118,Chorley,1804,117800,1.531409168081494
E07000118,Chorley,1191,117800,1.0110356536502547
E07000118,Chorley,699,117800,0.5933786078098472
E07000118,Chorley,185,117800,0.1570458404074703
E07000118,Chorley,52,117800,0.044142614601018676
E07000119,Fylde,0,81400,0
E07000119,Fylde,0,81400,0
E07000119,Fylde,0,81400,0
E07000119,Fylde,0,81400,0
E07000119,Fylde,0,81400,0
E07000119,Fylde,0,81400,0
E07000119,Fylde,0,81400,0
E07000119,Fylde,36234,81400,44.513513513513516
E07000119,Fylde,16758,81400,20.587223587223587
E07000119,Fylde,9500,81400,11.67076167076167
E07000119,Fylde,1811,81400,2.2248157248157248
E07000119,Fylde,304,81400,0.37346437346437344
E07000119,Fylde,0,81400,0
E07000119,Fylde,24,81400,0.029484029484029485
E07000119,Fylde,28,81400,0.0343980343980344
E07000119,Fylde,31,81400,0.038083538083538086
E07000119,Fylde,1,81400,0.0012285012285012285
E07000119,Fylde,0,81400,0
E07000119,Fylde,0,81400,0
E07000119,Fylde,20,81400,0.02457002457002457
E07000119,Fylde,19,81400,0.02334152334152334
E07000119,Fylde,7,81400,0.0085995085995086
E07000119,Fylde,3,81400,0.0036855036855036856
E07000119,Fylde,0,81400,0
E07000119,Fylde,0,81400,0
E07000119,Fylde,20,81400,0.02457002457002457
E07000119,Fylde,13,81400,0.01597051597051597
E07000119,Fylde,8,81400,0.009828009828009828
E07000119,Fylde,1,81400,0.0012285012285012285
E07000119,Fylde,0,81400,0
E07000119,Fylde,0,81400,0
E07000119,Fylde,11,81400,0.013513513513513514
E07000119,Fylde,16,81400,0.019656019656019656
E07000119,Fylde,10,81400,0.012285012285012284
E07000119,Fylde,1,81400,0.0012285012285012285
E07000119,Fylde,0,81400,0
E07000119,Fylde,0,81400,0
E07000119,Fylde,1464,81400,1.7985257985257985
E07000119,Fylde,680,81400,0.8353808353808354
E07000119,Fylde,580,81400,0.7125307125307125
E07000119,Fylde,97,81400,0.11916461916461916
E07000119,Fylde,34,81400,0.04176904176904177
E07000120,Hyndburn,0,82200,0
E07000120,Hyndburn,0,82200,0
E07000120,Hyndburn,0,82200,0
E07000120,Hyndburn,0,82200,0
E07000120,Hyndburn,0,82200,0
E07000120,Hyndburn,0,82200,0
E07000120,Hyndburn,0,82200,0
E07000120,Hyndburn,20615,82200,25.079075425790755
E07000120,Hyndburn,19253,82200,23.42214111922141
E07000120,Hyndburn,14045,82200,17.086374695863746
E07000120,Hyndburn,4720,82200,5.742092457420925
E07000120,Hyndburn,2074,82200,2.5231143552311437
E07000120,Hyndburn,0,82200,0
E07000120,Hyndburn,17,82200,0.02068126520681265
E07000120,Hyndburn,45,82200,0.05474452554744526
E07000120,Hyndburn,48,82200,0.058394160583941604
E07000120,Hyndburn,18,82200,0.021897810218978103
E07000120,Hyndburn,13,82200,0.015815085158150853
E07000120,Hyndburn,0,82200,0
E07000120,Hyndburn,12,82200,0.014598540145985401
E07000120,Hyndburn,19,82200,0.023114355231143552
E07000120,Hyndburn,15,82200,0.01824817518248175
E07000120,Hyndburn,8,82200,0.009732360097323601
E07000120,Hyndburn,5,82200,0.006082725060827251
E07000120,Hyndburn,0,82200,0
E07000120,Hyndburn,12,82200,0.014598540145985401
E07000120,Hyndburn,21,82200,0.025547445255474453
E07000120,Hyndburn,18,82200,0.021897810218978103
E07000120,Hyndburn,15,82200,0.01824817518248175
E07000120,Hyndburn,7,82200,0.00851581508515815
E07000120,Hyndburn,0,82200,0
E07000120,Hyndburn,4,82200,0.004866180048661801
E07000120,Hyndburn,16,82200,0.019464720194647202
E07000120,Hyndburn,15,82200,0.01824817518248175
E07000120,Hyndburn,5,82200,0.006082725060827251
E07000120,Hyndburn,0,82200,0
E07000120,Hyndburn,0,82200,0
E07000120,Hyndburn,1114,82200,1.3552311435523114
E07000120,Hyndburn,1193,82200,1.451338199513382
E07000120,Hyndburn,898,82200,1.0924574209245743
E07000120,Hyndburn,367,82200,0.4464720194647202
E07000120,Hyndburn,288,82200,0.35036496350364965
E07000121,Lancaster,0,142900,0
E07000121,Lancaster,0,142900,0
E07000121,Lancaster,0,142900,0
E07000121,Lancaster,0,142900,0
E07000121,Lancaster,0,142900,0
E07000121,Lancaster,0,142900,0
E07000121,Lancaster,0,142900,0
E07000121,Lancaster,50135,142900,35.08397480755773
E07000121,Lancaster,29617,142900,20.725682295311408
E07000121,Lancaster,19414,142900,13.585724282715185
E07000121,Lancaster,5129,142900,3.589223233030091
E07000121,Lancaster,918,142900,0.642407277816655
E07000121,Lancaster,0,142900,0
E07000121,Lancaster,48,142900,0.03358992302309307
E07000121,Lancaster,50,142900,0.03498950314905528
E07000121,Lancaster,37,142900,0.02589223233030091
E07000121,Lancaster,13,142900,0.009097270818754374
E07000121,Lancaster,3,142900,0.002099370188943317
E07000121,Lancaster,0,142900,0
E07000121,Lancaster,32,142900,0.02239328201539538
E07000121,Lancaster,29,142900,0.020293911826452064
E07000121,Lancaster,17,142900,0.011896431070678797
E07000121,Lancaster,4,142900,0.0027991602519244225
E07000121,Lancaster,0,142900,0
E07000121,Lancaster,0,142900,0
E07000121,Lancaster,23,142900,0.01609517144856543
E07000121,Lancaster,21,142900,0.01469559132260322
E07000121,Lancaster,28,142900,0.01959412176347096
E07000121,Lancaster,5,142900,0.0034989503149055285
E07000121,Lancaster,1,142900,6.997900629811056e-4
E07000121,Lancaster,0,142900,0
E07000121,Lancaster,60,142900,0.04198740377886634
E07000121,Lancaster,42,142900,0.02939118264520644
E07000121,Lancaster,53,142900,0.0370888733379986
E07000121,Lancaster,14,142900,0.00979706088173548
E07000121,Lancaster,2,142900,0.0013995801259622112
E07000121,Lancaster,0,142900,0
E07000121,Lancaster,2465,142900,1.7249825052484256
E07000121,Lancaster,1740,142900,1.2176347095871238
E07000121,Lancaster,1259,142900,0.8810356892932121
E07000121,Lancaster,402,142900,0.2813156053184045
E07000121,Lancaster,121,142900,0.08467459762071379
E07000122,Pendle,0,95800,0
E07000122,Pendle,0,95800,0
E07000122,Pendle,0,95800,0
E07000122,Pendle,0,95800,0
E07000122,Pendle,0,95800,0
E07000122,Pendle,0,95800,0
E07000122,Pendle,0,95800,0
E07000122,Pendle,24429,95800,25.5
E07000122,Pendle,19993,95800,20.869519832985386
E07000122,Pendle,14482,95800,15.116910229645095
E07000122,Pendle,5682,95800,5.931106471816284
E07000122,Pendle,4253,95800,4.439457202505219
E07000122,Pendle,0,95800,0
E07000122,Pendle,37,95800,0.038622129436325675
E07000122,Pendle,74,95800,0.07724425887265135
E07000122,Pendle,78,95800,0.081419624217119
E07000122,Pendle,59,95800,0.061586638830897704
E07000122,Pendle,37,95800,0.038622129436325675
E07000122,Pendle,0,95800,0
E07000122,Pendle,17,95800,0.017745302713987474
E07000122,Pendle,21,95800,0.021920668058455117
E07000122,Pendle,15,95800,0.015657620041753653
E07000122,Pendle,9,95800,0.009394572025052192
E07000122,Pendle,3,95800,0.003131524008350731
E07000122,Pendle,0,95800,0
E07000122,Pendle,12,95800,0.012526096033402923
E07000122,Pendle,25,95800,0.026096033402922755
E07000122,Pendle,26,95800,0.027139874739039668
E07000122,Pendle,8,95800,0.008350730688935281
E07000122,Pendle,7,95800,0.007306889352818371
E07000122,Pendle,0,95800,0
E07000122,Pendle,8,95800,0.008350730688935281
E07000122,Pendle,5,95800,0.005219206680584551
E07000122,Pendle,10,95800,0.010438413361169102
E07000122,Pendle,2,95800,0.0020876826722338203
E07000122,Pendle,0,95800,0
E07000122,Pendle,0,95800,0
E07000122,Pendle,1394,95800,1.4551148225469728
E07000122,Pendle,1507,95800,1.5730688935281838
E07000122,Pendle,1167,95800,1.2181628392484343
E07000122,Pendle,674,95800,0.7035490605427975
E07000122,Pendle,651,95800,0.6795407098121086
E07000123,Preston,0,147900,0
E07000123,Preston,0,147900,0
E07000123,Preston,0,147900,0
E07000123,Preston,0,147900,0
E07000123,Preston,0,147900,0
E07000123,Preston,0,147900,0
E07000123,Preston,0,147900,0
E07000123,Preston,42607,147900,28.807978363759297
E07000123,Preston,29514,147900,19.955375253549697
E07000123,Preston,22732,147900,15.369844489519945
E07000123,Preston,7283,147900,4.924273157538877
E07000123,Preston,2734,147900,1.8485463150777552
E07000123,Preston,0,147900,0
E07000123,Preston,91,147900,0.06152805949966193
E07000123,Preston,112,147900,0.07572684246112238
E07000123,Preston,122,147900,0.08248816768086545
E07000123,Preston,36,147900,0.02434077079107505
E07000123,Preston,23,147900,0.01555104800540906
E07000123,Preston,0,147900,0
E07000123,Preston,38,147900,0.025693035835023664
E07000123,Preston,51,147900,0.034482758620689655
E07000123,Preston,26,147900,0.01757944557133198
E07000123,Preston,21,147900,0.014198782961460446
E07000123,Preston,11,147900,0.0074374577417173765
E07000123,Preston,0,147900,0
E07000123,Preston,40,147900,0.027045300878972278
E07000123,Preston,34,147900,0.022988505747126436
E07000123,Preston,40,147900,0.027045300878972278
E07000123,Preston,18,147900,0.012170385395537525
E07000123,Preston,10,147900,0.0067613252197430695
E07000123,Preston,0,147900,0
E07000123,Preston,44,147900,0.029749830966869506
E07000123,Preston,31,147900,0.020960108181203516
E07000123,Preston,29,147900,0.0196078431372549
E07000123,Preston,26,147900,0.01757944557133198
E07000123,Preston,1,147900,6.76132521974307e-4
E07000123,Preston,0,147900,0
E07000123,Preston,2245,147900,1.5179175118323192
E07000123,Preston,1927,147900,1.3029073698444895
E07000123,Preston,1843,147900,1.2461122379986478
E07000123,Preston,701,147900,0.47396889790398916
E07000123,Preston,311,147900,0.21027721433400948
E07000124,Ribble Valley,0,61500,0
E07000124,Ribble Valley,0,61500,0
E07000124,Ribble Valley,0,61500,0
E07000124,Ribble Valley,0,61500,0
E07000124,Ribble Valley,0,61500,0
E07000124,Ribble Valley,0,61500,0
E07000124,Ribble Valley,0,61500,0
E07000124,Ribble Valley,26615,61500,43.27642276422764
E07000124,Ribble Valley,12953,61500,21.06178861788618
E07000124,Ribble Valley,7032,61500,11.434146341463414
E07000124,Ribble Valley,1678,61500,2.7284552845528456
E07000124,Ribble Valley,281,61500,0.45691056910569106
E07000124,Ribble Valley,0,61500,0
E07000124,Ribble Valley,17,61500,0.027642276422764227
E07000124,Ribble Valley,13,61500,0.02113821138211382
E07000124,Ribble Valley,10,61500,0.016260162601626018
E07000124,Ribble Valley,3,61500,0.004878048780487805
E07000124,Ribble Valley,0,61500,0
E07000124,Ribble Valley,0,61500,0
E07000124,Ribble Valley,9,61500,0.014634146341463415
E07000124,Ribble Valley,4,61500,0.0065040650406504065
E07000124,Ribble Valley,2,61500,0.0032520325203252032
E07000124,Ribble Valley,0,61500,0
E07000124,Ribble Valley,0,61500,0
E07000124,Ribble Valley,0,61500,0
E07000124,Ribble Valley,11,61500,0.01788617886178862
E07000124,Ribble Valley,5,61500,0.008130081300813009
E07000124,Ribble Valley,3,61500,0.004878048780487805
E07000124,Ribble Valley,0,61500,0
E07000124,Ribble Valley,0,61500,0
E07000124,Ribble Valley,0,61500,0
E07000124,Ribble Valley,4,61500,0.0065040650406504065
E07000124,Ribble Valley,1,61500,0.0016260162601626016
E07000124,Ribble Valley,5,61500,0.008130081300813009
E07000124,Ribble Valley,2,61500,0.0032520325203252032
E07000124,Ribble Valley,0,61500,0
E07000124,Ribble Valley,0,61500,0
E07000124,Ribble Valley,971,61500,1.5788617886178862
E07000124,Ribble Valley,597,61500,0.9707317073170731
E07000124,Ribble Valley,317,61500,0.5154471544715448
E07000124,Ribble Valley,107,61500,0.17398373983739837
E07000124,Ribble Valley,27,61500,0.04390243902439024
E07000125,Rossendale,0,70800,0
E07000125,Rossendale,0,70800,0
E07000125,Rossendale,0,70800,0
E07000125,Rossendale,0,70800,0
E07000125,Rossendale,0,70800,0
E07000125,Rossendale,0,70800,0
E07000125,Rossendale,0,70800,0
E07000125,Rossendale,21378,70800,30.194915254237287
E07000125,Rossendale,16866,70800,23.822033898305083
E07000125,Rossendale,11143,70800,15.73870056497175
E07000125,Rossendale,3187,70800,4.501412429378531
E07000125,Rossendale,1061,70800,1.4985875706214689
E07000125,Rossendale,0,70800,0
E07000125,Rossendale,16,70800,0.022598870056497175
E07000125,Rossendale,18,70800,0.025423728813559324
E07000125,Rossendale,26,70800,0.03672316384180791
E07000125,Rossendale,13,70800,0.018361581920903956
E07000125,Rossendale,0,70800,0
E07000125,Rossendale,0,70800,0
E07000125,Rossendale,6,70800,0.00847457627118644
E07000125,Rossendale,9,70800,0.012711864406779662
E07000125,Rossendale,13,70800,0.018361581920903956
E07000125,Rossendale,1,70800,0.0014124293785310734
E07000125,Rossendale,0,70800,0
E07000125,Rossendale,0,70800,0
E07000125,Rossendale,8,70800,0.011299435028248588
E07000125,Rossendale,4,70800,0.005649717514124294
E07000125,Rossendale,2,70800,0.002824858757062147
E07000125,Rossendale,1,70800,0.0014124293785310734
E07000125,Rossendale,0,70800,0
E07000125,Rossendale,0,70800,0
E07000125,Rossendale,13,70800,0.018361581920903956
E07000125,Rossendale,7,70800,0.009887005649717515
E07000125,Rossendale,3,70800,0.00423728813559322
E07000125,Rossendale,2,70800,0.002824858757062147
E07000125,Rossendale,2,70800,0.002824858757062147
E07000125,Rossendale,0,70800,0
E07000125,Rossendale,934,70800,1.3192090395480225
E07000125,Rossendale,901,70800,1.2725988700564972
E07000125,Rossendale,627,70800,0.885593220338983
E07000125,Rossendale,221,70800,0.3121468926553672
E07000125,Rossendale,76,70800,0.10734463276836158
E07000126,South Ribble,0,111000,0
E07000126,South Ribble,0,111000,0
E07000126,South Ribble,0,111000,0
E07000126,South Ribble,0,111000,0
E07000126,South Ribble,0,111000,0
E07000126,South Ribble,0,111000,0
E07000126,South Ribble,0,111000,0
E07000126,South Ribble,45737,111000,41.204504504504506
E07000126,South Ribble,24916,111000,22.446846846846846
E07000126,South Ribble,12911,111000,11.631531531531532
E07000126,South Ribble,2736,111000,2.464864864864865
E07000126,South Ribble,463,111000,0.41711711711711713
E07000126,South Ribble,0,111000,0
E07000126,South Ribble,27,111000,0.024324324324324326
E07000126,South Ribble,30,111000,0.02702702702702703
E07000126,South Ribble,23,111000,0.02072072072072072
E07000126,South Ribble,6,111000,0.005405405405405406
E07000126,South Ribble,1,111000,9.009009009009009e-4
E07000126,South Ribble,0,111000,0
E07000126,South Ribble,17,111000,0.015315315315315315
E07000126,South Ribble,20,111000,0.018018018018018018
E07000126,South Ribble,12,111000,0.010810810810810811
E07000126,South Ribble,3,111000,0.002702702702702703
E07000126,South Ribble,2,111000,0.0018018018018018018
E07000126,South Ribble,0,111000,0
E07000126,South Ribble,18,111000,0.016216216216216217
E07000126,South Ribble,21,111000,0.01891891891891892
E07000126,South Ribble,9,111000,0.008108108108108109
E07000126,South Ribble,4,111000,0.0036036036036036037
E07000126,South Ribble,1,111000,9.009009009009009e-4
E07000126,South Ribble,0,111000,0
E07000126,South Ribble,16,111000,0.014414414414414415
E07000126,South Ribble,13,111000,0.011711711711711712
E07000126,South Ribble,18,111000,0.016216216216216217
E07000126,South Ribble,4,111000,0.0036036036036036037
E07000126,South Ribble,0,111000,0
E07000126,South Ribble,0,111000,0
E07000126,South Ribble,1831,111000,1.6495495495495496
E07000126,South Ribble,1115,111000,1.0045045045045045
E07000126,South Ribble,605,111000,0.545045045045045
E07000126,South Ribble,147,111000,0.13243243243243244
E07000126,South Ribble,24,111000,0.021621621621621623
E07000127,West Lancashire,0,117400,0
E07000127,West Lancashire,0,117400,0
E07000127,West Lancashire,0,117400,0
E07000127,West Lancashire,0,117400,0
E07000127,West Lancashire,0,117400,0
E07000127,West Lancashire,0,117400,0
E07000127,West Lancashire,0,117400,0
E07000127,West Lancashire,48060,117400,40.936967632027255
E07000127,West Lancashire,23017,117400,19.605621805792165
E07000127,West Lancashire,13834,117400,11.783645655877342
E07000127,West Lancashire,3581,117400,3.0502555366269166
E07000127,West Lancashire,605,117400,0.5153321976149915
E07000127,West Lancashire,0,117400,0
E07000127,West Lancashire,46,117400,0.039182282793867124
E07000127,West Lancashire,39,117400,0.03321976149914821
E07000127,West Lancashire,26,117400,0.022146507666098807
E07000127,West Lancashire,17,117400,0.014480408858603067
E07000127,West Lancashire,6,117400,0.005110732538330494
E07000127,West Lancashire,0,117400,0
E07000127,West Lancashire,25,117400,0.02129471890971039
E07000127,West Lancashire,18,117400,0.015332197614991482
E07000127,West Lancashire,10,117400,0.008517887563884156
E07000127,West Lancashire,3,117400,0.002555366269165247
E07000127,West Lancashire,0,117400,0
E07000127,West Lancashire,0,117400,0
E07000127,West Lancashire,21,117400,0.01788756388415673
E07000127,West Lancashire,17,117400,0.014480408858603067
E07000127,West Lancashire,13,117400,0.011073253833049404
E07000127,West Lancashire,4,117400,0.0034071550255536627
E07000127,West Lancashire,2,117400,0.0017035775127768314
E07000127,West Lancashire,0,117400,0
E07000127,West Lancashire,16,117400,0.013628620102214651
E07000127,West Lancashire,21,117400,0.01788756388415673
E07000127,West Lancashire,22,117400,0.018739352640545145
E07000127,West Lancashire,8,117400,0.0068143100511073255
E07000127,West Lancashire,4,117400,0.0034071550255536627
E07000127,West Lancashire,0,117400,0
E07000127,West Lancashire,2065,117400,1.7589437819420783
E07000127,West Lancashire,1168,117400,0.9948892674616695
E07000127,West Lancashire,782,117400,0.666098807495741
E07000127,West Lancashire,244,117400,0.20783645655877342
E07000127,West Lancashire,60,117400,0.05110732538330494
E07000128,Wyre,0,111900,0
E07000128,Wyre,0,111900,0
E07000128,Wyre,0,111900,0
E07000128,Wyre,0,111900,0
E07000128,Wyre,0,111900,0
E07000128,Wyre,0,111900,0
E07000128,Wyre,0,111900,0
E07000128,Wyre,47161,111900,42.145665773011615
E07000128,Wyre,25895,111900,23.141197497765862
E07000128,Wyre,12597,111900,11.257372654155496
E07000128,Wyre,2489,111900,2.2243074173369077
E07000128,Wyre,433,111900,0.386952636282395
E07000128,Wyre,0,111900,0
E07000128,Wyre,39,111900,0.03485254691689008
E07000128,Wyre,28,111900,0.025022341376228777
E07000128,Wyre,17,111900,0.01519213583556747
E07000128,Wyre,6,111900,0.005361930294906166
E07000128,Wyre,2,111900,0.0017873100983020554
E07000128,Wyre,0,111900,0
E07000128,Wyre,23,111900,0.020554066130473638
E07000128,Wyre,21,111900,0.01876675603217158
E07000128,Wyre,9,111900,0.00804289544235925
E07000128,Wyre,6,111900,0.005361930294906166
E07000128,Wyre,0,111900,0
E07000128,Wyre,0,111900,0
E07000128,Wyre,16,111900,0.014298480786416443
E07000128,Wyre,14,111900,0.012511170688114389
E07000128,Wyre,13,111900,0.01161751563896336
E07000128,Wyre,3,111900,0.002680965147453083
E07000128,Wyre,0,111900,0
E07000128,Wyre,0,111900,0
E07000128,Wyre,22,111900,0.01966041108132261
E07000128,Wyre,14,111900,0.012511170688114389
E07000128,Wyre,10,111900,0.008936550491510277
E07000128,Wyre,3,111900,0.002680965147453083
E07000128,Wyre,1,111900,8.936550491510277e-4
E07000128,Wyre,0,111900,0
E07000128,Wyre,1981,111900,1.7703306523681859
E07000128,Wyre,1176,111900,1.0509383378016086
E07000128,Wyre,675,111900,0.6032171581769437
E07000128,Wyre,120,111900,0.10723860589812333
E07000128,Wyre,37,111900,0.03306523681858802
E07000129,Blaby,0,102900,0
E07000129,Blaby,0,102900,0
E07000129,Blaby,0,102900,0
E07000129,Blaby,0,102900,0
E07000129,Blaby,0,102900,0
E07000129,Blaby,0,102900,0
E07000129,Blaby,0,102900,0
E07000129,Blaby,43262,102900,42.04275996112731
E07000129,Blaby,21085,102900,20.490767735665695
E07000129,Blaby,11837,102900,11.503401360544217
E07000129,Blaby,2483,102900,2.413022351797862
E07000129,Blaby,465,102900,0.4518950437317784
E07000129,Blaby,0,102900,0
E07000129,Blaby,42,102900,0.04081632653061224
E07000129,Blaby,36,102900,0.03498542274052478
E07000129,Blaby,20,102900,0.019436345966958212
E07000129,Blaby,4,102900,0.003887269193391642
E07000129,Blaby,0,102900,0
E07000129,Blaby,0,102900,0
E07000129,Blaby,26,102900,0.025267249757045675
E07000129,Blaby,9,102900,0.008746355685131196
E07000129,Blaby,12,102900,0.011661807580174927
E07000129,Blaby,7,102900,0.006802721088435374
E07000129,Blaby,0,102900,0
E07000129,Blaby,0,102900,0
E07000129,Blaby,20,102900,0.019436345966958212
E07000129,Blaby,15,102900,0.014577259475218658
E07000129,Blaby,16,102900,0.015549076773566569
E07000129,Blaby,0,102900,0
E07000129,Blaby,0,102900,0
E07000129,Blaby,0,102900,0
E07000129,Blaby,28,102900,0.027210884353741496
E07000129,Blaby,16,102900,0.015549076773566569
E07000129,Blaby,9,102900,0.008746355685131196
E07000129,Blaby,4,102900,0.003887269193391642
E07000129,Blaby,0,102900,0
E07000129,Blaby,0,102900,0
E07000129,Blaby,2067,102900,2.008746355685131
E07000129,Blaby,1005,102900,0.9766763848396501
E07000129,Blaby,601,102900,0.5840621963070942
E07000129,Blaby,142,102900,0.1379980563654033
E07000129,Blaby,39,102900,0.037900874635568516
E07000130,Charnwood,0,183900,0
E07000130,Charnwood,0,183900,0
E07000130,Charnwood,0,183900,0
E07000130,Charnwood,0,183900,0
E07000130,Charnwood,0,183900,0
E07000130,Charnwood,0,183900,0
E07000130,Charnwood,0,183900,0
E07000130,Charnwood,70496,183900,38.333877107123435
E07000130,Charnwood,34360,183900,18.684067427949973
E07000130,Charnwood,23192,183900,12.611201740076128
E07000130,Charnwood,6756,183900,3.67373572593801
E07000130,Charnwood,1720,183900,0.9352909189777052
E07000130,Charnwood,0,183900,0
E07000130,Charnwood,66,183900,0.03588907014681892
E07000130,Charnwood,50,183900,0.027188689505165852
E07000130,Charnwood,55,183900,0.029907558455682437
E07000130,Charnwood,20,183900,0.010875475802066341
E07000130,Charnwood,3,183900,0.0016313213703099511
E07000130,Charnwood,0,183900,0
E07000130,Charnwood,35,183900,0.019032082653616094
E07000130,Charnwood,22,183900,0.011963023382272975
E07000130,Charnwood,27,183900,0.01468189233278956
E07000130,Charnwood,5,183900,0.0027188689505165853
E07000130,Charnwood,0,183900,0
E07000130,Charnwood,0,183900,0
E07000130,Charnwood,29,183900,0.015769439912996192
E07000130,Charnwood,28,183900,0.015225666122892877
E07000130,Charnwood,30,183900,0.01631321370309951
E07000130,Charnwood,8,183900,0.004350190320826536
E07000130,Charnwood,2,183900,0.001087547580206634
E07000130,Charnwood,0,183900,0
E07000130,Charnwood,36,183900,0.01957585644371941
E07000130,Charnwood,39,183900,0.021207177814029365
E07000130,Charnwood,32,183900,0.017400761283306143
E07000130,Charnwood,13,183900,0.0070690592713431215
E07000130,Charnwood,1,183900,5.43773790103317e-4
E07000130,Charnwood,0,183900,0
E07000130,Charnwood,3381,183900,1.8384991843393148
E07000130,Charnwood,1912,183900,1.039695486677542
E07000130,Charnwood,1463,183900,0.7955410549211528
E07000130,Charnwood,482,183900,0.26209896682979883
E07000130,Charnwood,173,183900,0.09407286568787385
E07000131,Harborough,0,97600,0
E07000131,Harborough,0,97600,0
E07000131,Harborough,0,97600,0
E07000131,Harborough,0,97600,0
E07000131,Harborough,0,97600,0
E07000131,Harborough,0,97600,0
E07000131,Harborough,0,97600,0
E07000131,Harborough,46751,97600,47.90061475409836
E07000131,Harborough,17136,97600,17.557377049180328
E07000131,Harborough,9064,97600,9.28688524590164
E07000131,Harborough,1966,97600,2.014344262295082
E07000131,Harborough,619,97600,0.6342213114754098
E07000131,Harborough,0,97600,0
E07000131,Harborough,42,97600,0.0430327868852459
E07000131,Harborough,15,97600,0.015368852459016393
E07000131,Harborough,10,97600,0.010245901639344262
E07000131,Harborough,3,97600,0.0030737704918032786
E07000131,Harborough,0,97600,0
E07000131,Harborough,0,97600,0
E07000131,Harborough,18,97600,0.018442622950819672
E07000131,Harborough,8,97600,0.00819672131147541
E07000131,Harborough,12,97600,0.012295081967213115
E07000131,Harborough,1,97600,0.0010245901639344263
E07000131,Harborough,0,97600,0
E07000131,Harborough,0,97600,0
E07000131,Harborough,16,97600,0.01639344262295082
E07000131,Harborough,6,97600,0.006147540983606557
E07000131,Harborough,12,97600,0.012295081967213115
E07000131,Harborough,2,97600,0.0020491803278688526
E07000131,Harborough,0,97600,0
E07000131,Harborough,0,97600,0
E07000131,Harborough,15,97600,0.015368852459016393
E07000131,Harborough,11,97600,0.011270491803278689
E07000131,Harborough,6,97600,0.006147540983606557
E07000131,Harborough,3,97600,0.0030737704918032786
E07000131,Harborough,0,97600,0
E07000131,Harborough,0,97600,0
E07000131,Harborough,1973,97600,2.021516393442623
E07000131,Harborough,818,97600,0.8381147540983607
E07000131,Harborough,472,97600,0.48360655737704916
E07000131,Harborough,121,97600,0.12397540983606557
E07000131,Harborough,29,97600,0.02971311475409836
E07000132,Hinckley and Bosworth,0,113600,0
E07000132,Hinckley and Bosworth,0,113600,0
E07000132,Hinckley and Bosworth,0,113600,0
E07000132,Hinckley and Bosworth,0,113600,0
E07000132,Hinckley and Bosworth,0,113600,0
E07000132,Hinckley and Bosworth,0,113600,0
E07000132,Hinckley and Bosworth,0,113600,0
E07000132,Hinckley and Bosworth,48202,113600,42.431338028169016
E07000132,Hinckley and Bosworth,24556,113600,21.616197183098592
E07000132,Hinckley and Bosworth,12963,113600,11.411091549295774
E07000132,Hinckley and Bosworth,2574,113600,2.265845070422535
E07000132,Hinckley and Bosworth,493,113600,0.4339788732394366
E07000132,Hinckley and Bosworth,0,113600,0
E07000132,Hinckley and Bosworth,53,113600,0.04665492957746479
E07000132,Hinckley and Bosworth,44,113600,0.03873239436619718
E07000132,Hinckley and Bosworth,26,113600,0.022887323943661973
E07000132,Hinckley and Bosworth,1,113600,8.802816901408451e-4
E07000132,Hinckley and Bosworth,5,113600,0.0044014084507042256
E07000132,Hinckley and Bosworth,0,113600,0
E07000132,Hinckley and Bosworth,19,113600,0.016725352112676055
E07000132,Hinckley and Bosworth,22,113600,0.01936619718309859
E07000132,Hinckley and Bosworth,11,113600,0.009683098591549295
E07000132,Hinckley and Bosworth,1,113600,8.802816901408451e-4
E07000132,Hinckley and Bosworth,1,113600,8.802816901408451e-4
E07000132,Hinckley and Bosworth,0,113600,0
E07000132,Hinckley and Bosworth,18,113600,0.01584507042253521
E07000132,Hinckley and Bosworth,11,113600,0.009683098591549295
E07000132,Hinckley and Bosworth,9,113600,0.007922535211267605
E07000132,Hinckley and Bosworth,7,113600,0.006161971830985915
E07000132,Hinckley and Bosworth,0,113600,0
E07000132,Hinckley and Bosworth,0,113600,0
E07000132,Hinckley and Bosworth,26,113600,0.022887323943661973
E07000132,Hinckley and Bosworth,23,113600,0.020246478873239437
E07000132,Hinckley and Bosworth,16,113600,0.014084507042253521
E07000132,Hinckley and Bosworth,3,113600,0.002640845070422535
E07000132,Hinckley and Bosworth,1,113600,8.802816901408451e-4
E07000132,Hinckley and Bosworth,0,113600,0
E07000132,Hinckley and Bosworth,2073,113600,1.8248239436619718
E07000132,Hinckley and Bosworth,1242,113600,1.0933098591549295
E07000132,Hinckley and Bosworth,610,113600,0.5369718309859155
E07000132,Hinckley and Bosworth,143,113600,0.12588028169014084
E07000132,Hinckley and Bosworth,23,113600,0.020246478873239437
E07000133,Melton,0,51800,0
E07000133,Melton,0,51800,0
E07000133,Melton,0,51800,0
E07000133,Melton,0,51800,0
E07000133,Melton,0,51800,0
E07000133,Melton,0,51800,0
E07000133,Melton,0,51800,0
E07000133,Melton,24280,51800,46.87258687258687
E07000133,Melton,9575,51800,18.484555984555985
E07000133,Melton,5299,51800,10.22972972972973
E07000133,Melton,1030,51800,1.9884169884169884
E07000133,Melton,249,51800,0.4806949806949807
E07000133,Melton,0,51800,0
E07000133,Melton,23,51800,0.0444015444015444
E07000133,Melton,11,51800,0.021235521235521235
E07000133,Melton,17,51800,0.032818532818532815
E07000133,Melton,3,51800,0.005791505791505791
E07000133,Melton,0,51800,0
E07000133,Melton,0,51800,0
E07000133,Melton,6,51800,0.011583011583011582
E07000133,Melton,6,51800,0.011583011583011582
E07000133,Melton,16,51800,0.03088803088803089
E07000133,Melton,1,51800,0.0019305019305019305
E07000133,Melton,0,51800,0
E07000133,Melton,0,51800,0
E07000133,Melton,5,51800,0.009652509652509652
E07000133,Melton,9,51800,0.017374517374517374
E07000133,Melton,5,51800,0.009652509652509652
E07000133,Melton,2,51800,0.003861003861003861
E07000133,Melton,1,51800,0.0019305019305019305
E07000133,Melton,0,51800,0
E07000133,Melton,9,51800,0.017374517374517374
E07000133,Melton,5,51800,0.009652509652509652
E07000133,Melton,12,51800,0.023166023166023165
E07000133,Melton,2,51800,0.003861003861003861
E07000133,Melton,0,51800,0
E07000133,Melton,0,51800,0
E07000133,Melton,1094,51800,2.111969111969112
E07000133,Melton,541,51800,1.0444015444015444
E07000133,Melton,297,51800,0.5733590733590733
E07000133,Melton,81,51800,0.15637065637065636
E07000133,Melton,7,51800,0.013513513513513514
E07000134,North West Leicestershire,0,104700,0
E07000134,North West Leicestershire,0,104700,0
E07000134,North West Leicestershire,0,104700,0
E07000134,North West Leicestershire,0,104700,0
E07000134,North West Leicestershire,0,104700,0
E07000134,North West Leicestershire,0,104700,0
E07000134,North West Leicestershire,0,104700,0
E07000134,North West Leicestershire,46717,104700,44.61986628462273
E07000134,North West Leicestershire,20431,104700,19.513849092645653
E07000134,North West Leicestershire,11442,104700,10.928366762177651
E07000134,North West Leicestershire,2399,104700,2.291308500477555
E07000134,North West Leicestershire,510,104700,0.4871060171919771
E07000134,North West Leicestershire,0,104700,0
E07000134,North West Leicestershire,30,104700,0.02865329512893983
E07000134,North West Leicestershire,35,104700,0.033428844317096466
E07000134,North West Leicestershire,29,104700,0.027698185291308502
E07000134,North West Leicestershire,4,104700,0.0038204393505253103
E07000134,North West Leicestershire,4,104700,0.0038204393505253103
E07000134,North West Leicestershire,0,104700,0
E07000134,North West Leicestershire,23,104700,0.021967526265520534
E07000134,North West Leicestershire,13,104700,0.012416427889207259
E07000134,North West Leicestershire,16,104700,0.015281757402101241
E07000134,North West Leicestershire,6,104700,0.0057306590257879654
E07000134,North West Leicestershire,2,104700,0.0019102196752626551
E07000134,North West Leicestershire,0,104700,0
E07000134,North West Leicestershire,20,104700,0.019102196752626553
E07000134,North West Leicestershire,17,104700,0.01623686723973257
E07000134,North West Leicestershire,13,104700,0.012416427889207259
E07000134,North West Leicestershire,8,104700,0.007640878701050621
E07000134,North West Leicestershire,2,104700,0.0019102196752626551
E07000134,North West Leicestershire,0,104700,0
E07000134,North West Leicestershire,19,104700,0.018147086914995225
E07000134,North West Leicestershire,11,104700,0.010506208213944603
E07000134,North West Leicestershire,12,104700,0.011461318051575931
E07000134,North West Leicestershire,5,104700,0.004775549188156638
E07000134,North West Leicestershire,0,104700,0
E07000134,North West Leicestershire,0,104700,0
E07000134,North West Leicestershire,2074,104700,1.9808978032473734
E07000134,North West Leicestershire,1049,104700,1.0019102196752627
E07000134,North West Leicestershire,642,104700,0.6131805157593123
E07000134,North West Leicestershire,142,104700,0.1356255969436485
E07000134,North West Leicestershire,38,104700,0.03629417382999045
E07000135,Oadby and Wigston,0,57700,0
E07000135,Oadby and Wigston,0,57700,0
E07000135,Oadby and Wigston,0,57700,0
E07000135,Oadby and Wigston,0,57700,0
E07000135,Oadby and Wigston,0,57700,0
E07000135,Oadby and Wigston,0,57700,0
E07000135,Oadby and Wigston,0,57700,0
E07000135,Oadby and Wigston,21379,57700,37.051993067590985
E07000135,Oadby and Wigston,11962,57700,20.731369150779894
E07000135,Oadby and Wigston,6901,57700,11.960138648180243
E07000135,Oadby and Wigston,1875,57700,3.249566724436742
E07000135,Oadby and Wigston,572,57700,0.9913344887348353
E07000135,Oadby and Wigston,0,57700,0
E07000135,Oadby and Wigston,30,57700,0.05199306759098787
E07000135,Oadby and Wigston,23,57700,0.03986135181975736
E07000135,Oadby and Wigston,10,57700,0.01733102253032929
E07000135,Oadby and Wigston,2,57700,0.0034662045060658577
E07000135,Oadby and Wigston,1,57700,0.0017331022530329288
E07000135,Oadby and Wigston,0,57700,0
E07000135,Oadby and Wigston,7,57700,0.012131715771230503
E07000135,Oadby and Wigston,9,57700,0.01559792027729636
E07000135,Oadby and Wigston,8,57700,0.01386481802426343
E07000135,Oadby and Wigston,6,57700,0.010398613518197574
E07000135,Oadby and Wigston,0,57700,0
E07000135,Oadby and Wigston,0,57700,0
E07000135,Oadby and Wigston,13,57700,0.022530329289428077
E07000135,Oadby and Wigston,8,57700,0.01386481802426343
E07000135,Oadby and Wigston,4,57700,0.006932409012131715
E07000135,Oadby and Wigston,4,57700,0.006932409012131715
E07000135,Oadby and Wigston,0,57700,0
E07000135,Oadby and Wigston,0,57700,0
E07000135,Oadby and Wigston,18,57700,0.03119584055459272
E07000135,Oadby and Wigston,10,57700,0.01733102253032929
E07000135,Oadby and Wigston,3,57700,0.005199306759098787
E07000135,Oadby and Wigston,0,57700,0
E07000135,Oadby and Wigston,0,57700,0
E07000135,Oadby and Wigston,0,57700,0
E07000135,Oadby and Wigston,1231,57700,2.1334488734835357
E07000135,Oadby and Wigston,688,57700,1.192374350086655
E07000135,Oadby and Wigston,411,57700,0.7123050259965338
E07000135,Oadby and Wigston,161,57700,0.27902946273830154
E07000135,Oadby and Wigston,39,57700,0.06759098786828423
E07000136,Boston,0,70500,0
E07000136,Boston,0,70500,0
E07000136,Boston,0,70500,0
E07000136,Boston,0,70500,0
E07000136,Boston,0,70500,0
E07000136,Boston,0,70500,0
E07000136,Boston,0,70500,0
E07000136,Boston,23035,70500,32.673758865248224
E07000136,Boston,14184,70500,20.119148936170212
E07000136,Boston,10497,70500,14.88936170212766
E07000136,Boston,2998,70500,4.252482269503546
E07000136,Boston,722,70500,1.0241134751773049
E07000136,Boston,0,70500,0
E07000136,Boston,62,70500,0.08794326241134752
E07000136,Boston,56,70500,0.07943262411347518
E07000136,Boston,69,70500,0.09787234042553192
E07000136,Boston,28,70500,0.03971631205673759
E07000136,Boston,8,70500,0.011347517730496455
E07000136,Boston,0,70500,0
E07000136,Boston,20,70500,0.028368794326241134
E07000136,Boston,9,70500,0.01276595744680851
E07000136,Boston,17,70500,0.024113475177304965
E07000136,Boston,4,70500,0.005673758865248227
E07000136,Boston,3,70500,0.00425531914893617
E07000136,Boston,0,70500,0
E07000136,Boston,8,70500,0.011347517730496455
E07000136,Boston,21,70500,0.029787234042553193
E07000136,Boston,15,70500,0.02127659574468085
E07000136,Boston,3,70500,0.00425531914893617
E07000136,Boston,2,70500,0.0028368794326241137
E07000136,Boston,0,70500,0
E07000136,Boston,14,70500,0.019858156028368795
E07000136,Boston,10,70500,0.014184397163120567
E07000136,Boston,8,70500,0.011347517730496455
E07000136,Boston,5,70500,0.0070921985815602835
E07000136,Boston,0,70500,0
E07000136,Boston,0,70500,0
E07000136,Boston,1933,70500,2.7418439716312055
E07000136,Boston,1501,70500,2.129078014184397
E07000136,Boston,1147,70500,1.626950354609929
E07000136,Boston,333,70500,0.4723404255319149
E07000136,Boston,100,70500,0.14184397163120568
E07000137,East Lindsey,0,142300,0
E07000137,East Lindsey,0,142300,0
E07000137,East Lindsey,0,142300,0
E07000137,East Lindsey,0,142300,0
E07000137,East Lindsey,0,142300,0
E07000137,East Lindsey,0,142300,0
E07000137,East Lindsey,0,142300,0
E07000137,East Lindsey,54274,142300,38.14054813773718
E07000137,East Lindsey,34175,142300,24.016163035839774
E07000137,East Lindsey,17665,142300,12.41391426563598
E07000137,East Lindsey,4554,142300,3.200281096275474
E07000137,East Lindsey,798,142300,0.5607870695713282
E07000137,East Lindsey,0,142300,0
E07000137,East Lindsey,52,142300,0.036542515811665496
E07000137,East Lindsey,53,142300,0.03724525650035137
E07000137,East Lindsey,33,142300,0.023190442726633873
E07000137,East Lindsey,10,142300,0.007027406886858749
E07000137,East Lindsey,0,142300,0
E07000137,East Lindsey,0,142300,0
E07000137,East Lindsey,21,142300,0.014757554462403373
E07000137,East Lindsey,22,142300,0.015460295151089248
E07000137,East Lindsey,12,142300,0.008432888264230498
E07000137,East Lindsey,6,142300,0.004216444132115249
E07000137,East Lindsey,0,142300,0
E07000137,East Lindsey,0,142300,0
E07000137,East Lindsey,22,142300,0.015460295151089248
E07000137,East Lindsey,34,142300,0.023893183415319746
E07000137,East Lindsey,20,142300,0.014054813773717497
E07000137,East Lindsey,5,142300,0.0035137034434293743
E07000137,East Lindsey,0,142300,0
E07000137,East Lindsey,0,142300,0
E07000137,East Lindsey,20,142300,0.014054813773717497
E07000137,East Lindsey,15,142300,0.010541110330288124
E07000137,East Lindsey,10,142300,0.007027406886858749
E07000137,East Lindsey,4,142300,0.0028109627547434997
E07000137,East Lindsey,0,142300,0
E07000137,East Lindsey,0,142300,0
E07000137,East Lindsey,3235,142300,2.2733661278988055
E07000137,East Lindsey,2516,142300,1.7680955727336614
E07000137,East Lindsey,1165,142300,0.8186929023190442
E07000137,East Lindsey,276,142300,0.19395643007730148
E07000137,East Lindsey,80,142300,0.05621925509486999
E07000138,Lincoln,0,103900,0
E07000138,Lincoln,0,103900,0
E07000138,Lincoln,0,103900,0
E07000138,Lincoln,0,103900,0
E07000138,Lincoln,0,103900,0
E07000138,Lincoln,0,103900,0
E07000138,Lincoln,0,103900,0
E07000138,Lincoln,29289,103900,28.189605389797883
E07000138,Lincoln,20304,103900,19.541867179980752
E07000138,Lincoln,17349,103900,16.697786333012512
E07000138,Lincoln,5440,103900,5.235803657362849
E07000138,Lincoln,1413,103900,1.3599615014436959
E07000138,Lincoln,0,103900,0
E07000138,Lincoln,67,103900,0.06448508180943215
E07000138,Lincoln,49,103900,0.04716073147256978
E07000138,Lincoln,105,103900,0.10105871029836382
E07000138,Lincoln,55,103900,0.05293551491819057
E07000138,Lincoln,30,103900,0.028873917228103944
E07000138,Lincoln,0,103900,0
E07000138,Lincoln,32,103900,0.030798845043310877
E07000138,Lincoln,21,103900,0.02021174205967276
E07000138,Lincoln,39,103900,0.03753609239653513
E07000138,Lincoln,23,103900,0.02213666987487969
E07000138,Lincoln,20,103900,0.019249278152069296
E07000138,Lincoln,0,103900,0
E07000138,Lincoln,30,103900,0.028873917228103944
E07000138,Lincoln,27,103900,0.02598652550529355
E07000138,Lincoln,52,103900,0.05004812319538017
E07000138,Lincoln,13,103900,0.012512030798845043
E07000138,Lincoln,12,103900,0.011549566891241578
E07000138,Lincoln,0,103900,0
E07000138,Lincoln,57,103900,0.0548604427333975
E07000138,Lincoln,55,103900,0.05293551491819057
E07000138,Lincoln,60,103900,0.05774783445620789
E07000138,Lincoln,17,103900,0.016361886429258902
E07000138,Lincoln,6,103900,0.005774783445620789
E07000138,Lincoln,0,103900,0
E07000138,Lincoln,1810,103900,1.7420596727622715
E07000138,Lincoln,1312,103900,1.262752646775746
E07000138,Lincoln,1334,103900,1.283926852743022
E07000138,Lincoln,434,103900,0.4177093358999038
E07000138,Lincoln,380,103900,0.36573628488931664
E07000139,North Kesteven,0,118000,0
E07000139,North Kesteven,0,118000,0
E07000139,North Kesteven,0,118000,0
E07000139,North Kesteven,0,118000,0
E07000139,North Kesteven,0,118000,0
E07000139,North Kesteven,0,118000,0
E07000139,North Kesteven,0,118000,0
E07000139,North Kesteven,53698,118000,45.50677966101695
E07000139,North Kesteven,24302,118000,20.59491525423729
E07000139,North Kesteven,10925,118000,9.258474576271187
E07000139,North Kesteven,2111,118000,1.7889830508474576
E07000139,North Kesteven,338,118000,0.2864406779661017
E07000139,North Kesteven,0,118000,0
E07000139,North Kesteven,55,118000,0.046610169491525424
E07000139,North Kesteven,34,118000,0.0288135593220339
E07000139,North Kesteven,19,118000,0.016101694915254237
E07000139,North Kesteven,3,118000,0.002542372881355932
E07000139,North Kesteven,0,118000,0
E07000139,North Kesteven,0,118000,0
E07000139,North Kesteven,24,118000,0.020338983050847456
E07000139,North Kesteven,12,118000,0.010169491525423728
E07000139,North Kesteven,8,118000,0.006779661016949152
E07000139,North Kesteven,0,118000,0
E07000139,North Kesteven,0,118000,0
E07000139,North Kesteven,0,118000,0
E07000139,North Kesteven,25,118000,0.0211864406779661
E07000139,North Kesteven,9,118000,0.007627118644067797
E07000139,North Kesteven,13,118000,0.011016949152542373
E07000139,North Kesteven,0,118000,0
E07000139,North Kesteven,0,118000,0
E07000139,North Kesteven,0,118000,0
E07000139,North Kesteven,21,118000,0.017796610169491526
E07000139,North Kesteven,17,118000,0.01440677966101695
E07000139,North Kesteven,12,118000,0.010169491525423728
E07000139,North Kesteven,5,118000,0.00423728813559322
E07000139,North Kesteven,1,118000,8.47457627118644e-4
E07000139,North Kesteven,0,118000,0
E07000139,North Kesteven,2314,118000,1.9610169491525424
E07000139,North Kesteven,1245,118000,1.055084745762712
E07000139,North Kesteven,621,118000,0.5262711864406779
E07000139,North Kesteven,128,118000,0.10847457627118644
E07000139,North Kesteven,60,118000,0.05084745762711865
E07000140,South Holland,0,95100,0
E07000140,South Holland,0,95100,0
E07000140,South Holland,0,95100,0
E07000140,South Holland,0,95100,0
E07000140,South Holland,0,95100,0
E07000140,South Holland,0,95100,0
E07000140,South Holland,0,95100,0
E07000140,South Holland,37291,95100,39.2124079915878
E07000140,South Holland,20116,95100,21.152471083070452
E07000140,South Holland,11466,95100,12.056782334384858
E07000140,South Holland,2849,95100,2.995793901156677
E07000140,South Holland,641,95100,0.6740273396424816
E07000140,South Holland,0,95100,0
E07000140,South Holland,47,95100,0.04942166140904311
E07000140,South Holland,43,95100,0.0452155625657203
E07000140,South Holland,56,95100,0.058885383806519455
E07000140,South Holland,18,95100,0.01892744479495268
E07000140,South Holland,9,95100,0.00946372239747634
E07000140,South Holland,0,95100,0
E07000140,South Holland,21,95100,0.022082018927444796
E07000140,South Holland,10,95100,0.010515247108307046
E07000140,South Holland,14,95100,0.014721345951629864
E07000140,South Holland,10,95100,0.010515247108307046
E07000140,South Holland,0,95100,0
E07000140,South Holland,0,95100,0
E07000140,South Holland,18,95100,0.01892744479495268
E07000140,South Holland,12,95100,0.012618296529968454
E07000140,South Holland,16,95100,0.016824395373291272
E07000140,South Holland,7,95100,0.007360672975814932
E07000140,South Holland,0,95100,0
E07000140,South Holland,0,95100,0
E07000140,South Holland,14,95100,0.014721345951629864
E07000140,South Holland,8,95100,0.008412197686645636
E07000140,South Holland,5,95100,0.005257623554153523
E07000140,South Holland,6,95100,0.006309148264984227
E07000140,South Holland,1,95100,0.0010515247108307045
E07000140,South Holland,0,95100,0
E07000140,South Holland,2440,95100,2.565720294426919
E07000140,South Holland,1662,95100,1.747634069400631
E07000140,South Holland,1037,95100,1.0904311251314407
E07000140,South Holland,311,95100,0.3270241850683491
E07000140,South Holland,94,95100,0.09884332281808622
E07000141,South Kesteven,0,143400,0
E07000141,South Kesteven,0,143400,0
E07000141,South Kesteven,0,143400,0
E07000141,South Kesteven,0,143400,0
E07000141,South Kesteven,0,143400,0
E07000141,South Kesteven,0,143400,0
E07000141,South Kesteven,0,143400,0
E07000141,South Kesteven,65169,143400,45.44560669456067
E07000141,South Kesteven,27894,143400,19.451882845188283
E07000141,South Kesteven,14367,143400,10.018828451882845
E07000141,South Kesteven,3063,143400,2.1359832635983262
E07000141,South Kesteven,541,143400,0.3772663877266388
E07000141,South Kesteven,0,143400,0
E07000141,South Kesteven,60,143400,0.04184100418410042
E07000141,South Kesteven,46,143400,0.03207810320781032
E07000141,South Kesteven,40,143400,0.02789400278940028
E07000141,South Kesteven,11,143400,0.007670850767085077
E07000141,South Kesteven,1,143400,6.97350069735007e-4
E07000141,South Kesteven,0,143400,0
E07000141,South Kesteven,32,143400,0.022315202231520222
E07000141,South Kesteven,28,143400,0.019525801952580194
E07000141,South Kesteven,20,143400,0.01394700139470014
E07000141,South Kesteven,3,143400,0.0020920502092050207
E07000141,South Kesteven,2,143400,0.001394700139470014
E07000141,South Kesteven,0,143400,0
E07000141,South Kesteven,24,143400,0.016736401673640166
E07000141,South Kesteven,20,143400,0.01394700139470014
E07000141,South Kesteven,18,143400,0.012552301255230125
E07000141,South Kesteven,5,143400,0.003486750348675035
E07000141,South Kesteven,2,143400,0.001394700139470014
E07000141,South Kesteven,0,143400,0
E07000141,South Kesteven,25,143400,0.017433751743375175
E07000141,South Kesteven,26,143400,0.01813110181311018
E07000141,South Kesteven,17,143400,0.011854951185495118
E07000141,South Kesteven,3,143400,0.0020920502092050207
E07000141,South Kesteven,0,143400,0
E07000141,South Kesteven,0,143400,0
E07000141,South Kesteven,2921,143400,2.0369595536959553
E07000141,South Kesteven,1528,143400,1.0655509065550905
E07000141,South Kesteven,818,143400,0.5704323570432357
E07000141,South Kesteven,207,143400,0.14435146443514643
E07000141,South Kesteven,20,143400,0.01394700139470014
E07000142,West Lindsey,0,95200,0
E07000142,West Lindsey,0,95200,0
E07000142,West Lindsey,0,95200,0
E07000142,West Lindsey,0,95200,0
E07000142,West Lindsey,0,95200,0
E07000142,West Lindsey,0,95200,0
E07000142,West Lindsey,0,95200,0
E07000142,West Lindsey,44675,95200,46.92752100840336
E07000142,West Lindsey,18681,95200,19.622899159663866
E07000142,West Lindsey,8673,95200,9.110294117647058
E07000142,West Lindsey,1831,95200,1.9233193277310925
E07000142,West Lindsey,369,95200,0.38760504201680673
E07000142,West Lindsey,0,95200,0
E07000142,West Lindsey,45,95200,0.04726890756302521
E07000142,West Lindsey,13,95200,0.01365546218487395
E07000142,West Lindsey,16,95200,0.01680672268907563
E07000142,West Lindsey,3,95200,0.0031512605042016808
E07000142,West Lindsey,4,95200,0.004201680672268907
E07000142,West Lindsey,0,95200,0
E07000142,West Lindsey,28,95200,0.029411764705882353
E07000142,West Lindsey,10,95200,0.01050420168067227
E07000142,West Lindsey,9,95200,0.009453781512605041
E07000142,West Lindsey,0,95200,0
E07000142,West Lindsey,0,95200,0
E07000142,West Lindsey,0,95200,0
E07000142,West Lindsey,21,95200,0.022058823529411766
E07000142,West Lindsey,8,95200,0.008403361344537815
E07000142,West Lindsey,9,95200,0.009453781512605041
E07000142,West Lindsey,2,95200,0.0021008403361344537
E07000142,West Lindsey,0,95200,0
E07000142,West Lindsey,0,95200,0
E07000142,West Lindsey,24,95200,0.025210084033613446
E07000142,West Lindsey,20,95200,0.02100840336134454
E07000142,West Lindsey,10,95200,0.01050420168067227
E07000142,West Lindsey,0,95200,0
E07000142,West Lindsey,0,95200,0
E07000142,West Lindsey,0,95200,0
E07000142,West Lindsey,2012,95200,2.1134453781512605
E07000142,West Lindsey,989,95200,1.0388655462184875
E07000142,West Lindsey,425,95200,0.44642857142857145
E07000142,West Lindsey,94,95200,0.09873949579831932
E07000142,West Lindsey,34,95200,0.03571428571428571
E07000143,Breckland,0,141500,0
E07000143,Breckland,0,141500,0
E07000143,Breckland,0,141500,0
E07000143,Breckland,0,141500,0
E07000143,Breckland,0,141500,0
E07000143,Breckland,0,141500,0
E07000143,Breckland,0,141500,0
E07000143,Breckland,56037,141500,39.60212014134276
E07000143,Breckland,28756,141500,20.32226148409894
E07000143,Breckland,18482,141500,13.06148409893993
E07000143,Breckland,4227,141500,2.9872791519434627
E07000143,Breckland,1030,141500,0.7279151943462897
E07000143,Breckland,0,141500,0
E07000143,Breckland,51,141500,0.03604240282685512
E07000143,Breckland,64,141500,0.045229681978798585
E07000143,Breckland,77,141500,0.05441696113074205
E07000143,Breckland,22,141500,0.015547703180212015
E07000143,Breckland,3,141500,0.0021201413427561835
E07000143,Breckland,0,141500,0
E07000143,Breckland,18,141500,0.012720848056537103
E07000143,Breckland,27,141500,0.019081272084805655
E07000143,Breckland,14,141500,0.009893992932862191
E07000143,Breckland,7,141500,0.0049469964664310955
E07000143,Breckland,1,141500,7.067137809187279e-4
E07000143,Breckland,0,141500,0
E07000143,Breckland,26,141500,0.018374558303886925
E07000143,Breckland,20,141500,0.014134275618374558
E07000143,Breckland,24,141500,0.01696113074204947
E07000143,Breckland,11,141500,0.0077738515901060075
E07000143,Breckland,3,141500,0.0021201413427561835
E07000143,Breckland,0,141500,0
E07000143,Breckland,22,141500,0.015547703180212015
E07000143,Breckland,12,141500,0.008480565371024734
E07000143,Breckland,21,141500,0.014840989399293287
E07000143,Breckland,6,141500,0.004240282685512367
E07000143,Breckland,0,141500,0
E07000143,Breckland,0,141500,0
E07000143,Breckland,2947,141500,2.082685512367491
E07000143,Breckland,1920,141500,1.3568904593639577
E07000143,Breckland,1145,141500,0.8091872791519434
E07000143,Breckland,361,141500,0.25512367491166077
E07000143,Breckland,111,141500,0.0784452296819788
E07000144,Broadland,0,131700,0
E07000144,Broadland,0,131700,0
E07000144,Broadland,0,131700,0
E07000144,Broadland,0,131700,0
E07000144,Broadland,0,131700,0
E07000144,Broadland,0,131700,0
E07000144,Broadland,0,131700,0
E07000144,Broadland,59716,131700,45.34244495064541
E07000144,Broadland,26198,131700,19.89217919514047
E07000144,Broadland,14877,131700,11.296127562642369
E07000144,Broadland,2807,131700,2.131359149582384
E07000144,Broadland,464,131700,0.35231586940015186
E07000144,Broadland,0,131700,0
E07000144,Broadland,48,131700,0.03644646924829157
E07000144,Broadland,37,131700,0.02809415337889142
E07000144,Broadland,17,131700,0.012908124525436599
E07000144,Broadland,5,131700,0.0037965072133637054
E07000144,Broadland,1,131700,7.593014426727411e-4
E07000144,Broadland,0,131700,0
E07000144,Broadland,25,131700,0.018982536066818528
E07000144,Broadland,15,131700,0.011389521640091117
E07000144,Broadland,22,131700,0.016704631738800303
E07000144,Broadland,1,131700,7.593014426727411e-4
E07000144,Broadland,0,131700,0
E07000144,Broadland,0,131700,0
E07000144,Broadland,22,131700,0.016704631738800303
E07000144,Broadland,11,131700,0.008352315869400152
E07000144,Broadland,13,131700,0.009870918754745633
E07000144,Broadland,2,131700,0.0015186028853454822
E07000144,Broadland,0,131700,0
E07000144,Broadland,0,131700,0
E07000144,Broadland,24,131700,0.018223234624145785
E07000144,Broadland,21,131700,0.015945330296127564
E07000144,Broadland,14,131700,0.010630220197418374
E07000144,Broadland,2,131700,0.0015186028853454822
E07000144,Broadland,0,131700,0
E07000144,Broadland,0,131700,0
E07000144,Broadland,2679,131700,2.0341685649202734
E07000144,Broadland,1235,131700,0.9377372817008353
E07000144,Broadland,761,131700,0.577828397873956
E07000144,Broadland,147,131700,0.11161731207289294
E07000144,Broadland,28,131700,0.02126044039483675
E07000145,Great Yarmouth,0,99800,0
E07000145,Great Yarmouth,0,99800,0
E07000145,Great Yarmouth,0,99800,0
E07000145,Great Yarmouth,0,99800,0
E07000145,Great Yarmouth,0,99800,0
E07000145,Great Yarmouth,0,99800,0
E07000145,Great Yarmouth,0,99800,0
E07000145,Great Yarmouth,36348,99800,36.42084168336673
E07000145,Great Yarmouth,20572,99800,20.613226452905813
E07000145,Great Yarmouth,14637,99800,14.66633266533066
E07000145,Great Yarmouth,3995,99800,4.0030060120240485
E07000145,Great Yarmouth,840,99800,0.8416833667334669
E07000145,Great Yarmouth,0,99800,0
E07000145,Great Yarmouth,46,99800,0.04609218436873747
E07000145,Great Yarmouth,62,99800,0.06212424849699399
E07000145,Great Yarmouth,80,99800,0.08016032064128256
E07000145,Great Yarmouth,40,99800,0.04008016032064128
E07000145,Great Yarmouth,5,99800,0.00501002004008016
E07000145,Great Yarmouth,0,99800,0
E07000145,Great Yarmouth,35,99800,0.03507014028056112
E07000145,Great Yarmouth,22,99800,0.022044088176352707
E07000145,Great Yarmouth,32,99800,0.03206412825651302
E07000145,Great Yarmouth,9,99800,0.009018036072144289
E07000145,Great Yarmouth,4,99800,0.004008016032064128
E07000145,Great Yarmouth,0,99800,0
E07000145,Great Yarmouth,30,99800,0.03006012024048096
E07000145,Great Yarmouth,28,99800,0.028056112224448898
E07000145,Great Yarmouth,25,99800,0.025050100200400802
E07000145,Great Yarmouth,10,99800,0.01002004008016032
E07000145,Great Yarmouth,6,99800,0.006012024048096192
E07000145,Great Yarmouth,0,99800,0
E07000145,Great Yarmouth,22,99800,0.022044088176352707
E07000145,Great Yarmouth,16,99800,0.01603206412825651
E07000145,Great Yarmouth,19,99800,0.01903807615230461
E07000145,Great Yarmouth,7,99800,0.0070140280561122245
E07000145,Great Yarmouth,2,99800,0.002004008016032064
E07000145,Great Yarmouth,0,99800,0
E07000145,Great Yarmouth,2090,99800,2.094188376753507
E07000145,Great Yarmouth,1349,99800,1.3517034068136273
E07000145,Great Yarmouth,1050,99800,1.0521042084168337
E07000145,Great Yarmouth,269,99800,0.2695390781563126
E07000145,Great Yarmouth,113,99800,0.11322645290581163
E07000146,King's Lynn and West Norfolk,0,154300,0
E07000146,King's Lynn and West Norfolk,0,154300,0
E07000146,King's Lynn and West Norfolk,0,154300,0
E07000146,King's Lynn and West Norfolk,0,154300,0
E07000146,King's Lynn and West Norfolk,0,154300,0
E07000146,King's Lynn and West Norfolk,0,154300,0
E07000146,King's Lynn and West Norfolk,0,154300,0
E07000146,King's Lynn and West Norfolk,60024,154300,38.90084251458198
E07000146,King's Lynn and West Norfolk,33050,154300,21.419313026571615
E07000146,King's Lynn and West Norfolk,20035,154300,12.98444588464031
E07000146,King's Lynn and West Norfolk,4765,154300,3.0881399870382373
E07000146,King's Lynn and West Norfolk,1083,154300,0.7018794556059624
E07000146,King's Lynn and West Norfolk,0,154300,0
E07000146,King's Lynn and West Norfolk,65,154300,0.04212572909915749
E07000146,King's Lynn and West Norfolk,55,154300,0.0356448476992871
E07000146,King's Lynn and West Norfolk,64,154300,0.04147764095917045
E07000146,King's Lynn and West Norfolk,25,154300,0.016202203499675955
E07000146,King's Lynn and West Norfolk,7,154300,0.004536616979909268
E07000146,King's Lynn and West Norfolk,0,154300,0
E07000146,King's Lynn and West Norfolk,24,154300,0.015554115359688918
E07000146,King's Lynn and West Norfolk,27,154300,0.017498379779650033
E07000146,King's Lynn and West Norfolk,25,154300,0.016202203499675955
E07000146,King's Lynn and West Norfolk,4,154300,0.002592352559948153
E07000146,King's Lynn and West Norfolk,0,154300,0
E07000146,King's Lynn and West Norfolk,0,154300,0
E07000146,King's Lynn and West Norfolk,26,154300,0.016850291639662993
E07000146,King's Lynn and West Norfolk,29,154300,0.018794556059624108
E07000146,King's Lynn and West Norfolk,30,154300,0.019442644199611146
E07000146,King's Lynn and West Norfolk,11,154300,0.007128969539857421
E07000146,King's Lynn and West Norfolk,1,154300,6.480881399870382e-4
E07000146,King's Lynn and West Norfolk,0,154300,0
E07000146,King's Lynn and West Norfolk,25,154300,0.016202203499675955
E07000146,King's Lynn and West Norfolk,17,154300,0.01101749837977965
E07000146,King's Lynn and West Norfolk,19,154300,0.012313674659753726
E07000146,King's Lynn and West Norfolk,11,154300,0.007128969539857421
E07000146,King's Lynn and West Norfolk,1,154300,6.480881399870382e-4
E07000146,King's Lynn and West Norfolk,0,154300,0
E07000146,King's Lynn and West Norfolk,3472,154300,2.250162022034997
E07000146,King's Lynn and West Norfolk,2252,154300,1.45949449125081
E07000146,King's Lynn and West Norfolk,1497,154300,0.9701879455605963
E07000146,King's Lynn and West Norfolk,381,154300,0.24692158133506156
E07000146,King's Lynn and West Norfolk,129,154300,0.08360337005832794
E07000147,North Norfolk,0,103000,0
E07000147,North Norfolk,0,103000,0
E07000147,North Norfolk,0,103000,0
E07000147,North Norfolk,0,103000,0
E07000147,North Norfolk,0,103000,0
E07000147,North Norfolk,0,103000,0
E07000147,North Norfolk,0,103000,0
E07000147,North Norfolk,44017,103000,42.73495145631068
E07000147,North Norfolk,22142,103000,21.497087378640778
E07000147,North Norfolk,12307,103000,11.948543689320388
E07000147,North Norfolk,2871,103000,2.787378640776699
E07000147,North Norfolk,540,103000,0.5242718446601942
E07000147,North Norfolk,0,103000,0
E07000147,North Norfolk,28,103000,0.027184466019417475
E07000147,North Norfolk,25,103000,0.024271844660194174
E07000147,North Norfolk,13,103000,0.01262135922330097
E07000147,North Norfolk,3,103000,0.002912621359223301
E07000147,North Norfolk,0,103000,0
E07000147,North Norfolk,0,103000,0
E07000147,North Norfolk,19,103000,0.018446601941747572
E07000147,North Norfolk,7,103000,0.006796116504854369
E07000147,North Norfolk,6,103000,0.005825242718446602
E07000147,North Norfolk,2,103000,0.001941747572815534
E07000147,North Norfolk,1,103000,9.70873786407767e-4
E07000147,North Norfolk,0,103000,0
E07000147,North Norfolk,27,103000,0.02621359223300971
E07000147,North Norfolk,11,103000,0.010679611650485437
E07000147,North Norfolk,11,103000,0.010679611650485437
E07000147,North Norfolk,1,103000,9.70873786407767e-4
E07000147,North Norfolk,1,103000,9.70873786407767e-4
E07000147,North Norfolk,0,103000,0
E07000147,North Norfolk,18,103000,0.017475728155339806
E07000147,North Norfolk,20,103000,0.019417475728155338
E07000147,North Norfolk,10,103000,0.009708737864077669
E07000147,North Norfolk,3,103000,0.002912621359223301
E07000147,North Norfolk,0,103000,0
E07000147,North Norfolk,0,103000,0
E07000147,North Norfolk,2539,103000,2.4650485436893206
E07000147,North Norfolk,1537,103000,1.492233009708738
E07000147,North Norfolk,824,103000,0.8
E07000147,North Norfolk,180,103000,0.17475728155339806
E07000147,North Norfolk,39,103000,0.037864077669902914
E07000148,Norwich,0,144000,0
E07000148,Norwich,0,144000,0
E07000148,Norwich,0,144000,0
E07000148,Norwich,0,144000,0
E07000148,Norwich,0,144000,0
E07000148,Norwich,0,144000,0
E07000148,Norwich,0,144000,0
E07000148,Norwich,40113,144000,27.85625
E07000148,Norwich,26753,144000,18.57847222222222
E07000148,Norwich,29510,144000,20.493055555555557
E07000148,Norwich,8400,144000,5.833333333333333
E07000148,Norwich,1171,144000,0.8131944444444444
E07000148,Norwich,0,144000,0
E07000148,Norwich,56,144000,0.03888888888888889
E07000148,Norwich,82,144000,0.05694444444444444
E07000148,Norwich,109,144000,0.07569444444444444
E07000148,Norwich,40,144000,0.027777777777777776
E07000148,Norwich,15,144000,0.010416666666666666
E07000148,Norwich,0,144000,0
E07000148,Norwich,35,144000,0.024305555555555556
E07000148,Norwich,54,144000,0.0375
E07000148,Norwich,74,144000,0.05138888888888889
E07000148,Norwich,21,144000,0.014583333333333334
E07000148,Norwich,5,144000,0.003472222222222222
E07000148,Norwich,0,144000,0
E07000148,Norwich,37,144000,0.025694444444444443
E07000148,Norwich,39,144000,0.027083333333333334
E07000148,Norwich,118,144000,0.08194444444444444
E07000148,Norwich,22,144000,0.015277777777777777
E07000148,Norwich,4,144000,0.002777777777777778
E07000148,Norwich,0,144000,0
E07000148,Norwich,157,144000,0.10902777777777778
E07000148,Norwich,98,144000,0.06805555555555555
E07000148,Norwich,148,144000,0.10277777777777777
E07000148,Norwich,62,144000,0.043055555555555555
E07000148,Norwich,6,144000,0.004166666666666667
E07000148,Norwich,0,144000,0
E07000148,Norwich,2322,144000,1.6125
E07000148,Norwich,1774,144000,1.2319444444444445
E07000148,Norwich,2297,144000,1.5951388888888889
E07000148,Norwich,705,144000,0.4895833333333333
E07000148,Norwich,140,144000,0.09722222222222222
E07000149,South Norfolk,0,141900,0
E07000149,South Norfolk,0,141900,0
E07000149,South Norfolk,0,141900,0
E07000149,South Norfolk,0,141900,0
E07000149,South Norfolk,0,141900,0
E07000149,South Norfolk,0,141900,0
E07000149,South Norfolk,0,141900,0
E07000149,South Norfolk,63452,141900,44.71599718111346
E07000149,South Norfolk,27227,141900,19.187455954897814
E07000149,South Norfolk,16005,141900,11.279069767441861
E07000149,South Norfolk,2918,141900,2.0563777307963353
E07000149,South Norfolk,560,141900,0.39464411557434814
E07000149,South Norfolk,0,141900,0
E07000149,South Norfolk,47,141900,0.03312191684284708
E07000149,South Norfolk,30,141900,0.021141649048625793
E07000149,South Norfolk,26,141900,0.018322762508809022
E07000149,South Norfolk,5,141900,0.0035236081747709656
E07000149,South Norfolk,4,141900,0.0028188865398167725
E07000149,South Norfolk,0,141900,0
E07000149,South Norfolk,35,141900,0.02466525722339676
E07000149,South Norfolk,16,141900,0.01127554615926709
E07000149,South Norfolk,17,141900,0.011980267794221282
E07000149,South Norfolk,3,141900,0.0021141649048625794
E07000149,South Norfolk,0,141900,0
E07000149,South Norfolk,0,141900,0
E07000149,South Norfolk,26,141900,0.018322762508809022
E07000149,South Norfolk,24,141900,0.016913319238900635
E07000149,South Norfolk,22,141900,0.015503875968992248
E07000149,South Norfolk,7,141900,0.004933051444679351
E07000149,South Norfolk,3,141900,0.0021141649048625794
E07000149,South Norfolk,0,141900,0
E07000149,South Norfolk,23,141900,0.01620859760394644
E07000149,South Norfolk,29,141900,0.0204369274136716
E07000149,South Norfolk,26,141900,0.018322762508809022
E07000149,South Norfolk,3,141900,0.0021141649048625794
E07000149,South Norfolk,2,141900,0.0014094432699083862
E07000149,South Norfolk,0,141900,0
E07000149,South Norfolk,2826,141900,1.9915433403805496
E07000149,South Norfolk,1396,141900,0.9837914023960536
E07000149,South Norfolk,816,141900,0.5750528541226215
E07000149,South Norfolk,180,141900,0.12684989429175475
E07000149,South Norfolk,41,141900,0.028893587033121917
E07000163,Craven,0,56900,0
E07000163,Craven,0,56900,0
E07000163,Craven,0,56900,0
E07000163,Craven,0,56900,0
E07000163,Craven,0,56900,0
E07000163,Craven,0,56900,0
E07000163,Craven,0,56900,0
E07000163,Craven,24904,56900,43.76801405975395
E07000163,Craven,12523,56900,22.008787346221443
E07000163,Craven,6507,56900,11.43585237258348
E07000163,Craven,1263,56900,2.219683655536028
E07000163,Craven,235,56900,0.4130052724077329
E07000163,Craven,0,56900,0
E07000163,Craven,14,56900,0.02460456942003515
E07000163,Craven,13,56900,0.022847100175746926
E07000163,Craven,6,56900,0.01054481546572935
E07000163,Craven,2,56900,0.0035149384885764497
E07000163,Craven,0,56900,0
E07000163,Craven,0,56900,0
E07000163,Craven,10,56900,0.01757469244288225
E07000163,Craven,12,56900,0.0210896309314587
E07000163,Craven,8,56900,0.014059753954305799
E07000163,Craven,0,56900,0
E07000163,Craven,0,56900,0
E07000163,Craven,0,56900,0
E07000163,Craven,7,56900,0.012302284710017574
E07000163,Craven,9,56900,0.015817223198594025
E07000163,Craven,7,56900,0.012302284710017574
E07000163,Craven,1,56900,0.0017574692442882249
E07000163,Craven,0,56900,0
E07000163,Craven,0,56900,0
E07000163,Craven,11,56900,0.019332161687170474
E07000163,Craven,9,56900,0.015817223198594025
E07000163,Craven,6,56900,0.01054481546572935
E07000163,Craven,4,56900,0.007029876977152899
E07000163,Craven,0,56900,0
E07000163,Craven,0,56900,0
E07000163,Craven,1079,56900,1.8963093145869947
E07000163,Craven,601,56900,1.0562390158172232
E07000163,Craven,344,56900,0.6045694200351494
E07000163,Craven,55,56900,0.09666080843585237
E07000163,Craven,24,56900,0.0421792618629174
E07000164,Hambleton,0,90700,0
E07000164,Hambleton,0,90700,0
E07000164,Hambleton,0,90700,0
E07000164,Hambleton,0,90700,0
E07000164,Hambleton,0,90700,0
E07000164,Hambleton,0,90700,0
E07000164,Hambleton,0,90700,0
E07000164,Hambleton,44557,90700,49.12568908489526
E07000164,Hambleton,17085,90700,18.836824696802648
E07000164,Hambleton,9001,90700,9.923925027563396
E07000164,Hambleton,1514,90700,1.669239250275634
E07000164,Hambleton,190,90700,0.20948180815876516
E07000164,Hambleton,0,90700,0
E07000164,Hambleton,28,90700,0.030871003307607496
E07000164,Hambleton,18,90700,0.019845644983461964
E07000164,Hambleton,19,90700,0.020948180815876516
E07000164,Hambleton,3,90700,0.0033076074972436605
E07000164,Hambleton,1,90700,0.0011025358324145535
E07000164,Hambleton,0,90700,0
E07000164,Hambleton,16,90700,0.017640573318632856
E07000164,Hambleton,14,90700,0.015435501653803748
E07000164,Hambleton,14,90700,0.015435501653803748
E07000164,Hambleton,1,90700,0.0011025358324145535
E07000164,Hambleton,0,90700,0
E07000164,Hambleton,0,90700,0
E07000164,Hambleton,11,90700,0.012127894156560088
E07000164,Hambleton,7,90700,0.007717750826901874
E07000164,Hambleton,10,90700,0.011025358324145534
E07000164,Hambleton,0,90700,0
E07000164,Hambleton,0,90700,0
E07000164,Hambleton,0,90700,0
E07000164,Hambleton,14,90700,0.015435501653803748
E07000164,Hambleton,8,90700,0.008820286659316428
E07000164,Hambleton,9,90700,0.009922822491730982
E07000164,Hambleton,3,90700,0.0033076074972436605
E07000164,Hambleton,0,90700,0
E07000164,Hambleton,0,90700,0
E07000164,Hambleton,1911,90700,2.1069459757442117
E07000164,Hambleton,825,90700,0.9095920617420066
E07000164,Hambleton,494,90700,0.5446527012127894
E07000164,Hambleton,107,90700,0.11797133406835722
E07000164,Hambleton,24,90700,0.026460859977949284
E07000165,Harrogate,0,162700,0
E07000165,Harrogate,0,162700,0
E07000165,Harrogate,0,162700,0
E07000165,Harrogate,0,162700,0
E07000165,Harrogate,0,162700,0
E07000165,Harrogate,0,162700,0
E07000165,Harrogate,0,162700,0
E07000165,Harrogate,72488,162700,44.55316533497234
E07000165,Harrogate,29924,162700,18.392132759680393
E07000165,Harrogate,18978,162700,11.66441303011678
E07000165,Harrogate,3461,162700,2.1272280270436386
E07000165,Harrogate,453,162700,0.2784265519360787
E07000165,Harrogate,0,162700,0
E07000165,Harrogate,44,162700,0.027043638598647817
E07000165,Harrogate,37,162700,0.022741241548862937
E07000165,Harrogate,43,162700,0.02642901044867855
E07000165,Harrogate,17,162700,0.010448678549477565
E07000165,Harrogate,1,162700,6.146281499692685e-4
E07000165,Harrogate,0,162700,0
E07000165,Harrogate,28,162700,0.017209588199139522
E07000165,Harrogate,20,162700,0.012292562999385371
E07000165,Harrogate,28,162700,0.017209588199139522
E07000165,Harrogate,7,162700,0.0043023970497848806
E07000165,Harrogate,0,162700,0
E07000165,Harrogate,0,162700,0
E07000165,Harrogate,18,162700,0.011063306699446834
E07000165,Harrogate,20,162700,0.012292562999385371
E07000165,Harrogate,24,162700,0.014751075599262446
E07000165,Harrogate,8,162700,0.004917025199754148
E07000165,Harrogate,1,162700,6.146281499692685e-4
E07000165,Harrogate,0,162700,0
E07000165,Harrogate,30,162700,0.01843884449907806
E07000165,Harrogate,16,162700,0.009834050399508297
E07000165,Harrogate,20,162700,0.012292562999385371
E07000165,Harrogate,6,162700,0.0036877688998156115
E07000165,Harrogate,0,162700,0
E07000165,Harrogate,0,162700,0
E07000165,Harrogate,2894,162700,1.7787338660110632
E07000165,Harrogate,1423,162700,0.8746158574062692
E07000165,Harrogate,1045,162700,0.6422864167178857
E07000165,Harrogate,224,162700,0.13767670559311618
E07000165,Harrogate,57,162700,0.03503380454824831
E07000166,Richmondshire,0,49700,0
E07000166,Richmondshire,0,49700,0
E07000166,Richmondshire,0,49700,0
E07000166,Richmondshire,0,49700,0
E07000166,Richmondshire,0,49700,0
E07000166,Richmondshire,0,49700,0
E07000166,Richmondshire,0,49700,0
E07000166,Richmondshire,21117,49700,42.48893360160966
E07000166,Richmondshire,9790,49700,19.698189134808853
E07000166,Richmondshire,5102,49700,10.26559356136821
E07000166,Richmondshire,1013,49700,2.0382293762575454
E07000166,Richmondshire,229,49700,0.4607645875251509
E07000166,Richmondshire,0,49700,0
E07000166,Richmondshire,10,49700,0.02012072434607646
E07000166,Richmondshire,14,49700,0.028169014084507043
E07000166,Richmondshire,12,49700,0.02414486921529175
E07000166,Richmondshire,2,49700,0.004024144869215292
E07000166,Richmondshire,2,49700,0.004024144869215292
E07000166,Richmondshire,0,49700,0
E07000166,Richmondshire,5,49700,0.01006036217303823
E07000166,Richmondshire,10,49700,0.02012072434607646
E07000166,Richmondshire,4,49700,0.008048289738430584
E07000166,Richmondshire,5,49700,0.01006036217303823
E07000166,Richmondshire,0,49700,0
E07000166,Richmondshire,0,49700,0
E07000166,Richmondshire,6,49700,0.012072434607645875
E07000166,Richmondshire,7,49700,0.014084507042253521
E07000166,Richmondshire,4,49700,0.008048289738430584
E07000166,Richmondshire,3,49700,0.006036217303822937
E07000166,Richmondshire,1,49700,0.002012072434607646
E07000166,Richmondshire,0,49700,0
E07000166,Richmondshire,10,49700,0.02012072434607646
E07000166,Richmondshire,6,49700,0.012072434607645875
E07000166,Richmondshire,3,49700,0.006036217303822937
E07000166,Richmondshire,1,49700,0.002012072434607646
E07000166,Richmondshire,0,49700,0
E07000166,Richmondshire,0,49700,0
E07000166,Richmondshire,913,49700,1.8370221327967806
E07000166,Richmondshire,458,49700,0.9215291750503019
E07000166,Richmondshire,250,49700,0.5030181086519114
E07000166,Richmondshire,41,49700,0.08249496981891348
E07000166,Richmondshire,6,49700,0.012072434607645875
E07000167,Ryedale,0,54700,0
E07000167,Ryedale,0,54700,0
E07000167,Ryedale,0,54700,0
E07000167,Ryedale,0,54700,0
E07000167,Ryedale,0,54700,0
E07000167,Ryedale,0,54700,0
E07000167,Ryedale,0,54700,0
E07000167,Ryedale,24439,54700,44.678244972577694
E07000167,Ryedale,11548,54700,21.111517367458866
E07000167,Ryedale,5914,54700,10.811700182815356
E07000167,Ryedale,1246,54700,2.2778793418647165
E07000167,Ryedale,190,54700,0.3473491773308958
E07000167,Ryedale,0,54700,0
E07000167,Ryedale,15,54700,0.027422303473491772
E07000167,Ryedale,18,54700,0.03290676416819013
E07000167,Ryedale,15,54700,0.027422303473491772
E07000167,Ryedale,3,54700,0.005484460694698354
E07000167,Ryedale,0,54700,0
E07000167,Ryedale,0,54700,0
E07000167,Ryedale,19,54700,0.03473491773308958
E07000167,Ryedale,8,54700,0.014625228519195612
E07000167,Ryedale,5,54700,0.009140767824497258
E07000167,Ryedale,3,54700,0.005484460694698354
E07000167,Ryedale,0,54700,0
E07000167,Ryedale,0,54700,0
E07000167,Ryedale,7,54700,0.012797074954296161
E07000167,Ryedale,7,54700,0.012797074954296161
E07000167,Ryedale,4,54700,0.007312614259597806
E07000167,Ryedale,3,54700,0.005484460694698354
E07000167,Ryedale,0,54700,0
E07000167,Ryedale,0,54700,0
E07000167,Ryedale,6,54700,0.010968921389396709
E07000167,Ryedale,8,54700,0.014625228519195612
E07000167,Ryedale,9,54700,0.016453382084095063
E07000167,Ryedale,3,54700,0.005484460694698354
E07000167,Ryedale,0,54700,0
E07000167,Ryedale,0,54700,0
E07000167,Ryedale,1204,54700,2.2010968921389398
E07000167,Ryedale,596,54700,1.089579524680073
E07000167,Ryedale,337,54700,0.6160877513711152
E07000167,Ryedale,75,54700,0.13711151736745886
E07000167,Ryedale,20,54700,0.03656307129798903
E07000168,Scarborough,0,108800,0
E07000168,Scarborough,0,108800,0
E07000168,Scarborough,0,108800,0
E07000168,Scarborough,0,108800,0
E07000168,Scarborough,0,108800,0
E07000168,Scarborough,0,108800,0
E07000168,Scarborough,0,108800,0
E07000168,Scarborough,40326,108800,37.064338235294116
E07000168,Scarborough,25854,108800,23.762867647058822
E07000168,Scarborough,15586,108800,14.325367647058824
E07000168,Scarborough,3214,108800,2.954044117647059
E07000168,Scarborough,526,108800,0.4834558823529412
E07000168,Scarborough,0,108800,0
E07000168,Scarborough,44,108800,0.04044117647058824
E07000168,Scarborough,36,108800,0.03308823529411765
E07000168,Scarborough,37,108800,0.03400735294117647
E07000168,Scarborough,16,108800,0.014705882352941176
E07000168,Scarborough,7,108800,0.006433823529411764
E07000168,Scarborough,0,108800,0
E07000168,Scarborough,22,108800,0.02022058823529412
E07000168,Scarborough,13,108800,0.011948529411764705
E07000168,Scarborough,17,108800,0.015625
E07000168,Scarborough,1,108800,9.191176470588235e-4
E07000168,Scarborough,2,108800,0.001838235294117647
E07000168,Scarborough,0,108800,0
E07000168,Scarborough,13,108800,0.011948529411764705
E07000168,Scarborough,18,108800,0.016544117647058824
E07000168,Scarborough,17,108800,0.015625
E07000168,Scarborough,4,108800,0.003676470588235294
E07000168,Scarborough,3,108800,0.0027573529411764708
E07000168,Scarborough,0,108800,0
E07000168,Scarborough,31,108800,0.02849264705882353
E07000168,Scarborough,15,108800,0.013786764705882353
E07000168,Scarborough,23,108800,0.021139705882352942
E07000168,Scarborough,5,108800,0.004595588235294118
E07000168,Scarborough,6,108800,0.0055147058823529415
E07000168,Scarborough,0,108800,0
E07000168,Scarborough,2091,108800,1.921875
E07000168,Scarborough,1498,108800,1.3768382352941178
E07000168,Scarborough,1038,108800,0.9540441176470589
E07000168,Scarborough,211,108800,0.19393382352941177
E07000168,Scarborough,53,108800,0.04871323529411765
E07000169,Selby,0,92000,0
E07000169,Selby,0,92000,0
E07000169,Selby,0,92000,0
E07000169,Selby,0,92000,0
E07000169,Selby,0,92000,0
E07000169,Selby,0,92000,0
E07000169,Selby,0,92000,0
E07000169,Selby,40488,92000,44.00869565217391
E07000169,Selby,18625,92000,20.244565217391305
E07000169,Selby,10099,92000,10.977173913043478
E07000169,Selby,2123,92000,2.3076086956521737
E07000169,Selby,298,92000,0.3239130434782609
E07000169,Selby,0,92000,0
E07000169,Selby,38,92000,0.041304347826086954
E07000169,Selby,22,92000,0.02391304347826087
E07000169,Selby,29,92000,0.03152173913043478
E07000169,Selby,8,92000,0.008695652173913044
E07000169,Selby,1,92000,0.0010869565217391304
E07000169,Selby,0,92000,0
E07000169,Selby,18,92000,0.01956521739130435
E07000169,Selby,17,92000,0.018478260869565218
E07000169,Selby,6,92000,0.006521739130434782
E07000169,Selby,3,92000,0.003260869565217391
E07000169,Selby,2,92000,0.002173913043478261
E07000169,Selby,0,92000,0
E07000169,Selby,14,92000,0.015217391304347827
E07000169,Selby,8,92000,0.008695652173913044
E07000169,Selby,2,92000,0.002173913043478261
E07000169,Selby,1,92000,0.0010869565217391304
E07000169,Selby,0,92000,0
E07000169,Selby,0,92000,0
E07000169,Selby,20,92000,0.021739130434782608
E07000169,Selby,9,92000,0.009782608695652175
E07000169,Selby,11,92000,0.011956521739130435
E07000169,Selby,2,92000,0.002173913043478261
E07000169,Selby,0,92000,0
E07000169,Selby,0,92000,0
E07000169,Selby,1601,92000,1.7402173913043477
E07000169,Selby,847,92000,0.9206521739130434
E07000169,Selby,461,92000,0.5010869565217392
E07000169,Selby,100,92000,0.10869565217391304
E07000169,Selby,27,92000,0.029347826086956522
E07000170,Ashfield,0,126300,0
E07000170,Ashfield,0,126300,0
E07000170,Ashfield,0,126300,0
E07000170,Ashfield,0,126300,0
E07000170,Ashfield,0,126300,0
E07000170,Ashfield,0,126300,0
E07000170,Ashfield,0,126300,0
E07000170,Ashfield,44141,126300,34.94932699920823
E07000170,Ashfield,29667,126300,23.489311163895486
E07000170,Ashfield,16751,126300,13.262866191607284
E07000170,Ashfield,4302,126300,3.4061757719714962
E07000170,Ashfield,929,126300,0.735550277117973
E07000170,Ashfield,0,126300,0
E07000170,Ashfield,47,126300,0.03721298495645289
E07000170,Ashfield,48,126300,0.03800475059382423
E07000170,Ashfield,31,126300,0.02454473475851148
E07000170,Ashfield,12,126300,0.009501187648456057
E07000170,Ashfield,5,126300,0.00395882818685669
E07000170,Ashfield,0,126300,0
E07000170,Ashfield,19,126300,0.015043547110055424
E07000170,Ashfield,22,126300,0.01741884402216944
E07000170,Ashfield,12,126300,0.009501187648456057
E07000170,Ashfield,7,126300,0.0055423594615993665
E07000170,Ashfield,1,126300,7.91765637371338e-4
E07000170,Ashfield,0,126300,0
E07000170,Ashfield,15,126300,0.011876484560570071
E07000170,Ashfield,25,126300,0.01979414093428345
E07000170,Ashfield,20,126300,0.01583531274742676
E07000170,Ashfield,3,126300,0.0023752969121140144
E07000170,Ashfield,0,126300,0
E07000170,Ashfield,0,126300,0
E07000170,Ashfield,24,126300,0.019002375296912115
E07000170,Ashfield,16,126300,0.012668250197941409
E07000170,Ashfield,18,126300,0.014251781472684086
E07000170,Ashfield,5,126300,0.00395882818685669
E07000170,Ashfield,2,126300,0.001583531274742676
E07000170,Ashfield,0,126300,0
E07000170,Ashfield,2402,126300,1.901821060965954
E07000170,Ashfield,1835,126300,1.4528899445764054
E07000170,Ashfield,1012,126300,0.8012668250197942
E07000170,Ashfield,280,126300,0.22169437846397466
E07000170,Ashfield,76,126300,0.060174188440221696
E07000171,Bassetlaw,0,117800,0
E07000171,Bassetlaw,0,117800,0
E07000171,Bassetlaw,0,117800,0
E07000171,Bassetlaw,0,117800,0
E07000171,Bassetlaw,0,117800,0
E07000171,Bassetlaw,0,117800,0
E07000171,Bassetlaw,0,117800,0
E07000171,Bassetlaw,49756,117800,42.23769100169779
E07000171,Bassetlaw,23918,117800,20.303904923599323
E07000171,Bassetlaw,12862,117800,10.918505942275042
E07000171,Bassetlaw,2855,117800,2.423599320882852
E07000171,Bassetlaw,628,117800,0.533106960950764
E07000171,Bassetlaw,0,117800,0
E07000171,Bassetlaw,41,117800,0.03480475382003396
E07000171,Bassetlaw,30,117800,0.025466893039049237
E07000171,Bassetlaw,32,117800,0.027164685908319185
E07000171,Bassetlaw,16,117800,0.013582342954159592
E07000171,Bassetlaw,6,117800,0.0050933786078098476
E07000171,Bassetlaw,0,117800,0
E07000171,Bassetlaw,24,117800,0.02037351443123939
E07000171,Bassetlaw,16,117800,0.013582342954159592
E07000171,Bassetlaw,14,117800,0.011884550084889643
E07000171,Bassetlaw,3,117800,0.0025466893039049238
E07000171,Bassetlaw,0,117800,0
E07000171,Bassetlaw,0,117800,0
E07000171,Bassetlaw,19,117800,0.016129032258064516
E07000171,Bassetlaw,9,117800,0.007640067911714771
E07000171,Bassetlaw,9,117800,0.007640067911714771
E07000171,Bassetlaw,0,117800,0
E07000171,Bassetlaw,0,117800,0
E07000171,Bassetlaw,0,117800,0
E07000171,Bassetlaw,29,117800,0.02461799660441426
E07000171,Bassetlaw,16,117800,0.013582342954159592
E07000171,Bassetlaw,14,117800,0.011884550084889643
E07000171,Bassetlaw,1,117800,8.488964346349745e-4
E07000171,Bassetlaw,0,117800,0
E07000171,Bassetlaw,0,117800,0
E07000171,Bassetlaw,2396,117800,2.033955857385399
E07000171,Bassetlaw,1342,117800,1.1392190152801358
E07000171,Bassetlaw,878,117800,0.7453310696095077
E07000171,Bassetlaw,185,117800,0.1570458404074703
E07000171,Bassetlaw,56,117800,0.04753820033955857
E07000172,Broxtowe,0,110900,0
E07000172,Broxtowe,0,110900,0
E07000172,Broxtowe,0,110900,0
E07000172,Broxtowe,0,110900,0
E07000172,Broxtowe,0,110900,0
E07000172,Broxtowe,0,110900,0
E07000172,Broxtowe,0,110900,0
E07000172,Broxtowe,44659,110900,40.26961226330027
E07000172,Broxtowe,23923,110900,21.571686203787195
E07000172,Broxtowe,13452,110900,12.12984670874662
E07000172,Broxtowe,3285,110900,2.9621280432822363
E07000172,Broxtowe,552,110900,0.4977457168620379
E07000172,Broxtowe,0,110900,0
E07000172,Broxtowe,61,110900,0.05500450856627592
E07000172,Broxtowe,44,110900,0.03967538322813345
E07000172,Broxtowe,33,110900,0.029756537421100092
E07000172,Broxtowe,4,110900,0.0036068530207394047
E07000172,Broxtowe,5,110900,0.004508566275924256
E07000172,Broxtowe,0,110900,0
E07000172,Broxtowe,34,110900,0.030658250676284943
E07000172,Broxtowe,21,110900,0.018935978358881875
E07000172,Broxtowe,15,110900,0.013525698827772768
E07000172,Broxtowe,3,110900,0.002705139765554554
E07000172,Broxtowe,2,110900,0.0018034265103697023
E07000172,Broxtowe,0,110900,0
E07000172,Broxtowe,18,110900,0.016230838593327322
E07000172,Broxtowe,21,110900,0.018935978358881875
E07000172,Broxtowe,20,110900,0.018034265103697024
E07000172,Broxtowe,1,110900,9.017132551848512e-4
E07000172,Broxtowe,2,110900,0.0018034265103697023
E07000172,Broxtowe,0,110900,0
E07000172,Broxtowe,40,110900,0.03606853020739405
E07000172,Broxtowe,43,110900,0.0387736699729486
E07000172,Broxtowe,39,110900,0.0351668169522092
E07000172,Broxtowe,8,110900,0.007213706041478809
E07000172,Broxtowe,0,110900,0
E07000172,Broxtowe,0,110900,0
E07000172,Broxtowe,2027,110900,1.8277727682596934
E07000172,Broxtowe,1203,110900,1.084761045987376
E07000172,Broxtowe,762,110900,0.6871055004508566
E07000172,Broxtowe,201,110900,0.1812443642921551
E07000172,Broxtowe,51,110900,0.045987376014427414
E07000173,Gedling,0,117300,0
E07000173,Gedling,0,117300,0
E07000173,Gedling,0,117300,0
E07000173,Gedling,0,117300,0
E07000173,Gedling,0,117300,0
E07000173,Gedling,0,117300,0
E07000173,Gedling,0,117300,0
E07000173,Gedling,48473,117300,41.32395566922421
E07000173,Gedling,25246,117300,21.522591645353792
E07000173,Gedling,13974,117300,11.91304347826087
E07000173,Gedling,2776,117300,2.3665814151747657
E07000173,Gedling,677,117300,0.577152600170503
E07000173,Gedling,0,117300,0
E07000173,Gedling,51,117300,0.043478260869565216
E07000173,Gedling,41,117300,0.03495311167945439
E07000173,Gedling,25,117300,0.021312872975277068
E07000173,Gedling,3,117300,0.0025575447570332483
E07000173,Gedling,0,117300,0
E07000173,Gedling,0,117300,0
E07000173,Gedling,24,117300,0.020460358056265986
E07000173,Gedling,18,117300,0.015345268542199489
E07000173,Gedling,15,117300,0.01278772378516624
E07000173,Gedling,2,117300,0.0017050298380221654
E07000173,Gedling,0,117300,0
E07000173,Gedling,0,117300,0
E07000173,Gedling,28,117300,0.023870417732310314
E07000173,Gedling,18,117300,0.015345268542199489
E07000173,Gedling,22,117300,0.01875532821824382
E07000173,Gedling,4,117300,0.0034100596760443308
E07000173,Gedling,0,117300,0
E07000173,Gedling,0,117300,0
E07000173,Gedling,21,117300,0.017902813299232736
E07000173,Gedling,24,117300,0.020460358056265986
E07000173,Gedling,14,117300,0.011935208866155157
E07000173,Gedling,2,117300,0.0017050298380221654
E07000173,Gedling,0,117300,0
E07000173,Gedling,0,117300,0
E07000173,Gedling,2131,117300,1.8167092924126171
E07000173,Gedling,1324,117300,1.1287297527706734
E07000173,Gedling,743,117300,0.6334185848252344
E07000173,Gedling,142,117300,0.12105711849957375
E07000173,Gedling,51,117300,0.043478260869565216
E07000174,Mansfield,0,110500,0
E07000174,Mansfield,0,110500,0
E07000174,Mansfield,0,110500,0
E07000174,Mansfield,0,110500,0
E07000174,Mansfield,0,110500,0
E07000174,Mansfield,0,110500,0
E07000174,Mansfield,0,110500,0
E07000174,Mansfield,41267,110500,37.34570135746606
E07000174,Mansfield,24699,110500,22.35203619909502
E07000174,Mansfield,14057,110500,12.721266968325791
E07000174,Mansfield,3194,110500,2.890497737556561
E07000174,Mansfield,925,110500,0.8371040723981901
E07000174,Mansfield,0,110500,0
E07000174,Mansfield,57,110500,0.051583710407239816
E07000174,Mansfield,60,110500,0.05429864253393665
E07000174,Mansfield,43,110500,0.03891402714932127
E07000174,Mansfield,9,110500,0.008144796380090498
E07000174,Mansfield,13,110500,0.011764705882352941
E07000174,Mansfield,0,110500,0
E07000174,Mansfield,31,110500,0.028054298642533938
E07000174,Mansfield,24,110500,0.02171945701357466
E07000174,Mansfield,31,110500,0.028054298642533938
E07000174,Mansfield,3,110500,0.0027149321266968325
E07000174,Mansfield,2,110500,0.0018099547511312218
E07000174,Mansfield,0,110500,0
E07000174,Mansfield,28,110500,0.025339366515837104
E07000174,Mansfield,34,110500,0.03076923076923077
E07000174,Mansfield,33,110500,0.02986425339366516
E07000174,Mansfield,7,110500,0.006334841628959276
E07000174,Mansfield,1,110500,9.049773755656109e-4
E07000174,Mansfield,0,110500,0
E07000174,Mansfield,23,110500,0.02081447963800905
E07000174,Mansfield,13,110500,0.011764705882352941
E07000174,Mansfield,13,110500,0.011764705882352941
E07000174,Mansfield,6,110500,0.005429864253393665
E07000174,Mansfield,0,110500,0
E07000174,Mansfield,0,110500,0
E07000174,Mansfield,2072,110500,1.8751131221719457
E07000174,Mansfield,1498,110500,1.3556561085972851
E07000174,Mansfield,933,110500,0.8443438914027149
E07000174,Mansfield,256,110500,0.2316742081447964
E07000174,Mansfield,53,110500,0.04796380090497738
E07000175,Newark and Sherwood,0,122900,0
E07000175,Newark and Sherwood,0,122900,0
E07000175,Newark and Sherwood,0,122900,0
E07000175,Newark and Sherwood,0,122900,0
E07000175,Newark and Sherwood,0,122900,0
E07000175,Newark and Sherwood,0,122900,0
E07000175,Newark and Sherwood,0,122900,0
E07000175,Newark and Sherwood,50525,122900,41.110659072416595
E07000175,Newark and Sherwood,25594,122900,20.82506102522376
E07000175,Newark and Sherwood,14393,122900,11.711147274206672
E07000175,Newark and Sherwood,3094,122900,2.517493897477624
E07000175,Newark and Sherwood,752,122900,0.611879576891782
E07000175,Newark and Sherwood,0,122900,0
E07000175,Newark and Sherwood,48,122900,0.03905614320585842
E07000175,Newark and Sherwood,44,122900,0.03580146460537022
E07000175,Newark and Sherwood,28,122900,0.022782750203417412
E07000175,Newark and Sherwood,20,122900,0.01627339300244101
E07000175,Newark and Sherwood,1,122900,8.136696501220504e-4
E07000175,Newark and Sherwood,0,122900,0
E07000175,Newark and Sherwood,26,122900,0.02115541090317331
E07000175,Newark and Sherwood,19,122900,0.015459723352318959
E07000175,Newark and Sherwood,13,122900,0.010577705451586655
E07000175,Newark and Sherwood,3,122900,0.0024410089503661514
E07000175,Newark and Sherwood,0,122900,0
E07000175,Newark and Sherwood,0,122900,0
E07000175,Newark and Sherwood,22,122900,0.01790073230268511
E07000175,Newark and Sherwood,12,122900,0.009764035801464606
E07000175,Newark and Sherwood,20,122900,0.01627339300244101
E07000175,Newark and Sherwood,4,122900,0.0032546786004882017
E07000175,Newark and Sherwood,0,122900,0
E07000175,Newark and Sherwood,0,122900,0
E07000175,Newark and Sherwood,18,122900,0.014646053702196907
E07000175,Newark and Sherwood,27,122900,0.021969080553295363
E07000175,Newark and Sherwood,21,122900,0.01708706265256306
E07000175,Newark and Sherwood,5,122900,0.0040683482506102524
E07000175,Newark and Sherwood,0,122900,0
E07000175,Newark and Sherwood,0,122900,0
E07000175,Newark and Sherwood,2307,122900,1.8771358828315703
E07000175,Newark and Sherwood,1453,122900,1.1822620016273393
E07000175,Newark and Sherwood,893,122900,0.726606997558991
E07000175,Newark and Sherwood,241,122900,0.19609438567941415
E07000175,Newark and Sherwood,76,122900,0.061838893409275834
E07000176,Rushcliffe,0,119000,0
E07000176,Rushcliffe,0,119000,0
E07000176,Rushcliffe,0,119000,0
E07000176,Rushcliffe,0,119000,0
E07000176,Rushcliffe,0,119000,0
E07000176,Rushcliffe,0,119000,0
E07000176,Rushcliffe,0,119000,0
E07000176,Rushcliffe,55486,119000,46.62689075630252
E07000176,Rushcliffe,21897,119000,18.400840336134454
E07000176,Rushcliffe,10850,119000,9.117647058823529
E07000176,Rushcliffe,2313,119000,1.9436974789915966
E07000176,Rushcliffe,402,119000,0.3378151260504202
E07000176,Rushcliffe,0,119000,0
E07000176,Rushcliffe,40,119000,0.03361344537815126
E07000176,Rushcliffe,29,119000,0.024369747899159664
E07000176,Rushcliffe,17,119000,0.014285714285714285
E07000176,Rushcliffe,1,119000,8.403361344537816e-4
E07000176,Rushcliffe,1,119000,8.403361344537816e-4
E07000176,Rushcliffe,0,119000,0
E07000176,Rushcliffe,27,119000,0.0226890756302521
E07000176,Rushcliffe,13,119000,0.010924369747899159
E07000176,Rushcliffe,14,119000,0.011764705882352941
E07000176,Rushcliffe,0,119000,0
E07000176,Rushcliffe,0,119000,0
E07000176,Rushcliffe,0,119000,0
E07000176,Rushcliffe,24,119000,0.020168067226890758
E07000176,Rushcliffe,14,119000,0.011764705882352941
E07000176,Rushcliffe,10,119000,0.008403361344537815
E07000176,Rushcliffe,5,119000,0.004201680672268907
E07000176,Rushcliffe,0,119000,0
E07000176,Rushcliffe,0,119000,0
E07000176,Rushcliffe,33,119000,0.02773109243697479
E07000176,Rushcliffe,24,119000,0.020168067226890758
E07000176,Rushcliffe,26,119000,0.021848739495798318
E07000176,Rushcliffe,11,119000,0.009243697478991597
E07000176,Rushcliffe,3,119000,0.0025210084033613447
E07000176,Rushcliffe,0,119000,0
E07000176,Rushcliffe,2180,119000,1.8319327731092436
E07000176,Rushcliffe,1027,119000,0.8630252100840337
E07000176,Rushcliffe,532,119000,0.4470588235294118
E07000176,Rushcliffe,145,119000,0.12184873949579832
E07000176,Rushcliffe,55,119000,0.046218487394957986
E07000177,Cherwell,0,161000,0
E07000177,Cherwell,0,161000,0
E07000177,Cherwell,0,161000,0
E07000177,Cherwell,0,161000,0
E07000177,Cherwell,0,161000,0
E07000177,Cherwell,0,161000,0
E07000177,Cherwell,0,161000,0
E07000177,Cherwell,59854,161000,37.17639751552795
E07000177,Cherwell,30009,161000,18.639130434782608
E07000177,Cherwell,23935,161000,14.866459627329192
E07000177,Cherwell,6033,161000,3.747204968944099
E07000177,Cherwell,1505,161000,0.9347826086956522
E07000177,Cherwell,0,161000,0
E07000177,Cherwell,69,161000,0.04285714285714286
E07000177,Cherwell,58,161000,0.03602484472049689
E07000177,Cherwell,84,161000,0.05217391304347826
E07000177,Cherwell,24,161000,0.014906832298136646
E07000177,Cherwell,37,161000,0.02298136645962733
E07000177,Cherwell,0,161000,0
E07000177,Cherwell,32,161000,0.01987577639751553
E07000177,Cherwell,35,161000,0.021739130434782608
E07000177,Cherwell,36,161000,0.02236024844720497
E07000177,Cherwell,7,161000,0.004347826086956522
E07000177,Cherwell,6,161000,0.0037267080745341614
E07000177,Cherwell,0,161000,0
E07000177,Cherwell,43,161000,0.02670807453416149
E07000177,Cherwell,24,161000,0.014906832298136646
E07000177,Cherwell,37,161000,0.02298136645962733
E07000177,Cherwell,13,161000,0.008074534161490683
E07000177,Cherwell,7,161000,0.004347826086956522
E07000177,Cherwell,0,161000,0
E07000177,Cherwell,56,161000,0.034782608695652174
E07000177,Cherwell,35,161000,0.021739130434782608
E07000177,Cherwell,30,161000,0.018633540372670808
E07000177,Cherwell,5,161000,0.003105590062111801
E07000177,Cherwell,3,161000,0.0018633540372670807
E07000177,Cherwell,0,161000,0
E07000177,Cherwell,2780,161000,1.7267080745341614
E07000177,Cherwell,1711,161000,1.0627329192546584
E07000177,Cherwell,1567,161000,0.9732919254658385
E07000177,Cherwell,484,161000,0.30062111801242236
E07000177,Cherwell,145,161000,0.09006211180124224
E07000178,Oxford,0,162100,0
E07000178,Oxford,0,162100,0
E07000178,Oxford,0,162100,0
E07000178,Oxford,0,162100,0
E07000178,Oxford,0,162100,0
E07000178,Oxford,0,162100,0
E07000178,Oxford,0,162100,0
E07000178,Oxford,38238,162100,23.589142504626775
E07000178,Oxford,24832,162100,15.318938926588526
E07000178,Oxford,26929,162100,16.612584824182605
E07000178,Oxford,11041,162100,6.81122763726095
E07000178,Oxford,4635,162100,2.8593460826650214
E07000178,Oxford,0,162100,0
E07000178,Oxford,71,162100,0.04380012338062924
E07000178,Oxford,90,162100,0.055521283158544106
E07000178,Oxford,139,162100,0.08574953732264035
E07000178,Oxford,97,162100,0.05983960518198643
E07000178,Oxford,324,162100,0.1998766193707588
E07000178,Oxford,0,162100,0
E07000178,Oxford,46,162100,0.0283775447254781
E07000178,Oxford,24,162100,0.014805675508945095
E07000178,Oxford,41,162100,0.025293028994447873
E07000178,Oxford,30,162100,0.01850709438618137
E07000178,Oxford,47,162100,0.028994447871684145
E07000178,Oxford,0,162100,0
E07000178,Oxford,29,162100,0.017890191239975324
E07000178,Oxford,42,162100,0.025909932140653916
E07000178,Oxford,55,162100,0.03392967304133251
E07000178,Oxford,26,162100,0.016039481801357187
E07000178,Oxford,79,162100,0.048735348550277606
E07000178,Oxford,0,162100,0
E07000178,Oxford,89,162100,0.054904380012338064
E07000178,Oxford,73,162100,0.04503392967304133
E07000178,Oxford,97,162100,0.05983960518198643
E07000178,Oxford,27,162100,0.016656384947563233
E07000178,Oxford,18,162100,0.011104256631708822
E07000178,Oxford,0,162100,0
E07000178,Oxford,2510,162100,1.5484268969771746
E07000178,Oxford,2000,162100,1.2338062924120914
E07000178,Oxford,2306,162100,1.4225786551511412
E07000178,Oxford,1148,162100,0.7082048118445404
E07000178,Oxford,1193,162100,0.7359654534238125
E07000179,South Oxfordshire,0,149100,0
E07000179,South Oxfordshire,0,149100,0
E07000179,South Oxfordshire,0,149100,0
E07000179,South Oxfordshire,0,149100,0
E07000179,South Oxfordshire,0,149100,0
E07000179,South Oxfordshire,0,149100,0
E07000179,South Oxfordshire,0,149100,0
E07000179,South Oxfordshire,61479,149100,41.23340040241449
E07000179,South Oxfordshire,28822,149100,19.33065057008719
E07000179,South Oxfordshire,18303,149100,12.275653923541247
E07000179,South Oxfordshire,4012,149100,2.6908115358819584
E07000179,South Oxfordshire,719,149100,0.48222669349429914
E07000179,South Oxfordshire,0,149100,0
E07000179,South Oxfordshire,41,149100,0.02749832327297116
E07000179,South Oxfordshire,40,149100,0.02682763246143528
E07000179,South Oxfordshire,48,149100,0.03219315895372234
E07000179,South Oxfordshire,13,149100,0.008718980549966466
E07000179,South Oxfordshire,5,149100,0.00335345405767941
E07000179,South Oxfordshire,0,149100,0
E07000179,South Oxfordshire,20,149100,0.01341381623071764
E07000179,South Oxfordshire,18,149100,0.012072434607645875
E07000179,South Oxfordshire,24,149100,0.01609657947686117
E07000179,South Oxfordshire,8,149100,0.0053655264922870555
E07000179,South Oxfordshire,3,149100,0.002012072434607646
E07000179,South Oxfordshire,0,149100,0
E07000179,South Oxfordshire,26,149100,0.017437961099932932
E07000179,South Oxfordshire,13,149100,0.008718980549966466
E07000179,South Oxfordshire,23,149100,0.015425888665325285
E07000179,South Oxfordshire,8,149100,0.0053655264922870555
E07000179,South Oxfordshire,8,149100,0.0053655264922870555
E07000179,South Oxfordshire,0,149100,0
E07000179,South Oxfordshire,40,149100,0.02682763246143528
E07000179,South Oxfordshire,43,149100,0.028839704896042925
E07000179,South Oxfordshire,31,149100,0.02079141515761234
E07000179,South Oxfordshire,2,149100,0.0013413816230717639
E07000179,South Oxfordshire,2,149100,0.0013413816230717639
E07000179,South Oxfordshire,0,149100,0
E07000179,South Oxfordshire,2745,149100,1.841046277665996
E07000179,South Oxfordshire,1396,149100,0.9362843729040912
E07000179,South Oxfordshire,1083,149100,0.7263581488933601
E07000179,South Oxfordshire,260,149100,0.1743796109993293
E07000179,South Oxfordshire,54,149100,0.03621730382293763
E07000180,Vale of White Horse,0,138900,0
E07000180,Vale of White Horse,0,138900,0
E07000180,Vale of White Horse,0,138900,0
E07000180,Vale of White Horse,0,138900,0
E07000180,Vale of White Horse,0,138900,0
E07000180,Vale of White Horse,0,138900,0
E07000180,Vale of White Horse,0,138900,0
E07000180,Vale of White Horse,60157,138900,43.309575233981285
E07000180,Vale of White Horse,23849,138900,17.1699064074874
E07000180,Vale of White Horse,16789,138900,12.087113030957523
E07000180,Vale of White Horse,3146,138900,2.2649388048956083
E07000180,Vale of White Horse,563,138900,0.40532757379409645
E07000180,Vale of White Horse,0,138900,0
E07000180,Vale of White Horse,37,138900,0.02663786897048236
E07000180,Vale of White Horse,31,138900,0.022318214542836574
E07000180,Vale of White Horse,41,138900,0.029517638588912886
E07000180,Vale of White Horse,14,138900,0.010079193664506839
E07000180,Vale of White Horse,3,138900,0.0021598272138228943
E07000180,Vale of White Horse,0,138900,0
E07000180,Vale of White Horse,23,138900,0.01655867530597552
E07000180,Vale of White Horse,17,138900,0.012239020878329733
E07000180,Vale of White Horse,18,138900,0.012958963282937365
E07000180,Vale of White Horse,4,138900,0.0028797696184305254
E07000180,Vale of White Horse,1,138900,7.199424046076314e-4
E07000180,Vale of White Horse,0,138900,0
E07000180,Vale of White Horse,31,138900,0.022318214542836574
E07000180,Vale of White Horse,20,138900,0.014398848092152628
E07000180,Vale of White Horse,19,138900,0.013678905687544997
E07000180,Vale of White Horse,5,138900,0.003599712023038157
E07000180,Vale of White Horse,2,138900,0.0014398848092152627
E07000180,Vale of White Horse,0,138900,0
E07000180,Vale of White Horse,34,138900,0.024478041756659467
E07000180,Vale of White Horse,34,138900,0.024478041756659467
E07000180,Vale of White Horse,35,138900,0.0251979841612671
E07000180,Vale of White Horse,4,138900,0.0028797696184305254
E07000180,Vale of White Horse,1,138900,7.199424046076314e-4
E07000180,Vale of White Horse,0,138900,0
E07000180,Vale of White Horse,2788,138900,2.0071994240460764
E07000180,Vale of White Horse,1221,138900,0.8790496760259179
E07000180,Vale of White Horse,945,138900,0.6803455723542117
E07000180,Vale of White Horse,218,138900,0.15694744420446363
E07000180,Vale of White Horse,65,138900,0.04679625629949604
E07000181,West Oxfordshire,0,114200,0
E07000181,West Oxfordshire,0,114200,0
E07000181,West Oxfordshire,0,114200,0
E07000181,West Oxfordshire,0,114200,0
E07000181,West Oxfordshire,0,114200,0
E07000181,West Oxfordshire,0,114200,0
E07000181,West Oxfordshire,0,114200,0
E07000181,West Oxfordshire,46808,114200,40.987740805604204
E07000181,West Oxfordshire,22423,114200,19.634851138353767
E07000181,West Oxfordshire,14347,114200,12.563047285464098
E07000181,West Oxfordshire,3130,114200,2.7408056042031523
E07000181,West Oxfordshire,615,114200,0.5385288966725044
E07000181,West Oxfordshire,0,114200,0
E07000181,West Oxfordshire,26,114200,0.02276707530647986
E07000181,West Oxfordshire,31,114200,0.02714535901926445
E07000181,West Oxfordshire,31,114200,0.02714535901926445
E07000181,West Oxfordshire,11,114200,0.009632224168126095
E07000181,West Oxfordshire,1,114200,8.756567425569177e-4
E07000181,West Oxfordshire,0,114200,0
E07000181,West Oxfordshire,25,114200,0.021891418563922942
E07000181,West Oxfordshire,16,114200,0.014010507880910683
E07000181,West Oxfordshire,16,114200,0.014010507880910683
E07000181,West Oxfordshire,5,114200,0.0043782837127845885
E07000181,West Oxfordshire,5,114200,0.0043782837127845885
E07000181,West Oxfordshire,0,114200,0
E07000181,West Oxfordshire,22,114200,0.01926444833625219
E07000181,West Oxfordshire,17,114200,0.0148861646234676
E07000181,West Oxfordshire,8,114200,0.0070052539404553416
E07000181,West Oxfordshire,3,114200,0.002626970227670753
E07000181,West Oxfordshire,2,114200,0.0017513134851138354
E07000181,West Oxfordshire,0,114200,0
E07000181,West Oxfordshire,19,114200,0.016637478108581436
E07000181,West Oxfordshire,23,114200,0.020140105078809107
E07000181,West Oxfordshire,9,114200,0.00788091068301226
E07000181,West Oxfordshire,5,114200,0.0043782837127845885
E07000181,West Oxfordshire,1,114200,8.756567425569177e-4
E07000181,West Oxfordshire,0,114200,0
E07000181,West Oxfordshire,1938,114200,1.6970227670753064
E07000181,West Oxfordshire,1021,114200,0.8940455341506129
E07000181,West Oxfordshire,787,114200,0.6891418563922942
E07000181,West Oxfordshire,133,114200,0.11646234676007006
E07000181,West Oxfordshire,52,114200,0.04553415061295972
E07000187,Mendip,0,116100,0
E07000187,Mendip,0,116100,0
E07000187,Mendip,0,116100,0
E07000187,Mendip,0,116100,0
E07000187,Mendip,0,116100,0
E07000187,Mendip,0,116100,0
E07000187,Mendip,0,116100,0
E07000187,Mendip,47730,116100,41.111111111111114
E07000187,Mendip,22234,116100,19.150732127476314
E07000187,Mendip,15198,116100,13.090439276485789
E07000187,Mendip,3130,116100,2.6959517657192076
E07000187,Mendip,594,116100,0.5116279069767442
E07000187,Mendip,0,116100,0
E07000187,Mendip,38,116100,0.03273040482342808
E07000187,Mendip,22,116100,0.018949181739879414
E07000187,Mendip,37,116100,0.03186907838070629
E07000187,Mendip,7,116100,0.006029285099052541
E07000187,Mendip,3,116100,0.002583979328165375
E07000187,Mendip,0,116100,0
E07000187,Mendip,22,116100,0.018949181739879414
E07000187,Mendip,17,116100,0.014642549526270457
E07000187,Mendip,24,116100,0.020671834625323
E07000187,Mendip,2,116100,0.0017226528854435831
E07000187,Mendip,0,116100,0
E07000187,Mendip,0,116100,0
E07000187,Mendip,21,116100,0.01808785529715762
E07000187,Mendip,17,116100,0.014642549526270457
E07000187,Mendip,17,116100,0.014642549526270457
E07000187,Mendip,7,116100,0.006029285099052541
E07000187,Mendip,0,116100,0
E07000187,Mendip,0,116100,0
E07000187,Mendip,16,116100,0.013781223083548665
E07000187,Mendip,21,116100,0.01808785529715762
E07000187,Mendip,24,116100,0.020671834625323
E07000187,Mendip,6,116100,0.00516795865633075
E07000187,Mendip,1,116100,8.613264427217916e-4
E07000187,Mendip,0,116100,0
E07000187,Mendip,2432,116100,2.094745908699397
E07000187,Mendip,1361,116100,1.1722652885443583
E07000187,Mendip,1069,116100,0.9207579672695951
E07000187,Mendip,284,116100,0.2446167097329888
E07000187,Mendip,45,116100,0.03875968992248062
E07000188,Sedgemoor,0,125400,0
E07000188,Sedgemoor,0,125400,0
E07000188,Sedgemoor,0,125400,0
E07000188,Sedgemoor,0,125400,0
E07000188,Sedgemoor,0,125400,0
E07000188,Sedgemoor,0,125400,0
E07000188,Sedgemoor,0,125400,0
E07000188,Sedgemoor,51506,125400,41.07336523125997
E07000188,Sedgemoor,24248,125400,19.33652312599681
E07000188,Sedgemoor,16582,125400,13.22328548644338
E07000188,Sedgemoor,3402,125400,2.712918660287081
E07000188,Sedgemoor,890,125400,0.7097288676236044
E07000188,Sedgemoor,0,125400,0
E07000188,Sedgemoor,52,125400,0.04146730462519936
E07000188,Sedgemoor,58,125400,0.046251993620414676
E07000188,Sedgemoor,56,125400,0.044657097288676235
E07000188,Sedgemoor,21,125400,0.01674641148325359
E07000188,Sedgemoor,49,125400,0.03907496012759171
E07000188,Sedgemoor,0,125400,0
E07000188,Sedgemoor,23,125400,0.018341307814992026
E07000188,Sedgemoor,21,125400,0.01674641148325359
E07000188,Sedgemoor,24,125400,0.019138755980861243
E07000188,Sedgemoor,7,125400,0.0055821371610845294
E07000188,Sedgemoor,1,125400,7.974481658692185e-4
E07000188,Sedgemoor,0,125400,0
E07000188,Sedgemoor,27,125400,0.0215311004784689
E07000188,Sedgemoor,23,125400,0.018341307814992026
E07000188,Sedgemoor,29,125400,0.023125996810207338
E07000188,Sedgemoor,11,125400,0.008771929824561403
E07000188,Sedgemoor,2,125400,0.001594896331738437
E07000188,Sedgemoor,0,125400,0
E07000188,Sedgemoor,26,125400,0.02073365231259968
E07000188,Sedgemoor,19,125400,0.015151515151515152
E07000188,Sedgemoor,22,125400,0.017543859649122806
E07000188,Sedgemoor,4,125400,0.003189792663476874
E07000188,Sedgemoor,1,125400,7.974481658692185e-4
E07000188,Sedgemoor,0,125400,0
E07000188,Sedgemoor,2544,125400,2.028708133971292
E07000188,Sedgemoor,1475,125400,1.1762360446570972
E07000188,Sedgemoor,991,125400,0.7902711323763956
E07000188,Sedgemoor,297,125400,0.23684210526315788
E07000188,Sedgemoor,68,125400,0.05422647527910686
E07000189,South Somerset,0,172700,0
E07000189,South Somerset,0,172700,0
E07000189,South Somerset,0,172700,0
E07000189,South Somerset,0,172700,0
E07000189,South Somerset,0,172700,0
E07000189,South Somerset,0,172700,0
E07000189,South Somerset,0,172700,0
E07000189,South Somerset,70442,172700,40.788650839606255
E07000189,South Somerset,34221,172700,19.81528662420382
E07000189,South Somerset,22725,172700,13.15865662999421
E07000189,South Somerset,4818,172700,2.789808917197452
E07000189,South Somerset,879,172700,0.5089751013317892
E07000189,South Somerset,0,172700,0
E07000189,South Somerset,51,172700,0.029530978575564564
E07000189,South Somerset,44,172700,0.025477707006369428
E07000189,South Somerset,50,172700,0.02895193977996526
E07000189,South Somerset,18,172700,0.010422698320787493
E07000189,South Somerset,5,172700,0.0028951939779965257
E07000189,South Somerset,0,172700,0
E07000189,South Somerset,25,172700,0.01447596988998263
E07000189,South Somerset,20,172700,0.011580775911986103
E07000189,South Somerset,21,172700,0.012159814707585408
E07000189,South Somerset,4,172700,0.0023161551823972205
E07000189,South Somerset,3,172700,0.0017371163867979154
E07000189,South Somerset,0,172700,0
E07000189,South Somerset,28,172700,0.016213086276780544
E07000189,South Somerset,16,172700,0.009264620729588882
E07000189,South Somerset,31,172700,0.01795020266357846
E07000189,South Somerset,2,172700,0.0011580775911986102
E07000189,South Somerset,2,172700,0.0011580775911986102
E07000189,South Somerset,0,172700,0
E07000189,South Somerset,30,172700,0.017371163867979156
E07000189,South Somerset,22,172700,0.012738853503184714
E07000189,South Somerset,39,172700,0.0225825130283729
E07000189,South Somerset,9,172700,0.0052113491603937466
E07000189,South Somerset,1,172700,5.790387955993051e-4
E07000189,South Somerset,0,172700,0
E07000189,South Somerset,3915,172700,2.2669368847712796
E07000189,South Somerset,2089,172700,1.2096120440069484
E07000189,South Somerset,1449,172700,0.8390272148233932
E07000189,South Somerset,368,172700,0.2130862767805443
E07000189,South Somerset,111,172700,0.06427330631152287
E07000192,Cannock Chase,0,100500,0
E07000192,Cannock Chase,0,100500,0
E07000192,Cannock Chase,0,100500,0
E07000192,Cannock Chase,0,100500,0
E07000192,Cannock Chase,0,100500,0
E07000192,Cannock Chase,0,100500,0
E07000192,Cannock Chase,0,100500,0
E07000192,Cannock Chase,37291,100500,37.10547263681592
E07000192,Cannock Chase,21801,100500,21.692537313432837
E07000192,Cannock Chase,15571,100500,15.493532338308457
E07000192,Cannock Chase,3050,100500,3.0348258706467663
E07000192,Cannock Chase,590,100500,0.5870646766169154
E07000192,Cannock Chase,0,100500,0
E07000192,Cannock Chase,27,100500,0.026865671641791045
E07000192,Cannock Chase,33,100500,0.03283582089552239
E07000192,Cannock Chase,35,100500,0.03482587064676617
E07000192,Cannock Chase,12,100500,0.011940298507462687
E07000192,Cannock Chase,2,100500,0.001990049751243781
E07000192,Cannock Chase,0,100500,0
E07000192,Cannock Chase,22,100500,0.021890547263681594
E07000192,Cannock Chase,14,100500,0.013930348258706468
E07000192,Cannock Chase,17,100500,0.01691542288557214
E07000192,Cannock Chase,4,100500,0.003980099502487562
E07000192,Cannock Chase,1,100500,9.950248756218905e-4
E07000192,Cannock Chase,0,100500,0
E07000192,Cannock Chase,14,100500,0.013930348258706468
E07000192,Cannock Chase,16,100500,0.015920398009950248
E07000192,Cannock Chase,18,100500,0.01791044776119403
E07000192,Cannock Chase,4,100500,0.003980099502487562
E07000192,Cannock Chase,1,100500,9.950248756218905e-4
E07000192,Cannock Chase,0,100500,0
E07000192,Cannock Chase,17,100500,0.01691542288557214
E07000192,Cannock Chase,20,100500,0.01990049751243781
E07000192,Cannock Chase,8,100500,0.007960199004975124
E07000192,Cannock Chase,3,100500,0.0029850746268656717
E07000192,Cannock Chase,3,100500,0.0029850746268656717
E07000192,Cannock Chase,0,100500,0
E07000192,Cannock Chase,1454,100500,1.4467661691542288
E07000192,Cannock Chase,1040,100500,1.0348258706467661
E07000192,Cannock Chase,744,100500,0.7402985074626866
E07000192,Cannock Chase,147,100500,0.14626865671641792
E07000192,Cannock Chase,36,100500,0.03582089552238806
E07000193,East Staffordshire,0,124000,0
E07000193,East Staffordshire,0,124000,0
E07000193,East Staffordshire,0,124000,0
E07000193,East Staffordshire,0,124000,0
E07000193,East Staffordshire,0,124000,0
E07000193,East Staffordshire,0,124000,0
E07000193,East Staffordshire,0,124000,0
E07000193,East Staffordshire,48666,124000,39.24677419354839
E07000193,East Staffordshire,23646,124000,19.06935483870968
E07000193,East Staffordshire,15043,124000,12.131451612903225
E07000193,East Staffordshire,3780,124000,3.0483870967741935
E07000193,East Staffordshire,1239,124000,0.9991935483870967
E07000193,East Staffordshire,0,124000,0
E07000193,East Staffordshire,85,124000,0.06854838709677419
E07000193,East Staffordshire,63,124000,0.050806451612903224
E07000193,East Staffordshire,62,124000,0.05
E07000193,East Staffordshire,18,124000,0.014516129032258065
E07000193,East Staffordshire,8,124000,0.0064516129032258064
E07000193,East Staffordshire,0,124000,0
E07000193,East Staffordshire,38,124000,0.03064516129032258
E07000193,East Staffordshire,18,124000,0.014516129032258065
E07000193,East Staffordshire,21,124000,0.016935483870967744
E07000193,East Staffordshire,10,124000,0.008064516129032258
E07000193,East Staffordshire,4,124000,0.0032258064516129032
E07000193,East Staffordshire,0,124000,0
E07000193,East Staffordshire,42,124000,0.03387096774193549
E07000193,East Staffordshire,19,124000,0.01532258064516129
E07000193,East Staffordshire,25,124000,0.020161290322580645
E07000193,East Staffordshire,7,124000,0.00564516129032258
E07000193,East Staffordshire,2,124000,0.0016129032258064516
E07000193,East Staffordshire,0,124000,0
E07000193,East Staffordshire,22,124000,0.017741935483870968
E07000193,East Staffordshire,14,124000,0.01129032258064516
E07000193,East Staffordshire,12,124000,0.00967741935483871
E07000193,East Staffordshire,4,124000,0.0032258064516129032
E07000193,East Staffordshire,0,124000,0
E07000193,East Staffordshire,0,124000,0
E07000193,East Staffordshire,2510,124000,2.024193548387097
E07000193,East Staffordshire,1490,124000,1.2016129032258065
E07000193,East Staffordshire,1232,124000,0.9935483870967742
E07000193,East Staffordshire,361,124000,0.2911290322580645
E07000193,East Staffordshire,160,124000,0.12903225806451613
E07000194,Lichfield,0,106400,0
E07000194,Lichfield,0,106400,0
E07000194,Lichfield,0,106400,0
E07000194,Lichfield,0,106400,0
E07000194,Lichfield,0,106400,0
E07000194,Lichfield,0,106400,0
E07000194,Lichfield,0,106400,0
E07000194,Lichfield,47306,106400,44.46052631578947
E07000194,Lichfield,20701,106400,19.455827067669173
E07000194,Lichfield,12510,106400,11.757518796992482
E07000194,Lichfield,2445,106400,2.297932330827068
E07000194,Lichfield,483,106400,0.45394736842105265
E07000194,Lichfield,0,106400,0
E07000194,Lichfield,33,106400,0.03101503759398496
E07000194,Lichfield,30,106400,0.02819548872180451
E07000194,Lichfield,31,106400,0.02913533834586466
E07000194,Lichfield,4,106400,0.0037593984962406013
E07000194,Lichfield,1,106400,9.398496240601503e-4
E07000194,Lichfield,0,106400,0
E07000194,Lichfield,14,106400,0.013157894736842105
E07000194,Lichfield,12,106400,0.011278195488721804
E07000194,Lichfield,12,106400,0.011278195488721804
E07000194,Lichfield,2,106400,0.0018796992481203006
E07000194,Lichfield,0,106400,0
E07000194,Lichfield,0,106400,0
E07000194,Lichfield,20,106400,0.018796992481203006
E07000194,Lichfield,11,106400,0.010338345864661654
E07000194,Lichfield,5,106400,0.004699248120300752
E07000194,Lichfield,5,106400,0.004699248120300752
E07000194,Lichfield,1,106400,9.398496240601503e-4
E07000194,Lichfield,0,106400,0
E07000194,Lichfield,11,106400,0.010338345864661654
E07000194,Lichfield,8,106400,0.007518796992481203
E07000194,Lichfield,11,106400,0.010338345864661654
E07000194,Lichfield,3,106400,0.002819548872180451
E07000194,Lichfield,0,106400,0
E07000194,Lichfield,0,106400,0
E07000194,Lichfield,1820,106400,1.7105263157894737
E07000194,Lichfield,949,106400,0.8919172932330827
E07000194,Lichfield,627,106400,0.5892857142857143
E07000194,Lichfield,131,106400,0.1231203007518797
E07000194,Lichfield,19,106400,0.017857142857142856
E07000195,Newcastle-under-Lyme,0,123300,0
E07000195,Newcastle-under-Lyme,0,123300,0
E07000195,Newcastle-under-Lyme,0,123300,0
E07000195,Newcastle-under-Lyme,0,123300,0
E07000195,Newcastle-under-Lyme,0,123300,0
E07000195,Newcastle-under-Lyme,0,123300,0
E07000195,Newcastle-under-Lyme,0,123300,0
E07000195,Newcastle-under-Lyme,49229,123300,39.926196269261965
E07000195,Newcastle-under-Lyme,25343,123300,20.553933495539336
E07000195,Newcastle-under-Lyme,15532,123300,12.59691808596918
E07000195,Newcastle-under-Lyme,3699,123300,3
E07000195,Newcastle-under-Lyme,737,123300,0.5977291159772912
E07000195,Newcastle-under-Lyme,0,123300,0
E07000195,Newcastle-under-Lyme,51,123300,0.0413625304136253
E07000195,Newcastle-under-Lyme,42,123300,0.0340632603406326
E07000195,Newcastle-under-Lyme,39,123300,0.031630170316301706
E07000195,Newcastle-under-Lyme,12,123300,0.009732360097323601
E07000195,Newcastle-under-Lyme,7,123300,0.0056772100567721
E07000195,Newcastle-under-Lyme,0,123300,0
E07000195,Newcastle-under-Lyme,27,123300,0.021897810218978103
E07000195,Newcastle-under-Lyme,27,123300,0.021897810218978103
E07000195,Newcastle-under-Lyme,15,123300,0.012165450121654502
E07000195,Newcastle-under-Lyme,2,123300,0.0016220600162206002
E07000195,Newcastle-under-Lyme,0,123300,0
E07000195,Newcastle-under-Lyme,0,123300,0
E07000195,Newcastle-under-Lyme,37,123300,0.030008110300081103
E07000195,Newcastle-under-Lyme,26,123300,0.021086780210867802
E07000195,Newcastle-under-Lyme,22,123300,0.017842660178426603
E07000195,Newcastle-under-Lyme,8,123300,0.006488240064882401
E07000195,Newcastle-under-Lyme,1,123300,8.110300081103001e-4
E07000195,Newcastle-under-Lyme,0,123300,0
E07000195,Newcastle-under-Lyme,32,123300,0.025952960259529603
E07000195,Newcastle-under-Lyme,43,123300,0.034874290348742905
E07000195,Newcastle-under-Lyme,25,123300,0.0202757502027575
E07000195,Newcastle-under-Lyme,10,123300,0.008110300081103
E07000195,Newcastle-under-Lyme,1,123300,8.110300081103001e-4
E07000195,Newcastle-under-Lyme,0,123300,0
E07000195,Newcastle-under-Lyme,2532,123300,2.05352798053528
E07000195,Newcastle-under-Lyme,1273,123300,1.0324412003244121
E07000195,Newcastle-under-Lyme,966,123300,0.7834549878345499
E07000195,Newcastle-under-Lyme,187,123300,0.1516626115166261
E07000195,Newcastle-under-Lyme,54,123300,0.043795620437956206
E07000196,South Staffordshire,0,110500,0
E07000196,South Staffordshire,0,110500,0
E07000196,South Staffordshire,0,110500,0
E07000196,South Staffordshire,0,110500,0
E07000196,South Staffordshire,0,110500,0
E07000196,South Staffordshire,0,110500,0
E07000196,South Staffordshire,0,110500,0
E07000196,South Staffordshire,48205,110500,43.62443438914027
E07000196,South Staffordshire,22453,110500,20.31945701357466
E07000196,South Staffordshire,12049,110500,10.904072398190046
E07000196,South Staffordshire,2529,110500,2.2886877828054297
E07000196,South Staffordshire,479,110500,0.4334841628959276
E07000196,South Staffordshire,0,110500,0
E07000196,South Staffordshire,31,110500,0.028054298642533938
E07000196,South Staffordshire,27,110500,0.024434389140271493
E07000196,South Staffordshire,21,110500,0.019004524886877826
E07000196,South Staffordshire,4,110500,0.0036199095022624436
E07000196,South Staffordshire,1,110500,9.049773755656109e-4
E07000196,South Staffordshire,0,110500,0
E07000196,South Staffordshire,12,110500,0.01085972850678733
E07000196,South Staffordshire,13,110500,0.011764705882352941
E07000196,South Staffordshire,11,110500,0.009954751131221719
E07000196,South Staffordshire,1,110500,9.049773755656109e-4
E07000196,South Staffordshire,0,110500,0
E07000196,South Staffordshire,0,110500,0
E07000196,South Staffordshire,18,110500,0.016289592760180997
E07000196,South Staffordshire,9,110500,0.008144796380090498
E07000196,South Staffordshire,9,110500,0.008144796380090498
E07000196,South Staffordshire,1,110500,9.049773755656109e-4
E07000196,South Staffordshire,0,110500,0
E07000196,South Staffordshire,0,110500,0
E07000196,South Staffordshire,10,110500,0.00904977375565611
E07000196,South Staffordshire,13,110500,0.011764705882352941
E07000196,South Staffordshire,5,110500,0.004524886877828055
E07000196,South Staffordshire,1,110500,9.049773755656109e-4
E07000196,South Staffordshire,0,110500,0
E07000196,South Staffordshire,0,110500,0
E07000196,South Staffordshire,1874,110500,1.6959276018099547
E07000196,South Staffordshire,1018,110500,0.9212669683257918
E07000196,South Staffordshire,588,110500,0.5321266968325792
E07000196,South Staffordshire,118,110500,0.10678733031674208
E07000196,South Staffordshire,64,110500,0.0579185520361991
E07000197,Stafford,0,136800,0
E07000197,Stafford,0,136800,0
E07000197,Stafford,0,136800,0
E07000197,Stafford,0,136800,0
E07000197,Stafford,0,136800,0
E07000197,Stafford,0,136800,0
E07000197,Stafford,0,136800,0
E07000197,Stafford,62521,136800,45.70248538011696
E07000197,Stafford,25661,136800,18.758040935672515
E07000197,Stafford,14771,136800,10.79751461988304
E07000197,Stafford,2638,136800,1.9283625730994152
E07000197,Stafford,424,136800,0.30994152046783624
E07000197,Stafford,0,136800,0
E07000197,Stafford,42,136800,0.03070175438596491
E07000197,Stafford,34,136800,0.024853801169590642
E07000197,Stafford,31,136800,0.02266081871345029
E07000197,Stafford,11,136800,0.00804093567251462
E07000197,Stafford,0,136800,0
E07000197,Stafford,0,136800,0
E07000197,Stafford,26,136800,0.019005847953216373
E07000197,Stafford,20,136800,0.014619883040935672
E07000197,Stafford,19,136800,0.013888888888888888
E07000197,Stafford,3,136800,0.0021929824561403508
E07000197,Stafford,1,136800,7.309941520467836e-4
E07000197,Stafford,0,136800,0
E07000197,Stafford,31,136800,0.02266081871345029
E07000197,Stafford,16,136800,0.011695906432748537
E07000197,Stafford,17,136800,0.012426900584795321
E07000197,Stafford,2,136800,0.0014619883040935672
E07000197,Stafford,0,136800,0
E07000197,Stafford,0,136800,0
E07000197,Stafford,50,136800,0.03654970760233918
E07000197,Stafford,30,136800,0.021929824561403508
E07000197,Stafford,15,136800,0.010964912280701754
E07000197,Stafford,3,136800,0.0021929824561403508
E07000197,Stafford,0,136800,0
E07000197,Stafford,0,136800,0
E07000197,Stafford,2745,136800,2.0065789473684212
E07000197,Stafford,1270,136800,0.9283625730994152
E07000197,Stafford,855,136800,0.625
E07000197,Stafford,149,136800,0.10891812865497076
E07000197,Stafford,37,136800,0.027046783625730993
E07000198,Staffordshire Moorlands,0,95800,0
E07000198,Staffordshire Moorlands,0,95800,0
E07000198,Staffordshire Moorlands,0,95800,0
E07000198,Staffordshire Moorlands,0,95800,0
E07000198,Staffordshire Moorlands,0,95800,0
E07000198,Staffordshire Moorlands,0,95800,0
E07000198,Staffordshire Moorlands,0,95800,0
E07000198,Staffordshire Moorlands,42383,95800,44.241127348643005
E07000198,Staffordshire Moorlands,20508,95800,21.407098121085596
E07000198,Staffordshire Moorlands,10555,95800,11.017745302713987
E07000198,Staffordshire Moorlands,2163,95800,2.257828810020877
E07000198,Staffordshire Moorlands,451,95800,0.4707724425887265
E07000198,Staffordshire Moorlands,0,95800,0
E07000198,Staffordshire Moorlands,27,95800,0.028183716075156576
E07000198,Staffordshire Moorlands,23,95800,0.024008350730688934
E07000198,Staffordshire Moorlands,14,95800,0.014613778705636743
E07000198,Staffordshire Moorlands,1,95800,0.0010438413361169101
E07000198,Staffordshire Moorlands,1,95800,0.0010438413361169101
E07000198,Staffordshire Moorlands,0,95800,0
E07000198,Staffordshire Moorlands,20,95800,0.020876826722338204
E07000198,Staffordshire Moorlands,12,95800,0.012526096033402923
E07000198,Staffordshire Moorlands,13,95800,0.013569937369519834
E07000198,Staffordshire Moorlands,2,95800,0.0020876826722338203
E07000198,Staffordshire Moorlands,1,95800,0.0010438413361169101
E07000198,Staffordshire Moorlands,0,95800,0
E07000198,Staffordshire Moorlands,12,95800,0.012526096033402923
E07000198,Staffordshire Moorlands,7,95800,0.007306889352818371
E07000198,Staffordshire Moorlands,8,95800,0.008350730688935281
E07000198,Staffordshire Moorlands,3,95800,0.003131524008350731
E07000198,Staffordshire Moorlands,1,95800,0.0010438413361169101
E07000198,Staffordshire Moorlands,0,95800,0
E07000198,Staffordshire Moorlands,14,95800,0.014613778705636743
E07000198,Staffordshire Moorlands,7,95800,0.007306889352818371
E07000198,Staffordshire Moorlands,12,95800,0.012526096033402923
E07000198,Staffordshire Moorlands,4,95800,0.0041753653444676405
E07000198,Staffordshire Moorlands,0,95800,0
E07000198,Staffordshire Moorlands,0,95800,0
E07000198,Staffordshire Moorlands,2002,95800,2.0897703549060545
E07000198,Staffordshire Moorlands,1049,95800,1.0949895615866387
E07000198,Staffordshire Moorlands,547,95800,0.5709812108559499
E07000198,Staffordshire Moorlands,113,95800,0.11795407098121086
E07000198,Staffordshire Moorlands,33,95800,0.03444676409185804
E07000199,Tamworth,0,78600,0
E07000199,Tamworth,0,78600,0
E07000199,Tamworth,0,78600,0
E07000199,Tamworth,0,78600,0
E07000199,Tamworth,0,78600,0
E07000199,Tamworth,0,78600,0
E07000199,Tamworth,0,78600,0
E07000199,Tamworth,28199,78600,35.8765903307888
E07000199,Tamworth,16704,78600,21.251908396946565
E07000199,Tamworth,12181,78600,15.497455470737913
E07000199,Tamworth,2782,78600,3.539440203562341
E07000199,Tamworth,549,78600,0.6984732824427481
E07000199,Tamworth,0,78600,0
E07000199,Tamworth,21,78600,0.026717557251908396
E07000199,Tamworth,22,78600,0.027989821882951654
E07000199,Tamworth,29,78600,0.03689567430025445
E07000199,Tamworth,13,78600,0.01653944020356234
E07000199,Tamworth,0,78600,0
E07000199,Tamworth,0,78600,0
E07000199,Tamworth,10,78600,0.01272264631043257
E07000199,Tamworth,6,78600,0.007633587786259542
E07000199,Tamworth,12,78600,0.015267175572519083
E07000199,Tamworth,5,78600,0.006361323155216285
E07000199,Tamworth,0,78600,0
E07000199,Tamworth,0,78600,0
E07000199,Tamworth,12,78600,0.015267175572519083
E07000199,Tamworth,7,78600,0.008905852417302799
E07000199,Tamworth,11,78600,0.013994910941475827
E07000199,Tamworth,4,78600,0.005089058524173028
E07000199,Tamworth,3,78600,0.003816793893129771
E07000199,Tamworth,0,78600,0
E07000199,Tamworth,13,78600,0.01653944020356234
E07000199,Tamworth,4,78600,0.005089058524173028
E07000199,Tamworth,9,78600,0.011450381679389313
E07000199,Tamworth,4,78600,0.005089058524173028
E07000199,Tamworth,0,78600,0
E07000199,Tamworth,0,78600,0
E07000199,Tamworth,1243,78600,1.5814249363867685
E07000199,Tamworth,795,78600,1.0114503816793894
E07000199,Tamworth,608,78600,0.7735368956743003
E07000199,Tamworth,173,78600,0.22010178117048346
E07000199,Tamworth,47,78600,0.05979643765903308
E07000200,Babergh,0,92300,0
E07000200,Babergh,0,92300,0
E07000200,Babergh,0,92300,0
E07000200,Babergh,0,92300,0
E07000200,Babergh,0,92300,0
E07000200,Babergh,0,92300,0
E07000200,Babergh,0,92300,0
E07000200,Babergh,40763,92300,44.16359696641387
E07000200,Babergh,18010,92300,19.512459371614302
E07000200,Babergh,11118,92300,12.045503791982664
E07000200,Babergh,2226,92300,2.411700975081257
E07000200,Babergh,417,92300,0.4517876489707476
E07000200,Babergh,0,92300,0
E07000200,Babergh,23,92300,0.024918743228602384
E07000200,Babergh,17,92300,0.018418201516793065
E07000200,Babergh,20,92300,0.021668472372697724
E07000200,Babergh,1,92300,0.0010834236186348862
E07000200,Babergh,3,92300,0.0032502708559046588
E07000200,Babergh,0,92300,0
E07000200,Babergh,18,92300,0.01950162513542795
E07000200,Babergh,10,92300,0.010834236186348862
E07000200,Babergh,4,92300,0.004333694474539545
E07000200,Babergh,0,92300,0
E07000200,Babergh,0,92300,0
E07000200,Babergh,0,92300,0
E07000200,Babergh,19,92300,0.020585048754062838
E07000200,Babergh,15,92300,0.016251354279523293
E07000200,Babergh,12,92300,0.013001083423618635
E07000200,Babergh,4,92300,0.004333694474539545
E07000200,Babergh,0,92300,0
E07000200,Babergh,0,92300,0
E07000200,Babergh,17,92300,0.018418201516793065
E07000200,Babergh,15,92300,0.016251354279523293
E07000200,Babergh,17,92300,0.018418201516793065
E07000200,Babergh,2,92300,0.0021668472372697724
E07000200,Babergh,0,92300,0
E07000200,Babergh,0,92300,0
E07000200,Babergh,1967,92300,2.131094257854821
E07000200,Babergh,996,92300,1.0790899241603467
E07000200,Babergh,600,92300,0.6500541711809318
E07000200,Babergh,107,92300,0.11592632719393282
E07000200,Babergh,20,92300,0.021668472372697724
E07000202,Ipswich,0,139700,0
E07000202,Ipswich,0,139700,0
E07000202,Ipswich,0,139700,0
E07000202,Ipswich,0,139700,0
E07000202,Ipswich,0,139700,0
E07000202,Ipswich,0,139700,0
E07000202,Ipswich,0,139700,0
E07000202,Ipswich,47676,139700,34.12741589119542
E07000202,Ipswich,25511,139700,18.261274158911956
E07000202,Ipswich,21836,139700,15.630637079455978
E07000202,Ipswich,6060,139700,4.337866857551897
E07000202,Ipswich,1661,139700,1.188976377952756
E07000202,Ipswich,0,139700,0
E07000202,Ipswich,91,139700,0.06513958482462419
E07000202,Ipswich,87,139700,0.06227630637079456
E07000202,Ipswich,160,139700,0.1145311381531854
E07000202,Ipswich,59,139700,0.04223335719398712
E07000202,Ipswich,24,139700,0.01717967072297781
E07000202,Ipswich,0,139700,0
E07000202,Ipswich,35,139700,0.025053686471009307
E07000202,Ipswich,31,139700,0.02219040801717967
E07000202,Ipswich,44,139700,0.031496062992125984
E07000202,Ipswich,22,139700,0.015748031496062992
E07000202,Ipswich,7,139700,0.005010737294201861
E07000202,Ipswich,0,139700,0
E07000202,Ipswich,37,139700,0.026485325697924122
E07000202,Ipswich,33,139700,0.023622047244094488
E07000202,Ipswich,52,139700,0.03722261989978525
E07000202,Ipswich,19,139700,0.013600572655690766
E07000202,Ipswich,10,139700,0.0071581961345740875
E07000202,Ipswich,0,139700,0
E07000202,Ipswich,40,139700,0.02863278453829635
E07000202,Ipswich,31,139700,0.02219040801717967
E07000202,Ipswich,41,139700,0.02934860415175376
E07000202,Ipswich,5,139700,0.0035790980672870437
E07000202,Ipswich,10,139700,0.0071581961345740875
E07000202,Ipswich,0,139700,0
E07000202,Ipswich,2596,139700,1.858267716535433
E07000202,Ipswich,1562,139700,1.1181102362204725
E07000202,Ipswich,1746,139700,1.2498210450966356
E07000202,Ipswich,524,139700,0.3750894774516822
E07000202,Ipswich,207,139700,0.1481746599856836
E07000203,Mid Suffolk,0,102700,0
E07000203,Mid Suffolk,0,102700,0
E07000203,Mid Suffolk,0,102700,0
E07000203,Mid Suffolk,0,102700,0
E07000203,Mid Suffolk,0,102700,0
E07000203,Mid Suffolk,0,102700,0
E07000203,Mid Suffolk,0,102700,0
E07000203,Mid Suffolk,46749,102700,45.51996105160662
E07000203,Mid Suffolk,20076,102700,19.54819863680623
E07000203,Mid Suffolk,11473,102700,11.171372930866601
E07000203,Mid Suffolk,2385,102700,2.3222979552093475
E07000203,Mid Suffolk,454,102700,0.44206426484907496
E07000203,Mid Suffolk,0,102700,0
E07000203,Mid Suffolk,25,102700,0.024342745861733205
E07000203,Mid Suffolk,20,102700,0.019474196689386564
E07000203,Mid Suffolk,13,102700,0.012658227848101266
E07000203,Mid Suffolk,0,102700,0
E07000203,Mid Suffolk,1,102700,9.737098344693282e-4
E07000203,Mid Suffolk,0,102700,0
E07000203,Mid Suffolk,14,102700,0.013631937682570594
E07000203,Mid Suffolk,11,102700,0.010710808179162609
E07000203,Mid Suffolk,9,102700,0.008763388510223954
E07000203,Mid Suffolk,3,102700,0.0029211295034079843
E07000203,Mid Suffolk,0,102700,0
E07000203,Mid Suffolk,0,102700,0
E07000203,Mid Suffolk,13,102700,0.012658227848101266
E07000203,Mid Suffolk,7,102700,0.006815968841285297
E07000203,Mid Suffolk,11,102700,0.010710808179162609
E07000203,Mid Suffolk,1,102700,9.737098344693282e-4
E07000203,Mid Suffolk,1,102700,9.737098344693282e-4
E07000203,Mid Suffolk,0,102700,0
E07000203,Mid Suffolk,21,102700,0.02044790652385589
E07000203,Mid Suffolk,18,102700,0.017526777020447908
E07000203,Mid Suffolk,11,102700,0.010710808179162609
E07000203,Mid Suffolk,2,102700,0.0019474196689386564
E07000203,Mid Suffolk,2,102700,0.0019474196689386564
E07000203,Mid Suffolk,0,102700,0
E07000203,Mid Suffolk,2017,102700,1.9639727361246349
E07000203,Mid Suffolk,1035,102700,1.0077896786757545
E07000203,Mid Suffolk,573,102700,0.557935735150925
E07000203,Mid Suffolk,122,102700,0.11879259980525804
E07000203,Mid Suffolk,48,102700,0.04673807205452775
E07000207,Elmbridge,0,138800,0
E07000207,Elmbridge,0,138800,0
E07000207,Elmbridge,0,138800,0
E07000207,Elmbridge,0,138800,0
E07000207,Elmbridge,0,138800,0
E07000207,Elmbridge,0,138800,0
E07000207,Elmbridge,0,138800,0
E07000207,Elmbridge,59166,138800,42.626801152737755
E07000207,Elmbridge,21114,138800,15.211815561959654
E07000207,Elmbridge,16523,138800,11.904178674351584
E07000207,Elmbridge,4157,138800,2.994956772334294
E07000207,Elmbridge,813,138800,0.5857348703170029
E07000207,Elmbridge,0,138800,0
E07000207,Elmbridge,41,138800,0.029538904899135448
E07000207,Elmbridge,31,138800,0.0223342939481268
E07000207,Elmbridge,47,138800,0.03386167146974063
E07000207,Elmbridge,22,138800,0.01585014409221902
E07000207,Elmbridge,1,138800,7.204610951008645e-4
E07000207,Elmbridge,0,138800,0
E07000207,Elmbridge,37,138800,0.026657060518731988
E07000207,Elmbridge,16,138800,0.011527377521613832
E07000207,Elmbridge,20,138800,0.01440922190201729
E07000207,Elmbridge,6,138800,0.004322766570605188
E07000207,Elmbridge,2,138800,0.001440922190201729
E07000207,Elmbridge,0,138800,0
E07000207,Elmbridge,25,138800,0.018011527377521614
E07000207,Elmbridge,12,138800,0.008645533141210375
E07000207,Elmbridge,16,138800,0.011527377521613832
E07000207,Elmbridge,4,138800,0.002881844380403458
E07000207,Elmbridge,1,138800,7.204610951008645e-4
E07000207,Elmbridge,0,138800,0
E07000207,Elmbridge,26,138800,0.018731988472622477
E07000207,Elmbridge,17,138800,0.012247838616714697
E07000207,Elmbridge,16,138800,0.011527377521613832
E07000207,Elmbridge,4,138800,0.002881844380403458
E07000207,Elmbridge,0,138800,0
E07000207,Elmbridge,0,138800,0
E07000207,Elmbridge,2676,138800,1.9279538904899136
E07000207,Elmbridge,1136,138800,0.8184438040345822
E07000207,Elmbridge,1096,138800,0.7896253602305475
E07000207,Elmbridge,316,138800,0.2276657060518732
E07000207,Elmbridge,43,138800,0.030979827089337175
E07000208,Epsom and Ewell,0,80900,0
E07000208,Epsom and Ewell,0,80900,0
E07000208,Epsom and Ewell,0,80900,0
E07000208,Epsom and Ewell,0,80900,0
E07000208,Epsom and Ewell,0,80900,0
E07000208,Epsom and Ewell,0,80900,0
E07000208,Epsom and Ewell,0,80900,0
E07000208,Epsom and Ewell,30540,80900,37.750309023485784
E07000208,Epsom and Ewell,14209,80900,17.563658838071692
E07000208,Epsom and Ewell,11444,80900,14.145859085290482
E07000208,Epsom and Ewell,3175,80900,3.9245982694684796
E07000208,Epsom and Ewell,1021,80900,1.2620519159456118
E07000208,Epsom and Ewell,0,80900,0
E07000208,Epsom and Ewell,17,80900,0.021013597033374538
E07000208,Epsom and Ewell,23,80900,0.02843016069221261
E07000208,Epsom and Ewell,17,80900,0.021013597033374538
E07000208,Epsom and Ewell,17,80900,0.021013597033374538
E07000208,Epsom and Ewell,8,80900,0.009888751545117428
E07000208,Epsom and Ewell,0,80900,0
E07000208,Epsom and Ewell,19,80900,0.023485784919653894
E07000208,Epsom and Ewell,8,80900,0.009888751545117428
E07000208,Epsom and Ewell,19,80900,0.023485784919653894
E07000208,Epsom and Ewell,7,80900,0.00865265760197775
E07000208,Epsom and Ewell,4,80900,0.004944375772558714
E07000208,Epsom and Ewell,0,80900,0
E07000208,Epsom and Ewell,29,80900,0.03584672435105068
E07000208,Epsom and Ewell,9,80900,0.011124845488257108
E07000208,Epsom and Ewell,14,80900,0.0173053152039555
E07000208,Epsom and Ewell,5,80900,0.006180469715698393
E07000208,Epsom and Ewell,0,80900,0
E07000208,Epsom and Ewell,0,80900,0
E07000208,Epsom and Ewell,7,80900,0.00865265760197775
E07000208,Epsom and Ewell,8,80900,0.009888751545117428
E07000208,Epsom and Ewell,11,80900,0.013597033374536464
E07000208,Epsom and Ewell,3,80900,0.003708281829419036
E07000208,Epsom and Ewell,0,80900,0
E07000208,Epsom and Ewell,0,80900,0
E07000208,Epsom and Ewell,1447,80900,1.788627935723115
E07000208,Epsom and Ewell,730,80900,0.9023485784919654
E07000208,Epsom and Ewell,632,80900,0.7812113720642769
E07000208,Epsom and Ewell,255,80900,0.315203955500618
E07000208,Epsom and Ewell,153,80900,0.18912237330037082
E07000209,Guildford,0,143600,0
E07000209,Guildford,0,143600,0
E07000209,Guildford,0,143600,0
E07000209,Guildford,0,143600,0
E07000209,Guildford,0,143600,0
E07000209,Guildford,0,143600,0
E07000209,Guildford,0,143600,0
E07000209,Guildford,53463,143600,37.23050139275766
E07000209,Guildford,23354,143600,16.26323119777159
E07000209,Guildford,20745,143600,14.446378830083566
E07000209,Guildford,6465,143600,4.502089136490251
E07000209,Guildford,1067,143600,0.7430362116991643
E07000209,Guildford,0,143600,0
E07000209,Guildford,46,143600,0.03203342618384401
E07000209,Guildford,41,143600,0.028551532033426183
E07000209,Guildford,40,143600,0.027855153203342618
E07000209,Guildford,27,143600,0.018802228412256268
E07000209,Guildford,10,143600,0.006963788300835654
E07000209,Guildford,0,143600,0
E07000209,Guildford,30,143600,0.020891364902506964
E07000209,Guildford,22,143600,0.01532033426183844
E07000209,Guildford,32,143600,0.022284122562674095
E07000209,Guildford,7,143600,0.004874651810584958
E07000209,Guildford,0,143600,0
E07000209,Guildford,0,143600,0
E07000209,Guildford,19,143600,0.013231197771587743
E07000209,Guildford,22,143600,0.01532033426183844
E07000209,Guildford,20,143600,0.013927576601671309
E07000209,Guildford,8,143600,0.005571030640668524
E07000209,Guildford,3,143600,0.0020891364902506965
E07000209,Guildford,0,143600,0
E07000209,Guildford,32,143600,0.022284122562674095
E07000209,Guildford,36,143600,0.025069637883008356
E07000209,Guildford,45,143600,0.031337047353760444
E07000209,Guildford,17,143600,0.011838440111420613
E07000209,Guildford,1,143600,6.963788300835655e-4
E07000209,Guildford,0,143600,0
E07000209,Guildford,2445,143600,1.7026462395543176
E07000209,Guildford,1214,143600,0.8454038997214485
E07000209,Guildford,1268,143600,0.883008356545961
E07000209,Guildford,462,143600,0.32172701949860727
E07000209,Guildford,121,143600,0.08426183844011143
E07000210,Mole Valley,0,87400,0
E07000210,Mole Valley,0,87400,0
E07000210,Mole Valley,0,87400,0
E07000210,Mole Valley,0,87400,0
E07000210,Mole Valley,0,87400,0
E07000210,Mole Valley,0,87400,0
E07000210,Mole Valley,0,87400,0
E07000210,Mole Valley,37317,87400,42.69679633867277
E07000210,Mole Valley,14875,87400,17.019450800915333
E07000210,Mole Valley,11726,87400,13.416475972540045
E07000210,Mole Valley,3278,87400,3.7505720823798625
E07000210,Mole Valley,536,87400,0.6132723112128147
E07000210,Mole Valley,0,87400,0
E07000210,Mole Valley,20,87400,0.02288329519450801
E07000210,Mole Valley,14,87400,0.016018306636155607
E07000210,Mole Valley,27,87400,0.030892448512585814
E07000210,Mole Valley,12,87400,0.013729977116704805
E07000210,Mole Valley,1,87400,0.0011441647597254005
E07000210,Mole Valley,0,87400,0
E07000210,Mole Valley,20,87400,0.02288329519450801
E07000210,Mole Valley,12,87400,0.013729977116704805
E07000210,Mole Valley,16,87400,0.018306636155606407
E07000210,Mole Valley,5,87400,0.005720823798627002
E07000210,Mole Valley,0,87400,0
E07000210,Mole Valley,0,87400,0
E07000210,Mole Valley,17,87400,0.019450800915331808
E07000210,Mole Valley,11,87400,0.012585812356979404
E07000210,Mole Valley,9,87400,0.010297482837528604
E07000210,Mole Valley,7,87400,0.008009153318077803
E07000210,Mole Valley,1,87400,0.0011441647597254005
E07000210,Mole Valley,0,87400,0
E07000210,Mole Valley,20,87400,0.02288329519450801
E07000210,Mole Valley,13,87400,0.014874141876430207
E07000210,Mole Valley,11,87400,0.012585812356979404
E07000210,Mole Valley,6,87400,0.006864988558352402
E07000210,Mole Valley,0,87400,0
E07000210,Mole Valley,0,87400,0
E07000210,Mole Valley,1627,87400,1.8615560640732265
E07000210,Mole Valley,707,87400,0.8089244851258581
E07000210,Mole Valley,655,87400,0.7494279176201373
E07000210,Mole Valley,196,87400,0.2242562929061785
E07000210,Mole Valley,54,87400,0.06178489702517163
E07000211,Reigate and Banstead,0,150900,0
E07000211,Reigate and Banstead,0,150900,0
E07000211,Reigate and Banstead,0,150900,0
E07000211,Reigate and Banstead,0,150900,0
E07000211,Reigate and Banstead,0,150900,0
E07000211,Reigate and Banstead,0,150900,0
E07000211,Reigate and Banstead,0,150900,0
E07000211,Reigate and Banstead,55567,150900,36.823724320742215
E07000211,Reigate and Banstead,26930,150900,17.84625579854208
E07000211,Reigate and Banstead,21166,150900,14.02650762094102
E07000211,Reigate and Banstead,6134,150900,4.0649436713055005
E07000211,Reigate and Banstead,1246,150900,0.8257123923127899
E07000211,Reigate and Banstead,0,150900,0
E07000211,Reigate and Banstead,30,150900,0.019880715705765408
E07000211,Reigate and Banstead,41,150900,0.027170311464546057
E07000211,Reigate and Banstead,51,150900,0.033797216699801194
E07000211,Reigate and Banstead,24,150900,0.015904572564612324
E07000211,Reigate and Banstead,8,150900,0.005301524188204109
E07000211,Reigate and Banstead,0,150900,0
E07000211,Reigate and Banstead,34,150900,0.02253147779986746
E07000211,Reigate and Banstead,16,150900,0.010603048376408217
E07000211,Reigate and Banstead,29,150900,0.019218025182239893
E07000211,Reigate and Banstead,20,150900,0.013253810470510271
E07000211,Reigate and Banstead,1,150900,6.626905235255136e-4
E07000211,Reigate and Banstead,0,150900,0
E07000211,Reigate and Banstead,28,150900,0.01855533465871438
E07000211,Reigate and Banstead,20,150900,0.013253810470510271
E07000211,Reigate and Banstead,21,150900,0.013916500994035786
E07000211,Reigate and Banstead,13,150900,0.008614976805831677
E07000211,Reigate and Banstead,1,150900,6.626905235255136e-4
E07000211,Reigate and Banstead,0,150900,0
E07000211,Reigate and Banstead,17,150900,0.01126573889993373
E07000211,Reigate and Banstead,24,150900,0.015904572564612324
E07000211,Reigate and Banstead,18,150900,0.011928429423459244
E07000211,Reigate and Banstead,4,150900,0.0026507620941020544
E07000211,Reigate and Banstead,4,150900,0.0026507620941020544
E07000211,Reigate and Banstead,0,150900,0
E07000211,Reigate and Banstead,2533,150900,1.678595096090126
E07000211,Reigate and Banstead,1310,150900,0.8681245858184228
E07000211,Reigate and Banstead,1254,150900,0.831013916500994
E07000211,Reigate and Banstead,440,150900,0.291583830351226
E07000211,Reigate and Banstead,120,150900,0.07952286282306163
E07000212,Runnymede,0,88100,0
E07000212,Runnymede,0,88100,0
E07000212,Runnymede,0,88100,0
E07000212,Runnymede,0,88100,0
E07000212,Runnymede,0,88100,0
E07000212,Runnymede,0,88100,0
E07000212,Runnymede,0,88100,0
E07000212,Runnymede,29005,88100,32.9228149829739
E07000212,Runnymede,15636,88100,17.748013620885356
E07000212,Runnymede,14879,88100,16.888762769580023
E07000212,Runnymede,4498,88100,5.105561861520999
E07000212,Runnymede,877,88100,0.9954597048808173
E07000212,Runnymede,0,88100,0
E07000212,Runnymede,19,88100,0.021566401816118047
E07000212,Runnymede,26,88100,0.029511918274687854
E07000212,Runnymede,51,88100,0.05788876276958002
E07000212,Runnymede,14,88100,0.015891032917139614
E07000212,Runnymede,6,88100,0.00681044267877412
E07000212,Runnymede,0,88100,0
E07000212,Runnymede,11,88100,0.012485811577752554
E07000212,Runnymede,8,88100,0.009080590238365494
E07000212,Runnymede,8,88100,0.009080590238365494
E07000212,Runnymede,18,88100,0.02043132803632236
E07000212,Runnymede,3,88100,0.00340522133938706
E07000212,Runnymede,0,88100,0
E07000212,Runnymede,10,88100,0.011350737797956867
E07000212,Runnymede,18,88100,0.02043132803632236
E07000212,Runnymede,25,88100,0.028376844494892167
E07000212,Runnymede,13,88100,0.014755959137343927
E07000212,Runnymede,1,88100,0.0011350737797956867
E07000212,Runnymede,0,88100,0
E07000212,Runnymede,14,88100,0.015891032917139614
E07000212,Runnymede,16,88100,0.018161180476730987
E07000212,Runnymede,24,88100,0.02724177071509648
E07000212,Runnymede,20,88100,0.022701475595913734
E07000212,Runnymede,1,88100,0.0011350737797956867
E07000212,Runnymede,0,88100,0
E07000212,Runnymede,1475,88100,1.674233825198638
E07000212,Runnymede,910,88100,1.0329171396140748
E07000212,Runnymede,918,88100,1.0419977298524403
E07000212,Runnymede,315,88100,0.35754824063564133
E07000212,Runnymede,88,88100,0.09988649262202043
E07000213,Spelthorne,0,103000,0
E07000213,Spelthorne,0,103000,0
E07000213,Spelthorne,0,103000,0
E07000213,Spelthorne,0,103000,0
E07000213,Spelthorne,0,103000,0
E07000213,Spelthorne,0,103000,0
E07000213,Spelthorne,0,103000,0
E07000213,Spelthorne,31787,103000,30.86116504854369
E07000213,Spelthorne,20129,103000,19.542718446601942
E07000213,Spelthorne,18625,103000,18.08252427184466
E07000213,Spelthorne,5720,103000,5.553398058252427
E07000213,Spelthorne,1461,103000,1.4184466019417477
E07000213,Spelthorne,0,103000,0
E07000213,Spelthorne,32,103000,0.031067961165048542
E07000213,Spelthorne,32,103000,0.031067961165048542
E07000213,Spelthorne,55,103000,0.05339805825242718
E07000213,Spelthorne,28,103000,0.027184466019417475
E07000213,Spelthorne,5,103000,0.0048543689320388345
E07000213,Spelthorne,0,103000,0
E07000213,Spelthorne,23,103000,0.02233009708737864
E07000213,Spelthorne,13,103000,0.01262135922330097
E07000213,Spelthorne,28,103000,0.027184466019417475
E07000213,Spelthorne,9,103000,0.008737864077669903
E07000213,Spelthorne,1,103000,9.70873786407767e-4
E07000213,Spelthorne,0,103000,0
E07000213,Spelthorne,21,103000,0.020388349514563107
E07000213,Spelthorne,19,103000,0.018446601941747572
E07000213,Spelthorne,24,103000,0.02330097087378641
E07000213,Spelthorne,6,103000,0.005825242718446602
E07000213,Spelthorne,6,103000,0.005825242718446602
E07000213,Spelthorne,0,103000,0
E07000213,Spelthorne,5,103000,0.0048543689320388345
E07000213,Spelthorne,9,103000,0.008737864077669903
E07000213,Spelthorne,13,103000,0.01262135922330097
E07000213,Spelthorne,3,103000,0.002912621359223301
E07000213,Spelthorne,0,103000,0
E07000213,Spelthorne,0,103000,0
E07000213,Spelthorne,1670,103000,1.6213592233009708
E07000213,Spelthorne,1113,103000,1.0805825242718448
E07000213,Spelthorne,1183,103000,1.1485436893203884
E07000213,Spelthorne,453,103000,0.43980582524271844
E07000213,Spelthorne,119,103000,0.11553398058252427
E07000214,Surrey Heath,0,90500,0
E07000214,Surrey Heath,0,90500,0
E07000214,Surrey Heath,0,90500,0
E07000214,Surrey Heath,0,90500,0
E07000214,Surrey Heath,0,90500,0
E07000214,Surrey Heath,0,90500,0
E07000214,Surrey Heath,0,90500,0
E07000214,Surrey Heath,40738,90500,45.014364640883976
E07000214,Surrey Heath,13827,90500,15.278453038674034
E07000214,Surrey Heath,11125,90500,12.292817679558011
E07000214,Surrey Heath,2653,90500,2.9314917127071825
E07000214,Surrey Heath,629,90500,0.6950276243093922
E07000214,Surrey Heath,0,90500,0
E07000214,Surrey Heath,36,90500,0.039779005524861875
E07000214,Surrey Heath,17,90500,0.01878453038674033
E07000214,Surrey Heath,35,90500,0.03867403314917127
E07000214,Surrey Heath,12,90500,0.013259668508287293
E07000214,Surrey Heath,6,90500,0.0066298342541436465
E07000214,Surrey Heath,0,90500,0
E07000214,Surrey Heath,14,90500,0.015469613259668509
E07000214,Surrey Heath,11,90500,0.012154696132596685
E07000214,Surrey Heath,11,90500,0.012154696132596685
E07000214,Surrey Heath,6,90500,0.0066298342541436465
E07000214,Surrey Heath,0,90500,0
E07000214,Surrey Heath,0,90500,0
E07000214,Surrey Heath,13,90500,0.014364640883977901
E07000214,Surrey Heath,14,90500,0.015469613259668509
E07000214,Surrey Heath,17,90500,0.01878453038674033
E07000214,Surrey Heath,8,90500,0.008839779005524863
E07000214,Surrey Heath,1,90500,0.0011049723756906078
E07000214,Surrey Heath,0,90500,0
E07000214,Surrey Heath,22,90500,0.02430939226519337
E07000214,Surrey Heath,11,90500,0.012154696132596685
E07000214,Surrey Heath,11,90500,0.012154696132596685
E07000214,Surrey Heath,2,90500,0.0022099447513812156
E07000214,Surrey Heath,4,90500,0.004419889502762431
E07000214,Surrey Heath,0,90500,0
E07000214,Surrey Heath,1655,90500,1.828729281767956
E07000214,Surrey Heath,639,90500,0.7060773480662983
E07000214,Surrey Heath,573,90500,0.6331491712707182
E07000214,Surrey Heath,212,90500,0.23425414364640884
E07000214,Surrey Heath,53,90500,0.05856353591160221
E07000215,Tandridge,0,87900,0
E07000215,Tandridge,0,87900,0
E07000215,Tandridge,0,87900,0
E07000215,Tandridge,0,87900,0
E07000215,Tandridge,0,87900,0
E07000215,Tandridge,0,87900,0
E07000215,Tandridge,0,87900,0
E07000215,Tandridge,35828,87900,40.75995449374289
E07000215,Tandridge,14913,87900,16.965870307167236
E07000215,Tandridge,11626,87900,13.226393629124004
E07000215,Tandridge,3053,87900,3.4732650739476676
E07000215,Tandridge,696,87900,0.7918088737201365
E07000215,Tandridge,0,87900,0
E07000215,Tandridge,21,87900,0.023890784982935155
E07000215,Tandridge,12,87900,0.013651877133105802
E07000215,Tandridge,27,87900,0.030716723549488054
E07000215,Tandridge,6,87900,0.006825938566552901
E07000215,Tandridge,1,87900,0.0011376564277588168
E07000215,Tandridge,0,87900,0
E07000215,Tandridge,10,87900,0.011376564277588168
E07000215,Tandridge,4,87900,0.004550625711035267
E07000215,Tandridge,18,87900,0.020477815699658702
E07000215,Tandridge,2,87900,0.0022753128555176336
E07000215,Tandridge,0,87900,0
E07000215,Tandridge,0,87900,0
E07000215,Tandridge,9,87900,0.010238907849829351
E07000215,Tandridge,17,87900,0.019340159271899887
E07000215,Tandridge,8,87900,0.009101251422070534
E07000215,Tandridge,4,87900,0.004550625711035267
E07000215,Tandridge,2,87900,0.0022753128555176336
E07000215,Tandridge,0,87900,0
E07000215,Tandridge,28,87900,0.03185437997724687
E07000215,Tandridge,8,87900,0.009101251422070534
E07000215,Tandridge,9,87900,0.010238907849829351
E07000215,Tandridge,4,87900,0.004550625711035267
E07000215,Tandridge,0,87900,0
E07000215,Tandridge,0,87900,0
E07000215,Tandridge,1548,87900,1.7610921501706485
E07000215,Tandridge,710,87900,0.8077360637087599
E07000215,Tandridge,662,87900,0.7531285551763367
E07000215,Tandridge,189,87900,0.2150170648464164
E07000215,Tandridge,53,87900,0.06029579067121729
E07000216,Waverley,0,128200,0
E07000216,Waverley,0,128200,0
E07000216,Waverley,0,128200,0
E07000216,Waverley,0,128200,0
E07000216,Waverley,0,128200,0
E07000216,Waverley,0,128200,0
E07000216,Waverley,0,128200,0
E07000216,Waverley,55369,128200,43.18954758190328
E07000216,Waverley,20552,128200,16.03120124804992
E07000216,Waverley,15799,128200,12.32371294851794
E07000216,Waverley,3245,128200,2.531201248049922
E07000216,Waverley,694,128200,0.5413416536661466
E07000216,Waverley,0,128200,0
E07000216,Waverley,37,128200,0.028861154446177848
E07000216,Waverley,20,128200,0.015600624024960999
E07000216,Waverley,32,128200,0.0249609984399376
E07000216,Waverley,14,128200,0.0109204368174727
E07000216,Waverley,5,128200,0.0039001560062402497
E07000216,Waverley,0,128200,0
E07000216,Waverley,15,128200,0.01170046801872075
E07000216,Waverley,19,128200,0.014820592823712949
E07000216,Waverley,24,128200,0.0187207488299532
E07000216,Waverley,3,128200,0.00234009360374415
E07000216,Waverley,2,128200,0.0015600624024961
E07000216,Waverley,0,128200,0
E07000216,Waverley,24,128200,0.0187207488299532
E07000216,Waverley,18,128200,0.014040561622464899
E07000216,Waverley,24,128200,0.0187207488299532
E07000216,Waverley,2,128200,0.0015600624024961
E07000216,Waverley,3,128200,0.00234009360374415
E07000216,Waverley,0,128200,0
E07000216,Waverley,26,128200,0.0202808112324493
E07000216,Waverley,26,128200,0.0202808112324493
E07000216,Waverley,43,128200,0.033541341653666144
E07000216,Waverley,8,128200,0.0062402496099844
E07000216,Waverley,1,128200,7.8003120124805e-4
E07000216,Waverley,0,128200,0
E07000216,Waverley,2207,128200,1.7215288611544461
E07000216,Waverley,991,128200,0.7730109204368175
E07000216,Waverley,957,128200,0.7464898595943837
E07000216,Waverley,262,128200,0.20436817472698907
E07000216,Waverley,64,128200,0.0499219968798752
E07000217,Woking,0,103900,0
E07000217,Woking,0,103900,0
E07000217,Woking,0,103900,0
E07000217,Woking,0,103900,0
E07000217,Woking,0,103900,0
E07000217,Woking,0,103900,0
E07000217,Woking,0,103900,0
E07000217,Woking,37137,103900,35.74302213666987
E07000217,Woking,17248,103900,16.60057747834456
E07000217,Woking,16441,103900,15.823869104908566
E07000217,Woking,5204,103900,5.008662175168431
E07000217,Woking,1662,103900,1.5996150144369585
E07000217,Woking,0,103900,0
E07000217,Woking,25,103900,0.02406159769008662
E07000217,Woking,27,103900,0.02598652550529355
E07000217,Woking,59,103900,0.05678537054860443
E07000217,Woking,31,103900,0.029836381135707413
E07000217,Woking,20,103900,0.019249278152069296
E07000217,Woking,0,103900,0
E07000217,Woking,22,103900,0.021174205967276226
E07000217,Woking,26,103900,0.025024061597690085
E07000217,Woking,18,103900,0.017324350336862367
E07000217,Woking,7,103900,0.006737247353224254
E07000217,Woking,14,103900,0.013474494706448507
E07000217,Woking,0,103900,0
E07000217,Woking,27,103900,0.02598652550529355
E07000217,Woking,13,103900,0.012512030798845043
E07000217,Woking,17,103900,0.016361886429258902
E07000217,Woking,9,103900,0.008662175168431183
E07000217,Woking,7,103900,0.006737247353224254
E07000217,Woking,0,103900,0
E07000217,Woking,16,103900,0.015399422521655439
E07000217,Woking,18,103900,0.017324350336862367
E07000217,Woking,17,103900,0.016361886429258902
E07000217,Woking,9,103900,0.008662175168431183
E07000217,Woking,0,103900,0
E07000217,Woking,0,103900,0
E07000217,Woking,1601,103900,1.5409047160731473
E07000217,Woking,954,103900,0.9181905678537055
E07000217,Woking,1050,103900,1.0105871029836382
E07000217,Woking,401,103900,0.3859480269489894
E07000217,Woking,199,103900,0.1915303176130895
E07000218,North Warwickshire,0,65000,0
E07000218,North Warwickshire,0,65000,0
E07000218,North Warwickshire,0,65000,0
E07000218,North Warwickshire,0,65000,0
E07000218,North Warwickshire,0,65000,0
E07000218,North Warwickshire,0,65000,0
E07000218,North Warwickshire,0,65000,0
E07000218,North Warwickshire,24931,65000,38.355384615384615
E07000218,North Warwickshire,14418,65000,22.181538461538462
E07000218,North Warwickshire,9018,65000,13.873846153846154
E07000218,North Warwickshire,2047,65000,3.149230769230769
E07000218,North Warwickshire,376,65000,0.5784615384615385
E07000218,North Warwickshire,0,65000,0
E07000218,North Warwickshire,22,65000,0.033846153846153845
E07000218,North Warwickshire,15,65000,0.023076923076923078
E07000218,North Warwickshire,10,65000,0.015384615384615385
E07000218,North Warwickshire,3,65000,0.004615384615384616
E07000218,North Warwickshire,0,65000,0
E07000218,North Warwickshire,0,65000,0
E07000218,North Warwickshire,6,65000,0.009230769230769232
E07000218,North Warwickshire,15,65000,0.023076923076923078
E07000218,North Warwickshire,6,65000,0.009230769230769232
E07000218,North Warwickshire,3,65000,0.004615384615384616
E07000218,North Warwickshire,0,65000,0
E07000218,North Warwickshire,0,65000,0
E07000218,North Warwickshire,8,65000,0.012307692307692308
E07000218,North Warwickshire,10,65000,0.015384615384615385
E07000218,North Warwickshire,13,65000,0.02
E07000218,North Warwickshire,4,65000,0.006153846153846154
E07000218,North Warwickshire,1,65000,0.0015384615384615385
E07000218,North Warwickshire,0,65000,0
E07000218,North Warwickshire,11,65000,0.016923076923076923
E07000218,North Warwickshire,7,65000,0.010769230769230769
E07000218,North Warwickshire,7,65000,0.010769230769230769
E07000218,North Warwickshire,4,65000,0.006153846153846154
E07000218,North Warwickshire,0,65000,0
E07000218,North Warwickshire,0,65000,0
E07000218,North Warwickshire,1117,65000,1.7184615384615385
E07000218,North Warwickshire,647,65000,0.9953846153846154
E07000218,North Warwickshire,440,65000,0.676923076923077
E07000218,North Warwickshire,97,65000,0.14923076923076922
E07000218,North Warwickshire,12,65000,0.018461538461538463
E07000219,Nuneaton and Bedworth,0,134200,0
E07000219,Nuneaton and Bedworth,0,134200,0
E07000219,Nuneaton and Bedworth,0,134200,0
E07000219,Nuneaton and Bedworth,0,134200,0
E07000219,Nuneaton and Bedworth,0,134200,0
E07000219,Nuneaton and Bedworth,0,134200,0
E07000219,Nuneaton and Bedworth,0,134200,0
E07000219,Nuneaton and Bedworth,46472,134200,34.62891207153502
E07000219,Nuneaton and Bedworth,29251,134200,21.796572280178836
E07000219,Nuneaton and Bedworth,19690,134200,14.672131147540984
E07000219,Nuneaton and Bedworth,5055,134200,3.7667660208643814
E07000219,Nuneaton and Bedworth,1419,134200,1.0573770491803278
E07000219,Nuneaton and Bedworth,0,134200,0
E07000219,Nuneaton and Bedworth,64,134200,0.04769001490312966
E07000219,Nuneaton and Bedworth,58,134200,0.043219076005961254
E07000219,Nuneaton and Bedworth,49,134200,0.03651266766020864
E07000219,Nuneaton and Bedworth,14,134200,0.010432190760059613
E07000219,Nuneaton and Bedworth,3,134200,0.0022354694485842027
E07000219,Nuneaton and Bedworth,0,134200,0
E07000219,Nuneaton and Bedworth,30,134200,0.022354694485842028
E07000219,Nuneaton and Bedworth,21,134200,0.01564828614008942
E07000219,Nuneaton and Bedworth,20,134200,0.014903129657228018
E07000219,Nuneaton and Bedworth,4,134200,0.0029806259314456036
E07000219,Nuneaton and Bedworth,4,134200,0.0029806259314456036
E07000219,Nuneaton and Bedworth,0,134200,0
E07000219,Nuneaton and Bedworth,22,134200,0.01639344262295082
E07000219,Nuneaton and Bedworth,36,134200,0.026825633383010434
E07000219,Nuneaton and Bedworth,25,134200,0.018628912071535022
E07000219,Nuneaton and Bedworth,4,134200,0.0029806259314456036
E07000219,Nuneaton and Bedworth,1,134200,7.451564828614009e-4
E07000219,Nuneaton and Bedworth,0,134200,0
E07000219,Nuneaton and Bedworth,13,134200,0.009687034277198211
E07000219,Nuneaton and Bedworth,27,134200,0.020119225037257823
E07000219,Nuneaton and Bedworth,15,134200,0.011177347242921014
E07000219,Nuneaton and Bedworth,6,134200,0.004470938897168405
E07000219,Nuneaton and Bedworth,4,134200,0.0029806259314456036
E07000219,Nuneaton and Bedworth,0,134200,0
E07000219,Nuneaton and Bedworth,2341,134200,1.7444113263785395
E07000219,Nuneaton and Bedworth,1571,134200,1.1706408345752608
E07000219,Nuneaton and Bedworth,1219,134200,0.9083457526080477
E07000219,Nuneaton and Bedworth,319,134200,0.23770491803278687
E07000219,Nuneaton and Bedworth,110,134200,0.08196721311475409
E07000220,Rugby,0,114400,0
E07000220,Rugby,0,114400,0
E07000220,Rugby,0,114400,0
E07000220,Rugby,0,114400,0
E07000220,Rugby,0,114400,0
E07000220,Rugby,0,114400,0
E07000220,Rugby,0,114400,0
E07000220,Rugby,44560,114400,38.95104895104895
E07000220,Rugby,21729,114400,18.99388111888112
E07000220,Rugby,14635,114400,12.792832167832168
E07000220,Rugby,3476,114400,3.0384615384615383
E07000220,Rugby,955,114400,0.8347902097902098
E07000220,Rugby,0,114400,0
E07000220,Rugby,45,114400,0.039335664335664336
E07000220,Rugby,41,114400,0.03583916083916084
E07000220,Rugby,56,114400,0.04895104895104895
E07000220,Rugby,19,114400,0.016608391608391608
E07000220,Rugby,15,114400,0.013111888111888112
E07000220,Rugby,0,114400,0
E07000220,Rugby,29,114400,0.025349650349650348
E07000220,Rugby,16,114400,0.013986013986013986
E07000220,Rugby,22,114400,0.019230769230769232
E07000220,Rugby,4,114400,0.0034965034965034965
E07000220,Rugby,2,114400,0.0017482517482517483
E07000220,Rugby,0,114400,0
E07000220,Rugby,24,114400,0.02097902097902098
E07000220,Rugby,15,114400,0.013111888111888112
E07000220,Rugby,27,114400,0.0236013986013986
E07000220,Rugby,1,114400,8.741258741258741e-4
E07000220,Rugby,3,114400,0.0026223776223776225
E07000220,Rugby,0,114400,0
E07000220,Rugby,22,114400,0.019230769230769232
E07000220,Rugby,17,114400,0.01486013986013986
E07000220,Rugby,17,114400,0.01486013986013986
E07000220,Rugby,4,114400,0.0034965034965034965
E07000220,Rugby,0,114400,0
E07000220,Rugby,0,114400,0
E07000220,Rugby,2160,114400,1.8881118881118881
E07000220,Rugby,1335,114400,1.1669580419580419
E07000220,Rugby,1073,114400,0.9379370629370629
E07000220,Rugby,286,114400,0.25
E07000220,Rugby,180,114400,0.15734265734265734
E07000221,Stratford-on-Avon,0,134700,0
E07000221,Stratford-on-Avon,0,134700,0
E07000221,Stratford-on-Avon,0,134700,0
E07000221,Stratford-on-Avon,0,134700,0
E07000221,Stratford-on-Avon,0,134700,0
E07000221,Stratford-on-Avon,0,134700,0
E07000221,Stratford-on-Avon,0,134700,0
E07000221,Stratford-on-Avon,59738,134700,44.348923533778766
E07000221,Stratford-on-Avon,27301,134700,20.26800296956199
E07000221,Stratford-on-Avon,15939,134700,11.832962138084632
E07000221,Stratford-on-Avon,2766,134700,2.0534521158129175
E07000221,Stratford-on-Avon,478,134700,0.3548626577579807
E07000221,Stratford-on-Avon,0,134700,0
E07000221,Stratford-on-Avon,29,134700,0.021529324424647365
E07000221,Stratford-on-Avon,27,134700,0.0200445434298441
E07000221,Stratford-on-Avon,26,134700,0.019302152932442463
E07000221,Stratford-on-Avon,3,134700,0.0022271714922048997
E07000221,Stratford-on-Avon,6,134700,0.004454342984409799
E07000221,Stratford-on-Avon,0,134700,0
E07000221,Stratford-on-Avon,19,134700,0.014105419450631032
E07000221,Stratford-on-Avon,23,134700,0.017074981440237565
E07000221,Stratford-on-Avon,15,134700,0.011135857461024499
E07000221,Stratford-on-Avon,1,134700,7.423904974016332e-4
E07000221,Stratford-on-Avon,0,134700,0
E07000221,Stratford-on-Avon,0,134700,0
E07000221,Stratford-on-Avon,18,134700,0.013363028953229399
E07000221,Stratford-on-Avon,15,134700,0.011135857461024499
E07000221,Stratford-on-Avon,16,134700,0.011878247958426132
E07000221,Stratford-on-Avon,3,134700,0.0022271714922048997
E07000221,Stratford-on-Avon,0,134700,0
E07000221,Stratford-on-Avon,0,134700,0
E07000221,Stratford-on-Avon,31,134700,0.02301410541945063
E07000221,Stratford-on-Avon,23,134700,0.017074981440237565
E07000221,Stratford-on-Avon,19,134700,0.014105419450631032
E07000221,Stratford-on-Avon,4,134700,0.002969561989606533
E07000221,Stratford-on-Avon,2,134700,0.0014847809948032665
E07000221,Stratford-on-Avon,0,134700,0
E07000221,Stratford-on-Avon,2527,134700,1.8760207869339272
E07000221,Stratford-on-Avon,1388,134700,1.030438010393467
E07000221,Stratford-on-Avon,859,134700,0.637713437268003
E07000221,Stratford-on-Avon,181,134700,0.13437268002969563
E07000221,Stratford-on-Avon,47,134700,0.034892353377876766
E07000222,Warwick,0,148500,0
E07000222,Warwick,0,148500,0
E07000222,Warwick,0,148500,0
E07000222,Warwick,0,148500,0
E07000222,Warwick,0,148500,0
E07000222,Warwick,0,148500,0
E07000222,Warwick,0,148500,0
E07000222,Warwick,55546,148500,37.40471380471381
E07000222,Warwick,30205,148500,20.34006734006734
E07000222,Warwick,21171,148500,14.256565656565657
E07000222,Warwick,5219,148500,3.5144781144781145
E07000222,Warwick,948,148500,0.6383838383838384
E07000222,Warwick,0,148500,0
E07000222,Warwick,53,148500,0.03569023569023569
E07000222,Warwick,34,148500,0.022895622895622896
E07000222,Warwick,51,148500,0.03434343434343434
E07000222,Warwick,11,148500,0.007407407407407408
E07000222,Warwick,4,148500,0.0026936026936026937
E07000222,Warwick,0,148500,0
E07000222,Warwick,27,148500,0.01818181818181818
E07000222,Warwick,34,148500,0.022895622895622896
E07000222,Warwick,28,148500,0.018855218855218854
E07000222,Warwick,10,148500,0.006734006734006734
E07000222,Warwick,0,148500,0
E07000222,Warwick,0,148500,0
E07000222,Warwick,27,148500,0.01818181818181818
E07000222,Warwick,24,148500,0.01616161616161616
E07000222,Warwick,19,148500,0.012794612794612794
E07000222,Warwick,12,148500,0.00808080808080808
E07000222,Warwick,4,148500,0.0026936026936026937
E07000222,Warwick,0,148500,0
E07000222,Warwick,37,148500,0.024915824915824916
E07000222,Warwick,27,148500,0.01818181818181818
E07000222,Warwick,46,148500,0.030976430976430977
E07000222,Warwick,14,148500,0.009427609427609427
E07000222,Warwick,1,148500,6.734006734006734e-4
E07000222,Warwick,0,148500,0
E07000222,Warwick,2404,148500,1.6188552188552188
E07000222,Warwick,1616,148500,1.0882154882154882
E07000222,Warwick,1313,148500,0.8841750841750842
E07000222,Warwick,381,148500,0.25656565656565655
E07000222,Warwick,151,148500,0.10168350168350168
E07000223,Adur,0,64500,0
E07000223,Adur,0,64500,0
E07000223,Adur,0,64500,0
E07000223,Adur,0,64500,0
E07000223,Adur,0,64500,0
E07000223,Adur,0,64500,0
E07000223,Adur,0,64500,0
E07000223,Adur,19446,64500,30.148837209302325
E07000223,Adur,15204,64500,23.572093023255814
E07000223,Adur,11435,64500,17.728682170542637
E07000223,Adur,3146,64500,4.877519379844961
E07000223,Adur,655,64500,1.0155038759689923
E07000223,Adur,0,64500,0
E07000223,Adur,15,64500,0.023255813953488372
E07000223,Adur,18,64500,0.027906976744186046
E07000223,Adur,17,64500,0.02635658914728682
E07000223,Adur,6,64500,0.009302325581395349
E07000223,Adur,3,64500,0.004651162790697674
E07000223,Adur,0,64500,0
E07000223,Adur,11,64500,0.017054263565891473
E07000223,Adur,13,64500,0.020155038759689922
E07000223,Adur,12,64500,0.018604651162790697
E07000223,Adur,1,64500,0.0015503875968992248
E07000223,Adur,0,64500,0
E07000223,Adur,0,64500,0
E07000223,Adur,9,64500,0.013953488372093023
E07000223,Adur,12,64500,0.018604651162790697
E07000223,Adur,4,64500,0.006201550387596899
E07000223,Adur,1,64500,0.0015503875968992248
E07000223,Adur,0,64500,0
E07000223,Adur,0,64500,0
E07000223,Adur,7,64500,0.010852713178294573
E07000223,Adur,15,64500,0.023255813953488372
E07000223,Adur,13,64500,0.020155038759689922
E07000223,Adur,2,64500,0.0031007751937984496
E07000223,Adur,0,64500,0
E07000223,Adur,0,64500,0
E07000223,Adur,828,64500,1.283720930232558
E07000223,Adur,803,64500,1.2449612403100776
E07000223,Adur,532,64500,0.8248062015503876
E07000223,Adur,142,64500,0.22015503875968992
E07000223,Adur,44,64500,0.06821705426356589
E07000224,Arun,0,164800,0
E07000224,Arun,0,164800,0
E07000224,Arun,0,164800,0
E07000224,Arun,0,164800,0
E07000224,Arun,0,164800,0
E07000224,Arun,0,164800,0
E07000224,Arun,0,164800,0
E07000224,Arun,55838,164800,33.88228155339806
E07000224,Arun,37414,164800,22.70266990291262
E07000224,Arun,26357,164800,15.993325242718447
E07000224,Arun,7486,164800,4.54247572815534
E07000224,Arun,1438,164800,0.8725728155339806
E07000224,Arun,0,164800,0
E07000224,Arun,48,164800,0.02912621359223301
E07000224,Arun,59,164800,0.035800970873786406
E07000224,Arun,84,164800,0.050970873786407765
E07000224,Arun,34,164800,0.02063106796116505
E07000224,Arun,10,164800,0.006067961165048544
E07000224,Arun,0,164800,0
E07000224,Arun,21,164800,0.012742718446601941
E07000224,Arun,25,164800,0.01516990291262136
E07000224,Arun,28,164800,0.01699029126213592
E07000224,Arun,10,164800,0.006067961165048544
E07000224,Arun,6,164800,0.0036407766990291263
E07000224,Arun,0,164800,0
E07000224,Arun,20,164800,0.012135922330097087
E07000224,Arun,26,164800,0.015776699029126214
E07000224,Arun,30,164800,0.01820388349514563
E07000224,Arun,11,164800,0.006674757281553398
E07000224,Arun,3,164800,0.0018203883495145632
E07000224,Arun,0,164800,0
E07000224,Arun,14,164800,0.00849514563106796
E07000224,Arun,24,164800,0.014563106796116505
E07000224,Arun,30,164800,0.01820388349514563
E07000224,Arun,8,164800,0.0048543689320388345
E07000224,Arun,4,164800,0.0024271844660194173
E07000224,Arun,0,164800,0
E07000224,Arun,2591,164800,1.5722087378640777
E07000224,Arun,2150,164800,1.3046116504854368
E07000224,Arun,1660,164800,1.0072815533980584
E07000224,Arun,580,164800,0.35194174757281554
E07000224,Arun,108,164800,0.06553398058252427
E07000225,Chichester,0,124100,0
E07000225,Chichester,0,124100,0
E07000225,Chichester,0,124100,0
E07000225,Chichester,0,124100,0
E07000225,Chichester,0,124100,0
E07000225,Chichester,0,124100,0
E07000225,Chichester,0,124100,0
E07000225,Chichester,49340,124100,39.75825946817083
E07000225,Chichester,23603,124100,19.019339242546334
E07000225,Chichester,18053,124100,14.547139403706689
E07000225,Chichester,4254,124100,3.427880741337631
E07000225,Chichester,679,124100,0.5471394037066881
E07000225,Chichester,0,124100,0
E07000225,Chichester,32,124100,0.0257856567284448
E07000225,Chichester,32,124100,0.0257856567284448
E07000225,Chichester,24,124100,0.019339242546333603
E07000225,Chichester,18,124100,0.014504431909750202
E07000225,Chichester,2,124100,0.0016116035455278
E07000225,Chichester,0,124100,0
E07000225,Chichester,17,124100,0.0136986301369863
E07000225,Chichester,13,124100,0.010475423045930701
E07000225,Chichester,16,124100,0.0128928283642224
E07000225,Chichester,7,124100,0.0056406124093473006
E07000225,Chichester,0,124100,0
E07000225,Chichester,0,124100,0
E07000225,Chichester,29,124100,0.023368251410153102
E07000225,Chichester,18,124100,0.014504431909750202
E07000225,Chichester,22,124100,0.017727639000805803
E07000225,Chichester,10,124100,0.008058017727639
E07000225,Chichester,1,124100,8.058017727639e-4
E07000225,Chichester,0,124100,0
E07000225,Chichester,19,124100,0.015310233682514102
E07000225,Chichester,13,124100,0.010475423045930701
E07000225,Chichester,20,124100,0.016116035455278
E07000225,Chichester,10,124100,0.008058017727639
E07000225,Chichester,2,124100,0.0016116035455278
E07000225,Chichester,0,124100,0
E07000225,Chichester,2192,124100,1.766317485898469
E07000225,Chichester,1257,124100,1.0128928283642225
E07000225,Chichester,1030,124100,0.8299758259468171
E07000225,Chichester,235,124100,0.18936341659951653
E07000225,Chichester,61,124100,0.04915390813859791
E07000226,Crawley,0,118500,0
E07000226,Crawley,0,118500,0
E07000226,Crawley,0,118500,0
E07000226,Crawley,0,118500,0
E07000226,Crawley,0,118500,0
E07000226,Crawley,0,118500,0
E07000226,Crawley,0,118500,0
E07000226,Crawley,31441,118500,26.532489451476792
E07000226,Crawley,22080,118500,18.632911392405063
E07000226,Crawley,23273,118500,19.639662447257383
E07000226,Crawley,7967,118500,6.723206751054852
E07000226,Crawley,2213,118500,1.8675105485232069
E07000226,Crawley,0,118500,0
E07000226,Crawley,56,118500,0.04725738396624472
E07000226,Crawley,50,118500,0.04219409282700422
E07000226,Crawley,88,118500,0.07426160337552742
E07000226,Crawley,50,118500,0.04219409282700422
E07000226,Crawley,21,118500,0.017721518987341773
E07000226,Crawley,0,118500,0
E07000226,Crawley,20,118500,0.016877637130801686
E07000226,Crawley,24,118500,0.020253164556962026
E07000226,Crawley,33,118500,0.027848101265822784
E07000226,Crawley,28,118500,0.02362869198312236
E07000226,Crawley,4,118500,0.0033755274261603376
E07000226,Crawley,0,118500,0
E07000226,Crawley,24,118500,0.020253164556962026
E07000226,Crawley,26,118500,0.021940928270042195
E07000226,Crawley,41,118500,0.03459915611814346
E07000226,Crawley,38,118500,0.032067510548523206
E07000226,Crawley,14,118500,0.01181434599156118
E07000226,Crawley,0,118500,0
E07000226,Crawley,13,118500,0.010970464135021098
E07000226,Crawley,22,118500,0.018565400843881856
E07000226,Crawley,20,118500,0.016877637130801686
E07000226,Crawley,7,118500,0.00590717299578059
E07000226,Crawley,1,118500,8.438818565400844e-4
E07000226,Crawley,0,118500,0
E07000226,Crawley,1716,118500,1.4481012658227848
E07000226,Crawley,1316,118500,1.1105485232067511
E07000226,Crawley,1499,118500,1.2649789029535865
E07000226,Crawley,685,118500,0.5780590717299579
E07000226,Crawley,245,118500,0.20675105485232068
E07000227,Horsham,0,146800,0
E07000227,Horsham,0,146800,0
E07000227,Horsham,0,146800,0
E07000227,Horsham,0,146800,0
E07000227,Horsham,0,146800,0
E07000227,Horsham,0,146800,0
E07000227,Horsham,0,146800,0
E07000227,Horsham,60045,146800,40.90258855585831
E07000227,Horsham,27893,146800,19.000681198910083
E07000227,Horsham,20653,146800,14.068801089918257
E07000227,Horsham,4255,146800,2.89850136239782
E07000227,Horsham,552,146800,0.3760217983651226
E07000227,Horsham,0,146800,0
E07000227,Horsham,28,146800,0.01907356948228883
E07000227,Horsham,23,146800,0.015667574931880108
E07000227,Horsham,32,146800,0.021798365122615803
E07000227,Horsham,13,146800,0.008855585831062671
E07000227,Horsham,1,146800,6.811989100817438e-4
E07000227,Horsham,0,146800,0
E07000227,Horsham,18,146800,0.01226158038147139
E07000227,Horsham,18,146800,0.01226158038147139
E07000227,Horsham,23,146800,0.015667574931880108
E07000227,Horsham,2,146800,0.0013623978201634877
E07000227,Horsham,2,146800,0.0013623978201634877
E07000227,Horsham,0,146800,0
E07000227,Horsham,11,146800,0.007493188010899182
E07000227,Horsham,19,146800,0.012942779291553134
E07000227,Horsham,26,146800,0.017711171662125342
E07000227,Horsham,6,146800,0.004087193460490463
E07000227,Horsham,1,146800,6.811989100817438e-4
E07000227,Horsham,0,146800,0
E07000227,Horsham,32,146800,0.021798365122615803
E07000227,Horsham,23,146800,0.015667574931880108
E07000227,Horsham,31,146800,0.02111716621253406
E07000227,Horsham,9,146800,0.006130790190735695
E07000227,Horsham,0,146800,0
E07000227,Horsham,0,146800,0
E07000227,Horsham,2432,146800,1.6566757493188011
E07000227,Horsham,1321,146800,0.8998637602179836
E07000227,Horsham,1113,146800,0.7581743869209809
E07000227,Horsham,277,146800,0.18869209809264306
E07000227,Horsham,33,146800,0.022479564032697547
E07000228,Mid Sussex,0,152600,0
E07000228,Mid Sussex,0,152600,0
E07000228,Mid Sussex,0,152600,0
E07000228,Mid Sussex,0,152600,0
E07000228,Mid Sussex,0,152600,0
E07000228,Mid Sussex,0,152600,0
E07000228,Mid Sussex,0,152600,0
E07000228,Mid Sussex,59552,152600,39.024901703800786
E07000228,Mid Sussex,28934,152600,18.960681520314548
E07000228,Mid Sussex,21795,152600,14.282437745740499
E07000228,Mid Sussex,4747,152600,3.1107470511140236
E07000228,Mid Sussex,879,152600,0.5760157273918742
E07000228,Mid Sussex,0,152600,0
E07000228,Mid Sussex,33,152600,0.02162516382699869
E07000228,Mid Sussex,21,152600,0.013761467889908258
E07000228,Mid Sussex,53,152600,0.03473132372214941
E07000228,Mid Sussex,25,152600,0.0163826998689384
E07000228,Mid Sussex,9,152600,0.005897771952817824
E07000228,Mid Sussex,0,152600,0
E07000228,Mid Sussex,31,152600,0.020314547837483616
E07000228,Mid Sussex,21,152600,0.013761467889908258
E07000228,Mid Sussex,29,152600,0.019003931847968544
E07000228,Mid Sussex,8,152600,0.005242463958060288
E07000228,Mid Sussex,0,152600,0
E07000228,Mid Sussex,0,152600,0
E07000228,Mid Sussex,23,152600,0.01507208387942333
E07000228,Mid Sussex,19,152600,0.012450851900393184
E07000228,Mid Sussex,19,152600,0.012450851900393184
E07000228,Mid Sussex,3,152600,0.001965923984272608
E07000228,Mid Sussex,1,152600,6.55307994757536e-4
E07000228,Mid Sussex,0,152600,0
E07000228,Mid Sussex,32,152600,0.020969855832241154
E07000228,Mid Sussex,23,152600,0.01507208387942333
E07000228,Mid Sussex,26,152600,0.01703800786369594
E07000228,Mid Sussex,6,152600,0.003931847968545216
E07000228,Mid Sussex,1,152600,6.55307994757536e-4
E07000228,Mid Sussex,0,152600,0
E07000228,Mid Sussex,2591,152600,1.697903014416776
E07000228,Mid Sussex,1319,152600,0.86435124508519
E07000228,Mid Sussex,1118,152600,0.7326343381389253
E07000228,Mid Sussex,323,152600,0.21166448230668414
E07000228,Mid Sussex,54,152600,0.035386631716906945
E07000229,Worthing,0,111400,0
E07000229,Worthing,0,111400,0
E07000229,Worthing,0,111400,0
E07000229,Worthing,0,111400,0
E07000229,Worthing,0,111400,0
E07000229,Worthing,0,111400,0
E07000229,Worthing,0,111400,0
E07000229,Worthing,35194,111400,31.59245960502693
E07000229,Worthing,23980,111400,21.526032315978455
E07000229,Worthing,19642,111400,17.631956912028727
E07000229,Worthing,5802,111400,5.208258527827648
E07000229,Worthing,971,111400,0.8716337522441652
E07000229,Worthing,0,111400,0
E07000229,Worthing,39,111400,0.03500897666068223
E07000229,Worthing,32,111400,0.02872531418312388
E07000229,Worthing,42,111400,0.03770197486535009
E07000229,Worthing,22,111400,0.019748653500897665
E07000229,Worthing,8,111400,0.00718132854578097
E07000229,Worthing,0,111400,0
E07000229,Worthing,25,111400,0.02244165170556553
E07000229,Worthing,16,111400,0.01436265709156194
E07000229,Worthing,25,111400,0.02244165170556553
E07000229,Worthing,12,111400,0.010771992818671455
E07000229,Worthing,3,111400,0.0026929982046678637
E07000229,Worthing,0,111400,0
E07000229,Worthing,16,111400,0.01436265709156194
E07000229,Worthing,20,111400,0.017953321364452424
E07000229,Worthing,25,111400,0.02244165170556553
E07000229,Worthing,10,111400,0.008976660682226212
E07000229,Worthing,6,111400,0.005385996409335727
E07000229,Worthing,0,111400,0
E07000229,Worthing,24,111400,0.02154398563734291
E07000229,Worthing,29,111400,0.026032315978456014
E07000229,Worthing,40,111400,0.03590664272890485
E07000229,Worthing,20,111400,0.017953321364452424
E07000229,Worthing,0,111400,0
E07000229,Worthing,0,111400,0
E07000229,Worthing,1706,111400,1.5314183123877918
E07000229,Worthing,1234,111400,1.1077199281867145
E07000229,Worthing,1187,111400,1.0655296229802513
E07000229,Worthing,436,111400,0.39138240574506283
E07000229,Worthing,124,111400,0.11131059245960502
E07000234,Bromsgrove,0,99200,0
E07000234,Bromsgrove,0,99200,0
E07000234,Bromsgrove,0,99200,0
E07000234,Bromsgrove,0,99200,0
E07000234,Bromsgrove,0,99200,0
E07000234,Bromsgrove,0,99200,0
E07000234,Bromsgrove,0,99200,0
E07000234,Bromsgrove,44902,99200,45.26411290322581
E07000234,Bromsgrove,17308,99200,17.447580645161292
E07000234,Bromsgrove,10962,99200,11.050403225806452
E07000234,Bromsgrove,2139,99200,2.15625
E07000234,Bromsgrove,432,99200,0.43548387096774194
E07000234,Bromsgrove,0,99200,0
E07000234,Bromsgrove,31,99200,0.03125
E07000234,Bromsgrove,8,99200,0.008064516129032258
E07000234,Bromsgrove,20,99200,0.020161290322580645
E07000234,Bromsgrove,2,99200,0.0020161290322580645
E07000234,Bromsgrove,0,99200,0
E07000234,Bromsgrove,0,99200,0
E07000234,Bromsgrove,14,99200,0.014112903225806451
E07000234,Bromsgrove,10,99200,0.010080645161290322
E07000234,Bromsgrove,9,99200,0.009072580645161291
E07000234,Bromsgrove,5,99200,0.005040322580645161
E07000234,Bromsgrove,0,99200,0
E07000234,Bromsgrove,0,99200,0
E07000234,Bromsgrove,12,99200,0.012096774193548387
E07000234,Bromsgrove,16,99200,0.016129032258064516
E07000234,Bromsgrove,10,99200,0.010080645161290322
E07000234,Bromsgrove,0,99200,0
E07000234,Bromsgrove,0,99200,0
E07000234,Bromsgrove,0,99200,0
E07000234,Bromsgrove,15,99200,0.015120967741935484
E07000234,Bromsgrove,13,99200,0.01310483870967742
E07000234,Bromsgrove,14,99200,0.014112903225806451
E07000234,Bromsgrove,1,99200,0.0010080645161290322
E07000234,Bromsgrove,0,99200,0
E07000234,Bromsgrove,0,99200,0
E07000234,Bromsgrove,1820,99200,1.8346774193548387
E07000234,Bromsgrove,808,99200,0.8145161290322581
E07000234,Bromsgrove,613,99200,0.6179435483870968
E07000234,Bromsgrove,123,99200,0.12399193548387097
E07000234,Bromsgrove,26,99200,0.02620967741935484
E07000235,Malvern Hills,0,79400,0
E07000235,Malvern Hills,0,79400,0
E07000235,Malvern Hills,0,79400,0
E07000235,Malvern Hills,0,79400,0
E07000235,Malvern Hills,0,79400,0
E07000235,Malvern Hills,0,79400,0
E07000235,Malvern Hills,0,79400,0
E07000235,Malvern Hills,36110,79400,45.47858942065491
E07000235,Malvern Hills,14285,79400,17.9911838790932
E07000235,Malvern Hills,9472,79400,11.929471032745592
E07000235,Malvern Hills,1946,79400,2.4508816120906802
E07000235,Malvern Hills,294,79400,0.3702770780856423
E07000235,Malvern Hills,0,79400,0
E07000235,Malvern Hills,21,79400,0.02644836272040302
E07000235,Malvern Hills,18,79400,0.022670025188916875
E07000235,Malvern Hills,20,79400,0.02518891687657431
E07000235,Malvern Hills,2,79400,0.0025188916876574307
E07000235,Malvern Hills,2,79400,0.0025188916876574307
E07000235,Malvern Hills,0,79400,0
E07000235,Malvern Hills,17,79400,0.021410579345088162
E07000235,Malvern Hills,9,79400,0.011335012594458438
E07000235,Malvern Hills,7,79400,0.008816120906801008
E07000235,Malvern Hills,0,79400,0
E07000235,Malvern Hills,0,79400,0
E07000235,Malvern Hills,0,79400,0
E07000235,Malvern Hills,16,79400,0.020151133501259445
E07000235,Malvern Hills,10,79400,0.012594458438287154
E07000235,Malvern Hills,13,79400,0.0163727959697733
E07000235,Malvern Hills,4,79400,0.005037783375314861
E07000235,Malvern Hills,1,79400,0.0012594458438287153
E07000235,Malvern Hills,0,79400,0
E07000235,Malvern Hills,15,79400,0.018891687657430732
E07000235,Malvern Hills,11,79400,0.013853904282115869
E07000235,Malvern Hills,11,79400,0.013853904282115869
E07000235,Malvern Hills,7,79400,0.008816120906801008
E07000235,Malvern Hills,0,79400,0
E07000235,Malvern Hills,0,79400,0
E07000235,Malvern Hills,1718,79400,2.163727959697733
E07000235,Malvern Hills,852,79400,1.0730478589420656
E07000235,Malvern Hills,639,79400,0.8047858942065491
E07000235,Malvern Hills,138,79400,0.17380352644836272
E07000235,Malvern Hills,25,79400,0.031486146095717885
E07000236,Redditch,0,87000,0
E07000236,Redditch,0,87000,0
E07000236,Redditch,0,87000,0
E07000236,Redditch,0,87000,0
E07000236,Redditch,0,87000,0
E07000236,Redditch,0,87000,0
E07000236,Redditch,0,87000,0
E07000236,Redditch,31587,87000,36.30689655172414
E07000236,Redditch,16700,87000,19.195402298850574
E07000236,Redditch,13392,87000,15.393103448275863
E07000236,Redditch,3515,87000,4.040229885057471
E07000236,Redditch,842,87000,0.967816091954023
E07000236,Redditch,0,87000,0
E07000236,Redditch,30,87000,0.034482758620689655
E07000236,Redditch,28,87000,0.03218390804597701
E07000236,Redditch,39,87000,0.04482758620689655
E07000236,Redditch,14,87000,0.016091954022988506
E07000236,Redditch,4,87000,0.004597701149425287
E07000236,Redditch,0,87000,0
E07000236,Redditch,12,87000,0.013793103448275862
E07000236,Redditch,11,87000,0.01264367816091954
E07000236,Redditch,18,87000,0.020689655172413793
E07000236,Redditch,7,87000,0.008045977011494253
E07000236,Redditch,3,87000,0.0034482758620689655
E07000236,Redditch,0,87000,0
E07000236,Redditch,14,87000,0.016091954022988506
E07000236,Redditch,20,87000,0.022988505747126436
E07000236,Redditch,15,87000,0.017241379310344827
E07000236,Redditch,1,87000,0.0011494252873563218
E07000236,Redditch,0,87000,0
E07000236,Redditch,0,87000,0
E07000236,Redditch,15,87000,0.017241379310344827
E07000236,Redditch,9,87000,0.010344827586206896
E07000236,Redditch,12,87000,0.013793103448275862
E07000236,Redditch,6,87000,0.006896551724137931
E07000236,Redditch,0,87000,0
E07000236,Redditch,0,87000,0
E07000236,Redditch,1376,87000,1.5816091954022988
E07000236,Redditch,915,87000,1.0517241379310345
E07000236,Redditch,922,87000,1.0597701149425287
E07000236,Redditch,307,87000,0.3528735632183908
E07000236,Redditch,115,87000,0.13218390804597702
E07000237,Worcester,0,103900,0
E07000237,Worcester,0,103900,0
E07000237,Worcester,0,103900,0
E07000237,Worcester,0,103900,0
E07000237,Worcester,0,103900,0
E07000237,Worcester,0,103900,0
E07000237,Worcester,0,103900,0
E07000237,Worcester,36409,103900,35.042348411934555
E07000237,Worcester,20519,103900,19.748796920115495
E07000237,Worcester,16662,103900,16.03657362848893
E07000237,Worcester,4192,103900,4.034648700673725
E07000237,Worcester,907,103900,0.8729547641963427
E07000237,Worcester,0,103900,0
E07000237,Worcester,44,103900,0.04234841193455245
E07000237,Worcester,26,103900,0.025024061597690085
E07000237,Worcester,56,103900,0.05389797882579403
E07000237,Worcester,16,103900,0.015399422521655439
E07000237,Worcester,7,103900,0.006737247353224254
E07000237,Worcester,0,103900,0
E07000237,Worcester,28,103900,0.026948989412897015
E07000237,Worcester,15,103900,0.014436958614051972
E07000237,Worcester,19,103900,0.01828681424446583
E07000237,Worcester,6,103900,0.005774783445620789
E07000237,Worcester,0,103900,0
E07000237,Worcester,0,103900,0
E07000237,Worcester,19,103900,0.01828681424446583
E07000237,Worcester,12,103900,0.011549566891241578
E07000237,Worcester,20,103900,0.019249278152069296
E07000237,Worcester,10,103900,0.009624639076034648
E07000237,Worcester,2,103900,0.0019249278152069298
E07000237,Worcester,0,103900,0
E07000237,Worcester,30,103900,0.028873917228103944
E07000237,Worcester,21,103900,0.02021174205967276
E07000237,Worcester,31,103900,0.029836381135707413
E07000237,Worcester,14,103900,0.013474494706448507
E07000237,Worcester,1,103900,9.624639076034649e-4
E07000237,Worcester,0,103900,0
E07000237,Worcester,1836,103900,1.7670837343599615
E07000237,Worcester,1276,103900,1.2281039461020211
E07000237,Worcester,1131,103900,1.0885466794995187
E07000237,Worcester,382,103900,0.36766121270452357
E07000237,Worcester,135,103900,0.12993262752646775
E07000238,Wychavon,0,132500,0
E07000238,Wychavon,0,132500,0
E07000238,Wychavon,0,132500,0
E07000238,Wychavon,0,132500,0
E07000238,Wychavon,0,132500,0
E07000238,Wychavon,0,132500,0
E07000238,Wychavon,0,132500,0
E07000238,Wychavon,57533,132500,43.4211320754717
E07000238,Wychavon,24308,132500,18.34566037735849
E07000238,Wychavon,17626,132500,13.302641509433963
E07000238,Wychavon,3742,132500,2.8241509433962264
E07000238,Wychavon,606,132500,0.4573584905660377
E07000238,Wychavon,0,132500,0
E07000238,Wychavon,57,132500,0.0430188679245283
E07000238,Wychavon,31,132500,0.02339622641509434
E07000238,Wychavon,39,132500,0.02943396226415094
E07000238,Wychavon,22,132500,0.01660377358490566
E07000238,Wychavon,5,132500,0.0037735849056603774
E07000238,Wychavon,0,132500,0
E07000238,Wychavon,19,132500,0.014339622641509434
E07000238,Wychavon,12,132500,0.009056603773584906
E07000238,Wychavon,13,132500,0.009811320754716982
E07000238,Wychavon,3,132500,0.0022641509433962265
E07000238,Wychavon,1,132500,7.547169811320754e-4
E07000238,Wychavon,0,132500,0
E07000238,Wychavon,17,132500,0.012830188679245283
E07000238,Wychavon,14,132500,0.010566037735849057
E07000238,Wychavon,12,132500,0.009056603773584906
E07000238,Wychavon,4,132500,0.0030188679245283017
E07000238,Wychavon,2,132500,0.0015094339622641509
E07000238,Wychavon,0,132500,0
E07000238,Wychavon,19,132500,0.014339622641509434
E07000238,Wychavon,14,132500,0.010566037735849057
E07000238,Wychavon,18,132500,0.013584905660377358
E07000238,Wychavon,4,132500,0.0030188679245283017
E07000238,Wychavon,0,132500,0
E07000238,Wychavon,0,132500,0
E07000238,Wychavon,2453,132500,1.8513207547169812
E07000238,Wychavon,1266,132500,0.9554716981132075
E07000238,Wychavon,1084,132500,0.8181132075471698
E07000238,Wychavon,263,132500,0.19849056603773585
E07000238,Wychavon,65,132500,0.04905660377358491
E07000239,Wyre Forest,0,101600,0
E07000239,Wyre Forest,0,101600,0
E07000239,Wyre Forest,0,101600,0
E07000239,Wyre Forest,0,101600,0
E07000239,Wyre Forest,0,101600,0
E07000239,Wyre Forest,0,101600,0
E07000239,Wyre Forest,0,101600,0
E07000239,Wyre Forest,39218,101600,38.6003937007874
E07000239,Wyre Forest,21255,101600,20.92027559055118
E07000239,Wyre Forest,14418,101600,14.190944881889763
E07000239,Wyre Forest,3313,101600,3.2608267716535435
E07000239,Wyre Forest,658,101600,0.6476377952755905
E07000239,Wyre Forest,0,101600,0
E07000239,Wyre Forest,32,101600,0.031496062992125984
E07000239,Wyre Forest,24,101600,0.023622047244094488
E07000239,Wyre Forest,24,101600,0.023622047244094488
E07000239,Wyre Forest,10,101600,0.00984251968503937
E07000239,Wyre Forest,0,101600,0
E07000239,Wyre Forest,0,101600,0
E07000239,Wyre Forest,14,101600,0.013779527559055118
E07000239,Wyre Forest,13,101600,0.012795275590551181
E07000239,Wyre Forest,20,101600,0.01968503937007874
E07000239,Wyre Forest,4,101600,0.003937007874015748
E07000239,Wyre Forest,2,101600,0.001968503937007874
E07000239,Wyre Forest,0,101600,0
E07000239,Wyre Forest,11,101600,0.010826771653543307
E07000239,Wyre Forest,17,101600,0.01673228346456693
E07000239,Wyre Forest,21,101600,0.02066929133858268
E07000239,Wyre Forest,2,101600,0.001968503937007874
E07000239,Wyre Forest,0,101600,0
E07000239,Wyre Forest,0,101600,0
E07000239,Wyre Forest,8,101600,0.007874015748031496
E07000239,Wyre Forest,17,101600,0.01673228346456693
E07000239,Wyre Forest,17,101600,0.01673228346456693
E07000239,Wyre Forest,4,101600,0.003937007874015748
E07000239,Wyre Forest,0,101600,0
E07000239,Wyre Forest,0,101600,0
E07000239,Wyre Forest,2042,101600,2.0098425196850394
E07000239,Wyre Forest,1324,101600,1.3031496062992125
E07000239,Wyre Forest,924,101600,0.9094488188976378
E07000239,Wyre Forest,255,101600,0.25098425196850394
E07000239,Wyre Forest,43,101600,0.04232283464566929
E07000240,St Albans,0,148200,0
E07000240,St Albans,0,148200,0
E07000240,St Albans,0,148200,0
E07000240,St Albans,0,148200,0
E07000240,St Albans,0,148200,0
E07000240,St Albans,0,148200,0
E07000240,St Albans,0,148200,0
E07000240,St Albans,55523,148200,37.46491228070175
E07000240,St Albans,26415,148200,17.823886639676115
E07000240,St Albans,20632,148200,13.921727395411606
E07000240,St Albans,5250,148200,3.54251012145749
E07000240,St Albans,1229,148200,0.8292847503373819
E07000240,St Albans,0,148200,0
E07000240,St Albans,36,148200,0.024291497975708502
E07000240,St Albans,36,148200,0.024291497975708502
E07000240,St Albans,44,148200,0.029689608636977057
E07000240,St Albans,16,148200,0.010796221322537112
E07000240,St Albans,11,148200,0.007422402159244264
E07000240,St Albans,0,148200,0
E07000240,St Albans,22,148200,0.014844804318488529
E07000240,St Albans,20,148200,0.01349527665317139
E07000240,St Albans,32,148200,0.021592442645074223
E07000240,St Albans,12,148200,0.008097165991902834
E07000240,St Albans,3,148200,0.0020242914979757085
E07000240,St Albans,0,148200,0
E07000240,St Albans,21,148200,0.01417004048582996
E07000240,St Albans,17,148200,0.011470985155195682
E07000240,St Albans,26,148200,0.017543859649122806
E07000240,St Albans,10,148200,0.006747638326585695
E07000240,St Albans,5,148200,0.0033738191632928477
E07000240,St Albans,0,148200,0
E07000240,St Albans,31,148200,0.020917678812415654
E07000240,St Albans,20,148200,0.01349527665317139
E07000240,St Albans,28,148200,0.018893387314439947
E07000240,St Albans,4,148200,0.002699055330634278
E07000240,St Albans,0,148200,0
E07000240,St Albans,0,148200,0
E07000240,St Albans,2291,148200,1.5458839406207827
E07000240,St Albans,1316,148200,0.8879892037786775
E07000240,St Albans,1254,148200,0.8461538461538461
E07000240,St Albans,493,148200,0.33265856950067474
E07000240,St Albans,138,148200,0.0931174089068826
E07000241,Welwyn Hatfield,0,119900,0
E07000241,Welwyn Hatfield,0,119900,0
E07000241,Welwyn Hatfield,0,119900,0
E07000241,Welwyn Hatfield,0,119900,0
E07000241,Welwyn Hatfield,0,119900,0
E07000241,Welwyn Hatfield,0,119900,0
E07000241,Welwyn Hatfield,0,119900,0
E07000241,Welwyn Hatfield,34887,119900,29.09674728940784
E07000241,Welwyn Hatfield,22050,119900,18.390325271059215
E07000241,Welwyn Hatfield,21073,119900,17.575479566305255
E07000241,Welwyn Hatfield,6616,119900,5.517931609674729
E07000241,Welwyn Hatfield,2072,119900,1.7281067556296914
E07000241,Welwyn Hatfield,0,119900,0
E07000241,Welwyn Hatfield,37,119900,0.030859049207673062
E07000241,Welwyn Hatfield,43,119900,0.03586321934945788
E07000241,Welwyn Hatfield,60,119900,0.05004170141784821
E07000241,Welwyn Hatfield,21,119900,0.01751459549624687
E07000241,Welwyn Hatfield,22,119900,0.01834862385321101
E07000241,Welwyn Hatfield,0,119900,0
E07000241,Welwyn Hatfield,25,119900,0.020850708924103418
E07000241,Welwyn Hatfield,27,119900,0.022518765638031693
E07000241,Welwyn Hatfield,25,119900,0.020850708924103418
E07000241,Welwyn Hatfield,23,119900,0.019182652210175146
E07000241,Welwyn Hatfield,5,119900,0.004170141784820684
E07000241,Welwyn Hatfield,0,119900,0
E07000241,Welwyn Hatfield,26,119900,0.021684737281067557
E07000241,Welwyn Hatfield,13,119900,0.010842368640533779
E07000241,Welwyn Hatfield,24,119900,0.020016680567139282
E07000241,Welwyn Hatfield,19,119900,0.0158465387823186
E07000241,Welwyn Hatfield,4,119900,0.003336113427856547
E07000241,Welwyn Hatfield,0,119900,0
E07000241,Welwyn Hatfield,9,119900,0.007506255212677231
E07000241,Welwyn Hatfield,24,119900,0.020016680567139282
E07000241,Welwyn Hatfield,36,119900,0.030025020850708923
E07000241,Welwyn Hatfield,19,119900,0.0158465387823186
E07000241,Welwyn Hatfield,3,119900,0.0025020850708924102
E07000241,Welwyn Hatfield,0,119900,0
E07000241,Welwyn Hatfield,1828,119900,1.524603836530442
E07000241,Welwyn Hatfield,1248,119900,1.0408673894912428
E07000241,Welwyn Hatfield,1374,119900,1.145954962468724
E07000241,Welwyn Hatfield,523,119900,0.4361968306922435
E07000241,Welwyn Hatfield,298,119900,0.24854045037531275
E07000242,East Hertfordshire,0,150100,0
E07000242,East Hertfordshire,0,150100,0
E07000242,East Hertfordshire,0,150100,0
E07000242,East Hertfordshire,0,150100,0
E07000242,East Hertfordshire,0,150100,0
E07000242,East Hertfordshire,0,150100,0
E07000242,East Hertfordshire,0,150100,0
E07000242,East Hertfordshire,56811,150100,37.8487674883411
E07000242,East Hertfordshire,28459,150100,18.960026648900733
E07000242,East Hertfordshire,22960,150100,15.296469020652898
E07000242,East Hertfordshire,4918,150100,3.2764823451032643
E07000242,East Hertfordshire,850,150100,0.5662891405729513
E07000242,East Hertfordshire,0,150100,0
E07000242,East Hertfordshire,31,150100,0.020652898067954697
E07000242,East Hertfordshire,28,150100,0.018654230512991338
E07000242,East Hertfordshire,33,150100,0.021985343104596936
E07000242,East Hertfordshire,10,150100,0.006662225183211193
E07000242,East Hertfordshire,2,150100,0.0013324450366422385
E07000242,East Hertfordshire,0,150100,0
E07000242,East Hertfordshire,22,150100,0.014656895403064623
E07000242,East Hertfordshire,12,150100,0.007994670219853431
E07000242,East Hertfordshire,25,150100,0.016655562958027982
E07000242,East Hertfordshire,5,150100,0.0033311125916055963
E07000242,East Hertfordshire,1,150100,6.662225183211193e-4
E07000242,East Hertfordshire,0,150100,0
E07000242,East Hertfordshire,13,150100,0.008660892738174551
E07000242,East Hertfordshire,10,150100,0.006662225183211193
E07000242,East Hertfordshire,24,150100,0.015989340439706862
E07000242,East Hertfordshire,5,150100,0.0033311125916055963
E07000242,East Hertfordshire,3,150100,0.001998667554963358
E07000242,East Hertfordshire,0,150100,0
E07000242,East Hertfordshire,24,150100,0.015989340439706862
E07000242,East Hertfordshire,20,150100,0.013324450366422385
E07000242,East Hertfordshire,25,150100,0.016655562958027982
E07000242,East Hertfordshire,8,150100,0.005329780146568954
E07000242,East Hertfordshire,2,150100,0.0013324450366422385
E07000242,East Hertfordshire,0,150100,0
E07000242,East Hertfordshire,2310,150100,1.5389740173217854
E07000242,East Hertfordshire,1413,150100,0.9413724183877415
E07000242,East Hertfordshire,1274,150100,0.8487674883411059
E07000242,East Hertfordshire,292,150100,0.19453697534976683
E07000242,East Hertfordshire,66,150100,0.04397068620919387
E07000243,Stevenage,0,89500,0
E07000243,Stevenage,0,89500,0
E07000243,Stevenage,0,89500,0
E07000243,Stevenage,0,89500,0
E07000243,Stevenage,0,89500,0
E07000243,Stevenage,0,89500,0
E07000243,Stevenage,0,89500,0
E07000243,Stevenage,25471,89500,28.45921787709497
E07000243,Stevenage,17581,89500,19.643575418994413
E07000243,Stevenage,17562,89500,19.622346368715085
E07000243,Stevenage,4998,89500,5.584357541899442
E07000243,Stevenage,1005,89500,1.1229050279329609
E07000243,Stevenage,0,89500,0
E07000243,Stevenage,29,89500,0.03240223463687151
E07000243,Stevenage,41,89500,0.04581005586592179
E07000243,Stevenage,39,89500,0.04357541899441341
E07000243,Stevenage,12,89500,0.013407821229050279
E07000243,Stevenage,7,89500,0.00782122905027933
E07000243,Stevenage,0,89500,0
E07000243,Stevenage,26,89500,0.02905027932960894
E07000243,Stevenage,19,89500,0.021229050279329607
E07000243,Stevenage,20,89500,0.0223463687150838
E07000243,Stevenage,14,89500,0.01564245810055866
E07000243,Stevenage,1,89500,0.0011173184357541898
E07000243,Stevenage,0,89500,0
E07000243,Stevenage,22,89500,0.024581005586592177
E07000243,Stevenage,15,89500,0.01675977653631285
E07000243,Stevenage,29,89500,0.03240223463687151
E07000243,Stevenage,11,89500,0.012290502793296089
E07000243,Stevenage,2,89500,0.0022346368715083797
E07000243,Stevenage,0,89500,0
E07000243,Stevenage,22,89500,0.024581005586592177
E07000243,Stevenage,10,89500,0.0111731843575419
E07000243,Stevenage,23,89500,0.02569832402234637
E07000243,Stevenage,7,89500,0.00782122905027933
E07000243,Stevenage,0,89500,0
E07000243,Stevenage,0,89500,0
E07000243,Stevenage,1285,89500,1.4357541899441342
E07000243,Stevenage,884,89500,0.9877094972067039
E07000243,Stevenage,989,89500,1.1050279329608939
E07000243,Stevenage,375,89500,0.41899441340782123
E07000243,Stevenage,79,89500,0.08826815642458101
E07000244,East Suffolk,0,245900,0
E07000244,East Suffolk,0,245900,0
E07000244,East Suffolk,0,245900,0
E07000244,East Suffolk,0,245900,0
E07000244,East Suffolk,0,245900,0
E07000244,East Suffolk,0,245900,0
E07000244,East Suffolk,0,245900,0
E07000244,East Suffolk,108372,245900,44.07157381049207
E07000244,East Suffolk,47870,245900,19.467263115087434
E07000244,East Suffolk,28693,245900,11.66856445709638
E07000244,East Suffolk,5881,245900,2.3916226108174055
E07000244,East Suffolk,1063,245900,0.43228954859699065
E07000244,East Suffolk,0,245900,0
E07000244,East Suffolk,84,245900,0.03416022773485156
E07000244,East Suffolk,42,245900,0.01708011386742578
E07000244,East Suffolk,63,245900,0.025620170801138674
E07000244,East Suffolk,24,245900,0.009760065067100447
E07000244,East Suffolk,1,245900,4.0666937779585197e-4
E07000244,East Suffolk,0,245900,0
E07000244,East Suffolk,52,245900,0.0211468076453843
E07000244,East Suffolk,37,245900,0.015046766978446523
E07000244,East Suffolk,35,245900,0.014233428222854819
E07000244,East Suffolk,8,245900,0.0032533550223668157
E07000244,East Suffolk,0,245900,0
E07000244,East Suffolk,0,245900,0
E07000244,East Suffolk,44,245900,0.017893452623017485
E07000244,East Suffolk,38,245900,0.015453436356242375
E07000244,East Suffolk,40,245900,0.016266775111834077
E07000244,East Suffolk,7,245900,0.0028466856445709637
E07000244,East Suffolk,1,245900,4.0666937779585197e-4
E07000244,East Suffolk,0,245900,0
E07000244,East Suffolk,66,245900,0.02684017893452623
E07000244,East Suffolk,33,245900,0.013420089467263115
E07000244,East Suffolk,33,245900,0.013420089467263115
E07000244,East Suffolk,11,245900,0.004473363155754371
E07000244,East Suffolk,6,245900,0.0024400162667751117
E07000244,East Suffolk,0,245900,0
E07000244,East Suffolk,5580,245900,2.269215128100854
E07000244,East Suffolk,2955,245900,1.2017080113867427
E07000244,East Suffolk,1836,245900,0.7466449776331843
E07000244,East Suffolk,356,245900,0.1447742984953233
E07000244,East Suffolk,49,245900,0.019926799511996746
E07000245,West Suffolk,0,179800,0
E07000245,West Suffolk,0,179800,0
E07000245,West Suffolk,0,179800,0
E07000245,West Suffolk,0,179800,0
E07000245,West Suffolk,0,179800,0
E07000245,West Suffolk,0,179800,0
E07000245,West Suffolk,0,179800,0
E07000245,West Suffolk,68156,179800,37.906562847608456
E07000245,West Suffolk,37018,179800,20.588431590656285
E07000245,West Suffolk,24613,179800,13.689098998887653
E07000245,West Suffolk,5077,179800,2.8236929922135707
E07000245,West Suffolk,909,179800,0.5055617352614016
E07000245,West Suffolk,0,179800,0
E07000245,West Suffolk,62,179800,0.034482758620689655
E07000245,West Suffolk,72,179800,0.04004449388209121
E07000245,West Suffolk,64,179800,0.035595105672969966
E07000245,West Suffolk,27,179800,0.015016685205784204
E07000245,West Suffolk,4,179800,0.002224694104560623
E07000245,West Suffolk,0,179800,0
E07000245,West Suffolk,37,179800,0.020578420467185762
E07000245,West Suffolk,22,179800,0.012235817575083427
E07000245,West Suffolk,21,179800,0.01167964404894327
E07000245,West Suffolk,6,179800,0.0033370411568409346
E07000245,West Suffolk,1,179800,5.561735261401557e-4
E07000245,West Suffolk,0,179800,0
E07000245,West Suffolk,33,179800,0.01835372636262514
E07000245,West Suffolk,28,179800,0.01557285873192436
E07000245,West Suffolk,28,179800,0.01557285873192436
E07000245,West Suffolk,6,179800,0.0033370411568409346
E07000245,West Suffolk,1,179800,5.561735261401557e-4
E07000245,West Suffolk,0,179800,0
E07000245,West Suffolk,37,179800,0.020578420467185762
E07000245,West Suffolk,31,179800,0.017241379310344827
E07000245,West Suffolk,26,179800,0.014460511679644048
E07000245,West Suffolk,7,179800,0.00389321468298109
E07000245,West Suffolk,1,179800,5.561735261401557e-4
E07000245,West Suffolk,0,179800,0
E07000245,West Suffolk,3538,179800,1.967741935483871
E07000245,West Suffolk,2123,179800,1.1807563959955507
E07000245,West Suffolk,1447,179800,0.8047830923248054
E07000245,West Suffolk,308,179800,0.17130144605116795
E07000245,West Suffolk,67,179800,0.03726362625139043
E07000246,Somerset West and Taunton,0,157400,0
E07000246,Somerset West and Taunton,0,157400,0
E07000246,Somerset West and Taunton,0,157400,0
E07000246,Somerset West and Taunton,0,157400,0
E07000246,Somerset West and Taunton,0,157400,0
E07000246,Somerset West and Taunton,0,157400,0
E07000246,Somerset West and Taunton,0,157400,0
E07000246,Somerset West and Taunton,64011,157400,40.667725540025415
E07000246,Somerset West and Taunton,30979,157400,19.681702668360863
E07000246,Somerset West and Taunton,20791,157400,13.209021601016518
E07000246,Somerset West and Taunton,4283,157400,2.7210927573062262
E07000246,Somerset West and Taunton,843,157400,0.5355781448538754
E07000246,Somerset West and Taunton,0,157400,0
E07000246,Somerset West and Taunton,41,157400,0.026048284625158832
E07000246,Somerset West and Taunton,40,157400,0.025412960609911054
E07000246,Somerset West and Taunton,46,157400,0.029224904701397714
E07000246,Somerset West and Taunton,14,157400,0.008894536213468869
E07000246,Somerset West and Taunton,2,157400,0.0012706480304955528
E07000246,Somerset West and Taunton,0,157400,0
E07000246,Somerset West and Taunton,36,157400,0.022871664548919948
E07000246,Somerset West and Taunton,23,157400,0.014612452350698857
E07000246,Somerset West and Taunton,18,157400,0.011435832274459974
E07000246,Somerset West and Taunton,6,157400,0.0038119440914866584
E07000246,Somerset West and Taunton,4,157400,0.0025412960609911056
E07000246,Somerset West and Taunton,0,157400,0
E07000246,Somerset West and Taunton,27,157400,0.017153748411689963
E07000246,Somerset West and Taunton,20,157400,0.012706480304955527
E07000246,Somerset West and Taunton,24,157400,0.015247776365946633
E07000246,Somerset West and Taunton,6,157400,0.0038119440914866584
E07000246,Somerset West and Taunton,2,157400,0.0012706480304955528
E07000246,Somerset West and Taunton,0,157400,0
E07000246,Somerset West and Taunton,35,157400,0.022236340533672173
E07000246,Somerset West and Taunton,28,157400,0.017789072426937738
E07000246,Somerset West and Taunton,29,157400,0.018424396442185513
E07000246,Somerset West and Taunton,7,157400,0.0044472681067344345
E07000246,Somerset West and Taunton,2,157400,0.0012706480304955528
E07000246,Somerset West and Taunton,0,157400,0
E07000246,Somerset West and Taunton,3535,157400,2.2458703939008893
E07000246,Somerset West and Taunton,1888,157400,1.1994917407878019
E07000246,Somerset West and Taunton,1460,157400,0.9275730622617535
E07000246,Somerset West and Taunton,249,157400,0.15819567979669633
E07000246,Somerset West and Taunton,86,157400,0.054637865311308764
E08000001,Bolton,0,296000,0
E08000001,Bolton,0,296000,0
E08000001,Bolton,0,296000,0
E08000001,Bolton,0,296000,0
E08000001,Bolton,0,296000,0
E08000001,Bolton,0,296000,0
E08000001,Bolton,0,296000,0
E08000001,Bolton,76285,296000,25.77195945945946
E08000001,Bolton,61665,296000,20.83277027027027
E08000001,Bolton,49778,296000,16.816891891891892
E08000001,Bolton,17937,296000,6.0597972972972975
E08000001,Bolton,9789,296000,3.3070945945945946
E08000001,Bolton,0,296000,0
E08000001,Bolton,132,296000,0.0445945945945946
E08000001,Bolton,170,296000,0.057432432432432436
E08000001,Bolton,232,296000,0.07837837837837838
E08000001,Bolton,133,296000,0.04493243243243243
E08000001,Bolton,50,296000,0.016891891891891893
E08000001,Bolton,0,296000,0
E08000001,Bolton,50,296000,0.016891891891891893
E08000001,Bolton,66,296000,0.0222972972972973
E08000001,Bolton,104,296000,0.03513513513513514
E08000001,Bolton,56,296000,0.01891891891891892
E08000001,Bolton,16,296000,0.005405405405405406
E08000001,Bolton,0,296000,0
E08000001,Bolton,51,296000,0.01722972972972973
E08000001,Bolton,85,296000,0.028716216216216218
E08000001,Bolton,113,296000,0.038175675675675674
E08000001,Bolton,49,296000,0.016554054054054055
E08000001,Bolton,13,296000,0.004391891891891892
E08000001,Bolton,0,296000,0
E08000001,Bolton,18,296000,0.006081081081081081
E08000001,Bolton,42,296000,0.01418918918918919
E08000001,Bolton,50,296000,0.016891891891891893
E08000001,Bolton,14,296000,0.00472972972972973
E08000001,Bolton,1,296000,3.3783783783783786e-4
E08000001,Bolton,0,296000,0
E08000001,Bolton,3732,296000,1.2608108108108107
E08000001,Bolton,3366,296000,1.1371621621621621
E08000001,Bolton,3247,296000,1.0969594594594594
E08000001,Bolton,1375,296000,0.46452702702702703
E08000001,Bolton,1477,296000,0.49898648648648647
E08000002,Bury,0,193800,0
E08000002,Bury,0,193800,0
E08000002,Bury,0,193800,0
E08000002,Bury,0,193800,0
E08000002,Bury,0,193800,0
E08000002,Bury,0,193800,0
E08000002,Bury,0,193800,0
E08000002,Bury,61424,193800,31.69453044375645
E08000002,Bury,41310,193800,21.31578947368421
E08000002,Bury,29434,193800,15.18782249742002
E08000002,Bury,9109,193800,4.700206398348813
E08000002,Bury,3543,193800,1.828173374613003
E08000002,Bury,0,193800,0
E08000002,Bury,71,193800,0.03663570691434469
E08000002,Bury,78,193800,0.04024767801857585
E08000002,Bury,97,193800,0.0500515995872033
E08000002,Bury,42,193800,0.021671826625386997
E08000002,Bury,36,193800,0.018575851393188854
E08000002,Bury,0,193800,0
E08000002,Bury,41,193800,0.021155830753353973
E08000002,Bury,39,193800,0.020123839009287926
E08000002,Bury,51,193800,0.02631578947368421
E08000002,Bury,24,193800,0.01238390092879257
E08000002,Bury,6,193800,0.0030959752321981426
E08000002,Bury,0,193800,0
E08000002,Bury,39,193800,0.020123839009287926
E08000002,Bury,49,193800,0.025283797729618165
E08000002,Bury,43,193800,0.02218782249742002
E08000002,Bury,11,193800,0.005675954592363261
E08000002,Bury,2,193800,0.0010319917440660474
E08000002,Bury,0,193800,0
E08000002,Bury,28,193800,0.014447884416924664
E08000002,Bury,32,193800,0.016511867905056758
E08000002,Bury,29,193800,0.014963880288957688
E08000002,Bury,8,193800,0.0041279669762641896
E08000002,Bury,4,193800,0.0020639834881320948
E08000002,Bury,0,193800,0
E08000002,Bury,2685,193800,1.3854489164086687
E08000002,Bury,2181,193800,1.1253869969040247
E08000002,Bury,1772,193800,0.9143446852425181
E08000002,Bury,636,193800,0.3281733746130031
E08000002,Bury,337,193800,0.173890608875129
E08000003,Manchester,0,552000,0
E08000003,Manchester,0,552000,0
E08000003,Manchester,0,552000,0
E08000003,Manchester,0,552000,0
E08000003,Manchester,0,552000,0
E08000003,Manchester,0,552000,0
E08000003,Manchester,0,552000,0
E08000003,Manchester,100063,552000,18.127355072463768
E08000003,Manchester,106945,552000,19.37409420289855
E08000003,Manchester,116617,552000,21.12626811594203
E08000003,Manchester,42989,552000,7.787862318840579
E08000003,Manchester,16709,552000,3.026992753623188
E08000003,Manchester,0,552000,0
E08000003,Manchester,347,552000,0.0628623188405797
E08000003,Manchester,494,552000,0.08949275362318841
E08000003,Manchester,628,552000,0.11376811594202899
E08000003,Manchester,327,552000,0.05923913043478261
E08000003,Manchester,153,552000,0.027717391304347826
E08000003,Manchester,0,552000,0
E08000003,Manchester,112,552000,0.020289855072463767
E08000003,Manchester,185,552000,0.03351449275362319
E08000003,Manchester,251,552000,0.04547101449275362
E08000003,Manchester,107,552000,0.019384057971014494
E08000003,Manchester,43,552000,0.0077898550724637685
E08000003,Manchester,0,552000,0
E08000003,Manchester,124,552000,0.02246376811594203
E08000003,Manchester,187,552000,0.0338768115942029
E08000003,Manchester,239,552000,0.043297101449275364
E08000003,Manchester,103,552000,0.018659420289855073
E08000003,Manchester,51,552000,0.0092391304347826091
E08000003,Manchester,0,552000,0
E08000003,Manchester,176,552000,0.03188405797101449
E08000003,Manchester,238,552000,0.043115942028985506
E08000003,Manchester,344,552000,0.06231884057971015
E08000003,Manchester,94,552000,0.017028985507246377
E08000003,Manchester,7,552000,0.0012681159420289854
E08000003,Manchester,0,552000,0
E08000003,Manchester,6856,552000,1.2420289855072464
E08000003,Manchester,7481,552000,1.3552536231884058
E08000003,Manchester,8655,552000,1.5679347826086956
E08000003,Manchester,3735,552000,0.6766304347826086
E08000003,Manchester,1996,552000,0.3615942028985507
E08000004,Oldham,0,242100,0
E08000004,Oldham,0,242100,0
E08000004,Oldham,0,242100,0
E08000004,Oldham,0,242100,0
E08000004,Oldham,0,242100,0
E08000004,Oldham,0,242100,0
E08000004,Oldham,0,242100,0
E08000004,Oldham,56648,242100,23.39859562164395
E08000004,Oldham,47766,242100,19.729863692688973
E08000004,Oldham,40970,242100,16.92275919041718
E08000004,Oldham,17066,242100,7.049153242461792
E08000004,Oldham,10612,242100,4.38331268071045
E08000004,Oldham,0,242100,0
E08000004,Oldham,104,242100,0.0429574555968608
E08000004,Oldham,156,242100,0.0644361833952912
E08000004,Oldham,254,242100,0.10491532424617926
E08000004,Oldham,140,242100,0.05782734407269723
E08000004,Oldham,76,242100,0.03139198678232136
E08000004,Oldham,0,242100,0
E08000004,Oldham,41,242100,0.016935150764147047
E08000004,Oldham,50,242100,0.020652622883106153
E08000004,Oldham,60,242100,0.024783147459727387
E08000004,Oldham,29,242100,0.01197852127220157
E08000004,Oldham,51,242100,0.021065675340768277
E08000004,Oldham,0,242100,0
E08000004,Oldham,43,242100,0.017761255679471292
E08000004,Oldham,41,242100,0.016935150764147047
E08000004,Oldham,84,242100,0.03469640644361834
E08000004,Oldham,36,242100,0.01486988847583643
E08000004,Oldham,39,242100,0.0161090458488228
E08000004,Oldham,0,242100,0
E08000004,Oldham,20,242100,0.008261049153242462
E08000004,Oldham,28,242100,0.011565468814539447
E08000004,Oldham,21,242100,0.008674101610904586
E08000004,Oldham,14,242100,0.0057827344072697235
E08000004,Oldham,1,242100,4.130524576621231e-4
E08000004,Oldham,0,242100,0
E08000004,Oldham,2807,242100,1.1594382486575796
E08000004,Oldham,2839,242100,1.1726559273027675
E08000004,Oldham,2847,242100,1.1759603469640645
E08000004,Oldham,1534,242100,0.6336224700536969
E08000004,Oldham,1242,242100,0.5130111524163569
E08000005,Rochdale,0,223800,0
E08000005,Rochdale,0,223800,0
E08000005,Rochdale,0,223800,0
E08000005,Rochdale,0,223800,0
E08000005,Rochdale,0,223800,0
E08000005,Rochdale,0,223800,0
E08000005,Rochdale,0,223800,0
E08000005,Rochdale,57810,223800,25.831099195710454
E08000005,Rochdale,46945,223800,20.9763181411975
E08000005,Rochdale,37946,223800,16.95531724754245
E08000005,Rochdale,13730,223800,6.134941912421805
E08000005,Rochdale,6442,223800,2.8784629133154604
E08000005,Rochdale,0,223800,0
E08000005,Rochdale,91,223800,0.04066130473637176
E08000005,Rochdale,131,223800,0.058534405719392314
E08000005,Rochdale,153,223800,0.06836461126005362
E08000005,Rochdale,63,223800,0.028150134048257374
E08000005,Rochdale,50,223800,0.022341376228775692
E08000005,Rochdale,0,223800,0
E08000005,Rochdale,31,223800,0.01385165326184093
E08000005,Rochdale,50,223800,0.022341376228775692
E08000005,Rochdale,58,223800,0.025915996425379804
E08000005,Rochdale,20,223800,0.008936550491510277
E08000005,Rochdale,20,223800,0.008936550491510277
E08000005,Rochdale,0,223800,0
E08000005,Rochdale,38,223800,0.016979445933869526
E08000005,Rochdale,66,223800,0.029490616621983913
E08000005,Rochdale,58,223800,0.025915996425379804
E08000005,Rochdale,16,223800,0.0071492403932082215
E08000005,Rochdale,15,223800,0.006702412868632708
E08000005,Rochdale,0,223800,0
E08000005,Rochdale,21,223800,0.00938337801608579
E08000005,Rochdale,28,223800,0.012511170688114389
E08000005,Rochdale,22,223800,0.009830205540661306
E08000005,Rochdale,9,223800,0.004021447721179625
E08000005,Rochdale,7,223800,0.003127792672028597
E08000005,Rochdale,0,223800,0
E08000005,Rochdale,2706,223800,1.2091152815013404
E08000005,Rochdale,2532,223800,1.1313672922252012
E08000005,Rochdale,2360,223800,1.0545129579982127
E08000005,Rochdale,1036,223800,0.46291331546023234
E08000005,Rochdale,614,223800,0.2743521000893655
E08000006,Salford,0,269900,0
E08000006,Salford,0,269900,0
E08000006,Salford,0,269900,0
E08000006,Salford,0,269900,0
E08000006,Salford,0,269900,0
E08000006,Salford,0,269900,0
E08000006,Salford,0,269900,0
E08000006,Salford,67243,269900,24.914042237865875
E08000006,Salford,58156,269900,21.54723971841423
E08000006,Salford,52377,269900,19.406076324564655
E08000006,Salford,14504,269900,5.373842163764357
E08000006,Salford,4593,269900,1.7017413856984067
E08000006,Salford,0,269900,0
E08000006,Salford,111,269900,0.041126343090033345
E08000006,Salford,145,269900,0.053723601333827344
E08000006,Salford,255,269900,0.09447943682845499
E08000006,Salford,106,269900,0.039273805113004816
E08000006,Salford,34,269900,0.012597258243793997
E08000006,Salford,0,269900,0
E08000006,Salford,37,269900,0.013708781030011115
E08000006,Salford,78,269900,0.028899592441645052
E08000006,Salford,86,269900,0.0318636532048907
E08000006,Salford,25,269900,0.009262689885142646
E08000006,Salford,4,269900,0.0014820303816228233
E08000006,Salford,0,269900,0
E08000006,Salford,42,269900,0.015561319007039644
E08000006,Salford,70,269900,0.025935531678399407
E08000006,Salford,102,269900,0.03779177473138199
E08000006,Salford,49,269900,0.018154872174879585
E08000006,Salford,8,269900,0.0029640607632456465
E08000006,Salford,0,269900,0
E08000006,Salford,49,269900,0.018154872174879585
E08000006,Salford,98,269900,0.03630974434975917
E08000006,Salford,127,269900,0.04705446461652464
E08000006,Salford,35,269900,0.012967765839199704
E08000006,Salford,11,269900,0.004075583549462764
E08000006,Salford,0,269900,0
E08000006,Salford,4021,269900,1.489811041126343
E08000006,Salford,3440,269900,1.274546128195628
E08000006,Salford,3531,269900,1.3082623193775473
E08000006,Salford,1366,269900,0.5061133753241941
E08000006,Salford,555,269900,0.20563171545016673
E08000007,Stockport,0,294800,0
E08000007,Stockport,0,294800,0
E08000007,Stockport,0,294800,0
E08000007,Stockport,0,294800,0
E08000007,Stockport,0,294800,0
E08000007,Stockport,0,294800,0
E08000007,Stockport,0,294800,0
E08000007,Stockport,111001,294800,37.65298507462686
E08000007,Stockport,61449,294800,20.844301221166894
E08000007,Stockport,40594,294800,13.770013568521032
E08000007,Stockport,9882,294800,3.3521031207598373
E08000007,Stockport,2439,294800,0.8273405698778833
E08000007,Stockport,0,294800,0
E08000007,Stockport,97,294800,0.03290366350067843
E08000007,Stockport,83,294800,0.028154681139755767
E08000007,Stockport,93,294800,0.03154681139755767
E08000007,Stockport,30,294800,0.0101763907734057
E08000007,Stockport,8,294800,0.0027137042062415195
E08000007,Stockport,0,294800,0
E08000007,Stockport,53,294800,0.01797829036635007
E08000007,Stockport,48,294800,0.016282225237449117
E08000007,Stockport,58,294800,0.01967435549525102
E08000007,Stockport,16,294800,0.005427408412483039
E08000007,Stockport,4,294800,0.0013568521031207597
E08000007,Stockport,0,294800,0
E08000007,Stockport,55,294800,0.018656716417910446
E08000007,Stockport,30,294800,0.0101763907734057
E08000007,Stockport,56,294800,0.018995929443690638
E08000007,Stockport,16,294800,0.005427408412483039
E08000007,Stockport,3,294800,0.0010176390773405698
E08000007,Stockport,0,294800,0
E08000007,Stockport,61,294800,0.020691994572591587
E08000007,Stockport,64,294800,0.021709633649932156
E08000007,Stockport,63,294800,0.021370420624151967
E08000007,Stockport,13,294800,0.004409769335142469
E08000007,Stockport,0,294800,0
E08000007,Stockport,0,294800,0
E08000007,Stockport,4599,294800,1.5600407055630936
E08000007,Stockport,2888,294800,0.9796472184531886
E08000007,Stockport,2260,294800,0.7666214382632293
E08000007,Stockport,633,294800,0.21472184531886024
E08000007,Stockport,184,294800,0.06241519674355495
E08000008,Tameside,0,231100,0
E08000008,Tameside,0,231100,0
E08000008,Tameside,0,231100,0
E08000008,Tameside,0,231100,0
E08000008,Tameside,0,231100,0
E08000008,Tameside,0,231100,0
E08000008,Tameside,0,231100,0
E08000008,Tameside,56267,231100,24.34746862829944
E08000008,Tameside,56408,231100,24.408481176979663
E08000008,Tameside,44498,231100,19.254868022501082
E08000008,Tameside,12730,231100,5.508437905668542
E08000008,Tameside,4358,231100,1.8857637386412809
E08000008,Tameside,0,231100,0
E08000008,Tameside,72,231100,0.03115534400692341
E08000008,Tameside,122,231100,0.05279099956728689
E08000008,Tameside,139,231100,0.060147122457810474
E08000008,Tameside,94,231100,0.04067503245348334
E08000008,Tameside,20,231100,0.00865426222414539
E08000008,Tameside,0,231100,0
E08000008,Tameside,29,231100,0.012548680225010819
E08000008,Tameside,51,231100,0.02206836867157075
E08000008,Tameside,56,231100,0.024231934227607096
E08000008,Tameside,26,231100,0.01125054089138901
E08000008,Tameside,18,231100,0.007788836001730853
E08000008,Tameside,0,231100,0
E08000008,Tameside,27,231100,0.011683254002596278
E08000008,Tameside,48,231100,0.02077022933794894
E08000008,Tameside,47,231100,0.02033751622674167
E08000008,Tameside,25,231100,0.010817827780181739
E08000008,Tameside,8,231100,0.0034617048896581565
E08000008,Tameside,0,231100,0
E08000008,Tameside,29,231100,0.012548680225010819
E08000008,Tameside,51,231100,0.02206836867157075
E08000008,Tameside,60,231100,0.025962786672436174
E08000008,Tameside,26,231100,0.01125054089138901
E08000008,Tameside,1,231100,4.3271311120726956e-4
E08000008,Tameside,0,231100,0
E08000008,Tameside,2468,231100,1.0679359584595414
E08000008,Tameside,2692,231100,1.1648636953699698
E08000008,Tameside,2193,231100,0.9489398528775422
E08000008,Tameside,777,231100,0.3362180874080485
E08000008,Tameside,454,231100,0.1964517524881004
E08000009,Trafford,0,235100,0
E08000009,Trafford,0,235100,0
E08000009,Trafford,0,235100,0
E08000009,Trafford,0,235100,0
E08000009,Trafford,0,235100,0
E08000009,Trafford,0,235100,0
E08000009,Trafford,0,235100,0
E08000009,Trafford,90357,235100,38.43343258188005
E08000009,Trafford,44849,235100,19.076563164610803
E08000009,Trafford,30287,235100,12.882603147596768
E08000009,Trafford,7908,235100,3.3636750319013187
E08000009,Trafford,2061,235100,0.8766482347937048
E08000009,Trafford,0,235100,0
E08000009,Trafford,99,235100,0.04210974053594215
E08000009,Trafford,67,235100,0.028498511271799233
E08000009,Trafford,83,235100,0.03530412590387069
E08000009,Trafford,22,235100,0.009357720119098255
E08000009,Trafford,8,235100,0.0034028073160357296
E08000009,Trafford,0,235100,0
E08000009,Trafford,58,235100,0.02467035304125904
E08000009,Trafford,46,235100,0.019566142067205444
E08000009,Trafford,41,235100,0.017439387494683115
E08000009,Trafford,18,235100,0.0076563164610803916
E08000009,Trafford,3,235100,0.0012760527435133986
E08000009,Trafford,0,235100,0
E08000009,Trafford,55,235100,0.02339430029774564
E08000009,Trafford,44,235100,0.01871544023819651
E08000009,Trafford,41,235100,0.017439387494683115
E08000009,Trafford,11,235100,0.004678860059549128
E08000009,Trafford,2,235100,8.507018290089324e-4
E08000009,Trafford,0,235100,0
E08000009,Trafford,65,235100,0.027647809442790303
E08000009,Trafford,46,235100,0.019566142067205444
E08000009,Trafford,37,235100,0.015737983836665248
E08000009,Trafford,15,235100,0.0063802637175669925
E08000009,Trafford,0,235100,0
E08000009,Trafford,0,235100,0
E08000009,Trafford,3920,235100,1.6673755848575074
E08000009,Trafford,2216,235100,0.942577626541897
E08000009,Trafford,1682,235100,0.7154402381965121
E08000009,Trafford,546,235100,0.23224159931943852
E08000009,Trafford,184,235100,0.07826456826882178
E08000010,Wigan,0,329300,0
E08000010,Wigan,0,329300,0
E08000010,Wigan,0,329300,0
E08000010,Wigan,0,329300,0
E08000010,Wigan,0,329300,0
E08000010,Wigan,0,329300,0
E08000010,Wigan,0,329300,0
E08000010,Wigan,119221,329300,36.20437291223808
E08000010,Wigan,75003,329300,22.776495596720316
E08000010,Wigan,45674,329300,13.870027330701488
E08000010,Wigan,11324,329300,3.438809596112967
E08000010,Wigan,2488,329300,0.7555420589128454
E08000010,Wigan,0,329300,0
E08000010,Wigan,141,329300,0.04281809899787428
E08000010,Wigan,142,329300,0.04312177345885211
E08000010,Wigan,115,329300,0.034922563012450655
E08000010,Wigan,52,329300,0.01579107197084725
E08000010,Wigan,15,329300,0.004555116914667477
E08000010,Wigan,0,329300,0
E08000010,Wigan,55,329300,0.016702095353780748
E08000010,Wigan,39,329300,0.011843303978135438
E08000010,Wigan,45,329300,0.013665350744002429
E08000010,Wigan,11,329300,0.0033404190707561495
E08000010,Wigan,6,329300,0.0018220467658669906
E08000010,Wigan,0,329300,0
E08000010,Wigan,67,329300,0.02034618888551473
E08000010,Wigan,66,329300,0.020042514424536896
E08000010,Wigan,68,329300,0.02064986334649256
E08000010,Wigan,14,329300,0.004251442453689645
E08000010,Wigan,3,329300,9.110233829334953e-4
E08000010,Wigan,0,329300,0
E08000010,Wigan,27,329300,0.008199210446401458
E08000010,Wigan,43,329300,0.013058001822046765
E08000010,Wigan,41,329300,0.012450652900091102
E08000010,Wigan,9,329300,0.002733070148800486
E08000010,Wigan,2,329300,6.073489219556636e-4
E08000010,Wigan,0,329300,0
E08000010,Wigan,4828,329300,1.4661402976009719
E08000010,Wigan,3569,329300,1.0838141512298816
E08000010,Wigan,2314,329300,0.7027027027027027
E08000010,Wigan,710,329300,0.21560886729426054
E08000010,Wigan,141,329300,0.04281809899787428
E08000011,Knowsley,0,154500,0
E08000011,Knowsley,0,154500,0
E08000011,Knowsley,0,154500,0
E08000011,Knowsley,0,154500,0
E08000011,Knowsley,0,154500,0
E08000011,Knowsley,0,154500,0
E08000011,Knowsley,0,154500,0
E08000011,Knowsley,55305,154500,35.79611650485437
E08000011,Knowsley,35067,154500,22.697087378640777
E08000011,Knowsley,20651,154500,13.366343042071197
E08000011,Knowsley,5213,154500,3.3741100323624598
E08000011,Knowsley,1275,154500,0.8252427184466019
E08000011,Knowsley,0,154500,0
E08000011,Knowsley,75,154500,0.04854368932038835
E08000011,Knowsley,51,154500,0.03300970873786408
E08000011,Knowsley,48,154500,0.031067961165048542
E08000011,Knowsley,16,154500,0.010355987055016181
E08000011,Knowsley,6,154500,0.003883495145631068
E08000011,Knowsley,0,154500,0
E08000011,Knowsley,18,154500,0.011650485436893204
E08000011,Knowsley,18,154500,0.011650485436893204
E08000011,Knowsley,17,154500,0.011003236245954692
E08000011,Knowsley,6,154500,0.003883495145631068
E08000011,Knowsley,4,154500,0.0025889967637540453
E08000011,Knowsley,0,154500,0
E08000011,Knowsley,37,154500,0.02394822006472492
E08000011,Knowsley,17,154500,0.011003236245954692
E08000011,Knowsley,19,154500,0.012297734627831715
E08000011,Knowsley,9,154500,0.005825242718446602
E08000011,Knowsley,4,154500,0.0025889967637540453
E08000011,Knowsley,0,154500,0
E08000011,Knowsley,12,154500,0.007766990291262136
E08000011,Knowsley,15,154500,0.009708737864077669
E08000011,Knowsley,11,154500,0.007119741100323625
E08000011,Knowsley,3,154500,0.001941747572815534
E08000011,Knowsley,1,154500,6.472491909385113e-4
E08000011,Knowsley,0,154500,0
E08000011,Knowsley,2632,154500,1.7035598705501618
E08000011,Knowsley,1538,154500,0.9954692556634305
E08000011,Knowsley,1091,154500,0.7061488673139159
E08000011,Knowsley,252,154500,0.16310679611650486
E08000011,Knowsley,66,154500,0.04271844660194175
E08000012,Liverpool,0,486100,0
E08000012,Liverpool,0,486100,0
E08000012,Liverpool,0,486100,0
E08000012,Liverpool,0,486100,0
E08000012,Liverpool,0,486100,0
E08000012,Liverpool,0,486100,0
E08000012,Liverpool,0,486100,0
E08000012,Liverpool,155147,486100,31.916683809915654
E08000012,Liverpool,100266,486100,20.62662003702942
E08000012,Liverpool,74540,486100,15.334293355276692
E08000012,Liverpool,22340,486100,4.595762188850031
E08000012,Liverpool,5395,486100,1.1098539395186175
E08000012,Liverpool,0,486100,0
E08000012,Liverpool,331,486100,0.06809298498251388
E08000012,Liverpool,341,486100,0.07015017486113968
E08000012,Liverpool,453,486100,0.09319070150174862
E08000012,Liverpool,139,486100,0.028594939312898582
E08000012,Liverpool,41,486100,0.008434478502365768
E08000012,Liverpool,0,486100,0
E08000012,Liverpool,156,486100,0.03209216210656243
E08000012,Liverpool,113,486100,0.023246245628471506
E08000012,Liverpool,129,486100,0.026537749434272784
E08000012,Liverpool,30,486100,0.0061715696358773916
E08000012,Liverpool,5,486100,0.0010285949393128986
E08000012,Liverpool,0,486100,0
E08000012,Liverpool,133,486100,0.027360625385723102
E08000012,Liverpool,116,486100,0.023863402592059248
E08000012,Liverpool,120,486100,0.024686278543509566
E08000012,Liverpool,46,486100,0.009463073441678667
E08000012,Liverpool,3,486100,6.171569635877391e-4
E08000012,Liverpool,0,486100,0
E08000012,Liverpool,130,486100,0.026743468422135364
E08000012,Liverpool,133,486100,0.027360625385723102
E08000012,Liverpool,144,486100,0.02962353425221148
E08000012,Liverpool,30,486100,0.0061715696358773916
E08000012,Liverpool,11,486100,0.002262908866488377
E08000012,Liverpool,0,486100,0
E08000012,Liverpool,8135,486100,1.673523966262086
E08000012,Liverpool,5420,486100,1.114996914215182
E08000012,Liverpool,4736,486100,0.9742851265171776
E08000012,Liverpool,1659,486100,0.3412878008640198
E08000012,Liverpool,632,486100,0.13001440032915038
E08000013,St. Helens,0,183200,0
E08000013,St. Helens,0,183200,0
E08000013,St. Helens,0,183200,0
E08000013,St. Helens,0,183200,0
E08000013,St. Helens,0,183200,0
E08000013,St. Helens,0,183200,0
E08000013,St. Helens,0,183200,0
E08000013,St. Helens,70303,183200,38.375
E08000013,St. Helens,42061,183200,22.95906113537118
E08000013,St. Helens,23844,183200,13.01528384279476
E08000013,St. Helens,5413,183200,2.9546943231441047
E08000013,St. Helens,1133,183200,0.6184497816593887
E08000013,St. Helens,0,183200,0
E08000013,St. Helens,87,183200,0.047489082969432314
E08000013,St. Helens,74,183200,0.04039301310043668
E08000013,St. Helens,72,183200,0.039301310043668124
E08000013,St. Helens,14,183200,0.007641921397379912
E08000013,St. Helens,5,183200,0.0027292576419213972
E08000013,St. Helens,0,183200,0
E08000013,St. Helens,43,183200,0.023471615720524017
E08000013,St. Helens,28,183200,0.015283842794759825
E08000013,St. Helens,18,183200,0.009825327510917031
E08000013,St. Helens,4,183200,0.002183406113537118
E08000013,St. Helens,1,183200,5.458515283842794e-4
E08000013,St. Helens,0,183200,0
E08000013,St. Helens,44,183200,0.024017467248908297
E08000013,St. Helens,37,183200,0.02019650655021834
E08000013,St. Helens,31,183200,0.016921397379912665
E08000013,St. Helens,9,183200,0.0049126637554585155
E08000013,St. Helens,0,183200,0
E08000013,St. Helens,0,183200,0
E08000013,St. Helens,25,183200,0.013646288209606987
E08000013,St. Helens,19,183200,0.01037117903930131
E08000013,St. Helens,20,183200,0.010917030567685589
E08000013,St. Helens,3,183200,0.0016375545851528383
E08000013,St. Helens,0,183200,0
E08000013,St. Helens,0,183200,0
E08000013,St. Helens,2885,183200,1.5747816593886463
E08000013,St. Helens,1771,183200,0.9667030567685589
E08000013,St. Helens,1099,183200,0.5998908296943232
E08000013,St. Helens,282,183200,0.1539301310043668
E08000013,St. Helens,34,183200,0.018558951965065504
E08000014,Sefton,0,279300,0
E08000014,Sefton,0,279300,0
E08000014,Sefton,0,279300,0
E08000014,Sefton,0,279300,0
E08000014,Sefton,0,279300,0
E08000014,Sefton,0,279300,0
E08000014,Sefton,0,279300,0
E08000014,Sefton,117582,279300,42.098818474758325
E08000014,Sefton,56368,279300,20.18188327962764
E08000014,Sefton,34477,279300,12.344074471894022
E08000014,Sefton,7790,279300,2.7891156462585034
E08000014,Sefton,2081,279300,0.7450769781596849
E08000014,Sefton,0,279300,0
E08000014,Sefton,111,279300,0.0397422126745435
E08000014,Sefton,88,279300,0.03150733977801647
E08000014,Sefton,95,279300,0.034013605442176874
E08000014,Sefton,40,279300,0.014321518080916577
E08000014,Sefton,5,279300,0.0017901897601145722
E08000014,Sefton,0,279300,0
E08000014,Sefton,62,279300,0.022198353025420694
E08000014,Sefton,38,279300,0.013605442176870748
E08000014,Sefton,44,279300,0.015753669889008236
E08000014,Sefton,6,279300,0.0021482277121374865
E08000014,Sefton,2,279300,7.160759040458289e-4
E08000014,Sefton,0,279300,0
E08000014,Sefton,60,279300,0.021482277121374866
E08000014,Sefton,49,279300,0.017543859649122806
E08000014,Sefton,42,279300,0.015037593984962405
E08000014,Sefton,8,279300,0.0028643036161833156
E08000014,Sefton,2,279300,7.160759040458289e-4
E08000014,Sefton,0,279300,0
E08000014,Sefton,44,279300,0.015753669889008236
E08000014,Sefton,49,279300,0.017543859649122806
E08000014,Sefton,28,279300,0.010025062656641603
E08000014,Sefton,11,279300,0.003938417472252059
E08000014,Sefton,5,279300,0.0017901897601145722
E08000014,Sefton,0,279300,0
E08000014,Sefton,4887,279300,1.7497314715359829
E08000014,Sefton,2523,279300,0.9033297529538131
E08000014,Sefton,1718,279300,0.615109201575367
E08000014,Sefton,434,279300,0.15538847117794485
E08000014,Sefton,261,279300,0.09344790547798067
E08000015,Wirral,0,320200,0
E08000015,Wirral,0,320200,0
E08000015,Wirral,0,320200,0
E08000015,Wirral,0,320200,0
E08000015,Wirral,0,320200,0
E08000015,Wirral,0,320200,0
E08000015,Wirral,0,320200,0
E08000015,Wirral,137480,320200,42.93566520924422
E08000015,Wirral,64819,320200,20.243285446595877
E08000015,Wirral,35713,320200,11.153341661461587
E08000015,Wirral,6968,320200,2.1761399125546532
E08000015,Wirral,1392,320200,0.43472829481574016
E08000015,Wirral,0,320200,0
E08000015,Wirral,124,320200,0.03872579637726421
E08000015,Wirral,110,320200,0.034353529044347283
E08000015,Wirral,96,320200,0.029981261711430358
E08000015,Wirral,12,320200,0.0037476577139287947
E08000015,Wirral,4,320200,0.0012492192379762648
E08000015,Wirral,0,320200,0
E08000015,Wirral,96,320200,0.029981261711430358
E08000015,Wirral,45,320200,0.014053716427232979
E08000015,Wirral,55,320200,0.017176764522173642
E08000015,Wirral,12,320200,0.0037476577139287947
E08000015,Wirral,1,320200,3.123048094940662e-4
E08000015,Wirral,0,320200,0
E08000015,Wirral,81,320200,0.025296689569019364
E08000015,Wirral,52,320200,0.016239850093691444
E08000015,Wirral,32,320200,0.009993753903810118
E08000015,Wirral,14,320200,0.004372267332916927
E08000015,Wirral,3,320200,9.369144284821987e-4
E08000015,Wirral,0,320200,0
E08000015,Wirral,84,320200,0.02623360399750156
E08000015,Wirral,58,320200,0.01811367895065584
E08000015,Wirral,45,320200,0.014053716427232979
E08000015,Wirral,18,320200,0.005621486570893191
E08000015,Wirral,5,320200,0.001561524047470331
E08000015,Wirral,0,320200,0
E08000015,Wirral,6323,320200,1.9747033104309806
E08000015,Wirral,3151,320200,0.9840724547158026
E08000015,Wirral,2016,320200,0.6296064959400375
E08000015,Wirral,452,320200,0.14116177389131793
E08000015,Wirral,77,320200,0.024047470331043097
E08000016,Barnsley,0,244600,0
E08000016,Barnsley,0,244600,0
E08000016,Barnsley,0,244600,0
E08000016,Barnsley,0,244600,0
E08000016,Barnsley,0,244600,0
E08000016,Barnsley,0,244600,0
E08000016,Barnsley,0,244600,0
E08000016,Barnsley,80006,244600,32.70891251022077
E08000016,Barnsley,61679,244600,25.216271463614063
E08000016,Barnsley,36361,244600,14.865494685200327
E08000016,Barnsley,8320,244600,3.401471790678659
E08000016,Barnsley,1906,244600,0.7792313982011447
E08000016,Barnsley,0,244600,0
E08000016,Barnsley,104,244600,0.04251839738348324
E08000016,Barnsley,119,244600,0.04865085854456255
E08000016,Barnsley,109,244600,0.04456255110384301
E08000016,Barnsley,33,244600,0.01349141455437449
E08000016,Barnsley,8,244600,0.003270645952575634
E08000016,Barnsley,0,244600,0
E08000016,Barnsley,50,244600,0.02044153720359771
E08000016,Barnsley,41,244600,0.016762060506950123
E08000016,Barnsley,38,244600,0.01553556827473426
E08000016,Barnsley,7,244600,0.0028618152085036794
E08000016,Barnsley,0,244600,0
E08000016,Barnsley,0,244600,0
E08000016,Barnsley,42,244600,0.017170891251022075
E08000016,Barnsley,51,244600,0.020850367947669663
E08000016,Barnsley,49,244600,0.020032706459525755
E08000016,Barnsley,8,244600,0.003270645952575634
E08000016,Barnsley,0,244600,0
E08000016,Barnsley,0,244600,0
E08000016,Barnsley,30,244600,0.012264922322158627
E08000016,Barnsley,37,244600,0.015126737530662305
E08000016,Barnsley,23,244600,0.009403107113654947
E08000016,Barnsley,10,244600,0.004088307440719542
E08000016,Barnsley,0,244600,0
E08000016,Barnsley,0,244600,0
E08000016,Barnsley,3446,244600,1.4088307440719543
E08000016,Barnsley,3147,244600,1.28659035159444
E08000016,Barnsley,1875,244600,0.7665576451349142
E08000016,Barnsley,481,244600,0.19664758789860998
E08000016,Barnsley,118,244600,0.0482420278004906
E08000017,Doncaster,0,308100,0
E08000017,Doncaster,0,308100,0
E08000017,Doncaster,0,308100,0
E08000017,Doncaster,0,308100,0
E08000017,Doncaster,0,308100,0
E08000017,Doncaster,0,308100,0
E08000017,Doncaster,0,308100,0
E08000017,Doncaster,115277,308100,37.41544952937358
E08000017,Doncaster,66810,308100,21.684518013631937
E08000017,Doncaster,38795,308100,12.591691009412529
E08000017,Doncaster,8957,308100,2.9071729957805905
E08000017,Doncaster,1996,308100,0.6478416098669263
E08000017,Doncaster,0,308100,0
E08000017,Doncaster,226,308100,0.07335280753002273
E08000017,Doncaster,175,308100,0.05679974034404414
E08000017,Doncaster,169,308100,0.05485232067510549
E08000017,Doncaster,46,308100,0.014930217461863031
E08000017,Doncaster,24,308100,0.007789678675754625
E08000017,Doncaster,0,308100,0
E08000017,Doncaster,70,308100,0.022719896137617657
E08000017,Doncaster,75,308100,0.024342745861733205
E08000017,Doncaster,54,308100,0.017526777020447908
E08000017,Doncaster,14,308100,0.004543979227523531
E08000017,Doncaster,1,308100,3.245699448231094e-4
E08000017,Doncaster,0,308100,0
E08000017,Doncaster,78,308100,0.02531645569620253
E08000017,Doncaster,69,308100,0.022395326192794548
E08000017,Doncaster,65,308100,0.02109704641350211
E08000017,Doncaster,13,308100,0.004219409282700422
E08000017,Doncaster,3,308100,9.737098344693282e-4
E08000017,Doncaster,0,308100,0
E08000017,Doncaster,43,308100,0.013956507627393703
E08000017,Doncaster,29,308100,0.009412528399870172
E08000017,Doncaster,38,308100,0.012333657903278157
E08000017,Doncaster,3,308100,9.737098344693282e-4
E08000017,Doncaster,3,308100,9.737098344693282e-4
E08000017,Doncaster,0,308100,0
E08000017,Doncaster,5906,308100,1.916910094125284
E08000017,Doncaster,3816,308100,1.2385589094449854
E08000017,Doncaster,2472,308100,0.8023369036027264
E08000017,Doncaster,595,308100,0.19311911716975008
E08000017,Doncaster,204,308100,0.06621226874391431
E08000018,Rotherham,0,265800,0
E08000018,Rotherham,0,265800,0
E08000018,Rotherham,0,265800,0
E08000018,Rotherham,0,265800,0
E08000018,Rotherham,0,265800,0
E08000018,Rotherham,0,265800,0
E08000018,Rotherham,0,265800,0
E08000018,Rotherham,96524,265800,36.314522197140704
E08000018,Rotherham,59089,265800,22.230624529721595
E08000018,Rotherham,35666,265800,13.418359668924003
E08000018,Rotherham,8413,265800,3.1651617757712565
E08000018,Rotherham,2606,265800,0.9804364183596689
E08000018,Rotherham,0,265800,0
E08000018,Rotherham,141,265800,0.05304740406320542
E08000018,Rotherham,143,265800,0.05379984951091046
E08000018,Rotherham,169,265800,0.063581640331076
E08000018,Rotherham,81,265800,0.030474040632054177
E08000018,Rotherham,66,265800,0.024830699774266364
E08000018,Rotherham,0,265800,0
E08000018,Rotherham,42,265800,0.01580135440180587
E08000018,Rotherham,41,265800,0.015425131677953348
E08000018,Rotherham,56,265800,0.021068472535741158
E08000018,Rotherham,11,265800,0.004138449962377728
E08000018,Rotherham,10,265800,0.003762227238525207
E08000018,Rotherham,0,265800,0
E08000018,Rotherham,46,265800,0.01730624529721595
E08000018,Rotherham,59,265800,0.02219714070729872
E08000018,Rotherham,69,265800,0.025959367945823927
E08000018,Rotherham,13,265800,0.004890895410082769
E08000018,Rotherham,8,265800,0.0030097817908201654
E08000018,Rotherham,0,265800,0
E08000018,Rotherham,33,265800,0.012415349887133182
E08000018,Rotherham,45,265800,0.016930022573363433
E08000018,Rotherham,26,265800,0.009781790820165538
E08000018,Rotherham,7,265800,0.0026335590669676447
E08000018,Rotherham,2,265800,7.524454477050414e-4
E08000018,Rotherham,0,265800,0
E08000018,Rotherham,4260,265800,1.602708803611738
E08000018,Rotherham,3113,265800,1.171181339352897
E08000018,Rotherham,2162,265800,0.8133935289691497
E08000018,Rotherham,564,265800,0.21218961625282168
E08000018,Rotherham,268,265800,0.10082768999247554
E08000019,Sheffield,0,556500,0
E08000019,Sheffield,0,556500,0
E08000019,Sheffield,0,556500,0
E08000019,Sheffield,0,556500,0
E08000019,Sheffield,0,556500,0
E08000019,Sheffield,0,556500,0
E08000019,Sheffield,0,556500,0
E08000019,Sheffield,167079,556500,30.023180592991913
E08000019,Sheffield,109850,556500,19.739442946990117
E08000019,Sheffield,92724,556500,16.66199460916442
E08000019,Sheffield,28374,556500,5.098652291105121
E08000019,Sheffield,8724,556500,1.567654986522911
E08000019,Sheffield,0,556500,0
E08000019,Sheffield,284,556500,0.05103324348607367
E08000019,Sheffield,334,556500,0.06001796945193172
E08000019,Sheffield,469,556500,0.08427672955974842
E08000019,Sheffield,219,556500,0.039353099730458224
E08000019,Sheffield,183,556500,0.03288409703504043
E08000019,Sheffield,0,556500,0
E08000019,Sheffield,156,556500,0.028032345013477088
E08000019,Sheffield,110,556500,0.019766397124887692
E08000019,Sheffield,161,556500,0.028930817610062894
E08000019,Sheffield,65,556500,0.011680143755615454
E08000019,Sheffield,25,556500,0.004492362982929021
E08000019,Sheffield,0,556500,0
E08000019,Sheffield,108,556500,0.01940700808625337
E08000019,Sheffield,106,556500,0.01904761904761905
E08000019,Sheffield,173,556500,0.03108715184186882
E08000019,Sheffield,62,556500,0.011141060197663972
E08000019,Sheffield,25,556500,0.004492362982929021
E08000019,Sheffield,0,556500,0
E08000019,Sheffield,216,556500,0.03881401617250674
E08000019,Sheffield,214,556500,0.03845462713387242
E08000019,Sheffield,224,556500,0.04025157232704402
E08000019,Sheffield,71,556500,0.012758310871518418
E08000019,Sheffield,12,556500,0.00215633423180593
E08000019,Sheffield,0,556500,0
E08000019,Sheffield,8829,556500,1.586522911051213
E08000019,Sheffield,6783,556500,1.2188679245283018
E08000019,Sheffield,6811,556500,1.2238993710691823
E08000019,Sheffield,2376,556500,0.4269541778975741
E08000019,Sheffield,902,556500,0.16208445642407907
E08000021,Newcastle upon Tyne,0,300200,0
E08000021,Newcastle upon Tyne,0,300200,0
E08000021,Newcastle upon Tyne,0,300200,0
E08000021,Newcastle upon Tyne,0,300200,0
E08000021,Newcastle upon Tyne,0,300200,0
E08000021,Newcastle upon Tyne,0,300200,0
E08000021,Newcastle upon Tyne,0,300200,0
E08000021,Newcastle upon Tyne,85134,300200,28.359093937375082
E08000021,Newcastle upon Tyne,63097,300200,21.01832111925383
E08000021,Newcastle upon Tyne,49582,300200,16.51632245169887
E08000021,Newcastle upon Tyne,14899,300200,4.963024650233178
E08000021,Newcastle upon Tyne,3821,300200,1.2728181212524983
E08000021,Newcastle upon Tyne,0,300200,0
E08000021,Newcastle upon Tyne,176,300200,0.05862758161225849
E08000021,Newcastle upon Tyne,282,300200,0.09393737508327782
E08000021,Newcastle upon Tyne,333,300200,0.11092604930046636
E08000021,Newcastle upon Tyne,85,300200,0.028314457028647568
E08000021,Newcastle upon Tyne,35,300200,0.011658894070619586
E08000021,Newcastle upon Tyne,0,300200,0
E08000021,Newcastle upon Tyne,66,300200,0.021985343104596936
E08000021,Newcastle upon Tyne,102,300200,0.03397734843437708
E08000021,Newcastle upon Tyne,128,300200,0.04263824117255163
E08000021,Newcastle upon Tyne,34,300200,0.011325782811459028
E08000021,Newcastle upon Tyne,2,300200,6.662225183211193e-4
E08000021,Newcastle upon Tyne,0,300200,0
E08000021,Newcastle upon Tyne,71,300200,0.023650899400399734
E08000021,Newcastle upon Tyne,111,300200,0.03697534976682212
E08000021,Newcastle upon Tyne,122,300200,0.04063957361758828
E08000021,Newcastle upon Tyne,23,300200,0.007661558960692871
E08000021,Newcastle upon Tyne,10,300200,0.0033311125916055963
E08000021,Newcastle upon Tyne,0,300200,0
E08000021,Newcastle upon Tyne,119,300200,0.039640239840106596
E08000021,Newcastle upon Tyne,143,300200,0.047634910059960026
E08000021,Newcastle upon Tyne,135,300200,0.04497001998667555
E08000021,Newcastle upon Tyne,34,300200,0.011325782811459028
E08000021,Newcastle upon Tyne,4,300200,0.0013324450366422385
E08000021,Newcastle upon Tyne,0,300200,0
E08000021,Newcastle upon Tyne,4239,300200,1.4120586275816123
E08000021,Newcastle upon Tyne,3472,300200,1.156562291805463
E08000021,Newcastle upon Tyne,3400,300200,1.1325782811459026
E08000021,Newcastle upon Tyne,1075,300200,0.3580946035976016
E08000021,Newcastle upon Tyne,531,300200,0.17688207861425717
E08000022,North Tyneside,0,209000,0
E08000022,North Tyneside,0,209000,0
E08000022,North Tyneside,0,209000,0
E08000022,North Tyneside,0,209000,0
E08000022,North Tyneside,0,209000,0
E08000022,North Tyneside,0,209000,0
E08000022,North Tyneside,0,209000,0
E08000022,North Tyneside,78660,209000,37.63636363636363
E08000022,North Tyneside,49177,209000,23.529665071770335
E08000022,North Tyneside,29210,209000,13.976076555023923
E08000022,North Tyneside,5268,209000,2.520574162679426
E08000022,North Tyneside,878,209000,0.4200956937799043
E08000022,North Tyneside,0,209000,0
E08000022,North Tyneside,84,209000,0.04019138755980861
E08000022,North Tyneside,93,209000,0.04449760765550239
E08000022,North Tyneside,70,209000,0.03349282296650718
E08000022,North Tyneside,10,209000,0.004784688995215311
E08000022,North Tyneside,0,209000,0
E08000022,North Tyneside,0,209000,0
E08000022,North Tyneside,42,209000,0.020095693779904306
E08000022,North Tyneside,39,209000,0.018660287081339714
E08000022,North Tyneside,36,209000,0.01722488038277512
E08000022,North Tyneside,4,209000,0.0019138755980861245
E08000022,North Tyneside,1,209000,4.784688995215311e-4
E08000022,North Tyneside,0,209000,0
E08000022,North Tyneside,41,209000,0.019617224880382776
E08000022,North Tyneside,36,209000,0.01722488038277512
E08000022,North Tyneside,41,209000,0.019617224880382776
E08000022,North Tyneside,10,209000,0.004784688995215311
E08000022,North Tyneside,3,209000,0.0014354066985645933
E08000022,North Tyneside,0,209000,0
E08000022,North Tyneside,46,209000,0.02200956937799043
E08000022,North Tyneside,57,209000,0.02727272727272727
E08000022,North Tyneside,43,209000,0.02057416267942584
E08000022,North Tyneside,7,209000,0.0033492822966507177
E08000022,North Tyneside,0,209000,0
E08000022,North Tyneside,0,209000,0
E08000022,North Tyneside,2745,209000,1.313397129186603
E08000022,North Tyneside,2038,209000,0.9751196172248804
E08000022,North Tyneside,1340,209000,0.6411483253588517
E08000022,North Tyneside,232,209000,0.11100478468899522
E08000022,North Tyneside,49,209000,0.023444976076555026
E08000023,South Tyneside,0,147800,0
E08000023,South Tyneside,0,147800,0
E08000023,South Tyneside,0,147800,0
E08000023,South Tyneside,0,147800,0
E08000023,South Tyneside,0,147800,0
E08000023,South Tyneside,0,147800,0
E08000023,South Tyneside,0,147800,0
E08000023,South Tyneside,49683,147800,33.615020297699594
E08000023,South Tyneside,35765,147800,24.19824086603518
E08000023,South Tyneside,23607,147800,15.972259810554803
E08000023,South Tyneside,4751,147800,3.2144790257104194
E08000023,South Tyneside,867,147800,0.5866035182679297
E08000023,South Tyneside,0,147800,0
E08000023,South Tyneside,56,147800,0.037889039242219216
E08000023,South Tyneside,51,147800,0.03450608930987822
E08000023,South Tyneside,59,147800,0.039918809201623814
E08000023,South Tyneside,9,147800,0.006089309878213802
E08000023,South Tyneside,5,147800,0.0033829499323410014
E08000023,South Tyneside,0,147800,0
E08000023,South Tyneside,21,147800,0.014208389715832206
E08000023,South Tyneside,28,147800,0.018944519621109608
E08000023,South Tyneside,23,147800,0.015561569688768605
E08000023,South Tyneside,2,147800,0.0013531799729364006
E08000023,South Tyneside,2,147800,0.0013531799729364006
E08000023,South Tyneside,0,147800,0
E08000023,South Tyneside,25,147800,0.016914749661705007
E08000023,South Tyneside,43,147800,0.029093369418132613
E08000023,South Tyneside,38,147800,0.02571041948579161
E08000023,South Tyneside,5,147800,0.0033829499323410014
E08000023,South Tyneside,2,147800,0.0013531799729364006
E08000023,South Tyneside,0,147800,0
E08000023,South Tyneside,32,147800,0.02165087956698241
E08000023,South Tyneside,30,147800,0.02029769959404601
E08000023,South Tyneside,22,147800,0.014884979702300407
E08000023,South Tyneside,4,147800,0.0027063599458728013
E08000023,South Tyneside,1,147800,6.765899864682003e-4
E08000023,South Tyneside,0,147800,0
E08000023,South Tyneside,1995,147800,1.3497970230040595
E08000023,South Tyneside,1553,147800,1.050744248985115
E08000023,South Tyneside,1108,147800,0.7496617050067659
E08000023,South Tyneside,260,147800,0.17591339648173207
E08000023,South Tyneside,74,147800,0.05006765899864682
E08000024,Sunderland,0,274200,0
E08000024,Sunderland,0,274200,0
E08000024,Sunderland,0,274200,0
E08000024,Sunderland,0,274200,0
E08000024,Sunderland,0,274200,0
E08000024,Sunderland,0,274200,0
E08000024,Sunderland,0,274200,0
E08000024,Sunderland,94876,274200,34.60102115244347
E08000024,Sunderland,65581,274200,23.917213712618526
E08000024,Sunderland,41280,274200,15.054704595185996
E08000024,Sunderland,8951,274200,3.2644055433989787
E08000024,Sunderland,1805,274200,0.6582786287381474
E08000024,Sunderland,0,274200,0
E08000024,Sunderland,117,274200,0.04266958424507659
E08000024,Sunderland,125,274200,0.045587162654996356
E08000024,Sunderland,114,274200,0.04157549234135667
E08000024,Sunderland,24,274200,0.0087527352297593
E08000024,Sunderland,9,274200,0.0032822757111597373
E08000024,Sunderland,0,274200,0
E08000024,Sunderland,59,274200,0.021517140773158278
E08000024,Sunderland,43,274200,0.015681983953318747
E08000024,Sunderland,39,274200,0.014223194748358862
E08000024,Sunderland,14,274200,0.005105762217359592
E08000024,Sunderland,2,274200,7.293946024799417e-4
E08000024,Sunderland,0,274200,0
E08000024,Sunderland,80,274200,0.029175784099197667
E08000024,Sunderland,65,274200,0.023705324580598104
E08000024,Sunderland,53,274200,0.019328956965718454
E08000024,Sunderland,19,274200,0.006929248723559446
E08000024,Sunderland,3,274200,0.0010940919037199124
E08000024,Sunderland,0,274200,0
E08000024,Sunderland,35,274200,0.012764405543398978
E08000024,Sunderland,38,274200,0.013858497447118891
E08000024,Sunderland,39,274200,0.014223194748358862
E08000024,Sunderland,11,274200,0.0040116703136396795
E08000024,Sunderland,3,274200,0.0010940919037199124
E08000024,Sunderland,0,274200,0
E08000024,Sunderland,3666,274200,1.336980306345733
E08000024,Sunderland,2811,274200,1.025164113785558
E08000024,Sunderland,1859,274200,0.6779722830051058
E08000024,Sunderland,460,274200,0.16776075857038658
E08000024,Sunderland,127,274200,0.04631655725747629
E08000025,Birmingham,0,1144900,0
E08000025,Birmingham,0,1144900,0
E08000025,Birmingham,0,1144900,0
E08000025,Birmingham,0,1144900,0
E08000025,Birmingham,0,1144900,0
E08000025,Birmingham,0,1144900,0
E08000025,Birmingham,0,1144900,0
E08000025,Birmingham,272413,1144900,23.79360642850904
E08000025,Birmingham,189949,1144900,16.590881299676827
E08000025,Birmingham,192088,1144900,16.777709843654467
E08000025,Birmingham,83967,1144900,7.334002969691676
E08000025,Birmingham,48137,1144900,4.204472006288759
E08000025,Birmingham,0,1144900,0
E08000025,Birmingham,892,1144900,0.07791073456197048
E08000025,Birmingham,867,1144900,0.07572713774128745
E08000025,Birmingham,1272,1144900,0.11110140623635252
E08000025,Birmingham,716,1144900,0.06253821294436196
E08000025,Birmingham,327,1144900,0.02856144641453402
E08000025,Birmingham,0,1144900,0
E08000025,Birmingham,305,1144900,0.026639881212332954
E08000025,Birmingham,329,1144900,0.028736134160188664
E08000025,Birmingham,403,1144900,0.03519958074941043
E08000025,Birmingham,184,1144900,0.016071272600227095
E08000025,Birmingham,80,1144900,0.006987509826185693
E08000025,Birmingham,0,1144900,0
E08000025,Birmingham,339,1144900,0.029609572888461874
E08000025,Birmingham,308,1144900,0.026901912830814917
E08000025,Birmingham,427,1144900,0.037295833697266134
E08000025,Birmingham,189,1144900,0.0165079919643637
E08000025,Birmingham,100,1144900,0.008734387282732117
E08000025,Birmingham,0,1144900,0
E08000025,Birmingham,210,1144900,0.018342213293737444
E08000025,Birmingham,219,1144900,0.019128308149183336
E08000025,Birmingham,292,1144900,0.02550441086557778
E08000025,Birmingham,74,1144900,0.006463446589221766
E08000025,Birmingham,22,1144900,0.0019215652022010656
E08000025,Birmingham,0,1144900,0
E08000025,Birmingham,20239,1144900,1.767752642152153
E08000025,Birmingham,15634,1144900,1.365534107782339
E08000025,Birmingham,18318,1144900,1.599965062450869
E08000025,Birmingham,9017,1144900,0.7875797012839549
E08000025,Birmingham,5904,1144900,0.5156782251725042
E08000026,Coventry,0,345300,0
E08000026,Coventry,0,345300,0
E08000026,Coventry,0,345300,0
E08000026,Coventry,0,345300,0
E08000026,Coventry,0,345300,0
E08000026,Coventry,0,345300,0
E08000026,Coventry,0,345300,0
E08000026,Coventry,95261,345300,27.587894584419345
E08000026,Coventry,66880,345300,19.368664929047206
E08000026,Coventry,53537,345300,15.504488850275123
E08000026,Coventry,20153,345300,5.836374167390675
E08000026,Coventry,7246,345300,2.0984651028091514
E08000026,Coventry,0,345300,0
E08000026,Coventry,262,345300,0.0758760498117579
E08000026,Coventry,256,345300,0.07413843035041992
E08000026,Coventry,340,345300,0.09846510280915147
E08000026,Coventry,178,345300,0.05154937735302635
E08000026,Coventry,78,345300,0.022589052997393572
E08000026,Coventry,0,345300,0
E08000026,Coventry,82,345300,0.02374746597161888
E08000026,Coventry,91,345300,0.026353895163625834
E08000026,Coventry,112,345300,0.03243556327830872
E08000026,Coventry,52,345300,0.015059368664929048
E08000026,Coventry,15,345300,0.004344048653344918
E08000026,Coventry,0,345300,0
E08000026,Coventry,81,345300,0.023457862728062554
E08000026,Coventry,90,345300,0.026064291920069503
E08000026,Coventry,116,345300,0.033593976252534026
E08000026,Coventry,56,345300,0.01621778163915436
E08000026,Coventry,13,345300,0.003764842166232262
E08000026,Coventry,0,345300,0
E08000026,Coventry,66,345300,0.019113814074717638
E08000026,Coventry,79,345300,0.0228786562409499
E08000026,Coventry,84,345300,0.02432667245873154
E08000026,Coventry,33,345300,0.009556907037358819
E08000026,Coventry,2,345300,5.792064871126556e-4
E08000026,Coventry,0,345300,0
E08000026,Coventry,6471,345300,1.8740225890529973
E08000026,Coventry,5168,345300,1.4966695626991022
E08000026,Coventry,4584,345300,1.3275412684622068
E08000026,Coventry,2016,345300,0.5838401390095569
E08000026,Coventry,759,345300,0.21980886185925283
E08000027,Dudley,0,323500,0
E08000027,Dudley,0,323500,0
E08000027,Dudley,0,323500,0
E08000027,Dudley,0,323500,0
E08000027,Dudley,0,323500,0
E08000027,Dudley,0,323500,0
E08000027,Dudley,0,323500,0
E08000027,Dudley,108514,323500,33.543740340030915
E08000027,Dudley,69834,323500,21.587017001545593
E08000027,Dudley,49264,323500,15.228438948995363
E08000027,Dudley,12587,323500,3.8908809891808347
E08000027,Dudley,4280,323500,1.3230293663060277
E08000027,Dudley,0,323500,0
E08000027,Dudley,133,323500,0.04111282843894899
E08000027,Dudley,128,323500,0.03956723338485317
E08000027,Dudley,170,323500,0.05255023183925812
E08000027,Dudley,59,323500,0.018238021638330756
E08000027,Dudley,35,323500,0.010819165378670788
E08000027,Dudley,0,323500,0
E08000027,Dudley,48,323500,0.014837712519319939
E08000027,Dudley,55,323500,0.017001545595054096
E08000027,Dudley,61,323500,0.018856259659969087
E08000027,Dudley,28,323500,0.00865533230293663
E08000027,Dudley,5,323500,0.0015455950540958269
E08000027,Dudley,0,323500,0
E08000027,Dudley,46,323500,0.014219474497681607
E08000027,Dudley,55,323500,0.017001545595054096
E08000027,Dudley,75,323500,0.023183925811437404
E08000027,Dudley,15,323500,0.00463678516228748
E08000027,Dudley,5,323500,0.0015455950540958269
E08000027,Dudley,0,323500,0
E08000027,Dudley,51,323500,0.015765069551777436
E08000027,Dudley,43,323500,0.013292117465224112
E08000027,Dudley,38,323500,0.011746522411128285
E08000027,Dudley,5,323500,0.0015455950540958269
E08000027,Dudley,3,323500,9.273570324574962e-4
E08000027,Dudley,0,323500,0
E08000027,Dudley,6248,323500,1.9313755795981453
E08000027,Dudley,4028,323500,1.245131375579598
E08000027,Dudley,3313,323500,1.024111282843895
E08000027,Dudley,955,323500,0.29520865533230295
E08000027,Dudley,520,323500,0.160741885625966
E08000028,Sandwell,0,341900,0
E08000028,Sandwell,0,341900,0
E08000028,Sandwell,0,341900,0
E08000028,Sandwell,0,341900,0
E08000028,Sandwell,0,341900,0
E08000028,Sandwell,0,341900,0
E08000028,Sandwell,0,341900,0
E08000028,Sandwell,78653,341900,23.004679730915473
E08000028,Sandwell,68607,341900,20.066393682363262
E08000028,Sandwell,62612,341900,18.312957004972215
E08000028,Sandwell,21636,341900,6.328166130447499
E08000028,Sandwell,11493,341900,3.36150921322024
E08000028,Sandwell,0,341900,0
E08000028,Sandwell,276,341900,0.08072535829189821
E08000028,Sandwell,304,341900,0.08891488739397485
E08000028,Sandwell,301,341900,0.08803743784732378
E08000028,Sandwell,125,341900,0.036560397777127815
E08000028,Sandwell,121,341900,0.035390465048259726
E08000028,Sandwell,0,341900,0
E08000028,Sandwell,85,341900,0.024861070488446914
E08000028,Sandwell,95,341900,0.02778590231061714
E08000028,Sandwell,118,341900,0.03451301550160866
E08000028,Sandwell,40,341900,0.011699327288680901
E08000028,Sandwell,16,341900,0.00467973091547236
E08000028,Sandwell,0,341900,0
E08000028,Sandwell,86,341900,0.025153553670663936
E08000028,Sandwell,88,341900,0.02573852003509798
E08000028,Sandwell,101,341900,0.029540801403919275
E08000028,Sandwell,49,341900,0.014331675928634104
E08000028,Sandwell,23,341900,0.006727113190991518
E08000028,Sandwell,0,341900,0
E08000028,Sandwell,36,341900,0.01052939455981281
E08000028,Sandwell,36,341900,0.01052939455981281
E08000028,Sandwell,31,341900,0.009066978648727698
E08000028,Sandwell,9,341900,0.0026323486399532025
E08000028,Sandwell,6,341900,0.0017548990933021352
E08000028,Sandwell,0,341900,0
E08000028,Sandwell,5605,341900,1.6393682363264113
E08000028,Sandwell,5341,341900,1.5621526762211173
E08000028,Sandwell,5171,341900,1.5124305352442236
E08000028,Sandwell,1840,341900,0.5381690552793215
E08000028,Sandwell,1143,341900,0.33430827727405676
E08000029,Solihull,0,216200,0
E08000029,Solihull,0,216200,0
E08000029,Solihull,0,216200,0
E08000029,Solihull,0,216200,0
E08000029,Solihull,0,216200,0
E08000029,Solihull,0,216200,0
E08000029,Solihull,0,216200,0
E08000029,Solihull,88290,216200,40.83718778908418
E08000029,Solihull,40125,216200,18.559204440333026
E08000029,Solihull,27782,216200,12.850138760407031
E08000029,Solihull,6707,216200,3.102220166512488
E08000029,Solihull,1674,216200,0.7742830712303422
E08000029,Solihull,0,216200,0
E08000029,Solihull,82,216200,0.037927844588344126
E08000029,Solihull,67,216200,0.030989824236817762
E08000029,Solihull,52,216200,0.024051803885291396
E08000029,Solihull,24,216200,0.011100832562442183
E08000029,Solihull,3,216200,0.0013876040703052729
E08000029,Solihull,0,216200,0
E08000029,Solihull,39,216200,0.018038852913968548
E08000029,Solihull,34,216200,0.01572617946345976
E08000029,Solihull,28,216200,0.012950971322849213
E08000029,Solihull,8,216200,0.0037002775208140612
E08000029,Solihull,4,216200,0.0018501387604070306
E08000029,Solihull,0,216200,0
E08000029,Solihull,44,216200,0.020351526364477335
E08000029,Solihull,27,216200,0.012488436632747455
E08000029,Solihull,26,216200,0.012025901942645698
E08000029,Solihull,11,216200,0.005087881591119334
E08000029,Solihull,4,216200,0.0018501387604070306
E08000029,Solihull,0,216200,0
E08000029,Solihull,29,216200,0.01341350601295097
E08000029,Solihull,23,216200,0.010638297872340425
E08000029,Solihull,26,216200,0.012025901942645698
E08000029,Solihull,6,216200,0.0027752081406105457
E08000029,Solihull,0,216200,0
E08000029,Solihull,0,216200,0
E08000029,Solihull,4011,216200,1.8552266419981498
E08000029,Solihull,2003,216200,0.9264569842738205
E08000029,Solihull,1579,216200,0.7303422756706753
E08000029,Solihull,400,216200,0.18501387604070305
E08000029,Solihull,125,216200,0.057816836262719704
E08000030,Walsall,0,284100,0
E08000030,Walsall,0,284100,0
E08000030,Walsall,0,284100,0
E08000030,Walsall,0,284100,0
E08000030,Walsall,0,284100,0
E08000030,Walsall,0,284100,0
E08000030,Walsall,0,284100,0
E08000030,Walsall,81647,284100,28.738824357620555
E08000030,Walsall,57872,284100,20.370292150651178
E08000030,Walsall,45832,284100,16.132347764871525
E08000030,Walsall,14330,284100,5.043998592045055
E08000030,Walsall,6219,284100,2.1890179514255546
E08000030,Walsall,0,284100,0
E08000030,Walsall,124,284100,0.043646603308694125
E08000030,Walsall,150,284100,0.05279831045406547
E08000030,Walsall,175,284100,0.06159802886307638
E08000030,Walsall,110,284100,0.03871876099964801
E08000030,Walsall,26,284100,0.009151707145371349
E08000030,Walsall,0,284100,0
E08000030,Walsall,58,284100,0.020415346708905314
E08000030,Walsall,35,284100,0.012319605772615276
E08000030,Walsall,76,284100,0.026751143963393172
E08000030,Walsall,18,284100,0.006335797254487857
E08000030,Walsall,7,284100,0.0024639211545230554
E08000030,Walsall,0,284100,0
E08000030,Walsall,64,284100,0.022527279127067933
E08000030,Walsall,46,284100,0.016191481872580078
E08000030,Walsall,68,284100,0.02393523407250968
E08000030,Walsall,17,284100,0.00598380851812742
E08000030,Walsall,8,284100,0.0028159098908834917
E08000030,Walsall,0,284100,0
E08000030,Walsall,15,284100,0.005279831045406547
E08000030,Walsall,35,284100,0.012319605772615276
E08000030,Walsall,24,284100,0.008447729672650475
E08000030,Walsall,8,284100,0.0028159098908834917
E08000030,Walsall,4,284100,0.0014079549454417458
E08000030,Walsall,0,284100,0
E08000030,Walsall,5106,284100,1.7972544878563885
E08000030,Walsall,4016,284100,1.4135867652235128
E08000030,Walsall,3389,284100,1.192889827525519
E08000030,Walsall,1255,284100,0.4417458641323478
E08000030,Walsall,654,284100,0.23020063357972545
E08000031,Wolverhampton,0,263700,0
E08000031,Wolverhampton,0,263700,0
E08000031,Wolverhampton,0,263700,0
E08000031,Wolverhampton,0,263700,0
E08000031,Wolverhampton,0,263700,0
E08000031,Wolverhampton,0,263700,0
E08000031,Wolverhampton,0,263700,0
E08000031,Wolverhampton,73743,263700,27.964732650739478
E08000031,Wolverhampton,51959,263700,19.703830109973456
E08000031,Wolverhampton,44763,263700,16.974971558589306
E08000031,Wolverhampton,14024,263700,5.318164580963216
E08000031,Wolverhampton,4473,263700,1.6962457337883958
E08000031,Wolverhampton,0,263700,0
E08000031,Wolverhampton,205,263700,0.07773985589685248
E08000031,Wolverhampton,226,263700,0.0857034508911642
E08000031,Wolverhampton,272,263700,0.1031475161167994
E08000031,Wolverhampton,78,263700,0.02957906712172924
E08000031,Wolverhampton,39,263700,0.01478953356086462
E08000031,Wolverhampton,0,263700,0
E08000031,Wolverhampton,74,263700,0.028062191884717484
E08000031,Wolverhampton,91,263700,0.03450891164201744
E08000031,Wolverhampton,94,263700,0.03564656806977626
E08000031,Wolverhampton,34,263700,0.012893439514599925
E08000031,Wolverhampton,12,263700,0.004550625711035267
E08000031,Wolverhampton,0,263700,0
E08000031,Wolverhampton,119,263700,0.04512703830109974
E08000031,Wolverhampton,84,263700,0.03185437997724687
E08000031,Wolverhampton,123,263700,0.04664391353811149
E08000031,Wolverhampton,41,263700,0.015547971179370497
E08000031,Wolverhampton,23,263700,0.008722032612817596
E08000031,Wolverhampton,0,263700,0
E08000031,Wolverhampton,47,263700,0.01782328403488813
E08000031,Wolverhampton,36,263700,0.013651877133105802
E08000031,Wolverhampton,43,263700,0.016306408797876374
E08000031,Wolverhampton,8,263700,0.0030337504740235114
E08000031,Wolverhampton,1,263700,3.792188092529389e-4
E08000031,Wolverhampton,0,263700,0
E08000031,Wolverhampton,5255,263700,1.9927948426241942
E08000031,Wolverhampton,3911,263700,1.4831247629882442
E08000031,Wolverhampton,3606,263700,1.3674630261660978
E08000031,Wolverhampton,1258,263700,0.4770572620401972
E08000031,Wolverhampton,447,263700,0.1695108077360637
E08000032,Bradford,0,546400,0
E08000032,Bradford,0,546400,0
E08000032,Bradford,0,546400,0
E08000032,Bradford,0,546400,0
E08000032,Bradford,0,546400,0
E08000032,Bradford,0,546400,0
E08000032,Bradford,0,546400,0
E08000032,Bradford,146476,546400,26.807467057101025
E08000032,Bradford,100994,546400,18.483528550512446
E08000032,Bradford,83869,546400,15.349377745241581
E08000032,Bradford,32887,546400,6.018850658857979
E08000032,Bradford,18204,546400,3.331625183016105
E08000032,Bradford,0,546400,0
E08000032,Bradford,364,546400,0.06661786237188873
E08000032,Bradford,407,546400,0.07448755490483162
E08000032,Bradford,485,546400,0.08876281112737922
E08000032,Bradford,257,546400,0.047035139092240115
E08000032,Bradford,178,546400,0.03257686676427526
E08000032,Bradford,0,546400,0
E08000032,Bradford,118,546400,0.021595900439238654
E08000032,Bradford,124,546400,0.022693997071742314
E08000032,Bradford,159,546400,0.029099560761347
E08000032,Bradford,73,546400,0.013360175695461201
E08000032,Bradford,32,546400,0.005856515373352855
E08000032,Bradford,0,546400,0
E08000032,Bradford,119,546400,0.02177891654465593
E08000032,Bradford,121,546400,0.022144948755490484
E08000032,Bradford,174,546400,0.03184480234260615
E08000032,Bradford,62,546400,0.011346998535871157
E08000032,Bradford,40,546400,0.007320644216691069
E08000032,Bradford,0,546400,0
E08000032,Bradford,78,546400,0.014275256222547585
E08000032,Bradford,63,546400,0.011530014641288434
E08000032,Bradford,81,546400,0.014824304538799415
E08000032,Bradford,29,546400,0.005307467057101025
E08000032,Bradford,12,546400,0.0021961932650073207
E08000032,Bradford,0,546400,0
E08000032,Bradford,9353,546400,1.7117496339677891
E08000032,Bradford,7803,546400,1.4280746705710103
E08000032,Bradford,7374,546400,1.3495607613469984
E08000032,Bradford,3479,546400,0.6367130307467057
E08000032,Bradford,2751,546400,0.5034773060029283
E08000033,Calderdale,0,206600,0
E08000033,Calderdale,0,206600,0
E08000033,Calderdale,0,206600,0
E08000033,Calderdale,0,206600,0
E08000033,Calderdale,0,206600,0
E08000033,Calderdale,0,206600,0
E08000033,Calderdale,0,206600,0
E08000033,Calderdale,65993,206600,31.942400774443367
E08000033,Calderdale,45648,206600,22.09486931268151
E08000033,Calderdale,33004,206600,15.974830590513069
E08000033,Calderdale,8683,206600,4.202807357212004
E08000033,Calderdale,2548,206600,1.233301064859632
E08000033,Calderdale,0,206600,0
E08000033,Calderdale,74,206600,0.03581800580832527
E08000033,Calderdale,94,206600,0.04549854791868345
E08000033,Calderdale,108,206600,0.05227492739593417
E08000033,Calderdale,42,206600,0.02032913843175218
E08000033,Calderdale,14,206600,0.006776379477250726
E08000033,Calderdale,0,206600,0
E08000033,Calderdale,41,206600,0.01984511132623427
E08000033,Calderdale,51,206600,0.024685382381413358
E08000033,Calderdale,43,206600,0.020813165537270088
E08000033,Calderdale,17,206600,0.008228460793804453
E08000033,Calderdale,2,206600,9.68054211035818e-4
E08000033,Calderdale,0,206600,0
E08000033,Calderdale,33,206600,0.015972894482090997
E08000033,Calderdale,34,206600,0.016456921587608905
E08000033,Calderdale,43,206600,0.020813165537270088
E08000033,Calderdale,14,206600,0.006776379477250726
E08000033,Calderdale,7,206600,0.003388189738625363
E08000033,Calderdale,0,206600,0
E08000033,Calderdale,47,206600,0.022749273959341725
E08000033,Calderdale,52,206600,0.02516940948693127
E08000033,Calderdale,51,206600,0.024685382381413358
E08000033,Calderdale,5,206600,0.002420135527589545
E08000033,Calderdale,0,206600,0
E08000033,Calderdale,0,206600,0
E08000033,Calderdale,3109,206600,1.5048402710551791
E08000033,Calderdale,2519,206600,1.2192642787996129
E08000033,Calderdale,2137,206600,1.0343659244917716
E08000033,Calderdale,681,206600,0.32962245885769603
E08000033,Calderdale,284,206600,0.13746369796708616
E08000034,Kirklees,0,433300,0
E08000034,Kirklees,0,433300,0
E08000034,Kirklees,0,433300,0
E08000034,Kirklees,0,433300,0
E08000034,Kirklees,0,433300,0
E08000034,Kirklees,0,433300,0
E08000034,Kirklees,0,433300,0
E08000034,Kirklees,128803,433300,29.726055850450035
E08000034,Kirklees,85723,433300,19.783752596353565
E08000034,Kirklees,70737,433300,16.325178859912302
E08000034,Kirklees,23777,433300,5.48742210939303
E08000034,Kirklees,9942,433300,2.2944841910916223
E08000034,Kirklees,0,433300,0
E08000034,Kirklees,146,433300,0.03369489960766213
E08000034,Kirklees,185,433300,0.04269559196861297
E08000034,Kirklees,236,433300,0.0544657281329333
E08000034,Kirklees,120,433300,0.0276944380336949
E08000034,Kirklees,61,433300,0.014078006000461574
E08000034,Kirklees,0,433300,0
E08000034,Kirklees,86,433300,0.019847680590814678
E08000034,Kirklees,71,433300,0.016385875836602816
E08000034,Kirklees,93,433300,0.02146318947611355
E08000034,Kirklees,29,433300,0.0066928225248096005
E08000034,Kirklees,10,433300,0.0023078698361412415
E08000034,Kirklees,0,433300,0
E08000034,Kirklees,67,433300,0.015462727902146318
E08000034,Kirklees,79,433300,0.018232171705515807
E08000034,Kirklees,114,433300,0.026309716132010153
E08000034,Kirklees,23,433300,0.005308100623124856
E08000034,Kirklees,22,433300,0.005077313639510732
E08000034,Kirklees,0,433300,0
E08000034,Kirklees,69,433300,0.015924301869374567
E08000034,Kirklees,63,433300,0.014539579967689823
E08000034,Kirklees,77,433300,0.017770597738287562
E08000034,Kirklees,19,433300,0.0043849526886683594
E08000034,Kirklees,5,433300,0.0011539349180706207
E08000034,Kirklees,0,433300,0
E08000034,Kirklees,6419,433300,1.481421647819063
E08000034,Kirklees,5272,433300,1.2167089776136626
E08000034,Kirklees,5070,433300,1.1700900069236095
E08000034,Kirklees,2253,433300,0.5199630740826218
E08000034,Kirklees,1240,433300,0.286175859681514
E08000035,Leeds,0,812000,0
E08000035,Leeds,0,812000,0
E08000035,Leeds,0,812000,0
E08000035,Leeds,0,812000,0
E08000035,Leeds,0,812000,0
E08000035,Leeds,0,812000,0
E08000035,Leeds,0,812000,0
E08000035,Leeds,234059,812000,28.825
E08000035,Leeds,170111,812000,20.949630541871922
E08000035,Leeds,134250,812000,16.533251231527093
E08000035,Leeds,45376,812000,5.588177339901478
E08000035,Leeds,12642,812000,1.556896551724138
E08000035,Leeds,0,812000,0
E08000035,Leeds,389,812000,0.0479064039408867
E08000035,Leeds,486,812000,0.05985221674876847
E08000035,Leeds,694,812000,0.0854679802955665
E08000035,Leeds,342,812000,0.04211822660098522
E08000035,Leeds,134,812000,0.01650246305418719
E08000035,Leeds,0,812000,0
E08000035,Leeds,170,812000,0.020935960591133004
E08000035,Leeds,197,812000,0.024261083743842365
E08000035,Leeds,253,812000,0.031157635467980296
E08000035,Leeds,100,812000,0.012315270935960592
E08000035,Leeds,35,812000,0.004310344827586207
E08000035,Leeds,0,812000,0
E08000035,Leeds,148,812000,0.018226600985221674
E08000035,Leeds,181,812000,0.02229064039408867
E08000035,Leeds,256,812000,0.03152709359605911
E08000035,Leeds,101,812000,0.012438423645320197
E08000035,Leeds,31,812000,0.0038177339901477834
E08000035,Leeds,0,812000,0
E08000035,Leeds,254,812000,0.031280788177339904
E08000035,Leeds,286,812000,0.03522167487684729
E08000035,Leeds,300,812000,0.03694581280788178
E08000035,Leeds,141,812000,0.017364532019704434
E08000035,Leeds,17,812000,0.0020935960591133003
E08000035,Leeds,0,812000,0
E08000035,Leeds,11842,812000,1.4583743842364532
E08000035,Leeds,9925,812000,1.2222906403940887
E08000035,Leeds,9127,812000,1.124014778325123
E08000035,Leeds,3739,812000,0.4604679802955665
E08000035,Leeds,1581,812000,0.19470443349753694
E08000036,Wakefield,0,353300,0
E08000036,Wakefield,0,353300,0
E08000036,Wakefield,0,353300,0
E08000036,Wakefield,0,353300,0
E08000036,Wakefield,0,353300,0
E08000036,Wakefield,0,353300,0
E08000036,Wakefield,0,353300,0
E08000036,Wakefield,118140,353300,33.43900367959242
E08000036,Wakefield,84186,353300,23.828474384375884
E08000036,Wakefield,51426,353300,14.555901500141523
E08000036,Wakefield,12317,353300,3.486272289838664
E08000036,Wakefield,3099,353300,0.8771582224738182
E08000036,Wakefield,0,353300,0
E08000036,Wakefield,136,353300,0.038494197565808096
E08000036,Wakefield,181,353300,0.051231248230965185
E08000036,Wakefield,173,353300,0.048966883668270594
E08000036,Wakefield,57,353300,0.01613359750919898
E08000036,Wakefield,21,353300,0.005943956977073309
E08000036,Wakefield,0,353300,0
E08000036,Wakefield,79,353300,0.022360600056609115
E08000036,Wakefield,59,353300,0.01669968864987263
E08000036,Wakefield,63,353300,0.017831870931219927
E08000036,Wakefield,17,353300,0.004811774695726012
E08000036,Wakefield,3,353300,8.491367110104727e-4
E08000036,Wakefield,0,353300,0
E08000036,Wakefield,56,353300,0.015850551938862156
E08000036,Wakefield,69,353300,0.019530144353240873
E08000036,Wakefield,86,353300,0.024341919048966883
E08000036,Wakefield,12,353300,0.003396546844041891
E08000036,Wakefield,4,353300,0.0011321822813472968
E08000036,Wakefield,0,353300,0
E08000036,Wakefield,38,353300,0.01075573167279932
E08000036,Wakefield,48,353300,0.013586187376167564
E08000036,Wakefield,62,353300,0.0175488253608831
E08000036,Wakefield,16,353300,0.004528729125389187
E08000036,Wakefield,3,353300,8.491367110104727e-4
E08000036,Wakefield,0,353300,0
E08000036,Wakefield,5253,353300,1.4868383809793377
E08000036,Wakefield,4358,353300,1.23351259552788
E08000036,Wakefield,2914,353300,0.8247947919615058
E08000036,Wakefield,839,353300,0.23747523351259553
E08000036,Wakefield,329,353300,0.09312199264081517
E08000037,Gateshead,0,196100,0
E08000037,Gateshead,0,196100,0
E08000037,Gateshead,0,196100,0
E08000037,Gateshead,0,196100,0
E08000037,Gateshead,0,196100,0
E08000037,Gateshead,0,196100,0
E08000037,Gateshead,0,196100,0
E08000037,Gateshead,60946,196100,31.0790413054564
E08000037,Gateshead,50359,196100,25.68026517083121
E08000037,Gateshead,32239,196100,16.44008159102499
E08000037,Gateshead,6875,196100,3.5058643549209587
E08000037,Gateshead,1418,196100,0.7231004589495156
E08000037,Gateshead,0,196100,0
E08000037,Gateshead,75,196100,0.0382457929627741
E08000037,Gateshead,126,196100,0.06425293217746048
E08000037,Gateshead,94,196100,0.0479347271800102
E08000037,Gateshead,35,196100,0.017848036715961243
E08000037,Gateshead,20,196100,0.010198878123406425
E08000037,Gateshead,0,196100,0
E08000037,Gateshead,37,196100,0.018867924528301886
E08000037,Gateshead,30,196100,0.015298317185109638
E08000037,Gateshead,32,196100,0.01631820499745028
E08000037,Gateshead,8,196100,0.00407955124936257
E08000037,Gateshead,1,196100,5.099439061703213e-4
E08000037,Gateshead,0,196100,0
E08000037,Gateshead,36,196100,0.018357980622131564
E08000037,Gateshead,39,196100,0.01988781234064253
E08000037,Gateshead,36,196100,0.018357980622131564
E08000037,Gateshead,10,196100,0.005099439061703213
E08000037,Gateshead,2,196100,0.0010198878123406426
E08000037,Gateshead,0,196100,0
E08000037,Gateshead,33,196100,0.016828148903620603
E08000037,Gateshead,56,196100,0.02855685874553799
E08000037,Gateshead,34,196100,0.017338092809790925
E08000037,Gateshead,11,196100,0.0056093829678735335
E08000037,Gateshead,0,196100,0
E08000037,Gateshead,0,196100,0
E08000037,Gateshead,2420,196100,1.2340642529321775
E08000037,Gateshead,2127,196100,1.0846506884242733
E08000037,Gateshead,1537,196100,0.7837837837837838
E08000037,Gateshead,397,196100,0.20244773074961755
E08000037,Gateshead,182,196100,0.09280979092299847
E09000001,City of London,0,8600,0
E09000001,City of London,0,8600,0
E09000001,City of London,0,8600,0
E09000001,City of London,0,8600,0
E09000001,City of London,0,8600,0
E09000001,City of London,0,8600,0
E09000001,City of London,0,8600,0
E09000001,City of London,1016,8600,11.813953488372093
E09000001,City of London,1717,8600,19.96511627906977
E09000001,City of London,3245,8600,37.73255813953488
E09000001,City of London,1075,8600,12.5
E09000001,City of London,142,8600,1.6511627906976745
E09000001,City of London,0,8600,0
E09000001,City of London,0,8600,0
E09000001,City of London,2,8600,0.023255813953488372
E09000001,City of London,5,8600,0.05813953488372093
E09000001,City of London,2,8600,0.023255813953488372
E09000001,City of London,0,8600,0
E09000001,City of London,0,8600,0
E09000001,City of London,1,8600,0.011627906976744186
E09000001,City of London,4,8600,0.046511627906976744
E09000001,City of London,7,8600,0.08139534883720931
E09000001,City of London,0,8600,0
E09000001,City of London,0,8600,0
E09000001,City of London,0,8600,0
E09000001,City of London,0,8600,0
E09000001,City of London,4,8600,0.046511627906976744
E09000001,City of London,0,8600,0
E09000001,City of London,2,8600,0.023255813953488372
E09000001,City of London,0,8600,0
E09000001,City of London,0,8600,0
E09000001,City of London,0,8600,0
E09000001,City of London,8,8600,0.09302325581395349
E09000001,City of London,6,8600,0.06976744186046512
E09000001,City of London,2,8600,0.023255813953488372
E09000001,City of London,0,8600,0
E09000001,City of London,0,8600,0
E09000001,City of London,78,8600,0.9069767441860465
E09000001,City of London,117,8600,1.3604651162790697
E09000001,City of London,239,8600,2.7790697674418605
E09000001,City of London,125,8600,1.4534883720930232
E09000001,City of London,26,8600,0.3023255813953488
E09000002,Barking and Dagenham,0,218900,0
E09000002,Barking and Dagenham,0,218900,0
E09000002,Barking and Dagenham,0,218900,0
E09000002,Barking and Dagenham,0,218900,0
E09000002,Barking and Dagenham,0,218900,0
E09000002,Barking and Dagenham,0,218900,0
E09000002,Barking and Dagenham,0,218900,0
E09000002,Barking and Dagenham,24130,218900,11.023298309730471
E09000002,Barking and Dagenham,32813,218900,14.989949748743719
E09000002,Barking and Dagenham,47442,218900,21.672910004568298
E09000002,Barking and Dagenham,26928,218900,12.301507537688442
E09000002,Barking and Dagenham,14273,218900,6.520328917313842
E09000002,Barking and Dagenham,0,218900,0
E09000002,Barking and Dagenham,134,218900,0.06121516674280494
E09000002,Barking and Dagenham,173,218900,0.07903152124257652
E09000002,Barking and Dagenham,355,218900,0.16217450890817725
E09000002,Barking and Dagenham,230,218900,0.10507080858839653
E09000002,Barking and Dagenham,120,218900,0.05481955230698949
E09000002,Barking and Dagenham,0,218900,0
E09000002,Barking and Dagenham,44,218900,0.020100502512562814
E09000002,Barking and Dagenham,62,218900,0.02832343535861124
E09000002,Barking and Dagenham,146,218900,0.06669712197350389
E09000002,Barking and Dagenham,117,218900,0.053449063499314754
E09000002,Barking and Dagenham,35,218900,0.015989036089538604
E09000002,Barking and Dagenham,0,218900,0
E09000002,Barking and Dagenham,51,218900,0.023298309730470534
E09000002,Barking and Dagenham,73,218900,0.03334856098675194
E09000002,Barking and Dagenham,118,218900,0.053905893101873
E09000002,Barking and Dagenham,93,218900,0.042485153037916855
E09000002,Barking and Dagenham,47,218900,0.02147099132023755
E09000002,Barking and Dagenham,0,218900,0
E09000002,Barking and Dagenham,13,218900,0.005938784833257195
E09000002,Barking and Dagenham,18,218900,0.008222932846048425
E09000002,Barking and Dagenham,18,218900,0.008222932846048425
E09000002,Barking and Dagenham,13,218900,0.005938784833257195
E09000002,Barking and Dagenham,7,218900,0.0031978072179077205
E09000002,Barking and Dagenham,0,218900,0
E09000002,Barking and Dagenham,1997,218900,0.9122887163088168
E09000002,Barking and Dagenham,2836,218900,1.295568752855185
E09000002,Barking and Dagenham,4142,218900,1.892188213796254
E09000002,Barking and Dagenham,2778,218900,1.2690726359068067
E09000002,Barking and Dagenham,1657,218900,0.7569666514390132
E09000003,Barnet,0,389300,0
E09000003,Barnet,0,389300,0
E09000003,Barnet,0,389300,0
E09000003,Barnet,0,389300,0
E09000003,Barnet,0,389300,0
E09000003,Barnet,0,389300,0
E09000003,Barnet,0,389300,0
E09000003,Barnet,99398,389300,25.53249422039558
E09000003,Barnet,61462,389300,15.787824300025687
E09000003,Barnet,69123,389300,17.75571538659132
E09000003,Barnet,35283,389300,9.063190341638839
E09000003,Barnet,13404,389300,3.4431030053942973
E09000003,Barnet,0,389300,0
E09000003,Barnet,199,389300,0.05111739018751606
E09000003,Barnet,191,389300,0.04906241972771641
E09000003,Barnet,419,389300,0.10762907783200616
E09000003,Barnet,324,389300,0.08322630362188543
E09000003,Barnet,226,389300,0.05805291548933984
E09000003,Barnet,0,389300,0
E09000003,Barnet,94,389300,0.024145902902645774
E09000003,Barnet,93,389300,0.02388903159517082
E09000003,Barnet,155,389300,0.03981505265861803
E09000003,Barnet,86,389300,0.022090932442846135
E09000003,Barnet,31,389300,0.007963010531723606
E09000003,Barnet,0,389300,0
E09000003,Barnet,81,389300,0.02080657590547136
E09000003,Barnet,76,389300,0.019522219368096585
E09000003,Barnet,147,389300,0.03776008219881839
E09000003,Barnet,100,389300,0.025687130747495505
E09000003,Barnet,37,389300,0.009504238376573337
E09000003,Barnet,0,389300,0
E09000003,Barnet,69,389300,0.0177241202157719
E09000003,Barnet,60,389300,0.015412278448497303
E09000003,Barnet,89,389300,0.022861546365271
E09000003,Barnet,44,389300,0.011302337528898022
E09000003,Barnet,4,389300,0.0010274852298998202
E09000003,Barnet,0,389300,0
E09000003,Barnet,7388,389300,1.897765219624968
E09000003,Barnet,4948,389300,1.2709992293860777
E09000003,Barnet,6598,389300,1.6948368867197534
E09000003,Barnet,3980,389300,1.022347803750321
E09000003,Barnet,1931,389300,0.49601849473413817
E09000004,Bexley,0,246500,0
E09000004,Bexley,0,246500,0
E09000004,Bexley,0,246500,0
E09000004,Bexley,0,246500,0
E09000004,Bexley,0,246500,0
E09000004,Bexley,0,246500,0
E09000004,Bexley,0,246500,0
E09000004,Bexley,78472,246500,31.83448275862069
E09000004,Bexley,48099,246500,19.512778904665314
E09000004,Bexley,38343,246500,15.55496957403651
E09000004,Bexley,13494,246500,5.474239350912779
E09000004,Bexley,4209,246500,1.7075050709939148
E09000004,Bexley,0,246500,0
E09000004,Bexley,138,246500,0.055983772819472616
E09000004,Bexley,115,246500,0.04665314401622718
E09000004,Bexley,166,246500,0.06734279918864097
E09000004,Bexley,85,246500,0.034482758620689655
E09000004,Bexley,25,246500,0.010141987829614604
E09000004,Bexley,0,246500,0
E09000004,Bexley,56,246500,0.022718052738336714
E09000004,Bexley,40,246500,0.016227180527383367
E09000004,Bexley,55,246500,0.02231237322515213
E09000004,Bexley,26,246500,0.010547667342799188
E09000004,Bexley,9,246500,0.0036511156186612576
E09000004,Bexley,0,246500,0
E09000004,Bexley,55,246500,0.02231237322515213
E09000004,Bexley,49,246500,0.019878296146044624
E09000004,Bexley,61,246500,0.024746450304259635
E09000004,Bexley,32,246500,0.012981744421906694
E09000004,Bexley,12,246500,0.00486815415821501
E09000004,Bexley,0,246500,0
E09000004,Bexley,29,246500,0.011764705882352941
E09000004,Bexley,35,246500,0.014198782961460446
E09000004,Bexley,35,246500,0.014198782961460446
E09000004,Bexley,16,246500,0.006490872210953347
E09000004,Bexley,4,246500,0.0016227180527383367
E09000004,Bexley,0,246500,0
E09000004,Bexley,4300,246500,1.7444219066937119
E09000004,Bexley,2827,246500,1.1468559837728194
E09000004,Bexley,2497,246500,1.0129817444219067
E09000004,Bexley,917,246500,0.3720081135902637
E09000004,Bexley,420,246500,0.17038539553752535
E09000005,Brent,0,339800,0
E09000005,Brent,0,339800,0
E09000005,Brent,0,339800,0
E09000005,Brent,0,339800,0
E09000005,Brent,0,339800,0
E09000005,Brent,0,339800,0
E09000005,Brent,0,339800,0
E09000005,Brent,54917,339800,16.161565626839316
E09000005,Brent,45936,339800,13.51854031783402
E09000005,Brent,67226,339800,19.783990582695704
E09000005,Brent,42825,339800,12.603001765744555
E09000005,Brent,29749,339800,8.754855797527958
E09000005,Brent,0,339800,0
E09000005,Brent,250,339800,0.07357268981753973
E09000005,Brent,272,339800,0.08004708652148322
E09000005,Brent,559,339800,0.16450853443201882
E09000005,Brent,447,339800,0.13154796939376104
E09000005,Brent,409,339800,0.120364920541495
E09000005,Brent,0,339800,0
E09000005,Brent,94,339800,0.02766333137139494
E09000005,Brent,115,339800,0.03384343731606827
E09000005,Brent,173,339800,0.05091230135373749
E09000005,Brent,144,339800,0.04237786933490288
E09000005,Brent,86,339800,0.025309005297233667
E09000005,Brent,0,339800,0
E09000005,Brent,103,339800,0.03031194820482637
E09000005,Brent,152,339800,0.04473219540906415
E09000005,Brent,252,339800,0.07416127133608005
E09000005,Brent,145,339800,0.042672160094173045
E09000005,Brent,118,339800,0.034726309593878756
E09000005,Brent,0,339800,0
E09000005,Brent,37,339800,0.01088875809299588
E09000005,Brent,36,339800,0.01059446733372572
E09000005,Brent,85,339800,0.025014714537963507
E09000005,Brent,64,339800,0.01883460859329017
E09000005,Brent,21,339800,0.006180105944673337
E09000005,Brent,0,339800,0
E09000005,Brent,5401,339800,1.5894643908181283
E09000005,Brent,4667,339800,1.3734549735138317
E09000005,Brent,7455,339800,2.193937610359035
E09000005,Brent,5114,339800,1.5050029429075926
E09000005,Brent,4304,339800,1.266627427898764
E09000006,Bromley,0,330000,0
E09000006,Bromley,0,330000,0
E09000006,Bromley,0,330000,0
E09000006,Bromley,0,330000,0
E09000006,Bromley,0,330000,0
E09000006,Bromley,0,330000,0
E09000006,Bromley,0,330000,0
E09000006,Bromley,118102,330000,35.78848484848485
E09000006,Bromley,59262,330000,17.958181818181817
E09000006,Bromley,51281,330000,15.53969696969697
E09000006,Bromley,15502,330000,4.697575757575757
E09000006,Bromley,3810,330000,1.1545454545454545
E09000006,Bromley,0,330000,0
E09000006,Bromley,109,330000,0.03303030303030303
E09000006,Bromley,102,330000,0.03090909090909091
E09000006,Bromley,140,330000,0.04242424242424243
E09000006,Bromley,77,330000,0.023333333333333334
E09000006,Bromley,8,330000,0.0024242424242424242
E09000006,Bromley,0,330000,0
E09000006,Bromley,59,330000,0.01787878787878788
E09000006,Bromley,51,330000,0.015454545454545455
E09000006,Bromley,58,330000,0.017575757575757574
E09000006,Bromley,24,330000,0.007272727272727273
E09000006,Bromley,4,330000,0.0012121212121212121
E09000006,Bromley,0,330000,0
E09000006,Bromley,49,330000,0.014848484848484849
E09000006,Bromley,51,330000,0.015454545454545455
E09000006,Bromley,69,330000,0.02090909090909091
E09000006,Bromley,32,330000,0.009696969696969697
E09000006,Bromley,6,330000,0.0018181818181818182
E09000006,Bromley,0,330000,0
E09000006,Bromley,68,330000,0.020606060606060607
E09000006,Bromley,61,330000,0.018484848484848486
E09000006,Bromley,48,330000,0.014545454545454545
E09000006,Bromley,35,330000,0.010606060606060607
E09000006,Bromley,9,330000,0.0027272727272727275
E09000006,Bromley,0,330000,0
E09000006,Bromley,5947,330000,1.802121212121212
E09000006,Bromley,3392,330000,1.0278787878787878
E09000006,Bromley,3474,330000,1.0527272727272727
E09000006,Bromley,1236,330000,0.37454545454545457
E09000006,Bromley,390,330000,0.11818181818181818
E09000007,Camden,0,210100,0
E09000007,Camden,0,210100,0
E09000007,Camden,0,210100,0
E09000007,Camden,0,210100,0
E09000007,Camden,0,210100,0
E09000007,Camden,0,210100,0
E09000007,Camden,0,210100,0
E09000007,Camden,30730,210100,14.626368396001904
E09000007,Camden,32146,210100,15.300333174678725
E09000007,Camden,54241,210100,25.81675392670157
E09000007,Camden,29043,210100,13.823417420276058
E09000007,Camden,9400,210100,4.474059971442171
E09000007,Camden,0,210100,0
E09000007,Camden,59,210100,0.028081865778200855
E09000007,Camden,67,210100,0.0318895763921942
E09000007,Camden,196,210100,0.09328891004283675
E09000007,Camden,178,210100,0.08472156116135174
E09000007,Camden,88,210100,0.041884816753926704
E09000007,Camden,0,210100,0
E09000007,Camden,17,210100,0.00809138505473584
E09000007,Camden,37,210100,0.017610661589719183
E09000007,Camden,97,210100,0.0461684911946692
E09000007,Camden,61,210100,0.029033793431699192
E09000007,Camden,18,210100,0.008567348881485007
E09000007,Camden,0,210100,0
E09000007,Camden,17,210100,0.00809138505473584
E09000007,Camden,26,210100,0.012375059495478343
E09000007,Camden,88,210100,0.041884816753926704
E09000007,Camden,61,210100,0.029033793431699192
E09000007,Camden,15,210100,0.007139457401237506
E09000007,Camden,0,210100,0
E09000007,Camden,42,210100,0.019990480723465015
E09000007,Camden,56,210100,0.026653974297953357
E09000007,Camden,138,210100,0.06568300809138505
E09000007,Camden,74,210100,0.035221323179438366
E09000007,Camden,11,210100,0.005235602094240838
E09000007,Camden,0,210100,0
E09000007,Camden,2164,210100,1.0299857210851975
E09000007,Camden,2583,210100,1.2294145644930985
E09000007,Camden,4886,210100,2.32555925749643
E09000007,Camden,2868,210100,1.3650642551166112
E09000007,Camden,1125,210100,0.5354593050928129
E09000008,Croydon,0,390800,0
E09000008,Croydon,0,390800,0
E09000008,Croydon,0,390800,0
E09000008,Croydon,0,390800,0
E09000008,Croydon,0,390800,0
E09000008,Croydon,0,390800,0
E09000008,Croydon,0,390800,0
E09000008,Croydon,102022,390800,26.105936540429887
E09000008,Croydon,63776,390800,16.319344933469807
E09000008,Croydon,70998,390800,18.16734902763562
E09000008,Croydon,32851,390800,8.406090071647903
E09000008,Croydon,12012,390800,3.0736949846468784
E09000008,Croydon,0,390800,0
E09000008,Croydon,248,390800,0.06345957011258956
E09000008,Croydon,253,390800,0.06473899692937564
E09000008,Croydon,461,390800,0.11796315250767656
E09000008,Croydon,295,390800,0.07548618219037871
E09000008,Croydon,142,390800,0.036335721596724664
E09000008,Croydon,0,390800,0
E09000008,Croydon,118,390800,0.030194472876151485
E09000008,Croydon,103,390800,0.026356192425793245
E09000008,Croydon,158,390800,0.040429887410440124
E09000008,Croydon,104,390800,0.02661207778915046
E09000008,Croydon,30,390800,0.007676560900716479
E09000008,Croydon,0,390800,0
E09000008,Croydon,117,390800,0.029938587512794268
E09000008,Croydon,105,390800,0.02686796315250768
E09000008,Croydon,168,390800,0.042988741044012284
E09000008,Croydon,129,390800,0.03300921187308086
E09000008,Croydon,37,390800,0.009467758444216991
E09000008,Croydon,0,390800,0
E09000008,Croydon,70,390800,0.01791197543500512
E09000008,Croydon,61,390800,0.015609007164790174
E09000008,Croydon,97,390800,0.02482088024564995
E09000008,Croydon,29,390800,0.007420675537359263
E09000008,Croydon,14,390800,0.0035823950870010235
E09000008,Croydon,0,390800,0
E09000008,Croydon,6995,390800,1.7899181166837257
E09000008,Croydon,4900,390800,1.2538382804503583
E09000008,Croydon,6160,390800,1.5762538382804503
E09000008,Croydon,3250,390800,0.8316274309109519
E09000008,Croydon,1415,390800,0.36207778915046057
E09000009,Ealing,0,367100,0
E09000009,Ealing,0,367100,0
E09000009,Ealing,0,367100,0
E09000009,Ealing,0,367100,0
E09000009,Ealing,0,367100,0
E09000009,Ealing,0,367100,0
E09000009,Ealing,0,367100,0
E09000009,Ealing,73174,367100,19.932988286570417
E09000009,Ealing,58135,367100,15.836284391174066
E09000009,Ealing,72907,367100,19.860256061018795
E09000009,Ealing,39287,367100,10.701988558975756
E09000009,Ealing,19524,367100,5.318441841460093
E09000009,Ealing,0,367100,0
E09000009,Ealing,273,367100,0.0743666575864887
E09000009,Ealing,322,367100,0.08771451920457642
E09000009,Ealing,505,367100,0.13756469626804685
E09000009,Ealing,367,367100,0.09997275946608554
E09000009,Ealing,180,367100,0.0490329610460365
E09000009,Ealing,0,367100,0
E09000009,Ealing,102,367100,0.02778534459275402
E09000009,Ealing,88,367100,0.023971669844728958
E09000009,Ealing,131,367100,0.035685099427948785
E09000009,Ealing,122,367100,0.03323345137564696
E09000009,Ealing,51,367100,0.01389267229637701
E09000009,Ealing,0,367100,0
E09000009,Ealing,122,367100,0.03323345137564696
E09000009,Ealing,93,367100,0.025333696540452193
E09000009,Ealing,158,367100,0.04304004358485426
E09000009,Ealing,125,367100,0.03405066739308091
E09000009,Ealing,81,367100,0.022064832470716427
E09000009,Ealing,0,367100,0
E09000009,Ealing,50,367100,0.013620266957232362
E09000009,Ealing,54,367100,0.01470988831381095
E09000009,Ealing,84,367100,0.02288204848815037
E09000009,Ealing,37,367100,0.010078997548351948
E09000009,Ealing,10,367100,0.002724053391446472
E09000009,Ealing,0,367100,0
E09000009,Ealing,6141,367100,1.6728411876872786
E09000009,Ealing,5317,367100,1.4483791882320893
E09000009,Ealing,7011,367100,1.9098338327431217
E09000009,Ealing,4228,367100,1.1517297739035686
E09000009,Ealing,2511,367100,0.6840098065922092
E09000010,Enfield,0,330000,0
E09000010,Enfield,0,330000,0
E09000010,Enfield,0,330000,0
E09000010,Enfield,0,330000,0
E09000010,Enfield,0,330000,0
E09000010,Enfield,0,330000,0
E09000010,Enfield,0,330000,0
E09000010,Enfield,72228,330000,21.887272727272727
E09000010,Enfield,51683,330000,15.661515151515152
E09000010,Enfield,58333,330000,17.676666666666666
E09000010,Enfield,32738,330000,9.92060606060606
E09000010,Enfield,15987,330000,4.844545454545455
E09000010,Enfield,0,330000,0
E09000010,Enfield,263,330000,0.0796969696969697
E09000010,Enfield,291,330000,0.08818181818181818
E09000010,Enfield,545,330000,0.16515151515151516
E09000010,Enfield,353,330000,0.10696969696969696
E09000010,Enfield,180,330000,0.05454545454545454
E09000010,Enfield,0,330000,0
E09000010,Enfield,102,330000,0.03090909090909091
E09000010,Enfield,95,330000,0.02878787878787879
E09000010,Enfield,166,330000,0.0503030303030303
E09000010,Enfield,114,330000,0.034545454545454546
E09000010,Enfield,40,330000,0.012121212121212121
E09000010,Enfield,0,330000,0
E09000010,Enfield,91,330000,0.027575757575757576
E09000010,Enfield,96,330000,0.02909090909090909
E09000010,Enfield,143,330000,0.043333333333333335
E09000010,Enfield,81,330000,0.024545454545454544
E09000010,Enfield,74,330000,0.022424242424242423
E09000010,Enfield,0,330000,0
E09000010,Enfield,31,330000,0.009393939393939394
E09000010,Enfield,28,330000,0.008484848484848486
E09000010,Enfield,48,330000,0.014545454545454545
E09000010,Enfield,19,330000,0.005757575757575757
E09000010,Enfield,6,330000,0.0018181818181818182
E09000010,Enfield,0,330000,0
E09000010,Enfield,5171,330000,1.566969696969697
E09000010,Enfield,4439,330000,1.3451515151515152
E09000010,Enfield,6063,330000,1.8372727272727272
E09000010,Enfield,3757,330000,1.1384848484848484
E09000010,Enfield,2140,330000,0.6484848484848484
E09000011,Greenwich,0,289100,0
E09000011,Greenwich,0,289100,0
E09000011,Greenwich,0,289100,0
E09000011,Greenwich,0,289100,0
E09000011,Greenwich,0,289100,0
E09000011,Greenwich,0,289100,0
E09000011,Greenwich,0,289100,0
E09000011,Greenwich,56023,289100,19.378415773088896
E09000011,Greenwich,49828,289100,17.235558630231754
E09000011,Greenwich,64209,289100,22.209961950882047
E09000011,Greenwich,26013,289100,8.99792459356624
E09000011,Greenwich,11450,289100,3.960567277758561
E09000011,Greenwich,0,289100,0
E09000011,Greenwich,150,289100,0.051885160843998614
E09000011,Greenwich,187,289100,0.0646835005188516
E09000011,Greenwich,347,289100,0.12002767208578347
E09000011,Greenwich,191,289100,0.0660671048080249
E09000011,Greenwich,97,289100,0.033552404012452436
E09000011,Greenwich,0,289100,0
E09000011,Greenwich,46,289100,0.015911449325492908
E09000011,Greenwich,83,289100,0.0287097890003459
E09000011,Greenwich,113,289100,0.03908682116914562
E09000011,Greenwich,76,289100,0.026288481494292634
E09000011,Greenwich,33,289100,0.011414735385679695
E09000011,Greenwich,0,289100,0
E09000011,Greenwich,62,289100,0.021445866482186094
E09000011,Greenwich,72,289100,0.024904877205119337
E09000011,Greenwich,159,289100,0.05499827049463853
E09000011,Greenwich,78,289100,0.02698028363887928
E09000011,Greenwich,32,289100,0.011068834313386372
E09000011,Greenwich,0,289100,0
E09000011,Greenwich,61,289100,0.02109996540989277
E09000011,Greenwich,69,289100,0.023867173988239364
E09000011,Greenwich,92,289100,0.031822898650985816
E09000011,Greenwich,28,289100,0.009685230024213076
E09000011,Greenwich,3,289100,0.0010377032168799724
E09000011,Greenwich,0,289100,0
E09000011,Greenwich,3796,289100,1.3130404704254584
E09000011,Greenwich,3612,289100,1.2493946731234866
E09000011,Greenwich,4744,289100,1.6409546869595295
E09000011,Greenwich,2384,289100,0.8246281563472847
E09000011,Greenwich,1307,289100,0.4520927014873746
E09000012,Hackney,0,259200,0
E09000012,Hackney,0,259200,0
E09000012,Hackney,0,259200,0
E09000012,Hackney,0,259200,0
E09000012,Hackney,0,259200,0
E09000012,Hackney,0,259200,0
E09000012,Hackney,0,259200,0
E09000012,Hackney,26286,259200,10.141203703703704
E09000012,Hackney,39569,259200,15.265817901234568
E09000012,Hackney,72930,259200,28.136574074074073
E09000012,Hackney,33552,259200,12.944444444444445
E09000012,Hackney,12760,259200,4.922839506172839
E09000012,Hackney,0,259200,0
E09000012,Hackney,99,259200,0.03819444444444445
E09000012,Hackney,143,259200,0.055169753086419755
E09000012,Hackney,361,259200,0.1392746913580247
E09000012,Hackney,212,259200,0.08179012345679013
E09000012,Hackney,84,259200,0.032407407407407406
E09000012,Hackney,0,259200,0
E09000012,Hackney,44,259200,0.016975308641975308
E09000012,Hackney,62,259200,0.023919753086419752
E09000012,Hackney,136,259200,0.05246913580246913
E09000012,Hackney,76,259200,0.029320987654320986
E09000012,Hackney,36,259200,0.013888888888888888
E09000012,Hackney,0,259200,0
E09000012,Hackney,35,259200,0.013503086419753086
E09000012,Hackney,56,259200,0.021604938271604937
E09000012,Hackney,107,259200,0.04128086419753087
E09000012,Hackney,68,259200,0.026234567901234566
E09000012,Hackney,22,259200,0.008487654320987654
E09000012,Hackney,0,259200,0
E09000012,Hackney,72,259200,0.027777777777777776
E09000012,Hackney,141,259200,0.05439814814814815
E09000012,Hackney,305,259200,0.11766975308641975
E09000012,Hackney,124,259200,0.047839506172839504
E09000012,Hackney,18,259200,0.006944444444444444
E09000012,Hackney,0,259200,0
E09000012,Hackney,3263,259200,1.2588734567901234
E09000012,Hackney,3562,259200,1.3742283950617284
E09000012,Hackney,7073,259200,2.728780864197531
E09000012,Hackney,3902,259200,1.5054012345679013
E09000012,Hackney,2045,259200,0.7889660493827161
E09000013,Hammersmith and Fulham,0,183200,0
E09000013,Hammersmith and Fulham,0,183200,0
E09000013,Hammersmith and Fulham,0,183200,0
E09000013,Hammersmith and Fulham,0,183200,0
E09000013,Hammersmith and Fulham,0,183200,0
E09000013,Hammersmith and Fulham,0,183200,0
E09000013,Hammersmith and Fulham,0,183200,0
E09000013,Hammersmith and Fulham,29649,183200,16.183951965065503
E09000013,Hammersmith and Fulham,28632,183200,15.62882096069869
E09000013,Hammersmith and Fulham,50652,183200,27.648471615720524
E09000013,Hammersmith and Fulham,23552,183200,12.85589519650655
E09000013,Hammersmith and Fulham,6949,183200,3.793122270742358
E09000013,Hammersmith and Fulham,0,183200,0
E09000013,Hammersmith and Fulham,66,183200,0.036026200873362446
E09000013,Hammersmith and Fulham,74,183200,0.04039301310043668
E09000013,Hammersmith and Fulham,170,183200,0.0927947598253275
E09000013,Hammersmith and Fulham,138,183200,0.07532751091703056
E09000013,Hammersmith and Fulham,55,183200,0.030021834061135372
E09000013,Hammersmith and Fulham,0,183200,0
E09000013,Hammersmith and Fulham,33,183200,0.018013100436681223
E09000013,Hammersmith and Fulham,39,183200,0.0212882096069869
E09000013,Hammersmith and Fulham,80,183200,0.043668122270742356
E09000013,Hammersmith and Fulham,38,183200,0.02074235807860262
E09000013,Hammersmith and Fulham,22,183200,0.012008733624454149
E09000013,Hammersmith and Fulham,0,183200,0
E09000013,Hammersmith and Fulham,28,183200,0.015283842794759825
E09000013,Hammersmith and Fulham,29,183200,0.015829694323144104
E09000013,Hammersmith and Fulham,94,183200,0.05131004366812227
E09000013,Hammersmith and Fulham,37,183200,0.02019650655021834
E09000013,Hammersmith and Fulham,15,183200,0.008187772925764192
E09000013,Hammersmith and Fulham,0,183200,0
E09000013,Hammersmith and Fulham,24,183200,0.013100436681222707
E09000013,Hammersmith and Fulham,30,183200,0.016375545851528384
E09000013,Hammersmith and Fulham,63,183200,0.034388646288209604
E09000013,Hammersmith and Fulham,42,183200,0.02292576419213974
E09000013,Hammersmith and Fulham,3,183200,0.0016375545851528383
E09000013,Hammersmith and Fulham,0,183200,0
E09000013,Hammersmith and Fulham,2030,183200,1.1080786026200873
E09000013,Hammersmith and Fulham,2263,183200,1.2352620087336244
E09000013,Hammersmith and Fulham,4213,183200,2.2996724890829694
E09000013,Hammersmith and Fulham,2221,183200,1.2123362445414847
E09000013,Hammersmith and Fulham,825,183200,0.45032751091703055
E09000014,Haringey,0,264200,0
E09000014,Haringey,0,264200,0
E09000014,Haringey,0,264200,0
E09000014,Haringey,0,264200,0
E09000014,Haringey,0,264200,0
E09000014,Haringey,0,264200,0
E09000014,Haringey,0,264200,0
E09000014,Haringey,48909,264200,18.51211203633611
E09000014,Haringey,38048,264200,14.401211203633611
E09000014,Haringey,56228,264200,21.282361847085543
E09000014,Haringey,33203,264200,12.567373202119606
E09000014,Haringey,14944,264200,5.656320968962907
E09000014,Haringey,0,264200,0
E09000014,Haringey,179,264200,0.06775170325510976
E09000014,Haringey,218,264200,0.08251324753974262
E09000014,Haringey,395,264200,0.14950794852384558
E09000014,Haringey,361,264200,0.13663890991672975
E09000014,Haringey,213,264200,0.08062074186222559
E09000014,Haringey,0,264200,0
E09000014,Haringey,55,264200,0.020817562452687358
E09000014,Haringey,66,264200,0.02498107494322483
E09000014,Haringey,100,264200,0.03785011355034065
E09000014,Haringey,110,264200,0.041635124905374715
E09000014,Haringey,43,264200,0.01627554882664648
E09000014,Haringey,0,264200,0
E09000014,Haringey,66,264200,0.02498107494322483
E09000014,Haringey,55,264200,0.020817562452687358
E09000014,Haringey,125,264200,0.047312641937925816
E09000014,Haringey,97,264200,0.03671461014383043
E09000014,Haringey,40,264200,0.01514004542013626
E09000014,Haringey,0,264200,0
E09000014,Haringey,81,264200,0.030658591975775928
E09000014,Haringey,125,264200,0.047312641937925816
E09000014,Haringey,174,264200,0.06585919757759273
E09000014,Haringey,109,264200,0.04125662376987131
E09000014,Haringey,20,264200,0.00757002271006813
E09000014,Haringey,0,264200,0
E09000014,Haringey,4222,264200,1.5980317940953823
E09000014,Haringey,3551,264200,1.3440575321725965
E09000014,Haringey,5858,264200,2.217259651778955
E09000014,Haringey,3855,264200,1.459121877365632
E09000014,Haringey,2397,264200,0.9072672218016654
E09000015,Harrow,0,261300,0
E09000015,Harrow,0,261300,0
E09000015,Harrow,0,261300,0
E09000015,Harrow,0,261300,0
E09000015,Harrow,0,261300,0
E09000015,Harrow,0,261300,0
E09000015,Harrow,0,261300,0
E09000015,Harrow,68020,261300,26.031381553769613
E09000015,Harrow,41947,261300,16.053195560658246
E09000015,Harrow,42054,261300,16.09414466130884
E09000015,Harrow,22869,261300,8.752009184845006
E09000015,Harrow,12398,261300,4.744737849215461
E09000015,Harrow,0,261300,0
E09000015,Harrow,183,261300,0.07003444316877153
E09000015,Harrow,191,261300,0.07309605817068504
E09000015,Harrow,362,261300,0.1385380788365863
E09000015,Harrow,206,261300,0.07883658629927287
E09000015,Harrow,160,261300,0.06123230003827019
E09000015,Harrow,0,261300,0
E09000015,Harrow,78,261300,0.029850746268656716
E09000015,Harrow,54,261300,0.02066590126291619
E09000015,Harrow,88,261300,0.033677765021048606
E09000015,Harrow,65,261300,0.024875621890547265
E09000015,Harrow,32,261300,0.012246460007654038
E09000015,Harrow,0,261300,0
E09000015,Harrow,78,261300,0.029850746268656716
E09000015,Harrow,60,261300,0.022962112514351322
E09000015,Harrow,87,261300,0.03329506314580941
E09000015,Harrow,71,261300,0.027171833141982394
E09000015,Harrow,39,261300,0.014925373134328358
E09000015,Harrow,0,261300,0
E09000015,Harrow,33,261300,0.012629161882893225
E09000015,Harrow,19,261300,0.007271335629544585
E09000015,Harrow,27,261300,0.010332950631458095
E09000015,Harrow,25,261300,0.009567546880979716
E09000015,Harrow,10,261300,0.003827018752391887
E09000015,Harrow,0,261300,0
E09000015,Harrow,5335,261300,2.0417145044010714
E09000015,Harrow,4080,261300,1.5614236509758899
E09000015,Harrow,4199,261300,1.6069651741293531
E09000015,Harrow,2809,261300,1.075009567546881
E09000015,Harrow,2166,261300,0.8289322617680827
E09000016,Havering,0,262000,0
E09000016,Havering,0,262000,0
E09000016,Havering,0,262000,0
E09000016,Havering,0,262000,0
E09000016,Havering,0,262000,0
E09000016,Havering,0,262000,0
E09000016,Havering,0,262000,0
E09000016,Havering,78386,262000,29.918320610687022
E09000016,Havering,50778,262000,19.38091603053435
E09000016,Havering,44613,262000,17.027862595419847
E09000016,Havering,16238,262000,6.197709923664122
E09000016,Havering,5309,262000,2.0263358778625955
E09000016,Havering,0,262000,0
E09000016,Havering,132,262000,0.050381679389312976
E09000016,Havering,85,262000,0.03244274809160305
E09000016,Havering,176,262000,0.06717557251908397
E09000016,Havering,90,262000,0.03435114503816794
E09000016,Havering,42,262000,0.01603053435114504
E09000016,Havering,0,262000,0
E09000016,Havering,51,262000,0.019465648854961833
E09000016,Havering,49,262000,0.01870229007633588
E09000016,Havering,84,262000,0.03206106870229008
E09000016,Havering,32,262000,0.012213740458015267
E09000016,Havering,12,262000,0.004580152671755725
E09000016,Havering,0,262000,0
E09000016,Havering,41,262000,0.015648854961832062
E09000016,Havering,42,262000,0.01603053435114504
E09000016,Havering,79,262000,0.03015267175572519
E09000016,Havering,37,262000,0.014122137404580152
E09000016,Havering,11,262000,0.004198473282442748
E09000016,Havering,0,262000,0
E09000016,Havering,26,262000,0.009923664122137405
E09000016,Havering,33,262000,0.012595419847328244
E09000016,Havering,32,262000,0.012213740458015267
E09000016,Havering,4,262000,0.0015267175572519084
E09000016,Havering,4,262000,0.0015267175572519084
E09000016,Havering,0,262000,0
E09000016,Havering,4338,262000,1.6557251908396946
E09000016,Havering,2912,262000,1.1114503816793893
E09000016,Havering,2820,262000,1.0763358778625953
E09000016,Havering,1287,262000,0.4912213740458015
E09000016,Havering,491,262000,0.18740458015267175
E09000017,Hillingdon,0,305900,0
E09000017,Hillingdon,0,305900,0
E09000017,Hillingdon,0,305900,0
E09000017,Hillingdon,0,305900,0
E09000017,Hillingdon,0,305900,0
E09000017,Hillingdon,0,305900,0
E09000017,Hillingdon,0,305900,0
E09000017,Hillingdon,65317,305900,21.352402745995423
E09000017,Hillingdon,52090,305900,17.028440666884602
E09000017,Hillingdon,58168,305900,19.015364498202025
E09000017,Hillingdon,28737,305900,9.394246485779666
E09000017,Hillingdon,13022,305900,4.256946714612618
E09000017,Hillingdon,0,305900,0
E09000017,Hillingdon,182,305900,0.059496567505720827
E09000017,Hillingdon,197,305900,0.06440013076168682
E09000017,Hillingdon,364,305900,0.11899313501144165
E09000017,Hillingdon,234,305900,0.07649558679306963
E09000017,Hillingdon,134,305900,0.04380516508662962
E09000017,Hillingdon,0,305900,0
E09000017,Hillingdon,81,305900,0.02647924158221641
E09000017,Hillingdon,69,305900,0.022556390977443608
E09000017,Hillingdon,133,305900,0.043478260869565216
E09000017,Hillingdon,89,305900,0.029094475318731612
E09000017,Hillingdon,39,305900,0.012749264465511605
E09000017,Hillingdon,0,305900,0
E09000017,Hillingdon,63,305900,0.020594965675057208
E09000017,Hillingdon,103,305900,0.03367113435763321
E09000017,Hillingdon,107,305900,0.034978751225890815
E09000017,Hillingdon,109,305900,0.035632559660019616
E09000017,Hillingdon,58,305900,0.01896044458973521
E09000017,Hillingdon,0,305900,0
E09000017,Hillingdon,20,305900,0.006538084341288003
E09000017,Hillingdon,21,305900,0.006864988558352402
E09000017,Hillingdon,37,305900,0.012095456031382805
E09000017,Hillingdon,20,305900,0.006538084341288003
E09000017,Hillingdon,6,305900,0.001961425302386401
E09000017,Hillingdon,0,305900,0
E09000017,Hillingdon,4380,305900,1.4318404707420727
E09000017,Hillingdon,3756,305900,1.2278522392938869
E09000017,Hillingdon,4614,305900,1.508336057535142
E09000017,Hillingdon,2748,305900,0.8983327884929716
E09000017,Hillingdon,1509,305900,0.4932984635501798
E09000018,Hounslow,0,288200,0
E09000018,Hounslow,0,288200,0
E09000018,Hounslow,0,288200,0
E09000018,Hounslow,0,288200,0
E09000018,Hounslow,0,288200,0
E09000018,Hounslow,0,288200,0
E09000018,Hounslow,0,288200,0
E09000018,Hounslow,50345,288200,17.46877168632894
E09000018,Hounslow,44865,288200,15.56731436502429
E09000018,Hounslow,60509,288200,20.995489243580845
E09000018,Hounslow,31950,288200,11.086051353226926
E09000018,Hounslow,18245,288200,6.330673143650243
E09000018,Hounslow,0,288200,0
E09000018,Hounslow,186,288200,0.06453851492019431
E09000018,Hounslow,203,288200,0.07043719639139487
E09000018,Hounslow,435,288200,0.15093684941013186
E09000018,Hounslow,253,288200,0.08778625954198473
E09000018,Hounslow,215,288200,0.07460097154753643
E09000018,Hounslow,0,288200,0
E09000018,Hounslow,61,288200,0.02116585704371964
E09000018,Hounslow,64,288200,0.02220680083275503
E09000018,Hounslow,136,288200,0.04718945176960444
E09000018,Hounslow,82,288200,0.028452463566967384
E09000018,Hounslow,48,288200,0.016655100624566273
E09000018,Hounslow,0,288200,0
E09000018,Hounslow,76,288200,0.0263705759888966
E09000018,Hounslow,112,288200,0.0388619014573213
E09000018,Hounslow,165,288200,0.05725190839694656
E09000018,Hounslow,102,288200,0.03539208882720333
E09000018,Hounslow,53,288200,0.01839000693962526
E09000018,Hounslow,0,288200,0
E09000018,Hounslow,24,288200,0.008327550312283136
E09000018,Hounslow,28,288200,0.009715475364330326
E09000018,Hounslow,45,288200,0.015614156835530881
E09000018,Hounslow,20,288200,0.006939625260235947
E09000018,Hounslow,5,288200,0.0017349063150589867
E09000018,Hounslow,0,288200,0
E09000018,Hounslow,4011,288200,1.3917418459403192
E09000018,Hounslow,3703,288200,1.2848716169326857
E09000018,Hounslow,5447,288200,1.8900069396252603
E09000018,Hounslow,3462,288200,1.2012491325468424
E09000018,Hounslow,2105,288200,0.7303955586398334
E09000019,Islington,0,216600,0
E09000019,Islington,0,216600,0
E09000019,Islington,0,216600,0
E09000019,Islington,0,216600,0
E09000019,Islington,0,216600,0
E09000019,Islington,0,216600,0
E09000019,Islington,0,216600,0
E09000019,Islington,26844,216600,12.393351800554017
E09000019,Islington,35964,216600,16.60387811634349
E09000019,Islington,68581,216600,31.662511542012926
E09000019,Islington,25239,216600,11.652354570637119
E09000019,Islington,7273,216600,3.357802400738689
E09000019,Islington,0,216600,0
E09000019,Islington,45,216600,0.02077562326869806
E09000019,Islington,85,216600,0.039242843951985226
E09000019,Islington,304,216600,0.14035087719298245
E09000019,Islington,154,216600,0.07109879963065559
E09000019,Islington,41,216600,0.018928901200369344
E09000019,Islington,0,216600,0
E09000019,Islington,21,216600,0.009695290858725761
E09000019,Islington,81,216600,0.037396121883656507
E09000019,Islington,149,216600,0.06879039704524469
E09000019,Islington,76,216600,0.03508771929824561
E09000019,Islington,13,216600,0.006001846722068329
E09000019,Islington,0,216600,0
E09000019,Islington,22,216600,0.010156971375807941
E09000019,Islington,44,216600,0.020313942751615882
E09000019,Islington,123,216600,0.05678670360110803
E09000019,Islington,62,216600,0.028624192059095107
E09000019,Islington,14,216600,0.006463527239150508
E09000019,Islington,0,216600,0
E09000019,Islington,39,216600,0.018005540166204988
E09000019,Islington,89,216600,0.041089566020313946
E09000019,Islington,204,216600,0.09418282548476455
E09000019,Islington,89,216600,0.041089566020313946
E09000019,Islington,11,216600,0.0050784856879039705
E09000019,Islington,0,216600,0
E09000019,Islington,1707,216600,0.7880886426592798
E09000019,Islington,2511,216600,1.1592797783933517
E09000019,Islington,5323,216600,2.4575253924284395
E09000019,Islington,2431,216600,1.1223453370267775
E09000019,Islington,834,216600,0.3850415512465374
E09000020,Kensington and Chelsea,0,143400,0
E09000020,Kensington and Chelsea,0,143400,0
E09000020,Kensington and Chelsea,0,143400,0
E09000020,Kensington and Chelsea,0,143400,0
E09000020,Kensington and Chelsea,0,143400,0
E09000020,Kensington and Chelsea,0,143400,0
E09000020,Kensington and Chelsea,0,143400,0
E09000020,Kensington and Chelsea,30172,143400,21.04044630404463
E09000020,Kensington and Chelsea,22605,143400,15.763598326359833
E09000020,Kensington and Chelsea,33094,143400,23.078103207810322
E09000020,Kensington and Chelsea,17218,143400,12.00697350069735
E09000020,Kensington and Chelsea,6889,143400,4.804044630404463
E09000020,Kensington and Chelsea,0,143400,0
E09000020,Kensington and Chelsea,45,143400,0.03138075313807531
E09000020,Kensington and Chelsea,47,143400,0.03277545327754533
E09000020,Kensington and Chelsea,107,143400,0.07461645746164575
E09000020,Kensington and Chelsea,63,143400,0.043933054393305436
E09000020,Kensington and Chelsea,21,143400,0.014644351464435146
E09000020,Kensington and Chelsea,0,143400,0
E09000020,Kensington and Chelsea,26,143400,0.01813110181311018
E09000020,Kensington and Chelsea,29,143400,0.020223152022315203
E09000020,Kensington and Chelsea,62,143400,0.043235704323570434
E09000020,Kensington and Chelsea,28,143400,0.019525801952580194
E09000020,Kensington and Chelsea,13,143400,0.00906555090655509
E09000020,Kensington and Chelsea,0,143400,0
E09000020,Kensington and Chelsea,13,143400,0.00906555090655509
E09000020,Kensington and Chelsea,10,143400,0.00697350069735007
E09000020,Kensington and Chelsea,34,143400,0.023709902370990237
E09000020,Kensington and Chelsea,40,143400,0.02789400278940028
E09000020,Kensington and Chelsea,5,143400,0.003486750348675035
E09000020,Kensington and Chelsea,0,143400,0
E09000020,Kensington and Chelsea,19,143400,0.013249651324965132
E09000020,Kensington and Chelsea,14,143400,0.009762900976290097
E09000020,Kensington and Chelsea,37,143400,0.02580195258019526
E09000020,Kensington and Chelsea,37,143400,0.02580195258019526
E09000020,Kensington and Chelsea,11,143400,0.007670850767085077
E09000020,Kensington and Chelsea,0,143400,0
E09000020,Kensington and Chelsea,2461,143400,1.7161785216178522
E09000020,Kensington and Chelsea,1882,143400,1.312412831241283
E09000020,Kensington and Chelsea,3094,143400,2.1576011157601114
E09000020,Kensington and Chelsea,1797,143400,1.2531380753138075
E09000020,Kensington and Chelsea,934,143400,0.6513249651324965
E09000021,Kingston upon Thames,0,168000,0
E09000021,Kingston upon Thames,0,168000,0
E09000021,Kingston upon Thames,0,168000,0
E09000021,Kingston upon Thames,0,168000,0
E09000021,Kingston upon Thames,0,168000,0
E09000021,Kingston upon Thames,0,168000,0
E09000021,Kingston upon Thames,0,168000,0
E09000021,Kingston upon Thames,52688,168000,31.36190476190476
E09000021,Kingston upon Thames,28352,168000,16.876190476190477
E09000021,Kingston upon Thames,28651,168000,17.054166666666667
E09000021,Kingston upon Thames,10403,168000,6.192261904761905
E09000021,Kingston upon Thames,2668,168000,1.588095238095238
E09000021,Kingston upon Thames,0,168000,0
E09000021,Kingston upon Thames,89,168000,0.052976190476190475
E09000021,Kingston upon Thames,68,168000,0.04047619047619048
E09000021,Kingston upon Thames,117,168000,0.06964285714285715
E09000021,Kingston upon Thames,53,168000,0.03154761904761905
E09000021,Kingston upon Thames,31,168000,0.018452380952380953
E09000021,Kingston upon Thames,0,168000,0
E09000021,Kingston upon Thames,35,168000,0.020833333333333332
E09000021,Kingston upon Thames,33,168000,0.019642857142857142
E09000021,Kingston upon Thames,52,168000,0.030952380952380953
E09000021,Kingston upon Thames,31,168000,0.018452380952380953
E09000021,Kingston upon Thames,13,168000,0.007738095238095238
E09000021,Kingston upon Thames,0,168000,0
E09000021,Kingston upon Thames,28,168000,0.016666666666666666
E09000021,Kingston upon Thames,31,168000,0.018452380952380953
E09000021,Kingston upon Thames,43,168000,0.025595238095238095
E09000021,Kingston upon Thames,35,168000,0.020833333333333332
E09000021,Kingston upon Thames,18,168000,0.010714285714285714
E09000021,Kingston upon Thames,0,168000,0
E09000021,Kingston upon Thames,41,168000,0.024404761904761905
E09000021,Kingston upon Thames,44,168000,0.02619047619047619
E09000021,Kingston upon Thames,48,168000,0.02857142857142857
E09000021,Kingston upon Thames,31,168000,0.018452380952380953
E09000021,Kingston upon Thames,5,168000,0.002976190476190476
E09000021,Kingston upon Thames,0,168000,0
E09000021,Kingston upon Thames,3136,168000,1.8666666666666667
E09000021,Kingston upon Thames,1841,168000,1.0958333333333334
E09000021,Kingston upon Thames,2203,168000,1.3113095238095238
E09000021,Kingston upon Thames,914,168000,0.544047619047619
E09000021,Kingston upon Thames,406,168000,0.24166666666666667
E09000022,Lambeth,0,317600,0
E09000022,Lambeth,0,317600,0
E09000022,Lambeth,0,317600,0
E09000022,Lambeth,0,317600,0
E09000022,Lambeth,0,317600,0
E09000022,Lambeth,0,317600,0
E09000022,Lambeth,0,317600,0
E09000022,Lambeth,50765,317600,15.983942065491183
E09000022,Lambeth,53804,317600,16.94080604534005
E09000022,Lambeth,86595,317600,27.2654282115869
E09000022,Lambeth,37861,317600,11.920969773299747
E09000022,Lambeth,14238,317600,4.482997481108312
E09000022,Lambeth,0,317600,0
E09000022,Lambeth,147,317600,0.04628463476070529
E09000022,Lambeth,174,317600,0.05478589420654912
E09000022,Lambeth,407,317600,0.12814861460957178
E09000022,Lambeth,203,317600,0.06391687657430731
E09000022,Lambeth,104,317600,0.0327455919395466
E09000022,Lambeth,0,317600,0
E09000022,Lambeth,59,317600,0.01857682619647355
E09000022,Lambeth,95,317600,0.02991183879093199
E09000022,Lambeth,202,317600,0.06360201511335013
E09000022,Lambeth,96,317600,0.030226700251889168
E09000022,Lambeth,54,317600,0.01700251889168766
E09000022,Lambeth,0,317600,0
E09000022,Lambeth,60,317600,0.018891687657430732
E09000022,Lambeth,85,317600,0.0267632241813602
E09000022,Lambeth,132,317600,0.041561712846347604
E09000022,Lambeth,105,317600,0.03306045340050378
E09000022,Lambeth,24,317600,0.007556675062972292
E09000022,Lambeth,0,317600,0
E09000022,Lambeth,69,317600,0.02172544080604534
E09000022,Lambeth,124,317600,0.03904282115869018
E09000022,Lambeth,251,317600,0.0790302267002519
E09000022,Lambeth,76,317600,0.023929471032745592
E09000022,Lambeth,9,317600,0.0028337531486146094
E09000022,Lambeth,0,317600,0
E09000022,Lambeth,3455,317600,1.0878463476070528
E09000022,Lambeth,3828,317600,1.2052896725440807
E09000022,Lambeth,6556,317600,2.0642317380352644
E09000022,Lambeth,3284,317600,1.0340050377833754
E09000022,Lambeth,1725,317600,0.5431360201511335
E09000023,Lewisham,0,300600,0
E09000023,Lewisham,0,300600,0
E09000023,Lewisham,0,300600,0
E09000023,Lewisham,0,300600,0
E09000023,Lewisham,0,300600,0
E09000023,Lewisham,0,300600,0
E09000023,Lewisham,0,300600,0
E09000023,Lewisham,54553,300600,18.1480372588157
E09000023,Lewisham,49864,300600,16.588157019294744
E09000023,Lewisham,69214,300600,23.025282767797737
E09000023,Lewisham,32011,300600,10.649035262807718
E09000023,Lewisham,13635,300600,4.5359281437125745
E09000023,Lewisham,0,300600,0
E09000023,Lewisham,135,300600,0.04491017964071856
E09000023,Lewisham,164,300600,0.054557551563539586
E09000023,Lewisham,367,300600,0.12208915502328677
E09000023,Lewisham,236,300600,0.07850964737192283
E09000023,Lewisham,106,300600,0.03526280771789754
E09000023,Lewisham,0,300600,0
E09000023,Lewisham,58,300600,0.01929474384564205
E09000023,Lewisham,84,300600,0.027944111776447105
E09000023,Lewisham,149,300600,0.049567531603459745
E09000023,Lewisham,93,300600,0.03093812375249501
E09000023,Lewisham,43,300600,0.014304723885562209
E09000023,Lewisham,0,300600,0
E09000023,Lewisham,67,300600,0.022288755821689953
E09000023,Lewisham,83,300600,0.02761144377910845
E09000023,Lewisham,138,300600,0.04590818363273453
E09000023,Lewisham,75,300600,0.0249500998003992
E09000023,Lewisham,33,300600,0.010978043912175649
E09000023,Lewisham,0,300600,0
E09000023,Lewisham,88,300600,0.02927478376580173
E09000023,Lewisham,154,300600,0.05123087159015303
E09000023,Lewisham,246,300600,0.08183632734530938
E09000023,Lewisham,98,300600,0.03260146373918829
E09000023,Lewisham,9,300600,0.0029940119760479044
E09000023,Lewisham,0,300600,0
E09000023,Lewisham,4016,300600,1.3359946773120426
E09000023,Lewisham,3784,300600,1.2588157019294743
E09000023,Lewisham,5732,300600,1.9068529607451763
E09000023,Lewisham,2993,300600,0.9956753160345975
E09000023,Lewisham,1520,300600,0.5056553559547572
E09000024,Merton,0,215200,0
E09000024,Merton,0,215200,0
E09000024,Merton,0,215200,0
E09000024,Merton,0,215200,0
E09000024,Merton,0,215200,0
E09000024,Merton,0,215200,0
E09000024,Merton,0,215200,0
E09000024,Merton,58154,215200,27.023234200743495
E09000024,Merton,36506,215200,16.963754646840147
E09000024,Merton,39412,215200,18.314126394052046
E09000024,Merton,16501,215200,7.6677509293680295
E09000024,Merton,7003,215200,3.254182156133829
E09000024,Merton,0,215200,0
E09000024,Merton,107,215200,0.04972118959107807
E09000024,Merton,114,215200,0.05297397769516728
E09000024,Merton,214,215200,0.09944237918215613
E09000024,Merton,111,215200,0.05157992565055762
E09000024,Merton,44,215200,0.020446096654275093
E09000024,Merton,0,215200,0
E09000024,Merton,44,215200,0.020446096654275093
E09000024,Merton,47,215200,0.02184014869888476
E09000024,Merton,49,215200,0.022769516728624536
E09000024,Merton,41,215200,0.019052044609665426
E09000024,Merton,11,215200,0.005111524163568773
E09000024,Merton,0,215200,0
E09000024,Merton,40,215200,0.01858736059479554
E09000024,Merton,42,215200,0.019516728624535316
E09000024,Merton,62,215200,0.028810408921933085
E09000024,Merton,46,215200,0.02137546468401487
E09000024,Merton,14,215200,0.006505576208178439
E09000024,Merton,0,215200,0
E09000024,Merton,38,215200,0.017657992565055763
E09000024,Merton,45,215200,0.020910780669144983
E09000024,Merton,40,215200,0.01858736059479554
E09000024,Merton,25,215200,0.011617100371747211
E09000024,Merton,7,215200,0.0032527881040892194
E09000024,Merton,0,215200,0
E09000024,Merton,4041,215200,1.8777881040892193
E09000024,Merton,2767,215200,1.2857806691449813
E09000024,Merton,3442,215200,1.5994423791821561
E09000024,Merton,1810,215200,0.8410780669144982
E09000024,Merton,930,215200,0.43215613382899626
E09000025,Newham,0,351100,0
E09000025,Newham,0,351100,0
E09000025,Newham,0,351100,0
E09000025,Newham,0,351100,0
E09000025,Newham,0,351100,0
E09000025,Newham,0,351100,0
E09000025,Newham,0,351100,0
E09000025,Newham,32302,351100,9.200227855311876
E09000025,Newham,45119,351100,12.850754770720592
E09000025,Newham,78847,351100,22.457134719453148
E09000025,Newham,48906,351100,13.929364853318143
E09000025,Newham,37209,351100,10.59783537453717
E09000025,Newham,0,351100,0
E09000025,Newham,284,351100,0.08088863571632014
E09000025,Newham,427,351100,0.1216177727143264
E09000025,Newham,732,351100,0.2084876103674167
E09000025,Newham,581,351100,0.16547992025064084
E09000025,Newham,488,351100,0.13899174024494446
E09000025,Newham,0,351100,0
E09000025,Newham,94,351100,0.02677299914554258
E09000025,Newham,112,351100,0.031899743662774135
E09000025,Newham,209,351100,0.05952720022785531
E09000025,Newham,126,351100,0.035887211620620904
E09000025,Newham,103,351100,0.02933637140415836
E09000025,Newham,0,351100,0
E09000025,Newham,98,351100,0.02791227570492737
E09000025,Newham,104,351100,0.02962119054400456
E09000025,Newham,232,351100,0.06607804044431786
E09000025,Newham,118,351100,0.033608658501851324
E09000025,Newham,134,351100,0.038165764739390484
E09000025,Newham,0,351100,0
E09000025,Newham,40,351100,0.011392765593847906
E09000025,Newham,45,351100,0.012816861293078895
E09000025,Newham,126,351100,0.035887211620620904
E09000025,Newham,55,351100,0.015665052691540872
E09000025,Newham,25,351100,0.007120478496154941
E09000025,Newham,0,351100,0
E09000025,Newham,3586,351100,1.0213614354884648
E09000025,Newham,4423,351100,1.2597550555397323
E09000025,Newham,7728,351100,2.2010823127314154
E09000025,Newham,5933,351100,1.6898319567074906
E09000025,Newham,5368,351100,1.528909142694389
E09000026,Redbridge,0,310300,0
E09000026,Redbridge,0,310300,0
E09000026,Redbridge,0,310300,0
E09000026,Redbridge,0,310300,0
E09000026,Redbridge,0,310300,0
E09000026,Redbridge,0,310300,0
E09000026,Redbridge,0,310300,0
E09000026,Redbridge,70064,310300,22.57943925233645
E09000026,Redbridge,50092,310300,16.143087334837254
E09000026,Redbridge,52127,310300,16.79890428617467
E09000026,Redbridge,29903,310300,9.636803093780212
E09000026,Redbridge,15595,310300,5.025781501772478
E09000026,Redbridge,0,310300,0
E09000026,Redbridge,285,310300,0.09184660006445375
E09000026,Redbridge,204,310300,0.06574282951981952
E09000026,Redbridge,387,310300,0.12471801482436352
E09000026,Redbridge,364,310300,0.11730583306477603
E09000026,Redbridge,192,310300,0.061875604253947794
E09000026,Redbridge,0,310300,0
E09000026,Redbridge,94,310300,0.03029326458266194
E09000026,Redbridge,65,310300,0.020947470190138574
E09000026,Redbridge,120,310300,0.03867225265871737
E09000026,Redbridge,78,310300,0.02513696422816629
E09000026,Redbridge,44,310300,0.014179825974863036
E09000026,Redbridge,0,310300,0
E09000026,Redbridge,99,310300,0.03190460844344183
E09000026,Redbridge,67,310300,0.02159200773445053
E09000026,Redbridge,159,310300,0.051240734772800514
E09000026,Redbridge,96,310300,0.030937802126973897
E09000026,Redbridge,40,310300,0.012890750886239123
E09000026,Redbridge,0,310300,0
E09000026,Redbridge,37,310300,0.011923944569771189
E09000026,Redbridge,21,310300,0.00676764421527554
E09000026,Redbridge,45,310300,0.014502094747019014
E09000026,Redbridge,22,310300,0.007089912987431518
E09000026,Redbridge,6,310300,0.0019336126329358686
E09000026,Redbridge,0,310300,0
E09000026,Redbridge,5284,310300,1.7028681920721882
E09000026,Redbridge,4229,310300,1.3628746374476313
E09000026,Redbridge,4776,310300,1.5391556558169512
E09000026,Redbridge,3451,310300,1.1121495327102804
E09000026,Redbridge,2324,310300,0.7489526264904931
E09000027,Richmond upon Thames,0,195200,0
E09000027,Richmond upon Thames,0,195200,0
E09000027,Richmond upon Thames,0,195200,0
E09000027,Richmond upon Thames,0,195200,0
E09000027,Richmond upon Thames,0,195200,0
E09000027,Richmond upon Thames,0,195200,0
E09000027,Richmond upon Thames,0,195200,0
E09000027,Richmond upon Thames,65781,195200,33.69928278688525
E09000027,Richmond upon Thames,34867,195200,17.86219262295082
E09000027,Richmond upon Thames,32055,195200,16.421618852459016
E09000027,Richmond upon Thames,10001,195200,5.123463114754099
E09000027,Richmond upon Thames,2203,195200,1.1285860655737705
E09000027,Richmond upon Thames,0,195200,0
E09000027,Richmond upon Thames,52,195200,0.02663934426229508
E09000027,Richmond upon Thames,47,195200,0.024077868852459015
E09000027,Richmond upon Thames,73,195200,0.03739754098360656
E09000027,Richmond upon Thames,38,195200,0.0194672131147541
E09000027,Richmond upon Thames,11,195200,0.0056352459016393444
E09000027,Richmond upon Thames,0,195200,0
E09000027,Richmond upon Thames,37,195200,0.018954918032786885
E09000027,Richmond upon Thames,39,195200,0.019979508196721313
E09000027,Richmond upon Thames,32,195200,0.01639344262295082
E09000027,Richmond upon Thames,23,195200,0.0117827868852459
E09000027,Richmond upon Thames,3,195200,0.0015368852459016393
E09000027,Richmond upon Thames,0,195200,0
E09000027,Richmond upon Thames,28,195200,0.014344262295081968
E09000027,Richmond upon Thames,25,195200,0.012807377049180328
E09000027,Richmond upon Thames,31,195200,0.015881147540983607
E09000027,Richmond upon Thames,20,195200,0.010245901639344262
E09000027,Richmond upon Thames,5,195200,0.0025614754098360654
E09000027,Richmond upon Thames,0,195200,0
E09000027,Richmond upon Thames,37,195200,0.018954918032786885
E09000027,Richmond upon Thames,26,195200,0.01331967213114754
E09000027,Richmond upon Thames,52,195200,0.02663934426229508
E09000027,Richmond upon Thames,17,195200,0.008709016393442622
E09000027,Richmond upon Thames,0,195200,0
E09000027,Richmond upon Thames,0,195200,0
E09000027,Richmond upon Thames,3194,195200,1.6362704918032787
E09000027,Richmond upon Thames,2017,195200,1.0332991803278688
E09000027,Richmond upon Thames,2206,195200,1.1301229508196722
E09000027,Richmond upon Thames,804,195200,0.41188524590163933
E09000027,Richmond upon Thames,284,195200,0.14549180327868852
E09000028,Southwark,0,307700,0
E09000028,Southwark,0,307700,0
E09000028,Southwark,0,307700,0
E09000028,Southwark,0,307700,0
E09000028,Southwark,0,307700,0
E09000028,Southwark,0,307700,0
E09000028,Southwark,0,307700,0
E09000028,Southwark,40745,307700,13.24179395515112
E09000028,Southwark,50610,307700,16.4478388040299
E09000028,Southwark,87480,307700,28.430289242768932
E09000028,Southwark,36221,307700,11.771530711732206
E09000028,Southwark,14757,307700,4.795905102372441
E09000028,Southwark,0,307700,0
E09000028,Southwark,101,307700,0.03282417939551511
E09000028,Southwark,187,307700,0.06077348066298342
E09000028,Southwark,408,307700,0.13259668508287292
E09000028,Southwark,268,307700,0.08709782255443614
E09000028,Southwark,632,307700,0.2053948651283718
E09000028,Southwark,0,307700,0
E09000028,Southwark,44,307700,0.014299642508937277
E09000028,Southwark,73,307700,0.023724406889827753
E09000028,Southwark,186,307700,0.06044848878778031
E09000028,Southwark,109,307700,0.03542411439714007
E09000028,Southwark,26,307700,0.008449788755281119
E09000028,Southwark,0,307700,0
E09000028,Southwark,59,307700,0.019174520636984077
E09000028,Southwark,70,307700,0.022749431264218394
E09000028,Southwark,195,307700,0.06337341566460838
E09000028,Southwark,97,307700,0.031524211894702635
E09000028,Southwark,33,307700,0.010724731881702957
E09000028,Southwark,0,307700,0
E09000028,Southwark,83,307700,0.026974325641858955
E09000028,Southwark,120,307700,0.03899902502437439
E09000028,Southwark,249,307700,0.08092297692557686
E09000028,Southwark,106,307700,0.03444913877153071
E09000028,Southwark,35,307700,0.011374715632109197
E09000028,Southwark,0,307700,0
E09000028,Southwark,2767,307700,0.8992525186870328
E09000028,Southwark,3658,307700,1.1888202794930127
E09000028,Southwark,6652,307700,2.1618459538511536
E09000028,Southwark,3344,307700,1.086772830679233
E09000028,Southwark,1721,307700,0.5593110172245694
E09000029,Sutton,0,209600,0
E09000029,Sutton,0,209600,0
E09000029,Sutton,0,209600,0
E09000029,Sutton,0,209600,0
E09000029,Sutton,0,209600,0
E09000029,Sutton,0,209600,0
E09000029,Sutton,0,209600,0
E09000029,Sutton,58180,209600,27.75763358778626
E09000029,Sutton,38327,209600,18.28578244274809
E09000029,Sutton,38975,209600,18.594942748091604
E09000029,Sutton,14741,209600,7.032919847328245
E09000029,Sutton,3711,209600,1.7705152671755726
E09000029,Sutton,0,209600,0
E09000029,Sutton,84,209600,0.04007633587786259
E09000029,Sutton,71,209600,0.03387404580152672
E09000029,Sutton,123,209600,0.05868320610687023
E09000029,Sutton,62,209600,0.029580152671755726
E09000029,Sutton,34,209600,0.016221374045801526
E09000029,Sutton,0,209600,0
E09000029,Sutton,38,209600,0.01812977099236641
E09000029,Sutton,32,209600,0.015267175572519083
E09000029,Sutton,51,209600,0.02433206106870229
E09000029,Sutton,24,209600,0.011450381679389313
E09000029,Sutton,5,209600,0.002385496183206107
E09000029,Sutton,0,209600,0
E09000029,Sutton,43,209600,0.02051526717557252
E09000029,Sutton,35,209600,0.016698473282442748
E09000029,Sutton,66,209600,0.03148854961832061
E09000029,Sutton,22,209600,0.01049618320610687
E09000029,Sutton,6,209600,0.0028625954198473282
E09000029,Sutton,0,209600,0
E09000029,Sutton,25,209600,0.011927480916030535
E09000029,Sutton,24,209600,0.011450381679389313
E09000029,Sutton,43,209600,0.02051526717557252
E09000029,Sutton,14,209600,0.006679389312977099
E09000029,Sutton,1,209600,4.7709923664122136e-4
E09000029,Sutton,0,209600,0
E09000029,Sutton,3256,209600,1.5534351145038168
E09000029,Sutton,2180,209600,1.0400763358778626
E09000029,Sutton,2710,209600,1.29293893129771
E09000029,Sutton,1167,209600,0.5567748091603053
E09000029,Sutton,389,209600,0.1855916030534351
E09000030,Tower Hamlets,0,310300,0
E09000030,Tower Hamlets,0,310300,0
E09000030,Tower Hamlets,0,310300,0
E09000030,Tower Hamlets,0,310300,0
E09000030,Tower Hamlets,0,310300,0
E09000030,Tower Hamlets,0,310300,0
E09000030,Tower Hamlets,0,310300,0
E09000030,Tower Hamlets,16922,310300,5.453432162423461
E09000030,Tower Hamlets,44395,310300,14.307122139864648
E09000030,Tower Hamlets,89996,310300,29.002900418949405
E09000030,Tower Hamlets,46304,310300,14.922333225910409
E09000030,Tower Hamlets,26394,310300,8.505961972284885
E09000030,Tower Hamlets,0,310300,0
E09000030,Tower Hamlets,91,310300,0.029326458266194008
E09000030,Tower Hamlets,158,310300,0.050918466000644536
E09000030,Tower Hamlets,513,310300,0.16532388011601676
E09000030,Tower Hamlets,409,310300,0.13180792781179504
E09000030,Tower Hamlets,220,310300,0.07089912987431518
E09000030,Tower Hamlets,0,310300,0
E09000030,Tower Hamlets,22,310300,0.007089912987431518
E09000030,Tower Hamlets,41,310300,0.013213019658395102
E09000030,Tower Hamlets,151,310300,0.04866258459555269
E09000030,Tower Hamlets,92,310300,0.029648727038349983
E09000030,Tower Hamlets,27,310300,0.008701256848211408
E09000030,Tower Hamlets,0,310300,0
E09000030,Tower Hamlets,28,310300,0.009023525620367387
E09000030,Tower Hamlets,43,310300,0.013857557202707057
E09000030,Tower Hamlets,125,310300,0.04028359651949726
E09000030,Tower Hamlets,100,310300,0.03222687721559781
E09000030,Tower Hamlets,39,310300,0.012568482114083145
E09000030,Tower Hamlets,0,310300,0
E09000030,Tower Hamlets,38,310300,0.012246213341927168
E09000030,Tower Hamlets,103,310300,0.03319368353206574
E09000030,Tower Hamlets,224,310300,0.0721882049629391
E09000030,Tower Hamlets,103,310300,0.03319368353206574
E09000030,Tower Hamlets,18,310300,0.005800837898807605
E09000030,Tower Hamlets,0,310300,0
E09000030,Tower Hamlets,1423,310300,0.45858846277795684
E09000030,Tower Hamlets,3512,310300,1.131807927811795
E09000030,Tower Hamlets,7654,310300,2.4666451820818565
E09000030,Tower Hamlets,4550,310300,1.4663229133097002
E09000030,Tower Hamlets,3102,310300,0.999677731227844
E09000031,Waltham Forest,0,278400,0
E09000031,Waltham Forest,0,278400,0
E09000031,Waltham Forest,0,278400,0
E09000031,Waltham Forest,0,278400,0
E09000031,Waltham Forest,0,278400,0
E09000031,Waltham Forest,0,278400,0
E09000031,Waltham Forest,0,278400,0
E09000031,Waltham Forest,53284,278400,19.139367816091955
E09000031,Waltham Forest,44889,278400,16.123922413793103
E09000031,Waltham Forest,54301,278400,19.504669540229884
E09000031,Waltham Forest,30439,278400,10.933548850574713
E09000031,Waltham Forest,16881,278400,6.063577586206897
E09000031,Waltham Forest,0,278400,0
E09000031,Waltham Forest,174,278400,0.0625
E09000031,Waltham Forest,209,278400,0.07507183908045977
E09000031,Waltham Forest,427,278400,0.1533764367816092
E09000031,Waltham Forest,301,278400,0.10811781609195402
E09000031,Waltham Forest,138,278400,0.04956896551724138
E09000031,Waltham Forest,0,278400,0
E09000031,Waltham Forest,68,278400,0.02442528735632184
E09000031,Waltham Forest,57,278400,0.020474137931034482
E09000031,Waltham Forest,120,278400,0.04310344827586207
E09000031,Waltham Forest,88,278400,0.031609195402298854
E09000031,Waltham Forest,49,278400,0.017600574712643677
E09000031,Waltham Forest,0,278400,0
E09000031,Waltham Forest,90,278400,0.032327586206896554
E09000031,Waltham Forest,74,278400,0.02658045977011494
E09000031,Waltham Forest,113,278400,0.04058908045977012
E09000031,Waltham Forest,83,278400,0.029813218390804596
E09000031,Waltham Forest,54,278400,0.01939655172413793
E09000031,Waltham Forest,0,278400,0
E09000031,Waltham Forest,64,278400,0.022988505747126436
E09000031,Waltham Forest,85,278400,0.0305316091954023
E09000031,Waltham Forest,134,278400,0.048132183908045974
E09000031,Waltham Forest,42,278400,0.015086206896551725
E09000031,Waltham Forest,15,278400,0.005387931034482759
E09000031,Waltham Forest,0,278400,0
E09000031,Waltham Forest,4049,278400,1.454382183908046
E09000031,Waltham Forest,3556,278400,1.2772988505747127
E09000031,Waltham Forest,4863,278400,1.7467672413793103
E09000031,Waltham Forest,3231,278400,1.1605603448275863
E09000031,Waltham Forest,2584,278400,0.9281609195402298
E09000032,Wandsworth,0,327500,0
E09000032,Wandsworth,0,327500,0
E09000032,Wandsworth,0,327500,0
E09000032,Wandsworth,0,327500,0
E09000032,Wandsworth,0,327500,0
E09000032,Wandsworth,0,327500,0
E09000032,Wandsworth,0,327500,0
E09000032,Wandsworth,64451,327500,19.67969465648855
E09000032,Wandsworth,59326,327500,18.114809160305345
E09000032,Wandsworth,85094,327500,25.982900763358778
E09000032,Wandsworth,32176,327500,9.82473282442748
E09000032,Wandsworth,9390,327500,2.867175572519084
E09000032,Wandsworth,0,327500,0
E09000032,Wandsworth,93,327500,0.028396946564885495
E09000032,Wandsworth,119,327500,0.03633587786259542
E09000032,Wandsworth,250,327500,0.07633587786259542
E09000032,Wandsworth,157,327500,0.04793893129770992
E09000032,Wandsworth,87,327500,0.026564885496183206
E09000032,Wandsworth,0,327500,0
E09000032,Wandsworth,56,327500,0.017099236641221375
E09000032,Wandsworth,66,327500,0.02015267175572519
E09000032,Wandsworth,129,327500,0.03938931297709924
E09000032,Wandsworth,61,327500,0.018625954198473283
E09000032,Wandsworth,32,327500,0.009770992366412214
E09000032,Wandsworth,0,327500,0
E09000032,Wandsworth,44,327500,0.013435114503816794
E09000032,Wandsworth,58,327500,0.017709923664122138
E09000032,Wandsworth,97,327500,0.029618320610687022
E09000032,Wandsworth,62,327500,0.018931297709923665
E09000032,Wandsworth,26,327500,0.007938931297709924
E09000032,Wandsworth,0,327500,0
E09000032,Wandsworth,52,327500,0.01587786259541985
E09000032,Wandsworth,58,327500,0.017709923664122138
E09000032,Wandsworth,121,327500,0.036946564885496185
E09000032,Wandsworth,50,327500,0.015267175572519083
E09000032,Wandsworth,13,327500,0.003969465648854962
E09000032,Wandsworth,0,327500,0
E09000032,Wandsworth,3543,327500,1.0818320610687022
E09000032,Wandsworth,3472,327500,1.0601526717557253
E09000032,Wandsworth,5898,327500,1.8009160305343512
E09000032,Wandsworth,2814,327500,0.859236641221374
E09000032,Wandsworth,1277,327500,0.3899236641221374
E09000033,Westminster,0,204300,0
E09000033,Westminster,0,204300,0
E09000033,Westminster,0,204300,0
E09000033,Westminster,0,204300,0
E09000033,Westminster,0,204300,0
E09000033,Westminster,0,204300,0
E09000033,Westminster,0,204300,0
E09000033,Westminster,29328,204300,14.355359765051395
E09000033,Westminster,31974,204300,15.650513950073421
E09000033,Westminster,54632,204300,26.741067058247676
E09000033,Westminster,28387,204300,13.894762604013705
E09000033,Westminster,11972,204300,5.860009789525208
E09000033,Westminster,0,204300,0
E09000033,Westminster,53,204300,0.02594224180127264
E09000033,Westminster,93,204300,0.04552129221732746
E09000033,Westminster,266,204300,0.13020068526676457
E09000033,Westminster,154,204300,0.07537934410181106
E09000033,Westminster,79,204300,0.03866862457170827
E09000033,Westminster,0,204300,0
E09000033,Westminster,34,204300,0.016642192853646598
E09000033,Westminster,37,204300,0.01811062163485071
E09000033,Westminster,81,204300,0.039647577092511016
E09000033,Westminster,65,204300,0.03181595692608909
E09000033,Westminster,27,204300,0.013215859030837005
E09000033,Westminster,0,204300,0
E09000033,Westminster,30,204300,0.014684287812041116
E09000033,Westminster,54,204300,0.02643171806167401
E09000033,Westminster,59,204300,0.02887909936368086
E09000033,Westminster,59,204300,0.02887909936368086
E09000033,Westminster,26,204300,0.012726382770435633
E09000033,Westminster,0,204300,0
E09000033,Westminster,30,204300,0.014684287812041116
E09000033,Westminster,31,204300,0.015173764072442487
E09000033,Westminster,64,204300,0.03132648066568772
E09000033,Westminster,28,204300,0.013705335291238374
E09000033,Westminster,12,204300,0.005873715124816446
E09000033,Westminster,0,204300,0
E09000033,Westminster,2683,204300,1.313264806656877
E09000033,Westminster,2894,204300,1.4165442976015663
E09000033,Westminster,5527,204300,2.705335291238375
E09000033,Westminster,3406,204300,1.667156142927068
E09000033,Westminster,1309,204300,0.640724424865394
W06000001,Isle of Anglesey,0,68900,0
W06000001,Isle of Anglesey,0,68900,0
W06000001,Isle of Anglesey,0,68900,0
W06000001,Isle of Anglesey,0,68900,0
W06000001,Isle of Anglesey,0,68900,0
W06000001,Isle of Anglesey,0,68900,0
W06000001,Isle of Anglesey,0,68900,0
W06000001,Isle of Anglesey,29337,68900,42.57910014513788
W06000001,Isle of Anglesey,13488,68900,19.576197387518143
W06000001,Isle of Anglesey,7560,68900,10.972423802612482
W06000001,Isle of Anglesey,1932,68900,2.8040638606676342
W06000001,Isle of Anglesey,359,68900,0.521044992743106
W06000001,Isle of Anglesey,0,68900,0
W06000001,Isle of Anglesey,31,68900,0.04499274310595065
W06000001,Isle of Anglesey,20,68900,0.02902757619738752
W06000001,Isle of Anglesey,9,68900,0.013062409288824383
W06000001,Isle of Anglesey,2,68900,0.002902757619738752
W06000001,Isle of Anglesey,5,68900,0.00725689404934688
W06000001,Isle of Anglesey,0,68900,0
W06000001,Isle of Anglesey,18,68900,0.026124818577648767
W06000001,Isle of Anglesey,6,68900,0.008708272859216255
W06000001,Isle of Anglesey,9,68900,0.013062409288824383
W06000001,Isle of Anglesey,0,68900,0
W06000001,Isle of Anglesey,0,68900,0
W06000001,Isle of Anglesey,0,68900,0
W06000001,Isle of Anglesey,12,68900,0.01741654571843251
W06000001,Isle of Anglesey,7,68900,0.010159651669085631
W06000001,Isle of Anglesey,8,68900,0.011611030478955007
W06000001,Isle of Anglesey,3,68900,0.0043541364296081275
W06000001,Isle of Anglesey,0,68900,0
W06000001,Isle of Anglesey,0,68900,0
W06000001,Isle of Anglesey,18,68900,0.026124818577648767
W06000001,Isle of Anglesey,9,68900,0.013062409288824383
W06000001,Isle of Anglesey,7,68900,0.010159651669085631
W06000001,Isle of Anglesey,0,68900,0
W06000001,Isle of Anglesey,0,68900,0
W06000001,Isle of Anglesey,0,68900,0
W06000001,Isle of Anglesey,2024,68900,2.9375907111756168
W06000001,Isle of Anglesey,1008,68900,1.462989840348331
W06000001,Isle of Anglesey,450,68900,0.6531204644412192
W06000001,Isle of Anglesey,110,68900,0.15965166908563136
W06000001,Isle of Anglesey,33,68900,0.047895500725689405
W06000002,Gwynedd,0,117400,0
W06000002,Gwynedd,0,117400,0
W06000002,Gwynedd,0,117400,0
W06000002,Gwynedd,0,117400,0
W06000002,Gwynedd,0,117400,0
W06000002,Gwynedd,0,117400,0
W06000002,Gwynedd,0,117400,0
W06000002,Gwynedd,45430,117400,38.69676320272573
W06000002,Gwynedd,23708,117400,20.19420783645656
W06000002,Gwynedd,13284,117400,11.315161839863714
W06000002,Gwynedd,3525,117400,3.0025553662691653
W06000002,Gwynedd,800,117400,0.6814310051107325
W06000002,Gwynedd,0,117400,0
W06000002,Gwynedd,37,117400,0.03151618398637138
W06000002,Gwynedd,30,117400,0.02555366269165247
W06000002,Gwynedd,27,117400,0.022998296422487224
W06000002,Gwynedd,1,117400,8.517887563884157e-4
W06000002,Gwynedd,2,117400,0.0017035775127768314
W06000002,Gwynedd,0,117400,0
W06000002,Gwynedd,20,117400,0.017035775127768313
W06000002,Gwynedd,19,117400,0.016183986371379896
W06000002,Gwynedd,14,117400,0.01192504258943782
W06000002,Gwynedd,5,117400,0.004258943781942078
W06000002,Gwynedd,0,117400,0
W06000002,Gwynedd,0,117400,0
W06000002,Gwynedd,10,117400,0.008517887563884156
W06000002,Gwynedd,12,117400,0.010221465076660987
W06000002,Gwynedd,20,117400,0.017035775127768313
W06000002,Gwynedd,6,117400,0.005110732538330494
W06000002,Gwynedd,1,117400,8.517887563884157e-4
W06000002,Gwynedd,0,117400,0
W06000002,Gwynedd,40,117400,0.034071550255536626
W06000002,Gwynedd,33,117400,0.028109028960817718
W06000002,Gwynedd,28,117400,0.02385008517887564
W06000002,Gwynedd,11,117400,0.009369676320272573
W06000002,Gwynedd,1,117400,8.517887563884157e-4
W06000002,Gwynedd,0,117400,0
W06000002,Gwynedd,3792,117400,3.229982964224872
W06000002,Gwynedd,2038,117400,1.735945485519591
W06000002,Gwynedd,1032,117400,0.879045996592845
W06000002,Gwynedd,315,117400,0.2683134582623509
W06000002,Gwynedd,62,117400,0.05281090289608177
W06000003,Conwy,0,114800,0
W06000003,Conwy,0,114800,0
W06000003,Conwy,0,114800,0
W06000003,Conwy,0,114800,0
W06000003,Conwy,0,114800,0
W06000003,Conwy,0,114800,0
W06000003,Conwy,0,114800,0
W06000003,Conwy,42801,114800,37.28310104529617
W06000003,Conwy,25760,114800,22.4390243902439
W06000003,Conwy,15302,114800,13.329268292682928
W06000003,Conwy,3521,114800,3.067073170731707
W06000003,Conwy,763,114800,0.6646341463414634
W06000003,Conwy,0,114800,0
W06000003,Conwy,34,114800,0.029616724738675958
W06000003,Conwy,25,114800,0.02177700348432056
W06000003,Conwy,19,114800,0.016550522648083623
W06000003,Conwy,9,114800,0.0078397212543554
W06000003,Conwy,2,114800,0.0017421602787456446
W06000003,Conwy,0,114800,0
W06000003,Conwy,18,114800,0.0156794425087108
W06000003,Conwy,14,114800,0.012195121951219513
W06000003,Conwy,7,114800,0.006097560975609756
W06000003,Conwy,2,114800,0.0017421602787456446
W06000003,Conwy,0,114800,0
W06000003,Conwy,0,114800,0
W06000003,Conwy,18,114800,0.0156794425087108
W06000003,Conwy,16,114800,0.013937282229965157
W06000003,Conwy,15,114800,0.013066202090592335
W06000003,Conwy,5,114800,0.004355400696864111
W06000003,Conwy,2,114800,0.0017421602787456446
W06000003,Conwy,0,114800,0
W06000003,Conwy,15,114800,0.013066202090592335
W06000003,Conwy,25,114800,0.02177700348432056
W06000003,Conwy,19,114800,0.016550522648083623
W06000003,Conwy,4,114800,0.003484320557491289
W06000003,Conwy,0,114800,0
W06000003,Conwy,0,114800,0
W06000003,Conwy,2825,114800,2.460801393728223
W06000003,Conwy,1942,114800,1.6916376306620209
W06000003,Conwy,1122,114800,0.9773519163763066
W06000003,Conwy,247,114800,0.21515679442508712
W06000003,Conwy,63,114800,0.054878048780487805
W06000004,Denbighshire,0,95800,0
W06000004,Denbighshire,0,95800,0
W06000004,Denbighshire,0,95800,0
W06000004,Denbighshire,0,95800,0
W06000004,Denbighshire,0,95800,0
W06000004,Denbighshire,0,95800,0
W06000004,Denbighshire,0,95800,0
W06000004,Denbighshire,33858,95800,35.34237995824635
W06000004,Denbighshire,21453,95800,22.393528183716075
W06000004,Denbighshire,12892,95800,13.457202505219207
W06000004,Denbighshire,3234,95800,3.375782881002088
W06000004,Denbighshire,630,95800,0.6576200417536534
W06000004,Denbighshire,0,95800,0
W06000004,Denbighshire,23,95800,0.024008350730688934
W06000004,Denbighshire,29,95800,0.030271398747390398
W06000004,Denbighshire,25,95800,0.026096033402922755
W06000004,Denbighshire,5,95800,0.005219206680584551
W06000004,Denbighshire,4,95800,0.0041753653444676405
W06000004,Denbighshire,0,95800,0
W06000004,Denbighshire,20,95800,0.020876826722338204
W06000004,Denbighshire,11,95800,0.011482254697286013
W06000004,Denbighshire,20,95800,0.020876826722338204
W06000004,Denbighshire,0,95800,0
W06000004,Denbighshire,0,95800,0
W06000004,Denbighshire,0,95800,0
W06000004,Denbighshire,7,95800,0.007306889352818371
W06000004,Denbighshire,11,95800,0.011482254697286013
W06000004,Denbighshire,6,95800,0.006263048016701462
W06000004,Denbighshire,2,95800,0.0020876826722338203
W06000004,Denbighshire,0,95800,0
W06000004,Denbighshire,0,95800,0
W06000004,Denbighshire,21,95800,0.021920668058455117
W06000004,Denbighshire,10,95800,0.010438413361169102
W06000004,Denbighshire,15,95800,0.015657620041753653
W06000004,Denbighshire,7,95800,0.007306889352818371
W06000004,Denbighshire,2,95800,0.0020876826722338203
W06000004,Denbighshire,0,95800,0
W06000004,Denbighshire,2262,95800,2.361169102296451
W06000004,Denbighshire,1628,95800,1.6993736951983298
W06000004,Denbighshire,951,95800,0.9926931106471816
W06000004,Denbighshire,190,95800,0.19832985386221294
W06000004,Denbighshire,53,95800,0.055323590814196244
W06000005,Flintshire,0,155000,0
W06000005,Flintshire,0,155000,0
W06000005,Flintshire,0,155000,0
W06000005,Flintshire,0,155000,0
W06000005,Flintshire,0,155000,0
W06000005,Flintshire,0,155000,0
W06000005,Flintshire,0,155000,0
W06000005,Flintshire,60264,155000,38.88
W06000005,Flintshire,33261,155000,21.458709677419353
W06000005,Flintshire,19240,155000,12.412903225806451
W06000005,Flintshire,4704,155000,3.034838709677419
W06000005,Flintshire,1086,155000,0.7006451612903226
W06000005,Flintshire,0,155000,0
W06000005,Flintshire,58,155000,0.03741935483870968
W06000005,Flintshire,39,155000,0.025161290322580646
W06000005,Flintshire,56,155000,0.03612903225806452
W06000005,Flintshire,15,155000,0.00967741935483871
W06000005,Flintshire,7,155000,0.004516129032258065
W06000005,Flintshire,0,155000,0
W06000005,Flintshire,25,155000,0.016129032258064516
W06000005,Flintshire,20,155000,0.012903225806451613
W06000005,Flintshire,25,155000,0.016129032258064516
W06000005,Flintshire,8,155000,0.005161290322580645
W06000005,Flintshire,1,155000,6.451612903225806e-4
W06000005,Flintshire,0,155000,0
W06000005,Flintshire,20,155000,0.012903225806451613
W06000005,Flintshire,30,155000,0.01935483870967742
W06000005,Flintshire,15,155000,0.00967741935483871
W06000005,Flintshire,5,155000,0.0032258064516129032
W06000005,Flintshire,2,155000,0.0012903225806451613
W06000005,Flintshire,0,155000,0
W06000005,Flintshire,16,155000,0.01032258064516129
W06000005,Flintshire,17,155000,0.01096774193548387
W06000005,Flintshire,12,155000,0.007741935483870968
W06000005,Flintshire,5,155000,0.0032258064516129032
W06000005,Flintshire,0,155000,0
W06000005,Flintshire,0,155000,0
W06000005,Flintshire,3651,155000,2.355483870967742
W06000005,Flintshire,2277,155000,1.469032258064516
W06000005,Flintshire,1326,155000,0.8554838709677419
W06000005,Flintshire,351,155000,0.2264516129032258
W06000005,Flintshire,76,155000,0.04903225806451613
W06000006,Wrexham,0,135100,0
W06000006,Wrexham,0,135100,0
W06000006,Wrexham,0,135100,0
W06000006,Wrexham,0,135100,0
W06000006,Wrexham,0,135100,0
W06000006,Wrexham,0,135100,0
W06000006,Wrexham,0,135100,0
W06000006,Wrexham,46235,135100,34.22279792746114
W06000006,Wrexham,28811,135100,21.325684678016284
W06000006,Wrexham,18921,135100,14.005181347150259
W06000006,Wrexham,4652,135100,3.443375277572169
W06000006,Wrexham,1054,135100,0.7801628423390081
W06000006,Wrexham,0,135100,0
W06000006,Wrexham,44,135100,0.03256846780162842
W06000006,Wrexham,62,135100,0.0458919319022946
W06000006,Wrexham,49,135100,0.03626943005181347
W06000006,Wrexham,10,135100,0.007401924500370096
W06000006,Wrexham,6,135100,0.0044411547002220575
W06000006,Wrexham,0,135100,0
W06000006,Wrexham,28,135100,0.02072538860103627
W06000006,Wrexham,23,135100,0.017024426350851222
W06000006,Wrexham,18,135100,0.013323464100666173
W06000006,Wrexham,4,135100,0.0029607698001480384
W06000006,Wrexham,3,135100,0.0022205773501110288
W06000006,Wrexham,0,135100,0
W06000006,Wrexham,24,135100,0.01776461880088823
W06000006,Wrexham,23,135100,0.017024426350851222
W06000006,Wrexham,23,135100,0.017024426350851222
W06000006,Wrexham,4,135100,0.0029607698001480384
W06000006,Wrexham,9,135100,0.006661732050333087
W06000006,Wrexham,0,135100,0
W06000006,Wrexham,21,135100,0.015544041450777202
W06000006,Wrexham,28,135100,0.02072538860103627
W06000006,Wrexham,16,135100,0.011843079200592153
W06000006,Wrexham,3,135100,0.0022205773501110288
W06000006,Wrexham,4,135100,0.0029607698001480384
W06000006,Wrexham,0,135100,0
W06000006,Wrexham,3261,135100,2.4137675795706883
W06000006,Wrexham,2115,135100,1.5655070318282753
W06000006,Wrexham,1451,135100,1.074019245003701
W06000006,Wrexham,370,135100,0.27387120651369357
W06000006,Wrexham,100,135100,0.07401924500370097
W06000008,Ceredigion,0,71500,0
W06000008,Ceredigion,0,71500,0
W06000008,Ceredigion,0,71500,0
W06000008,Ceredigion,0,71500,0
W06000008,Ceredigion,0,71500,0
W06000008,Ceredigion,0,71500,0
W06000008,Ceredigion,0,71500,0
W06000008,Ceredigion,29619,71500,41.42517482517483
W06000008,Ceredigion,12905,71500,18.04895104895105
W06000008,Ceredigion,7862,71500,10.995804195804196
W06000008,Ceredigion,2157,71500,3.016783216783217
W06000008,Ceredigion,447,71500,0.6251748251748251
W06000008,Ceredigion,0,71500,0
W06000008,Ceredigion,27,71500,0.03776223776223776
W06000008,Ceredigion,32,71500,0.044755244755244755
W06000008,Ceredigion,20,71500,0.027972027972027972
W06000008,Ceredigion,1,71500,0.0013986013986013986
W06000008,Ceredigion,0,71500,0
W06000008,Ceredigion,0,71500,0
W06000008,Ceredigion,21,71500,0.02937062937062937
W06000008,Ceredigion,11,71500,0.015384615384615385
W06000008,Ceredigion,18,71500,0.025174825174825177
W06000008,Ceredigion,5,71500,0.006993006993006993
W06000008,Ceredigion,1,71500,0.0013986013986013986
W06000008,Ceredigion,0,71500,0
W06000008,Ceredigion,11,71500,0.015384615384615385
W06000008,Ceredigion,10,71500,0.013986013986013986
W06000008,Ceredigion,12,71500,0.016783216783216783
W06000008,Ceredigion,2,71500,0.002797202797202797
W06000008,Ceredigion,0,71500,0
W06000008,Ceredigion,0,71500,0
W06000008,Ceredigion,36,71500,0.05034965034965035
W06000008,Ceredigion,40,71500,0.055944055944055944
W06000008,Ceredigion,33,71500,0.046153846153846156
W06000008,Ceredigion,14,71500,0.019580419580419582
W06000008,Ceredigion,4,71500,0.005594405594405594
W06000008,Ceredigion,0,71500,0
W06000008,Ceredigion,2430,71500,3.3986013986013988
W06000008,Ceredigion,1138,71500,1.5916083916083916
W06000008,Ceredigion,686,71500,0.9594405594405594
W06000008,Ceredigion,190,71500,0.26573426573426573
W06000008,Ceredigion,31,71500,0.043356643356643354
W06000009,Pembrokeshire,0,123400,0
W06000009,Pembrokeshire,0,123400,0
W06000009,Pembrokeshire,0,123400,0
W06000009,Pembrokeshire,0,123400,0
W06000009,Pembrokeshire,0,123400,0
W06000009,Pembrokeshire,0,123400,0
W06000009,Pembrokeshire,0,123400,0
W06000009,Pembrokeshire,50146,123400,40.63695299837926
W06000009,Pembrokeshire,24454,123400,19.816855753646678
W06000009,Pembrokeshire,15449,123400,12.519448946515396
W06000009,Pembrokeshire,3754,123400,3.0421393841166937
W06000009,Pembrokeshire,766,123400,0.6207455429497569
W06000009,Pembrokeshire,0,123400,0
W06000009,Pembrokeshire,40,123400,0.03241491085899514
W06000009,Pembrokeshire,34,123400,0.027552674230145867
W06000009,Pembrokeshire,30,123400,0.024311183144246355
W06000009,Pembrokeshire,10,123400,0.008103727714748784
W06000009,Pembrokeshire,5,123400,0.004051863857374392
W06000009,Pembrokeshire,0,123400,0
W06000009,Pembrokeshire,23,123400,0.018638573743922204
W06000009,Pembrokeshire,20,123400,0.01620745542949757
W06000009,Pembrokeshire,14,123400,0.011345218800648298
W06000009,Pembrokeshire,3,123400,0.0024311183144246355
W06000009,Pembrokeshire,0,123400,0
W06000009,Pembrokeshire,0,123400,0
W06000009,Pembrokeshire,23,123400,0.018638573743922204
W06000009,Pembrokeshire,15,123400,0.012155591572123177
W06000009,Pembrokeshire,21,123400,0.017017828200972446
W06000009,Pembrokeshire,2,123400,0.0016207455429497568
W06000009,Pembrokeshire,0,123400,0
W06000009,Pembrokeshire,0,123400,0
W06000009,Pembrokeshire,22,123400,0.017828200972447326
W06000009,Pembrokeshire,27,123400,0.02188006482982172
W06000009,Pembrokeshire,20,123400,0.01620745542949757
W06000009,Pembrokeshire,2,123400,0.0016207455429497568
W06000009,Pembrokeshire,1,123400,8.103727714748784e-4
W06000009,Pembrokeshire,0,123400,0
W06000009,Pembrokeshire,3334,123400,2.701782820097245
W06000009,Pembrokeshire,1535,123400,1.2439222042139384
W06000009,Pembrokeshire,961,123400,0.7787682333873582
W06000009,Pembrokeshire,220,123400,0.17828200972447325
W06000009,Pembrokeshire,67,123400,0.05429497568881685
W06000010,Carmarthenshire,0,187900,0
W06000010,Carmarthenshire,0,187900,0
W06000010,Carmarthenshire,0,187900,0
W06000010,Carmarthenshire,0,187900,0
W06000010,Carmarthenshire,0,187900,0
W06000010,Carmarthenshire,0,187900,0
W06000010,Carmarthenshire,0,187900,0
W06000010,Carmarthenshire,83729,187900,44.56040447046301
W06000010,Carmarthenshire,34756,187900,18.497072911122938
W06000010,Carmarthenshire,19112,187900,10.171367748802554
W06000010,Carmarthenshire,4502,187900,2.3959552953698777
W06000010,Carmarthenshire,1119,187900,0.5955295369877595
W06000010,Carmarthenshire,0,187900,0
W06000010,Carmarthenshire,84,187900,0.04470463012240553
W06000010,Carmarthenshire,52,187900,0.027674294837679615
W06000010,Carmarthenshire,30,187900,0.015965939329430547
W06000010,Carmarthenshire,18,187900,0.009579563597658328
W06000010,Carmarthenshire,3,187900,0.0015965939329430547
W06000010,Carmarthenshire,0,187900,0
W06000010,Carmarthenshire,36,187900,0.019159127195316657
W06000010,Carmarthenshire,29,187900,0.015433741351782864
W06000010,Carmarthenshire,18,187900,0.009579563597658328
W06000010,Carmarthenshire,7,187900,0.0037253858435337944
W06000010,Carmarthenshire,3,187900,0.0015965939329430547
W06000010,Carmarthenshire,0,187900,0
W06000010,Carmarthenshire,35,187900,0.018626929217668974
W06000010,Carmarthenshire,23,187900,0.012240553485896753
W06000010,Carmarthenshire,18,187900,0.009579563597658328
W06000010,Carmarthenshire,10,187900,0.005321979776476849
W06000010,Carmarthenshire,2,187900,0.0010643959552953698
W06000010,Carmarthenshire,0,187900,0
W06000010,Carmarthenshire,41,187900,0.021820117083555083
W06000010,Carmarthenshire,25,187900,0.013304949441192123
W06000010,Carmarthenshire,25,187900,0.013304949441192123
W06000010,Carmarthenshire,4,187900,0.0021287919105907396
W06000010,Carmarthenshire,2,187900,0.0010643959552953698
W06000010,Carmarthenshire,0,187900,0
W06000010,Carmarthenshire,5551,187900,2.954230973922299
W06000010,Carmarthenshire,2328,187900,1.2389568919638105
W06000010,Carmarthenshire,1272,187900,0.6769558275678552
W06000010,Carmarthenshire,335,187900,0.17828632251197446
W06000010,Carmarthenshire,59,187900,0.03139968068121341
W06000011,Swansea,0,238500,0
W06000011,Swansea,0,238500,0
W06000011,Swansea,0,238500,0
W06000011,Swansea,0,238500,0
W06000011,Swansea,0,238500,0
W06000011,Swansea,0,238500,0
W06000011,Swansea,0,238500,0
W06000011,Swansea,92566,238500,38.81174004192872
W06000011,Swansea,46148,238500,19.349266247379454
W06000011,Swansea,31869,238500,13.362264150943396
W06000011,Swansea,8306,238500,3.482599580712788
W06000011,Swansea,1474,238500,0.6180293501048219
W06000011,Swansea,0,238500,0
W06000011,Swansea,109,238500,0.04570230607966457
W06000011,Swansea,107,238500,0.044863731656184486
W06000011,Swansea,63,238500,0.026415094339622643
W06000011,Swansea,24,238500,0.010062893081761006
W06000011,Swansea,4,238500,0.0016771488469601676
W06000011,Swansea,0,238500,0
W06000011,Swansea,52,238500,0.02180293501048218
W06000011,Swansea,34,238500,0.014255765199161425
W06000011,Swansea,35,238500,0.014675052410901468
W06000011,Swansea,13,238500,0.005450733752620545
W06000011,Swansea,0,238500,0
W06000011,Swansea,0,238500,0
W06000011,Swansea,48,238500,0.02012578616352201
W06000011,Swansea,51,238500,0.021383647798742137
W06000011,Swansea,35,238500,0.014675052410901468
W06000011,Swansea,11,238500,0.004612159329140462
W06000011,Swansea,0,238500,0
W06000011,Swansea,0,238500,0
W06000011,Swansea,66,238500,0.027672955974842768
W06000011,Swansea,51,238500,0.021383647798742137
W06000011,Swansea,58,238500,0.02431865828092243
W06000011,Swansea,22,238500,0.009224318658280923
W06000011,Swansea,2,238500,8.385744234800838e-4
W06000011,Swansea,0,238500,0
W06000011,Swansea,5427,238500,2.2754716981132077
W06000011,Swansea,2960,238500,1.2410901467505242
W06000011,Swansea,2317,238500,0.9714884696016771
W06000011,Swansea,675,238500,0.2830188679245283
W06000011,Swansea,192,238500,0.08050314465408805
W06000012,Neath Port Talbot,0,142300,0
W06000012,Neath Port Talbot,0,142300,0
W06000012,Neath Port Talbot,0,142300,0
W06000012,Neath Port Talbot,0,142300,0
W06000012,Neath Port Talbot,0,142300,0
W06000012,Neath Port Talbot,0,142300,0
W06000012,Neath Port Talbot,0,142300,0
W06000012,Neath Port Talbot,67435,142300,47.389318341531975
W06000012,Neath Port Talbot,24986,142300,17.55867884750527
W06000012,Neath Port Talbot,12178,142300,8.557976106816584
W06000012,Neath Port Talbot,2504,142300,1.7596626844694307
W06000012,Neath Port Talbot,371,142300,0.2607167955024596
W06000012,Neath Port Talbot,0,142300,0
W06000012,Neath Port Talbot,89,142300,0.06254392129304287
W06000012,Neath Port Talbot,49,142300,0.03443429374560787
W06000012,Neath Port Talbot,24,142300,0.016865776528460996
W06000012,Neath Port Talbot,2,142300,0.0014054813773717498
W06000012,Neath Port Talbot,4,142300,0.0028109627547434997
W06000012,Neath Port Talbot,0,142300,0
W06000012,Neath Port Talbot,31,142300,0.02178496134926212
W06000012,Neath Port Talbot,27,142300,0.018973998594518624
W06000012,Neath Port Talbot,7,142300,0.004919184820801124
W06000012,Neath Port Talbot,1,142300,7.027406886858749e-4
W06000012,Neath Port Talbot,0,142300,0
W06000012,Neath Port Talbot,0,142300,0
W06000012,Neath Port Talbot,42,142300,0.029515108924806747
W06000012,Neath Port Talbot,34,142300,0.023893183415319746
W06000012,Neath Port Talbot,14,142300,0.009838369641602248
W06000012,Neath Port Talbot,4,142300,0.0028109627547434997
W06000012,Neath Port Talbot,1,142300,7.027406886858749e-4
W06000012,Neath Port Talbot,0,142300,0
W06000012,Neath Port Talbot,40,142300,0.028109627547434995
W06000012,Neath Port Talbot,20,142300,0.014054813773717497
W06000012,Neath Port Talbot,7,142300,0.004919184820801124
W06000012,Neath Port Talbot,4,142300,0.0028109627547434997
W06000012,Neath Port Talbot,1,142300,7.027406886858749e-4
W06000012,Neath Port Talbot,0,142300,0
W06000012,Neath Port Talbot,3866,142300,2.7167955024595924
W06000012,Neath Port Talbot,1416,142300,0.9950808151791989
W06000012,Neath Port Talbot,754,142300,0.5298664792691496
W06000012,Neath Port Talbot,107,142300,0.07519325368938862
W06000012,Neath Port Talbot,26,142300,0.018271257905832748
W06000013,Bridgend,0,145500,0
W06000013,Bridgend,0,145500,0
W06000013,Bridgend,0,145500,0
W06000013,Bridgend,0,145500,0
W06000013,Bridgend,0,145500,0
W06000013,Bridgend,0,145500,0
W06000013,Bridgend,0,145500,0
W06000013,Bridgend,66076,145500,45.41305841924399
W06000013,Bridgend,26299,145500,18.07491408934708
W06000013,Bridgend,14517,145500,9.977319587628866
W06000013,Bridgend,2985,145500,2.051546391752577
W06000013,Bridgend,701,145500,0.481786941580756
W06000013,Bridgend,0,145500,0
W06000013,Bridgend,66,145500,0.04536082474226804
W06000013,Bridgend,40,145500,0.027491408934707903
W06000013,Bridgend,19,145500,0.013058419243986255
W06000013,Bridgend,5,145500,0.003436426116838488
W06000013,Bridgend,2,145500,0.0013745704467353953
W06000013,Bridgend,0,145500,0
W06000013,Bridgend,35,145500,0.024054982817869417
W06000013,Bridgend,11,145500,0.007560137457044674
W06000013,Bridgend,14,145500,0.009621993127147767
W06000013,Bridgend,3,145500,0.002061855670103093
W06000013,Bridgend,1,145500,6.872852233676976e-4
W06000013,Bridgend,0,145500,0
W06000013,Bridgend,18,145500,0.012371134020618556
W06000013,Bridgend,18,145500,0.012371134020618556
W06000013,Bridgend,14,145500,0.009621993127147767
W06000013,Bridgend,3,145500,0.002061855670103093
W06000013,Bridgend,4,145500,0.0027491408934707906
W06000013,Bridgend,0,145500,0
W06000013,Bridgend,19,145500,0.013058419243986255
W06000013,Bridgend,22,145500,0.015120274914089347
W06000013,Bridgend,14,145500,0.009621993127147767
W06000013,Bridgend,0,145500,0
W06000013,Bridgend,0,145500,0
W06000013,Bridgend,0,145500,0
W06000013,Bridgend,3532,145500,2.4274914089347077
W06000013,Bridgend,1470,145500,1.0103092783505154
W06000013,Bridgend,754,145500,0.518213058419244
W06000013,Bridgend,191,145500,0.13127147766323025
W06000013,Bridgend,59,145500,0.04054982817869416
W06000014,Vale of Glamorgan,0,131800,0
W06000014,Vale of Glamorgan,0,131800,0
W06000014,Vale of Glamorgan,0,131800,0
W06000014,Vale of Glamorgan,0,131800,0
W06000014,Vale of Glamorgan,0,131800,0
W06000014,Vale of Glamorgan,0,131800,0
W06000014,Vale of Glamorgan,0,131800,0
W06000014,Vale of Glamorgan,60543,131800,45.935508345978754
W06000014,Vale of Glamorgan,23296,131800,17.6752655538695
W06000014,Vale of Glamorgan,13580,131800,10.303490136570561
W06000014,Vale of Glamorgan,2517,131800,1.909711684370258
W06000014,Vale of Glamorgan,398,131800,0.30197268588770865
W06000014,Vale of Glamorgan,0,131800,0
W06000014,Vale of Glamorgan,40,131800,0.030349013657056147
W06000014,Vale of Glamorgan,33,131800,0.02503793626707132
W06000014,Vale of Glamorgan,30,131800,0.02276176024279211
W06000014,Vale of Glamorgan,2,131800,0.0015174506828528073
W06000014,Vale of Glamorgan,0,131800,0
W06000014,Vale of Glamorgan,0,131800,0
W06000014,Vale of Glamorgan,33,131800,0.02503793626707132
W06000014,Vale of Glamorgan,15,131800,0.011380880121396054
W06000014,Vale of Glamorgan,12,131800,0.009104704097116844
W06000014,Vale of Glamorgan,4,131800,0.0030349013657056147
W06000014,Vale of Glamorgan,1,131800,7.587253414264037e-4
W06000014,Vale of Glamorgan,0,131800,0
W06000014,Vale of Glamorgan,30,131800,0.02276176024279211
W06000014,Vale of Glamorgan,46,131800,0.03490136570561457
W06000014,Vale of Glamorgan,29,131800,0.022003034901365705
W06000014,Vale of Glamorgan,3,131800,0.002276176024279211
W06000014,Vale of Glamorgan,0,131800,0
W06000014,Vale of Glamorgan,0,131800,0
W06000014,Vale of Glamorgan,39,131800,0.02959028831562974
W06000014,Vale of Glamorgan,29,131800,0.022003034901365705
W06000014,Vale of Glamorgan,13,131800,0.009863429438543247
W06000014,Vale of Glamorgan,12,131800,0.009104704097116844
W06000014,Vale of Glamorgan,0,131800,0
W06000014,Vale of Glamorgan,0,131800,0
W06000014,Vale of Glamorgan,2884,131800,2.188163884673748
W06000014,Vale of Glamorgan,1197,131800,0.9081942336874052
W06000014,Vale of Glamorgan,862,131800,0.65402124430956
W06000014,Vale of Glamorgan,153,131800,0.11608497723823975
W06000014,Vale of Glamorgan,31,131800,0.023520485584218515
W06000015,Cardiff,0,362400,0
W06000015,Cardiff,0,362400,0
W06000015,Cardiff,0,362400,0
W06000015,Cardiff,0,362400,0
W06000015,Cardiff,0,362400,0
W06000015,Cardiff,0,362400,0
W06000015,Cardiff,0,362400,0
W06000015,Cardiff,121766,362400,33.599889624724064
W06000015,Cardiff,62496,362400,17.24503311258278
W06000015,Cardiff,56495,362400,15.589128035320089
W06000015,Cardiff,17110,362400,4.72130242825607
W06000015,Cardiff,4231,362400,1.1674944812362031
W06000015,Cardiff,0,362400,0
W06000015,Cardiff,176,362400,0.04856512141280353
W06000015,Cardiff,179,362400,0.04939293598233996
W06000015,Cardiff,223,362400,0.06153421633554084
W06000015,Cardiff,82,362400,0.02262693156732892
W06000015,Cardiff,31,362400,0.008554083885209713
W06000015,Cardiff,0,362400,0
W06000015,Cardiff,96,362400,0.026490066225165563
W06000015,Cardiff,81,362400,0.022350993377483443
W06000015,Cardiff,119,362400,0.03283664459161148
W06000015,Cardiff,38,362400,0.010485651214128035
W06000015,Cardiff,5,362400,0.0013796909492273732
W06000015,Cardiff,0,362400,0
W06000015,Cardiff,89,362400,0.02455849889624724
W06000015,Cardiff,63,362400,0.0173841059602649
W06000015,Cardiff,112,362400,0.03090507726269316
W06000015,Cardiff,44,362400,0.012141280353200883
W06000015,Cardiff,8,362400,0.002207505518763797
W06000015,Cardiff,0,362400,0
W06000015,Cardiff,127,362400,0.035044150110375274
W06000015,Cardiff,145,362400,0.04001103752759382
W06000015,Cardiff,179,362400,0.04939293598233996
W06000015,Cardiff,70,362400,0.019315673289183224
W06000015,Cardiff,4,362400,0.0011037527593818985
W06000015,Cardiff,0,362400,0
W06000015,Cardiff,6911,362400,1.907008830022075
W06000015,Cardiff,4049,362400,1.1172737306843268
W06000015,Cardiff,4112,362400,1.1346578366445916
W06000015,Cardiff,1445,362400,0.3987306843267108
W06000015,Cardiff,501,362400,0.1382450331125828
W06000016,Rhondda Cynon Taf,0,237700,0
W06000016,Rhondda Cynon Taf,0,237700,0
W06000016,Rhondda Cynon Taf,0,237700,0
W06000016,Rhondda Cynon Taf,0,237700,0
W06000016,Rhondda Cynon Taf,0,237700,0
W06000016,Rhondda Cynon Taf,0,237700,0
W06000016,Rhondda Cynon Taf,0,237700,0
W06000016,Rhondda Cynon Taf,103782,237700,43.66091712242322
W06000016,Rhondda Cynon Taf,44815,237700,18.853596970971815
W06000016,Rhondda Cynon Taf,24589,237700,10.34455195624737
W06000016,Rhondda Cynon Taf,5684,237700,2.3912494741270507
W06000016,Rhondda Cynon Taf,1033,237700,0.43458140513251997
W06000016,Rhondda Cynon Taf,0,237700,0
W06000016,Rhondda Cynon Taf,98,237700,0.04122843920908709
W06000016,Rhondda Cynon Taf,96,237700,0.040387042490534285
W06000016,Rhondda Cynon Taf,64,237700,0.026924694993689526
W06000016,Rhondda Cynon Taf,14,237700,0.005889777029869584
W06000016,Rhondda Cynon Taf,5,237700,0.002103491796381994
W06000016,Rhondda Cynon Taf,0,237700,0
W06000016,Rhondda Cynon Taf,55,237700,0.023138409760201935
W06000016,Rhondda Cynon Taf,35,237700,0.014724442574673959
W06000016,Rhondda Cynon Taf,27,237700,0.011358855700462769
W06000016,Rhondda Cynon Taf,5,237700,0.002103491796381994
W06000016,Rhondda Cynon Taf,0,237700,0
W06000016,Rhondda Cynon Taf,0,237700,0
W06000016,Rhondda Cynon Taf,64,237700,0.026924694993689526
W06000016,Rhondda Cynon Taf,42,237700,0.01766933108960875
W06000016,Rhondda Cynon Taf,24,237700,0.010096760622633571
W06000016,Rhondda Cynon Taf,2,237700,8.413967185527977e-4
W06000016,Rhondda Cynon Taf,1,237700,4.2069835927639884e-4
W06000016,Rhondda Cynon Taf,0,237700,0
W06000016,Rhondda Cynon Taf,51,237700,0.02145561632309634
W06000016,Rhondda Cynon Taf,40,237700,0.016827934371055953
W06000016,Rhondda Cynon Taf,47,237700,0.019772822885990745
W06000016,Rhondda Cynon Taf,7,237700,0.002944888514934792
W06000016,Rhondda Cynon Taf,3,237700,0.0012620950778291964
W06000016,Rhondda Cynon Taf,0,237700,0
W06000016,Rhondda Cynon Taf,6662,237700,2.802692469499369
W06000016,Rhondda Cynon Taf,2657,237700,1.1177955405973916
W06000016,Rhondda Cynon Taf,1470,237700,0.6184265881363062
W06000016,Rhondda Cynon Taf,367,237700,0.15439629785443837
W06000016,Rhondda Cynon Taf,76,237700,0.03197307530500631
W06000018,Caerphilly,0,175900,0
W06000018,Caerphilly,0,175900,0
W06000018,Caerphilly,0,175900,0
W06000018,Caerphilly,0,175900,0
W06000018,Caerphilly,0,175900,0
W06000018,Caerphilly,0,175900,0
W06000018,Caerphilly,0,175900,0
W06000018,Caerphilly,76505,175900,43.49346219442865
W06000018,Caerphilly,34270,175900,19.482660602615123
W06000018,Caerphilly,18593,175900,10.570210346787947
W06000018,Caerphilly,4144,175900,2.3558840250142126
W06000018,Caerphilly,859,175900,0.48834565093803295
W06000018,Caerphilly,0,175900,0
W06000018,Caerphilly,85,175900,0.04832291074474133
W06000018,Caerphilly,50,175900,0.028425241614553724
W06000018,Caerphilly,35,175900,0.019897669130187607
W06000018,Caerphilly,4,175900,0.0022740193291642978
W06000018,Caerphilly,4,175900,0.0022740193291642978
W06000018,Caerphilly,0,175900,0
W06000018,Caerphilly,41,175900,0.023308698123934053
W06000018,Caerphilly,17,175900,0.009664582148948267
W06000018,Caerphilly,16,175900,0.009096077316657191
W06000018,Caerphilly,3,175900,0.0017055144968732233
W06000018,Caerphilly,2,175900,0.0011370096645821489
W06000018,Caerphilly,0,175900,0
W06000018,Caerphilly,56,175900,0.031836270608300174
W06000018,Caerphilly,18,175900,0.01023308698123934
W06000018,Caerphilly,22,175900,0.012507106310403639
W06000018,Caerphilly,4,175900,0.0022740193291642978
W06000018,Caerphilly,0,175900,0
W06000018,Caerphilly,0,175900,0
W06000018,Caerphilly,52,175900,0.029562251279135872
W06000018,Caerphilly,22,175900,0.012507106310403639
W06000018,Caerphilly,17,175900,0.009664582148948267
W06000018,Caerphilly,4,175900,0.0022740193291642978
W06000018,Caerphilly,2,175900,0.0011370096645821489
W06000018,Caerphilly,0,175900,0
W06000018,Caerphilly,4461,175900,2.5361000568504832
W06000018,Caerphilly,1927,175900,1.0955088118249006
W06000018,Caerphilly,1067,175900,0.6065946560545764
W06000018,Caerphilly,259,175900,0.14724275156338829
W06000018,Caerphilly,52,175900,0.029562251279135872
W06000019,Blaenau Gwent,0,66900,0
W06000019,Blaenau Gwent,0,66900,0
W06000019,Blaenau Gwent,0,66900,0
W06000019,Blaenau Gwent,0,66900,0
W06000019,Blaenau Gwent,0,66900,0
W06000019,Blaenau Gwent,0,66900,0
W06000019,Blaenau Gwent,0,66900,0
W06000019,Blaenau Gwent,23737,66900,35.4813153961136
W06000019,Blaenau Gwent,15600,66900,23.318385650224215
W06000019,Blaenau Gwent,9306,66900,13.910313901345292
W06000019,Blaenau Gwent,2047,66900,3.0597907324364724
W06000019,Blaenau Gwent,456,66900,0.6816143497757847
W06000019,Blaenau Gwent,0,66900,0
W06000019,Blaenau Gwent,33,66900,0.04932735426008968
W06000019,Blaenau Gwent,18,66900,0.026905829596412557
W06000019,Blaenau Gwent,14,66900,0.02092675635276532
W06000019,Blaenau Gwent,5,66900,0.007473841554559043
W06000019,Blaenau Gwent,1,66900,0.0014947683109118087
W06000019,Blaenau Gwent,0,66900,0
W06000019,Blaenau Gwent,9,66900,0.013452914798206279
W06000019,Blaenau Gwent,17,66900,0.025411061285500747
W06000019,Blaenau Gwent,7,66900,0.01046337817638266
W06000019,Blaenau Gwent,1,66900,0.0014947683109118087
W06000019,Blaenau Gwent,0,66900,0
W06000019,Blaenau Gwent,0,66900,0
W06000019,Blaenau Gwent,12,66900,0.017937219730941704
W06000019,Blaenau Gwent,21,66900,0.03139013452914798
W06000019,Blaenau Gwent,11,66900,0.016442451420029897
W06000019,Blaenau Gwent,0,66900,0
W06000019,Blaenau Gwent,0,66900,0
W06000019,Blaenau Gwent,0,66900,0
W06000019,Blaenau Gwent,6,66900,0.008968609865470852
W06000019,Blaenau Gwent,9,66900,0.013452914798206279
W06000019,Blaenau Gwent,4,66900,0.005979073243647235
W06000019,Blaenau Gwent,1,66900,0.0014947683109118087
W06000019,Blaenau Gwent,0,66900,0
W06000019,Blaenau Gwent,0,66900,0
W06000019,Blaenau Gwent,1685,66900,2.5186846038863977
W06000019,Blaenau Gwent,1057,66900,1.5799701046337817
W06000019,Blaenau Gwent,601,66900,0.898355754857997
W06000019,Blaenau Gwent,117,66900,0.17488789237668162
W06000019,Blaenau Gwent,29,66900,0.043348281016442454
W06000020,Torfaen,0,92300,0
W06000020,Torfaen,0,92300,0
W06000020,Torfaen,0,92300,0
W06000020,Torfaen,0,92300,0
W06000020,Torfaen,0,92300,0
W06000020,Torfaen,0,92300,0
W06000020,Torfaen,0,92300,0
W06000020,Torfaen,36654,92300,39.71180931744312
W06000020,Torfaen,18571,92300,20.12026002166847
W06000020,Torfaen,11681,92300,12.655471289274105
W06000020,Torfaen,2611,92300,2.828819068255688
W06000020,Torfaen,529,92300,0.5731310942578548
W06000020,Torfaen,0,92300,0
W06000020,Torfaen,35,92300,0.03791982665222102
W06000020,Torfaen,26,92300,0.028169014084507043
W06000020,Torfaen,26,92300,0.028169014084507043
W06000020,Torfaen,5,92300,0.005417118093174431
W06000020,Torfaen,3,92300,0.0032502708559046588
W06000020,Torfaen,0,92300,0
W06000020,Torfaen,7,92300,0.007583965330444204
W06000020,Torfaen,8,92300,0.00866738894907909
W06000020,Torfaen,17,92300,0.018418201516793065
W06000020,Torfaen,4,92300,0.004333694474539545
W06000020,Torfaen,0,92300,0
W06000020,Torfaen,0,92300,0
W06000020,Torfaen,15,92300,0.016251354279523293
W06000020,Torfaen,14,92300,0.015167930660888408
W06000020,Torfaen,14,92300,0.015167930660888408
W06000020,Torfaen,4,92300,0.004333694474539545
W06000020,Torfaen,1,92300,0.0010834236186348862
W06000020,Torfaen,0,92300,0
W06000020,Torfaen,14,92300,0.015167930660888408
W06000020,Torfaen,14,92300,0.015167930660888408
W06000020,Torfaen,8,92300,0.00866738894907909
W06000020,Torfaen,5,92300,0.005417118093174431
W06000020,Torfaen,4,92300,0.004333694474539545
W06000020,Torfaen,0,92300,0
W06000020,Torfaen,2129,92300,2.3066088840736727
W06000020,Torfaen,1253,92300,1.3575297941495124
W06000020,Torfaen,728,92300,0.7887323943661971
W06000020,Torfaen,158,92300,0.17118093174431204
W06000020,Torfaen,28,92300,0.030335861321776816
W06000021,Monmouthshire,0,93000,0
W06000021,Monmouthshire,0,93000,0
W06000021,Monmouthshire,0,93000,0
W06000021,Monmouthshire,0,93000,0
W06000021,Monmouthshire,0,93000,0
W06000021,Monmouthshire,0,93000,0
W06000021,Monmouthshire,0,93000,0
W06000021,Monmouthshire,45543,93000,48.97096774193548
W06000021,Monmouthshire,15229,93000,16.3752688172043
W06000021,Monmouthshire,9644,93000,10.369892473118279
W06000021,Monmouthshire,1901,93000,2.044086021505376
W06000021,Monmouthshire,293,93000,0.3150537634408602
W06000021,Monmouthshire,0,93000,0
W06000021,Monmouthshire,39,93000,0.041935483870967745
W06000021,Monmouthshire,21,93000,0.02258064516129032
W06000021,Monmouthshire,24,93000,0.025806451612903226
W06000021,Monmouthshire,5,93000,0.005376344086021506
W06000021,Monmouthshire,0,93000,0
W06000021,Monmouthshire,0,93000,0
W06000021,Monmouthshire,27,93000,0.02903225806451613
W06000021,Monmouthshire,13,93000,0.013978494623655914
W06000021,Monmouthshire,11,93000,0.011827956989247311
W06000021,Monmouthshire,2,93000,0.002150537634408602
W06000021,Monmouthshire,0,93000,0
W06000021,Monmouthshire,0,93000,0
W06000021,Monmouthshire,14,93000,0.015053763440860216
W06000021,Monmouthshire,8,93000,0.008602150537634409
W06000021,Monmouthshire,9,93000,0.00967741935483871
W06000021,Monmouthshire,0,93000,0
W06000021,Monmouthshire,1,93000,0.001075268817204301
W06000021,Monmouthshire,0,93000,0
W06000021,Monmouthshire,18,93000,0.01935483870967742
W06000021,Monmouthshire,13,93000,0.013978494623655914
W06000021,Monmouthshire,6,93000,0.0064516129032258064
W06000021,Monmouthshire,2,93000,0.002150537634408602
W06000021,Monmouthshire,1,93000,0.001075268817204301
W06000021,Monmouthshire,0,93000,0
W06000021,Monmouthshire,2300,93000,2.4731182795698925
W06000021,Monmouthshire,928,93000,0.9978494623655914
W06000021,Monmouthshire,654,93000,0.7032258064516129
W06000021,Monmouthshire,154,93000,0.16559139784946236
W06000021,Monmouthshire,31,93000,0.03333333333333333
W06000022,Newport,0,159600,0
W06000022,Newport,0,159600,0
W06000022,Newport,0,159600,0
W06000022,Newport,0,159600,0
W06000022,Newport,0,159600,0
W06000022,Newport,0,159600,0
W06000022,Newport,0,159600,0
W06000022,Newport,59992,159600,37.58897243107769
W06000022,Newport,29908,159600,18.739348370927317
W06000022,Newport,20120,159600,12.606516290726818
W06000022,Newport,5308,159600,3.325814536340852
W06000022,Newport,2576,159600,1.6140350877192982
W06000022,Newport,0,159600,0
W06000022,Newport,121,159600,0.07581453634085213
W06000022,Newport,118,159600,0.07393483709273183
W06000022,Newport,84,159600,0.05263157894736842
W06000022,Newport,93,159600,0.05827067669172932
W06000022,Newport,48,159600,0.03007518796992481
W06000022,Newport,0,159600,0
W06000022,Newport,39,159600,0.02443609022556391
W06000022,Newport,32,159600,0.020050125313283207
W06000022,Newport,44,159600,0.02756892230576441
W06000022,Newport,8,159600,0.005012531328320802
W06000022,Newport,0,159600,0
W06000022,Newport,0,159600,0
W06000022,Newport,39,159600,0.02443609022556391
W06000022,Newport,46,159600,0.02882205513784461
W06000022,Newport,31,159600,0.019423558897243107
W06000022,Newport,6,159600,0.0037593984962406013
W06000022,Newport,5,159600,0.003132832080200501
W06000022,Newport,0,159600,0
W06000022,Newport,29,159600,0.018170426065162906
W06000022,Newport,27,159600,0.016917293233082706
W06000022,Newport,14,159600,0.008771929824561403
W06000022,Newport,6,159600,0.0037593984962406013
W06000022,Newport,1,159600,6.265664160401002e-4
W06000022,Newport,0,159600,0
W06000022,Newport,3352,159600,2.100250626566416
W06000022,Newport,1960,159600,1.2280701754385965
W06000022,Newport,1498,159600,0.9385964912280702
W06000022,Newport,373,159600,0.2337092731829574
W06000022,Newport,184,159600,0.11528822055137844
W06000023,Powys,0,133200,0
W06000023,Powys,0,133200,0
W06000023,Powys,0,133200,0
W06000023,Powys,0,133200,0
W06000023,Powys,0,133200,0
W06000023,Powys,0,133200,0
W06000023,Powys,0,133200,0
W06000023,Powys,61876,133200,46.453453453453456
W06000023,Powys,24580,133200,18.453453453453452
W06000023,Powys,13201,133200,9.91066066066066
W06000023,Powys,2957,133200,2.21996996996997
W06000023,Powys,658,133200,0.493993993993994
W06000023,Powys,0,133200,0
W06000023,Powys,44,133200,0.03303303303303303
W06000023,Powys,50,133200,0.03753753753753754
W06000023,Powys,23,133200,0.017267267267267267
W06000023,Powys,15,133200,0.01126126126126126
W06000023,Powys,7,133200,0.005255255255255256
W06000023,Powys,0,133200,0
W06000023,Powys,30,133200,0.02252252252252252
W06000023,Powys,24,133200,0.018018018018018018
W06000023,Powys,14,133200,0.010510510510510511
W06000023,Powys,6,133200,0.0045045045045045045
W06000023,Powys,2,133200,0.0015015015015015015
W06000023,Powys,0,133200,0
W06000023,Powys,27,133200,0.02027027027027027
W06000023,Powys,7,133200,0.005255255255255256
W06000023,Powys,13,133200,0.00975975975975976
W06000023,Powys,2,133200,0.0015015015015015015
W06000023,Powys,0,133200,0
W06000023,Powys,0,133200,0
W06000023,Powys,33,133200,0.024774774774774775
W06000023,Powys,25,133200,0.01876876876876877
W06000023,Powys,21,133200,0.015765765765765764
W06000023,Powys,10,133200,0.0075075075075075074
W06000023,Powys,0,133200,0
W06000023,Powys,0,133200,0
W06000023,Powys,4467,133200,3.3536036036036037
W06000023,Powys,1773,133200,1.3310810810810811
W06000023,Powys,998,133200,0.7492492492492493
W06000023,Powys,243,133200,0.18243243243243243
W06000023,Powys,58,133200,0.04354354354354354
W06000024,Merthyr Tydfil,0,58800,0
W06000024,Merthyr Tydfil,0,58800,0
W06000024,Merthyr Tydfil,0,58800,0
W06000024,Merthyr Tydfil,0,58800,0
W06000024,Merthyr Tydfil,0,58800,0
W06000024,Merthyr Tydfil,0,58800,0
W06000024,Merthyr Tydfil,0,58800,0
W06000024,Merthyr Tydfil,25485,58800,43.34183673469388
W06000024,Merthyr Tydfil,10902,58800,18.540816326530614
W06000024,Merthyr Tydfil,6416,58800,10.91156462585034
W06000024,Merthyr Tydfil,1428,58800,2.4285714285714284
W06000024,Merthyr Tydfil,298,58800,0.5068027210884354
W06000024,Merthyr Tydfil,0,58800,0
W06000024,Merthyr Tydfil,38,58800,0.06462585034013606
W06000024,Merthyr Tydfil,28,58800,0.047619047619047616
W06000024,Merthyr Tydfil,22,58800,0.03741496598639456
W06000024,Merthyr Tydfil,3,58800,0.00510204081632653
W06000024,Merthyr Tydfil,6,58800,0.01020408163265306
W06000024,Merthyr Tydfil,0,58800,0
W06000024,Merthyr Tydfil,12,58800,0.02040816326530612
W06000024,Merthyr Tydfil,8,58800,0.013605442176870748
W06000024,Merthyr Tydfil,10,58800,0.017006802721088437
W06000024,Merthyr Tydfil,1,58800,0.0017006802721088435
W06000024,Merthyr Tydfil,0,58800,0
W06000024,Merthyr Tydfil,0,58800,0
W06000024,Merthyr Tydfil,13,58800,0.022108843537414966
W06000024,Merthyr Tydfil,9,58800,0.015306122448979591
W06000024,Merthyr Tydfil,8,58800,0.013605442176870748
W06000024,Merthyr Tydfil,4,58800,0.006802721088435374
W06000024,Merthyr Tydfil,1,58800,0.0017006802721088435
W06000024,Merthyr Tydfil,0,58800,0
W06000024,Merthyr Tydfil,10,58800,0.017006802721088437
W06000024,Merthyr Tydfil,3,58800,0.00510204081632653
W06000024,Merthyr Tydfil,4,58800,0.006802721088435374
W06000024,Merthyr Tydfil,0,58800,0
W06000024,Merthyr Tydfil,0,58800,0
W06000024,Merthyr Tydfil,0,58800,0
W06000024,Merthyr Tydfil,1440,58800,2.4489795918367347
W06000024,Merthyr Tydfil,642,58800,1.0918367346938775
W06000024,Merthyr Tydfil,371,58800,0.6309523809523809
W06000024,Merthyr Tydfil,65,58800,0.11054421768707483
W06000024,Merthyr Tydfil,7,58800,0.011904761904761904
