area_code,area_name,n,population,percentage
E06000001,Hartlepool,0,92300,0
E06000001,Hartlepool,0,92300,0
E06000001,Hartlepool,0,92300,0
E06000001,Hartlepool,0,92300,0
E06000001,Hartlepool,0,92300,0
E06000001,Hartlepool,0,92300,0
E06000001,Hartlepool,0,92300,0
E06000001,Hartlepool,0,92300,0
E06000001,Hartlepool,27039,92300,29.29469122426869
E06000001,Hartlepool,30032,92300,32.5373781148429
E06000001,Hartlepool,98,92300,0.10617551462621885
E06000001,Hartlepool,1805,92300,1.9555796316359697
E06000001,Hartlepool,6721,92300,7.28169014084507
E06000001,Hartlepool,4893,92300,5.301191765980499
E06000001,Hartlepool,0,92300,0
E06000001,Hartlepool,77,92300,0.08342361863488625
E06000001,Hartlepool,51,92300,0.0552546045503792
E06000001,Hartlepool,1,92300,0.0010834236186348862
E06000001,Hartlepool,4,92300,0.004333694474539545
E06000001,Hartlepool,18,92300,0.01950162513542795
E06000001,Hartlepool,16,92300,0.01733477789815818
E06000001,Hartlepool,0,92300,0
E06000001,Hartlepool,23,92300,0.024918743228602384
E06000001,Hartlepool,11,92300,0.011917659804983749
E06000001,Hartlepool,0,92300,0
E06000001,Hartlepool,2,92300,0.0021668472372697724
E06000001,Hartlepool,8,92300,0.00866738894907909
E06000001,Hartlepool,5,92300,0.005417118093174431
E06000001,Hartlepool,0,92300,0
E06000001,Hartlepool,35,92300,0.03791982665222102
E06000001,Hartlepool,11,92300,0.011917659804983749
E06000001,Hartlepool,0,92300,0
E06000001,Hartlepool,0,92300,0
E06000001,Hartlepool,2,92300,0.0021668472372697724
E06000001,Hartlepool,3,92300,0.0032502708559046588
E06000001,Hartlepool,0,92300,0
E06000001,Hartlepool,48,92300,0.05200433369447454
E06000001,Hartlepool,4,92300,0.004333694474539545
E06000001,Hartlepool,0,92300,0
E06000001,Hartlepool,0,92300,0
E06000001,Hartlepool,1,92300,0.0010834236186348862
E06000001,Hartlepool,0,92300,0
E06000001,Hartlepool,0,92300,0
E06000001,Hartlepool,1429,92300,1.5482123510292525
E06000001,Hartlepool,1349,92300,1.4615384615384615
E06000001,Hartlepool,3,92300,0.0032502708559046588
E06000001,Hartlepool,91,92300,0.09859154929577464
E06000001,Hartlepool,417,92300,0.4517876489707476
E06000001,Hartlepool,488,92300,0.5287107258938245
E06000002,Middlesbrough,0,143900,0
E06000002,Middlesbrough,0,143900,0
E06000002,Middlesbrough,0,143900,0
E06000002,Middlesbrough,0,143900,0
E06000002,Middlesbrough,0,143900,0
E06000002,Middlesbrough,0,143900,0
E06000002,Middlesbrough,0,143900,0
E06000002,Middlesbrough,0,143900,0
E06000002,Middlesbrough,45454,143900,31.58721334259903
E06000002,Middlesbrough,42076,143900,29.23974982626824
E06000002,Middlesbrough,173,143900,0.1202223766504517
E06000002,Middlesbrough,2685,143900,1.865879082696317
E06000002,Middlesbrough,8982,143900,6.2418346073662265
E06000002,Middlesbrough,6639,143900,4.613620569840167
E06000002,Middlesbrough,0,143900,0
E06000002,Middlesbrough,244,143900,0.1695621959694232
E06000002,Middlesbrough,179,143900,0.12439193884642112
E06000002,Middlesbrough,1,143900,6.949270326615705e-4
E06000002,Middlesbrough,25,143900,0.017373175816539264
E06000002,Middlesbrough,25,143900,0.017373175816539264
E06000002,Middlesbrough,21,143900,0.014593467685892982
E06000002,Middlesbrough,0,143900,0
E06000002,Middlesbrough,77,143900,0.05350938151494093
E06000002,Middlesbrough,45,143900,0.03127171646977067
E06000002,Middlesbrough,0,143900,0
E06000002,Middlesbrough,2,143900,0.001389854065323141
E06000002,Middlesbrough,7,143900,0.004864489228630994
E06000002,Middlesbrough,8,143900,0.005559416261292564
E06000002,Middlesbrough,0,143900,0
E06000002,Middlesbrough,103,143900,0.07157748436414177
E06000002,Middlesbrough,45,143900,0.03127171646977067
E06000002,Middlesbrough,2,143900,0.001389854065323141
E06000002,Middlesbrough,8,143900,0.005559416261292564
E06000002,Middlesbrough,14,143900,0.009728978457261988
E06000002,Middlesbrough,1,143900,6.949270326615705e-4
E06000002,Middlesbrough,0,143900,0
E06000002,Middlesbrough,120,143900,0.08339124391938846
E06000002,Middlesbrough,3,143900,0.0020847810979847115
E06000002,Middlesbrough,0,143900,0
E06000002,Middlesbrough,1,143900,6.949270326615705e-4
E06000002,Middlesbrough,2,143900,0.001389854065323141
E06000002,Middlesbrough,0,143900,0
E06000002,Middlesbrough,0,143900,0
E06000002,Middlesbrough,3115,143900,2.1646977067407924
E06000002,Middlesbrough,2397,143900,1.6657400972897847
E06000002,Middlesbrough,14,143900,0.009728978457261988
E06000002,Middlesbrough,170,143900,0.11813759555246699
E06000002,Middlesbrough,652,143900,0.453092425295344
E06000002,Middlesbrough,643,143900,0.44683808200138986
E06000003,Redcar and Cleveland,0,136500,0
E06000003,Redcar and Cleveland,0,136500,0
E06000003,Redcar and Cleveland,0,136500,0
E06000003,Redcar and Cleveland,0,136500,0
E06000003,Redcar and Cleveland,0,136500,0
E06000003,Redcar and Cleveland,0,136500,0
E06000003,Redcar and Cleveland,0,136500,0
E06000003,Redcar and Cleveland,0,136500,0
E06000003,Redcar and Cleveland,37664,136500,27.592673992673994
E06000003,Redcar and Cleveland,47065,136500,34.47985347985348
E06000003,Redcar and Cleveland,174,136500,0.12747252747252746
E06000003,Redcar and Cleveland,2546,136500,1.8652014652014652
E06000003,Redcar and Cleveland,10894,136500,7.980952380952381
E06000003,Redcar and Cleveland,8072,136500,5.913553113553114
E06000003,Redcar and Cleveland,0,136500,0
E06000003,Redcar and Cleveland,83,136500,0.060805860805860805
E06000003,Redcar and Cleveland,50,136500,0.03663003663003663
E06000003,Redcar and Cleveland,0,136500,0
E06000003,Redcar and Cleveland,4,136500,0.0029304029304029304
E06000003,Redcar and Cleveland,13,136500,0.009523809523809525
E06000003,Redcar and Cleveland,6,136500,0.004395604395604396
E06000003,Redcar and Cleveland,0,136500,0
E06000003,Redcar and Cleveland,46,136500,0.0336996336996337
E06000003,Redcar and Cleveland,24,136500,0.017582417582417582
E06000003,Redcar and Cleveland,1,136500,7.326007326007326e-4
E06000003,Redcar and Cleveland,1,136500,7.326007326007326e-4
E06000003,Redcar and Cleveland,4,136500,0.0029304029304029304
E06000003,Redcar and Cleveland,3,136500,0.002197802197802198
E06000003,Redcar and Cleveland,0,136500,0
E06000003,Redcar and Cleveland,56,136500,0.041025641025641026
E06000003,Redcar and Cleveland,26,136500,0.01904761904761905
E06000003,Redcar and Cleveland,0,136500,0
E06000003,Redcar and Cleveland,1,136500,7.326007326007326e-4
E06000003,Redcar and Cleveland,8,136500,0.005860805860805861
E06000003,Redcar and Cleveland,5,136500,0.003663003663003663
E06000003,Redcar and Cleveland,0,136500,0
E06000003,Redcar and Cleveland,49,136500,0.035897435897435895
E06000003,Redcar and Cleveland,8,136500,0.005860805860805861
E06000003,Redcar and Cleveland,1,136500,7.326007326007326e-4
E06000003,Redcar and Cleveland,0,136500,0
E06000003,Redcar and Cleveland,4,136500,0.0029304029304029304
E06000003,Redcar and Cleveland,1,136500,7.326007326007326e-4
E06000003,Redcar and Cleveland,0,136500,0
E06000003,Redcar and Cleveland,1932,136500,1.4153846153846155
E06000003,Redcar and Cleveland,2068,136500,1.515018315018315
E06000003,Redcar and Cleveland,12,136500,0.008791208791208791
E06000003,Redcar and Cleveland,133,136500,0.09743589743589744
E06000003,Redcar and Cleveland,667,136500,0.48864468864468863
E06000003,Redcar and Cleveland,721,136500,0.5282051282051282
E06000004,Stockton-on-Tees,0,196600,0
E06000004,Stockton-on-Tees,0,196600,0
E06000004,Stockton-on-Tees,0,196600,0
E06000004,Stockton-on-Tees,0,196600,0
E06000004,Stockton-on-Tees,0,196600,0
E06000004,Stockton-on-Tees,0,196600,0
E06000004,Stockton-on-Tees,0,196600,0
E06000004,Stockton-on-Tees,0,196600,0
E06000004,Stockton-on-Tees,53593,196600,27.259918616480164
E06000004,Stockton-on-Tees,68639,196600,34.91302136317396
E06000004,Stockton-on-Tees,206,196600,0.10478128179043744
E06000004,Stockton-on-Tees,3787,196600,1.9262461851475077
E06000004,Stockton-on-Tees,14213,196600,7.2293997965412
E06000004,Stockton-on-Tees,9589,196600,4.8774160732451675
E06000004,Stockton-on-Tees,0,196600,0
E06000004,Stockton-on-Tees,108,196600,0.054933875890132246
E06000004,Stockton-on-Tees,120,196600,0.061037639877924724
E06000004,Stockton-on-Tees,1,196600,5.08646998982706e-4
E06000004,Stockton-on-Tees,4,196600,0.002034587995930824
E06000004,Stockton-on-Tees,27,196600,0.013733468972533061
E06000004,Stockton-on-Tees,12,196600,0.006103763987792472
E06000004,Stockton-on-Tees,0,196600,0
E06000004,Stockton-on-Tees,76,196600,0.038657171922685654
E06000004,Stockton-on-Tees,28,196600,0.014242115971515769
E06000004,Stockton-on-Tees,3,196600,0.001525940996948118
E06000004,Stockton-on-Tees,2,196600,0.001017293997965412
E06000004,Stockton-on-Tees,11,196600,0.005595116988809766
E06000004,Stockton-on-Tees,3,196600,0.001525940996948118
E06000004,Stockton-on-Tees,0,196600,0
E06000004,Stockton-on-Tees,77,196600,0.039165818921668365
E06000004,Stockton-on-Tees,32,196600,0.01627670396744659
E06000004,Stockton-on-Tees,1,196600,5.08646998982706e-4
E06000004,Stockton-on-Tees,3,196600,0.001525940996948118
E06000004,Stockton-on-Tees,5,196600,0.00254323499491353
E06000004,Stockton-on-Tees,3,196600,0.001525940996948118
E06000004,Stockton-on-Tees,0,196600,0
E06000004,Stockton-on-Tees,67,196600,0.0340793489318413
E06000004,Stockton-on-Tees,10,196600,0.00508646998982706
E06000004,Stockton-on-Tees,0,196600,0
E06000004,Stockton-on-Tees,4,196600,0.002034587995930824
E06000004,Stockton-on-Tees,4,196600,0.002034587995930824
E06000004,Stockton-on-Tees,0,196600,0
E06000004,Stockton-on-Tees,0,196600,0
E06000004,Stockton-on-Tees,2807,196600,1.4277721261444558
E06000004,Stockton-on-Tees,2945,196600,1.497965412004069
E06000004,Stockton-on-Tees,8,196600,0.004069175991861648
E06000004,Stockton-on-Tees,175,196600,0.08901322482197355
E06000004,Stockton-on-Tees,708,196600,0.36012207527975587
E06000004,Stockton-on-Tees,739,196600,0.3758901322482197
E06000005,Darlington,0,107800,0
E06000005,Darlington,0,107800,0
E06000005,Darlington,0,107800,0
E06000005,Darlington,0,107800,0
E06000005,Darlington,0,107800,0
E06000005,Darlington,0,107800,0
E06000005,Darlington,0,107800,0
E06000005,Darlington,0,107800,0
E06000005,Darlington,29533,107800,27.396103896103895
E06000005,Darlington,37200,107800,34.50834879406308
E06000005,Darlington,109,107800,0.10111317254174397
E06000005,Darlington,2283,107800,2.1178107606679037
E06000005,Darlington,9051,107800,8.396103896103897
E06000005,Darlington,5605,107800,5.199443413729128
E06000005,Darlington,0,107800,0
E06000005,Darlington,77,107800,0.07142857142857142
E06000005,Darlington,50,107800,0.04638218923933209
E06000005,Darlington,2,107800,0.0018552875695732839
E06000005,Darlington,4,107800,0.0037105751391465678
E06000005,Darlington,8,107800,0.0074211502782931356
E06000005,Darlington,10,107800,0.00927643784786642
E06000005,Darlington,0,107800,0
E06000005,Darlington,36,107800,0.03339517625231911
E06000005,Darlington,28,107800,0.025974025974025976
E06000005,Darlington,0,107800,0
E06000005,Darlington,3,107800,0.0027829313543599257
E06000005,Darlington,13,107800,0.012059369202226345
E06000005,Darlington,4,107800,0.0037105751391465678
E06000005,Darlington,0,107800,0
E06000005,Darlington,35,107800,0.032467532467532464
E06000005,Darlington,18,107800,0.016697588126159554
E06000005,Darlington,1,107800,9.276437847866419e-4
E06000005,Darlington,2,107800,0.0018552875695732839
E06000005,Darlington,9,107800,0.008348794063079777
E06000005,Darlington,4,107800,0.0037105751391465678
E06000005,Darlington,0,107800,0
E06000005,Darlington,49,107800,0.045454545454545456
E06000005,Darlington,8,107800,0.0074211502782931356
E06000005,Darlington,0,107800,0
E06000005,Darlington,3,107800,0.0027829313543599257
E06000005,Darlington,6,107800,0.0055658627087198514
E06000005,Darlington,1,107800,9.276437847866419e-4
E06000005,Darlington,0,107800,0
E06000005,Darlington,1519,107800,1.4090909090909092
E06000005,Darlington,1536,107800,1.424860853432282
E06000005,Darlington,8,107800,0.0074211502782931356
E06000005,Darlington,114,107800,0.10575139146567718
E06000005,Darlington,386,107800,0.3580705009276438
E06000005,Darlington,387,107800,0.3589981447124304
E06000006,Halton,0,128200,0
E06000006,Halton,0,128200,0
E06000006,Halton,0,128200,0
E06000006,Halton,0,128200,0
E06000006,Halton,0,128200,0
E06000006,Halton,0,128200,0
E06000006,Halton,0,128200,0
E06000006,Halton,0,128200,0
E06000006,Halton,38732,128200,30.21216848673947
E06000006,Halton,41978,128200,32.74414976599064
E06000006,Halton,157,128200,0.12246489859594384
E06000006,Halton,2380,128200,1.856474258970359
E06000006,Halton,9520,128200,7.425897035881436
E06000006,Halton,6340,128200,4.945397815912637
E06000006,Halton,0,128200,0
E06000006,Halton,127,128200,0.09906396255850235
E06000006,Halton,45,128200,0.035101404056162244
E06000006,Halton,0,128200,0
E06000006,Halton,1,128200,7.8003120124805e-4
E06000006,Halton,11,128200,0.00858034321372855
E06000006,Halton,10,128200,0.0078003120124804995
E06000006,Halton,0,128200,0
E06000006,Halton,37,128200,0.028861154446177848
E06000006,Halton,18,128200,0.014040561622464899
E06000006,Halton,0,128200,0
E06000006,Halton,1,128200,7.8003120124805e-4
E06000006,Halton,8,128200,0.0062402496099844
E06000006,Halton,1,128200,7.8003120124805e-4
E06000006,Halton,0,128200,0
E06000006,Halton,47,128200,0.036661466458658344
E06000006,Halton,26,128200,0.0202808112324493
E06000006,Halton,0,128200,0
E06000006,Halton,3,128200,0.00234009360374415
E06000006,Halton,5,128200,0.0039001560062402497
E06000006,Halton,2,128200,0.0015600624024961
E06000006,Halton,0,128200,0
E06000006,Halton,49,128200,0.038221528861154444
E06000006,Halton,3,128200,0.00234009360374415
E06000006,Halton,0,128200,0
E06000006,Halton,2,128200,0.0015600624024961
E06000006,Halton,5,128200,0.0039001560062402497
E06000006,Halton,1,128200,7.8003120124805e-4
E06000006,Halton,0,128200,0
E06000006,Halton,1866,128200,1.4555382215288613
E06000006,Halton,1608,128200,1.2542901716068642
E06000006,Halton,6,128200,0.0046801872074883
E06000006,Halton,137,128200,0.10686427457098284
E06000006,Halton,413,128200,0.3221528861154446
E06000006,Halton,407,128200,0.3174726989079563
E06000007,Warrington,0,210900,0
E06000007,Warrington,0,210900,0
E06000007,Warrington,0,210900,0
E06000007,Warrington,0,210900,0
E06000007,Warrington,0,210900,0
E06000007,Warrington,0,210900,0
E06000007,Warrington,0,210900,0
E06000007,Warrington,0,210900,0
E06000007,Warrington,56834,210900,26.94831673779042
E06000007,Warrington,77678,210900,36.8316737790422
E06000007,Warrington,198,210900,0.09388335704125178
E06000007,Warrington,3322,210900,1.5751541014698909
E06000007,Warrington,15751,210900,7.468468468468468
E06000007,Warrington,10521,210900,4.988620199146515
E06000007,Warrington,0,210900,0
E06000007,Warrington,133,210900,0.06306306306306306
E06000007,Warrington,78,210900,0.03698435277382646
E06000007,Warrington,0,210900,0
E06000007,Warrington,7,210900,0.003319108582266477
E06000007,Warrington,37,210900,0.017543859649122806
E06000007,Warrington,18,210900,0.008534850640113799
E06000007,Warrington,0,210900,0
E06000007,Warrington,88,210900,0.04172593646277857
E06000007,Warrington,34,210900,0.016121384542437174
E06000007,Warrington,1,210900,4.74158368895211e-4
E06000007,Warrington,4,210900,0.001896633475580844
E06000007,Warrington,12,210900,0.005689900426742532
E06000007,Warrington,6,210900,0.002844950213371266
E06000007,Warrington,0,210900,0
E06000007,Warrington,101,210900,0.047889995258416314
E06000007,Warrington,32,210900,0.015173067804646752
E06000007,Warrington,0,210900,0
E06000007,Warrington,7,210900,0.003319108582266477
E06000007,Warrington,12,210900,0.005689900426742532
E06000007,Warrington,5,210900,0.002370791844476055
E06000007,Warrington,0,210900,0
E06000007,Warrington,79,210900,0.03745851114272167
E06000007,Warrington,12,210900,0.005689900426742532
E06000007,Warrington,0,210900,0
E06000007,Warrington,2,210900,9.48316737790422e-4
E06000007,Warrington,3,210900,0.001422475106685633
E06000007,Warrington,1,210900,4.74158368895211e-4
E06000007,Warrington,0,210900,0
E06000007,Warrington,3112,210900,1.4755808440018967
E06000007,Warrington,2938,210900,1.39307728781413
E06000007,Warrington,13,210900,0.006164058795637743
E06000007,Warrington,142,210900,0.06733048838311996
E06000007,Warrington,741,210900,0.35135135135135137
E06000007,Warrington,794,210900,0.3764817449027975
E06000008,Blackburn with Darwen,0,154800,0
E06000008,Blackburn with Darwen,0,154800,0
E06000008,Blackburn with Darwen,0,154800,0
E06000008,Blackburn with Darwen,0,154800,0
E06000008,Blackburn with Darwen,0,154800,0
E06000008,Blackburn with Darwen,0,154800,0
E06000008,Blackburn with Darwen,0,154800,0
E06000008,Blackburn with Darwen,0,154800,0
E06000008,Blackburn with Darwen,41585,154800,26.863695090439276
E06000008,Blackburn with Darwen,49819,154800,32.1828165374677
E06000008,Blackburn with Darwen,133,154800,0.08591731266149871
E06000008,Blackburn with Darwen,2693,154800,1.7396640826873384
E06000008,Blackburn with Darwen,9482,154800,6.125322997416021
E06000008,Blackburn with Darwen,6339,154800,4.094961240310077
E06000008,Blackburn with Darwen,0,154800,0
E06000008,Blackburn with Darwen,119,154800,0.07687338501291989
E06000008,Blackburn with Darwen,189,154800,0.12209302325581395
E06000008,Blackburn with Darwen,0,154800,0
E06000008,Blackburn with Darwen,12,154800,0.007751937984496124
E06000008,Blackburn with Darwen,33,154800,0.02131782945736434
E06000008,Blackburn with Darwen,15,154800,0.009689922480620155
E06000008,Blackburn with Darwen,0,154800,0
E06000008,Blackburn with Darwen,39,154800,0.025193798449612403
E06000008,Blackburn with Darwen,36,154800,0.023255813953488372
E06000008,Blackburn with Darwen,3,154800,0.001937984496124031
E06000008,Blackburn with Darwen,3,154800,0.001937984496124031
E06000008,Blackburn with Darwen,13,154800,0.008397932816537468
E06000008,Blackburn with Darwen,4,154800,0.002583979328165375
E06000008,Blackburn with Darwen,0,154800,0
E06000008,Blackburn with Darwen,59,154800,0.03811369509043928
E06000008,Blackburn with Darwen,44,154800,0.028423772609819122
E06000008,Blackburn with Darwen,2,154800,0.0012919896640826874
E06000008,Blackburn with Darwen,4,154800,0.002583979328165375
E06000008,Blackburn with Darwen,6,154800,0.003875968992248062
E06000008,Blackburn with Darwen,0,154800,0
E06000008,Blackburn with Darwen,0,154800,0
E06000008,Blackburn with Darwen,52,154800,0.03359173126614987
E06000008,Blackburn with Darwen,9,154800,0.005813953488372093
E06000008,Blackburn with Darwen,0,154800,0
E06000008,Blackburn with Darwen,1,154800,6.459948320413437e-4
E06000008,Blackburn with Darwen,3,154800,0.001937984496124031
E06000008,Blackburn with Darwen,1,154800,6.459948320413437e-4
E06000008,Blackburn with Darwen,0,154800,0
E06000008,Blackburn with Darwen,3287,154800,2.1233850129198966
E06000008,Blackburn with Darwen,4013,154800,2.592377260981912
E06000008,Blackburn with Darwen,11,154800,0.0071059431524547806
E06000008,Blackburn with Darwen,240,154800,0.15503875968992248
E06000008,Blackburn with Darwen,662,154800,0.42764857881136953
E06000008,Blackburn with Darwen,599,154800,0.38695090439276486
E06000009,Blackpool,0,141100,0
E06000009,Blackpool,0,141100,0
E06000009,Blackpool,0,141100,0
E06000009,Blackpool,0,141100,0
E06000009,Blackpool,0,141100,0
E06000009,Blackpool,0,141100,0
E06000009,Blackpool,0,141100,0
E06000009,Blackpool,0,141100,0
E06000009,Blackpool,44614,141100,31.618710134656272
E06000009,Blackpool,39667,141100,28.11268603827073
E06000009,Blackpool,323,141100,0.2289156626506024
E06000009,Blackpool,3229,141100,2.2884479092841956
E06000009,Blackpool,13739,141100,9.73706591070163
E06000009,Blackpool,8137,141100,5.766832034018426
E06000009,Blackpool,0,141100,0
E06000009,Blackpool,168,141100,0.11906449326718639
E06000009,Blackpool,91,141100,0.06449326718639263
E06000009,Blackpool,1,141100,7.087172218284905e-4
E06000009,Blackpool,11,141100,0.007795889440113395
E06000009,Blackpool,32,141100,0.022678951098511695
E06000009,Blackpool,13,141100,0.009213323883770375
E06000009,Blackpool,0,141100,0
E06000009,Blackpool,73,141100,0.0517363571934798
E06000009,Blackpool,22,141100,0.01559177888022679
E06000009,Blackpool,0,141100,0
E06000009,Blackpool,10,141100,0.007087172218284904
E06000009,Blackpool,16,141100,0.011339475549255847
E06000009,Blackpool,6,141100,0.004252303330970942
E06000009,Blackpool,0,141100,0
E06000009,Blackpool,89,141100,0.06307583274273565
E06000009,Blackpool,22,141100,0.01559177888022679
E06000009,Blackpool,1,141100,7.087172218284905e-4
E06000009,Blackpool,5,141100,0.003543586109142452
E06000009,Blackpool,14,141100,0.009922041105598866
E06000009,Blackpool,3,141100,0.002126151665485471
E06000009,Blackpool,0,141100,0
E06000009,Blackpool,74,141100,0.05244507441530829
E06000009,Blackpool,10,141100,0.007087172218284904
E06000009,Blackpool,2,141100,0.001417434443656981
E06000009,Blackpool,3,141100,0.002126151665485471
E06000009,Blackpool,10,141100,0.007087172218284904
E06000009,Blackpool,1,141100,7.087172218284905e-4
E06000009,Blackpool,0,141100,0
E06000009,Blackpool,2555,141100,1.810772501771793
E06000009,Blackpool,1774,141100,1.257264351523742
E06000009,Blackpool,24,141100,0.01700921332388377
E06000009,Blackpool,180,141100,0.12756909992912827
E06000009,Blackpool,772,141100,0.5471296952515946
E06000009,Blackpool,650,141100,0.4606661941885188
E06000010,Kingston upon Hull,0,NA,NA
E06000010,Kingston upon Hull,0,NA,NA
E06000010,Kingston upon Hull,0,NA,NA
E06000010,Kingston upon Hull,0,NA,NA
E06000010,Kingston upon Hull,0,NA,NA
E06000010,Kingston upon Hull,0,NA,NA
E06000010,Kingston upon Hull,0,NA,NA
E06000010,Kingston upon Hull,0,NA,NA
E06000010,Kingston upon Hull,90134,NA,NA
E06000010,Kingston upon Hull,70857,NA,NA
E06000010,Kingston upon Hull,457,NA,NA
E06000010,Kingston upon Hull,5441,NA,NA
E06000010,Kingston upon Hull,19644,NA,NA
E06000010,Kingston upon Hull,10784,NA,NA
E06000010,Kingston upon Hull,0,NA,NA
E06000010,Kingston upon Hull,318,NA,NA
E06000010,Kingston upon Hull,205,NA,NA
E06000010,Kingston upon Hull,4,NA,NA
E06000010,Kingston upon Hull,29,NA,NA
E06000010,Kingston upon Hull,54,NA,NA
E06000010,Kingston upon Hull,23,NA,NA
E06000010,Kingston upon Hull,0,NA,NA
E06000010,Kingston upon Hull,142,NA,NA
E06000010,Kingston upon Hull,58,NA,NA
E06000010,Kingston upon Hull,2,NA,NA
E06000010,Kingston upon Hull,9,NA,NA
E06000010,Kingston upon Hull,25,NA,NA
E06000010,Kingston upon Hull,7,NA,NA
E06000010,Kingston upon Hull,0,NA,NA
E06000010,Kingston upon Hull,175,NA,NA
E06000010,Kingston upon Hull,45,NA,NA
E06000010,Kingston upon Hull,0,NA,NA
E06000010,Kingston upon Hull,8,NA,NA
E06000010,Kingston upon Hull,13,NA,NA
E06000010,Kingston upon Hull,1,NA,NA
E06000010,Kingston upon Hull,0,NA,NA
E06000010,Kingston upon Hull,233,NA,NA
E06000010,Kingston upon Hull,17,NA,NA
E06000010,Kingston upon Hull,1,NA,NA
E06000010,Kingston upon Hull,2,NA,NA
E06000010,Kingston upon Hull,7,NA,NA
E06000010,Kingston upon Hull,1,NA,NA
E06000010,Kingston upon Hull,0,NA,NA
E06000010,Kingston upon Hull,7051,NA,NA
E06000010,Kingston upon Hull,4534,NA,NA
E06000010,Kingston upon Hull,47,NA,NA
E06000010,Kingston upon Hull,358,NA,NA
E06000010,Kingston upon Hull,1761,NA,NA
E06000010,Kingston upon Hull,1433,NA,NA
E06000011,East Riding of Yorkshire,0,342200,0
E06000011,East Riding of Yorkshire,0,342200,0
E06000011,East Riding of Yorkshire,0,342200,0
E06000011,East Riding of Yorkshire,0,342200,0
E06000011,East Riding of Yorkshire,0,342200,0
E06000011,East Riding of Yorkshire,0,342200,0
E06000011,East Riding of Yorkshire,0,342200,0
E06000011,East Riding of Yorkshire,0,342200,0
E06000011,East Riding of Yorkshire,77901,342200,22.764757451782582
E06000011,East Riding of Yorkshire,140549,342200,41.07218001168907
E06000011,East Riding of Yorkshire,469,342200,0.1370543541788428
E06000011,East Riding of Yorkshire,5656,342200,1.6528345996493279
E06000011,East Riding of Yorkshire,27300,342200,7.977790765634132
E06000011,East Riding of Yorkshire,20769,342200,6.069257744009351
E06000011,East Riding of Yorkshire,0,342200,0
E06000011,East Riding of Yorkshire,153,342200,0.04471069549970777
E06000011,East Riding of Yorkshire,121,342200,0.035359438924605496
E06000011,East Riding of Yorkshire,5,342200,0.0014611338398597311
E06000011,East Riding of Yorkshire,7,342200,0.0020455873758036236
E06000011,East Riding of Yorkshire,35,342200,0.010227936879018119
E06000011,East Riding of Yorkshire,29,342200,0.00847457627118644
E06000011,East Riding of Yorkshire,0,342200,0
E06000011,East Riding of Yorkshire,77,342200,0.02250146113383986
E06000011,East Riding of Yorkshire,58,342200,0.01694915254237288
E06000011,East Riding of Yorkshire,0,342200,0
E06000011,East Riding of Yorkshire,1,342200,2.922267679719462e-4
E06000011,East Riding of Yorkshire,17,342200,0.004967855055523086
E06000011,East Riding of Yorkshire,9,342200,0.002630040911747516
E06000011,East Riding of Yorkshire,0,342200,0
E06000011,East Riding of Yorkshire,90,342200,0.026300409117475162
E06000011,East Riding of Yorkshire,50,342200,0.014611338398597311
E06000011,East Riding of Yorkshire,2,342200,5.844535359438924e-4
E06000011,East Riding of Yorkshire,7,342200,0.0020455873758036236
E06000011,East Riding of Yorkshire,9,342200,0.002630040911747516
E06000011,East Riding of Yorkshire,6,342200,0.0017533606078316774
E06000011,East Riding of Yorkshire,0,342200,0
E06000011,East Riding of Yorkshire,121,342200,0.035359438924605496
E06000011,East Riding of Yorkshire,17,342200,0.004967855055523086
E06000011,East Riding of Yorkshire,1,342200,2.922267679719462e-4
E06000011,East Riding of Yorkshire,2,342200,5.844535359438924e-4
E06000011,East Riding of Yorkshire,7,342200,0.0020455873758036236
E06000011,East Riding of Yorkshire,1,342200,2.922267679719462e-4
E06000011,East Riding of Yorkshire,0,342200,0
E06000011,East Riding of Yorkshire,4702,342200,1.3740502630040912
E06000011,East Riding of Yorkshire,6221,342200,1.8179427235534775
E06000011,East Riding of Yorkshire,20,342200,0.0058445353594389245
E06000011,East Riding of Yorkshire,258,342200,0.07539450613676213
E06000011,East Riding of Yorkshire,1511,342200,0.44155464640561076
E06000011,East Riding of Yorkshire,1958,342200,0.5721800116890707
E06000012,North East Lincolnshire,0,156900,0
E06000012,North East Lincolnshire,0,156900,0
E06000012,North East Lincolnshire,0,156900,0
E06000012,North East Lincolnshire,0,156900,0
E06000012,North East Lincolnshire,0,156900,0
E06000012,North East Lincolnshire,0,156900,0
E06000012,North East Lincolnshire,0,156900,0
E06000012,North East Lincolnshire,0,156900,0
E06000012,North East Lincolnshire,43132,156900,27.490121096239644
E06000012,North East Lincolnshire,51824,156900,33.02995538559592
E06000012,North East Lincolnshire,208,156900,0.1325685149776928
E06000012,North East Lincolnshire,3147,156900,2.005736137667304
E06000012,North East Lincolnshire,13455,156900,8.575525812619503
E06000012,North East Lincolnshire,8409,156900,5.359464627151052
E06000012,North East Lincolnshire,0,156900,0
E06000012,North East Lincolnshire,130,156900,0.082855321861058
E06000012,North East Lincolnshire,99,156900,0.06309751434034416
E06000012,North East Lincolnshire,1,156900,6.373486297004461e-4
E06000012,North East Lincolnshire,6,156900,0.0038240917782026767
E06000012,North East Lincolnshire,29,156900,0.018483110261312937
E06000012,North East Lincolnshire,10,156900,0.006373486297004461
E06000012,North East Lincolnshire,0,156900,0
E06000012,North East Lincolnshire,59,156900,0.03760356915232632
E06000012,North East Lincolnshire,23,156900,0.014659018483110261
E06000012,North East Lincolnshire,0,156900,0
E06000012,North East Lincolnshire,7,156900,0.004461440407903123
E06000012,North East Lincolnshire,8,156900,0.005098789037603569
E06000012,North East Lincolnshire,4,156900,0.0025493945188017845
E06000012,North East Lincolnshire,0,156900,0
E06000012,North East Lincolnshire,70,156900,0.04461440407903123
E06000012,North East Lincolnshire,25,156900,0.015933715742511154
E06000012,North East Lincolnshire,0,156900,0
E06000012,North East Lincolnshire,0,156900,0
E06000012,North East Lincolnshire,15,156900,0.009560229445506692
E06000012,North East Lincolnshire,6,156900,0.0038240917782026767
E06000012,North East Lincolnshire,0,156900,0
E06000012,North East Lincolnshire,62,156900,0.039515615041427664
E06000012,North East Lincolnshire,6,156900,0.0038240917782026767
E06000012,North East Lincolnshire,0,156900,0
E06000012,North East Lincolnshire,6,156900,0.0038240917782026767
E06000012,North East Lincolnshire,3,156900,0.0019120458891013384
E06000012,North East Lincolnshire,0,156900,0
E06000012,North East Lincolnshire,0,156900,0
E06000012,North East Lincolnshire,2673,156900,1.7036328871892925
E06000012,North East Lincolnshire,2408,156900,1.5347355003186742
E06000012,North East Lincolnshire,14,156900,0.008922880815806247
E06000012,North East Lincolnshire,160,156900,0.10197578075207138
E06000012,North East Lincolnshire,830,156900,0.5289993626513703
E06000012,North East Lincolnshire,691,156900,0.44040790312300826
E06000013,North Lincolnshire,0,169700,0
E06000013,North Lincolnshire,0,169700,0
E06000013,North Lincolnshire,0,169700,0
E06000013,North Lincolnshire,0,169700,0
E06000013,North Lincolnshire,0,169700,0
E06000013,North Lincolnshire,0,169700,0
E06000013,North Lincolnshire,0,169700,0
E06000013,North Lincolnshire,0,169700,0
E06000013,North Lincolnshire,42133,169700,24.827931644077783
E06000013,North Lincolnshire,62403,169700,36.772539776075426
E06000013,North Lincolnshire,224,169700,0.13199764289923394
E06000013,North Lincolnshire,2947,169700,1.7365939893930467
E06000013,North Lincolnshire,13899,169700,8.190335886859163
E06000013,North Lincolnshire,9385,169700,5.530347672362994
E06000013,North Lincolnshire,0,169700,0
E06000013,North Lincolnshire,224,169700,0.13199764289923394
E06000013,North Lincolnshire,133,169700,0.07837360047142015
E06000013,North Lincolnshire,4,169700,0.002357100766057749
E06000013,North Lincolnshire,12,169700,0.007071302298173247
E06000013,North Lincolnshire,32,169700,0.01885680612846199
E06000013,North Lincolnshire,18,169700,0.01060695344725987
E06000013,North Lincolnshire,0,169700,0
E06000013,North Lincolnshire,57,169700,0.03358868591632292
E06000013,North Lincolnshire,24,169700,0.014142604596346494
E06000013,North Lincolnshire,1,169700,5.892751915144372e-4
E06000013,North Lincolnshire,2,169700,0.0011785503830288745
E06000013,North Lincolnshire,9,169700,0.005303476723629935
E06000013,North Lincolnshire,11,169700,0.00648202710665881
E06000013,North Lincolnshire,0,169700,0
E06000013,North Lincolnshire,74,169700,0.043606364172068354
E06000013,North Lincolnshire,30,169700,0.01767825574543312
E06000013,North Lincolnshire,1,169700,5.892751915144372e-4
E06000013,North Lincolnshire,2,169700,0.0011785503830288745
E06000013,North Lincolnshire,5,169700,0.0029463759575721863
E06000013,North Lincolnshire,6,169700,0.0035356511490866236
E06000013,North Lincolnshire,0,169700,0
E06000013,North Lincolnshire,61,169700,0.03594578668238067
E06000013,North Lincolnshire,11,169700,0.00648202710665881
E06000013,North Lincolnshire,1,169700,5.892751915144372e-4
E06000013,North Lincolnshire,1,169700,5.892751915144372e-4
E06000013,North Lincolnshire,8,169700,0.004714201532115498
E06000013,North Lincolnshire,2,169700,0.0011785503830288745
E06000013,North Lincolnshire,0,169700,0
E06000013,North Lincolnshire,2767,169700,1.6305244549204478
E06000013,North Lincolnshire,3122,169700,1.8397171479080732
E06000013,North Lincolnshire,16,169700,0.009428403064230996
E06000013,North Lincolnshire,156,169700,0.09192692987625221
E06000013,North Lincolnshire,858,169700,0.5055981143193872
E06000013,North Lincolnshire,828,169700,0.48791985857395404
E06000014,York,0,202800,0
E06000014,York,0,202800,0
E06000014,York,0,202800,0
E06000014,York,0,202800,0
E06000014,York,0,202800,0
E06000014,York,0,202800,0
E06000014,York,0,202800,0
E06000014,York,0,202800,0
E06000014,York,67068,202800,33.071005917159766
E06000014,York,67709,202800,33.3870808678501
E06000014,York,350,202800,0.17258382642998027
E06000014,York,2722,202800,1.3422090729783038
E06000014,York,13672,202800,6.741617357001973
E06000014,York,9214,202800,4.543392504930966
E06000014,York,0,202800,0
E06000014,York,142,202800,0.07001972386587771
E06000014,York,64,202800,0.03155818540433925
E06000014,York,3,202800,0.0014792899408284023
E06000014,York,4,202800,0.0019723865877712033
E06000014,York,22,202800,0.010848126232741617
E06000014,York,7,202800,0.0034516765285996054
E06000014,York,0,202800,0
E06000014,York,115,202800,0.05670611439842209
E06000014,York,31,202800,0.015285996055226824
E06000014,York,3,202800,0.0014792899408284023
E06000014,York,2,202800,9.861932938856016e-4
E06000014,York,17,202800,0.008382642998027613
E06000014,York,5,202800,0.002465483234714004
E06000014,York,0,202800,0
E06000014,York,129,202800,0.06360946745562131
E06000014,York,28,202800,0.013806706114398421
E06000014,York,1,202800,4.930966469428008e-4
E06000014,York,0,202800,0
E06000014,York,10,202800,0.004930966469428008
E06000014,York,2,202800,9.861932938856016e-4
E06000014,York,0,202800,0
E06000014,York,433,202800,0.21351084812623275
E06000014,York,35,202800,0.01725838264299803
E06000014,York,3,202800,0.0014792899408284023
E06000014,York,4,202800,0.0019723865877712033
E06000014,York,4,202800,0.0019723865877712033
E06000014,York,1,202800,4.930966469428008e-4
E06000014,York,0,202800,0
E06000014,York,5697,202800,2.809171597633136
E06000014,York,2852,202800,1.406311637080868
E06000014,York,25,202800,0.01232741617357002
E06000014,York,126,202800,0.0621301775147929
E06000014,York,730,202800,0.3599605522682446
E06000014,York,856,202800,0.42209072978303747
E06000015,Derby,0,261400,0
E06000015,Derby,0,261400,0
E06000015,Derby,0,261400,0
E06000015,Derby,0,261400,0
E06000015,Derby,0,261400,0
E06000015,Derby,0,261400,0
E06000015,Derby,0,261400,0
E06000015,Derby,0,261400,0
E06000015,Derby,76305,261400,29.19089517980107
E06000015,Derby,82262,261400,31.469778117827087
E06000015,Derby,360,261400,0.13771996939556236
E06000015,Derby,4386,261400,1.6778882938026014
E06000015,Derby,17157,261400,6.563504208110176
E06000015,Derby,11300,261400,4.322876817138485
E06000015,Derby,0,261400,0
E06000015,Derby,392,261400,0.1499617444529457
E06000015,Derby,546,261400,0.2088752869166029
E06000015,Derby,5,261400,0.0019127773527161439
E06000015,Derby,31,261400,0.011859219586840091
E06000015,Derby,59,261400,0.0225707727620505
E06000015,Derby,22,261400,0.008416220351951033
E06000015,Derby,0,261400,0
E06000015,Derby,107,261400,0.04093343534812548
E06000015,Derby,76,261400,0.029074215761285386
E06000015,Derby,0,261400,0
E06000015,Derby,16,261400,0.00612088752869166
E06000015,Derby,28,261400,0.010711553175210406
E06000015,Derby,10,261400,0.0038255547054322878
E06000015,Derby,0,261400,0
E06000015,Derby,133,261400,0.050879877582249426
E06000015,Derby,83,261400,0.031752104055087986
E06000015,Derby,0,261400,0
E06000015,Derby,4,261400,0.001530221882172915
E06000015,Derby,11,261400,0.004208110175975516
E06000015,Derby,7,261400,0.0026778882938026014
E06000015,Derby,0,261400,0
E06000015,Derby,217,261400,0.08301453710788065
E06000015,Derby,22,261400,0.008416220351951033
E06000015,Derby,1,261400,3.8255547054322876e-4
E06000015,Derby,3,261400,0.0011476664116296864
E06000015,Derby,3,261400,0.0011476664116296864
E06000015,Derby,0,261400,0
E06000015,Derby,0,261400,0
E06000015,Derby,6495,261400,2.4846977811782707
E06000015,Derby,6031,261400,2.3071920428462125
E06000015,Derby,59,261400,0.0225707727620505
E06000015,Derby,333,261400,0.12739097169089517
E06000015,Derby,1370,261400,0.5241009946442234
E06000015,Derby,1361,261400,0.5206579954093343
E06000016,Leicester,0,368600,0
E06000016,Leicester,0,368600,0
E06000016,Leicester,0,368600,0
E06000016,Leicester,0,368600,0
E06000016,Leicester,0,368600,0
E06000016,Leicester,0,368600,0
E06000016,Leicester,0,368600,0
E06000016,Leicester,0,368600,0
E06000016,Leicester,111724,368600,30.310363537710256
E06000016,Leicester,112679,368600,30.56945198046663
E06000016,Leicester,550,368600,0.14921323928377644
E06000016,Leicester,5123,368600,1.3898534997287033
E06000016,Leicester,17029,368600,4.619913185024417
E06000016,Leicester,13035,368600,3.5363537710255017
E06000016,Leicester,0,368600,0
E06000016,Leicester,565,368600,0.15328269126424307
E06000016,Leicester,855,368600,0.23195876288659795
E06000016,Leicester,10,368600,0.0027129679869777536
E06000016,Leicester,40,368600,0.010851871947911014
E06000016,Leicester,115,368600,0.031199131850244168
E06000016,Leicester,64,368600,0.017362995116657624
E06000016,Leicester,0,368600,0
E06000016,Leicester,173,368600,0.04693434617471514
E06000016,Leicester,198,368600,0.05371676614215952
E06000016,Leicester,3,368600,8.138903960933261e-4
E06000016,Leicester,16,368600,0.004340748779164406
E06000016,Leicester,25,368600,0.006782419967444384
E06000016,Leicester,21,368600,0.0056972327726532825
E06000016,Leicester,0,368600,0
E06000016,Leicester,212,368600,0.05751492132392838
E06000016,Leicester,232,368600,0.06294085729788389
E06000016,Leicester,2,368600,5.425935973955507e-4
E06000016,Leicester,4,368600,0.0010851871947911015
E06000016,Leicester,31,368600,0.008410200759631037
E06000016,Leicester,13,368600,0.00352685838307108
E06000016,Leicester,0,368600,0
E06000016,Leicester,297,368600,0.08057514921323929
E06000016,Leicester,20,368600,0.005425935973955507
E06000016,Leicester,0,368600,0
E06000016,Leicester,4,368600,0.0010851871947911015
E06000016,Leicester,8,368600,0.002170374389582203
E06000016,Leicester,0,368600,0
E06000016,Leicester,0,368600,0
E06000016,Leicester,12422,368600,3.3700488334237657
E06000016,Leicester,11612,368600,3.1502984264785674
E06000016,Leicester,39,368600,0.010580575149213239
E06000016,Leicester,570,368600,0.15463917525773196
E06000016,Leicester,1738,368600,0.4715138361367336
E06000016,Leicester,1582,368600,0.42919153553988065
E06000017,Rutland,0,41000,0
E06000017,Rutland,0,41000,0
E06000017,Rutland,0,41000,0
E06000017,Rutland,0,41000,0
E06000017,Rutland,0,41000,0
E06000017,Rutland,0,41000,0
E06000017,Rutland,0,41000,0
E06000017,Rutland,0,41000,0
E06000017,Rutland,9441,41000,23.026829268292683
E06000017,Rutland,17148,41000,41.82439024390244
E06000017,Rutland,61,41000,0.14878048780487804
E06000017,Rutland,715,41000,1.7439024390243902
E06000017,Rutland,3003,41000,7.324390243902439
E06000017,Rutland,2205,41000,5.378048780487805
E06000017,Rutland,0,41000,0
E06000017,Rutland,11,41000,0.026829268292682926
E06000017,Rutland,10,41000,0.024390243902439025
E06000017,Rutland,0,41000,0
E06000017,Rutland,3,41000,0.007317073170731708
E06000017,Rutland,1,41000,0.0024390243902439024
E06000017,Rutland,5,41000,0.012195121951219513
E06000017,Rutland,0,41000,0
E06000017,Rutland,7,41000,0.01707317073170732
E06000017,Rutland,7,41000,0.01707317073170732
E06000017,Rutland,0,41000,0
E06000017,Rutland,0,41000,0
E06000017,Rutland,2,41000,0.004878048780487805
E06000017,Rutland,1,41000,0.0024390243902439024
E06000017,Rutland,0,41000,0
E06000017,Rutland,16,41000,0.03902439024390244
E06000017,Rutland,3,41000,0.007317073170731708
E06000017,Rutland,0,41000,0
E06000017,Rutland,0,41000,0
E06000017,Rutland,1,41000,0.0024390243902439024
E06000017,Rutland,0,41000,0
E06000017,Rutland,0,41000,0
E06000017,Rutland,14,41000,0.03414634146341464
E06000017,Rutland,0,41000,0
E06000017,Rutland,0,41000,0
E06000017,Rutland,0,41000,0
E06000017,Rutland,0,41000,0
E06000017,Rutland,0,41000,0
E06000017,Rutland,0,41000,0
E06000017,Rutland,650,41000,1.5853658536585367
E06000017,Rutland,659,41000,1.6073170731707318
E06000017,Rutland,4,41000,0.00975609756097561
E06000017,Rutland,29,41000,0.07073170731707316
E06000017,Rutland,147,41000,0.35853658536585364
E06000017,Rutland,155,41000,0.3780487804878049
E06000018,Nottingham,0,323700,0
E06000018,Nottingham,0,323700,0
E06000018,Nottingham,0,323700,0
E06000018,Nottingham,0,323700,0
E06000018,Nottingham,0,323700,0
E06000018,Nottingham,0,323700,0
E06000018,Nottingham,0,323700,0
E06000018,Nottingham,0,323700,0
E06000018,Nottingham,130612,323700,40.34970651838122
E06000018,Nottingham,74523,323700,23.02224281742354
E06000018,Nottingham,494,323700,0.15261044176706828
E06000018,Nottingham,5151,323700,1.5912882298424467
E06000018,Nottingham,18073,323700,5.583256101328391
E06000018,Nottingham,10500,323700,3.2437442075996294
E06000018,Nottingham,0,323700,0
E06000018,Nottingham,475,323700,0.1467408093914118
E06000018,Nottingham,379,323700,0.11708371949335805
E06000018,Nottingham,5,323700,0.0015446400988569664
E06000018,Nottingham,38,323700,0.011739264751312943
E06000018,Nottingham,81,323700,0.025023169601482854
E06000018,Nottingham,33,323700,0.010194624652455977
E06000018,Nottingham,0,323700,0
E06000018,Nottingham,195,323700,0.060240963855421686
E06000018,Nottingham,115,323700,0.035526722273710225
E06000018,Nottingham,2,323700,6.178560395427865e-4
E06000018,Nottingham,14,323700,0.004324992276799506
E06000018,Nottingham,29,323700,0.008958912573370404
E06000018,Nottingham,13,323700,0.004016064257028112
E06000018,Nottingham,0,323700,0
E06000018,Nottingham,267,323700,0.082483781278962
E06000018,Nottingham,118,323700,0.0364535063330244
E06000018,Nottingham,3,323700,9.267840593141798e-4
E06000018,Nottingham,11,323700,0.003398208217485326
E06000018,Nottingham,10,323700,0.0030892801977139327
E06000018,Nottingham,3,323700,9.267840593141798e-4
E06000018,Nottingham,0,323700,0
E06000018,Nottingham,453,323700,0.13994439295644115
E06000018,Nottingham,33,323700,0.010194624652455977
E06000018,Nottingham,1,323700,3.0892801977139327e-4
E06000018,Nottingham,9,323700,0.0027803521779425394
E06000018,Nottingham,5,323700,0.0015446400988569664
E06000018,Nottingham,1,323700,3.0892801977139327e-4
E06000018,Nottingham,0,323700,0
E06000018,Nottingham,13858,323700,4.281124497991968
E06000018,Nottingham,5718,323700,1.7664504170528268
E06000018,Nottingham,46,323700,0.01421068890948409
E06000018,Nottingham,430,323700,0.13283904850169911
E06000018,Nottingham,1418,323700,0.43805993203583565
E06000018,Nottingham,1207,323700,0.37287611986407165
E06000019,Herefordshire,0,NA,NA
E06000019,Herefordshire,0,NA,NA
E06000019,Herefordshire,0,NA,NA
E06000019,Herefordshire,0,NA,NA
E06000019,Herefordshire,0,NA,NA
E06000019,Herefordshire,0,NA,NA
E06000019,Herefordshire,0,NA,NA
E06000019,Herefordshire,0,NA,NA
E06000019,Herefordshire,43787,NA,NA
E06000019,Herefordshire,73774,NA,NA
E06000019,Herefordshire,367,NA,NA
E06000019,Herefordshire,3066,NA,NA
E06000019,Herefordshire,14952,NA,NA
E06000019,Herefordshire,10529,NA,NA
E06000019,Herefordshire,0,NA,NA
E06000019,Herefordshire,95,NA,NA
E06000019,Herefordshire,87,NA,NA
E06000019,Herefordshire,0,NA,NA
E06000019,Herefordshire,8,NA,NA
E06000019,Herefordshire,21,NA,NA
E06000019,Herefordshire,19,NA,NA
E06000019,Herefordshire,0,NA,NA
E06000019,Herefordshire,51,NA,NA
E06000019,Herefordshire,29,NA,NA
E06000019,Herefordshire,3,NA,NA
E06000019,Herefordshire,1,NA,NA
E06000019,Herefordshire,14,NA,NA
E06000019,Herefordshire,3,NA,NA
E06000019,Herefordshire,0,NA,NA
E06000019,Herefordshire,69,NA,NA
E06000019,Herefordshire,25,NA,NA
E06000019,Herefordshire,0,NA,NA
E06000019,Herefordshire,3,NA,NA
E06000019,Herefordshire,6,NA,NA
E06000019,Herefordshire,2,NA,NA
E06000019,Herefordshire,0,NA,NA
E06000019,Herefordshire,94,NA,NA
E06000019,Herefordshire,10,NA,NA
E06000019,Herefordshire,0,NA,NA
E06000019,Herefordshire,0,NA,NA
E06000019,Herefordshire,7,NA,NA
E06000019,Herefordshire,1,NA,NA
E06000019,Herefordshire,0,NA,NA
E06000019,Herefordshire,3665,NA,NA
E06000019,Herefordshire,4113,NA,NA
E06000019,Herefordshire,22,NA,NA
E06000019,Herefordshire,194,NA,NA
E06000019,Herefordshire,1074,NA,NA
E06000019,Herefordshire,1046,NA,NA
E06000020,Telford and Wrekin,0,185600,0
E06000020,Telford and Wrekin,0,185600,0
E06000020,Telford and Wrekin,0,185600,0
E06000020,Telford and Wrekin,0,185600,0
E06000020,Telford and Wrekin,0,185600,0
E06000020,Telford and Wrekin,0,185600,0
E06000020,Telford and Wrekin,0,185600,0
E06000020,Telford and Wrekin,0,185600,0
E06000020,Telford and Wrekin,50408,185600,27.15948275862069
E06000020,Telford and Wrekin,62894,185600,33.886853448275865
E06000020,Telford and Wrekin,192,185600,0.10344827586206896
E06000020,Telford and Wrekin,3459,185600,1.8636853448275863
E06000020,Telford and Wrekin,14430,185600,7.774784482758621
E06000020,Telford and Wrekin,8028,185600,4.325431034482759
E06000020,Telford and Wrekin,0,185600,0
E06000020,Telford and Wrekin,171,185600,0.09213362068965517
E06000020,Telford and Wrekin,136,185600,0.07327586206896551
E06000020,Telford and Wrekin,0,185600,0
E06000020,Telford and Wrekin,6,185600,0.003232758620689655
E06000020,Telford and Wrekin,30,185600,0.016163793103448277
E06000020,Telford and Wrekin,18,185600,0.009698275862068966
E06000020,Telford and Wrekin,0,185600,0
E06000020,Telford and Wrekin,58,185600,0.03125
E06000020,Telford and Wrekin,31,185600,0.01670258620689655
E06000020,Telford and Wrekin,1,185600,5.387931034482759e-4
E06000020,Telford and Wrekin,5,185600,0.0026939655172413795
E06000020,Telford and Wrekin,17,185600,0.009159482758620689
E06000020,Telford and Wrekin,6,185600,0.003232758620689655
E06000020,Telford and Wrekin,0,185600,0
E06000020,Telford and Wrekin,80,185600,0.04310344827586207
E06000020,Telford and Wrekin,47,185600,0.025323275862068964
E06000020,Telford and Wrekin,3,185600,0.0016163793103448276
E06000020,Telford and Wrekin,3,185600,0.0016163793103448276
E06000020,Telford and Wrekin,10,185600,0.005387931034482759
E06000020,Telford and Wrekin,6,185600,0.003232758620689655
E06000020,Telford and Wrekin,0,185600,0
E06000020,Telford and Wrekin,89,185600,0.047952586206896554
E06000020,Telford and Wrekin,7,185600,0.003771551724137931
E06000020,Telford and Wrekin,0,185600,0
E06000020,Telford and Wrekin,1,185600,5.387931034482759e-4
E06000020,Telford and Wrekin,4,185600,0.0021551724137931034
E06000020,Telford and Wrekin,0,185600,0
E06000020,Telford and Wrekin,0,185600,0
E06000020,Telford and Wrekin,3395,185600,1.8292025862068966
E06000020,Telford and Wrekin,3283,185600,1.7688577586206897
E06000020,Telford and Wrekin,22,185600,0.011853448275862068
E06000020,Telford and Wrekin,175,185600,0.09428879310344827
E06000020,Telford and Wrekin,882,185600,0.47521551724137934
E06000020,Telford and Wrekin,780,185600,0.4202586206896552
E06000021,Stoke-on-Trent,0,258400,0
E06000021,Stoke-on-Trent,0,258400,0
E06000021,Stoke-on-Trent,0,258400,0
E06000021,Stoke-on-Trent,0,258400,0
E06000021,Stoke-on-Trent,0,258400,0
E06000021,Stoke-on-Trent,0,258400,0
E06000021,Stoke-on-Trent,0,258400,0
E06000021,Stoke-on-Trent,0,258400,0
E06000021,Stoke-on-Trent,75693,258400,29.29295665634675
E06000021,Stoke-on-Trent,78663,258400,30.44233746130031
E06000021,Stoke-on-Trent,308,258400,0.11919504643962849
E06000021,Stoke-on-Trent,5147,258400,1.99187306501548
E06000021,Stoke-on-Trent,18466,258400,7.146284829721362
E06000021,Stoke-on-Trent,11969,258400,4.631965944272446
E06000021,Stoke-on-Trent,0,258400,0
E06000021,Stoke-on-Trent,268,258400,0.10371517027863777
E06000021,Stoke-on-Trent,232,258400,0.08978328173374613
E06000021,Stoke-on-Trent,9,258400,0.00348297213622291
E06000021,Stoke-on-Trent,52,258400,0.020123839009287926
E06000021,Stoke-on-Trent,40,258400,0.015479876160990712
E06000021,Stoke-on-Trent,23,258400,0.00890092879256966
E06000021,Stoke-on-Trent,0,258400,0
E06000021,Stoke-on-Trent,141,258400,0.05456656346749226
E06000021,Stoke-on-Trent,119,258400,0.046052631578947366
E06000021,Stoke-on-Trent,0,258400,0
E06000021,Stoke-on-Trent,9,258400,0.00348297213622291
E06000021,Stoke-on-Trent,20,258400,0.007739938080495356
E06000021,Stoke-on-Trent,9,258400,0.00348297213622291
E06000021,Stoke-on-Trent,0,258400,0
E06000021,Stoke-on-Trent,188,258400,0.07275541795665634
E06000021,Stoke-on-Trent,136,258400,0.05263157894736842
E06000021,Stoke-on-Trent,2,258400,0.00077399380804953565
E06000021,Stoke-on-Trent,9,258400,0.00348297213622291
E06000021,Stoke-on-Trent,10,258400,0.003869969040247678
E06000021,Stoke-on-Trent,5,258400,0.001934984520123839
E06000021,Stoke-on-Trent,0,258400,0
E06000021,Stoke-on-Trent,202,258400,0.0781733746130031
E06000021,Stoke-on-Trent,26,258400,0.010061919504643963
E06000021,Stoke-on-Trent,0,258400,0
E06000021,Stoke-on-Trent,1,258400,3.869969040247678e-4
E06000021,Stoke-on-Trent,7,258400,0.0027089783281733747
E06000021,Stoke-on-Trent,2,258400,0.00077399380804953565
E06000021,Stoke-on-Trent,0,258400,0
E06000021,Stoke-on-Trent,5798,258400,2.2438080495356036
E06000021,Stoke-on-Trent,5153,258400,1.9941950464396285
E06000021,Stoke-on-Trent,29,258400,0.011222910216718266
E06000021,Stoke-on-Trent,343,258400,0.13273993808049536
E06000021,Stoke-on-Trent,1316,258400,0.5092879256965944
E06000021,Stoke-on-Trent,1505,258400,0.5824303405572755
E06000022,Bath and North East Somerset,0,193400,0
E06000022,Bath and North East Somerset,0,193400,0
E06000022,Bath and North East Somerset,0,193400,0
E06000022,Bath and North East Somerset,0,193400,0
E06000022,Bath and North East Somerset,0,193400,0
E06000022,Bath and North East Somerset,0,193400,0
E06000022,Bath and North East Somerset,0,193400,0
E06000022,Bath and North East Somerset,0,193400,0
E06000022,Bath and North East Somerset,61335,193400,31.71406411582213
E06000022,Bath and North East Somerset,66756,193400,34.517063081695966
E06000022,Bath and North East Somerset,303,193400,0.15667011375387796
E06000022,Bath and North East Somerset,2551,193400,1.3190279214064116
E06000022,Bath and North East Somerset,12172,193400,6.29369183040331
E06000022,Bath and North East Somerset,8387,193400,4.336608066184074
E06000022,Bath and North East Somerset,0,193400,0
E06000022,Bath and North East Somerset,110,193400,0.05687693898655636
E06000022,Bath and North East Somerset,44,193400,0.022750775594622543
E06000022,Bath and North East Somerset,2,193400,0.001034126163391934
E06000022,Bath and North East Somerset,7,193400,0.0036194415718717684
E06000022,Bath and North East Somerset,16,193400,0.008273009307135471
E06000022,Bath and North East Somerset,9,193400,0.004653567735263702
E06000022,Bath and North East Somerset,0,193400,0
E06000022,Bath and North East Somerset,88,193400,0.045501551189245086
E06000022,Bath and North East Somerset,33,193400,0.017063081695966906
E06000022,Bath and North East Somerset,0,193400,0
E06000022,Bath and North East Somerset,3,193400,0.0015511892450879006
E06000022,Bath and North East Somerset,7,193400,0.0036194415718717684
E06000022,Bath and North East Somerset,8,193400,0.004136504653567736
E06000022,Bath and North East Somerset,0,193400,0
E06000022,Bath and North East Somerset,100,193400,0.05170630816959669
E06000022,Bath and North East Somerset,33,193400,0.017063081695966906
E06000022,Bath and North East Somerset,0,193400,0
E06000022,Bath and North East Somerset,1,193400,5.17063081695967e-4
E06000022,Bath and North East Somerset,5,193400,0.0025853154084798345
E06000022,Bath and North East Somerset,1,193400,5.17063081695967e-4
E06000022,Bath and North East Somerset,0,193400,0
E06000022,Bath and North East Somerset,279,193400,0.14426059979317477
E06000022,Bath and North East Somerset,16,193400,0.008273009307135471
E06000022,Bath and North East Somerset,4,193400,0.002068252326783868
E06000022,Bath and North East Somerset,3,193400,0.0015511892450879006
E06000022,Bath and North East Somerset,3,193400,0.0015511892450879006
E06000022,Bath and North East Somerset,1,193400,5.17063081695967e-4
E06000022,Bath and North East Somerset,0,193400,0
E06000022,Bath and North East Somerset,4829,193400,2.496897621509824
E06000022,Bath and North East Somerset,2952,193400,1.5263702171664943
E06000022,Bath and North East Somerset,25,193400,0.012926577042399173
E06000022,Bath and North East Somerset,143,193400,0.07394002068252327
E06000022,Bath and North East Somerset,708,193400,0.36608066184074456
E06000022,Bath and North East Somerset,687,193400,0.35522233712512924
E06000023,Bristol,0,NA,NA
E06000023,Bristol,0,NA,NA
E06000023,Bristol,0,NA,NA
E06000023,Bristol,0,NA,NA
E06000023,Bristol,0,NA,NA
E06000023,Bristol,0,NA,NA
E06000023,Bristol,0,NA,NA
E06000023,Bristol,0,NA,NA
E06000023,Bristol,188214,NA,NA
E06000023,Bristol,123015,NA,NA
E06000023,Bristol,975,NA,NA
E06000023,Bristol,6587,NA,NA
E06000023,Bristol,26635,NA,NA
E06000023,Bristol,14848,NA,NA
E06000023,Bristol,0,NA,NA
E06000023,Bristol,511,NA,NA
E06000023,Bristol,440,NA,NA
E06000023,Bristol,8,NA,NA
E06000023,Bristol,41,NA,NA
E06000023,Bristol,103,NA,NA
E06000023,Bristol,42,NA,NA
E06000023,Bristol,0,NA,NA
E06000023,Bristol,300,NA,NA
E06000023,Bristol,101,NA,NA
E06000023,Bristol,2,NA,NA
E06000023,Bristol,15,NA,NA
E06000023,Bristol,34,NA,NA
E06000023,Bristol,15,NA,NA
E06000023,Bristol,0,NA,NA
E06000023,Bristol,284,NA,NA
E06000023,Bristol,110,NA,NA
E06000023,Bristol,5,NA,NA
E06000023,Bristol,10,NA,NA
E06000023,Bristol,24,NA,NA
E06000023,Bristol,7,NA,NA
E06000023,Bristol,0,NA,NA
E06000023,Bristol,1058,NA,NA
E06000023,Bristol,68,NA,NA
E06000023,Bristol,1,NA,NA
E06000023,Bristol,15,NA,NA
E06000023,Bristol,25,NA,NA
E06000023,Bristol,3,NA,NA
E06000023,Bristol,0,NA,NA
E06000023,Bristol,15302,NA,NA
E06000023,Bristol,7105,NA,NA
E06000023,Bristol,63,NA,NA
E06000023,Bristol,486,NA,NA
E06000023,Bristol,1828,NA,NA
E06000023,Bristol,1429,NA,NA
E06000024,North Somerset,0,216700,0
E06000024,North Somerset,0,216700,0
E06000024,North Somerset,0,216700,0
E06000024,North Somerset,0,216700,0
E06000024,North Somerset,0,216700,0
E06000024,North Somerset,0,216700,0
E06000024,North Somerset,0,216700,0
E06000024,North Somerset,0,216700,0
E06000024,North Somerset,51120,216700,23.590216889709275
E06000024,North Somerset,83974,216700,38.75126903553299
E06000024,North Somerset,337,216700,0.15551453622519612
E06000024,North Somerset,3706,216700,1.7101984310106138
E06000024,North Somerset,17764,216700,8.197508075680664
E06000024,North Somerset,11774,216700,5.433317951084448
E06000024,North Somerset,0,216700,0
E06000024,North Somerset,83,216700,0.03830179972311952
E06000024,North Somerset,60,216700,0.02768804799261652
E06000024,North Somerset,0,216700,0
E06000024,North Somerset,5,216700,0.0023073373327180432
E06000024,North Somerset,26,216700,0.011998154130133826
E06000024,North Somerset,10,216700,0.0046146746654360865
E06000024,North Somerset,0,216700,0
E06000024,North Somerset,64,216700,0.029533917858790955
E06000024,North Somerset,30,216700,0.01384402399630826
E06000024,North Somerset,1,216700,4.6146746654360867e-4
E06000024,North Somerset,2,216700,9.229349330872173e-4
E06000024,North Somerset,19,216700,0.008767881864328565
E06000024,North Somerset,12,216700,0.0055376095985233045
E06000024,North Somerset,0,216700,0
E06000024,North Somerset,88,216700,0.04060913705583756
E06000024,North Somerset,28,216700,0.012921089063221043
E06000024,North Somerset,0,216700,0
E06000024,North Somerset,6,216700,0.0027688047992616522
E06000024,North Somerset,11,216700,0.005076142131979695
E06000024,North Somerset,2,216700,9.229349330872173e-4
E06000024,North Somerset,0,216700,0
E06000024,North Somerset,118,216700,0.05445316105214582
E06000024,North Somerset,19,216700,0.008767881864328565
E06000024,North Somerset,4,216700,0.0018458698661744347
E06000024,North Somerset,3,216700,0.0013844023996308261
E06000024,North Somerset,10,216700,0.0046146746654360865
E06000024,North Somerset,1,216700,4.6146746654360867e-4
E06000024,North Somerset,0,216700,0
E06000024,North Somerset,3232,216700,1.4914628518689432
E06000024,North Somerset,3792,216700,1.7498846331333642
E06000024,North Somerset,17,216700,0.007844946931241348
E06000024,North Somerset,184,216700,0.084910013844024
E06000024,North Somerset,980,216700,0.4522381172127365
E06000024,North Somerset,1084,216700,0.5002307337332718
E06000025,South Gloucestershire,0,290400,0
E06000025,South Gloucestershire,0,290400,0
E06000025,South Gloucestershire,0,290400,0
E06000025,South Gloucestershire,0,290400,0
E06000025,South Gloucestershire,0,290400,0
E06000025,South Gloucestershire,0,290400,0
E06000025,South Gloucestershire,0,290400,0
E06000025,South Gloucestershire,0,290400,0
E06000025,South Gloucestershire,79457,290400,27.361225895316803
E06000025,South Gloucestershire,108524,290400,37.370523415977964
E06000025,South Gloucestershire,340,290400,0.11707988980716254
E06000025,South Gloucestershire,4130,290400,1.4221763085399448
E06000025,South Gloucestershire,19342,290400,6.660468319559229
E06000025,South Gloucestershire,12736,290400,4.3856749311294765
E06000025,South Gloucestershire,0,290400,0
E06000025,South Gloucestershire,142,290400,0.048898071625344354
E06000025,South Gloucestershire,128,290400,0.0440771349862259
E06000025,South Gloucestershire,1,290400,3.443526170798898e-4
E06000025,South Gloucestershire,5,290400,0.001721763085399449
E06000025,South Gloucestershire,37,290400,0.012741046831955923
E06000025,South Gloucestershire,14,290400,0.0048209366391184574
E06000025,South Gloucestershire,0,290400,0
E06000025,South Gloucestershire,95,290400,0.03271349862258953
E06000025,South Gloucestershire,43,290400,0.014807162534435262
E06000025,South Gloucestershire,1,290400,3.443526170798898e-4
E06000025,South Gloucestershire,6,290400,0.002066115702479339
E06000025,South Gloucestershire,21,290400,0.007231404958677686
E06000025,South Gloucestershire,9,290400,0.0030991735537190084
E06000025,South Gloucestershire,0,290400,0
E06000025,South Gloucestershire,105,290400,0.03615702479338843
E06000025,South Gloucestershire,51,290400,0.01756198347107438
E06000025,South Gloucestershire,0,290400,0
E06000025,South Gloucestershire,5,290400,0.001721763085399449
E06000025,South Gloucestershire,14,290400,0.0048209366391184574
E06000025,South Gloucestershire,3,290400,0.0010330578512396695
E06000025,South Gloucestershire,0,290400,0
E06000025,South Gloucestershire,208,290400,0.07162534435261708
E06000025,South Gloucestershire,19,290400,0.0065426997245179065
E06000025,South Gloucestershire,1,290400,3.443526170798898e-4
E06000025,South Gloucestershire,2,290400,6.887052341597796e-4
E06000025,South Gloucestershire,6,290400,0.002066115702479339
E06000025,South Gloucestershire,1,290400,3.443526170798898e-4
E06000025,South Gloucestershire,0,290400,0
E06000025,South Gloucestershire,5110,290400,1.7596418732782368
E06000025,South Gloucestershire,4460,290400,1.5358126721763086
E06000025,South Gloucestershire,27,290400,0.009297520661157025
E06000025,South Gloucestershire,213,290400,0.07334710743801653
E06000025,South Gloucestershire,1100,290400,0.3787878787878788
E06000025,South Gloucestershire,1013,290400,0.3488292011019284
E06000026,Plymouth,0,264700,0
E06000026,Plymouth,0,264700,0
E06000026,Plymouth,0,264700,0
E06000026,Plymouth,0,264700,0
E06000026,Plymouth,0,264700,0
E06000026,Plymouth,0,264700,0
E06000026,Plymouth,0,264700,0
E06000026,Plymouth,0,264700,0
E06000026,Plymouth,81603,264700,30.828485077446164
E06000026,Plymouth,84094,264700,31.7695504344541
E06000026,Plymouth,385,264700,0.14544767661503588
E06000026,Plymouth,5383,264700,2.03362296939932
E06000026,Plymouth,22237,264700,8.400831129580657
E06000026,Plymouth,12257,264700,4.630525122780506
E06000026,Plymouth,0,264700,0
E06000026,Plymouth,223,264700,0.08424631658481299
E06000026,Plymouth,106,264700,0.04004533434076313
E06000026,Plymouth,2,264700,7.555723460521345e-4
E06000026,Plymouth,10,264700,0.0037778617302606727
E06000026,Plymouth,43,264700,0.016244805440120892
E06000026,Plymouth,23,264700,0.008689081979599547
E06000026,Plymouth,0,264700,0
E06000026,Plymouth,128,264700,0.048356630147336606
E06000026,Plymouth,36,264700,0.01360030222893842
E06000026,Plymouth,2,264700,7.555723460521345e-4
E06000026,Plymouth,8,264700,0.003022289384208538
E06000026,Plymouth,21,264700,0.007933509633547412
E06000026,Plymouth,9,264700,0.003400075557234605
E06000026,Plymouth,0,264700,0
E06000026,Plymouth,202,264700,0.07631280695126558
E06000026,Plymouth,42,264700,0.015867019267094825
E06000026,Plymouth,1,264700,3.7778617302606723e-4
E06000026,Plymouth,5,264700,0.0018889308651303363
E06000026,Plymouth,15,264700,0.0056667925953910086
E06000026,Plymouth,2,264700,7.555723460521345e-4
E06000026,Plymouth,0,264700,0
E06000026,Plymouth,312,264700,0.11786928598413299
E06000026,Plymouth,13,264700,0.004911220249338874
E06000026,Plymouth,0,264700,0
E06000026,Plymouth,5,264700,0.0018889308651303363
E06000026,Plymouth,11,264700,0.00415564790328674
E06000026,Plymouth,4,264700,0.001511144692104269
E06000026,Plymouth,0,264700,0
E06000026,Plymouth,5372,264700,2.0294673214960333
E06000026,Plymouth,3587,264700,1.3551190026445032
E06000026,Plymouth,15,264700,0.0056667925953910086
E06000026,Plymouth,221,264700,0.08349074423876086
E06000026,Plymouth,1191,264700,0.4499433320740461
E06000026,Plymouth,1058,264700,0.39969777106157917
E06000027,Torbay,0,139300,0
E06000027,Torbay,0,139300,0
E06000027,Torbay,0,139300,0
E06000027,Torbay,0,139300,0
E06000027,Torbay,0,139300,0
E06000027,Torbay,0,139300,0
E06000027,Torbay,0,139300,0
E06000027,Torbay,0,139300,0
E06000027,Torbay,35763,139300,25.673366834170853
E06000027,Torbay,48896,139300,35.101220387652546
E06000027,Torbay,305,139300,0.2189519023689878
E06000027,Torbay,2697,139300,1.9361091170136395
E06000027,Torbay,13833,139300,9.930366116295765
E06000027,Torbay,8490,139300,6.094759511844939
E06000027,Torbay,0,139300,0
E06000027,Torbay,66,139300,0.04737975592246949
E06000027,Torbay,45,139300,0.03230437903804738
E06000027,Torbay,1,139300,7.178750897343862e-4
E06000027,Torbay,11,139300,0.007896625987078248
E06000027,Torbay,19,139300,0.013639626704953339
E06000027,Torbay,9,139300,0.006460875807609476
E06000027,Torbay,0,139300,0
E06000027,Torbay,40,139300,0.028715003589375447
E06000027,Torbay,22,139300,0.015793251974156496
E06000027,Torbay,0,139300,0
E06000027,Torbay,2,139300,0.0014357501794687725
E06000027,Torbay,24,139300,0.01722900215362527
E06000027,Torbay,6,139300,0.004307250538406317
E06000027,Torbay,0,139300,0
E06000027,Torbay,60,139300,0.043072505384063174
E06000027,Torbay,23,139300,0.016511127063890883
E06000027,Torbay,5,139300,0.003589375448671931
E06000027,Torbay,3,139300,0.0021536252692031586
E06000027,Torbay,9,139300,0.006460875807609476
E06000027,Torbay,2,139300,0.0014357501794687725
E06000027,Torbay,0,139300,0
E06000027,Torbay,84,139300,0.06030150753768844
E06000027,Torbay,8,139300,0.00574300071787509
E06000027,Torbay,0,139300,0
E06000027,Torbay,3,139300,0.0021536252692031586
E06000027,Torbay,8,139300,0.00574300071787509
E06000027,Torbay,0,139300,0
E06000027,Torbay,0,139300,0
E06000027,Torbay,2396,139300,1.7200287150035893
E06000027,Torbay,2394,139300,1.7185929648241205
E06000027,Torbay,17,139300,0.012203876525484566
E06000027,Torbay,109,139300,0.07824838478104809
E06000027,Torbay,840,139300,0.6030150753768844
E06000027,Torbay,843,139300,0.6051687006460876
E06000030,Swindon,0,233400,0
E06000030,Swindon,0,233400,0
E06000030,Swindon,0,233400,0
E06000030,Swindon,0,233400,0
E06000030,Swindon,0,233400,0
E06000030,Swindon,0,233400,0
E06000030,Swindon,0,233400,0
E06000030,Swindon,0,233400,0
E06000030,Swindon,59420,233400,25.458440445586977
E06000030,Swindon,85272,233400,36.53470437017995
E06000030,Swindon,398,233400,0.17052270779777207
E06000030,Swindon,4072,233400,1.7446443873179092
E06000030,Swindon,17027,233400,7.295201371036846
E06000030,Swindon,9325,233400,3.99528706083976
E06000030,Swindon,0,233400,0
E06000030,Swindon,156,233400,0.06683804627249357
E06000030,Swindon,211,233400,0.09040274207369323
E06000030,Swindon,0,233400,0
E06000030,Swindon,21,233400,0.008997429305912597
E06000030,Swindon,29,233400,0.012425021422450729
E06000030,Swindon,15,233400,0.006426735218508998
E06000030,Swindon,0,233400,0
E06000030,Swindon,84,233400,0.03598971722365039
E06000030,Swindon,59,233400,0.025278491859468722
E06000030,Swindon,1,233400,4.284490145672665e-4
E06000030,Swindon,7,233400,0.0029991431019708655
E06000030,Swindon,29,233400,0.012425021422450729
E06000030,Swindon,8,233400,0.003427592116538132
E06000030,Swindon,0,233400,0
E06000030,Swindon,122,233400,0.05227077977720651
E06000030,Swindon,84,233400,0.03598971722365039
E06000030,Swindon,1,233400,4.284490145672665e-4
E06000030,Swindon,3,233400,0.0012853470437017994
E06000030,Swindon,13,233400,0.005569837189374464
E06000030,Swindon,3,233400,0.0012853470437017994
E06000030,Swindon,0,233400,0
E06000030,Swindon,120,233400,0.05141388174807198
E06000030,Swindon,21,233400,0.008997429305912597
E06000030,Swindon,0,233400,0
E06000030,Swindon,2,233400,8.56898029134533e-4
E06000030,Swindon,8,233400,0.003427592116538132
E06000030,Swindon,2,233400,8.56898029134533e-4
E06000030,Swindon,0,233400,0
E06000030,Swindon,3848,233400,1.6486718080548415
E06000030,Swindon,4825,233400,2.0672664952870607
E06000030,Swindon,28,233400,0.011996572407883462
E06000030,Swindon,225,233400,0.09640102827763496
E06000030,Swindon,950,233400,0.4070265638389032
E06000030,Swindon,759,233400,0.32519280205655526
E06000031,Peterborough,0,215700,0
E06000031,Peterborough,0,215700,0
E06000031,Peterborough,0,215700,0
E06000031,Peterborough,0,215700,0
E06000031,Peterborough,0,215700,0
E06000031,Peterborough,0,215700,0
E06000031,Peterborough,0,215700,0
E06000031,Peterborough,0,215700,0
E06000031,Peterborough,57892,215700,26.839128419100604
E06000031,Peterborough,67902,215700,31.479833101529902
E06000031,Peterborough,266,215700,0.12331942512749189
E06000031,Peterborough,4127,215700,1.9133055169216504
E06000031,Peterborough,15767,215700,7.309689383402874
E06000031,Peterborough,8176,215700,3.7904496986555403
E06000031,Peterborough,0,215700,0
E06000031,Peterborough,430,215700,0.19935095039406583
E06000031,Peterborough,321,215700,0.14881780250347706
E06000031,Peterborough,4,215700,0.0018544274455261937
E06000031,Peterborough,48,215700,0.022253129346314324
E06000031,Peterborough,130,215700,0.0602688919796013
E06000031,Peterborough,21,215700,0.009735744089012517
E06000031,Peterborough,0,215700,0
E06000031,Peterborough,94,215700,0.04357904496986555
E06000031,Peterborough,90,215700,0.04172461752433936
E06000031,Peterborough,3,215700,0.0013908205841446453
E06000031,Peterborough,15,215700,0.006954102920723227
E06000031,Peterborough,26,215700,0.01205377839592026
E06000031,Peterborough,6,215700,0.0027816411682892906
E06000031,Peterborough,0,215700,0
E06000031,Peterborough,115,215700,0.05331478905887807
E06000031,Peterborough,88,215700,0.04079740380157627
E06000031,Peterborough,0,215700,0
E06000031,Peterborough,12,215700,0.005563282336578581
E06000031,Peterborough,27,215700,0.012517385257301807
E06000031,Peterborough,4,215700,0.0018544274455261937
E06000031,Peterborough,0,215700,0
E06000031,Peterborough,91,215700,0.04218822438572091
E06000031,Peterborough,15,215700,0.006954102920723227
E06000031,Peterborough,5,215700,0.0023180343069077423
E06000031,Peterborough,1,215700,4.636068613815484e-4
E06000031,Peterborough,6,215700,0.0027816411682892906
E06000031,Peterborough,0,215700,0
E06000031,Peterborough,0,215700,0
E06000031,Peterborough,4945,215700,2.292535929531757
E06000031,Peterborough,4673,215700,2.166434863235976
E06000031,Peterborough,19,215700,0.00880853036624942
E06000031,Peterborough,310,215700,0.14371812702828002
E06000031,Peterborough,1183,215700,0.5484469170143718
E06000031,Peterborough,766,215700,0.35512285581826614
E06000032,Luton,0,225300,0
E06000032,Luton,0,225300,0
E06000032,Luton,0,225300,0
E06000032,Luton,0,225300,0
E06000032,Luton,0,225300,0
E06000032,Luton,0,225300,0
E06000032,Luton,0,225300,0
E06000032,Luton,0,225300,0
E06000032,Luton,60187,225300,26.71415889924545
E06000032,Luton,71145,225300,31.577896138482025
E06000032,Luton,180,225300,0.07989347536617843
E06000032,Luton,3912,225300,1.7363515312916111
E06000032,Luton,11710,225300,5.19751442521083
E06000032,Luton,7909,225300,3.5104305370616955
E06000032,Luton,0,225300,0
E06000032,Luton,454,225300,0.20150909897913893
E06000032,Luton,508,225300,0.22547714158899246
E06000032,Luton,0,225300,0
E06000032,Luton,24,225300,0.010652463382157125
E06000032,Luton,97,225300,0.04305370616955171
E06000032,Luton,34,225300,0.015090989791389259
E06000032,Luton,0,225300,0
E06000032,Luton,113,225300,0.05015534842432313
E06000032,Luton,132,225300,0.05858854860186418
E06000032,Luton,2,225300,8.87705281846427e-4
E06000032,Luton,17,225300,0.007545494895694629
E06000032,Luton,17,225300,0.007545494895694629
E06000032,Luton,12,225300,0.005326231691078562
E06000032,Luton,0,225300,0
E06000032,Luton,140,225300,0.06213936972924989
E06000032,Luton,155,225300,0.06879715934309809
E06000032,Luton,3,225300,0.0013315579227696406
E06000032,Luton,7,225300,0.0031069684864624943
E06000032,Luton,21,225300,0.009320905459387484
E06000032,Luton,5,225300,0.0022192632046160675
E06000032,Luton,0,225300,0
E06000032,Luton,83,225300,0.03683976919662672
E06000032,Luton,7,225300,0.0031069684864624943
E06000032,Luton,0,225300,0
E06000032,Luton,0,225300,0
E06000032,Luton,2,225300,8.87705281846427e-4
E06000032,Luton,0,225300,0
E06000032,Luton,0,225300,0
E06000032,Luton,6246,225300,2.7723035952063917
E06000032,Luton,7269,225300,3.226364846870839
E06000032,Luton,16,225300,0.007101642254771416
E06000032,Luton,406,225300,0.18020417221482468
E06000032,Luton,1102,225300,0.4891256102973813
E06000032,Luton,788,225300,0.3497558810474922
E06000033,Southend-on-Sea,0,180700,0
E06000033,Southend-on-Sea,0,180700,0
E06000033,Southend-on-Sea,0,180700,0
E06000033,Southend-on-Sea,0,180700,0
E06000033,Southend-on-Sea,0,180700,0
E06000033,Southend-on-Sea,0,180700,0
E06000033,Southend-on-Sea,0,180700,0
E06000033,Southend-on-Sea,0,180700,0
E06000033,Southend-on-Sea,52562,180700,29.087991145545104
E06000033,Southend-on-Sea,57715,180700,31.939679026009962
E06000033,Southend-on-Sea,272,180700,0.1505257332595462
E06000033,Southend-on-Sea,3572,180700,1.9767570558937466
E06000033,Southend-on-Sea,15033,180700,8.319313779745434
E06000033,Southend-on-Sea,8612,180700,4.765910348644161
E06000033,Southend-on-Sea,0,180700,0
E06000033,Southend-on-Sea,148,180700,0.08190370780298838
E06000033,Southend-on-Sea,121,180700,0.06696181516325402
E06000033,Southend-on-Sea,1,180700,5.534034311012728e-4
E06000033,Southend-on-Sea,8,180700,0.004427227448810182
E06000033,Southend-on-Sea,38,180700,0.021029330381848368
E06000033,Southend-on-Sea,11,180700,0.006087437742114001
E06000033,Southend-on-Sea,0,180700,0
E06000033,Southend-on-Sea,79,180700,0.043718871057000556
E06000033,Southend-on-Sea,45,180700,0.024903154399557276
E06000033,Southend-on-Sea,1,180700,5.534034311012728e-4
E06000033,Southend-on-Sea,8,180700,0.004427227448810182
E06000033,Southend-on-Sea,22,180700,0.012174875484228001
E06000033,Southend-on-Sea,4,180700,0.002213613724405091
E06000033,Southend-on-Sea,0,180700,0
E06000033,Southend-on-Sea,88,180700,0.048699501936912006
E06000033,Southend-on-Sea,43,180700,0.023796347537354733
E06000033,Southend-on-Sea,0,180700,0
E06000033,Southend-on-Sea,4,180700,0.002213613724405091
E06000033,Southend-on-Sea,15,180700,0.008301051466519093
E06000033,Southend-on-Sea,5,180700,0.002767017155506364
E06000033,Southend-on-Sea,0,180700,0
E06000033,Southend-on-Sea,118,180700,0.0653016048699502
E06000033,Southend-on-Sea,11,180700,0.006087437742114001
E06000033,Southend-on-Sea,0,180700,0
E06000033,Southend-on-Sea,0,180700,0
E06000033,Southend-on-Sea,7,180700,0.00387382401770891
E06000033,Southend-on-Sea,0,180700,0
E06000033,Southend-on-Sea,0,180700,0
E06000033,Southend-on-Sea,3344,180700,1.8505810736026564
E06000033,Southend-on-Sea,2780,180700,1.5384615384615385
E06000033,Southend-on-Sea,11,180700,0.006087437742114001
E06000033,Southend-on-Sea,182,180700,0.10071942446043165
E06000033,Southend-on-Sea,862,180700,0.47703375760929717
E06000033,Southend-on-Sea,687,180700,0.38018815716657445
E06000034,Thurrock,0,176000,0
E06000034,Thurrock,0,176000,0
E06000034,Thurrock,0,176000,0
E06000034,Thurrock,0,176000,0
E06000034,Thurrock,0,176000,0
E06000034,Thurrock,0,176000,0
E06000034,Thurrock,0,176000,0
E06000034,Thurrock,0,176000,0
E06000034,Thurrock,49181,176000,27.94375
E06000034,Thurrock,57676,176000,32.77045454545455
E06000034,Thurrock,202,176000,0.11477272727272728
E06000034,Thurrock,3201,176000,1.81875
E06000034,Thurrock,11092,176000,6.302272727272728
E06000034,Thurrock,6572,176000,3.734090909090909
E06000034,Thurrock,0,176000,0
E06000034,Thurrock,157,176000,0.08920454545454545
E06000034,Thurrock,180,176000,0.10227272727272728
E06000034,Thurrock,3,176000,0.0017045454545454545
E06000034,Thurrock,10,176000,0.005681818181818182
E06000034,Thurrock,34,176000,0.019318181818181818
E06000034,Thurrock,7,176000,0.003977272727272727
E06000034,Thurrock,0,176000,0
E06000034,Thurrock,60,176000,0.03409090909090909
E06000034,Thurrock,49,176000,0.02784090909090909
E06000034,Thurrock,0,176000,0
E06000034,Thurrock,10,176000,0.005681818181818182
E06000034,Thurrock,14,176000,0.007954545454545454
E06000034,Thurrock,2,176000,0.0011363636363636363
E06000034,Thurrock,0,176000,0
E06000034,Thurrock,70,176000,0.03977272727272727
E06000034,Thurrock,54,176000,0.03068181818181818
E06000034,Thurrock,0,176000,0
E06000034,Thurrock,8,176000,0.004545454545454545
E06000034,Thurrock,9,176000,0.005113636363636364
E06000034,Thurrock,0,176000,0
E06000034,Thurrock,0,176000,0
E06000034,Thurrock,53,176000,0.030113636363636363
E06000034,Thurrock,1,176000,5.681818181818182e-4
E06000034,Thurrock,1,176000,5.681818181818182e-4
E06000034,Thurrock,3,176000,0.0017045454545454545
E06000034,Thurrock,2,176000,0.0011363636363636363
E06000034,Thurrock,0,176000,0
E06000034,Thurrock,0,176000,0
E06000034,Thurrock,3155,176000,1.7926136363636365
E06000034,Thurrock,3233,176000,1.8369318181818182
E06000034,Thurrock,7,176000,0.003977272727272727
E06000034,Thurrock,191,176000,0.10852272727272727
E06000034,Thurrock,631,176000,0.35852272727272727
E06000034,Thurrock,494,176000,0.2806818181818182
E06000035,Medway,0,279800,0
E06000035,Medway,0,279800,0
E06000035,Medway,0,279800,0
E06000035,Medway,0,279800,0
E06000035,Medway,0,279800,0
E06000035,Medway,0,279800,0
E06000035,Medway,0,279800,0
E06000035,Medway,0,279800,0
E06000035,Medway,78649,279800,28.10900643316655
E06000035,Medway,92652,279800,33.11365260900644
E06000035,Medway,330,279800,0.11794138670478914
E06000035,Medway,5617,279800,2.007505360972123
E06000035,Medway,20469,279800,7.315582558970694
E06000035,Medway,12167,279800,4.348463187991422
E06000035,Medway,0,279800,0
E06000035,Medway,225,279800,0.08041458184417441
E06000035,Medway,196,279800,0.07005003573981415
E06000035,Medway,6,279800,0.002144388849177984
E06000035,Medway,18,279800,0.006433166547533953
E06000035,Medway,48,279800,0.017155110793423873
E06000035,Medway,18,279800,0.006433166547533953
E06000035,Medway,0,279800,0
E06000035,Medway,110,279800,0.039313795568263046
E06000035,Medway,66,279800,0.023588277340957826
E06000035,Medway,1,279800,3.5739814152966406e-4
E06000035,Medway,10,279800,0.0035739814152966403
E06000035,Medway,24,279800,0.008577555396711936
E06000035,Medway,13,279800,0.004646175839885632
E06000035,Medway,0,279800,0
E06000035,Medway,134,279800,0.04789135096497498
E06000035,Medway,58,279800,0.020729092208720514
E06000035,Medway,1,279800,3.5739814152966406e-4
E06000035,Medway,4,279800,0.0014295925661186562
E06000035,Medway,15,279800,0.005360972122944961
E06000035,Medway,1,279800,3.5739814152966406e-4
E06000035,Medway,0,279800,0
E06000035,Medway,121,279800,0.04324517512508935
E06000035,Medway,17,279800,0.006075768406004289
E06000035,Medway,2,279800,7.147962830593281e-4
E06000035,Medway,2,279800,7.147962830593281e-4
E06000035,Medway,5,279800,0.0017869907076483202
E06000035,Medway,1,279800,3.5739814152966406e-4
E06000035,Medway,0,279800,0
E06000035,Medway,4903,279800,1.7523230879199427
E06000035,Medway,4519,279800,1.615082201572552
E06000035,Medway,23,279800,0.008220157255182273
E06000035,Medway,295,279800,0.10543245175125089
E06000035,Medway,1155,279800,0.412794853466762
E06000035,Medway,883,279800,0.31558255897069337
E06000036,Bracknell Forest,0,124600,0
E06000036,Bracknell Forest,0,124600,0
E06000036,Bracknell Forest,0,124600,0
E06000036,Bracknell Forest,0,124600,0
E06000036,Bracknell Forest,0,124600,0
E06000036,Bracknell Forest,0,124600,0
E06000036,Bracknell Forest,0,124600,0
E06000036,Bracknell Forest,0,124600,0
E06000036,Bracknell Forest,33180,124600,26.629213483146067
E06000036,Bracknell Forest,46030,124600,36.9422150882825
E06000036,Bracknell Forest,156,124600,0.12520064205457465
E06000036,Bracknell Forest,1926,124600,1.5457463884430176
E06000036,Bracknell Forest,8943,124600,7.177367576243981
E06000036,Bracknell Forest,4581,124600,3.676565008025682
E06000036,Bracknell Forest,0,124600,0
E06000036,Bracknell Forest,70,124600,0.056179775280898875
E06000036,Bracknell Forest,56,124600,0.0449438202247191
E06000036,Bracknell Forest,0,124600,0
E06000036,Bracknell Forest,4,124600,0.0032102728731942215
E06000036,Bracknell Forest,13,124600,0.01043338683788122
E06000036,Bracknell Forest,7,124600,0.0056179775280898875
E06000036,Bracknell Forest,0,124600,0
E06000036,Bracknell Forest,36,124600,0.028892455858747994
E06000036,Bracknell Forest,20,124600,0.016051364365971106
E06000036,Bracknell Forest,2,124600,0.0016051364365971107
E06000036,Bracknell Forest,3,124600,0.002407704654895666
E06000036,Bracknell Forest,12,124600,0.009630818619582664
E06000036,Bracknell Forest,4,124600,0.0032102728731942215
E06000036,Bracknell Forest,0,124600,0
E06000036,Bracknell Forest,46,124600,0.03691813804173355
E06000036,Bracknell Forest,27,124600,0.021669341894060994
E06000036,Bracknell Forest,0,124600,0
E06000036,Bracknell Forest,5,124600,0.0040128410914927765
E06000036,Bracknell Forest,2,124600,0.0016051364365971107
E06000036,Bracknell Forest,2,124600,0.0016051364365971107
E06000036,Bracknell Forest,0,124600,0
E06000036,Bracknell Forest,67,124600,0.05377207062600321
E06000036,Bracknell Forest,8,124600,0.006420545746388443
E06000036,Bracknell Forest,0,124600,0
E06000036,Bracknell Forest,0,124600,0
E06000036,Bracknell Forest,0,124600,0
E06000036,Bracknell Forest,0,124600,0
E06000036,Bracknell Forest,0,124600,0
E06000036,Bracknell Forest,1935,124600,1.5529695024077046
E06000036,Bracknell Forest,1968,124600,1.579454253611557
E06000036,Bracknell Forest,11,124600,0.00882825040128411
E06000036,Bracknell Forest,93,124600,0.07463884430176565
E06000036,Bracknell Forest,437,124600,0.3507223113964687
E06000036,Bracknell Forest,286,124600,0.22953451043338685
E06000037,West Berkshire,0,161400,0
E06000037,West Berkshire,0,161400,0
E06000037,West Berkshire,0,161400,0
E06000037,West Berkshire,0,161400,0
E06000037,West Berkshire,0,161400,0
E06000037,West Berkshire,0,161400,0
E06000037,West Berkshire,0,161400,0
E06000037,West Berkshire,0,161400,0
E06000037,West Berkshire,38512,161400,23.861214374225526
E06000037,West Berkshire,64439,161400,39.92503097893432
E06000037,West Berkshire,186,161400,0.11524163568773234
E06000037,West Berkshire,2437,161400,1.509913258983891
E06000037,West Berkshire,11359,161400,7.037794299876084
E06000037,West Berkshire,7177,161400,4.446716232961586
E06000037,West Berkshire,0,161400,0
E06000037,West Berkshire,41,161400,0.02540272614622057
E06000037,West Berkshire,71,161400,0.04399008674101611
E06000037,West Berkshire,0,161400,0
E06000037,West Berkshire,1,161400,6.195786864931846e-4
E06000037,West Berkshire,14,161400,0.008674101610904586
E06000037,West Berkshire,5,161400,0.0030978934324659233
E06000037,West Berkshire,0,161400,0
E06000037,West Berkshire,39,161400,0.024163568773234202
E06000037,West Berkshire,30,161400,0.01858736059479554
E06000037,West Berkshire,0,161400,0
E06000037,West Berkshire,1,161400,6.195786864931846e-4
E06000037,West Berkshire,15,161400,0.00929368029739777
E06000037,West Berkshire,6,161400,0.0037174721189591076
E06000037,West Berkshire,0,161400,0
E06000037,West Berkshire,59,161400,0.036555142503097895
E06000037,West Berkshire,22,161400,0.013630731102850062
E06000037,West Berkshire,0,161400,0
E06000037,West Berkshire,1,161400,6.195786864931846e-4
E06000037,West Berkshire,9,161400,0.0055762081784386614
E06000037,West Berkshire,4,161400,0.0024783147459727386
E06000037,West Berkshire,0,161400,0
E06000037,West Berkshire,90,161400,0.055762081784386616
E06000037,West Berkshire,12,161400,0.007434944237918215
E06000037,West Berkshire,1,161400,6.195786864931846e-4
E06000037,West Berkshire,3,161400,0.0018587360594795538
E06000037,West Berkshire,4,161400,0.0024783147459727386
E06000037,West Berkshire,1,161400,6.195786864931846e-4
E06000037,West Berkshire,0,161400,0
E06000037,West Berkshire,2434,161400,1.5080545229244113
E06000037,West Berkshire,2636,161400,1.6332094175960348
E06000037,West Berkshire,6,161400,0.0037174721189591076
E06000037,West Berkshire,102,161400,0.06319702602230483
E06000037,West Berkshire,547,161400,0.338909541511772
E06000037,West Berkshire,474,161400,0.2936802973977695
E06000038,Reading,0,174200,0
E06000038,Reading,0,174200,0
E06000038,Reading,0,174200,0
E06000038,Reading,0,174200,0
E06000038,Reading,0,174200,0
E06000038,Reading,0,174200,0
E06000038,Reading,0,174200,0
E06000038,Reading,0,174200,0
E06000038,Reading,58336,174200,33.48794489092997
E06000038,Reading,53407,174200,30.658438576349024
E06000038,Reading,260,174200,0.14925373134328357
E06000038,Reading,2590,174200,1.486796785304248
E06000038,Reading,9627,174200,5.526406429391504
E06000038,Reading,5561,174200,3.1923076923076925
E06000038,Reading,0,174200,0
E06000038,Reading,223,174200,0.12801377726750862
E06000038,Reading,208,174200,0.11940298507462686
E06000038,Reading,3,174200,0.001722158438576349
E06000038,Reading,18,174200,0.010332950631458095
E06000038,Reading,33,174200,0.01894374282433984
E06000038,Reading,16,174200,0.009184845005740528
E06000038,Reading,0,174200,0
E06000038,Reading,112,174200,0.0642939150401837
E06000038,Reading,91,174200,0.05223880597014925
E06000038,Reading,0,174200,0
E06000038,Reading,17,174200,0.00975889781859931
E06000038,Reading,21,174200,0.012055109070034443
E06000038,Reading,6,174200,0.003444316877152698
E06000038,Reading,0,174200,0
E06000038,Reading,102,174200,0.05855338691159587
E06000038,Reading,91,174200,0.05223880597014925
E06000038,Reading,0,174200,0
E06000038,Reading,12,174200,0.006888633754305396
E06000038,Reading,19,174200,0.010907003444316877
E06000038,Reading,2,174200,0.001148105625717566
E06000038,Reading,0,174200,0
E06000038,Reading,171,174200,0.09816303099885189
E06000038,Reading,30,174200,0.01722158438576349
E06000038,Reading,2,174200,0.001148105625717566
E06000038,Reading,5,174200,0.0028702640642939152
E06000038,Reading,3,174200,0.001722158438576349
E06000038,Reading,2,174200,0.001148105625717566
E06000038,Reading,0,174200,0
E06000038,Reading,5391,174200,3.0947187141216994
E06000038,Reading,3582,174200,2.0562571756601606
E06000038,Reading,17,174200,0.00975889781859931
E06000038,Reading,171,174200,0.09816303099885189
E06000038,Reading,687,174200,0.3943742824339839
E06000038,Reading,547,174200,0.3140068886337543
E06000039,Slough,0,158500,0
E06000039,Slough,0,158500,0
E06000039,Slough,0,158500,0
E06000039,Slough,0,158500,0
E06000039,Slough,0,158500,0
E06000039,Slough,0,158500,0
E06000039,Slough,0,158500,0
E06000039,Slough,0,158500,0
E06000039,Slough,37784,158500,23.838485804416404
E06000039,Slough,54278,158500,34.24479495268139
E06000039,Slough,146,158500,0.09211356466876972
E06000039,Slough,2670,158500,1.6845425867507886
E06000039,Slough,7946,158500,5.013249211356467
E06000039,Slough,4679,158500,2.95205047318612
E06000039,Slough,0,158500,0
E06000039,Slough,206,158500,0.1299684542586751
E06000039,Slough,322,158500,0.2031545741324921
E06000039,Slough,2,158500,0.0012618296529968455
E06000039,Slough,28,158500,0.017665615141955835
E06000039,Slough,55,158500,0.03470031545741325
E06000039,Slough,19,158500,0.011987381703470032
E06000039,Slough,0,158500,0
E06000039,Slough,56,158500,0.03533123028391167
E06000039,Slough,88,158500,0.0555205047318612
E06000039,Slough,1,158500,6.309148264984228e-4
E06000039,Slough,11,158500,0.00694006309148265
E06000039,Slough,21,158500,0.013249211356466877
E06000039,Slough,9,158500,0.0056782334384858045
E06000039,Slough,0,158500,0
E06000039,Slough,64,158500,0.04037854889589906
E06000039,Slough,123,158500,0.07760252365930599
E06000039,Slough,1,158500,6.309148264984228e-4
E06000039,Slough,2,158500,0.0012618296529968455
E06000039,Slough,10,158500,0.006309148264984227
E06000039,Slough,4,158500,0.002523659305993691
E06000039,Slough,0,158500,0
E06000039,Slough,45,158500,0.028391167192429023
E06000039,Slough,7,158500,0.004416403785488959
E06000039,Slough,0,158500,0
E06000039,Slough,3,158500,0.0018927444794952682
E06000039,Slough,1,158500,6.309148264984228e-4
E06000039,Slough,0,158500,0
E06000039,Slough,0,158500,0
E06000039,Slough,3743,158500,2.361514195583596
E06000039,Slough,5183,158500,3.270031545741325
E06000039,Slough,8,158500,0.005047318611987382
E06000039,Slough,211,158500,0.1331230283911672
E06000039,Slough,766,158500,0.4832807570977918
E06000039,Slough,440,158500,0.277602523659306
E06000040,Windsor and Maidenhead,0,153500,0
E06000040,Windsor and Maidenhead,0,153500,0
E06000040,Windsor and Maidenhead,0,153500,0
E06000040,Windsor and Maidenhead,0,153500,0
E06000040,Windsor and Maidenhead,0,153500,0
E06000040,Windsor and Maidenhead,0,153500,0
E06000040,Windsor and Maidenhead,0,153500,0
E06000040,Windsor and Maidenhead,0,153500,0
E06000040,Windsor and Maidenhead,36870,153500,24.019543973941367
E06000040,Windsor and Maidenhead,60081,153500,39.14071661237785
E06000040,Windsor and Maidenhead,278,153500,0.18110749185667752
E06000040,Windsor and Maidenhead,2269,153500,1.4781758957654723
E06000040,Windsor and Maidenhead,10092,153500,6.574592833876221
E06000040,Windsor and Maidenhead,6821,153500,4.443648208469055
E06000040,Windsor and Maidenhead,0,153500,0
E06000040,Windsor and Maidenhead,46,153500,0.02996742671009772
E06000040,Windsor and Maidenhead,72,153500,0.046905537459283386
E06000040,Windsor and Maidenhead,1,153500,6.514657980456026e-4
E06000040,Windsor and Maidenhead,8,153500,0.005211726384364821
E06000040,Windsor and Maidenhead,16,153500,0.010423452768729642
E06000040,Windsor and Maidenhead,10,153500,0.006514657980456026
E06000040,Windsor and Maidenhead,0,153500,0
E06000040,Windsor and Maidenhead,46,153500,0.02996742671009772
E06000040,Windsor and Maidenhead,25,153500,0.016286644951140065
E06000040,Windsor and Maidenhead,1,153500,6.514657980456026e-4
E06000040,Windsor and Maidenhead,2,153500,0.0013029315960912053
E06000040,Windsor and Maidenhead,9,153500,0.005863192182410423
E06000040,Windsor and Maidenhead,10,153500,0.006514657980456026
E06000040,Windsor and Maidenhead,0,153500,0
E06000040,Windsor and Maidenhead,46,153500,0.02996742671009772
E06000040,Windsor and Maidenhead,30,153500,0.019543973941368076
E06000040,Windsor and Maidenhead,1,153500,6.514657980456026e-4
E06000040,Windsor and Maidenhead,3,153500,0.001954397394136808
E06000040,Windsor and Maidenhead,10,153500,0.006514657980456026
E06000040,Windsor and Maidenhead,5,153500,0.003257328990228013
E06000040,Windsor and Maidenhead,0,153500,0
E06000040,Windsor and Maidenhead,50,153500,0.03257328990228013
E06000040,Windsor and Maidenhead,6,153500,0.003908794788273616
E06000040,Windsor and Maidenhead,0,153500,0
E06000040,Windsor and Maidenhead,3,153500,0.001954397394136808
E06000040,Windsor and Maidenhead,4,153500,0.0026058631921824105
E06000040,Windsor and Maidenhead,0,153500,0
E06000040,Windsor and Maidenhead,0,153500,0
E06000040,Windsor and Maidenhead,2544,153500,1.657328990228013
E06000040,Windsor and Maidenhead,3046,153500,1.9843648208469056
E06000040,Windsor and Maidenhead,18,153500,0.011726384364820847
E06000040,Windsor and Maidenhead,127,153500,0.08273615635179153
E06000040,Windsor and Maidenhead,576,153500,0.3752442996742671
E06000040,Windsor and Maidenhead,549,153500,0.35765472312703583
E06000041,Wokingham,0,177500,0
E06000041,Wokingham,0,177500,0
E06000041,Wokingham,0,177500,0
E06000041,Wokingham,0,177500,0
E06000041,Wokingham,0,177500,0
E06000041,Wokingham,0,177500,0
E06000041,Wokingham,0,177500,0
E06000041,Wokingham,0,177500,0
E06000041,Wokingham,39822,177500,22.43492957746479
E06000041,Wokingham,73796,177500,41.57521126760563
E06000041,Wokingham,182,177500,0.10253521126760563
E06000041,Wokingham,2212,177500,1.2461971830985916
E06000041,Wokingham,10142,177500,5.713802816901408
E06000041,Wokingham,7191,177500,4.051267605633803
E06000041,Wokingham,0,177500,0
E06000041,Wokingham,67,177500,0.03774647887323944
E06000041,Wokingham,62,177500,0.03492957746478873
E06000041,Wokingham,1,177500,5.633802816901409e-4
E06000041,Wokingham,6,177500,0.0033802816901408453
E06000041,Wokingham,17,177500,0.009577464788732394
E06000041,Wokingham,10,177500,0.005633802816901409
E06000041,Wokingham,0,177500,0
E06000041,Wokingham,39,177500,0.021971830985915493
E06000041,Wokingham,36,177500,0.02028169014084507
E06000041,Wokingham,0,177500,0
E06000041,Wokingham,5,177500,0.0028169014084507044
E06000041,Wokingham,14,177500,0.007887323943661971
E06000041,Wokingham,5,177500,0.0028169014084507044
E06000041,Wokingham,0,177500,0
E06000041,Wokingham,62,177500,0.03492957746478873
E06000041,Wokingham,44,177500,0.024788732394366197
E06000041,Wokingham,0,177500,0
E06000041,Wokingham,4,177500,0.0022535211267605635
E06000041,Wokingham,5,177500,0.0028169014084507044
E06000041,Wokingham,3,177500,0.0016901408450704226
E06000041,Wokingham,0,177500,0
E06000041,Wokingham,88,177500,0.049577464788732394
E06000041,Wokingham,15,177500,0.008450704225352112
E06000041,Wokingham,0,177500,0
E06000041,Wokingham,1,177500,5.633802816901409e-4
E06000041,Wokingham,5,177500,0.0028169014084507044
E06000041,Wokingham,0,177500,0
E06000041,Wokingham,0,177500,0
E06000041,Wokingham,2549,177500,1.436056338028169
E06000041,Wokingham,3353,177500,1.8890140845070422
E06000041,Wokingham,11,177500,0.006197183098591549
E06000041,Wokingham,87,177500,0.049014084507042255
E06000041,Wokingham,489,177500,0.27549295774647886
E06000041,Wokingham,493,177500,0.27774647887323944
E06000042,Milton Keynes,0,287000,0
E06000042,Milton Keynes,0,287000,0
E06000042,Milton Keynes,0,287000,0
E06000042,Milton Keynes,0,287000,0
E06000042,Milton Keynes,0,287000,0
E06000042,Milton Keynes,0,287000,0
E06000042,Milton Keynes,0,287000,0
E06000042,Milton Keynes,0,287000,0
E06000042,Milton Keynes,76920,287000,26.801393728222997
E06000042,Milton Keynes,97576,287000,33.99860627177701
E06000042,Milton Keynes,283,287000,0.09860627177700348
E06000042,Milton Keynes,5422,287000,1.889198606271777
E06000042,Milton Keynes,19654,287000,6.8480836236933795
E06000042,Milton Keynes,10047,287000,3.5006968641114984
E06000042,Milton Keynes,0,287000,0
E06000042,Milton Keynes,270,287000,0.09407665505226481
E06000042,Milton Keynes,275,287000,0.09581881533101046
E06000042,Milton Keynes,1,287000,3.484320557491289e-4
E06000042,Milton Keynes,30,287000,0.010452961672473868
E06000042,Milton Keynes,57,287000,0.01986062717770035
E06000042,Milton Keynes,24,287000,0.008362369337979094
E06000042,Milton Keynes,0,287000,0
E06000042,Milton Keynes,145,287000,0.050522648083623695
E06000042,Milton Keynes,94,287000,0.032752613240418116
E06000042,Milton Keynes,2,287000,6.968641114982578e-4
E06000042,Milton Keynes,16,287000,0.005574912891986063
E06000042,Milton Keynes,26,287000,0.009059233449477353
E06000042,Milton Keynes,6,287000,0.0020905923344947735
E06000042,Milton Keynes,0,287000,0
E06000042,Milton Keynes,136,287000,0.047386759581881537
E06000042,Milton Keynes,108,287000,0.037630662020905925
E06000042,Milton Keynes,2,287000,6.968641114982578e-4
E06000042,Milton Keynes,5,287000,0.0017421602787456446
E06000042,Milton Keynes,22,287000,0.007665505226480836
E06000042,Milton Keynes,5,287000,0.0017421602787456446
E06000042,Milton Keynes,0,287000,0
E06000042,Milton Keynes,131,287000,0.045644599303135885
E06000042,Milton Keynes,23,287000,0.008013937282229966
E06000042,Milton Keynes,0,287000,0
E06000042,Milton Keynes,2,287000,6.968641114982578e-4
E06000042,Milton Keynes,8,287000,0.0027874564459930314
E06000042,Milton Keynes,1,287000,3.484320557491289e-4
E06000042,Milton Keynes,0,287000,0
E06000042,Milton Keynes,5606,287000,1.9533101045296166
E06000042,Milton Keynes,5564,287000,1.9386759581881534
E06000042,Milton Keynes,38,287000,0.0132404181184669
E06000042,Milton Keynes,345,287000,0.12020905923344948
E06000042,Milton Keynes,1212,287000,0.42229965156794425
E06000042,Milton Keynes,770,287000,0.2682926829268293
E06000043,Brighton and Hove,0,277200,0
E06000043,Brighton and Hove,0,277200,0
E06000043,Brighton and Hove,0,277200,0
E06000043,Brighton and Hove,0,277200,0
E06000043,Brighton and Hove,0,277200,0
E06000043,Brighton and Hove,0,277200,0
E06000043,Brighton and Hove,0,277200,0
E06000043,Brighton and Hove,0,277200,0
E06000043,Brighton and Hove,111941,277200,40.382756132756136
E06000043,Brighton and Hove,71654,277200,25.849206349206348
E06000043,Brighton and Hove,1776,277200,0.6406926406926406
E06000043,Brighton and Hove,4411,277200,1.5912698412698412
E06000043,Brighton and Hove,19333,277200,6.974386724386725
E06000043,Brighton and Hove,9286,277200,3.34992784992785
E06000043,Brighton and Hove,0,277200,0
E06000043,Brighton and Hove,314,277200,0.11327561327561328
E06000043,Brighton and Hove,93,277200,0.03354978354978355
E06000043,Brighton and Hove,3,277200,0.0010822510822510823
E06000043,Brighton and Hove,20,277200,0.007215007215007215
E06000043,Brighton and Hove,36,277200,0.012987012987012988
E06000043,Brighton and Hove,11,277200,0.003968253968253968
E06000043,Brighton and Hove,0,277200,0
E06000043,Brighton and Hove,223,277200,0.08044733044733045
E06000043,Brighton and Hove,52,277200,0.01875901875901876
E06000043,Brighton and Hove,2,277200,7.215007215007215e-4
E06000043,Brighton and Hove,16,277200,0.005772005772005772
E06000043,Brighton and Hove,28,277200,0.010101010101010102
E06000043,Brighton and Hove,8,277200,0.002886002886002886
E06000043,Brighton and Hove,0,277200,0
E06000043,Brighton and Hove,267,277200,0.09632034632034632
E06000043,Brighton and Hove,58,277200,0.020923520923520924
E06000043,Brighton and Hove,5,277200,0.0018037518037518038
E06000043,Brighton and Hove,8,277200,0.002886002886002886
E06000043,Brighton and Hove,16,277200,0.005772005772005772
E06000043,Brighton and Hove,3,277200,0.0010822510822510823
E06000043,Brighton and Hove,0,277200,0
E06000043,Brighton and Hove,1017,277200,0.36688311688311687
E06000043,Brighton and Hove,92,277200,0.03318903318903319
E06000043,Brighton and Hove,6,277200,0.0021645021645021645
E06000043,Brighton and Hove,14,277200,0.005050505050505051
E06000043,Brighton and Hove,43,277200,0.015512265512265512
E06000043,Brighton and Hove,2,277200,7.215007215007215e-4
E06000043,Brighton and Hove,0,277200,0
E06000043,Brighton and Hove,8987,277200,3.242063492063492
E06000043,Brighton and Hove,3408,277200,1.2294372294372293
E06000043,Brighton and Hove,92,277200,0.03318903318903319
E06000043,Brighton and Hove,275,277200,0.0992063492063492
E06000043,Brighton and Hove,1170,277200,0.42207792207792205
E06000043,Brighton and Hove,692,277200,0.24963924963924963
E06000044,Portsmouth,0,208100,0
E06000044,Portsmouth,0,208100,0
E06000044,Portsmouth,0,208100,0
E06000044,Portsmouth,0,208100,0
E06000044,Portsmouth,0,208100,0
E06000044,Portsmouth,0,208100,0
E06000044,Portsmouth,0,208100,0
E06000044,Portsmouth,0,208100,0
E06000044,Portsmouth,72286,208100,34.736184526669874
E06000044,Portsmouth,58410,208100,28.06823642479577
E06000044,Portsmouth,317,208100,0.15233061028351755
E06000044,Portsmouth,3872,208100,1.8606439211917347
E06000044,Portsmouth,16093,208100,7.733301297453147
E06000044,Portsmouth,8026,208100,3.8567996155694377
E06000044,Portsmouth,0,208100,0
E06000044,Portsmouth,167,208100,0.0802498798654493
E06000044,Portsmouth,155,208100,0.07448342143200384
E06000044,Portsmouth,7,208100,0.003363767419509851
E06000044,Portsmouth,16,208100,0.0076886112445939455
E06000044,Portsmouth,54,208100,0.025949062950504566
E06000044,Portsmouth,6,208100,0.0028832292167227293
E06000044,Portsmouth,0,208100,0
E06000044,Portsmouth,130,208100,0.0624699663623258
E06000044,Portsmouth,50,208100,0.024026910139356077
E06000044,Portsmouth,2,208100,9.610764055742432e-4
E06000044,Portsmouth,9,208100,0.004324843825084094
E06000044,Portsmouth,20,208100,0.009610764055742432
E06000044,Portsmouth,5,208100,0.002402691013935608
E06000044,Portsmouth,0,208100,0
E06000044,Portsmouth,164,208100,0.07880826525708794
E06000044,Portsmouth,59,208100,0.028351753964440174
E06000044,Portsmouth,1,208100,4.805382027871216e-4
E06000044,Portsmouth,6,208100,0.0028832292167227293
E06000044,Portsmouth,13,208100,0.006246996636232581
E06000044,Portsmouth,5,208100,0.002402691013935608
E06000044,Portsmouth,0,208100,0
E06000044,Portsmouth,247,208100,0.11869293608841903
E06000044,Portsmouth,13,208100,0.006246996636232581
E06000044,Portsmouth,2,208100,9.610764055742432e-4
E06000044,Portsmouth,2,208100,9.610764055742432e-4
E06000044,Portsmouth,10,208100,0.004805382027871216
E06000044,Portsmouth,0,208100,0
E06000044,Portsmouth,0,208100,0
E06000044,Portsmouth,5910,208100,2.8399807784718885
E06000044,Portsmouth,2855,208100,1.371936568957232
E06000044,Portsmouth,14,208100,0.006727534839019702
E06000044,Portsmouth,222,208100,0.10667948101874099
E06000044,Portsmouth,970,208100,0.4661220567035079
E06000044,Portsmouth,705,208100,0.3387794329649207
E06000045,Southampton,0,249000,0
E06000045,Southampton,0,249000,0
E06000045,Southampton,0,249000,0
E06000045,Southampton,0,249000,0
E06000045,Southampton,0,249000,0
E06000045,Southampton,0,249000,0
E06000045,Southampton,0,249000,0
E06000045,Southampton,0,249000,0
E06000045,Southampton,88428,249000,35.513253012048196
E06000045,Southampton,69494,249000,27.909236947791165
E06000045,Southampton,382,249000,0.1534136546184739
E06000045,Southampton,4350,249000,1.7469879518072289
E06000045,Southampton,17315,249000,6.953815261044177
E06000045,Southampton,8752,249000,3.514859437751004
E06000045,Southampton,0,249000,0
E06000045,Southampton,288,249000,0.11566265060240964
E06000045,Southampton,228,249000,0.09156626506024096
E06000045,Southampton,2,249000,8.032128514056225e-4
E06000045,Southampton,18,249000,0.007228915662650603
E06000045,Southampton,68,249000,0.027309236947791166
E06000045,Southampton,23,249000,0.009236947791164659
E06000045,Southampton,0,249000,0
E06000045,Southampton,195,249000,0.0783132530120482
E06000045,Southampton,62,249000,0.024899598393574297
E06000045,Southampton,0,249000,0
E06000045,Southampton,7,249000,0.002811244979919679
E06000045,Southampton,36,249000,0.014457831325301205
E06000045,Southampton,8,249000,0.00321285140562249
E06000045,Southampton,0,249000,0
E06000045,Southampton,192,249000,0.07710843373493977
E06000045,Southampton,80,249000,0.0321285140562249
E06000045,Southampton,1,249000,4.0160642570281126e-4
E06000045,Southampton,8,249000,0.00321285140562249
E06000045,Southampton,21,249000,0.008433734939759036
E06000045,Southampton,8,249000,0.00321285140562249
E06000045,Southampton,0,249000,0
E06000045,Southampton,342,249000,0.13734939759036144
E06000045,Southampton,27,249000,0.010843373493975903
E06000045,Southampton,4,249000,0.001606425702811245
E06000045,Southampton,5,249000,0.002008032128514056
E06000045,Southampton,10,249000,0.004016064257028112
E06000045,Southampton,1,249000,4.0160642570281126e-4
E06000045,Southampton,0,249000,0
E06000045,Southampton,7584,249000,3.0457831325301203
E06000045,Southampton,4218,249000,1.693975903614458
E06000045,Southampton,22,249000,0.008835341365461847
E06000045,Southampton,247,249000,0.09919678714859438
E06000045,Southampton,1180,249000,0.4738955823293173
E06000045,Southampton,766,249000,0.3076305220883534
E06000046,Isle of Wight,0,140400,0
E06000046,Isle of Wight,0,140400,0
E06000046,Isle of Wight,0,140400,0
E06000046,Isle of Wight,0,140400,0
E06000046,Isle of Wight,0,140400,0
E06000046,Isle of Wight,0,140400,0
E06000046,Isle of Wight,0,140400,0
E06000046,Isle of Wight,0,140400,0
E06000046,Isle of Wight,34361,140400,24.473646723646723
E06000046,Isle of Wight,52278,140400,37.23504273504273
E06000046,Isle of Wight,280,140400,0.19943019943019943
E06000046,Isle of Wight,2776,140400,1.9772079772079771
E06000046,Isle of Wight,13409,140400,9.5505698005698
E06000046,Isle of Wight,8870,140400,6.317663817663818
E06000046,Isle of Wight,0,140400,0
E06000046,Isle of Wight,60,140400,0.042735042735042736
E06000046,Isle of Wight,43,140400,0.030626780626780627
E06000046,Isle of Wight,0,140400,0
E06000046,Isle of Wight,5,140400,0.0035612535612535613
E06000046,Isle of Wight,13,140400,0.009259259259259259
E06000046,Isle of Wight,9,140400,0.00641025641025641
E06000046,Isle of Wight,0,140400,0
E06000046,Isle of Wight,44,140400,0.03133903133903134
E06000046,Isle of Wight,18,140400,0.01282051282051282
E06000046,Isle of Wight,0,140400,0
E06000046,Isle of Wight,1,140400,7.122507122507123e-4
E06000046,Isle of Wight,11,140400,0.007834757834757835
E06000046,Isle of Wight,1,140400,7.122507122507123e-4
E06000046,Isle of Wight,0,140400,0
E06000046,Isle of Wight,61,140400,0.04344729344729345
E06000046,Isle of Wight,12,140400,0.008547008547008548
E06000046,Isle of Wight,0,140400,0
E06000046,Isle of Wight,2,140400,0.0014245014245014246
E06000046,Isle of Wight,10,140400,0.007122507122507123
E06000046,Isle of Wight,6,140400,0.004273504273504274
E06000046,Isle of Wight,0,140400,0
E06000046,Isle of Wight,90,140400,0.0641025641025641
E06000046,Isle of Wight,12,140400,0.008547008547008548
E06000046,Isle of Wight,1,140400,7.122507122507123e-4
E06000046,Isle of Wight,0,140400,0
E06000046,Isle of Wight,10,140400,0.007122507122507123
E06000046,Isle of Wight,0,140400,0
E06000046,Isle of Wight,0,140400,0
E06000046,Isle of Wight,2444,140400,1.7407407407407407
E06000046,Isle of Wight,2772,140400,1.9743589743589745
E06000046,Isle of Wight,17,140400,0.012108262108262107
E06000046,Isle of Wight,142,140400,0.10113960113960115
E06000046,Isle of Wight,912,140400,0.6495726495726496
E06000046,Isle of Wight,914,140400,0.6509971509971509
E06000047,County Durham,0,522100,0
E06000047,County Durham,0,522100,0
E06000047,County Durham,0,522100,0
E06000047,County Durham,0,522100,0
E06000047,County Durham,0,522100,0
E06000047,County Durham,0,522100,0
E06000047,County Durham,0,522100,0
E06000047,County Durham,0,522100,0
E06000047,County Durham,150472,522100,28.82053246504501
E06000047,County Durham,180725,522100,34.61501628040605
E06000047,County Durham,597,522100,0.11434591074506799
E06000047,County Durham,10445,522100,2.0005746025665583
E06000047,County Durham,41397,522100,7.928940815935644
E06000047,County Durham,28922,522100,5.539551809998085
E06000047,County Durham,0,522100,0
E06000047,County Durham,274,522100,0.052480367745642596
E06000047,County Durham,226,522100,0.043286726680712505
E06000047,County Durham,0,522100,0
E06000047,County Durham,18,522100,0.003447615399348784
E06000047,County Durham,67,522100,0.012832790653131584
E06000047,County Durham,40,522100,0.007661367554108408
E06000047,County Durham,0,522100,0
E06000047,County Durham,160,522100,0.030645470216433632
E06000047,County Durham,76,522100,0.014556598352805976
E06000047,County Durham,2,522100,3.830683777054204e-4
E06000047,County Durham,10,522100,0.001915341888527102
E06000047,County Durham,37,522100,0.007086764987550277
E06000047,County Durham,20,522100,0.003830683777054204
E06000047,County Durham,0,522100,0
E06000047,County Durham,225,522100,0.0430951924918598
E06000047,County Durham,77,522100,0.014748132541658686
E06000047,County Durham,0,522100,0
E06000047,County Durham,5,522100,9.57670944263551e-4
E06000047,County Durham,36,522100,0.006895230798697568
E06000047,County Durham,7,522100,0.0013407393219689715
E06000047,County Durham,0,522100,0
E06000047,County Durham,266,522100,0.05094809423482092
E06000047,County Durham,29,522100,0.005554491476728596
E06000047,County Durham,3,522100,5.746025665581306e-4
E06000047,County Durham,11,522100,0.0021068760773798123
E06000047,County Durham,8,522100,0.0015322735108216816
E06000047,County Durham,2,522100,3.830683777054204e-4
E06000047,County Durham,0,522100,0
E06000047,County Durham,8745,522100,1.6749664815169507
E06000047,County Durham,6638,522100,1.2714039456042903
E06000047,County Durham,46,522100,0.00881057268722467
E06000047,County Durham,420,522100,0.08044435931813829
E06000047,County Durham,1902,522100,0.3642980271978548
E06000047,County Durham,2049,522100,0.3924535529592032
E06000049,Cheshire East,0,398800,0
E06000049,Cheshire East,0,398800,0
E06000049,Cheshire East,0,398800,0
E06000049,Cheshire East,0,398800,0
E06000049,Cheshire East,0,398800,0
E06000049,Cheshire East,0,398800,0
E06000049,Cheshire East,0,398800,0
E06000049,Cheshire East,0,398800,0
E06000049,Cheshire East,97582,398800,24.468906720160483
E06000049,Cheshire East,156660,398800,39.28284854563691
E06000049,Cheshire East,544,398800,0.13640922768304914
E06000049,Cheshire East,6359,398800,1.5945336008024071
E06000049,Cheshire East,30726,398800,7.704613841524574
E06000049,Cheshire East,21008,398800,5.267803410230692
E06000049,Cheshire East,0,398800,0
E06000049,Cheshire East,374,398800,0.09378134403209629
E06000049,Cheshire East,207,398800,0.05190571715145436
E06000049,Cheshire East,4,398800,0.0010030090270812437
E06000049,Cheshire East,11,398800,0.0027582748244734203
E06000049,Cheshire East,48,398800,0.012036108324974924
E06000049,Cheshire East,30,398800,0.007522567703109328
E06000049,Cheshire East,0,398800,0
E06000049,Cheshire East,147,398800,0.03686058174523571
E06000049,Cheshire East,70,398800,0.017552657973921765
E06000049,Cheshire East,0,398800,0
E06000049,Cheshire East,9,398800,0.0022567703109327986
E06000049,Cheshire East,29,398800,0.007271815446339017
E06000049,Cheshire East,13,398800,0.003259779338014042
E06000049,Cheshire East,0,398800,0
E06000049,Cheshire East,132,398800,0.033099297893681046
E06000049,Cheshire East,52,398800,0.013039117352056168
E06000049,Cheshire East,0,398800,0
E06000049,Cheshire East,0,398800,0
E06000049,Cheshire East,19,398800,0.004764292878635908
E06000049,Cheshire East,9,398800,0.0022567703109327986
E06000049,Cheshire East,0,398800,0
E06000049,Cheshire East,187,398800,0.04689067201604814
E06000049,Cheshire East,22,398800,0.005516549648946841
E06000049,Cheshire East,2,398800,5.015045135406219e-4
E06000049,Cheshire East,10,398800,0.0025075225677031092
E06000049,Cheshire East,10,398800,0.0025075225677031092
E06000049,Cheshire East,0,398800,0
E06000049,Cheshire East,0,398800,0
E06000049,Cheshire East,5580,398800,1.399197592778335
E06000049,Cheshire East,6181,398800,1.549899699097292
E06000049,Cheshire East,48,398800,0.012036108324974924
E06000049,Cheshire East,289,398800,0.07246740220661986
E06000049,Cheshire East,1505,398800,0.37738214643931794
E06000049,Cheshire East,1602,398800,0.4017051153460381
E06000050,Cheshire West and Chester,0,357200,0
E06000050,Cheshire West and Chester,0,357200,0
E06000050,Cheshire West and Chester,0,357200,0
E06000050,Cheshire West and Chester,0,357200,0
E06000050,Cheshire West and Chester,0,357200,0
E06000050,Cheshire West and Chester,0,357200,0
E06000050,Cheshire West and Chester,0,357200,0
E06000050,Cheshire West and Chester,0,357200,0
E06000050,Cheshire West and Chester,96841,357200,27.11114221724524
E06000050,Cheshire West and Chester,132632,357200,37.131019036954086
E06000050,Cheshire West and Chester,455,357200,0.12737961926091826
E06000050,Cheshire West and Chester,5538,357200,1.5503919372900337
E06000050,Cheshire West and Chester,26734,357200,7.484322508398656
E06000050,Cheshire West and Chester,18645,357200,5.21976483762598
E06000050,Cheshire West and Chester,0,357200,0
E06000050,Cheshire West and Chester,191,357200,0.05347144456886898
E06000050,Cheshire West and Chester,131,357200,0.036674132138857785
E06000050,Cheshire West and Chester,0,357200,0
E06000050,Cheshire West and Chester,7,357200,0.001959686450167973
E06000050,Cheshire West and Chester,36,357200,0.010078387458006719
E06000050,Cheshire West and Chester,24,357200,0.006718924972004479
E06000050,Cheshire West and Chester,0,357200,0
E06000050,Cheshire West and Chester,94,357200,0.02631578947368421
E06000050,Cheshire West and Chester,60,357200,0.0167973124300112
E06000050,Cheshire West and Chester,0,357200,0
E06000050,Cheshire West and Chester,5,357200,0.0013997760358342665
E06000050,Cheshire West and Chester,26,357200,0.007278835386338186
E06000050,Cheshire West and Chester,7,357200,0.001959686450167973
E06000050,Cheshire West and Chester,0,357200,0
E06000050,Cheshire West and Chester,126,357200,0.03527435610302351
E06000050,Cheshire West and Chester,46,357200,0.012877939529675251
E06000050,Cheshire West and Chester,0,357200,0
E06000050,Cheshire West and Chester,6,357200,0.0016797312430011197
E06000050,Cheshire West and Chester,19,357200,0.005319148936170213
E06000050,Cheshire West and Chester,7,357200,0.001959686450167973
E06000050,Cheshire West and Chester,0,357200,0
E06000050,Cheshire West and Chester,195,357200,0.05459126539753639
E06000050,Cheshire West and Chester,23,357200,0.006438969764837626
E06000050,Cheshire West and Chester,2,357200,5.599104143337066e-4
E06000050,Cheshire West and Chester,2,357200,5.599104143337066e-4
E06000050,Cheshire West and Chester,5,357200,0.0013997760358342665
E06000050,Cheshire West and Chester,0,357200,0
E06000050,Cheshire West and Chester,0,357200,0
E06000050,Cheshire West and Chester,5602,357200,1.5683090705487122
E06000050,Cheshire West and Chester,5025,357200,1.406774916013438
E06000050,Cheshire West and Chester,40,357200,0.011198208286674132
E06000050,Cheshire West and Chester,253,357200,0.07082866741321389
E06000050,Cheshire West and Chester,1270,357200,0.3555431131019037
E06000050,Cheshire West and Chester,1309,357200,0.36646136618141095
E06000051,Shropshire,0,323600,0
E06000051,Shropshire,0,323600,0
E06000051,Shropshire,0,323600,0
E06000051,Shropshire,0,323600,0
E06000051,Shropshire,0,323600,0
E06000051,Shropshire,0,323600,0
E06000051,Shropshire,0,323600,0
E06000051,Shropshire,0,323600,0
E06000051,Shropshire,79184,323600,24.469715698393077
E06000051,Shropshire,127160,323600,39.29542645241038
E06000051,Shropshire,576,323600,0.17799752781211373
E06000051,Shropshire,5242,323600,1.6199011124845488
E06000051,Shropshire,25504,323600,7.881334981458591
E06000051,Shropshire,18177,323600,5.617119901112485
E06000051,Shropshire,0,323600,0
E06000051,Shropshire,140,323600,0.04326328800988875
E06000051,Shropshire,105,323600,0.03244746600741656
E06000051,Shropshire,2,323600,6.180469715698393e-4
E06000051,Shropshire,14,323600,0.004326328800988875
E06000051,Shropshire,32,323600,0.009888751545117428
E06000051,Shropshire,17,323600,0.005253399258343634
E06000051,Shropshire,0,323600,0
E06000051,Shropshire,73,323600,0.022558714462299134
E06000051,Shropshire,36,323600,0.011124845488257108
E06000051,Shropshire,5,323600,0.0015451174289245982
E06000051,Shropshire,2,323600,6.180469715698393e-4
E06000051,Shropshire,13,323600,0.0040173053152039555
E06000051,Shropshire,15,323600,0.0046353522867737945
E06000051,Shropshire,0,323600,0
E06000051,Shropshire,94,323600,0.02904820766378245
E06000051,Shropshire,39,323600,0.012051915945611866
E06000051,Shropshire,0,323600,0
E06000051,Shropshire,4,323600,0.0012360939431396785
E06000051,Shropshire,15,323600,0.0046353522867737945
E06000051,Shropshire,5,323600,0.0015451174289245982
E06000051,Shropshire,0,323600,0
E06000051,Shropshire,141,323600,0.04357231149567367
E06000051,Shropshire,15,323600,0.0046353522867737945
E06000051,Shropshire,0,323600,0
E06000051,Shropshire,2,323600,6.180469715698393e-4
E06000051,Shropshire,4,323600,0.0012360939431396785
E06000051,Shropshire,3,323600,9.27070457354759e-4
E06000051,Shropshire,0,323600,0
E06000051,Shropshire,5444,323600,1.6823238566131027
E06000051,Shropshire,6640,323600,2.0519159456118663
E06000051,Shropshire,37,323600,0.011433868974042027
E06000051,Shropshire,270,323600,0.0834363411619283
E06000051,Shropshire,1488,323600,0.45982694684796044
E06000051,Shropshire,1748,323600,0.5401730531520396
E06000052,Cornwall,0,570300,0
E06000052,Cornwall,0,570300,0
E06000052,Cornwall,0,570300,0
E06000052,Cornwall,0,570300,0
E06000052,Cornwall,0,570300,0
E06000052,Cornwall,0,570300,0
E06000052,Cornwall,0,570300,0
E06000052,Cornwall,0,570300,0
E06000052,Cornwall,142365,570300,24.96317727511836
E06000052,Cornwall,213065,570300,37.36016131860424
E06000052,Cornwall,1134,570300,0.1988427143608627
E06000052,Cornwall,9541,570300,1.6729791337892337
E06000052,Cornwall,50099,570300,8.784674732596878
E06000052,Cornwall,31914,570300,5.5960021041557075
E06000052,Cornwall,0,570300,0
E06000052,Cornwall,201,570300,0.035244608100999476
E06000052,Cornwall,186,570300,0.03261441346659653
E06000052,Cornwall,1,570300,1.753463089601964e-4
E06000052,Cornwall,11,570300,0.0019288093985621604
E06000052,Cornwall,60,570300,0.010520778537611783
E06000052,Cornwall,29,570300,0.005085042959845696
E06000052,Cornwall,0,570300,0
E06000052,Cornwall,182,570300,0.031913028230755744
E06000052,Cornwall,51,570300,0.008942661756970016
E06000052,Cornwall,2,570300,3.506926179203928e-4
E06000052,Cornwall,9,570300,0.0015781167806417674
E06000052,Cornwall,42,570300,0.007364544976328248
E06000052,Cornwall,25,570300,0.00438365772400491
E06000052,Cornwall,0,570300,0
E06000052,Cornwall,210,570300,0.03682272488164124
E06000052,Cornwall,48,570300,0.008416622830089426
E06000052,Cornwall,2,570300,3.506926179203928e-4
E06000052,Cornwall,5,570300,8.76731544800982e-4
E06000052,Cornwall,27,570300,0.004734350341925302
E06000052,Cornwall,9,570300,0.0015781167806417674
E06000052,Cornwall,0,570300,0
E06000052,Cornwall,472,570300,0.0827634578292127
E06000052,Cornwall,65,570300,0.011397510082412765
E06000052,Cornwall,1,570300,1.753463089601964e-4
E06000052,Cornwall,6,570300,0.0010520778537611783
E06000052,Cornwall,18,570300,0.003156233561283535
E06000052,Cornwall,2,570300,3.506926179203928e-4
E06000052,Cornwall,0,570300,0
E06000052,Cornwall,10291,570300,1.804488865509381
E06000052,Cornwall,10355,570300,1.8157110292828336
E06000052,Cornwall,73,570300,0.012800280554094337
E06000052,Cornwall,499,570300,0.087497808171138
E06000052,Cornwall,3305,570300,0.5795195511134491
E06000052,Cornwall,3117,570300,0.5465544450289321
E06000053,Isles of Scilly,0,2100,0
E06000053,Isles of Scilly,0,2100,0
E06000053,Isles of Scilly,0,2100,0
E06000053,Isles of Scilly,0,2100,0
E06000053,Isles of Scilly,0,2100,0
E06000053,Isles of Scilly,0,2100,0
E06000053,Isles of Scilly,0,2100,0
E06000053,Isles of Scilly,0,2100,0
E06000053,Isles of Scilly,445,2100,21.19047619047619
E06000053,Isles of Scilly,890,2100,42.38095238095238
E06000053,Isles of Scilly,0,2100,0
E06000053,Isles of Scilly,32,2100,1.5238095238095237
E06000053,Isles of Scilly,151,2100,7.190476190476191
E06000053,Isles of Scilly,123,2100,5.857142857142857
E06000053,Isles of Scilly,0,2100,0
E06000053,Isles of Scilly,1,2100,0.047619047619047616
E06000053,Isles of Scilly,1,2100,0.047619047619047616
E06000053,Isles of Scilly,0,2100,0
E06000053,Isles of Scilly,0,2100,0
E06000053,Isles of Scilly,0,2100,0
E06000053,Isles of Scilly,0,2100,0
E06000053,Isles of Scilly,0,2100,0
E06000053,Isles of Scilly,1,2100,0.047619047619047616
E06000053,Isles of Scilly,0,2100,0
E06000053,Isles of Scilly,0,2100,0
E06000053,Isles of Scilly,0,2100,0
E06000053,Isles of Scilly,0,2100,0
E06000053,Isles of Scilly,0,2100,0
E06000053,Isles of Scilly,0,2100,0
E06000053,Isles of Scilly,0,2100,0
E06000053,Isles of Scilly,0,2100,0
E06000053,Isles of Scilly,0,2100,0
E06000053,Isles of Scilly,0,2100,0
E06000053,Isles of Scilly,0,2100,0
E06000053,Isles of Scilly,0,2100,0
E06000053,Isles of Scilly,0,2100,0
E06000053,Isles of Scilly,3,2100,0.14285714285714285
E06000053,Isles of Scilly,1,2100,0.047619047619047616
E06000053,Isles of Scilly,0,2100,0
E06000053,Isles of Scilly,0,2100,0
E06000053,Isles of Scilly,0,2100,0
E06000053,Isles of Scilly,1,2100,0.047619047619047616
E06000053,Isles of Scilly,0,2100,0
E06000053,Isles of Scilly,23,2100,1.0952380952380953
E06000053,Isles of Scilly,36,2100,1.7142857142857142
E06000053,Isles of Scilly,0,2100,0
E06000053,Isles of Scilly,2,2100,0.09523809523809523
E06000053,Isles of Scilly,7,2100,0.3333333333333333
E06000053,Isles of Scilly,14,2100,0.6666666666666666
E06000054,Wiltshire,0,510400,0
E06000054,Wiltshire,0,510400,0
E06000054,Wiltshire,0,510400,0
E06000054,Wiltshire,0,510400,0
E06000054,Wiltshire,0,510400,0
E06000054,Wiltshire,0,510400,0
E06000054,Wiltshire,0,510400,0
E06000054,Wiltshire,0,510400,0
E06000054,Wiltshire,118460,510400,23.20924764890282
E06000054,Wiltshire,204304,510400,40.0282131661442
E06000054,Wiltshire,773,510400,0.1514498432601881
E06000054,Wiltshire,8899,510400,1.7435344827586208
E06000054,Wiltshire,39610,510400,7.760579937304075
E06000054,Wiltshire,24976,510400,4.893416927899686
E06000054,Wiltshire,0,510400,0
E06000054,Wiltshire,201,510400,0.039380877742946706
E06000054,Wiltshire,209,510400,0.040948275862068964
E06000054,Wiltshire,0,510400,0
E06000054,Wiltshire,13,510400,0.0025470219435736676
E06000054,Wiltshire,58,510400,0.011363636363636364
E06000054,Wiltshire,18,510400,0.0035266457680250786
E06000054,Wiltshire,0,510400,0
E06000054,Wiltshire,167,510400,0.03271943573667711
E06000054,Wiltshire,82,510400,0.016065830721003135
E06000054,Wiltshire,1,510400,1.9592476489028212e-4
E06000054,Wiltshire,6,510400,0.0011755485893416929
E06000054,Wiltshire,36,510400,0.007053291536050157
E06000054,Wiltshire,12,510400,0.0023510971786833857
E06000054,Wiltshire,0,510400,0
E06000054,Wiltshire,177,510400,0.03467868338557994
E06000054,Wiltshire,90,510400,0.01763322884012539
E06000054,Wiltshire,3,510400,5.877742946708464e-4
E06000054,Wiltshire,10,510400,0.001959247648902821
E06000054,Wiltshire,25,510400,0.004898119122257054
E06000054,Wiltshire,11,510400,0.0021551724137931034
E06000054,Wiltshire,0,510400,0
E06000054,Wiltshire,271,510400,0.05309561128526646
E06000054,Wiltshire,36,510400,0.007053291536050157
E06000054,Wiltshire,0,510400,0
E06000054,Wiltshire,10,510400,0.001959247648902821
E06000054,Wiltshire,20,510400,0.003918495297805642
E06000054,Wiltshire,4,510400,7.836990595611285e-4
E06000054,Wiltshire,0,510400,0
E06000054,Wiltshire,7520,510400,1.4733542319749215
E06000054,Wiltshire,8662,510400,1.6971003134796239
E06000054,Wiltshire,32,510400,0.006269592476489028
E06000054,Wiltshire,407,510400,0.07974137931034483
E06000054,Wiltshire,2043,510400,0.4002742946708464
E06000054,Wiltshire,1969,510400,0.3857758620689655
E06000055,Bedford,0,185300,0
E06000055,Bedford,0,185300,0
E06000055,Bedford,0,185300,0
E06000055,Bedford,0,185300,0
E06000055,Bedford,0,185300,0
E06000055,Bedford,0,185300,0
E06000055,Bedford,0,185300,0
E06000055,Bedford,0,185300,0
E06000055,Bedford,49146,185300,26.522396114409066
E06000055,Bedford,64802,185300,34.97139773340529
E06000055,Bedford,209,185300,0.11279007015650297
E06000055,Bedford,3376,185300,1.8219104155423638
E06000055,Bedford,13099,185300,7.069077172153265
E06000055,Bedford,8027,185300,4.3318942255801405
E06000055,Bedford,0,185300,0
E06000055,Bedford,197,185300,0.10631408526713437
E06000055,Bedford,173,185300,0.0933621154883972
E06000055,Bedford,3,185300,0.0016189962223421479
E06000055,Bedford,8,185300,0.004317323259579061
E06000055,Bedford,34,185300,0.01834862385321101
E06000055,Bedford,22,185300,0.011872638963842417
E06000055,Bedford,0,185300,0
E06000055,Bedford,76,185300,0.04101457096600108
E06000055,Bedford,63,185300,0.033998920669185105
E06000055,Bedford,0,185300,0
E06000055,Bedford,8,185300,0.004317323259579061
E06000055,Bedford,19,185300,0.01025364274150027
E06000055,Bedford,8,185300,0.004317323259579061
E06000055,Bedford,0,185300,0
E06000055,Bedford,88,185300,0.04749055585536967
E06000055,Bedford,63,185300,0.033998920669185105
E06000055,Bedford,0,185300,0
E06000055,Bedford,5,185300,0.002698327037236913
E06000055,Bedford,9,185300,0.004856988667026443
E06000055,Bedford,5,185300,0.002698327037236913
E06000055,Bedford,0,185300,0
E06000055,Bedford,94,185300,0.050728548300053966
E06000055,Bedford,13,185300,0.007015650296815974
E06000055,Bedford,0,185300,0
E06000055,Bedford,1,185300,5.396654074473826e-4
E06000055,Bedford,6,185300,0.0032379924446842958
E06000055,Bedford,4,185300,0.0021586616297895305
E06000055,Bedford,0,185300,0
E06000055,Bedford,3542,185300,1.9114948731786292
E06000055,Bedford,3420,185300,1.8456556934700485
E06000055,Bedford,17,185300,0.009174311926605505
E06000055,Bedford,203,185300,0.10955207771181867
E06000055,Bedford,779,185300,0.42039935240151105
E06000055,Bedford,600,185300,0.32379924446842956
E06000056,Central Bedfordshire,0,294200,0
E06000056,Central Bedfordshire,0,294200,0
E06000056,Central Bedfordshire,0,294200,0
E06000056,Central Bedfordshire,0,294200,0
E06000056,Central Bedfordshire,0,294200,0
E06000056,Central Bedfordshire,0,294200,0
E06000056,Central Bedfordshire,0,294200,0
E06000056,Central Bedfordshire,0,294200,0
E06000056,Central Bedfordshire,74363,294200,25.27634262406526
E06000056,Central Bedfordshire,111967,294200,38.0581237253569
E06000056,Central Bedfordshire,329,294200,0.11182868796736914
E06000056,Central Bedfordshire,5067,294200,1.722297756628144
E06000056,Central Bedfordshire,20995,294200,7.136301835486064
E06000056,Central Bedfordshire,12219,294200,4.1532970768184905
E06000056,Central Bedfordshire,0,294200,0
E06000056,Central Bedfordshire,152,294200,0.05166553365057784
E06000056,Central Bedfordshire,114,294200,0.03874915023793338
E06000056,Central Bedfordshire,2,294200,6.798096532970768e-4
E06000056,Central Bedfordshire,7,294200,0.002379333786539769
E06000056,Central Bedfordshire,31,294200,0.01053704962610469
E06000056,Central Bedfordshire,16,294200,0.005438477226376614
E06000056,Central Bedfordshire,0,294200,0
E06000056,Central Bedfordshire,66,294200,0.022433718558803536
E06000056,Central Bedfordshire,52,294200,0.017675050985723997
E06000056,Central Bedfordshire,0,294200,0
E06000056,Central Bedfordshire,5,294200,0.001699524133242692
E06000056,Central Bedfordshire,15,294200,0.005098572399728076
E06000056,Central Bedfordshire,8,294200,0.002719238613188307
E06000056,Central Bedfordshire,0,294200,0
E06000056,Central Bedfordshire,88,294200,0.02991162474507138
E06000056,Central Bedfordshire,42,294200,0.014276002719238613
E06000056,Central Bedfordshire,0,294200,0
E06000056,Central Bedfordshire,4,294200,0.0013596193065941536
E06000056,Central Bedfordshire,16,294200,0.005438477226376614
E06000056,Central Bedfordshire,3,294200,0.0010197144799456153
E06000056,Central Bedfordshire,0,294200,0
E06000056,Central Bedfordshire,122,294200,0.04146838885112169
E06000056,Central Bedfordshire,17,294200,0.005778382053025153
E06000056,Central Bedfordshire,0,294200,0
E06000056,Central Bedfordshire,2,294200,6.798096532970768e-4
E06000056,Central Bedfordshire,5,294200,0.001699524133242692
E06000056,Central Bedfordshire,0,294200,0
E06000056,Central Bedfordshire,0,294200,0
E06000056,Central Bedfordshire,4019,294200,1.3660774983004758
E06000056,Central Bedfordshire,4724,294200,1.6057104010876955
E06000056,Central Bedfordshire,20,294200,0.006798096532970768
E06000056,Central Bedfordshire,208,294200,0.07070020394289599
E06000056,Central Bedfordshire,1052,294200,0.3575798776342624
E06000056,Central Bedfordshire,1035,294200,0.35180149558123724
E06000057,Northumberland,0,320600,0
E06000057,Northumberland,0,320600,0
E06000057,Northumberland,0,320600,0
E06000057,Northumberland,0,320600,0
E06000057,Northumberland,0,320600,0
E06000057,Northumberland,0,320600,0
E06000057,Northumberland,0,320600,0
E06000057,Northumberland,0,320600,0
E06000057,Northumberland,77846,320600,24.281347473487212
E06000057,Northumberland,127234,320600,39.68621334996881
E06000057,Northumberland,431,320600,0.1344354335620711
E06000057,Northumberland,6497,320600,2.026512788521522
E06000057,Northumberland,25407,320600,7.924828446662508
E06000057,Northumberland,19282,320600,6.01434809731753
E06000057,Northumberland,0,320600,0
E06000057,Northumberland,136,320600,0.042420461634435434
E06000057,Northumberland,113,320600,0.03524641297567062
E06000057,Northumberland,0,320600,0
E06000057,Northumberland,6,320600,0.0018714909544603868
E06000057,Northumberland,40,320600,0.012476606363069246
E06000057,Northumberland,13,320600,0.004054897067997504
E06000057,Northumberland,0,320600,0
E06000057,Northumberland,77,320600,0.024017467248908297
E06000057,Northumberland,36,320600,0.011228945726762321
E06000057,Northumberland,0,320600,0
E06000057,Northumberland,3,320600,9.357454772301934e-4
E06000057,Northumberland,14,320600,0.004366812227074236
E06000057,Northumberland,10,320600,0.0031191515907673115
E06000057,Northumberland,0,320600,0
E06000057,Northumberland,82,320600,0.025577043044291953
E06000057,Northumberland,39,320600,0.012164691203992514
E06000057,Northumberland,0,320600,0
E06000057,Northumberland,3,320600,9.357454772301934e-4
E06000057,Northumberland,11,320600,0.0034310667498440423
E06000057,Northumberland,5,320600,0.0015595757953836558
E06000057,Northumberland,0,320600,0
E06000057,Northumberland,115,320600,0.03587024329382408
E06000057,Northumberland,23,320600,0.007174048658764816
E06000057,Northumberland,1,320600,3.1191515907673113e-4
E06000057,Northumberland,3,320600,9.357454772301934e-4
E06000057,Northumberland,8,320600,0.002495321272613849
E06000057,Northumberland,1,320600,3.1191515907673113e-4
E06000057,Northumberland,0,320600,0
E06000057,Northumberland,3792,320600,1.1827822832189645
E06000057,Northumberland,4684,320600,1.4610106051154086
E06000057,Northumberland,28,320600,0.008733624454148471
E06000057,Northumberland,325,320600,0.10137242669993762
E06000057,Northumberland,1210,320600,0.37741734248284464
E06000057,Northumberland,1368,320600,0.4266999376169682
E06000058,"Bournemouth, Christchurch and Poole",0,400300,0
E06000058,"Bournemouth, Christchurch and Poole",0,400300,0
E06000058,"Bournemouth, Christchurch and Poole",0,400300,0
E06000058,"Bournemouth, Christchurch and Poole",0,400300,0
E06000058,"Bournemouth, Christchurch and Poole",0,400300,0
E06000058,"Bournemouth, Christchurch and Poole",0,400300,0
E06000058,"Bournemouth, Christchurch and Poole",0,400300,0
E06000058,"Bournemouth, Christchurch and Poole",0,400300,0
E06000058,"Bournemouth, Christchurch and Poole",115368,400300,28.8203847114664
E06000058,"Bournemouth, Christchurch and Poole",136473,400300,34.09268048963278
E06000058,"Bournemouth, Christchurch and Poole",872,400300,0.21783662253310018
E06000058,"Bournemouth, Christchurch and Poole",6593,400300,1.6470147389457908
E06000058,"Bournemouth, Christchurch and Poole",33684,400300,8.414688983262552
E06000058,"Bournemouth, Christchurch and Poole",20320,400300,5.076192855358481
E06000058,"Bournemouth, Christchurch and Poole",0,400300,0
E06000058,"Bournemouth, Christchurch and Poole",263,400300,0.0657007244566575
E06000058,"Bournemouth, Christchurch and Poole",170,400300,0.04246814888833375
E06000058,"Bournemouth, Christchurch and Poole",4,400300,9.992505620784412e-4
E06000058,"Bournemouth, Christchurch and Poole",9,400300,0.0022483137646764927
E06000058,"Bournemouth, Christchurch and Poole",71,400300,0.01773669747689233
E06000058,"Bournemouth, Christchurch and Poole",29,400300,0.007244566575068698
E06000058,"Bournemouth, Christchurch and Poole",0,400300,0
E06000058,"Bournemouth, Christchurch and Poole",150,400300,0.03747189607794155
E06000058,"Bournemouth, Christchurch and Poole",76,400300,0.01898576067949038
E06000058,"Bournemouth, Christchurch and Poole",1,400300,2.498126405196103e-4
E06000058,"Bournemouth, Christchurch and Poole",15,400300,0.0037471896077941546
E06000058,"Bournemouth, Christchurch and Poole",30,400300,0.007494379215588309
E06000058,"Bournemouth, Christchurch and Poole",19,400300,0.004746440169872595
E06000058,"Bournemouth, Christchurch and Poole",0,400300,0
E06000058,"Bournemouth, Christchurch and Poole",220,400300,0.05495878091431426
E06000058,"Bournemouth, Christchurch and Poole",65,400300,0.016237821633774668
E06000058,"Bournemouth, Christchurch and Poole",4,400300,9.992505620784412e-4
E06000058,"Bournemouth, Christchurch and Poole",5,400300,0.0012490632025980515
E06000058,"Bournemouth, Christchurch and Poole",26,400300,0.006495128653509868
E06000058,"Bournemouth, Christchurch and Poole",10,400300,0.002498126405196103
E06000058,"Bournemouth, Christchurch and Poole",0,400300,0
E06000058,"Bournemouth, Christchurch and Poole",366,400300,0.09143142643017736
E06000058,"Bournemouth, Christchurch and Poole",24,400300,0.005995503372470647
E06000058,"Bournemouth, Christchurch and Poole",3,400300,7.494379215588309e-4
E06000058,"Bournemouth, Christchurch and Poole",7,400300,0.0017486884836372721
E06000058,"Bournemouth, Christchurch and Poole",16,400300,0.003997002248313765
E06000058,"Bournemouth, Christchurch and Poole",2,400300,4.996252810392206e-4
E06000058,"Bournemouth, Christchurch and Poole",0,400300,0
E06000058,"Bournemouth, Christchurch and Poole",9082,400300,2.2687984011991005
E06000058,"Bournemouth, Christchurch and Poole",6851,400300,1.71146640019985
E06000058,"Bournemouth, Christchurch and Poole",41,400300,0.010242318261304022
E06000058,"Bournemouth, Christchurch and Poole",324,400300,0.08093929552835373
E06000058,"Bournemouth, Christchurch and Poole",2043,400300,0.5103672245815638
E06000058,"Bournemouth, Christchurch and Poole",1674,400300,0.41818636022982764
E06000059,Dorset,0,379600,0
E06000059,Dorset,0,379600,0
E06000059,Dorset,0,379600,0
E06000059,Dorset,0,379600,0
E06000059,Dorset,0,379600,0
E06000059,Dorset,0,379600,0
E06000059,Dorset,0,379600,0
E06000059,Dorset,0,379600,0
E06000059,Dorset,81925,379600,21.581928345626977
E06000059,Dorset,157922,379600,41.60221285563751
E06000059,Dorset,720,379600,0.18967334035827185
E06000059,Dorset,6443,379600,1.6973129610115911
E06000059,Dorset,32553,379600,8.575605900948366
E06000059,Dorset,24130,379600,6.356691253951528
E06000059,Dorset,0,379600,0
E06000059,Dorset,120,379600,0.03161222339304531
E06000059,Dorset,99,379600,0.026080084299262382
E06000059,Dorset,0,379600,0
E06000059,Dorset,11,379600,0.002897787144362487
E06000059,Dorset,28,379600,0.007376185458377239
E06000059,Dorset,22,379600,0.005795574288724974
E06000059,Dorset,0,379600,0
E06000059,Dorset,111,379600,0.029241306638566913
E06000059,Dorset,45,379600,0.01185458377239199
E06000059,Dorset,0,379600,0
E06000059,Dorset,5,379600,0.0013171759747102212
E06000059,Dorset,69,379600,0.018177028451001054
E06000059,Dorset,11,379600,0.002897787144362487
E06000059,Dorset,0,379600,0
E06000059,Dorset,102,379600,0.026870389884088516
E06000059,Dorset,31,379600,0.008166491043203371
E06000059,Dorset,1,379600,2.6343519494204424e-4
E06000059,Dorset,5,379600,0.0013171759747102212
E06000059,Dorset,16,379600,0.004214963119072708
E06000059,Dorset,12,379600,0.003161222339304531
E06000059,Dorset,0,379600,0
E06000059,Dorset,159,379600,0.04188619599578504
E06000059,Dorset,17,379600,0.004478398314014752
E06000059,Dorset,3,379600,7.903055848261328e-4
E06000059,Dorset,10,379600,0.0026343519494204425
E06000059,Dorset,9,379600,0.0023709167544783984
E06000059,Dorset,3,379600,7.903055848261328e-4
E06000059,Dorset,0,379600,0
E06000059,Dorset,5641,379600,1.4860379346680717
E06000059,Dorset,7310,379600,1.9257112750263434
E06000059,Dorset,47,379600,0.01238145416227608
E06000059,Dorset,287,379600,0.07560590094836671
E06000059,Dorset,1935,379600,0.5097471022128557
E06000059,Dorset,2102,379600,0.553740779768177
E06000060,Buckinghamshire,0,553100,0
E06000060,Buckinghamshire,0,553100,0
E06000060,Buckinghamshire,0,553100,0
E06000060,Buckinghamshire,0,553100,0
E06000060,Buckinghamshire,0,553100,0
E06000060,Buckinghamshire,0,553100,0
E06000060,Buckinghamshire,0,553100,0
E06000060,Buckinghamshire,0,553100,0
E06000060,Buckinghamshire,129810,553100,23.469535346230337
E06000060,Buckinghamshire,219167,553100,39.62520339902368
E06000060,Buckinghamshire,625,553100,0.1129994576026035
E06000060,Buckinghamshire,8139,553100,1.4715241366841438
E06000060,Buckinghamshire,35234,553100,6.370276622672211
E06000060,Buckinghamshire,24297,553100,4.392876514192732
E06000060,Buckinghamshire,0,553100,0
E06000060,Buckinghamshire,276,553100,0.04990056047730971
E06000060,Buckinghamshire,310,553100,0.05604773097089134
E06000060,Buckinghamshire,5,553100,9.039956608208281e-4
E06000060,Buckinghamshire,27,553100,0.0048815765684324715
E06000060,Buckinghamshire,66,553100,0.01193274272283493
E06000060,Buckinghamshire,30,553100,0.005423973964924968
E06000060,Buckinghamshire,0,553100,0
E06000060,Buckinghamshire,139,553100,0.02513107937081902
E06000060,Buckinghamshire,120,553100,0.021695895859699874
E06000060,Buckinghamshire,1,553100,1.807991321641656e-4
E06000060,Buckinghamshire,11,553100,0.0019887904538058217
E06000060,Buckinghamshire,43,553100,0.007774362683059121
E06000060,Buckinghamshire,27,553100,0.0048815765684324715
E06000060,Buckinghamshire,0,553100,0
E06000060,Buckinghamshire,169,553100,0.030555053335743987
E06000060,Buckinghamshire,126,553100,0.022780690652684867
E06000060,Buckinghamshire,1,553100,1.807991321641656e-4
E06000060,Buckinghamshire,7,553100,0.0012655939251491593
E06000060,Buckinghamshire,22,553100,0.0039775809076116435
E06000060,Buckinghamshire,11,553100,0.0019887904538058217
E06000060,Buckinghamshire,0,553100,0
E06000060,Buckinghamshire,270,553100,0.04881576568432471
E06000060,Buckinghamshire,41,553100,0.00741276441873079
E06000060,Buckinghamshire,0,553100,0
E06000060,Buckinghamshire,4,553100,7.231965286566625e-4
E06000060,Buckinghamshire,13,553100,0.002350388718134153
E06000060,Buckinghamshire,0,553100,0
E06000060,Buckinghamshire,0,553100,0
E06000060,Buckinghamshire,8804,553100,1.591755559573314
E06000060,Buckinghamshire,11327,553100,2.047911770023504
E06000060,Buckinghamshire,27,553100,0.0048815765684324715
E06000060,Buckinghamshire,418,553100,0.07557403724462122
E06000060,Buckinghamshire,1865,553100,0.33719038148616887
E06000060,Buckinghamshire,1963,553100,0.3549086964382571
E06000061,North Northamptonshire,0,359500,0
E06000061,North Northamptonshire,0,359500,0
E06000061,North Northamptonshire,0,359500,0
E06000061,North Northamptonshire,0,359500,0
E06000061,North Northamptonshire,0,359500,0
E06000061,North Northamptonshire,0,359500,0
E06000061,North Northamptonshire,0,359500,0
E06000061,North Northamptonshire,0,359500,0
E06000061,North Northamptonshire,93585,359500,26.031988873435328
E06000061,North Northamptonshire,126021,359500,35.05452016689847
E06000061,North Northamptonshire,415,359500,0.11543810848400557
E06000061,North Northamptonshire,7296,359500,2.0294853963838664
E06000061,North Northamptonshire,27891,359500,7.75827538247566
E06000061,North Northamptonshire,16063,359500,4.468150208623087
E06000061,North Northamptonshire,0,359500,0
E06000061,North Northamptonshire,262,359500,0.07287899860917942
E06000061,North Northamptonshire,242,359500,0.06731571627260083
E06000061,North Northamptonshire,3,359500,8.344923504867872e-4
E06000061,North Northamptonshire,19,359500,0.005285118219749653
E06000061,North Northamptonshire,77,359500,0.02141863699582754
E06000061,North Northamptonshire,30,359500,0.008344923504867872
E06000061,North Northamptonshire,0,359500,0
E06000061,North Northamptonshire,133,359500,0.036995827538247567
E06000061,North Northamptonshire,81,359500,0.022531293463143254
E06000061,North Northamptonshire,2,359500,5.563282336578582e-4
E06000061,North Northamptonshire,11,359500,0.00305980528511822
E06000061,North Northamptonshire,30,359500,0.008344923504867872
E06000061,North Northamptonshire,9,359500,0.0025034770514603616
E06000061,North Northamptonshire,0,359500,0
E06000061,North Northamptonshire,140,359500,0.03894297635605007
E06000061,North Northamptonshire,89,359500,0.02475660639777469
E06000061,North Northamptonshire,1,359500,2.781641168289291e-4
E06000061,North Northamptonshire,9,359500,0.0025034770514603616
E06000061,North Northamptonshire,24,359500,0.006675938803894298
E06000061,North Northamptonshire,6,359500,0.0016689847009735744
E06000061,North Northamptonshire,0,359500,0
E06000061,North Northamptonshire,158,359500,0.04394993045897079
E06000061,North Northamptonshire,11,359500,0.00305980528511822
E06000061,North Northamptonshire,1,359500,2.781641168289291e-4
E06000061,North Northamptonshire,4,359500,0.0011126564673157164
E06000061,North Northamptonshire,14,359500,0.003894297635605007
E06000061,North Northamptonshire,2,359500,5.563282336578582e-4
E06000061,North Northamptonshire,0,359500,0
E06000061,North Northamptonshire,6361,359500,1.7694019471488178
E06000061,North Northamptonshire,6660,359500,1.8525730180806677
E06000061,North Northamptonshire,28,359500,0.007788595271210014
E06000061,North Northamptonshire,408,359500,0.11349095966620305
E06000061,North Northamptonshire,1630,359500,0.4534075104311544
E06000061,North Northamptonshire,1471,359500,0.40917941585535467
E06000062,West Northamptonshire,0,425700,0
E06000062,West Northamptonshire,0,425700,0
E06000062,West Northamptonshire,0,425700,0
E06000062,West Northamptonshire,0,425700,0
E06000062,West Northamptonshire,0,425700,0
E06000062,West Northamptonshire,0,425700,0
E06000062,West Northamptonshire,0,425700,0
E06000062,West Northamptonshire,0,425700,0
E06000062,West Northamptonshire,112639,425700,26.459713413201786
E06000062,West Northamptonshire,152012,425700,35.70871505755227
E06000062,West Northamptonshire,432,425700,0.1014799154334038
E06000062,West Northamptonshire,7590,425700,1.7829457364341086
E06000062,West Northamptonshire,30349,425700,7.129198966408269
E06000062,West Northamptonshire,17411,425700,4.089969462062485
E06000062,West Northamptonshire,0,425700,0
E06000062,West Northamptonshire,395,425700,0.09278834860230209
E06000062,West Northamptonshire,366,425700,0.08597603946441155
E06000062,West Northamptonshire,2,425700,4.698144233027954e-4
E06000062,West Northamptonshire,33,425700,0.007751937984496124
E06000062,West Northamptonshire,92,425700,0.021611463471928587
E06000062,West Northamptonshire,29,425700,0.006812309137890533
E06000062,West Northamptonshire,0,425700,0
E06000062,West Northamptonshire,169,425700,0.03969931876908621
E06000062,West Northamptonshire,105,425700,0.02466525722339676
E06000062,West Northamptonshire,0,425700,0
E06000062,West Northamptonshire,18,425700,0.004228329809725159
E06000062,West Northamptonshire,45,425700,0.010570824524312896
E06000062,West Northamptonshire,22,425700,0.00516795865633075
E06000062,West Northamptonshire,0,425700,0
E06000062,West Northamptonshire,208,425700,0.04886070002349072
E06000062,West Northamptonshire,121,425700,0.028423772609819122
E06000062,West Northamptonshire,2,425700,4.698144233027954e-4
E06000062,West Northamptonshire,13,425700,0.00305379375146817
E06000062,West Northamptonshire,39,425700,0.009161381254404511
E06000062,West Northamptonshire,5,425700,0.0011745360582569885
E06000062,West Northamptonshire,0,425700,0
E06000062,West Northamptonshire,233,425700,0.05473338031477566
E06000062,West Northamptonshire,28,425700,0.006577401926239136
E06000062,West Northamptonshire,2,425700,4.698144233027954e-4
E06000062,West Northamptonshire,6,425700,0.0014094432699083862
E06000062,West Northamptonshire,15,425700,0.0035236081747709656
E06000062,West Northamptonshire,3,425700,7.047216349541931e-4
E06000062,West Northamptonshire,0,425700,0
E06000062,West Northamptonshire,8537,425700,2.0054028658679823
E06000062,West Northamptonshire,8614,425700,2.02349072116514
E06000062,West Northamptonshire,43,425700,0.010101010101010102
E06000062,West Northamptonshire,447,425700,0.10500352360817478
E06000062,West Northamptonshire,1942,425700,0.45618980502701434
E06000062,West Northamptonshire,1536,425700,0.3608174770965469
E07000008,Cambridge,0,145700,0
E07000008,Cambridge,0,145700,0
E07000008,Cambridge,0,145700,0
E07000008,Cambridge,0,145700,0
E07000008,Cambridge,0,145700,0
E07000008,Cambridge,0,145700,0
E07000008,Cambridge,0,145700,0
E07000008,Cambridge,0,145700,0
E07000008,Cambridge,61442,145700,42.170212765957444
E07000008,Cambridge,37957,145700,26.051475634866165
E07000008,Cambridge,356,145700,0.24433768016472204
E07000008,Cambridge,1563,145700,1.0727522306108441
E07000008,Cambridge,6894,145700,4.731640356897735
E07000008,Cambridge,3739,145700,2.5662319835277967
E07000008,Cambridge,0,145700,0
E07000008,Cambridge,187,145700,0.12834591626630062
E07000008,Cambridge,91,145700,0.06245710363761153
E07000008,Cambridge,4,145700,0.002745367192862045
E07000008,Cambridge,10,145700,0.0068634179821551134
E07000008,Cambridge,18,145700,0.012354152367879203
E07000008,Cambridge,9,145700,0.0061770761839396015
E07000008,Cambridge,0,145700,0
E07000008,Cambridge,118,145700,0.08098833218943034
E07000008,Cambridge,43,145700,0.029512697323266987
E07000008,Cambridge,0,145700,0
E07000008,Cambridge,5,145700,0.0034317089910775567
E07000008,Cambridge,17,145700,0.011667810569663692
E07000008,Cambridge,1,145700,6.863417982155113e-4
E07000008,Cambridge,0,145700,0
E07000008,Cambridge,100,145700,0.06863417982155114
E07000008,Cambridge,27,145700,0.018531228551818806
E07000008,Cambridge,1,145700,6.863417982155113e-4
E07000008,Cambridge,4,145700,0.002745367192862045
E07000008,Cambridge,7,145700,0.004804392587508579
E07000008,Cambridge,0,145700,0
E07000008,Cambridge,0,145700,0
E07000008,Cambridge,553,145700,0.3795470144131778
E07000008,Cambridge,22,145700,0.015099519560741249
E07000008,Cambridge,2,145700,0.0013726835964310226
E07000008,Cambridge,5,145700,0.0034317089910775567
E07000008,Cambridge,8,145700,0.00549073438572409
E07000008,Cambridge,1,145700,6.863417982155113e-4
E07000008,Cambridge,0,145700,0
E07000008,Cambridge,8036,145700,5.515442690459849
E07000008,Cambridge,2514,145700,1.7254632807137955
E07000008,Cambridge,19,145700,0.013040494166094716
E07000008,Cambridge,112,145700,0.07687028140013727
E07000008,Cambridge,570,145700,0.39121482498284144
E07000008,Cambridge,333,145700,0.22855181880576528
E07000009,East Cambridgeshire,0,87700,0
E07000009,East Cambridgeshire,0,87700,0
E07000009,East Cambridgeshire,0,87700,0
E07000009,East Cambridgeshire,0,87700,0
E07000009,East Cambridgeshire,0,87700,0
E07000009,East Cambridgeshire,0,87700,0
E07000009,East Cambridgeshire,0,87700,0
E07000009,East Cambridgeshire,0,87700,0
E07000009,East Cambridgeshire,20152,87700,22.978335233751427
E07000009,East Cambridgeshire,35203,87700,40.14025085518814
E07000009,East Cambridgeshire,124,87700,0.14139110604332952
E07000009,East Cambridgeshire,1418,87700,1.6168757126567845
E07000009,East Cambridgeshire,6369,87700,7.262257696693273
E07000009,East Cambridgeshire,4201,87700,4.790193842645382
E07000009,East Cambridgeshire,0,87700,0
E07000009,East Cambridgeshire,45,87700,0.05131128848346636
E07000009,East Cambridgeshire,30,87700,0.03420752565564424
E07000009,East Cambridgeshire,2,87700,0.002280501710376283
E07000009,East Cambridgeshire,2,87700,0.002280501710376283
E07000009,East Cambridgeshire,13,87700,0.014823261117445839
E07000009,East Cambridgeshire,2,87700,0.002280501710376283
E07000009,East Cambridgeshire,0,87700,0
E07000009,East Cambridgeshire,25,87700,0.028506271379703536
E07000009,East Cambridgeshire,15,87700,0.01710376282782212
E07000009,East Cambridgeshire,0,87700,0
E07000009,East Cambridgeshire,0,87700,0
E07000009,East Cambridgeshire,5,87700,0.005701254275940707
E07000009,East Cambridgeshire,4,87700,0.004561003420752566
E07000009,East Cambridgeshire,0,87700,0
E07000009,East Cambridgeshire,21,87700,0.02394526795895097
E07000009,East Cambridgeshire,10,87700,0.011402508551881414
E07000009,East Cambridgeshire,0,87700,0
E07000009,East Cambridgeshire,2,87700,0.002280501710376283
E07000009,East Cambridgeshire,7,87700,0.00798175598631699
E07000009,East Cambridgeshire,0,87700,0
E07000009,East Cambridgeshire,0,87700,0
E07000009,East Cambridgeshire,46,87700,0.052451539338654506
E07000009,East Cambridgeshire,11,87700,0.012542759407069556
E07000009,East Cambridgeshire,0,87700,0
E07000009,East Cambridgeshire,0,87700,0
E07000009,East Cambridgeshire,8,87700,0.009122006841505131
E07000009,East Cambridgeshire,0,87700,0
E07000009,East Cambridgeshire,0,87700,0
E07000009,East Cambridgeshire,1310,87700,1.4937286202964652
E07000009,East Cambridgeshire,1638,87700,1.8677309007981755
E07000009,East Cambridgeshire,5,87700,0.005701254275940707
E07000009,East Cambridgeshire,87,87700,0.09920182440136831
E07000009,East Cambridgeshire,358,87700,0.40820980615735464
E07000009,East Cambridgeshire,317,87700,0.3614595210946408
E07000010,Fenland,0,102500,0
E07000010,Fenland,0,102500,0
E07000010,Fenland,0,102500,0
E07000010,Fenland,0,102500,0
E07000010,Fenland,0,102500,0
E07000010,Fenland,0,102500,0
E07000010,Fenland,0,102500,0
E07000010,Fenland,0,102500,0
E07000010,Fenland,26043,102500,25.40780487804878
E07000010,Fenland,36239,102500,35.35512195121951
E07000010,Fenland,135,102500,0.13170731707317074
E07000010,Fenland,1941,102500,1.8936585365853658
E07000010,Fenland,8658,102500,8.446829268292683
E07000010,Fenland,5993,102500,5.846829268292683
E07000010,Fenland,0,102500,0
E07000010,Fenland,152,102500,0.14829268292682926
E07000010,Fenland,78,102500,0.07609756097560975
E07000010,Fenland,0,102500,0
E07000010,Fenland,7,102500,0.006829268292682927
E07000010,Fenland,49,102500,0.04780487804878049
E07000010,Fenland,17,102500,0.016585365853658537
E07000010,Fenland,0,102500,0
E07000010,Fenland,43,102500,0.041951219512195125
E07000010,Fenland,16,102500,0.015609756097560976
E07000010,Fenland,1,102500,9.75609756097561e-4
E07000010,Fenland,3,102500,0.002926829268292683
E07000010,Fenland,11,102500,0.010731707317073172
E07000010,Fenland,6,102500,0.005853658536585366
E07000010,Fenland,0,102500,0
E07000010,Fenland,37,102500,0.036097560975609753
E07000010,Fenland,11,102500,0.010731707317073172
E07000010,Fenland,0,102500,0
E07000010,Fenland,3,102500,0.002926829268292683
E07000010,Fenland,6,102500,0.005853658536585366
E07000010,Fenland,2,102500,0.001951219512195122
E07000010,Fenland,0,102500,0
E07000010,Fenland,44,102500,0.042926829268292686
E07000010,Fenland,6,102500,0.005853658536585366
E07000010,Fenland,0,102500,0
E07000010,Fenland,3,102500,0.002926829268292683
E07000010,Fenland,5,102500,0.004878048780487805
E07000010,Fenland,0,102500,0
E07000010,Fenland,0,102500,0
E07000010,Fenland,1949,102500,1.9014634146341463
E07000010,Fenland,2004,102500,1.9551219512195122
E07000010,Fenland,18,102500,0.0175609756097561
E07000010,Fenland,137,102500,0.13365853658536586
E07000010,Fenland,642,102500,0.6263414634146341
E07000010,Fenland,576,102500,0.5619512195121952
E07000011,Huntingdonshire,0,180800,0
E07000011,Huntingdonshire,0,180800,0
E07000011,Huntingdonshire,0,180800,0
E07000011,Huntingdonshire,0,180800,0
E07000011,Huntingdonshire,0,180800,0
E07000011,Huntingdonshire,0,180800,0
E07000011,Huntingdonshire,0,180800,0
E07000011,Huntingdonshire,0,180800,0
E07000011,Huntingdonshire,44052,180800,24.365044247787612
E07000011,Huntingdonshire,70765,180800,39.13993362831859
E07000011,Huntingdonshire,205,180800,0.11338495575221239
E07000011,Huntingdonshire,3165,180800,1.7505530973451326
E07000011,Huntingdonshire,14033,180800,7.761615044247788
E07000011,Huntingdonshire,8503,180800,4.702986725663717
E07000011,Huntingdonshire,0,180800,0
E07000011,Huntingdonshire,94,180800,0.051991150442477874
E07000011,Huntingdonshire,78,180800,0.04314159292035398
E07000011,Huntingdonshire,0,180800,0
E07000011,Huntingdonshire,7,180800,0.0038716814159292035
E07000011,Huntingdonshire,24,180800,0.01327433628318584
E07000011,Huntingdonshire,6,180800,0.00331858407079646
E07000011,Huntingdonshire,0,180800,0
E07000011,Huntingdonshire,51,180800,0.02820796460176991
E07000011,Huntingdonshire,37,180800,0.020464601769911505
E07000011,Huntingdonshire,0,180800,0
E07000011,Huntingdonshire,8,180800,0.004424778761061947
E07000011,Huntingdonshire,14,180800,0.007743362831858407
E07000011,Huntingdonshire,6,180800,0.00331858407079646
E07000011,Huntingdonshire,0,180800,0
E07000011,Huntingdonshire,52,180800,0.028761061946902654
E07000011,Huntingdonshire,28,180800,0.015486725663716814
E07000011,Huntingdonshire,2,180800,0.0011061946902654867
E07000011,Huntingdonshire,9,180800,0.00497787610619469
E07000011,Huntingdonshire,8,180800,0.004424778761061947
E07000011,Huntingdonshire,2,180800,0.0011061946902654867
E07000011,Huntingdonshire,0,180800,0
E07000011,Huntingdonshire,92,180800,0.05088495575221239
E07000011,Huntingdonshire,18,180800,0.00995575221238938
E07000011,Huntingdonshire,0,180800,0
E07000011,Huntingdonshire,3,180800,0.00165929203539823
E07000011,Huntingdonshire,6,180800,0.00331858407079646
E07000011,Huntingdonshire,1,180800,5.530973451327434e-4
E07000011,Huntingdonshire,0,180800,0
E07000011,Huntingdonshire,2457,180800,1.3589601769911503
E07000011,Huntingdonshire,2987,180800,1.6521017699115044
E07000011,Huntingdonshire,12,180800,0.00663716814159292
E07000011,Huntingdonshire,177,180800,0.09789823008849557
E07000011,Huntingdonshire,716,180800,0.39601769911504425
E07000011,Huntingdonshire,641,180800,0.3545353982300885
E07000012,South Cambridgeshire,0,162000,0
E07000012,South Cambridgeshire,0,162000,0
E07000012,South Cambridgeshire,0,162000,0
E07000012,South Cambridgeshire,0,162000,0
E07000012,South Cambridgeshire,0,162000,0
E07000012,South Cambridgeshire,0,162000,0
E07000012,South Cambridgeshire,0,162000,0
E07000012,South Cambridgeshire,0,162000,0
E07000012,South Cambridgeshire,36464,162000,22.50864197530864
E07000012,South Cambridgeshire,66717,162000,41.18333333333333
E07000012,South Cambridgeshire,289,162000,0.17839506172839506
E07000012,South Cambridgeshire,2451,162000,1.512962962962963
E07000012,South Cambridgeshire,10203,162000,6.298148148148148
E07000012,South Cambridgeshire,6837,162000,4.220370370370371
E07000012,South Cambridgeshire,0,162000,0
E07000012,South Cambridgeshire,68,162000,0.04197530864197531
E07000012,South Cambridgeshire,56,162000,0.0345679012345679
E07000012,South Cambridgeshire,0,162000,0
E07000012,South Cambridgeshire,5,162000,0.0030864197530864196
E07000012,South Cambridgeshire,13,162000,0.008024691358024692
E07000012,South Cambridgeshire,9,162000,0.005555555555555556
E07000012,South Cambridgeshire,0,162000,0
E07000012,South Cambridgeshire,100,162000,0.06172839506172839
E07000012,South Cambridgeshire,27,162000,0.016666666666666666
E07000012,South Cambridgeshire,0,162000,0
E07000012,South Cambridgeshire,2,162000,0.0012345679012345679
E07000012,South Cambridgeshire,9,162000,0.005555555555555556
E07000012,South Cambridgeshire,5,162000,0.0030864197530864196
E07000012,South Cambridgeshire,0,162000,0
E07000012,South Cambridgeshire,44,162000,0.027160493827160494
E07000012,South Cambridgeshire,16,162000,0.009876543209876543
E07000012,South Cambridgeshire,1,162000,6.172839506172839e-4
E07000012,South Cambridgeshire,0,162000,0
E07000012,South Cambridgeshire,5,162000,0.0030864197530864196
E07000012,South Cambridgeshire,2,162000,0.0012345679012345679
E07000012,South Cambridgeshire,0,162000,0
E07000012,South Cambridgeshire,116,162000,0.07160493827160494
E07000012,South Cambridgeshire,38,162000,0.02345679012345679
E07000012,South Cambridgeshire,2,162000,0.0012345679012345679
E07000012,South Cambridgeshire,4,162000,0.0024691358024691358
E07000012,South Cambridgeshire,8,162000,0.0049382716049382715
E07000012,South Cambridgeshire,0,162000,0
E07000012,South Cambridgeshire,0,162000,0
E07000012,South Cambridgeshire,2541,162000,1.5685185185185184
E07000012,South Cambridgeshire,3084,162000,1.9037037037037037
E07000012,South Cambridgeshire,21,162000,0.012962962962962963
E07000012,South Cambridgeshire,107,162000,0.06604938271604938
E07000012,South Cambridgeshire,581,162000,0.358641975308642
E07000012,South Cambridgeshire,542,162000,0.3345679012345679
E07000026,Allerdale,0,96100,0
E07000026,Allerdale,0,96100,0
E07000026,Allerdale,0,96100,0
E07000026,Allerdale,0,96100,0
E07000026,Allerdale,0,96100,0
E07000026,Allerdale,0,96100,0
E07000026,Allerdale,0,96100,0
E07000026,Allerdale,0,96100,0
E07000026,Allerdale,24446,96100,25.438085327783558
E07000026,Allerdale,37308,96100,38.82206035379813
E07000026,Allerdale,107,96100,0.1113423517169615
E07000026,Allerdale,1441,96100,1.4994797086368366
E07000026,Allerdale,7394,96100,7.694068678459938
E07000026,Allerdale,5880,96100,6.118626430801249
E07000026,Allerdale,0,96100,0
E07000026,Allerdale,51,96100,0.053069719042663895
E07000026,Allerdale,36,96100,0.037460978147762745
E07000026,Allerdale,0,96100,0
E07000026,Allerdale,4,96100,0.004162330905306972
E07000026,Allerdale,14,96100,0.014568158168574402
E07000026,Allerdale,5,96100,0.005202913631633715
E07000026,Allerdale,0,96100,0
E07000026,Allerdale,22,96100,0.022892819979188347
E07000026,Allerdale,14,96100,0.014568158168574402
E07000026,Allerdale,0,96100,0
E07000026,Allerdale,1,96100,0.001040582726326743
E07000026,Allerdale,3,96100,0.003121748178980229
E07000026,Allerdale,3,96100,0.003121748178980229
E07000026,Allerdale,0,96100,0
E07000026,Allerdale,18,96100,0.018730489073881373
E07000026,Allerdale,13,96100,0.013527575442247659
E07000026,Allerdale,0,96100,0
E07000026,Allerdale,0,96100,0
E07000026,Allerdale,6,96100,0.006243496357960458
E07000026,Allerdale,3,96100,0.003121748178980229
E07000026,Allerdale,0,96100,0
E07000026,Allerdale,28,96100,0.029136316337148804
E07000026,Allerdale,3,96100,0.003121748178980229
E07000026,Allerdale,0,96100,0
E07000026,Allerdale,1,96100,0.001040582726326743
E07000026,Allerdale,0,96100,0
E07000026,Allerdale,0,96100,0
E07000026,Allerdale,0,96100,0
E07000026,Allerdale,1318,96100,1.3714880332986472
E07000026,Allerdale,1479,96100,1.539021852237253
E07000026,Allerdale,8,96100,0.008324661810613945
E07000026,Allerdale,59,96100,0.061394380853277836
E07000026,Allerdale,384,96100,0.3995837669094693
E07000026,Allerdale,463,96100,0.481789802289282
E07000027,Barrow-in-Furness,0,67400,0
E07000027,Barrow-in-Furness,0,67400,0
E07000027,Barrow-in-Furness,0,67400,0
E07000027,Barrow-in-Furness,0,67400,0
E07000027,Barrow-in-Furness,0,67400,0
E07000027,Barrow-in-Furness,0,67400,0
E07000027,Barrow-in-Furness,0,67400,0
E07000027,Barrow-in-Furness,0,67400,0
E07000027,Barrow-in-Furness,19262,67400,28.578635014836795
E07000027,Barrow-in-Furness,23105,67400,34.28041543026706
E07000027,Barrow-in-Furness,73,67400,0.1083086053412463
E07000027,Barrow-in-Furness,1107,67400,1.642433234421365
E07000027,Barrow-in-Furness,5516,67400,8.183976261127597
E07000027,Barrow-in-Furness,3864,67400,5.732937685459941
E07000027,Barrow-in-Furness,0,67400,0
E07000027,Barrow-in-Furness,29,67400,0.04302670623145401
E07000027,Barrow-in-Furness,28,67400,0.04154302670623145
E07000027,Barrow-in-Furness,1,67400,0.001483679525222552
E07000027,Barrow-in-Furness,0,67400,0
E07000027,Barrow-in-Furness,7,67400,0.010385756676557863
E07000027,Barrow-in-Furness,6,67400,0.008902077151335312
E07000027,Barrow-in-Furness,0,67400,0
E07000027,Barrow-in-Furness,20,67400,0.02967359050445104
E07000027,Barrow-in-Furness,9,67400,0.013353115727002967
E07000027,Barrow-in-Furness,0,67400,0
E07000027,Barrow-in-Furness,3,67400,0.004451038575667656
E07000027,Barrow-in-Furness,7,67400,0.010385756676557863
E07000027,Barrow-in-Furness,4,67400,0.005934718100890208
E07000027,Barrow-in-Furness,0,67400,0
E07000027,Barrow-in-Furness,18,67400,0.026706231454005934
E07000027,Barrow-in-Furness,13,67400,0.019287833827893175
E07000027,Barrow-in-Furness,0,67400,0
E07000027,Barrow-in-Furness,2,67400,0.002967359050445104
E07000027,Barrow-in-Furness,5,67400,0.00741839762611276
E07000027,Barrow-in-Furness,2,67400,0.002967359050445104
E07000027,Barrow-in-Furness,0,67400,0
E07000027,Barrow-in-Furness,26,67400,0.03857566765578635
E07000027,Barrow-in-Furness,6,67400,0.008902077151335312
E07000027,Barrow-in-Furness,0,67400,0
E07000027,Barrow-in-Furness,1,67400,0.001483679525222552
E07000027,Barrow-in-Furness,2,67400,0.002967359050445104
E07000027,Barrow-in-Furness,0,67400,0
E07000027,Barrow-in-Furness,0,67400,0
E07000027,Barrow-in-Furness,1100,67400,1.632047477744807
E07000027,Barrow-in-Furness,966,67400,1.4332344213649852
E07000027,Barrow-in-Furness,3,67400,0.004451038575667656
E07000027,Barrow-in-Furness,59,67400,0.08753709198813056
E07000027,Barrow-in-Furness,301,67400,0.4465875370919881
E07000027,Barrow-in-Furness,293,67400,0.43471810089020774
E07000028,Carlisle,0,110000,0
E07000028,Carlisle,0,110000,0
E07000028,Carlisle,0,110000,0
E07000028,Carlisle,0,110000,0
E07000028,Carlisle,0,110000,0
E07000028,Carlisle,0,110000,0
E07000028,Carlisle,0,110000,0
E07000028,Carlisle,0,110000,0
E07000028,Carlisle,30310,110000,27.554545454545455
E07000028,Carlisle,39449,110000,35.86272727272727
E07000028,Carlisle,150,110000,0.13636363636363635
E07000028,Carlisle,2005,110000,1.8227272727272728
E07000028,Carlisle,8572,110000,7.792727272727273
E07000028,Carlisle,5906,110000,5.369090909090909
E07000028,Carlisle,0,110000,0
E07000028,Carlisle,82,110000,0.07454545454545454
E07000028,Carlisle,55,110000,0.05
E07000028,Carlisle,0,110000,0
E07000028,Carlisle,5,110000,0.004545454545454545
E07000028,Carlisle,14,110000,0.012727272727272728
E07000028,Carlisle,9,110000,0.008181818181818182
E07000028,Carlisle,0,110000,0
E07000028,Carlisle,40,110000,0.03636363636363636
E07000028,Carlisle,17,110000,0.015454545454545455
E07000028,Carlisle,3,110000,0.0027272727272727275
E07000028,Carlisle,1,110000,9.090909090909091e-4
E07000028,Carlisle,2,110000,0.0018181818181818182
E07000028,Carlisle,6,110000,0.005454545454545455
E07000028,Carlisle,0,110000,0
E07000028,Carlisle,42,110000,0.038181818181818185
E07000028,Carlisle,14,110000,0.012727272727272728
E07000028,Carlisle,0,110000,0
E07000028,Carlisle,2,110000,0.0018181818181818182
E07000028,Carlisle,5,110000,0.004545454545454545
E07000028,Carlisle,2,110000,0.0018181818181818182
E07000028,Carlisle,0,110000,0
E07000028,Carlisle,64,110000,0.05818181818181818
E07000028,Carlisle,9,110000,0.008181818181818182
E07000028,Carlisle,0,110000,0
E07000028,Carlisle,2,110000,0.0018181818181818182
E07000028,Carlisle,4,110000,0.0036363636363636364
E07000028,Carlisle,2,110000,0.0018181818181818182
E07000028,Carlisle,0,110000,0
E07000028,Carlisle,1725,110000,1.5681818181818181
E07000028,Carlisle,1732,110000,1.5745454545454545
E07000028,Carlisle,11,110000,0.01
E07000028,Carlisle,101,110000,0.09181818181818181
E07000028,Carlisle,476,110000,0.43272727272727274
E07000028,Carlisle,525,110000,0.4772727272727273
E07000029,Copeland,0,67100,0
E07000029,Copeland,0,67100,0
E07000029,Copeland,0,67100,0
E07000029,Copeland,0,67100,0
E07000029,Copeland,0,67100,0
E07000029,Copeland,0,67100,0
E07000029,Copeland,0,67100,0
E07000029,Copeland,0,67100,0
E07000029,Copeland,17634,67100,26.280178837555887
E07000029,Copeland,25419,67100,37.8822652757079
E07000029,Copeland,72,67100,0.10730253353204174
E07000029,Copeland,1055,67100,1.572280178837556
E07000029,Copeland,5048,67100,7.523099850968704
E07000029,Copeland,3963,67100,5.906110283159464
E07000029,Copeland,0,67100,0
E07000029,Copeland,36,67100,0.05365126676602087
E07000029,Copeland,23,67100,0.03427719821162444
E07000029,Copeland,0,67100,0
E07000029,Copeland,2,67100,0.0029806259314456036
E07000029,Copeland,16,67100,0.02384500745156483
E07000029,Copeland,5,67100,0.007451564828614009
E07000029,Copeland,0,67100,0
E07000029,Copeland,18,67100,0.026825633383010434
E07000029,Copeland,7,67100,0.010432190760059613
E07000029,Copeland,0,67100,0
E07000029,Copeland,0,67100,0
E07000029,Copeland,6,67100,0.00894187779433681
E07000029,Copeland,2,67100,0.0029806259314456036
E07000029,Copeland,0,67100,0
E07000029,Copeland,28,67100,0.041728763040238454
E07000029,Copeland,7,67100,0.010432190760059613
E07000029,Copeland,0,67100,0
E07000029,Copeland,0,67100,0
E07000029,Copeland,2,67100,0.0029806259314456036
E07000029,Copeland,3,67100,0.004470938897168405
E07000029,Copeland,0,67100,0
E07000029,Copeland,30,67100,0.044709388971684055
E07000029,Copeland,5,67100,0.007451564828614009
E07000029,Copeland,0,67100,0
E07000029,Copeland,0,67100,0
E07000029,Copeland,2,67100,0.0029806259314456036
E07000029,Copeland,0,67100,0
E07000029,Copeland,0,67100,0
E07000029,Copeland,891,67100,1.3278688524590163
E07000029,Copeland,1106,67100,1.6482861400894189
E07000029,Copeland,7,67100,0.010432190760059613
E07000029,Copeland,46,67100,0.06855439642324888
E07000029,Copeland,278,67100,0.4143070044709389
E07000029,Copeland,300,67100,0.44709388971684055
E07000030,Eden,0,54700,0
E07000030,Eden,0,54700,0
E07000030,Eden,0,54700,0
E07000030,Eden,0,54700,0
E07000030,Eden,0,54700,0
E07000030,Eden,0,54700,0
E07000030,Eden,0,54700,0
E07000030,Eden,0,54700,0
E07000030,Eden,12954,54700,23.681901279707496
E07000030,Eden,23209,54700,42.42961608775137
E07000030,Eden,104,54700,0.19012797074954296
E07000030,Eden,741,54700,1.3546617915904935
E07000030,Eden,3860,54700,7.056672760511883
E07000030,Eden,3163,54700,5.782449725776965
E07000030,Eden,0,54700,0
E07000030,Eden,21,54700,0.038391224862888484
E07000030,Eden,30,54700,0.054844606946983544
E07000030,Eden,0,54700,0
E07000030,Eden,0,54700,0
E07000030,Eden,4,54700,0.007312614259597806
E07000030,Eden,2,54700,0.003656307129798903
E07000030,Eden,0,54700,0
E07000030,Eden,8,54700,0.014625228519195612
E07000030,Eden,9,54700,0.016453382084095063
E07000030,Eden,0,54700,0
E07000030,Eden,1,54700,0.0018281535648994515
E07000030,Eden,1,54700,0.0018281535648994515
E07000030,Eden,3,54700,0.005484460694698354
E07000030,Eden,0,54700,0
E07000030,Eden,14,54700,0.025594149908592323
E07000030,Eden,12,54700,0.021937842778793418
E07000030,Eden,0,54700,0
E07000030,Eden,0,54700,0
E07000030,Eden,0,54700,0
E07000030,Eden,1,54700,0.0018281535648994515
E07000030,Eden,0,54700,0
E07000030,Eden,38,54700,0.06946983546617916
E07000030,Eden,1,54700,0.0018281535648994515
E07000030,Eden,1,54700,0.0018281535648994515
E07000030,Eden,0,54700,0
E07000030,Eden,1,54700,0.0018281535648994515
E07000030,Eden,0,54700,0
E07000030,Eden,0,54700,0
E07000030,Eden,797,54700,1.4570383912248628
E07000030,Eden,1123,54700,2.0530164533820843
E07000030,Eden,6,54700,0.010968921389396709
E07000030,Eden,37,54700,0.06764168190127971
E07000030,Eden,236,54700,0.43144424131627057
E07000030,Eden,263,54700,0.48080438756855576
E07000031,South Lakeland,0,104500,0
E07000031,South Lakeland,0,104500,0
E07000031,South Lakeland,0,104500,0
E07000031,South Lakeland,0,104500,0
E07000031,South Lakeland,0,104500,0
E07000031,South Lakeland,0,104500,0
E07000031,South Lakeland,0,104500,0
E07000031,South Lakeland,0,104500,0
E07000031,South Lakeland,24694,104500,23.63062200956938
E07000031,South Lakeland,43794,104500,41.90813397129187
E07000031,South Lakeland,184,104500,0.17607655502392344
E07000031,South Lakeland,1433,104500,1.3712918660287081
E07000031,South Lakeland,8099,104500,7.750239234449761
E07000031,South Lakeland,6600,104500,6.315789473684211
E07000031,South Lakeland,0,104500,0
E07000031,South Lakeland,47,104500,0.044976076555023926
E07000031,South Lakeland,30,104500,0.028708133971291867
E07000031,South Lakeland,0,104500,0
E07000031,South Lakeland,0,104500,0
E07000031,South Lakeland,9,104500,0.00861244019138756
E07000031,South Lakeland,5,104500,0.004784688995215311
E07000031,South Lakeland,0,104500,0
E07000031,South Lakeland,25,104500,0.023923444976076555
E07000031,South Lakeland,17,104500,0.016267942583732056
E07000031,South Lakeland,0,104500,0
E07000031,South Lakeland,2,104500,0.0019138755980861245
E07000031,South Lakeland,7,104500,0.0066985645933014355
E07000031,South Lakeland,4,104500,0.003827751196172249
E07000031,South Lakeland,0,104500,0
E07000031,South Lakeland,35,104500,0.03349282296650718
E07000031,South Lakeland,16,104500,0.015311004784688996
E07000031,South Lakeland,0,104500,0
E07000031,South Lakeland,1,104500,9.569377990430622e-4
E07000031,South Lakeland,2,104500,0.0019138755980861245
E07000031,South Lakeland,2,104500,0.0019138755980861245
E07000031,South Lakeland,0,104500,0
E07000031,South Lakeland,43,104500,0.04114832535885168
E07000031,South Lakeland,11,104500,0.010526315789473684
E07000031,South Lakeland,0,104500,0
E07000031,South Lakeland,2,104500,0.0019138755980861245
E07000031,South Lakeland,3,104500,0.0028708133971291866
E07000031,South Lakeland,0,104500,0
E07000031,South Lakeland,0,104500,0
E07000031,South Lakeland,1654,104500,1.5827751196172248
E07000031,South Lakeland,1938,104500,1.8545454545454545
E07000031,South Lakeland,10,104500,0.009569377990430622
E07000031,South Lakeland,75,104500,0.07177033492822966
E07000031,South Lakeland,424,104500,0.40574162679425835
E07000031,South Lakeland,533,104500,0.5100478468899522
E07000032,Amber Valley,0,126200,0
E07000032,Amber Valley,0,126200,0
E07000032,Amber Valley,0,126200,0
E07000032,Amber Valley,0,126200,0
E07000032,Amber Valley,0,126200,0
E07000032,Amber Valley,0,126200,0
E07000032,Amber Valley,0,126200,0
E07000032,Amber Valley,0,126200,0
E07000032,Amber Valley,32168,126200,25.489698890649763
E07000032,Amber Valley,47485,126200,37.62678288431062
E07000032,Amber Valley,190,126200,0.15055467511885895
E07000032,Amber Valley,2255,126200,1.7868462757527734
E07000032,Amber Valley,10330,126200,8.185419968304279
E07000032,Amber Valley,6615,126200,5.241679873217116
E07000032,Amber Valley,0,126200,0
E07000032,Amber Valley,65,126200,0.05150554675118859
E07000032,Amber Valley,31,126200,0.02456418383518225
E07000032,Amber Valley,0,126200,0
E07000032,Amber Valley,8,126200,0.006339144215530904
E07000032,Amber Valley,13,126200,0.010301109350237718
E07000032,Amber Valley,6,126200,0.004754358161648178
E07000032,Amber Valley,0,126200,0
E07000032,Amber Valley,25,126200,0.019809825673534072
E07000032,Amber Valley,9,126200,0.0071315372424722665
E07000032,Amber Valley,0,126200,0
E07000032,Amber Valley,1,126200,7.92393026941363e-4
E07000032,Amber Valley,12,126200,0.009508716323296355
E07000032,Amber Valley,0,126200,0
E07000032,Amber Valley,0,126200,0
E07000032,Amber Valley,43,126200,0.03407290015847861
E07000032,Amber Valley,8,126200,0.006339144215530904
E07000032,Amber Valley,0,126200,0
E07000032,Amber Valley,2,126200,0.001584786053882726
E07000032,Amber Valley,2,126200,0.001584786053882726
E07000032,Amber Valley,1,126200,7.92393026941363e-4
E07000032,Amber Valley,0,126200,0
E07000032,Amber Valley,63,126200,0.04992076069730586
E07000032,Amber Valley,13,126200,0.010301109350237718
E07000032,Amber Valley,1,126200,7.92393026941363e-4
E07000032,Amber Valley,0,126200,0
E07000032,Amber Valley,2,126200,0.001584786053882726
E07000032,Amber Valley,0,126200,0
E07000032,Amber Valley,0,126200,0
E07000032,Amber Valley,1862,126200,1.4754358161648178
E07000032,Amber Valley,2340,126200,1.8541996830427891
E07000032,Amber Valley,8,126200,0.006339144215530904
E07000032,Amber Valley,102,126200,0.08082408874801902
E07000032,Amber Valley,634,126200,0.5023771790808241
E07000032,Amber Valley,768,126200,0.6085578446909667
E07000033,Bolsover,0,80300,0
E07000033,Bolsover,0,80300,0
E07000033,Bolsover,0,80300,0
E07000033,Bolsover,0,80300,0
E07000033,Bolsover,0,80300,0
E07000033,Bolsover,0,80300,0
E07000033,Bolsover,0,80300,0
E07000033,Bolsover,0,80300,0
E07000033,Bolsover,21615,80300,26.91780821917808
E07000033,Bolsover,28439,80300,35.4159402241594
E07000033,Bolsover,126,80300,0.1569115815691158
E07000033,Bolsover,1509,80300,1.8792029887920298
E07000033,Bolsover,6579,80300,8.193026151930262
E07000033,Bolsover,4218,80300,5.25280199252802
E07000033,Bolsover,0,80300,0
E07000033,Bolsover,39,80300,0.048567870485678705
E07000033,Bolsover,28,80300,0.034869240348692404
E07000033,Bolsover,0,80300,0
E07000033,Bolsover,0,80300,0
E07000033,Bolsover,7,80300,0.008717310087173101
E07000033,Bolsover,8,80300,0.009962640099626401
E07000033,Bolsover,0,80300,0
E07000033,Bolsover,21,80300,0.026151930261519303
E07000033,Bolsover,11,80300,0.0136986301369863
E07000033,Bolsover,0,80300,0
E07000033,Bolsover,2,80300,0.0024906600249066002
E07000033,Bolsover,5,80300,0.0062266500622665
E07000033,Bolsover,2,80300,0.0024906600249066002
E07000033,Bolsover,0,80300,0
E07000033,Bolsover,19,80300,0.023661270236612703
E07000033,Bolsover,11,80300,0.0136986301369863
E07000033,Bolsover,0,80300,0
E07000033,Bolsover,3,80300,0.0037359900373599006
E07000033,Bolsover,1,80300,0.0012453300124533001
E07000033,Bolsover,3,80300,0.0037359900373599006
E07000033,Bolsover,0,80300,0
E07000033,Bolsover,33,80300,0.0410958904109589
E07000033,Bolsover,10,80300,0.012453300124533
E07000033,Bolsover,0,80300,0
E07000033,Bolsover,0,80300,0
E07000033,Bolsover,3,80300,0.0037359900373599006
E07000033,Bolsover,0,80300,0
E07000033,Bolsover,0,80300,0
E07000033,Bolsover,1292,80300,1.6089663760896638
E07000033,Bolsover,1402,80300,1.7459526774595269
E07000033,Bolsover,9,80300,0.0112079701120797
E07000033,Bolsover,72,80300,0.0896637608966376
E07000033,Bolsover,381,80300,0.47447073474470736
E07000033,Bolsover,438,80300,0.5454545454545454
E07000034,Chesterfield,0,103600,0
E07000034,Chesterfield,0,103600,0
E07000034,Chesterfield,0,103600,0
E07000034,Chesterfield,0,103600,0
E07000034,Chesterfield,0,103600,0
E07000034,Chesterfield,0,103600,0
E07000034,Chesterfield,0,103600,0
E07000034,Chesterfield,0,103600,0
E07000034,Chesterfield,28893,103600,27.888996138996138
E07000034,Chesterfield,35557,103600,34.32142857142857
E07000034,Chesterfield,129,103600,0.12451737451737452
E07000034,Chesterfield,1898,103600,1.832046332046332
E07000034,Chesterfield,9047,103600,8.732625482625483
E07000034,Chesterfield,5634,103600,5.438223938223938
E07000034,Chesterfield,0,103600,0
E07000034,Chesterfield,49,103600,0.0472972972972973
E07000034,Chesterfield,34,103600,0.032818532818532815
E07000034,Chesterfield,1,103600,9.652509652509653e-4
E07000034,Chesterfield,2,103600,0.0019305019305019305
E07000034,Chesterfield,16,103600,0.015444015444015444
E07000034,Chesterfield,10,103600,0.009652509652509652
E07000034,Chesterfield,0,103600,0
E07000034,Chesterfield,33,103600,0.03185328185328185
E07000034,Chesterfield,17,103600,0.016409266409266408
E07000034,Chesterfield,0,103600,0
E07000034,Chesterfield,3,103600,0.0028957528957528956
E07000034,Chesterfield,6,103600,0.005791505791505791
E07000034,Chesterfield,4,103600,0.003861003861003861
E07000034,Chesterfield,0,103600,0
E07000034,Chesterfield,37,103600,0.03571428571428571
E07000034,Chesterfield,12,103600,0.011583011583011582
E07000034,Chesterfield,0,103600,0
E07000034,Chesterfield,0,103600,0
E07000034,Chesterfield,5,103600,0.004826254826254826
E07000034,Chesterfield,1,103600,9.652509652509653e-4
E07000034,Chesterfield,0,103600,0
E07000034,Chesterfield,64,103600,0.06177606177606178
E07000034,Chesterfield,5,103600,0.004826254826254826
E07000034,Chesterfield,0,103600,0
E07000034,Chesterfield,1,103600,9.652509652509653e-4
E07000034,Chesterfield,4,103600,0.003861003861003861
E07000034,Chesterfield,0,103600,0
E07000034,Chesterfield,0,103600,0
E07000034,Chesterfield,1647,103600,1.5897683397683398
E07000034,Chesterfield,1655,103600,1.5974903474903475
E07000034,Chesterfield,12,103600,0.011583011583011582
E07000034,Chesterfield,113,103600,0.10907335907335908
E07000034,Chesterfield,576,103600,0.555984555984556
E07000034,Chesterfield,542,103600,0.5231660231660231
E07000035,Derbyshire Dales,0,71500,0
E07000035,Derbyshire Dales,0,71500,0
E07000035,Derbyshire Dales,0,71500,0
E07000035,Derbyshire Dales,0,71500,0
E07000035,Derbyshire Dales,0,71500,0
E07000035,Derbyshire Dales,0,71500,0
E07000035,Derbyshire Dales,0,71500,0
E07000035,Derbyshire Dales,0,71500,0
E07000035,Derbyshire Dales,15718,71500,21.983216783216783
E07000035,Derbyshire Dales,30880,71500,43.18881118881119
E07000035,Derbyshire Dales,174,71500,0.24335664335664337
E07000035,Derbyshire Dales,1145,71500,1.6013986013986015
E07000035,Derbyshire Dales,5580,71500,7.804195804195804
E07000035,Derbyshire Dales,4345,71500,6.076923076923077
E07000035,Derbyshire Dales,0,71500,0
E07000035,Derbyshire Dales,20,71500,0.027972027972027972
E07000035,Derbyshire Dales,12,71500,0.016783216783216783
E07000035,Derbyshire Dales,0,71500,0
E07000035,Derbyshire Dales,0,71500,0
E07000035,Derbyshire Dales,5,71500,0.006993006993006993
E07000035,Derbyshire Dales,8,71500,0.011188811188811189
E07000035,Derbyshire Dales,0,71500,0
E07000035,Derbyshire Dales,9,71500,0.012587412587412588
E07000035,Derbyshire Dales,4,71500,0.005594405594405594
E07000035,Derbyshire Dales,0,71500,0
E07000035,Derbyshire Dales,1,71500,0.0013986013986013986
E07000035,Derbyshire Dales,3,71500,0.004195804195804196
E07000035,Derbyshire Dales,1,71500,0.0013986013986013986
E07000035,Derbyshire Dales,0,71500,0
E07000035,Derbyshire Dales,13,71500,0.01818181818181818
E07000035,Derbyshire Dales,6,71500,0.008391608391608392
E07000035,Derbyshire Dales,0,71500,0
E07000035,Derbyshire Dales,1,71500,0.0013986013986013986
E07000035,Derbyshire Dales,3,71500,0.004195804195804196
E07000035,Derbyshire Dales,1,71500,0.0013986013986013986
E07000035,Derbyshire Dales,0,71500,0
E07000035,Derbyshire Dales,25,71500,0.03496503496503497
E07000035,Derbyshire Dales,3,71500,0.004195804195804196
E07000035,Derbyshire Dales,1,71500,0.0013986013986013986
E07000035,Derbyshire Dales,1,71500,0.0013986013986013986
E07000035,Derbyshire Dales,0,71500,0
E07000035,Derbyshire Dales,0,71500,0
E07000035,Derbyshire Dales,0,71500,0
E07000035,Derbyshire Dales,995,71500,1.3916083916083917
E07000035,Derbyshire Dales,1338,71500,1.8713286713286714
E07000035,Derbyshire Dales,5,71500,0.006993006993006993
E07000035,Derbyshire Dales,58,71500,0.08111888111888112
E07000035,Derbyshire Dales,312,71500,0.43636363636363634
E07000035,Derbyshire Dales,395,71500,0.5524475524475524
E07000036,Erewash,0,112900,0
E07000036,Erewash,0,112900,0
E07000036,Erewash,0,112900,0
E07000036,Erewash,0,112900,0
E07000036,Erewash,0,112900,0
E07000036,Erewash,0,112900,0
E07000036,Erewash,0,112900,0
E07000036,Erewash,0,112900,0
E07000036,Erewash,31299,112900,27.722763507528786
E07000036,Erewash,40068,112900,35.48981399468556
E07000036,Erewash,140,112900,0.12400354295837024
E07000036,Erewash,1995,112900,1.7670504871567758
E07000036,Erewash,9281,112900,8.220549158547387
E07000036,Erewash,5803,112900,5.139946855624446
E07000036,Erewash,0,112900,0
E07000036,Erewash,62,112900,0.05491585473870682
E07000036,Erewash,32,112900,0.0283436669619132
E07000036,Erewash,0,112900,0
E07000036,Erewash,2,112900,0.001771479185119575
E07000036,Erewash,9,112900,0.007971656333038087
E07000036,Erewash,8,112900,0.0070859167404783
E07000036,Erewash,0,112900,0
E07000036,Erewash,25,112900,0.022143489813994686
E07000036,Erewash,15,112900,0.013286093888396812
E07000036,Erewash,0,112900,0
E07000036,Erewash,3,112900,0.002657218777679362
E07000036,Erewash,7,112900,0.006200177147918512
E07000036,Erewash,3,112900,0.002657218777679362
E07000036,Erewash,0,112900,0
E07000036,Erewash,46,112900,0.04074402125775022
E07000036,Erewash,14,112900,0.012400354295837024
E07000036,Erewash,0,112900,0
E07000036,Erewash,0,112900,0
E07000036,Erewash,7,112900,0.006200177147918512
E07000036,Erewash,0,112900,0
E07000036,Erewash,0,112900,0
E07000036,Erewash,82,112900,0.07263064658990256
E07000036,Erewash,9,112900,0.007971656333038087
E07000036,Erewash,0,112900,0
E07000036,Erewash,2,112900,0.001771479185119575
E07000036,Erewash,3,112900,0.002657218777679362
E07000036,Erewash,0,112900,0
E07000036,Erewash,0,112900,0
E07000036,Erewash,1638,112900,1.4508414526129318
E07000036,Erewash,1788,112900,1.5837023914969
E07000036,Erewash,8,112900,0.0070859167404783
E07000036,Erewash,95,112900,0.0841452612931798
E07000036,Erewash,526,112900,0.4658990256864482
E07000036,Erewash,554,112900,0.49069973427812225
E07000037,High Peak,0,90900,0
E07000037,High Peak,0,90900,0
E07000037,High Peak,0,90900,0
E07000037,High Peak,0,90900,0
E07000037,High Peak,0,90900,0
E07000037,High Peak,0,90900,0
E07000037,High Peak,0,90900,0
E07000037,High Peak,0,90900,0
E07000037,High Peak,23924,90900,26.319031903190318
E07000037,High Peak,33844,90900,37.232123212321234
E07000037,High Peak,161,90900,0.1771177117711771
E07000037,High Peak,1647,90900,1.811881188118812
E07000037,High Peak,7555,90900,8.311331133113312
E07000037,High Peak,4735,90900,5.209020902090209
E07000037,High Peak,0,90900,0
E07000037,High Peak,45,90900,0.04950495049504951
E07000037,High Peak,26,90900,0.028602860286028604
E07000037,High Peak,1,90900,0.0011001100110011
E07000037,High Peak,0,90900,0
E07000037,High Peak,8,90900,0.0088008800880088
E07000037,High Peak,6,90900,0.006600660066006601
E07000037,High Peak,0,90900,0
E07000037,High Peak,32,90900,0.0352035203520352
E07000037,High Peak,9,90900,0.009900990099009901
E07000037,High Peak,0,90900,0
E07000037,High Peak,4,90900,0.0044004400440044
E07000037,High Peak,5,90900,0.005500550055005501
E07000037,High Peak,2,90900,0.0022002200220022
E07000037,High Peak,0,90900,0
E07000037,High Peak,30,90900,0.033003300330033
E07000037,High Peak,11,90900,0.0121012101210121
E07000037,High Peak,0,90900,0
E07000037,High Peak,2,90900,0.0022002200220022
E07000037,High Peak,3,90900,0.0033003300330033004
E07000037,High Peak,3,90900,0.0033003300330033004
E07000037,High Peak,0,90900,0
E07000037,High Peak,55,90900,0.06050605060506051
E07000037,High Peak,8,90900,0.0088008800880088
E07000037,High Peak,1,90900,0.0011001100110011
E07000037,High Peak,3,90900,0.0033003300330033004
E07000037,High Peak,5,90900,0.005500550055005501
E07000037,High Peak,0,90900,0
E07000037,High Peak,0,90900,0
E07000037,High Peak,1302,90900,1.4323432343234324
E07000037,High Peak,1366,90900,1.5027502750275028
E07000037,High Peak,6,90900,0.006600660066006601
E07000037,High Peak,78,90900,0.0858085808580858
E07000037,High Peak,429,90900,0.47194719471947194
E07000037,High Peak,362,90900,0.39823982398239827
E07000038,North East Derbyshire,0,102000,0
E07000038,North East Derbyshire,0,102000,0
E07000038,North East Derbyshire,0,102000,0
E07000038,North East Derbyshire,0,102000,0
E07000038,North East Derbyshire,0,102000,0
E07000038,North East Derbyshire,0,102000,0
E07000038,North East Derbyshire,0,102000,0
E07000038,North East Derbyshire,0,102000,0
E07000038,North East Derbyshire,24617,102000,24.134313725490195
E07000038,North East Derbyshire,40188,102000,39.4
E07000038,North East Derbyshire,136,102000,0.13333333333333333
E07000038,North East Derbyshire,1747,102000,1.7127450980392156
E07000038,North East Derbyshire,8308,102000,8.145098039215686
E07000038,North East Derbyshire,5890,102000,5.7745098039215685
E07000038,North East Derbyshire,0,102000,0
E07000038,North East Derbyshire,27,102000,0.026470588235294117
E07000038,North East Derbyshire,25,102000,0.024509803921568627
E07000038,North East Derbyshire,1,102000,9.80392156862745e-4
E07000038,North East Derbyshire,2,102000,0.00196078431372549
E07000038,North East Derbyshire,7,102000,0.006862745098039216
E07000038,North East Derbyshire,6,102000,0.0058823529411764705
E07000038,North East Derbyshire,0,102000,0
E07000038,North East Derbyshire,17,102000,0.016666666666666666
E07000038,North East Derbyshire,13,102000,0.012745098039215686
E07000038,North East Derbyshire,0,102000,0
E07000038,North East Derbyshire,1,102000,9.80392156862745e-4
E07000038,North East Derbyshire,4,102000,0.00392156862745098
E07000038,North East Derbyshire,4,102000,0.00392156862745098
E07000038,North East Derbyshire,0,102000,0
E07000038,North East Derbyshire,23,102000,0.022549019607843137
E07000038,North East Derbyshire,10,102000,0.00980392156862745
E07000038,North East Derbyshire,0,102000,0
E07000038,North East Derbyshire,4,102000,0.00392156862745098
E07000038,North East Derbyshire,4,102000,0.00392156862745098
E07000038,North East Derbyshire,1,102000,9.80392156862745e-4
E07000038,North East Derbyshire,0,102000,0
E07000038,North East Derbyshire,36,102000,0.03529411764705882
E07000038,North East Derbyshire,4,102000,0.00392156862745098
E07000038,North East Derbyshire,0,102000,0
E07000038,North East Derbyshire,0,102000,0
E07000038,North East Derbyshire,0,102000,0
E07000038,North East Derbyshire,1,102000,9.80392156862745e-4
E07000038,North East Derbyshire,0,102000,0
E07000038,North East Derbyshire,1288,102000,1.2627450980392156
E07000038,North East Derbyshire,1752,102000,1.7176470588235293
E07000038,North East Derbyshire,7,102000,0.006862745098039216
E07000038,North East Derbyshire,79,102000,0.07745098039215687
E07000038,North East Derbyshire,445,102000,0.4362745098039216
E07000038,North East Derbyshire,628,102000,0.615686274509804
E07000039,South Derbyshire,0,107200,0
E07000039,South Derbyshire,0,107200,0
E07000039,South Derbyshire,0,107200,0
E07000039,South Derbyshire,0,107200,0
E07000039,South Derbyshire,0,107200,0
E07000039,South Derbyshire,0,107200,0
E07000039,South Derbyshire,0,107200,0
E07000039,South Derbyshire,0,107200,0
E07000039,South Derbyshire,27033,107200,25.217350746268657
E07000039,South Derbyshire,40890,107200,38.14365671641791
E07000039,South Derbyshire,113,107200,0.10541044776119403
E07000039,South Derbyshire,1933,107200,1.8031716417910448
E07000039,South Derbyshire,7929,107200,7.396455223880597
E07000039,South Derbyshire,4822,107200,4.498134328358209
E07000039,South Derbyshire,0,107200,0
E07000039,South Derbyshire,33,107200,0.030783582089552237
E07000039,South Derbyshire,30,107200,0.027985074626865673
E07000039,South Derbyshire,0,107200,0
E07000039,South Derbyshire,3,107200,0.002798507462686567
E07000039,South Derbyshire,13,107200,0.012126865671641791
E07000039,South Derbyshire,5,107200,0.0046641791044776115
E07000039,South Derbyshire,0,107200,0
E07000039,South Derbyshire,22,107200,0.020522388059701493
E07000039,South Derbyshire,16,107200,0.014925373134328358
E07000039,South Derbyshire,0,107200,0
E07000039,South Derbyshire,2,107200,0.0018656716417910447
E07000039,South Derbyshire,5,107200,0.0046641791044776115
E07000039,South Derbyshire,2,107200,0.0018656716417910447
E07000039,South Derbyshire,0,107200,0
E07000039,South Derbyshire,18,107200,0.016791044776119403
E07000039,South Derbyshire,13,107200,0.012126865671641791
E07000039,South Derbyshire,0,107200,0
E07000039,South Derbyshire,2,107200,0.0018656716417910447
E07000039,South Derbyshire,5,107200,0.0046641791044776115
E07000039,South Derbyshire,2,107200,0.0018656716417910447
E07000039,South Derbyshire,0,107200,0
E07000039,South Derbyshire,32,107200,0.029850746268656716
E07000039,South Derbyshire,9,107200,0.008395522388059701
E07000039,South Derbyshire,0,107200,0
E07000039,South Derbyshire,1,107200,9.328358208955224e-4
E07000039,South Derbyshire,2,107200,0.0018656716417910447
E07000039,South Derbyshire,0,107200,0
E07000039,South Derbyshire,0,107200,0
E07000039,South Derbyshire,1408,107200,1.3134328358208955
E07000039,South Derbyshire,1692,107200,1.578358208955224
E07000039,South Derbyshire,11,107200,0.010261194029850746
E07000039,South Derbyshire,80,107200,0.07462686567164178
E07000039,South Derbyshire,425,107200,0.396455223880597
E07000039,South Derbyshire,404,107200,0.376865671641791
E07000040,East Devon,0,150800,0
E07000040,East Devon,0,150800,0
E07000040,East Devon,0,150800,0
E07000040,East Devon,0,150800,0
E07000040,East Devon,0,150800,0
E07000040,East Devon,0,150800,0
E07000040,East Devon,0,150800,0
E07000040,East Devon,0,150800,0
E07000040,East Devon,32828,150800,21.76923076923077
E07000040,East Devon,62579,150800,41.498010610079575
E07000040,East Devon,288,150800,0.1909814323607427
E07000040,East Devon,2453,150800,1.626657824933687
E07000040,East Devon,12423,150800,8.238063660477454
E07000040,East Devon,9503,150800,6.301724137931035
E07000040,East Devon,0,150800,0
E07000040,East Devon,44,150800,0.029177718832891247
E07000040,East Devon,43,150800,0.028514588859416445
E07000040,East Devon,2,150800,0.001326259946949602
E07000040,East Devon,5,150800,0.0033156498673740055
E07000040,East Devon,13,150800,0.008620689655172414
E07000040,East Devon,9,150800,0.005968169761273209
E07000040,East Devon,0,150800,0
E07000040,East Devon,30,150800,0.01989389920424403
E07000040,East Devon,15,150800,0.009946949602122016
E07000040,East Devon,2,150800,0.001326259946949602
E07000040,East Devon,1,150800,6.63129973474801e-4
E07000040,East Devon,7,150800,0.004641909814323607
E07000040,East Devon,5,150800,0.0033156498673740055
E07000040,East Devon,0,150800,0
E07000040,East Devon,36,150800,0.023872679045092837
E07000040,East Devon,13,150800,0.008620689655172414
E07000040,East Devon,0,150800,0
E07000040,East Devon,0,150800,0
E07000040,East Devon,2,150800,0.001326259946949602
E07000040,East Devon,4,150800,0.002652519893899204
E07000040,East Devon,0,150800,0
E07000040,East Devon,76,150800,0.050397877984084884
E07000040,East Devon,6,150800,0.003978779840848806
E07000040,East Devon,0,150800,0
E07000040,East Devon,2,150800,0.001326259946949602
E07000040,East Devon,1,150800,6.63129973474801e-4
E07000040,East Devon,0,150800,0
E07000040,East Devon,0,150800,0
E07000040,East Devon,2221,150800,1.4728116710875332
E07000040,East Devon,3005,150800,1.992705570291777
E07000040,East Devon,20,150800,0.013262599469496022
E07000040,East Devon,130,150800,0.08620689655172414
E07000040,East Devon,776,150800,0.5145888594164456
E07000040,East Devon,856,150800,0.5676392572944297
E07000041,Exeter,0,130800,0
E07000041,Exeter,0,130800,0
E07000041,Exeter,0,130800,0
E07000041,Exeter,0,130800,0
E07000041,Exeter,0,130800,0
E07000041,Exeter,0,130800,0
E07000041,Exeter,0,130800,0
E07000041,Exeter,0,130800,0
E07000041,Exeter,49610,130800,37.928134556574925
E07000041,Exeter,37592,130800,28.74006116207951
E07000041,Exeter,197,130800,0.15061162079510704
E07000041,Exeter,1933,130800,1.47782874617737
E07000041,Exeter,9139,130800,6.9870030581039755
E07000041,Exeter,4927,130800,3.7668195718654434
E07000041,Exeter,0,130800,0
E07000041,Exeter,84,130800,0.06422018348623854
E07000041,Exeter,70,130800,0.053516819571865444
E07000041,Exeter,0,130800,0
E07000041,Exeter,6,130800,0.0045871559633027525
E07000041,Exeter,22,130800,0.016819571865443424
E07000041,Exeter,10,130800,0.00764525993883792
E07000041,Exeter,0,130800,0
E07000041,Exeter,75,130800,0.05733944954128441
E07000041,Exeter,22,130800,0.016819571865443424
E07000041,Exeter,2,130800,0.0015290519877675841
E07000041,Exeter,3,130800,0.0022935779816513763
E07000041,Exeter,12,130800,0.009174311926605505
E07000041,Exeter,5,130800,0.00382262996941896
E07000041,Exeter,0,130800,0
E07000041,Exeter,77,130800,0.058868501529051986
E07000041,Exeter,15,130800,0.011467889908256881
E07000041,Exeter,0,130800,0
E07000041,Exeter,2,130800,0.0015290519877675841
E07000041,Exeter,5,130800,0.00382262996941896
E07000041,Exeter,0,130800,0
E07000041,Exeter,0,130800,0
E07000041,Exeter,206,130800,0.15749235474006115
E07000041,Exeter,29,130800,0.02217125382262997
E07000041,Exeter,1,130800,7.645259938837921e-4
E07000041,Exeter,2,130800,0.0015290519877675841
E07000041,Exeter,6,130800,0.0045871559633027525
E07000041,Exeter,0,130800,0
E07000041,Exeter,0,130800,0
E07000041,Exeter,4173,130800,3.1903669724770642
E07000041,Exeter,1833,130800,1.401376146788991
E07000041,Exeter,16,130800,0.012232415902140673
E07000041,Exeter,103,130800,0.07874617737003058
E07000041,Exeter,584,130800,0.44648318042813456
E07000041,Exeter,575,130800,0.4396024464831804
E07000042,Mid Devon,0,82800,0
E07000042,Mid Devon,0,82800,0
E07000042,Mid Devon,0,82800,0
E07000042,Mid Devon,0,82800,0
E07000042,Mid Devon,0,82800,0
E07000042,Mid Devon,0,82800,0
E07000042,Mid Devon,0,82800,0
E07000042,Mid Devon,0,82800,0
E07000042,Mid Devon,19044,82800,23
E07000042,Mid Devon,32808,82800,39.6231884057971
E07000042,Mid Devon,149,82800,0.17995169082125603
E07000042,Mid Devon,1502,82800,1.8140096618357489
E07000042,Mid Devon,6389,82800,7.716183574879227
E07000042,Mid Devon,4323,82800,5.221014492753623
E07000042,Mid Devon,0,82800,0
E07000042,Mid Devon,62,82800,0.0748792270531401
E07000042,Mid Devon,35,82800,0.042270531400966184
E07000042,Mid Devon,0,82800,0
E07000042,Mid Devon,1,82800,0.0012077294685990338
E07000042,Mid Devon,13,82800,0.01570048309178744
E07000042,Mid Devon,6,82800,0.007246376811594203
E07000042,Mid Devon,0,82800,0
E07000042,Mid Devon,23,82800,0.027777777777777776
E07000042,Mid Devon,11,82800,0.013285024154589372
E07000042,Mid Devon,0,82800,0
E07000042,Mid Devon,2,82800,0.0024154589371980675
E07000042,Mid Devon,6,82800,0.007246376811594203
E07000042,Mid Devon,5,82800,0.006038647342995169
E07000042,Mid Devon,0,82800,0
E07000042,Mid Devon,20,82800,0.024154589371980676
E07000042,Mid Devon,13,82800,0.01570048309178744
E07000042,Mid Devon,0,82800,0
E07000042,Mid Devon,2,82800,0.0024154589371980675
E07000042,Mid Devon,2,82800,0.0024154589371980675
E07000042,Mid Devon,0,82800,0
E07000042,Mid Devon,0,82800,0
E07000042,Mid Devon,28,82800,0.033816425120772944
E07000042,Mid Devon,9,82800,0.010869565217391304
E07000042,Mid Devon,0,82800,0
E07000042,Mid Devon,0,82800,0
E07000042,Mid Devon,5,82800,0.006038647342995169
E07000042,Mid Devon,0,82800,0
E07000042,Mid Devon,0,82800,0
E07000042,Mid Devon,1304,82800,1.5748792270531402
E07000042,Mid Devon,1573,82800,1.8997584541062802
E07000042,Mid Devon,9,82800,0.010869565217391304
E07000042,Mid Devon,71,82800,0.08574879227053141
E07000042,Mid Devon,408,82800,0.4927536231884058
E07000042,Mid Devon,385,82800,0.46497584541062803
E07000043,North Devon,0,98600,0
E07000043,North Devon,0,98600,0
E07000043,North Devon,0,98600,0
E07000043,North Devon,0,98600,0
E07000043,North Devon,0,98600,0
E07000043,North Devon,0,98600,0
E07000043,North Devon,0,98600,0
E07000043,North Devon,0,98600,0
E07000043,North Devon,23361,98600,23.692697768762677
E07000043,North Devon,38289,98600,38.83265720081136
E07000043,North Devon,139,98600,0.140973630831643
E07000043,North Devon,1768,98600,1.793103448275862
E07000043,North Devon,8155,98600,8.27079107505071
E07000043,North Devon,5639,98600,5.719066937119676
E07000043,North Devon,0,98600,0
E07000043,North Devon,40,98600,0.04056795131845842
E07000043,North Devon,39,98600,0.03955375253549696
E07000043,North Devon,0,98600,0
E07000043,North Devon,4,98600,0.004056795131845842
E07000043,North Devon,10,98600,0.010141987829614604
E07000043,North Devon,5,98600,0.005070993914807302
E07000043,North Devon,0,98600,0
E07000043,North Devon,35,98600,0.035496957403651115
E07000043,North Devon,9,98600,0.009127789046653144
E07000043,North Devon,0,98600,0
E07000043,North Devon,3,98600,0.0030425963488843813
E07000043,North Devon,8,98600,0.008113590263691683
E07000043,North Devon,6,98600,0.006085192697768763
E07000043,North Devon,0,98600,0
E07000043,North Devon,40,98600,0.04056795131845842
E07000043,North Devon,9,98600,0.009127789046653144
E07000043,North Devon,0,98600,0
E07000043,North Devon,1,98600,0.0010141987829614604
E07000043,North Devon,5,98600,0.005070993914807302
E07000043,North Devon,0,98600,0
E07000043,North Devon,0,98600,0
E07000043,North Devon,52,98600,0.05273833671399594
E07000043,North Devon,5,98600,0.005070993914807302
E07000043,North Devon,0,98600,0
E07000043,North Devon,1,98600,0.0010141987829614604
E07000043,North Devon,0,98600,0
E07000043,North Devon,0,98600,0
E07000043,North Devon,0,98600,0
E07000043,North Devon,1532,98600,1.5537525354969575
E07000043,North Devon,1865,98600,1.8914807302231238
E07000043,North Devon,9,98600,0.009127789046653144
E07000043,North Devon,81,98600,0.0821501014198783
E07000043,North Devon,529,98600,0.5365111561866126
E07000043,North Devon,551,98600,0.5588235294117647
E07000044,South Hams,0,88600,0
E07000044,South Hams,0,88600,0
E07000044,South Hams,0,88600,0
E07000044,South Hams,0,88600,0
E07000044,South Hams,0,88600,0
E07000044,South Hams,0,88600,0
E07000044,South Hams,0,88600,0
E07000044,South Hams,0,88600,0
E07000044,South Hams,19207,88600,21.678329571106094
E07000044,South Hams,37496,88600,42.32054176072235
E07000044,South Hams,212,88600,0.23927765237020315
E07000044,South Hams,1388,88600,1.5665914221218962
E07000044,South Hams,7623,88600,8.603837471783295
E07000044,South Hams,5116,88600,5.774266365688487
E07000044,South Hams,0,88600,0
E07000044,South Hams,29,88600,0.0327313769751693
E07000044,South Hams,18,88600,0.020316027088036117
E07000044,South Hams,0,88600,0
E07000044,South Hams,2,88600,0.002257336343115124
E07000044,South Hams,11,88600,0.012415349887133182
E07000044,South Hams,7,88600,0.007900677200902935
E07000044,South Hams,0,88600,0
E07000044,South Hams,25,88600,0.028216704288939052
E07000044,South Hams,11,88600,0.012415349887133182
E07000044,South Hams,2,88600,0.002257336343115124
E07000044,South Hams,5,88600,0.0056433408577878106
E07000044,South Hams,13,88600,0.014672686230248307
E07000044,South Hams,4,88600,0.004514672686230248
E07000044,South Hams,0,88600,0
E07000044,South Hams,26,88600,0.029345372460496615
E07000044,South Hams,8,88600,0.009029345372460496
E07000044,South Hams,1,88600,0.001128668171557562
E07000044,South Hams,1,88600,0.001128668171557562
E07000044,South Hams,3,88600,0.003386004514672686
E07000044,South Hams,2,88600,0.002257336343115124
E07000044,South Hams,0,88600,0
E07000044,South Hams,55,88600,0.062076749435665914
E07000044,South Hams,8,88600,0.009029345372460496
E07000044,South Hams,0,88600,0
E07000044,South Hams,0,88600,0
E07000044,South Hams,2,88600,0.002257336343115124
E07000044,South Hams,1,88600,0.001128668171557562
E07000044,South Hams,0,88600,0
E07000044,South Hams,1271,88600,1.4345372460496615
E07000044,South Hams,1509,88600,1.7031602708803613
E07000044,South Hams,16,88600,0.01805869074492099
E07000044,South Hams,73,88600,0.08239277652370203
E07000044,South Hams,485,88600,0.5474040632054176
E07000044,South Hams,341,88600,0.38487584650112866
E07000045,Teignbridge,0,134800,0
E07000045,Teignbridge,0,134800,0
E07000045,Teignbridge,0,134800,0
E07000045,Teignbridge,0,134800,0
E07000045,Teignbridge,0,134800,0
E07000045,Teignbridge,0,134800,0
E07000045,Teignbridge,0,134800,0
E07000045,Teignbridge,0,134800,0
E07000045,Teignbridge,31145,134800,23.10459940652819
E07000045,Teignbridge,52880,134800,39.22848664688427
E07000045,Teignbridge,273,134800,0.20252225519287834
E07000045,Teignbridge,2371,134800,1.7589020771513353
E07000045,Teignbridge,12346,134800,9.158753709198812
E07000045,Teignbridge,7955,134800,5.9013353115727005
E07000045,Teignbridge,0,134800,0
E07000045,Teignbridge,45,134800,0.03338278931750742
E07000045,Teignbridge,29,134800,0.021513353115727003
E07000045,Teignbridge,0,134800,0
E07000045,Teignbridge,3,134800,0.002225519287833828
E07000045,Teignbridge,15,134800,0.01112759643916914
E07000045,Teignbridge,11,134800,0.008160237388724036
E07000045,Teignbridge,0,134800,0
E07000045,Teignbridge,34,134800,0.025222551928783383
E07000045,Teignbridge,15,134800,0.01112759643916914
E07000045,Teignbridge,0,134800,0
E07000045,Teignbridge,6,134800,0.004451038575667656
E07000045,Teignbridge,10,134800,0.00741839762611276
E07000045,Teignbridge,6,134800,0.004451038575667656
E07000045,Teignbridge,0,134800,0
E07000045,Teignbridge,51,134800,0.037833827893175076
E07000045,Teignbridge,7,134800,0.0051928783382789315
E07000045,Teignbridge,0,134800,0
E07000045,Teignbridge,0,134800,0
E07000045,Teignbridge,2,134800,0.001483679525222552
E07000045,Teignbridge,2,134800,0.001483679525222552
E07000045,Teignbridge,0,134800,0
E07000045,Teignbridge,75,134800,0.055637982195845696
E07000045,Teignbridge,18,134800,0.013353115727002967
E07000045,Teignbridge,1,134800,7.41839762611276e-4
E07000045,Teignbridge,0,134800,0
E07000045,Teignbridge,4,134800,0.002967359050445104
E07000045,Teignbridge,1,134800,7.41839762611276e-4
E07000045,Teignbridge,0,134800,0
E07000045,Teignbridge,2063,134800,1.5304154302670623
E07000045,Teignbridge,2492,134800,1.8486646884272997
E07000045,Teignbridge,17,134800,0.012611275964391691
E07000045,Teignbridge,139,134800,0.10311572700296735
E07000045,Teignbridge,769,134800,0.5704747774480712
E07000045,Teignbridge,674,134800,0.5
E07000046,Torridge,0,68100,0
E07000046,Torridge,0,68100,0
E07000046,Torridge,0,68100,0
E07000046,Torridge,0,68100,0
E07000046,Torridge,0,68100,0
E07000046,Torridge,0,68100,0
E07000046,Torridge,0,68100,0
E07000046,Torridge,0,68100,0
E07000046,Torridge,15116,68100,22.196769456681352
E07000046,Torridge,27524,68100,40.41703377386197
E07000046,Torridge,131,68100,0.19236417033773862
E07000046,Torridge,1240,68100,1.8208516886930983
E07000046,Torridge,5895,68100,8.656387665198238
E07000046,Torridge,4061,68100,5.963289280469898
E07000046,Torridge,0,68100,0
E07000046,Torridge,21,68100,0.030837004405286344
E07000046,Torridge,18,68100,0.02643171806167401
E07000046,Torridge,1,68100,0.0014684287812041115
E07000046,Torridge,0,68100,0
E07000046,Torridge,9,68100,0.013215859030837005
E07000046,Torridge,5,68100,0.007342143906020558
E07000046,Torridge,0,68100,0
E07000046,Torridge,20,68100,0.02936857562408223
E07000046,Torridge,11,68100,0.016152716593245228
E07000046,Torridge,0,68100,0
E07000046,Torridge,1,68100,0.0014684287812041115
E07000046,Torridge,4,68100,0.005873715124816446
E07000046,Torridge,2,68100,0.002936857562408223
E07000046,Torridge,0,68100,0
E07000046,Torridge,17,68100,0.024963289280469897
E07000046,Torridge,13,68100,0.01908957415565345
E07000046,Torridge,0,68100,0
E07000046,Torridge,0,68100,0
E07000046,Torridge,0,68100,0
E07000046,Torridge,6,68100,0.00881057268722467
E07000046,Torridge,0,68100,0
E07000046,Torridge,40,68100,0.05873715124816446
E07000046,Torridge,6,68100,0.00881057268722467
E07000046,Torridge,1,68100,0.0014684287812041115
E07000046,Torridge,0,68100,0
E07000046,Torridge,5,68100,0.007342143906020558
E07000046,Torridge,0,68100,0
E07000046,Torridge,0,68100,0
E07000046,Torridge,1104,68100,1.6211453744493391
E07000046,Torridge,1379,68100,2.02496328928047
E07000046,Torridge,10,68100,0.014684287812041116
E07000046,Torridge,70,68100,0.1027900146842878
E07000046,Torridge,377,68100,0.55359765051395
E07000046,Torridge,472,68100,0.6930983847283406
E07000047,West Devon,0,57100,0
E07000047,West Devon,0,57100,0
E07000047,West Devon,0,57100,0
E07000047,West Devon,0,57100,0
E07000047,West Devon,0,57100,0
E07000047,West Devon,0,57100,0
E07000047,West Devon,0,57100,0
E07000047,West Devon,0,57100,0
E07000047,West Devon,12303,57100,21.546409807355516
E07000047,West Devon,24086,57100,42.18213660245184
E07000047,West Devon,110,57100,0.19264448336252188
E07000047,West Devon,987,57100,1.7285464098073555
E07000047,West Devon,4767,57100,8.348511383537653
E07000047,West Devon,3315,57100,5.805604203152364
E07000047,West Devon,0,57100,0
E07000047,West Devon,18,57100,0.03152364273204904
E07000047,West Devon,5,57100,0.008756567425569177
E07000047,West Devon,0,57100,0
E07000047,West Devon,1,57100,0.0017513134851138354
E07000047,West Devon,4,57100,0.0070052539404553416
E07000047,West Devon,6,57100,0.010507880910683012
E07000047,West Devon,0,57100,0
E07000047,West Devon,10,57100,0.017513134851138354
E07000047,West Devon,5,57100,0.008756567425569177
E07000047,West Devon,0,57100,0
E07000047,West Devon,1,57100,0.0017513134851138354
E07000047,West Devon,2,57100,0.0035026269702276708
E07000047,West Devon,2,57100,0.0035026269702276708
E07000047,West Devon,0,57100,0
E07000047,West Devon,19,57100,0.03327495621716287
E07000047,West Devon,2,57100,0.0035026269702276708
E07000047,West Devon,1,57100,0.0017513134851138354
E07000047,West Devon,0,57100,0
E07000047,West Devon,2,57100,0.0035026269702276708
E07000047,West Devon,2,57100,0.0035026269702276708
E07000047,West Devon,0,57100,0
E07000047,West Devon,27,57100,0.047285464098073555
E07000047,West Devon,2,57100,0.0035026269702276708
E07000047,West Devon,0,57100,0
E07000047,West Devon,3,57100,0.005253940455341506
E07000047,West Devon,1,57100,0.0017513134851138354
E07000047,West Devon,0,57100,0
E07000047,West Devon,0,57100,0
E07000047,West Devon,834,57100,1.4605954465849387
E07000047,West Devon,1148,57100,2.010507880910683
E07000047,West Devon,9,57100,0.01576182136602452
E07000047,West Devon,39,57100,0.06830122591943957
E07000047,West Devon,296,57100,0.5183887915936952
E07000047,West Devon,358,57100,0.62697022767075306
E07000061,Eastbourne,0,101700,0
E07000061,Eastbourne,0,101700,0
E07000061,Eastbourne,0,101700,0
E07000061,Eastbourne,0,101700,0
E07000061,Eastbourne,0,101700,0
E07000061,Eastbourne,0,101700,0
E07000061,Eastbourne,0,101700,0
E07000061,Eastbourne,0,101700,0
E07000061,Eastbourne,27943,101700,27.47590953785644
E07000061,Eastbourne,33041,101700,32.488692232055065
E07000061,Eastbourne,296,101700,0.2910521140609636
E07000061,Eastbourne,2101,101700,2.0658800393313665
E07000061,Eastbourne,9662,101700,9.500491642084562
E07000061,Eastbourne,5885,101700,5.786627335299902
E07000061,Eastbourne,0,101700,0
E07000061,Eastbourne,54,101700,0.05309734513274336
E07000061,Eastbourne,44,101700,0.043264503441494594
E07000061,Eastbourne,0,101700,0
E07000061,Eastbourne,8,101700,0.007866273352999017
E07000061,Eastbourne,25,101700,0.024582104228121928
E07000061,Eastbourne,5,101700,0.004916420845624385
E07000061,Eastbourne,0,101700,0
E07000061,Eastbourne,36,101700,0.035398230088495575
E07000061,Eastbourne,22,101700,0.021632251720747297
E07000061,Eastbourne,0,101700,0
E07000061,Eastbourne,3,101700,0.0029498525073746312
E07000061,Eastbourne,19,101700,0.018682399213372666
E07000061,Eastbourne,7,101700,0.00688298918387414
E07000061,Eastbourne,0,101700,0
E07000061,Eastbourne,45,101700,0.04424778761061947
E07000061,Eastbourne,21,101700,0.02064896755162242
E07000061,Eastbourne,0,101700,0
E07000061,Eastbourne,1,101700,9.832841691248771e-4
E07000061,Eastbourne,6,101700,0.0058997050147492625
E07000061,Eastbourne,1,101700,9.832841691248771e-4
E07000061,Eastbourne,0,101700,0
E07000061,Eastbourne,71,101700,0.06981317600786627
E07000061,Eastbourne,9,101700,0.008849557522123894
E07000061,Eastbourne,0,101700,0
E07000061,Eastbourne,0,101700,0
E07000061,Eastbourne,3,101700,0.0029498525073746312
E07000061,Eastbourne,2,101700,0.0019665683382497543
E07000061,Eastbourne,0,101700,0
E07000061,Eastbourne,2135,101700,2.0993117010816125
E07000061,Eastbourne,1745,101700,1.7158308751229105
E07000061,Eastbourne,16,101700,0.015732546705998034
E07000061,Eastbourne,119,101700,0.11701081612586037
E07000061,Eastbourne,590,101700,0.5801376597836775
E07000061,Eastbourne,658,101700,0.6470009832841691
E07000062,Hastings,0,91100,0
E07000062,Hastings,0,91100,0
E07000062,Hastings,0,91100,0
E07000062,Hastings,0,91100,0
E07000062,Hastings,0,91100,0
E07000062,Hastings,0,91100,0
E07000062,Hastings,0,91100,0
E07000062,Hastings,0,91100,0
E07000062,Hastings,27229,91100,29.88913282107574
E07000062,Hastings,26906,91100,29.53457738748628
E07000062,Hastings,310,91100,0.3402854006586169
E07000062,Hastings,2083,91100,2.2864983534577386
E07000062,Hastings,8865,91100,9.73106476399561
E07000062,Hastings,4225,91100,4.637760702524698
E07000062,Hastings,0,91100,0
E07000062,Hastings,72,91100,0.07903402854006586
E07000062,Hastings,35,91100,0.038419319429198684
E07000062,Hastings,2,91100,0.0021953896816684962
E07000062,Hastings,1,91100,0.0010976948408342481
E07000062,Hastings,17,91100,0.018660812294182216
E07000062,Hastings,8,91100,0.008781558726673985
E07000062,Hastings,0,91100,0
E07000062,Hastings,36,91100,0.03951701427003293
E07000062,Hastings,11,91100,0.012074643249176729
E07000062,Hastings,1,91100,0.0010976948408342481
E07000062,Hastings,5,91100,0.005488474204171241
E07000062,Hastings,11,91100,0.012074643249176729
E07000062,Hastings,1,91100,0.0010976948408342481
E07000062,Hastings,0,91100,0
E07000062,Hastings,42,91100,0.04610318331503842
E07000062,Hastings,13,91100,0.014270032930845226
E07000062,Hastings,2,91100,0.0021953896816684962
E07000062,Hastings,2,91100,0.0021953896816684962
E07000062,Hastings,8,91100,0.008781558726673985
E07000062,Hastings,3,91100,0.003293084522502744
E07000062,Hastings,0,91100,0
E07000062,Hastings,94,91100,0.10318331503841932
E07000062,Hastings,7,91100,0.007683863885839737
E07000062,Hastings,0,91100,0
E07000062,Hastings,4,91100,0.0043907793633369925
E07000062,Hastings,5,91100,0.005488474204171241
E07000062,Hastings,0,91100,0
E07000062,Hastings,0,91100,0
E07000062,Hastings,2136,91100,2.344676180021954
E07000062,Hastings,1403,91100,1.5400658616904501
E07000062,Hastings,18,91100,0.019758507135016465
E07000062,Hastings,107,91100,0.11745334796926454
E07000062,Hastings,577,91100,0.6333699231613611
E07000062,Hastings,462,91100,0.5071350164654226
E07000063,Lewes,0,99900,0
E07000063,Lewes,0,99900,0
E07000063,Lewes,0,99900,0
E07000063,Lewes,0,99900,0
E07000063,Lewes,0,99900,0
E07000063,Lewes,0,99900,0
E07000063,Lewes,0,99900,0
E07000063,Lewes,0,99900,0
E07000063,Lewes,24325,99900,24.34934934934935
E07000063,Lewes,37653,99900,37.690690690690694
E07000063,Lewes,369,99900,0.36936936936936937
E07000063,Lewes,1811,99900,1.812812812812813
E07000063,Lewes,8340,99900,8.348348348348349
E07000063,Lewes,6081,99900,6.087087087087087
E07000063,Lewes,0,99900,0
E07000063,Lewes,36,99900,0.036036036036036036
E07000063,Lewes,33,99900,0.03303303303303303
E07000063,Lewes,0,99900,0
E07000063,Lewes,0,99900,0
E07000063,Lewes,19,99900,0.01901901901901902
E07000063,Lewes,5,99900,0.005005005005005005
E07000063,Lewes,0,99900,0
E07000063,Lewes,30,99900,0.03003003003003003
E07000063,Lewes,13,99900,0.013013013013013013
E07000063,Lewes,0,99900,0
E07000063,Lewes,1,99900,0.001001001001001001
E07000063,Lewes,13,99900,0.013013013013013013
E07000063,Lewes,4,99900,0.004004004004004004
E07000063,Lewes,0,99900,0
E07000063,Lewes,40,99900,0.04004004004004004
E07000063,Lewes,15,99900,0.015015015015015015
E07000063,Lewes,1,99900,0.001001001001001001
E07000063,Lewes,2,99900,0.002002002002002002
E07000063,Lewes,4,99900,0.004004004004004004
E07000063,Lewes,0,99900,0
E07000063,Lewes,0,99900,0
E07000063,Lewes,78,99900,0.07807807807807808
E07000063,Lewes,16,99900,0.016016016016016016
E07000063,Lewes,4,99900,0.004004004004004004
E07000063,Lewes,0,99900,0
E07000063,Lewes,8,99900,0.008008008008008008
E07000063,Lewes,1,99900,0.001001001001001001
E07000063,Lewes,0,99900,0
E07000063,Lewes,1636,99900,1.6376376376376376
E07000063,Lewes,1663,99900,1.6646646646646646
E07000063,Lewes,9,99900,0.009009009009009009
E07000063,Lewes,100,99900,0.1001001001001001
E07000063,Lewes,480,99900,0.4804804804804805
E07000063,Lewes,433,99900,0.43343343343343343
E07000064,Rother,0,93100,0
E07000064,Rother,0,93100,0
E07000064,Rother,0,93100,0
E07000064,Rother,0,93100,0
E07000064,Rother,0,93100,0
E07000064,Rother,0,93100,0
E07000064,Rother,0,93100,0
E07000064,Rother,0,93100,0
E07000064,Rother,20670,93100,22.201933404940924
E07000064,Rother,37136,93100,39.88829215896885
E07000064,Rother,275,93100,0.2953813104189044
E07000064,Rother,1603,93100,1.7218045112781954
E07000064,Rother,8348,93100,8.966702470461868
E07000064,Rother,6644,93100,7.136412459720731
E07000064,Rother,0,93100,0
E07000064,Rother,35,93100,0.03759398496240601
E07000064,Rother,19,93100,0.02040816326530612
E07000064,Rother,2,93100,0.0021482277121374865
E07000064,Rother,2,93100,0.0021482277121374865
E07000064,Rother,5,93100,0.0053705692803437165
E07000064,Rother,5,93100,0.0053705692803437165
E07000064,Rother,0,93100,0
E07000064,Rother,26,93100,0.027926960257787327
E07000064,Rother,13,93100,0.013963480128893663
E07000064,Rother,0,93100,0
E07000064,Rother,4,93100,0.004296455424274973
E07000064,Rother,6,93100,0.00644468313641246
E07000064,Rother,5,93100,0.0053705692803437165
E07000064,Rother,0,93100,0
E07000064,Rother,30,93100,0.0322234156820623
E07000064,Rother,13,93100,0.013963480128893663
E07000064,Rother,2,93100,0.0021482277121374865
E07000064,Rother,1,93100,0.0010741138560687433
E07000064,Rother,4,93100,0.004296455424274973
E07000064,Rother,5,93100,0.0053705692803437165
E07000064,Rother,0,93100,0
E07000064,Rother,36,93100,0.03866809881847476
E07000064,Rother,5,93100,0.0053705692803437165
E07000064,Rother,0,93100,0
E07000064,Rother,2,93100,0.0021482277121374865
E07000064,Rother,1,93100,0.0010741138560687433
E07000064,Rother,0,93100,0
E07000064,Rother,0,93100,0
E07000064,Rother,1546,93100,1.660580021482277
E07000064,Rother,1753,93100,1.882921589688507
E07000064,Rother,18,93100,0.01933404940923738
E07000064,Rother,81,93100,0.08700322234156821
E07000064,Rother,498,93100,0.5349087003222341
E07000064,Rother,693,93100,0.7443609022556391
E07000065,Wealden,0,160100,0
E07000065,Wealden,0,160100,0
E07000065,Wealden,0,160100,0
E07000065,Wealden,0,160100,0
E07000065,Wealden,0,160100,0
E07000065,Wealden,0,160100,0
E07000065,Wealden,0,160100,0
E07000065,Wealden,0,160100,0
E07000065,Wealden,34755,160100,21.708307307932543
E07000065,Wealden,67170,160100,41.95502810743285
E07000065,Wealden,313,160100,0.19550281074328546
E07000065,Wealden,2505,160100,1.5646470955652716
E07000065,Wealden,12819,160100,8.00687070580887
E07000065,Wealden,9047,160100,5.650843222985634
E07000065,Wealden,0,160100,0
E07000065,Wealden,49,160100,0.030605871330418487
E07000065,Wealden,44,160100,0.027482823235477825
E07000065,Wealden,0,160100,0
E07000065,Wealden,6,160100,0.0037476577139287947
E07000065,Wealden,18,160100,0.011242973141786383
E07000065,Wealden,4,160100,0.0024984384759525295
E07000065,Wealden,0,160100,0
E07000065,Wealden,22,160100,0.013741411617738912
E07000065,Wealden,21,160100,0.01311680199875078
E07000065,Wealden,0,160100,0
E07000065,Wealden,4,160100,0.0024984384759525295
E07000065,Wealden,11,160100,0.006870705808869456
E07000065,Wealden,9,160100,0.005621486570893191
E07000065,Wealden,0,160100,0
E07000065,Wealden,30,160100,0.018738288569643973
E07000065,Wealden,10,160100,0.006246096189881324
E07000065,Wealden,0,160100,0
E07000065,Wealden,3,160100,0.0018738288569643974
E07000065,Wealden,4,160100,0.0024984384759525295
E07000065,Wealden,1,160100,6.246096189881324e-4
E07000065,Wealden,0,160100,0
E07000065,Wealden,76,160100,0.047470331043098064
E07000065,Wealden,6,160100,0.0037476577139287947
E07000065,Wealden,0,160100,0
E07000065,Wealden,1,160100,6.246096189881324e-4
E07000065,Wealden,5,160100,0.003123048094940662
E07000065,Wealden,0,160100,0
E07000065,Wealden,0,160100,0
E07000065,Wealden,2107,160100,1.316052467207995
E07000065,Wealden,2972,160100,1.8563397876327294
E07000065,Wealden,11,160100,0.006870705808869456
E07000065,Wealden,140,160100,0.08744534665833854
E07000065,Wealden,696,160100,0.43472829481574016
E07000065,Wealden,785,160100,0.49031855090568394
E07000066,Basildon,0,187600,0
E07000066,Basildon,0,187600,0
E07000066,Basildon,0,187600,0
E07000066,Basildon,0,187600,0
E07000066,Basildon,0,187600,0
E07000066,Basildon,0,187600,0
E07000066,Basildon,0,187600,0
E07000066,Basildon,0,187600,0
E07000066,Basildon,51584,187600,27.49680170575693
E07000066,Basildon,63815,187600,34.016524520255864
E07000066,Basildon,157,187600,0.08368869936034115
E07000066,Basildon,3516,187600,1.8742004264392325
E07000066,Basildon,13450,187600,7.169509594882729
E07000066,Basildon,8393,187600,4.473880597014926
E07000066,Basildon,0,187600,0
E07000066,Basildon,124,187600,0.06609808102345416
E07000066,Basildon,84,187600,0.04477611940298507
E07000066,Basildon,0,187600,0
E07000066,Basildon,6,187600,0.0031982942430703624
E07000066,Basildon,24,187600,0.01279317697228145
E07000066,Basildon,13,187600,0.006929637526652452
E07000066,Basildon,0,187600,0
E07000066,Basildon,71,187600,0.037846481876332626
E07000066,Basildon,35,187600,0.018656716417910446
E07000066,Basildon,0,187600,0
E07000066,Basildon,8,187600,0.0042643923240938165
E07000066,Basildon,8,187600,0.0042643923240938165
E07000066,Basildon,3,187600,0.0015991471215351812
E07000066,Basildon,0,187600,0
E07000066,Basildon,50,187600,0.026652452025586353
E07000066,Basildon,39,187600,0.020788912579957356
E07000066,Basildon,0,187600,0
E07000066,Basildon,4,187600,0.0021321961620469083
E07000066,Basildon,9,187600,0.004797441364605544
E07000066,Basildon,0,187600,0
E07000066,Basildon,0,187600,0
E07000066,Basildon,51,187600,0.027185501066098083
E07000066,Basildon,9,187600,0.004797441364605544
E07000066,Basildon,0,187600,0
E07000066,Basildon,3,187600,0.0015991471215351812
E07000066,Basildon,4,187600,0.0021321961620469083
E07000066,Basildon,0,187600,0
E07000066,Basildon,0,187600,0
E07000066,Basildon,2724,187600,1.4520255863539446
E07000066,Basildon,2945,187600,1.5698294243070363
E07000066,Basildon,2,187600,0.0010660980810234541
E07000066,Basildon,179,187600,0.09541577825159915
E07000066,Basildon,734,187600,0.39125799573560766
E07000066,Basildon,623,187600,0.332089552238806
E07000067,Braintree,0,155200,0
E07000067,Braintree,0,155200,0
E07000067,Braintree,0,155200,0
E07000067,Braintree,0,155200,0
E07000067,Braintree,0,155200,0
E07000067,Braintree,0,155200,0
E07000067,Braintree,0,155200,0
E07000067,Braintree,0,155200,0
E07000067,Braintree,39165,155200,25.235180412371133
E07000067,Braintree,58693,155200,37.81765463917526
E07000067,Braintree,193,155200,0.12435567010309279
E07000067,Braintree,2453,155200,1.580541237113402
E07000067,Braintree,12237,155200,7.884664948453608
E07000067,Braintree,7280,155200,4.690721649484536
E07000067,Braintree,0,155200,0
E07000067,Braintree,89,155200,0.057345360824742266
E07000067,Braintree,52,155200,0.03350515463917526
E07000067,Braintree,0,155200,0
E07000067,Braintree,5,155200,0.0032216494845360823
E07000067,Braintree,18,155200,0.011597938144329897
E07000067,Braintree,4,155200,0.002577319587628866
E07000067,Braintree,0,155200,0
E07000067,Braintree,42,155200,0.027061855670103094
E07000067,Braintree,24,155200,0.015463917525773196
E07000067,Braintree,2,155200,0.001288659793814433
E07000067,Braintree,2,155200,0.001288659793814433
E07000067,Braintree,8,155200,0.005154639175257732
E07000067,Braintree,5,155200,0.0032216494845360823
E07000067,Braintree,0,155200,0
E07000067,Braintree,43,155200,0.027706185567010308
E07000067,Braintree,20,155200,0.01288659793814433
E07000067,Braintree,2,155200,0.001288659793814433
E07000067,Braintree,1,155200,6.443298969072165e-4
E07000067,Braintree,5,155200,0.0032216494845360823
E07000067,Braintree,5,155200,0.0032216494845360823
E07000067,Braintree,0,155200,0
E07000067,Braintree,58,155200,0.037371134020618556
E07000067,Braintree,11,155200,0.007087628865979381
E07000067,Braintree,0,155200,0
E07000067,Braintree,2,155200,0.001288659793814433
E07000067,Braintree,2,155200,0.001288659793814433
E07000067,Braintree,0,155200,0
E07000067,Braintree,0,155200,0
E07000067,Braintree,2238,155200,1.4420103092783505
E07000067,Braintree,2487,155200,1.6024484536082475
E07000067,Braintree,17,155200,0.01095360824742268
E07000067,Braintree,105,155200,0.06765463917525773
E07000067,Braintree,632,155200,0.4072164948453608
E07000067,Braintree,670,155200,0.43170103092783507
E07000068,Brentwood,0,77000,0
E07000068,Brentwood,0,77000,0
E07000068,Brentwood,0,77000,0
E07000068,Brentwood,0,77000,0
E07000068,Brentwood,0,77000,0
E07000068,Brentwood,0,77000,0
E07000068,Brentwood,0,77000,0
E07000068,Brentwood,0,77000,0
E07000068,Brentwood,20094,77000,26.096103896103894
E07000068,Brentwood,29394,77000,38.17402597402597
E07000068,Brentwood,69,77000,0.08961038961038961
E07000068,Brentwood,1243,77000,1.6142857142857143
E07000068,Brentwood,5159,77000,6.7
E07000068,Brentwood,3744,77000,4.862337662337662
E07000068,Brentwood,0,77000,0
E07000068,Brentwood,31,77000,0.04025974025974026
E07000068,Brentwood,12,77000,0.015584415584415584
E07000068,Brentwood,0,77000,0
E07000068,Brentwood,4,77000,0.005194805194805195
E07000068,Brentwood,11,77000,0.014285714285714285
E07000068,Brentwood,8,77000,0.01038961038961039
E07000068,Brentwood,0,77000,0
E07000068,Brentwood,15,77000,0.01948051948051948
E07000068,Brentwood,12,77000,0.015584415584415584
E07000068,Brentwood,0,77000,0
E07000068,Brentwood,2,77000,0.0025974025974025974
E07000068,Brentwood,3,77000,0.003896103896103896
E07000068,Brentwood,1,77000,0.0012987012987012987
E07000068,Brentwood,0,77000,0
E07000068,Brentwood,15,77000,0.01948051948051948
E07000068,Brentwood,16,77000,0.02077922077922078
E07000068,Brentwood,1,77000,0.0012987012987012987
E07000068,Brentwood,3,77000,0.003896103896103896
E07000068,Brentwood,2,77000,0.0025974025974025974
E07000068,Brentwood,0,77000,0
E07000068,Brentwood,0,77000,0
E07000068,Brentwood,24,77000,0.03116883116883117
E07000068,Brentwood,3,77000,0.003896103896103896
E07000068,Brentwood,0,77000,0
E07000068,Brentwood,0,77000,0
E07000068,Brentwood,1,77000,0.0012987012987012987
E07000068,Brentwood,1,77000,0.0012987012987012987
E07000068,Brentwood,0,77000,0
E07000068,Brentwood,1102,77000,1.431168831168831
E07000068,Brentwood,1209,77000,1.57012987012987
E07000068,Brentwood,1,77000,0.0012987012987012987
E07000068,Brentwood,58,77000,0.07532467532467532
E07000068,Brentwood,248,77000,0.3220779220779221
E07000068,Brentwood,378,77000,0.4909090909090909
E07000069,Castle Point,0,89600,0
E07000069,Castle Point,0,89600,0
E07000069,Castle Point,0,89600,0
E07000069,Castle Point,0,89600,0
E07000069,Castle Point,0,89600,0
E07000069,Castle Point,0,89600,0
E07000069,Castle Point,0,89600,0
E07000069,Castle Point,0,89600,0
E07000069,Castle Point,22269,89600,24.853794642857142
E07000069,Castle Point,34838,89600,38.88169642857143
E07000069,Castle Point,116,89600,0.12946428571428573
E07000069,Castle Point,1359,89600,1.5167410714285714
E07000069,Castle Point,6438,89600,7.185267857142857
E07000069,Castle Point,5666,89600,6.323660714285714
E07000069,Castle Point,0,89600,0
E07000069,Castle Point,32,89600,0.03571428571428571
E07000069,Castle Point,33,89600,0.036830357142857144
E07000069,Castle Point,0,89600,0
E07000069,Castle Point,1,89600,0.0011160714285714285
E07000069,Castle Point,11,89600,0.012276785714285714
E07000069,Castle Point,9,89600,0.010044642857142858
E07000069,Castle Point,0,89600,0
E07000069,Castle Point,18,89600,0.020089285714285716
E07000069,Castle Point,16,89600,0.017857142857142856
E07000069,Castle Point,0,89600,0
E07000069,Castle Point,0,89600,0
E07000069,Castle Point,2,89600,0.002232142857142857
E07000069,Castle Point,3,89600,0.0033482142857142855
E07000069,Castle Point,0,89600,0
E07000069,Castle Point,19,89600,0.021205357142857144
E07000069,Castle Point,18,89600,0.020089285714285716
E07000069,Castle Point,0,89600,0
E07000069,Castle Point,0,89600,0
E07000069,Castle Point,4,89600,0.004464285714285714
E07000069,Castle Point,2,89600,0.002232142857142857
E07000069,Castle Point,0,89600,0
E07000069,Castle Point,26,89600,0.029017857142857144
E07000069,Castle Point,1,89600,0.0011160714285714285
E07000069,Castle Point,0,89600,0
E07000069,Castle Point,0,89600,0
E07000069,Castle Point,1,89600,0.0011160714285714285
E07000069,Castle Point,1,89600,0.0011160714285714285
E07000069,Castle Point,0,89600,0
E07000069,Castle Point,1132,89600,1.2633928571428572
E07000069,Castle Point,1554,89600,1.734375
E07000069,Castle Point,2,89600,0.002232142857142857
E07000069,Castle Point,67,89600,0.07477678571428571
E07000069,Castle Point,309,89600,0.34486607142857145
E07000069,Castle Point,470,89600,0.5245535714285714
E07000070,Chelmsford,0,181500,0
E07000070,Chelmsford,0,181500,0
E07000070,Chelmsford,0,181500,0
E07000070,Chelmsford,0,181500,0
E07000070,Chelmsford,0,181500,0
E07000070,Chelmsford,0,181500,0
E07000070,Chelmsford,0,181500,0
E07000070,Chelmsford,0,181500,0
E07000070,Chelmsford,47164,181500,25.985674931129477
E07000070,Chelmsford,69196,181500,38.12451790633609
E07000070,Chelmsford,177,181500,0.09752066115702479
E07000070,Chelmsford,2677,181500,1.4749311294765841
E07000070,Chelmsford,12691,181500,6.992286501377411
E07000070,Chelmsford,8162,181500,4.496969696969697
E07000070,Chelmsford,0,181500,0
E07000070,Chelmsford,91,181500,0.050137741046831955
E07000070,Chelmsford,65,181500,0.03581267217630854
E07000070,Chelmsford,0,181500,0
E07000070,Chelmsford,6,181500,0.003305785123966942
E07000070,Chelmsford,21,181500,0.011570247933884297
E07000070,Chelmsford,10,181500,0.005509641873278237
E07000070,Chelmsford,0,181500,0
E07000070,Chelmsford,52,181500,0.02865013774104683
E07000070,Chelmsford,28,181500,0.015426997245179064
E07000070,Chelmsford,0,181500,0
E07000070,Chelmsford,2,181500,0.0011019283746556473
E07000070,Chelmsford,12,181500,0.006611570247933884
E07000070,Chelmsford,1,181500,5.509641873278236e-4
E07000070,Chelmsford,0,181500,0
E07000070,Chelmsford,51,181500,0.02809917355371901
E07000070,Chelmsford,29,181500,0.015977961432506887
E07000070,Chelmsford,0,181500,0
E07000070,Chelmsford,0,181500,0
E07000070,Chelmsford,6,181500,0.003305785123966942
E07000070,Chelmsford,1,181500,5.509641873278236e-4
E07000070,Chelmsford,0,181500,0
E07000070,Chelmsford,61,181500,0.03360881542699724
E07000070,Chelmsford,9,181500,0.0049586776859504135
E07000070,Chelmsford,0,181500,0
E07000070,Chelmsford,0,181500,0
E07000070,Chelmsford,6,181500,0.003305785123966942
E07000070,Chelmsford,1,181500,5.509641873278236e-4
E07000070,Chelmsford,0,181500,0
E07000070,Chelmsford,2777,181500,1.5300275482093664
E07000070,Chelmsford,2954,181500,1.627548209366391
E07000070,Chelmsford,11,181500,0.006060606060606061
E07000070,Chelmsford,133,181500,0.07327823691460054
E07000070,Chelmsford,678,181500,0.37355371900826445
E07000070,Chelmsford,669,181500,0.3685950413223141
E07000071,Colchester,0,192700,0
E07000071,Colchester,0,192700,0
E07000071,Colchester,0,192700,0
E07000071,Colchester,0,192700,0
E07000071,Colchester,0,192700,0
E07000071,Colchester,0,192700,0
E07000071,Colchester,0,192700,0
E07000071,Colchester,0,192700,0
E07000071,Colchester,54202,192700,28.127659574468087
E07000071,Colchester,66570,192700,34.545926310326934
E07000071,Colchester,269,192700,0.13959522573949143
E07000071,Colchester,3372,192700,1.7498702646600934
E07000071,Colchester,14401,192700,7.473274519979243
E07000071,Colchester,8119,192700,4.213284898806435
E07000071,Colchester,0,192700,0
E07000071,Colchester,118,192700,0.06123508043591074
E07000071,Colchester,94,192700,0.04878048780487805
E07000071,Colchester,2,192700,0.0010378827192527244
E07000071,Colchester,10,192700,0.005189413596263622
E07000071,Colchester,27,192700,0.01401141670991178
E07000071,Colchester,17,192700,0.008822003113648157
E07000071,Colchester,0,192700,0
E07000071,Colchester,80,192700,0.04151530877010898
E07000071,Colchester,51,192700,0.026466009340944473
E07000071,Colchester,1,192700,5.189413596263622e-4
E07000071,Colchester,6,192700,0.0031136481577581734
E07000071,Colchester,21,192700,0.010897768552153606
E07000071,Colchester,5,192700,0.002594706798131811
E07000071,Colchester,0,192700,0
E07000071,Colchester,111,192700,0.057602490918526206
E07000071,Colchester,36,192700,0.01868188894654904
E07000071,Colchester,1,192700,5.189413596263622e-4
E07000071,Colchester,4,192700,0.0020757654385054488
E07000071,Colchester,15,192700,0.007784120394395433
E07000071,Colchester,3,192700,0.0015568240788790867
E07000071,Colchester,0,192700,0
E07000071,Colchester,156,192700,0.08095485210171251
E07000071,Colchester,17,192700,0.008822003113648157
E07000071,Colchester,1,192700,5.189413596263622e-4
E07000071,Colchester,1,192700,5.189413596263622e-4
E07000071,Colchester,5,192700,0.002594706798131811
E07000071,Colchester,1,192700,5.189413596263622e-4
E07000071,Colchester,0,192700,0
E07000071,Colchester,4015,192700,2.0835495588998443
E07000071,Colchester,3000,192700,1.5568240788790866
E07000071,Colchester,9,192700,0.00467047223663726
E07000071,Colchester,177,192700,0.09185262065386611
E07000071,Colchester,744,192700,0.3860923715620135
E07000071,Colchester,676,192700,0.35080435910742086
E07000072,Epping Forest,0,135000,0
E07000072,Epping Forest,0,135000,0
E07000072,Epping Forest,0,135000,0
E07000072,Epping Forest,0,135000,0
E07000072,Epping Forest,0,135000,0
E07000072,Epping Forest,0,135000,0
E07000072,Epping Forest,0,135000,0
E07000072,Epping Forest,0,135000,0
E07000072,Epping Forest,36185,135000,26.803703703703704
E07000072,Epping Forest,49856,135000,36.93037037037037
E07000072,Epping Forest,168,135000,0.12444444444444444
E07000072,Epping Forest,2044,135000,1.5140740740740741
E07000072,Epping Forest,9037,135000,6.6940740740740745
E07000072,Epping Forest,6461,135000,4.785925925925926
E07000072,Epping Forest,0,135000,0
E07000072,Epping Forest,77,135000,0.05703703703703704
E07000072,Epping Forest,64,135000,0.047407407407407405
E07000072,Epping Forest,2,135000,0.0014814814814814814
E07000072,Epping Forest,7,135000,0.005185185185185185
E07000072,Epping Forest,14,135000,0.01037037037037037
E07000072,Epping Forest,8,135000,0.005925925925925926
E07000072,Epping Forest,0,135000,0
E07000072,Epping Forest,37,135000,0.027407407407407408
E07000072,Epping Forest,24,135000,0.017777777777777778
E07000072,Epping Forest,0,135000,0
E07000072,Epping Forest,3,135000,0.0022222222222222222
E07000072,Epping Forest,9,135000,0.006666666666666667
E07000072,Epping Forest,2,135000,0.0014814814814814814
E07000072,Epping Forest,0,135000,0
E07000072,Epping Forest,36,135000,0.02666666666666667
E07000072,Epping Forest,25,135000,0.018518518518518517
E07000072,Epping Forest,0,135000,0
E07000072,Epping Forest,2,135000,0.0014814814814814814
E07000072,Epping Forest,8,135000,0.005925925925925926
E07000072,Epping Forest,1,135000,7.407407407407407e-4
E07000072,Epping Forest,0,135000,0
E07000072,Epping Forest,32,135000,0.023703703703703703
E07000072,Epping Forest,6,135000,0.0044444444444444444
E07000072,Epping Forest,0,135000,0
E07000072,Epping Forest,0,135000,0
E07000072,Epping Forest,4,135000,0.002962962962962963
E07000072,Epping Forest,0,135000,0
E07000072,Epping Forest,0,135000,0
E07000072,Epping Forest,2227,135000,1.6496296296296296
E07000072,Epping Forest,2432,135000,1.8014814814814815
E07000072,Epping Forest,13,135000,0.00962962962962963
E07000072,Epping Forest,110,135000,0.08148148148148149
E07000072,Epping Forest,494,135000,0.36592592592592593
E07000072,Epping Forest,546,135000,0.40444444444444444
E07000073,Harlow,0,93300,0
E07000073,Harlow,0,93300,0
E07000073,Harlow,0,93300,0
E07000073,Harlow,0,93300,0
E07000073,Harlow,0,93300,0
E07000073,Harlow,0,93300,0
E07000073,Harlow,0,93300,0
E07000073,Harlow,0,93300,0
E07000073,Harlow,26989,93300,28.927116827438372
E07000073,Harlow,28901,93300,30.976420150053592
E07000073,Harlow,110,93300,0.11789924973204716
E07000073,Harlow,1658,93300,1.7770632368703108
E07000073,Harlow,7120,93300,7.631296891747053
E07000073,Harlow,3857,93300,4.133976420150054
E07000073,Harlow,0,93300,0
E07000073,Harlow,110,93300,0.11789924973204716
E07000073,Harlow,59,93300,0.0632368703108253
E07000073,Harlow,1,93300,0.0010718113612004287
E07000073,Harlow,6,93300,0.006430868167202572
E07000073,Harlow,21,93300,0.022508038585209004
E07000073,Harlow,5,93300,0.0053590568060021436
E07000073,Harlow,0,93300,0
E07000073,Harlow,45,93300,0.04823151125401929
E07000073,Harlow,25,93300,0.02679528403001072
E07000073,Harlow,0,93300,0
E07000073,Harlow,2,93300,0.0021436227224008574
E07000073,Harlow,17,93300,0.01822079314040729
E07000073,Harlow,4,93300,0.004287245444801715
E07000073,Harlow,0,93300,0
E07000073,Harlow,44,93300,0.04715969989281887
E07000073,Harlow,26,93300,0.027867095391211148
E07000073,Harlow,0,93300,0
E07000073,Harlow,1,93300,0.0010718113612004287
E07000073,Harlow,5,93300,0.0053590568060021436
E07000073,Harlow,1,93300,0.0010718113612004287
E07000073,Harlow,0,93300,0
E07000073,Harlow,25,93300,0.02679528403001072
E07000073,Harlow,4,93300,0.004287245444801715
E07000073,Harlow,0,93300,0
E07000073,Harlow,0,93300,0
E07000073,Harlow,1,93300,0.0010718113612004287
E07000073,Harlow,0,93300,0
E07000073,Harlow,0,93300,0
E07000073,Harlow,1719,93300,1.842443729903537
E07000073,Harlow,1543,93300,1.6538049303322615
E07000073,Harlow,6,93300,0.006430868167202572
E07000073,Harlow,77,93300,0.08252947481243302
E07000073,Harlow,433,93300,0.4640943193997856
E07000073,Harlow,282,93300,0.3022508038585209
E07000074,Maldon,0,66200,0
E07000074,Maldon,0,66200,0
E07000074,Maldon,0,66200,0
E07000074,Maldon,0,66200,0
E07000074,Maldon,0,66200,0
E07000074,Maldon,0,66200,0
E07000074,Maldon,0,66200,0
E07000074,Maldon,0,66200,0
E07000074,Maldon,15253,66200,23.040785498489427
E07000074,Maldon,27568,66200,41.64350453172205
E07000074,Maldon,70,66200,0.10574018126888217
E07000074,Maldon,1045,66200,1.5785498489425982
E07000074,Maldon,5266,66200,7.954682779456193
E07000074,Maldon,3678,66200,5.555891238670695
E07000074,Maldon,0,66200,0
E07000074,Maldon,26,66200,0.03927492447129909
E07000074,Maldon,21,66200,0.03172205438066465
E07000074,Maldon,0,66200,0
E07000074,Maldon,2,66200,0.0030211480362537764
E07000074,Maldon,5,66200,0.0075528700906344415
E07000074,Maldon,0,66200,0
E07000074,Maldon,0,66200,0
E07000074,Maldon,17,66200,0.0256797583081571
E07000074,Maldon,6,66200,0.00906344410876133
E07000074,Maldon,1,66200,0.0015105740181268882
E07000074,Maldon,0,66200,0
E07000074,Maldon,3,66200,0.004531722054380665
E07000074,Maldon,4,66200,0.006042296072507553
E07000074,Maldon,0,66200,0
E07000074,Maldon,13,66200,0.019637462235649546
E07000074,Maldon,9,66200,0.013595166163141994
E07000074,Maldon,1,66200,0.0015105740181268882
E07000074,Maldon,3,66200,0.004531722054380665
E07000074,Maldon,3,66200,0.004531722054380665
E07000074,Maldon,0,66200,0
E07000074,Maldon,0,66200,0
E07000074,Maldon,27,66200,0.04078549848942598
E07000074,Maldon,5,66200,0.0075528700906344415
E07000074,Maldon,0,66200,0
E07000074,Maldon,0,66200,0
E07000074,Maldon,1,66200,0.0015105740181268882
E07000074,Maldon,0,66200,0
E07000074,Maldon,0,66200,0
E07000074,Maldon,772,66200,1.1661631419939578
E07000074,Maldon,1024,66200,1.5468277945619335
E07000074,Maldon,8,66200,0.012084592145015106
E07000074,Maldon,37,66200,0.055891238670694864
E07000074,Maldon,244,66200,0.3685800604229607
E07000074,Maldon,315,66200,0.47583081570996977
E07000075,Rochford,0,85600,0
E07000075,Rochford,0,85600,0
E07000075,Rochford,0,85600,0
E07000075,Rochford,0,85600,0
E07000075,Rochford,0,85600,0
E07000075,Rochford,0,85600,0
E07000075,Rochford,0,85600,0
E07000075,Rochford,0,85600,0
E07000075,Rochford,20307,85600,23.723130841121495
E07000075,Rochford,35035,85600,40.92873831775701
E07000075,Rochford,94,85600,0.10981308411214953
E07000075,Rochford,1242,85600,1.4509345794392523
E07000075,Rochford,6137,85600,7.169392523364486
E07000075,Rochford,4846,85600,5.661214953271028
E07000075,Rochford,0,85600,0
E07000075,Rochford,29,85600,0.03387850467289719
E07000075,Rochford,21,85600,0.02453271028037383
E07000075,Rochford,1,85600,0.0011682242990654205
E07000075,Rochford,3,85600,0.0035046728971962616
E07000075,Rochford,5,85600,0.005841121495327103
E07000075,Rochford,3,85600,0.0035046728971962616
E07000075,Rochford,0,85600,0
E07000075,Rochford,16,85600,0.018691588785046728
E07000075,Rochford,6,85600,0.007009345794392523
E07000075,Rochford,1,85600,0.0011682242990654205
E07000075,Rochford,0,85600,0
E07000075,Rochford,9,85600,0.010514018691588784
E07000075,Rochford,3,85600,0.0035046728971962616
E07000075,Rochford,0,85600,0
E07000075,Rochford,10,85600,0.011682242990654205
E07000075,Rochford,6,85600,0.007009345794392523
E07000075,Rochford,1,85600,0.0011682242990654205
E07000075,Rochford,1,85600,0.0011682242990654205
E07000075,Rochford,0,85600,0
E07000075,Rochford,1,85600,0.0011682242990654205
E07000075,Rochford,0,85600,0
E07000075,Rochford,20,85600,0.02336448598130841
E07000075,Rochford,6,85600,0.007009345794392523
E07000075,Rochford,0,85600,0
E07000075,Rochford,0,85600,0
E07000075,Rochford,1,85600,0.0011682242990654205
E07000075,Rochford,1,85600,0.0011682242990654205
E07000075,Rochford,0,85600,0
E07000075,Rochford,951,85600,1.110981308411215
E07000075,Rochford,1251,85600,1.4614485981308412
E07000075,Rochford,9,85600,0.010514018691588784
E07000075,Rochford,55,85600,0.06425233644859812
E07000075,Rochford,297,85600,0.3469626168224299
E07000075,Rochford,341,85600,0.3983644859813084
E07000076,Tendring,0,148100,0
E07000076,Tendring,0,148100,0
E07000076,Tendring,0,148100,0
E07000076,Tendring,0,148100,0
E07000076,Tendring,0,148100,0
E07000076,Tendring,0,148100,0
E07000076,Tendring,0,148100,0
E07000076,Tendring,0,148100,0
E07000076,Tendring,36016,148100,24.318703578663065
E07000076,Tendring,54384,148100,36.721134368669816
E07000076,Tendring,204,148100,0.137744767049291
E07000076,Tendring,2862,148100,1.9324780553679946
E07000076,Tendring,13365,148100,9.024307900067521
E07000076,Tendring,10316,148100,6.965563808237677
E07000076,Tendring,0,148100,0
E07000076,Tendring,67,148100,0.04523970290344362
E07000076,Tendring,45,148100,0.03038487508440243
E07000076,Tendring,0,148100,0
E07000076,Tendring,6,148100,0.004051316677920324
E07000076,Tendring,20,148100,0.01350438892640108
E07000076,Tendring,18,148100,0.012153950033760972
E07000076,Tendring,0,148100,0
E07000076,Tendring,28,148100,0.018906144496961513
E07000076,Tendring,14,148100,0.009453072248480757
E07000076,Tendring,1,148100,6.752194463200541e-4
E07000076,Tendring,4,148100,0.0027008777852802163
E07000076,Tendring,9,148100,0.006076975016880486
E07000076,Tendring,89,148100,0.06009453072248481
E07000076,Tendring,0,148100,0
E07000076,Tendring,41,148100,0.027683997299122215
E07000076,Tendring,19,148100,0.012829169480081027
E07000076,Tendring,0,148100,0
E07000076,Tendring,0,148100,0
E07000076,Tendring,5,148100,0.00337609723160027
E07000076,Tendring,1,148100,6.752194463200541e-4
E07000076,Tendring,0,148100,0
E07000076,Tendring,49,148100,0.03308575286968265
E07000076,Tendring,8,148100,0.0054017555705604325
E07000076,Tendring,0,148100,0
E07000076,Tendring,0,148100,0
E07000076,Tendring,0,148100,0
E07000076,Tendring,0,148100,0
E07000076,Tendring,0,148100,0
E07000076,Tendring,2242,148100,1.513841998649561
E07000076,Tendring,2956,148100,1.9959486833220796
E07000076,Tendring,12,148100,0.008102633355840648
E07000076,Tendring,162,148100,0.10938555030384875
E07000076,Tendring,861,148100,0.5813639432815665
E07000076,Tendring,1083,148100,0.7312626603646185
E07000077,Uttlesford,0,91300,0
E07000077,Uttlesford,0,91300,0
E07000077,Uttlesford,0,91300,0
E07000077,Uttlesford,0,91300,0
E07000077,Uttlesford,0,91300,0
E07000077,Uttlesford,0,91300,0
E07000077,Uttlesford,0,91300,0
E07000077,Uttlesford,0,91300,0
E07000077,Uttlesford,20376,91300,22.31763417305586
E07000077,Uttlesford,37566,91300,41.14567360350493
E07000077,Uttlesford,140,91300,0.1533406352683461
E07000077,Uttlesford,1437,91300,1.5739320920043811
E07000077,Uttlesford,6418,91300,7.029572836801752
E07000077,Uttlesford,4170,91300,4.567360350492881
E07000077,Uttlesford,0,91300,0
E07000077,Uttlesford,20,91300,0.02190580503833516
E07000077,Uttlesford,24,91300,0.02628696604600219
E07000077,Uttlesford,0,91300,0
E07000077,Uttlesford,0,91300,0
E07000077,Uttlesford,5,91300,0.00547645125958379
E07000077,Uttlesford,2,91300,0.002190580503833516
E07000077,Uttlesford,0,91300,0
E07000077,Uttlesford,21,91300,0.023001095290251915
E07000077,Uttlesford,10,91300,0.01095290251916758
E07000077,Uttlesford,0,91300,0
E07000077,Uttlesford,1,91300,0.001095290251916758
E07000077,Uttlesford,7,91300,0.0076670317634173054
E07000077,Uttlesford,2,91300,0.002190580503833516
E07000077,Uttlesford,0,91300,0
E07000077,Uttlesford,19,91300,0.0208105147864184
E07000077,Uttlesford,12,91300,0.013143483023001095
E07000077,Uttlesford,0,91300,0
E07000077,Uttlesford,0,91300,0
E07000077,Uttlesford,5,91300,0.00547645125958379
E07000077,Uttlesford,0,91300,0
E07000077,Uttlesford,0,91300,0
E07000077,Uttlesford,32,91300,0.03504928806133625
E07000077,Uttlesford,3,91300,0.0032858707557502738
E07000077,Uttlesford,0,91300,0
E07000077,Uttlesford,3,91300,0.0032858707557502738
E07000077,Uttlesford,3,91300,0.0032858707557502738
E07000077,Uttlesford,0,91300,0
E07000077,Uttlesford,0,91300,0
E07000077,Uttlesford,1166,91300,1.2771084337349397
E07000077,Uttlesford,1380,91300,1.511500547645126
E07000077,Uttlesford,9,91300,0.009857612267250822
E07000077,Uttlesford,62,91300,0.06790799561883899
E07000077,Uttlesford,306,91300,0.33515881708652795
E07000077,Uttlesford,320,91300,0.35049288061336253
E07000078,Cheltenham,0,118800,0
E07000078,Cheltenham,0,118800,0
E07000078,Cheltenham,0,118800,0
E07000078,Cheltenham,0,118800,0
E07000078,Cheltenham,0,118800,0
E07000078,Cheltenham,0,118800,0
E07000078,Cheltenham,0,118800,0
E07000078,Cheltenham,0,118800,0
E07000078,Cheltenham,36176,118800,30.45117845117845
E07000078,Cheltenham,40150,118800,33.7962962962963
E07000078,Cheltenham,187,118800,0.1574074074074074
E07000078,Cheltenham,1740,118800,1.4646464646464648
E07000078,Cheltenham,8881,118800,7.475589225589226
E07000078,Cheltenham,5658,118800,4.762626262626263
E07000078,Cheltenham,0,118800,0
E07000078,Cheltenham,73,118800,0.061447811447811446
E07000078,Cheltenham,34,118800,0.02861952861952862
E07000078,Cheltenham,0,118800,0
E07000078,Cheltenham,8,118800,0.006734006734006734
E07000078,Cheltenham,10,118800,0.008417508417508417
E07000078,Cheltenham,11,118800,0.009259259259259259
E07000078,Cheltenham,0,118800,0
E07000078,Cheltenham,56,118800,0.04713804713804714
E07000078,Cheltenham,15,118800,0.012626262626262626
E07000078,Cheltenham,0,118800,0
E07000078,Cheltenham,2,118800,0.0016835016835016834
E07000078,Cheltenham,12,118800,0.010101010101010102
E07000078,Cheltenham,7,118800,0.005892255892255892
E07000078,Cheltenham,0,118800,0
E07000078,Cheltenham,60,118800,0.050505050505050504
E07000078,Cheltenham,19,118800,0.015993265993265993
E07000078,Cheltenham,0,118800,0
E07000078,Cheltenham,2,118800,0.0016835016835016834
E07000078,Cheltenham,7,118800,0.005892255892255892
E07000078,Cheltenham,2,118800,0.0016835016835016834
E07000078,Cheltenham,0,118800,0
E07000078,Cheltenham,169,118800,0.14225589225589225
E07000078,Cheltenham,17,118800,0.01430976430976431
E07000078,Cheltenham,1,118800,8.417508417508417e-4
E07000078,Cheltenham,2,118800,0.0016835016835016834
E07000078,Cheltenham,16,118800,0.013468013468013467
E07000078,Cheltenham,0,118800,0
E07000078,Cheltenham,0,118800,0
E07000078,Cheltenham,2356,118800,1.9831649831649831
E07000078,Cheltenham,1730,118800,1.4562289562289563
E07000078,Cheltenham,12,118800,0.010101010101010102
E07000078,Cheltenham,74,118800,0.06228956228956229
E07000078,Cheltenham,499,118800,0.42003367003367004
E07000078,Cheltenham,453,118800,0.3813131313131313
E07000079,Cotswold,0,90800,0
E07000079,Cotswold,0,90800,0
E07000079,Cotswold,0,90800,0
E07000079,Cotswold,0,90800,0
E07000079,Cotswold,0,90800,0
E07000079,Cotswold,0,90800,0
E07000079,Cotswold,0,90800,0
E07000079,Cotswold,0,90800,0
E07000079,Cotswold,19914,90800,21.931718061674008
E07000079,Cotswold,38853,90800,42.78964757709251
E07000079,Cotswold,163,90800,0.17951541850220265
E07000079,Cotswold,1465,90800,1.6134361233480177
E07000079,Cotswold,7105,90800,7.82488986784141
E07000079,Cotswold,5050,90800,5.561674008810573
E07000079,Cotswold,0,90800,0
E07000079,Cotswold,15,90800,0.016519823788546256
E07000079,Cotswold,34,90800,0.037444933920704845
E07000079,Cotswold,0,90800,0
E07000079,Cotswold,0,90800,0
E07000079,Cotswold,4,90800,0.004405286343612335
E07000079,Cotswold,5,90800,0.005506607929515419
E07000079,Cotswold,0,90800,0
E07000079,Cotswold,19,90800,0.02092511013215859
E07000079,Cotswold,17,90800,0.018722466960352423
E07000079,Cotswold,0,90800,0
E07000079,Cotswold,8,90800,0.00881057268722467
E07000079,Cotswold,4,90800,0.004405286343612335
E07000079,Cotswold,3,90800,0.003303964757709251
E07000079,Cotswold,0,90800,0
E07000079,Cotswold,21,90800,0.023127753303964757
E07000079,Cotswold,21,90800,0.023127753303964757
E07000079,Cotswold,1,90800,0.0011013215859030838
E07000079,Cotswold,2,90800,0.0022026431718061676
E07000079,Cotswold,4,90800,0.004405286343612335
E07000079,Cotswold,3,90800,0.003303964757709251
E07000079,Cotswold,0,90800,0
E07000079,Cotswold,42,90800,0.046255506607929514
E07000079,Cotswold,6,90800,0.006607929515418502
E07000079,Cotswold,0,90800,0
E07000079,Cotswold,2,90800,0.0022026431718061676
E07000079,Cotswold,0,90800,0
E07000079,Cotswold,1,90800,0.0011013215859030838
E07000079,Cotswold,0,90800,0
E07000079,Cotswold,1255,90800,1.38215859030837
E07000079,Cotswold,1508,90800,1.6607929515418502
E07000079,Cotswold,14,90800,0.015418502202643172
E07000079,Cotswold,53,90800,0.05837004405286344
E07000079,Cotswold,349,90800,0.3843612334801762
E07000079,Cotswold,373,90800,0.4107929515418502
E07000080,Forest of Dean,0,87000,0
E07000080,Forest of Dean,0,87000,0
E07000080,Forest of Dean,0,87000,0
E07000080,Forest of Dean,0,87000,0
E07000080,Forest of Dean,0,87000,0
E07000080,Forest of Dean,0,87000,0
E07000080,Forest of Dean,0,87000,0
E07000080,Forest of Dean,0,87000,0
E07000080,Forest of Dean,21289,87000,24.470114942528735
E07000080,Forest of Dean,34436,87000,39.5816091954023
E07000080,Forest of Dean,130,87000,0.14942528735632185
E07000080,Forest of Dean,1365,87000,1.5689655172413792
E07000080,Forest of Dean,6805,87000,7.82183908045977
E07000080,Forest of Dean,4739,87000,5.447126436781609
E07000080,Forest of Dean,0,87000,0
E07000080,Forest of Dean,43,87000,0.04942528735632184
E07000080,Forest of Dean,43,87000,0.04942528735632184
E07000080,Forest of Dean,10,87000,0.011494252873563218
E07000080,Forest of Dean,5,87000,0.005747126436781609
E07000080,Forest of Dean,12,87000,0.013793103448275862
E07000080,Forest of Dean,6,87000,0.006896551724137931
E07000080,Forest of Dean,0,87000,0
E07000080,Forest of Dean,20,87000,0.022988505747126436
E07000080,Forest of Dean,9,87000,0.010344827586206896
E07000080,Forest of Dean,0,87000,0
E07000080,Forest of Dean,2,87000,0.0022988505747126436
E07000080,Forest of Dean,5,87000,0.005747126436781609
E07000080,Forest of Dean,2,87000,0.0022988505747126436
E07000080,Forest of Dean,0,87000,0
E07000080,Forest of Dean,19,87000,0.021839080459770115
E07000080,Forest of Dean,8,87000,0.009195402298850575
E07000080,Forest of Dean,1,87000,0.0011494252873563218
E07000080,Forest of Dean,0,87000,0
E07000080,Forest of Dean,2,87000,0.0022988505747126436
E07000080,Forest of Dean,0,87000,0
E07000080,Forest of Dean,0,87000,0
E07000080,Forest of Dean,38,87000,0.04367816091954023
E07000080,Forest of Dean,8,87000,0.009195402298850575
E07000080,Forest of Dean,0,87000,0
E07000080,Forest of Dean,0,87000,0
E07000080,Forest of Dean,3,87000,0.0034482758620689655
E07000080,Forest of Dean,0,87000,0
E07000080,Forest of Dean,0,87000,0
E07000080,Forest of Dean,1515,87000,1.7413793103448276
E07000080,Forest of Dean,1603,87000,1.842528735632184
E07000080,Forest of Dean,14,87000,0.016091954022988506
E07000080,Forest of Dean,80,87000,0.09195402298850575
E07000080,Forest of Dean,396,87000,0.45517241379310347
E07000080,Forest of Dean,439,87000,0.5045977011494253
E07000081,Gloucester,0,132500,0
E07000081,Gloucester,0,132500,0
E07000081,Gloucester,0,132500,0
E07000081,Gloucester,0,132500,0
E07000081,Gloucester,0,132500,0
E07000081,Gloucester,0,132500,0
E07000081,Gloucester,0,132500,0
E07000081,Gloucester,0,132500,0
E07000081,Gloucester,38517,132500,29.06943396226415
E07000081,Gloucester,43993,132500,33.2022641509434
E07000081,Gloucester,155,132500,0.1169811320754717
E07000081,Gloucester,2232,132500,1.6845283018867925
E07000081,Gloucester,9963,132500,7.519245283018868
E07000081,Gloucester,5399,132500,4.074716981132076
E07000081,Gloucester,0,132500,0
E07000081,Gloucester,133,132500,0.10037735849056603
E07000081,Gloucester,97,132500,0.07320754716981132
E07000081,Gloucester,1,132500,7.547169811320754e-4
E07000081,Gloucester,9,132500,0.006792452830188679
E07000081,Gloucester,26,132500,0.019622641509433963
E07000081,Gloucester,11,132500,0.00830188679245283
E07000081,Gloucester,0,132500,0
E07000081,Gloucester,57,132500,0.0430188679245283
E07000081,Gloucester,31,132500,0.02339622641509434
E07000081,Gloucester,0,132500,0
E07000081,Gloucester,5,132500,0.0037735849056603774
E07000081,Gloucester,15,132500,0.011320754716981131
E07000081,Gloucester,5,132500,0.0037735849056603774
E07000081,Gloucester,0,132500,0
E07000081,Gloucester,76,132500,0.057358490566037736
E07000081,Gloucester,24,132500,0.018113207547169812
E07000081,Gloucester,0,132500,0
E07000081,Gloucester,0,132500,0
E07000081,Gloucester,6,132500,0.004528301886792453
E07000081,Gloucester,1,132500,7.547169811320754e-4
E07000081,Gloucester,0,132500,0
E07000081,Gloucester,76,132500,0.057358490566037736
E07000081,Gloucester,12,132500,0.009056603773584906
E07000081,Gloucester,0,132500,0
E07000081,Gloucester,2,132500,0.0015094339622641509
E07000081,Gloucester,6,132500,0.004528301886792453
E07000081,Gloucester,2,132500,0.0015094339622641509
E07000081,Gloucester,0,132500,0
E07000081,Gloucester,2785,132500,2.1018867924528304
E07000081,Gloucester,2080,132500,1.569811320754717
E07000081,Gloucester,12,132500,0.009056603773584906
E07000081,Gloucester,112,132500,0.08452830188679246
E07000081,Gloucester,592,132500,0.4467924528301887
E07000081,Gloucester,499,132500,0.37660377358490565
E07000082,Stroud,0,121100,0
E07000082,Stroud,0,121100,0
E07000082,Stroud,0,121100,0
E07000082,Stroud,0,121100,0
E07000082,Stroud,0,121100,0
E07000082,Stroud,0,121100,0
E07000082,Stroud,0,121100,0
E07000082,Stroud,0,121100,0
E07000082,Stroud,28767,121100,23.754748142031378
E07000082,Stroud,48030,121100,39.661436829066886
E07000082,Stroud,191,121100,0.15772089182493806
E07000082,Stroud,1950,121100,1.6102394715111479
E07000082,Stroud,9559,121100,7.893476465730801
E07000082,Stroud,6148,121100,5.076796036333609
E07000082,Stroud,0,121100,0
E07000082,Stroud,55,121100,0.04541701073492981
E07000082,Stroud,33,121100,0.027250206440957887
E07000082,Stroud,0,121100,0
E07000082,Stroud,8,121100,0.006606110652353427
E07000082,Stroud,15,121100,0.012386457473162676
E07000082,Stroud,4,121100,0.0033030553261767133
E07000082,Stroud,0,121100,0
E07000082,Stroud,37,121100,0.0305532617671346
E07000082,Stroud,15,121100,0.012386457473162676
E07000082,Stroud,0,121100,0
E07000082,Stroud,3,121100,0.002477291494632535
E07000082,Stroud,9,121100,0.007431874483897605
E07000082,Stroud,5,121100,0.004128819157720892
E07000082,Stroud,0,121100,0
E07000082,Stroud,39,121100,0.03220478943022296
E07000082,Stroud,11,121100,0.009083402146985962
E07000082,Stroud,1,121100,8.257638315441783e-4
E07000082,Stroud,2,121100,0.0016515276630883566
E07000082,Stroud,6,121100,0.00495458298926507
E07000082,Stroud,1,121100,8.257638315441783e-4
E07000082,Stroud,0,121100,0
E07000082,Stroud,107,121100,0.08835672997522709
E07000082,Stroud,18,121100,0.01486374896779521
E07000082,Stroud,0,121100,0
E07000082,Stroud,0,121100,0
E07000082,Stroud,3,121100,0.002477291494632535
E07000082,Stroud,0,121100,0
E07000082,Stroud,0,121100,0
E07000082,Stroud,1917,121100,1.58298926507019
E07000082,Stroud,2062,121100,1.7027250206440958
E07000082,Stroud,12,121100,0.00990916597853014
E07000082,Stroud,90,121100,0.07431874483897605
E07000082,Stroud,549,121100,0.45334434351775393
E07000082,Stroud,545,121100,0.4500412881915772
E07000083,Tewkesbury,0,94900,0
E07000083,Tewkesbury,0,94900,0
E07000083,Tewkesbury,0,94900,0
E07000083,Tewkesbury,0,94900,0
E07000083,Tewkesbury,0,94900,0
E07000083,Tewkesbury,0,94900,0
E07000083,Tewkesbury,0,94900,0
E07000083,Tewkesbury,0,94900,0
E07000083,Tewkesbury,21941,94900,23.120126448893572
E07000083,Tewkesbury,37978,94900,40.01896733403583
E07000083,Tewkesbury,115,94900,0.12118018967334036
E07000083,Tewkesbury,1388,94900,1.4625922023182296
E07000083,Tewkesbury,7295,94900,7.687038988408851
E07000083,Tewkesbury,4715,94900,4.968387776606955
E07000083,Tewkesbury,0,94900,0
E07000083,Tewkesbury,39,94900,0.0410958904109589
E07000083,Tewkesbury,10,94900,0.01053740779768177
E07000083,Tewkesbury,0,94900,0
E07000083,Tewkesbury,4,94900,0.004214963119072708
E07000083,Tewkesbury,13,94900,0.0136986301369863
E07000083,Tewkesbury,3,94900,0.003161222339304531
E07000083,Tewkesbury,0,94900,0
E07000083,Tewkesbury,32,94900,0.03371970495258166
E07000083,Tewkesbury,17,94900,0.01791359325605901
E07000083,Tewkesbury,2,94900,0.002107481559536354
E07000083,Tewkesbury,1,94900,0.001053740779768177
E07000083,Tewkesbury,4,94900,0.004214963119072708
E07000083,Tewkesbury,5,94900,0.005268703898840885
E07000083,Tewkesbury,0,94900,0
E07000083,Tewkesbury,27,94900,0.02845100105374078
E07000083,Tewkesbury,10,94900,0.01053740779768177
E07000083,Tewkesbury,0,94900,0
E07000083,Tewkesbury,0,94900,0
E07000083,Tewkesbury,3,94900,0.003161222339304531
E07000083,Tewkesbury,2,94900,0.002107481559536354
E07000083,Tewkesbury,0,94900,0
E07000083,Tewkesbury,40,94900,0.04214963119072708
E07000083,Tewkesbury,9,94900,0.009483667017913594
E07000083,Tewkesbury,0,94900,0
E07000083,Tewkesbury,0,94900,0
E07000083,Tewkesbury,1,94900,0.001053740779768177
E07000083,Tewkesbury,0,94900,0
E07000083,Tewkesbury,0,94900,0
E07000083,Tewkesbury,1262,94900,1.3298208640674394
E07000083,Tewkesbury,1547,94900,1.63013698630137
E07000083,Tewkesbury,9,94900,0.009483667017913594
E07000083,Tewkesbury,62,94900,0.06533192834562697
E07000083,Tewkesbury,391,94900,0.41201264488935724
E07000083,Tewkesbury,432,94900,0.45521601685985247
E07000084,Basingstoke and Deane,0,185200,0
E07000084,Basingstoke and Deane,0,185200,0
E07000084,Basingstoke and Deane,0,185200,0
E07000084,Basingstoke and Deane,0,185200,0
E07000084,Basingstoke and Deane,0,185200,0
E07000084,Basingstoke and Deane,0,185200,0
E07000084,Basingstoke and Deane,0,185200,0
E07000084,Basingstoke and Deane,0,185200,0
E07000084,Basingstoke and Deane,47060,185200,25.41036717062635
E07000084,Basingstoke and Deane,71531,185200,38.62365010799136
E07000084,Basingstoke and Deane,216,185200,0.11663066954643629
E07000084,Basingstoke and Deane,2879,185200,1.554535637149028
E07000084,Basingstoke and Deane,13034,185200,7.037796976241901
E07000084,Basingstoke and Deane,7674,185200,4.143628509719222
E07000084,Basingstoke and Deane,0,185200,0
E07000084,Basingstoke and Deane,88,185200,0.047516198704103674
E07000084,Basingstoke and Deane,82,185200,0.04427645788336933
E07000084,Basingstoke and Deane,1,185200,5.399568034557236e-4
E07000084,Basingstoke and Deane,10,185200,0.005399568034557235
E07000084,Basingstoke and Deane,16,185200,0.008639308855291577
E07000084,Basingstoke and Deane,14,185200,0.00755939524838013
E07000084,Basingstoke and Deane,0,185200,0
E07000084,Basingstoke and Deane,63,185200,0.03401727861771058
E07000084,Basingstoke and Deane,44,185200,0.023758099352051837
E07000084,Basingstoke and Deane,0,185200,0
E07000084,Basingstoke and Deane,3,185200,0.0016198704103671706
E07000084,Basingstoke and Deane,19,185200,0.010259179265658747
E07000084,Basingstoke and Deane,8,185200,0.004319654427645789
E07000084,Basingstoke and Deane,0,185200,0
E07000084,Basingstoke and Deane,82,185200,0.04427645788336933
E07000084,Basingstoke and Deane,53,185200,0.028617710583153346
E07000084,Basingstoke and Deane,0,185200,0
E07000084,Basingstoke and Deane,4,185200,0.0021598272138228943
E07000084,Basingstoke and Deane,12,185200,0.0064794816414686825
E07000084,Basingstoke and Deane,3,185200,0.0016198704103671706
E07000084,Basingstoke and Deane,0,185200,0
E07000084,Basingstoke and Deane,113,185200,0.06101511879049676
E07000084,Basingstoke and Deane,12,185200,0.0064794816414686825
E07000084,Basingstoke and Deane,1,185200,5.399568034557236e-4
E07000084,Basingstoke and Deane,1,185200,5.399568034557236e-4
E07000084,Basingstoke and Deane,8,185200,0.004319654427645789
E07000084,Basingstoke and Deane,2,185200,0.0010799136069114472
E07000084,Basingstoke and Deane,0,185200,0
E07000084,Basingstoke and Deane,2562,185200,1.3833693304535637
E07000084,Basingstoke and Deane,2890,185200,1.560475161987041
E07000084,Basingstoke and Deane,11,185200,0.005939524838012959
E07000084,Basingstoke and Deane,132,185200,0.07127429805615551
E07000084,Basingstoke and Deane,640,185200,0.34557235421166305
E07000084,Basingstoke and Deane,543,185200,0.29319654427645786
E07000085,East Hampshire,0,125700,0
E07000085,East Hampshire,0,125700,0
E07000085,East Hampshire,0,125700,0
E07000085,East Hampshire,0,125700,0
E07000085,East Hampshire,0,125700,0
E07000085,East Hampshire,0,125700,0
E07000085,East Hampshire,0,125700,0
E07000085,East Hampshire,0,125700,0
E07000085,East Hampshire,27340,125700,21.750198886237072
E07000085,East Hampshire,53451,125700,42.52267303102625
E07000085,East Hampshire,194,125700,0.15433571996817821
E07000085,East Hampshire,2007,125700,1.5966587112171837
E07000085,East Hampshire,9270,125700,7.3747016706443915
E07000085,East Hampshire,6410,125700,5.099443118536198
E07000085,East Hampshire,0,125700,0
E07000085,East Hampshire,52,125700,0.04136833731105807
E07000085,East Hampshire,27,125700,0.021479713603818614
E07000085,East Hampshire,1,125700,7.955449482895784e-4
E07000085,East Hampshire,4,125700,0.0031821797931583136
E07000085,East Hampshire,10,125700,0.007955449482895784
E07000085,East Hampshire,5,125700,0.003977724741447892
E07000085,East Hampshire,0,125700,0
E07000085,East Hampshire,31,125700,0.024661893396976928
E07000085,East Hampshire,27,125700,0.021479713603818614
E07000085,East Hampshire,0,125700,0
E07000085,East Hampshire,2,125700,0.0015910898965791568
E07000085,East Hampshire,8,125700,0.006364359586316627
E07000085,East Hampshire,5,125700,0.003977724741447892
E07000085,East Hampshire,0,125700,0
E07000085,East Hampshire,38,125700,0.030230708035003977
E07000085,East Hampshire,15,125700,0.011933174224343675
E07000085,East Hampshire,2,125700,0.0015910898965791568
E07000085,East Hampshire,0,125700,0
E07000085,East Hampshire,3,125700,0.002386634844868735
E07000085,East Hampshire,1,125700,7.955449482895784e-4
E07000085,East Hampshire,0,125700,0
E07000085,East Hampshire,81,125700,0.06443914081145585
E07000085,East Hampshire,9,125700,0.007159904534606206
E07000085,East Hampshire,2,125700,0.0015910898965791568
E07000085,East Hampshire,0,125700,0
E07000085,East Hampshire,4,125700,0.0031821797931583136
E07000085,East Hampshire,0,125700,0
E07000085,East Hampshire,0,125700,0
E07000085,East Hampshire,1689,125700,1.3436754176610979
E07000085,East Hampshire,2054,125700,1.634049323786794
E07000085,East Hampshire,6,125700,0.00477326968973747
E07000085,East Hampshire,78,125700,0.06205250596658711
E07000085,East Hampshire,482,125700,0.3834526650755768
E07000085,East Hampshire,521,125700,0.4144789180588703
E07000086,Eastleigh,0,136400,0
E07000086,Eastleigh,0,136400,0
E07000086,Eastleigh,0,136400,0
E07000086,Eastleigh,0,136400,0
E07000086,Eastleigh,0,136400,0
E07000086,Eastleigh,0,136400,0
E07000086,Eastleigh,0,136400,0
E07000086,Eastleigh,0,136400,0
E07000086,Eastleigh,33277,136400,24.396627565982406
E07000086,Eastleigh,52895,136400,38.77932551319648
E07000086,Eastleigh,187,136400,0.13709677419354838
E07000086,Eastleigh,2246,136400,1.6466275659824048
E07000086,Eastleigh,10478,136400,7.681818181818182
E07000086,Eastleigh,6292,136400,4.612903225806452
E07000086,Eastleigh,0,136400,0
E07000086,Eastleigh,38,136400,0.02785923753665689
E07000086,Eastleigh,44,136400,0.03225806451612903
E07000086,Eastleigh,0,136400,0
E07000086,Eastleigh,1,136400,7.331378299120235e-4
E07000086,Eastleigh,13,136400,0.009530791788856305
E07000086,Eastleigh,10,136400,0.007331378299120235
E07000086,Eastleigh,0,136400,0
E07000086,Eastleigh,39,136400,0.028592375366568914
E07000086,Eastleigh,20,136400,0.01466275659824047
E07000086,Eastleigh,0,136400,0
E07000086,Eastleigh,3,136400,0.0021994134897360706
E07000086,Eastleigh,4,136400,0.002932551319648094
E07000086,Eastleigh,6,136400,0.004398826979472141
E07000086,Eastleigh,0,136400,0
E07000086,Eastleigh,38,136400,0.02785923753665689
E07000086,Eastleigh,25,136400,0.018328445747800588
E07000086,Eastleigh,0,136400,0
E07000086,Eastleigh,2,136400,0.001466275659824047
E07000086,Eastleigh,4,136400,0.002932551319648094
E07000086,Eastleigh,3,136400,0.0021994134897360706
E07000086,Eastleigh,0,136400,0
E07000086,Eastleigh,64,136400,0.0469208211143695
E07000086,Eastleigh,9,136400,0.006598240469208211
E07000086,Eastleigh,1,136400,7.331378299120235e-4
E07000086,Eastleigh,2,136400,0.001466275659824047
E07000086,Eastleigh,2,136400,0.001466275659824047
E07000086,Eastleigh,1,136400,7.331378299120235e-4
E07000086,Eastleigh,0,136400,0
E07000086,Eastleigh,1639,136400,1.2016129032258065
E07000086,Eastleigh,2010,136400,1.4736070381231672
E07000086,Eastleigh,13,136400,0.009530791788856305
E07000086,Eastleigh,111,136400,0.0813782991202346
E07000086,Eastleigh,405,136400,0.2969208211143695
E07000086,Eastleigh,450,136400,0.32991202346041054
E07000087,Fareham,0,114500,0
E07000087,Fareham,0,114500,0
E07000087,Fareham,0,114500,0
E07000087,Fareham,0,114500,0
E07000087,Fareham,0,114500,0
E07000087,Fareham,0,114500,0
E07000087,Fareham,0,114500,0
E07000087,Fareham,0,114500,0
E07000087,Fareham,24982,114500,21.81834061135371
E07000087,Fareham,48923,114500,42.72751091703057
E07000087,Fareham,183,114500,0.15982532751091702
E07000087,Fareham,1655,114500,1.445414847161572
E07000087,Fareham,9028,114500,7.88471615720524
E07000087,Fareham,6511,114500,5.68646288209607
E07000087,Fareham,0,114500,0
E07000087,Fareham,45,114500,0.039301310043668124
E07000087,Fareham,34,114500,0.029694323144104803
E07000087,Fareham,0,114500,0
E07000087,Fareham,1,114500,8.733624454148472e-4
E07000087,Fareham,4,114500,0.0034934497816593887
E07000087,Fareham,6,114500,0.005240174672489083
E07000087,Fareham,0,114500,0
E07000087,Fareham,37,114500,0.032314410480349345
E07000087,Fareham,10,114500,0.008733624454148471
E07000087,Fareham,0,114500,0
E07000087,Fareham,1,114500,8.733624454148472e-4
E07000087,Fareham,6,114500,0.005240174672489083
E07000087,Fareham,3,114500,0.0026200873362445414
E07000087,Fareham,0,114500,0
E07000087,Fareham,34,114500,0.029694323144104803
E07000087,Fareham,12,114500,0.010480349344978166
E07000087,Fareham,0,114500,0
E07000087,Fareham,0,114500,0
E07000087,Fareham,2,114500,0.0017467248908296944
E07000087,Fareham,4,114500,0.0034934497816593887
E07000087,Fareham,0,114500,0
E07000087,Fareham,47,114500,0.04104803493449782
E07000087,Fareham,10,114500,0.008733624454148471
E07000087,Fareham,0,114500,0
E07000087,Fareham,1,114500,8.733624454148472e-4
E07000087,Fareham,3,114500,0.0026200873362445414
E07000087,Fareham,0,114500,0
E07000087,Fareham,0,114500,0
E07000087,Fareham,1339,114500,1.1694323144104803
E07000087,Fareham,1807,114500,1.5781659388646287
E07000087,Fareham,5,114500,0.004366812227074236
E07000087,Fareham,51,114500,0.0445414847161572
E07000087,Fareham,416,114500,0.36331877729257644
E07000087,Fareham,477,114500,0.4165938864628821
E07000088,Gosport,0,81900,0
E07000088,Gosport,0,81900,0
E07000088,Gosport,0,81900,0
E07000088,Gosport,0,81900,0
E07000088,Gosport,0,81900,0
E07000088,Gosport,0,81900,0
E07000088,Gosport,0,81900,0
E07000088,Gosport,0,81900,0
E07000088,Gosport,20809,81900,25.407814407814406
E07000088,Gosport,29202,81900,35.65567765567766
E07000088,Gosport,100,81900,0.1221001221001221
E07000088,Gosport,1707,81900,2.0842490842490844
E07000088,Gosport,7869,81900,9.608058608058608
E07000088,Gosport,4432,81900,5.411477411477412
E07000088,Gosport,0,81900,0
E07000088,Gosport,38,81900,0.0463980463980464
E07000088,Gosport,27,81900,0.03296703296703297
E07000088,Gosport,0,81900,0
E07000088,Gosport,11,81900,0.013431013431013432
E07000088,Gosport,11,81900,0.013431013431013432
E07000088,Gosport,5,81900,0.006105006105006105
E07000088,Gosport,0,81900,0
E07000088,Gosport,40,81900,0.04884004884004884
E07000088,Gosport,8,81900,0.009768009768009768
E07000088,Gosport,0,81900,0
E07000088,Gosport,6,81900,0.007326007326007326
E07000088,Gosport,12,81900,0.014652014652014652
E07000088,Gosport,4,81900,0.004884004884004884
E07000088,Gosport,0,81900,0
E07000088,Gosport,21,81900,0.02564102564102564
E07000088,Gosport,9,81900,0.01098901098901099
E07000088,Gosport,0,81900,0
E07000088,Gosport,1,81900,0.001221001221001221
E07000088,Gosport,4,81900,0.004884004884004884
E07000088,Gosport,1,81900,0.001221001221001221
E07000088,Gosport,0,81900,0
E07000088,Gosport,44,81900,0.05372405372405373
E07000088,Gosport,3,81900,0.003663003663003663
E07000088,Gosport,0,81900,0
E07000088,Gosport,0,81900,0
E07000088,Gosport,2,81900,0.002442002442002442
E07000088,Gosport,0,81900,0
E07000088,Gosport,0,81900,0
E07000088,Gosport,1096,81900,1.3382173382173381
E07000088,Gosport,1041,81900,1.271062271062271
E07000088,Gosport,1,81900,0.001221001221001221
E07000088,Gosport,78,81900,0.09523809523809523
E07000088,Gosport,343,81900,0.4188034188034188
E07000088,Gosport,288,81900,0.3516483516483517
E07000089,Hart,0,99400,0
E07000089,Hart,0,99400,0
E07000089,Hart,0,99400,0
E07000089,Hart,0,99400,0
E07000089,Hart,0,99400,0
E07000089,Hart,0,99400,0
E07000089,Hart,0,99400,0
E07000089,Hart,0,99400,0
E07000089,Hart,22045,99400,22.178068410462778
E07000089,Hart,42234,99400,42.48893360160966
E07000089,Hart,143,99400,0.14386317907444668
E07000089,Hart,1386,99400,1.3943661971830985
E07000089,Hart,6651,99400,6.691146881287726
E07000089,Hart,4466,99400,4.492957746478873
E07000089,Hart,0,99400,0
E07000089,Hart,33,99400,0.03319919517102616
E07000089,Hart,33,99400,0.03319919517102616
E07000089,Hart,0,99400,0
E07000089,Hart,1,99400,0.001006036217303823
E07000089,Hart,6,99400,0.006036217303822937
E07000089,Hart,4,99400,0.004024144869215292
E07000089,Hart,0,99400,0
E07000089,Hart,25,99400,0.025150905432595575
E07000089,Hart,14,99400,0.014084507042253521
E07000089,Hart,0,99400,0
E07000089,Hart,4,99400,0.004024144869215292
E07000089,Hart,7,99400,0.007042253521126761
E07000089,Hart,2,99400,0.002012072434607646
E07000089,Hart,0,99400,0
E07000089,Hart,22,99400,0.022132796780684104
E07000089,Hart,13,99400,0.013078470824949699
E07000089,Hart,0,99400,0
E07000089,Hart,3,99400,0.0030181086519114686
E07000089,Hart,5,99400,0.005030181086519115
E07000089,Hart,0,99400,0
E07000089,Hart,0,99400,0
E07000089,Hart,42,99400,0.04225352112676056
E07000089,Hart,3,99400,0.0030181086519114686
E07000089,Hart,0,99400,0
E07000089,Hart,0,99400,0
E07000089,Hart,1,99400,0.001006036217303823
E07000089,Hart,1,99400,0.001006036217303823
E07000089,Hart,0,99400,0
E07000089,Hart,1066,99400,1.0724346076458753
E07000089,Hart,1480,99400,1.488933601609658
E07000089,Hart,4,99400,0.004024144869215292
E07000089,Hart,26,99400,0.026156941649899398
E07000089,Hart,295,99400,0.29678068410462777
E07000089,Hart,314,99400,0.3158953722334004
E07000090,Havant,0,124200,0
E07000090,Havant,0,124200,0
E07000090,Havant,0,124200,0
E07000090,Havant,0,124200,0
E07000090,Havant,0,124200,0
E07000090,Havant,0,124200,0
E07000090,Havant,0,124200,0
E07000090,Havant,0,124200,0
E07000090,Havant,31013,124200,24.970209339774556
E07000090,Havant,46353,124200,37.32125603864734
E07000090,Havant,155,124200,0.1247987117552335
E07000090,Havant,2269,124200,1.826892109500805
E07000090,Havant,10614,124200,8.545893719806763
E07000090,Havant,7259,124200,5.844605475040257
E07000090,Havant,0,124200,0
E07000090,Havant,62,124200,0.0499194847020934
E07000090,Havant,32,124200,0.02576489533011272
E07000090,Havant,0,124200,0
E07000090,Havant,4,124200,0.00322061191626409
E07000090,Havant,17,124200,0.013687600644122383
E07000090,Havant,9,124200,0.007246376811594203
E07000090,Havant,0,124200,0
E07000090,Havant,45,124200,0.036231884057971016
E07000090,Havant,12,124200,0.00966183574879227
E07000090,Havant,1,124200,8.051529790660225e-4
E07000090,Havant,2,124200,0.001610305958132045
E07000090,Havant,10,124200,0.008051529790660225
E07000090,Havant,10,124200,0.008051529790660225
E07000090,Havant,0,124200,0
E07000090,Havant,44,124200,0.03542673107890499
E07000090,Havant,16,124200,0.01288244766505636
E07000090,Havant,0,124200,0
E07000090,Havant,2,124200,0.001610305958132045
E07000090,Havant,11,124200,0.008856682769726247
E07000090,Havant,4,124200,0.00322061191626409
E07000090,Havant,0,124200,0
E07000090,Havant,57,124200,0.04589371980676329
E07000090,Havant,7,124200,0.005636070853462158
E07000090,Havant,0,124200,0
E07000090,Havant,3,124200,0.0024154589371980675
E07000090,Havant,2,124200,0.001610305958132045
E07000090,Havant,0,124200,0
E07000090,Havant,0,124200,0
E07000090,Havant,1737,124200,1.3985507246376812
E07000090,Havant,1944,124200,1.565217391304348
E07000090,Havant,10,124200,0.008051529790660225
E07000090,Havant,75,124200,0.06038647342995169
E07000090,Havant,531,124200,0.427536231884058
E07000090,Havant,558,124200,0.4492753623188406
E07000091,New Forest,0,175800,0
E07000091,New Forest,0,175800,0
E07000091,New Forest,0,175800,0
E07000091,New Forest,0,175800,0
E07000091,New Forest,0,175800,0
E07000091,New Forest,0,175800,0
E07000091,New Forest,0,175800,0
E07000091,New Forest,0,175800,0
E07000091,New Forest,37539,175800,21.353242320819113
E07000091,New Forest,74312,175800,42.2707622298066
E07000091,New Forest,270,175800,0.15358361774744028
E07000091,New Forest,2800,175800,1.5927189988623436
E07000091,New Forest,14561,175800,8.282707622298066
E07000091,New Forest,11349,175800,6.455631399317406
E07000091,New Forest,0,175800,0
E07000091,New Forest,44,175800,0.02502844141069397
E07000091,New Forest,44,175800,0.02502844141069397
E07000091,New Forest,0,175800,0
E07000091,New Forest,1,175800,5.688282138794084e-4
E07000091,New Forest,18,175800,0.010238907849829351
E07000091,New Forest,9,175800,0.005119453924914676
E07000091,New Forest,0,175800,0
E07000091,New Forest,42,175800,0.023890784982935155
E07000091,New Forest,12,175800,0.006825938566552901
E07000091,New Forest,0,175800,0
E07000091,New Forest,4,175800,0.0022753128555176336
E07000091,New Forest,8,175800,0.004550625711035267
E07000091,New Forest,10,175800,0.005688282138794084
E07000091,New Forest,0,175800,0
E07000091,New Forest,48,175800,0.027303754266211604
E07000091,New Forest,15,175800,0.008532423208191127
E07000091,New Forest,0,175800,0
E07000091,New Forest,1,175800,5.688282138794084e-4
E07000091,New Forest,11,175800,0.006257110352673493
E07000091,New Forest,2,175800,0.0011376564277588168
E07000091,New Forest,0,175800,0
E07000091,New Forest,62,175800,0.03526734926052332
E07000091,New Forest,6,175800,0.0034129692832764505
E07000091,New Forest,0,175800,0
E07000091,New Forest,4,175800,0.0022753128555176336
E07000091,New Forest,2,175800,0.0011376564277588168
E07000091,New Forest,1,175800,5.688282138794084e-4
E07000091,New Forest,0,175800,0
E07000091,New Forest,2309,175800,1.313424345847554
E07000091,New Forest,3273,175800,1.8617747440273038
E07000091,New Forest,11,175800,0.006257110352673493
E07000091,New Forest,130,175800,0.07394766780432309
E07000091,New Forest,822,175800,0.46757679180887374
E07000091,New Forest,1028,175800,0.5847554038680318
E07000092,Rushmoor,0,99800,0
E07000092,Rushmoor,0,99800,0
E07000092,Rushmoor,0,99800,0
E07000092,Rushmoor,0,99800,0
E07000092,Rushmoor,0,99800,0
E07000092,Rushmoor,0,99800,0
E07000092,Rushmoor,0,99800,0
E07000092,Rushmoor,0,99800,0
E07000092,Rushmoor,26789,99800,26.84268537074148
E07000092,Rushmoor,36581,99800,36.65430861723447
E07000092,Rushmoor,121,99800,0.12124248496993988
E07000092,Rushmoor,1844,99800,1.8476953907815632
E07000092,Rushmoor,6922,99800,6.935871743486974
E07000092,Rushmoor,3698,99800,3.7054108216432864
E07000092,Rushmoor,0,99800,0
E07000092,Rushmoor,92,99800,0.09218436873747494
E07000092,Rushmoor,160,99800,0.16032064128256512
E07000092,Rushmoor,0,99800,0
E07000092,Rushmoor,7,99800,0.0070140280561122245
E07000092,Rushmoor,17,99800,0.017034068136272545
E07000092,Rushmoor,11,99800,0.011022044088176353
E07000092,Rushmoor,0,99800,0
E07000092,Rushmoor,36,99800,0.036072144288577156
E07000092,Rushmoor,58,99800,0.05811623246492986
E07000092,Rushmoor,0,99800,0
E07000092,Rushmoor,2,99800,0.002004008016032064
E07000092,Rushmoor,8,99800,0.008016032064128256
E07000092,Rushmoor,11,99800,0.011022044088176353
E07000092,Rushmoor,0,99800,0
E07000092,Rushmoor,56,99800,0.056112224448897796
E07000092,Rushmoor,50,99800,0.050100200400801605
E07000092,Rushmoor,1,99800,0.001002004008016032
E07000092,Rushmoor,2,99800,0.002004008016032064
E07000092,Rushmoor,8,99800,0.008016032064128256
E07000092,Rushmoor,0,99800,0
E07000092,Rushmoor,0,99800,0
E07000092,Rushmoor,72,99800,0.07214428857715431
E07000092,Rushmoor,8,99800,0.008016032064128256
E07000092,Rushmoor,0,99800,0
E07000092,Rushmoor,0,99800,0
E07000092,Rushmoor,0,99800,0
E07000092,Rushmoor,1,99800,0.001002004008016032
E07000092,Rushmoor,0,99800,0
E07000092,Rushmoor,1642,99800,1.6452905811623246
E07000092,Rushmoor,1918,99800,1.9218436873747495
E07000092,Rushmoor,3,99800,0.003006012024048096
E07000092,Rushmoor,87,99800,0.0871743486973948
E07000092,Rushmoor,363,99800,0.3637274549098196
E07000092,Rushmoor,294,99800,0.29458917835671344
E07000093,Test Valley,0,130500,0
E07000093,Test Valley,0,130500,0
E07000093,Test Valley,0,130500,0
E07000093,Test Valley,0,130500,0
E07000093,Test Valley,0,130500,0
E07000093,Test Valley,0,130500,0
E07000093,Test Valley,0,130500,0
E07000093,Test Valley,0,130500,0
E07000093,Test Valley,29177,130500,22.35785440613027
E07000093,Test Valley,53793,130500,41.220689655172414
E07000093,Test Valley,202,130500,0.15478927203065135
E07000093,Test Valley,2196,130500,1.6827586206896552
E07000093,Test Valley,9859,130500,7.554789272030652
E07000093,Test Valley,6207,130500,4.75632183908046
E07000093,Test Valley,0,130500,0
E07000093,Test Valley,59,130500,0.045210727969348656
E07000093,Test Valley,47,130500,0.03601532567049808
E07000093,Test Valley,0,130500,0
E07000093,Test Valley,2,130500,0.0015325670498084292
E07000093,Test Valley,15,130500,0.011494252873563218
E07000093,Test Valley,5,130500,0.0038314176245210726
E07000093,Test Valley,0,130500,0
E07000093,Test Valley,24,130500,0.01839080459770115
E07000093,Test Valley,12,130500,0.009195402298850575
E07000093,Test Valley,0,130500,0
E07000093,Test Valley,1,130500,7.662835249042146e-4
E07000093,Test Valley,12,130500,0.009195402298850575
E07000093,Test Valley,3,130500,0.0022988505747126436
E07000093,Test Valley,0,130500,0
E07000093,Test Valley,33,130500,0.02528735632183908
E07000093,Test Valley,15,130500,0.011494252873563218
E07000093,Test Valley,0,130500,0
E07000093,Test Valley,2,130500,0.0015325670498084292
E07000093,Test Valley,3,130500,0.0022988505747126436
E07000093,Test Valley,2,130500,0.0015325670498084292
E07000093,Test Valley,0,130500,0
E07000093,Test Valley,66,130500,0.05057471264367816
E07000093,Test Valley,4,130500,0.0030651340996168583
E07000093,Test Valley,0,130500,0
E07000093,Test Valley,7,130500,0.0053639846743295016
E07000093,Test Valley,2,130500,0.0015325670498084292
E07000093,Test Valley,0,130500,0
E07000093,Test Valley,0,130500,0
E07000093,Test Valley,1694,130500,1.2980842911877395
E07000093,Test Valley,2207,130500,1.6911877394636015
E07000093,Test Valley,17,130500,0.013026819923371647
E07000093,Test Valley,107,130500,0.08199233716475096
E07000093,Test Valley,461,130500,0.35325670498084294
E07000093,Test Valley,515,130500,0.3946360153256705
E07000094,Winchester,0,127500,0
E07000094,Winchester,0,127500,0
E07000094,Winchester,0,127500,0
E07000094,Winchester,0,127500,0
E07000094,Winchester,0,127500,0
E07000094,Winchester,0,127500,0
E07000094,Winchester,0,127500,0
E07000094,Winchester,0,127500,0
E07000094,Winchester,32258,127500,25.300392156862745
E07000094,Winchester,50839,127500,39.87372549019608
E07000094,Winchester,178,127500,0.1396078431372549
E07000094,Winchester,1817,127500,1.4250980392156862
E07000094,Winchester,8257,127500,6.4760784313725495
E07000094,Winchester,5955,127500,4.670588235294118
E07000094,Winchester,0,127500,0
E07000094,Winchester,51,127500,0.04
E07000094,Winchester,44,127500,0.034509803921568626
E07000094,Winchester,0,127500,0
E07000094,Winchester,3,127500,0.002352941176470588
E07000094,Winchester,7,127500,0.005490196078431373
E07000094,Winchester,4,127500,0.003137254901960784
E07000094,Winchester,0,127500,0
E07000094,Winchester,46,127500,0.03607843137254902
E07000094,Winchester,30,127500,0.023529411764705882
E07000094,Winchester,1,127500,7.84313725490196e-4
E07000094,Winchester,5,127500,0.00392156862745098
E07000094,Winchester,7,127500,0.005490196078431373
E07000094,Winchester,3,127500,0.002352941176470588
E07000094,Winchester,0,127500,0
E07000094,Winchester,69,127500,0.05411764705882353
E07000094,Winchester,13,127500,0.01019607843137255
E07000094,Winchester,0,127500,0
E07000094,Winchester,0,127500,0
E07000094,Winchester,1,127500,7.84313725490196e-4
E07000094,Winchester,2,127500,0.001568627450980392
E07000094,Winchester,0,127500,0
E07000094,Winchester,130,127500,0.10196078431372549
E07000094,Winchester,8,127500,0.006274509803921568
E07000094,Winchester,0,127500,0
E07000094,Winchester,1,127500,7.84313725490196e-4
E07000094,Winchester,6,127500,0.004705882352941176
E07000094,Winchester,3,127500,0.002352941176470588
E07000094,Winchester,0,127500,0
E07000094,Winchester,2257,127500,1.7701960784313726
E07000094,Winchester,1848,127500,1.4494117647058824
E07000094,Winchester,5,127500,0.00392156862745098
E07000094,Winchester,64,127500,0.05019607843137255
E07000094,Winchester,363,127500,0.2847058823529412
E07000094,Winchester,472,127500,0.37019607843137253
E07000095,Broxbourne,0,99000,0
E07000095,Broxbourne,0,99000,0
E07000095,Broxbourne,0,99000,0
E07000095,Broxbourne,0,99000,0
E07000095,Broxbourne,0,99000,0
E07000095,Broxbourne,0,99000,0
E07000095,Broxbourne,0,99000,0
E07000095,Broxbourne,0,99000,0
E07000095,Broxbourne,27564,99000,27.842424242424244
E07000095,Broxbourne,34019,99000,34.362626262626264
E07000095,Broxbourne,124,99000,0.12525252525252525
E07000095,Broxbourne,1638,99000,1.6545454545454545
E07000095,Broxbourne,6665,99000,6.732323232323233
E07000095,Broxbourne,4630,99000,4.6767676767676765
E07000095,Broxbourne,0,99000,0
E07000095,Broxbourne,73,99000,0.07373737373737374
E07000095,Broxbourne,59,99000,0.0595959595959596
E07000095,Broxbourne,0,99000,0
E07000095,Broxbourne,9,99000,0.00909090909090909
E07000095,Broxbourne,24,99000,0.024242424242424242
E07000095,Broxbourne,8,99000,0.00808080808080808
E07000095,Broxbourne,0,99000,0
E07000095,Broxbourne,37,99000,0.03737373737373737
E07000095,Broxbourne,24,99000,0.024242424242424242
E07000095,Broxbourne,0,99000,0
E07000095,Broxbourne,5,99000,0.005050505050505051
E07000095,Broxbourne,6,99000,0.006060606060606061
E07000095,Broxbourne,2,99000,0.00202020202020202
E07000095,Broxbourne,0,99000,0
E07000095,Broxbourne,48,99000,0.048484848484848485
E07000095,Broxbourne,27,99000,0.02727272727272727
E07000095,Broxbourne,0,99000,0
E07000095,Broxbourne,2,99000,0.00202020202020202
E07000095,Broxbourne,6,99000,0.006060606060606061
E07000095,Broxbourne,3,99000,0.0030303030303030303
E07000095,Broxbourne,0,99000,0
E07000095,Broxbourne,26,99000,0.026262626262626262
E07000095,Broxbourne,7,99000,0.007070707070707071
E07000095,Broxbourne,0,99000,0
E07000095,Broxbourne,0,99000,0
E07000095,Broxbourne,0,99000,0
E07000095,Broxbourne,1,99000,0.00101010101010101
E07000095,Broxbourne,0,99000,0
E07000095,Broxbourne,1768,99000,1.7858585858585858
E07000095,Broxbourne,1805,99000,1.8232323232323233
E07000095,Broxbourne,8,99000,0.00808080808080808
E07000095,Broxbourne,117,99000,0.11818181818181818
E07000095,Broxbourne,421,99000,0.42525252525252527
E07000095,Broxbourne,312,99000,0.3151515151515151
E07000096,Dacorum,0,155100,0
E07000096,Dacorum,0,155100,0
E07000096,Dacorum,0,155100,0
E07000096,Dacorum,0,155100,0
E07000096,Dacorum,0,155100,0
E07000096,Dacorum,0,155100,0
E07000096,Dacorum,0,155100,0
E07000096,Dacorum,0,155100,0
E07000096,Dacorum,40089,155100,25.847195357833655
E07000096,Dacorum,56157,155100,36.20696324951644
E07000096,Dacorum,214,155100,0.13797549967762734
E07000096,Dacorum,2713,155100,1.7491940683430045
E07000096,Dacorum,11076,155100,7.141199226305609
E07000096,Dacorum,6682,155100,4.308188265635074
E07000096,Dacorum,0,155100,0
E07000096,Dacorum,90,155100,0.058027079303675046
E07000096,Dacorum,67,155100,0.04319793681495809
E07000096,Dacorum,0,155100,0
E07000096,Dacorum,15,155100,0.009671179883945842
E07000096,Dacorum,20,155100,0.012894906511927788
E07000096,Dacorum,7,155100,0.004513217279174726
E07000096,Dacorum,0,155100,0
E07000096,Dacorum,43,155100,0.027724049000644745
E07000096,Dacorum,29,155100,0.018697614442295292
E07000096,Dacorum,0,155100,0
E07000096,Dacorum,6,155100,0.0038684719535783366
E07000096,Dacorum,8,155100,0.0051579626047711154
E07000096,Dacorum,7,155100,0.004513217279174726
E07000096,Dacorum,0,155100,0
E07000096,Dacorum,46,155100,0.029658284977433915
E07000096,Dacorum,33,155100,0.02127659574468085
E07000096,Dacorum,3,155100,0.0019342359767891683
E07000096,Dacorum,2,155100,0.0012894906511927789
E07000096,Dacorum,6,155100,0.0038684719535783366
E07000096,Dacorum,1,155100,6.447453255963894e-4
E07000096,Dacorum,0,155100,0
E07000096,Dacorum,74,155100,0.04771115409413282
E07000096,Dacorum,12,155100,0.007736943907156673
E07000096,Dacorum,0,155100,0
E07000096,Dacorum,0,155100,0
E07000096,Dacorum,5,155100,0.003223726627981947
E07000096,Dacorum,0,155100,0
E07000096,Dacorum,0,155100,0
E07000096,Dacorum,2492,155100,1.6067053513862024
E07000096,Dacorum,2664,155100,1.7176015473887813
E07000096,Dacorum,13,155100,0.008381689232753063
E07000096,Dacorum,114,155100,0.0735009671179884
E07000096,Dacorum,582,155100,0.37524177949709864
E07000096,Dacorum,508,155100,0.32753062540296585
E07000098,Hertsmere,0,107800,0
E07000098,Hertsmere,0,107800,0
E07000098,Hertsmere,0,107800,0
E07000098,Hertsmere,0,107800,0
E07000098,Hertsmere,0,107800,0
E07000098,Hertsmere,0,107800,0
E07000098,Hertsmere,0,107800,0
E07000098,Hertsmere,0,107800,0
E07000098,Hertsmere,26967,107800,25.015769944341372
E07000098,Hertsmere,40547,107800,37.61317254174397
E07000098,Hertsmere,117,107800,0.10853432282003711
E07000098,Hertsmere,1518,107800,1.4081632653061225
E07000098,Hertsmere,6804,107800,6.311688311688312
E07000098,Hertsmere,4800,107800,4.452690166975882
E07000098,Hertsmere,0,107800,0
E07000098,Hertsmere,61,107800,0.05658627087198516
E07000098,Hertsmere,66,107800,0.061224489795918366
E07000098,Hertsmere,0,107800,0
E07000098,Hertsmere,3,107800,0.0027829313543599257
E07000098,Hertsmere,17,107800,0.015769944341372914
E07000098,Hertsmere,7,107800,0.006493506493506494
E07000098,Hertsmere,0,107800,0
E07000098,Hertsmere,39,107800,0.036178107606679034
E07000098,Hertsmere,26,107800,0.02411873840445269
E07000098,Hertsmere,0,107800,0
E07000098,Hertsmere,6,107800,0.0055658627087198514
E07000098,Hertsmere,12,107800,0.011131725417439703
E07000098,Hertsmere,2,107800,0.0018552875695732839
E07000098,Hertsmere,0,107800,0
E07000098,Hertsmere,40,107800,0.03710575139146568
E07000098,Hertsmere,29,107800,0.026901669758812616
E07000098,Hertsmere,0,107800,0
E07000098,Hertsmere,5,107800,0.00463821892393321
E07000098,Hertsmere,7,107800,0.006493506493506494
E07000098,Hertsmere,1,107800,9.276437847866419e-4
E07000098,Hertsmere,0,107800,0
E07000098,Hertsmere,47,107800,0.04359925788497217
E07000098,Hertsmere,1,107800,9.276437847866419e-4
E07000098,Hertsmere,0,107800,0
E07000098,Hertsmere,1,107800,9.276437847866419e-4
E07000098,Hertsmere,3,107800,0.0027829313543599257
E07000098,Hertsmere,0,107800,0
E07000098,Hertsmere,0,107800,0
E07000098,Hertsmere,1955,107800,1.813543599257885
E07000098,Hertsmere,2142,107800,1.9870129870129871
E07000098,Hertsmere,12,107800,0.011131725417439703
E07000098,Hertsmere,87,107800,0.08070500927643785
E07000098,Hertsmere,458,107800,0.424860853432282
E07000098,Hertsmere,413,107800,0.38311688311688313
E07000099,North Hertfordshire,0,133200,0
E07000099,North Hertfordshire,0,133200,0
E07000099,North Hertfordshire,0,133200,0
E07000099,North Hertfordshire,0,133200,0
E07000099,North Hertfordshire,0,133200,0
E07000099,North Hertfordshire,0,133200,0
E07000099,North Hertfordshire,0,133200,0
E07000099,North Hertfordshire,0,133200,0
E07000099,North Hertfordshire,34328,133200,25.77177177177177
E07000099,North Hertfordshire,50175,133200,37.66891891891892
E07000099,North Hertfordshire,181,133200,0.13588588588588588
E07000099,North Hertfordshire,2168,133200,1.6276276276276276
E07000099,North Hertfordshire,9077,133200,6.814564564564565
E07000099,North Hertfordshire,6283,133200,4.716966966966967
E07000099,North Hertfordshire,0,133200,0
E07000099,North Hertfordshire,51,133200,0.038288288288288286
E07000099,North Hertfordshire,42,133200,0.03153153153153153
E07000099,North Hertfordshire,1,133200,7.507507507507507e-4
E07000099,North Hertfordshire,5,133200,0.0037537537537537537
E07000099,North Hertfordshire,13,133200,0.00975975975975976
E07000099,North Hertfordshire,8,133200,0.006006006006006006
E07000099,North Hertfordshire,0,133200,0
E07000099,North Hertfordshire,37,133200,0.027777777777777776
E07000099,North Hertfordshire,18,133200,0.013513513513513514
E07000099,North Hertfordshire,0,133200,0
E07000099,North Hertfordshire,1,133200,7.507507507507507e-4
E07000099,North Hertfordshire,9,133200,0.006756756756756757
E07000099,North Hertfordshire,7,133200,0.005255255255255256
E07000099,North Hertfordshire,0,133200,0
E07000099,North Hertfordshire,54,133200,0.04054054054054054
E07000099,North Hertfordshire,21,133200,0.015765765765765764
E07000099,North Hertfordshire,0,133200,0
E07000099,North Hertfordshire,5,133200,0.0037537537537537537
E07000099,North Hertfordshire,8,133200,0.006006006006006006
E07000099,North Hertfordshire,2,133200,0.0015015015015015015
E07000099,North Hertfordshire,0,133200,0
E07000099,North Hertfordshire,69,133200,0.0518018018018018
E07000099,North Hertfordshire,11,133200,0.008258258258258258
E07000099,North Hertfordshire,2,133200,0.0015015015015015015
E07000099,North Hertfordshire,0,133200,0
E07000099,North Hertfordshire,8,133200,0.006006006006006006
E07000099,North Hertfordshire,0,133200,0
E07000099,North Hertfordshire,0,133200,0
E07000099,North Hertfordshire,1982,133200,1.487987987987988
E07000099,North Hertfordshire,2102,133200,1.578078078078078
E07000099,North Hertfordshire,13,133200,0.00975975975975976
E07000099,North Hertfordshire,103,133200,0.07732732732732733
E07000099,North Hertfordshire,464,133200,0.3483483483483483
E07000099,North Hertfordshire,500,133200,0.37537537537537535
E07000102,Three Rivers,0,93800,0
E07000102,Three Rivers,0,93800,0
E07000102,Three Rivers,0,93800,0
E07000102,Three Rivers,0,93800,0
E07000102,Three Rivers,0,93800,0
E07000102,Three Rivers,0,93800,0
E07000102,Three Rivers,0,93800,0
E07000102,Three Rivers,0,93800,0
E07000102,Three Rivers,22768,93800,24.272921108742004
E07000102,Three Rivers,37121,93800,39.57462686567164
E07000102,Three Rivers,98,93800,0.1044776119402985
E07000102,Three Rivers,1238,93800,1.3198294243070363
E07000102,Three Rivers,5623,93800,5.994669509594883
E07000102,Three Rivers,4151,93800,4.425373134328358
E07000102,Three Rivers,0,93800,0
E07000102,Three Rivers,30,93800,0.031982942430703626
E07000102,Three Rivers,50,93800,0.053304904051172705
E07000102,Three Rivers,0,93800,0
E07000102,Three Rivers,2,93800,0.0021321961620469083
E07000102,Three Rivers,6,93800,0.006396588486140725
E07000102,Three Rivers,6,93800,0.006396588486140725
E07000102,Three Rivers,0,93800,0
E07000102,Three Rivers,19,93800,0.02025586353944563
E07000102,Three Rivers,29,93800,0.03091684434968017
E07000102,Three Rivers,2,93800,0.0021321961620469083
E07000102,Three Rivers,2,93800,0.0021321961620469083
E07000102,Three Rivers,6,93800,0.006396588486140725
E07000102,Three Rivers,9,93800,0.009594882729211088
E07000102,Three Rivers,0,93800,0
E07000102,Three Rivers,25,93800,0.026652452025586353
E07000102,Three Rivers,31,93800,0.03304904051172708
E07000102,Three Rivers,0,93800,0
E07000102,Three Rivers,0,93800,0
E07000102,Three Rivers,2,93800,0.0021321961620469083
E07000102,Three Rivers,2,93800,0.0021321961620469083
E07000102,Three Rivers,0,93800,0
E07000102,Three Rivers,49,93800,0.05223880597014925
E07000102,Three Rivers,4,93800,0.0042643923240938165
E07000102,Three Rivers,0,93800,0
E07000102,Three Rivers,1,93800,0.0010660980810234541
E07000102,Three Rivers,2,93800,0.0021321961620469083
E07000102,Three Rivers,0,93800,0
E07000102,Three Rivers,0,93800,0
E07000102,Three Rivers,1395,93800,1.4872068230277184
E07000102,Three Rivers,1673,93800,1.7835820895522387
E07000102,Three Rivers,6,93800,0.006396588486140725
E07000102,Three Rivers,79,93800,0.08422174840085288
E07000102,Three Rivers,312,93800,0.3326226012793177
E07000102,Three Rivers,261,93800,0.27825159914712155
E07000103,Watford,0,102300,0
E07000103,Watford,0,102300,0
E07000103,Watford,0,102300,0
E07000103,Watford,0,102300,0
E07000103,Watford,0,102300,0
E07000103,Watford,0,102300,0
E07000103,Watford,0,102300,0
E07000103,Watford,0,102300,0
E07000103,Watford,28484,102300,27.843597262952102
E07000103,Watford,35429,102300,34.63245356793744
E07000103,Watford,138,102300,0.1348973607038123
E07000103,Watford,1626,102300,1.5894428152492668
E07000103,Watford,5642,102300,5.515151515151516
E07000103,Watford,3463,102300,3.3851417399804498
E07000103,Watford,0,102300,0
E07000103,Watford,95,102300,0.09286412512218964
E07000103,Watford,89,102300,0.08699902248289346
E07000103,Watford,1,102300,9.775171065493646e-4
E07000103,Watford,12,102300,0.011730205278592375
E07000103,Watford,33,102300,0.03225806451612903
E07000103,Watford,17,102300,0.016617790811339198
E07000103,Watford,0,102300,0
E07000103,Watford,44,102300,0.043010752688172046
E07000103,Watford,46,102300,0.044965786901270774
E07000103,Watford,0,102300,0
E07000103,Watford,13,102300,0.01270772238514174
E07000103,Watford,10,102300,0.009775171065493646
E07000103,Watford,3,102300,0.002932551319648094
E07000103,Watford,0,102300,0
E07000103,Watford,38,102300,0.03714565004887586
E07000103,Watford,59,102300,0.05767350928641251
E07000103,Watford,0,102300,0
E07000103,Watford,1,102300,9.775171065493646e-4
E07000103,Watford,9,102300,0.008797653958944282
E07000103,Watford,0,102300,0
E07000103,Watford,0,102300,0
E07000103,Watford,62,102300,0.06060606060606061
E07000103,Watford,11,102300,0.010752688172043012
E07000103,Watford,0,102300,0
E07000103,Watford,3,102300,0.002932551319648094
E07000103,Watford,4,102300,0.0039100684261974585
E07000103,Watford,0,102300,0
E07000103,Watford,0,102300,0
E07000103,Watford,2251,102300,2.2003910068426196
E07000103,Watford,2581,102300,2.52297165200391
E07000103,Watford,6,102300,0.005865102639296188
E07000103,Watford,96,102300,0.093841642228739
E07000103,Watford,395,102300,0.386119257086999
E07000103,Watford,303,102300,0.2961876832844575
E07000105,Ashford,0,132700,0
E07000105,Ashford,0,132700,0
E07000105,Ashford,0,132700,0
E07000105,Ashford,0,132700,0
E07000105,Ashford,0,132700,0
E07000105,Ashford,0,132700,0
E07000105,Ashford,0,132700,0
E07000105,Ashford,0,132700,0
E07000105,Ashford,33071,132700,24.921627731725696
E07000105,Ashford,50061,132700,37.7249434815373
E07000105,Ashford,182,132700,0.13715146948003015
E07000105,Ashford,2177,132700,1.6405425772418991
E07000105,Ashford,9499,132700,7.158251695553881
E07000105,Ashford,5967,132700,4.4966088922381315
E07000105,Ashford,0,132700,0
E07000105,Ashford,80,132700,0.06028636021100226
E07000105,Ashford,107,132700,0.08063300678221552
E07000105,Ashford,0,132700,0
E07000105,Ashford,6,132700,0.00452147701582517
E07000105,Ashford,30,132700,0.02260738507912585
E07000105,Ashford,8,132700,0.006028636021100226
E07000105,Ashford,0,132700,0
E07000105,Ashford,50,132700,0.037678975131876416
E07000105,Ashford,33,132700,0.024868123587038434
E07000105,Ashford,1,132700,7.535795026375283e-4
E07000105,Ashford,2,132700,0.0015071590052750565
E07000105,Ashford,7,132700,0.0052750565184626974
E07000105,Ashford,5,132700,0.0037678975131876413
E07000105,Ashford,0,132700,0
E07000105,Ashford,52,132700,0.03918613413715147
E07000105,Ashford,43,132700,0.03240391861341371
E07000105,Ashford,0,132700,0
E07000105,Ashford,1,132700,7.535795026375283e-4
E07000105,Ashford,5,132700,0.0037678975131876413
E07000105,Ashford,3,132700,0.002260738507912585
E07000105,Ashford,0,132700,0
E07000105,Ashford,47,132700,0.03541823662396383
E07000105,Ashford,9,132700,0.006782215523737754
E07000105,Ashford,0,132700,0
E07000105,Ashford,0,132700,0
E07000105,Ashford,5,132700,0.0037678975131876413
E07000105,Ashford,0,132700,0
E07000105,Ashford,0,132700,0
E07000105,Ashford,1996,132700,1.5041446872645063
E07000105,Ashford,2243,132700,1.6902788244159759
E07000105,Ashford,5,132700,0.0037678975131876413
E07000105,Ashford,108,132700,0.08138658628485305
E07000105,Ashford,488,132700,0.3677467972871138
E07000105,Ashford,480,132700,0.3617181612660136
E07000106,Canterbury,0,157400,0
E07000106,Canterbury,0,157400,0
E07000106,Canterbury,0,157400,0
E07000106,Canterbury,0,157400,0
E07000106,Canterbury,0,157400,0
E07000106,Canterbury,0,157400,0
E07000106,Canterbury,0,157400,0
E07000106,Canterbury,0,157400,0
E07000106,Canterbury,49752,157400,31.60864040660737
E07000106,Canterbury,52316,157400,33.23761118170267
E07000106,Canterbury,314,157400,0.19949174078780177
E07000106,Canterbury,2420,157400,1.5374841168996187
E07000106,Canterbury,11202,157400,7.116899618805591
E07000106,Canterbury,7997,157400,5.080686149936468
E07000106,Canterbury,0,157400,0
E07000106,Canterbury,127,157400,0.0806861499364676
E07000106,Canterbury,66,157400,0.04193138500635324
E07000106,Canterbury,1,157400,6.353240152477764e-4
E07000106,Canterbury,3,157400,0.0019059720457433292
E07000106,Canterbury,17,157400,0.010800508259212199
E07000106,Canterbury,9,157400,0.005717916137229987
E07000106,Canterbury,0,157400,0
E07000106,Canterbury,67,157400,0.042566709021601014
E07000106,Canterbury,24,157400,0.015247776365946633
E07000106,Canterbury,0,157400,0
E07000106,Canterbury,2,157400,0.0012706480304955528
E07000106,Canterbury,16,157400,0.010165184243964422
E07000106,Canterbury,6,157400,0.0038119440914866584
E07000106,Canterbury,0,157400,0
E07000106,Canterbury,108,157400,0.06861499364675985
E07000106,Canterbury,18,157400,0.011435832274459974
E07000106,Canterbury,0,157400,0
E07000106,Canterbury,1,157400,6.353240152477764e-4
E07000106,Canterbury,6,157400,0.0038119440914866584
E07000106,Canterbury,2,157400,0.0012706480304955528
E07000106,Canterbury,0,157400,0
E07000106,Canterbury,232,157400,0.1473951715374841
E07000106,Canterbury,11,157400,0.00698856416772554
E07000106,Canterbury,1,157400,6.353240152477764e-4
E07000106,Canterbury,1,157400,6.353240152477764e-4
E07000106,Canterbury,6,157400,0.0038119440914866584
E07000106,Canterbury,1,157400,6.353240152477764e-4
E07000106,Canterbury,0,157400,0
E07000106,Canterbury,4355,157400,2.766836086404066
E07000106,Canterbury,2315,157400,1.4707750952986023
E07000106,Canterbury,22,157400,0.01397712833545108
E07000106,Canterbury,133,157400,0.08449809402795426
E07000106,Canterbury,629,157400,0.39961880559085133
E07000106,Canterbury,595,157400,0.37801778907242695
E07000107,Dartford,0,116800,0
E07000107,Dartford,0,116800,0
E07000107,Dartford,0,116800,0
E07000107,Dartford,0,116800,0
E07000107,Dartford,0,116800,0
E07000107,Dartford,0,116800,0
E07000107,Dartford,0,116800,0
E07000107,Dartford,0,116800,0
E07000107,Dartford,31802,116800,27.227739726027398
E07000107,Dartford,39958,116800,34.21061643835616
E07000107,Dartford,113,116800,0.09674657534246575
E07000107,Dartford,2049,116800,1.7542808219178083
E07000107,Dartford,7309,116800,6.257705479452055
E07000107,Dartford,4282,116800,3.666095890410959
E07000107,Dartford,0,116800,0
E07000107,Dartford,87,116800,0.07448630136986302
E07000107,Dartford,101,116800,0.08647260273972603
E07000107,Dartford,5,116800,0.004280821917808219
E07000107,Dartford,7,116800,0.0059931506849315065
E07000107,Dartford,14,116800,0.011986301369863013
E07000107,Dartford,8,116800,0.00684931506849315
E07000107,Dartford,0,116800,0
E07000107,Dartford,38,116800,0.032534246575342464
E07000107,Dartford,43,116800,0.036815068493150686
E07000107,Dartford,0,116800,0
E07000107,Dartford,6,116800,0.005136986301369863
E07000107,Dartford,10,116800,0.008561643835616438
E07000107,Dartford,5,116800,0.004280821917808219
E07000107,Dartford,0,116800,0
E07000107,Dartford,31,116800,0.026541095890410957
E07000107,Dartford,50,116800,0.04280821917808219
E07000107,Dartford,1,116800,8.561643835616438e-4
E07000107,Dartford,1,116800,8.561643835616438e-4
E07000107,Dartford,2,116800,0.0017123287671232876
E07000107,Dartford,0,116800,0
E07000107,Dartford,0,116800,0
E07000107,Dartford,44,116800,0.03767123287671233
E07000107,Dartford,8,116800,0.00684931506849315
E07000107,Dartford,0,116800,0
E07000107,Dartford,1,116800,8.561643835616438e-4
E07000107,Dartford,6,116800,0.005136986301369863
E07000107,Dartford,0,116800,0
E07000107,Dartford,0,116800,0
E07000107,Dartford,1913,116800,1.6378424657534247
E07000107,Dartford,1971,116800,1.6875
E07000107,Dartford,10,116800,0.008561643835616438
E07000107,Dartford,106,116800,0.09075342465753425
E07000107,Dartford,398,116800,0.3407534246575342
E07000107,Dartford,315,116800,0.2696917808219178
E07000108,Dover,0,116400,0
E07000108,Dover,0,116400,0
E07000108,Dover,0,116400,0
E07000108,Dover,0,116400,0
E07000108,Dover,0,116400,0
E07000108,Dover,0,116400,0
E07000108,Dover,0,116400,0
E07000108,Dover,0,116400,0
E07000108,Dover,29733,116400,25.54381443298969
E07000108,Dover,41887,116400,35.985395189003434
E07000108,Dover,297,116400,0.2551546391752577
E07000108,Dover,2281,116400,1.9596219931271477
E07000108,Dover,10083,116400,8.662371134020619
E07000108,Dover,6651,116400,5.713917525773196
E07000108,Dover,0,116400,0
E07000108,Dover,74,116400,0.06357388316151202
E07000108,Dover,53,116400,0.045532646048109963
E07000108,Dover,0,116400,0
E07000108,Dover,4,116400,0.003436426116838488
E07000108,Dover,14,116400,0.012027491408934709
E07000108,Dover,7,116400,0.006013745704467354
E07000108,Dover,0,116400,0
E07000108,Dover,49,116400,0.04209621993127148
E07000108,Dover,16,116400,0.013745704467353952
E07000108,Dover,0,116400,0
E07000108,Dover,1,116400,8.59106529209622e-4
E07000108,Dover,13,116400,0.011168384879725086
E07000108,Dover,5,116400,0.00429553264604811
E07000108,Dover,0,116400,0
E07000108,Dover,38,116400,0.03264604810996564
E07000108,Dover,16,116400,0.013745704467353952
E07000108,Dover,1,116400,8.59106529209622e-4
E07000108,Dover,3,116400,0.002577319587628866
E07000108,Dover,5,116400,0.00429553264604811
E07000108,Dover,2,116400,0.001718213058419244
E07000108,Dover,0,116400,0
E07000108,Dover,54,116400,0.04639175257731959
E07000108,Dover,8,116400,0.006872852233676976
E07000108,Dover,0,116400,0
E07000108,Dover,0,116400,0
E07000108,Dover,2,116400,0.001718213058419244
E07000108,Dover,0,116400,0
E07000108,Dover,0,116400,0
E07000108,Dover,1869,116400,1.6056701030927836
E07000108,Dover,1919,116400,1.6486254295532645
E07000108,Dover,5,116400,0.00429553264604811
E07000108,Dover,93,116400,0.07989690721649484
E07000108,Dover,496,116400,0.4261168384879725
E07000108,Dover,451,116400,0.38745704467353953
E07000109,Gravesham,0,106900,0
E07000109,Gravesham,0,106900,0
E07000109,Gravesham,0,106900,0
E07000109,Gravesham,0,106900,0
E07000109,Gravesham,0,106900,0
E07000109,Gravesham,0,106900,0
E07000109,Gravesham,0,106900,0
E07000109,Gravesham,0,106900,0
E07000109,Gravesham,28289,106900,26.463049579045837
E07000109,Gravesham,37316,106900,34.90739008419083
E07000109,Gravesham,136,106900,0.12722170252572498
E07000109,Gravesham,2003,106900,1.8737137511693172
E07000109,Gravesham,6780,106900,6.342376052385407
E07000109,Gravesham,4959,106900,4.638914873713751
E07000109,Gravesham,0,106900,0
E07000109,Gravesham,123,106900,0.11506080449017773
E07000109,Gravesham,115,106900,0.10757717492984098
E07000109,Gravesham,1,106900,9.354536950420954e-4
E07000109,Gravesham,12,106900,0.011225444340505144
E07000109,Gravesham,23,106900,0.021515434985968196
E07000109,Gravesham,11,106900,0.01028999064546305
E07000109,Gravesham,0,106900,0
E07000109,Gravesham,47,106900,0.04396632366697849
E07000109,Gravesham,41,106900,0.03835360149672591
E07000109,Gravesham,0,106900,0
E07000109,Gravesham,6,106900,0.005612722170252572
E07000109,Gravesham,11,106900,0.01028999064546305
E07000109,Gravesham,6,106900,0.005612722170252572
E07000109,Gravesham,0,106900,0
E07000109,Gravesham,53,106900,0.04957904583723106
E07000109,Gravesham,54,106900,0.050514499532273154
E07000109,Gravesham,0,106900,0
E07000109,Gravesham,5,106900,0.004677268475210477
E07000109,Gravesham,5,106900,0.004677268475210477
E07000109,Gravesham,0,106900,0
E07000109,Gravesham,0,106900,0
E07000109,Gravesham,40,106900,0.037418147801683815
E07000109,Gravesham,8,106900,0.007483629560336763
E07000109,Gravesham,1,106900,9.354536950420954e-4
E07000109,Gravesham,2,106900,0.0018709073900841909
E07000109,Gravesham,8,106900,0.007483629560336763
E07000109,Gravesham,0,106900,0
E07000109,Gravesham,0,106900,0
E07000109,Gravesham,1747,106900,1.6342376052385408
E07000109,Gravesham,1878,106900,1.7567820392890552
E07000109,Gravesham,9,106900,0.00841908325537886
E07000109,Gravesham,107,106900,0.10009354536950421
E07000109,Gravesham,409,106900,0.38260056127221703
E07000109,Gravesham,353,106900,0.3302151543498597
E07000110,Maidstone,0,175800,0
E07000110,Maidstone,0,175800,0
E07000110,Maidstone,0,175800,0
E07000110,Maidstone,0,175800,0
E07000110,Maidstone,0,175800,0
E07000110,Maidstone,0,175800,0
E07000110,Maidstone,0,175800,0
E07000110,Maidstone,0,175800,0
E07000110,Maidstone,44657,175800,25.402161547212742
E07000110,Maidstone,65726,175800,37.386803185438
E07000110,Maidstone,263,175800,0.1496018202502844
E07000110,Maidstone,3035,175800,1.7263936291240045
E07000110,Maidstone,12568,175800,7.149032992036405
E07000110,Maidstone,8012,175800,4.55745164960182
E07000110,Maidstone,0,175800,0
E07000110,Maidstone,120,175800,0.06825938566552901
E07000110,Maidstone,119,175800,0.0676905574516496
E07000110,Maidstone,3,175800,0.0017064846416382253
E07000110,Maidstone,6,175800,0.0034129692832764505
E07000110,Maidstone,27,175800,0.015358361774744027
E07000110,Maidstone,11,175800,0.006257110352673493
E07000110,Maidstone,0,175800,0
E07000110,Maidstone,49,175800,0.027872582480091012
E07000110,Maidstone,37,175800,0.02104664391353811
E07000110,Maidstone,0,175800,0
E07000110,Maidstone,7,175800,0.003981797497155859
E07000110,Maidstone,11,175800,0.006257110352673493
E07000110,Maidstone,4,175800,0.0022753128555176336
E07000110,Maidstone,0,175800,0
E07000110,Maidstone,68,175800,0.038680318543799774
E07000110,Maidstone,30,175800,0.017064846416382253
E07000110,Maidstone,0,175800,0
E07000110,Maidstone,1,175800,5.688282138794084e-4
E07000110,Maidstone,8,175800,0.004550625711035267
E07000110,Maidstone,4,175800,0.0022753128555176336
E07000110,Maidstone,0,175800,0
E07000110,Maidstone,70,175800,0.03981797497155859
E07000110,Maidstone,9,175800,0.005119453924914676
E07000110,Maidstone,0,175800,0
E07000110,Maidstone,2,175800,0.0011376564277588168
E07000110,Maidstone,4,175800,0.0022753128555176336
E07000110,Maidstone,0,175800,0
E07000110,Maidstone,0,175800,0
E07000110,Maidstone,2868,175800,1.6313993174061434
E07000110,Maidstone,3047,175800,1.7332195676905575
E07000110,Maidstone,9,175800,0.005119453924914676
E07000110,Maidstone,137,175800,0.07792946530147896
E07000110,Maidstone,672,175800,0.3822525597269625
E07000110,Maidstone,557,175800,0.31683731513083047
E07000111,Sevenoaks,0,120500,0
E07000111,Sevenoaks,0,120500,0
E07000111,Sevenoaks,0,120500,0
E07000111,Sevenoaks,0,120500,0
E07000111,Sevenoaks,0,120500,0
E07000111,Sevenoaks,0,120500,0
E07000111,Sevenoaks,0,120500,0
E07000111,Sevenoaks,0,120500,0
E07000111,Sevenoaks,27430,120500,22.763485477178424
E07000111,Sevenoaks,48212,120500,40.009958506224066
E07000111,Sevenoaks,193,120500,0.16016597510373445
E07000111,Sevenoaks,1889,120500,1.5676348547717842
E07000111,Sevenoaks,7974,120500,6.617427385892116
E07000111,Sevenoaks,6033,120500,5.006639004149378
E07000111,Sevenoaks,0,120500,0
E07000111,Sevenoaks,39,120500,0.03236514522821577
E07000111,Sevenoaks,37,120500,0.030705394190871368
E07000111,Sevenoaks,0,120500,0
E07000111,Sevenoaks,1,120500,8.298755186721991e-4
E07000111,Sevenoaks,11,120500,0.009128630705394191
E07000111,Sevenoaks,7,120500,0.005809128630705394
E07000111,Sevenoaks,0,120500,0
E07000111,Sevenoaks,26,120500,0.021576763485477178
E07000111,Sevenoaks,18,120500,0.014937759336099586
E07000111,Sevenoaks,0,120500,0
E07000111,Sevenoaks,5,120500,0.004149377593360996
E07000111,Sevenoaks,5,120500,0.004149377593360996
E07000111,Sevenoaks,6,120500,0.004979253112033195
E07000111,Sevenoaks,0,120500,0
E07000111,Sevenoaks,33,120500,0.027385892116182572
E07000111,Sevenoaks,18,120500,0.014937759336099586
E07000111,Sevenoaks,0,120500,0
E07000111,Sevenoaks,2,120500,0.0016597510373443983
E07000111,Sevenoaks,2,120500,0.0016597510373443983
E07000111,Sevenoaks,3,120500,0.0024896265560165973
E07000111,Sevenoaks,0,120500,0
E07000111,Sevenoaks,43,120500,0.03568464730290456
E07000111,Sevenoaks,7,120500,0.005809128630705394
E07000111,Sevenoaks,0,120500,0
E07000111,Sevenoaks,1,120500,8.298755186721991e-4
E07000111,Sevenoaks,2,120500,0.0016597510373443983
E07000111,Sevenoaks,0,120500,0
E07000111,Sevenoaks,0,120500,0
E07000111,Sevenoaks,1625,120500,1.3485477178423237
E07000111,Sevenoaks,1978,120500,1.64149377593361
E07000111,Sevenoaks,3,120500,0.0024896265560165973
E07000111,Sevenoaks,82,120500,0.06804979253112033
E07000111,Sevenoaks,434,120500,0.36016597510373444
E07000111,Sevenoaks,478,120500,0.3966804979253112
E07000112,Folkestone and Hythe,0,109800,0
E07000112,Folkestone and Hythe,0,109800,0
E07000112,Folkestone and Hythe,0,109800,0
E07000112,Folkestone and Hythe,0,109800,0
E07000112,Folkestone and Hythe,0,109800,0
E07000112,Folkestone and Hythe,0,109800,0
E07000112,Folkestone and Hythe,0,109800,0
E07000112,Folkestone and Hythe,0,109800,0
E07000112,Folkestone and Hythe,28255,109800,25.733151183970858
E07000112,Folkestone and Hythe,39735,109800,36.18852459016394
E07000112,Folkestone and Hythe,208,109800,0.1894353369763206
E07000112,Folkestone and Hythe,2073,109800,1.8879781420765027
E07000112,Folkestone and Hythe,9833,109800,8.955373406193079
E07000112,Folkestone and Hythe,6534,109800,5.950819672131147
E07000112,Folkestone and Hythe,0,109800,0
E07000112,Folkestone and Hythe,78,109800,0.07103825136612021
E07000112,Folkestone and Hythe,64,109800,0.058287795992714025
E07000112,Folkestone and Hythe,0,109800,0
E07000112,Folkestone and Hythe,5,109800,0.004553734061930784
E07000112,Folkestone and Hythe,18,109800,0.01639344262295082
E07000112,Folkestone and Hythe,6,109800,0.00546448087431694
E07000112,Folkestone and Hythe,0,109800,0
E07000112,Folkestone and Hythe,20,109800,0.018214936247723135
E07000112,Folkestone and Hythe,28,109800,0.025500910746812388
E07000112,Folkestone and Hythe,0,109800,0
E07000112,Folkestone and Hythe,4,109800,0.0036429872495446266
E07000112,Folkestone and Hythe,9,109800,0.00819672131147541
E07000112,Folkestone and Hythe,4,109800,0.0036429872495446266
E07000112,Folkestone and Hythe,0,109800,0
E07000112,Folkestone and Hythe,44,109800,0.04007285974499089
E07000112,Folkestone and Hythe,25,109800,0.022768670309653915
E07000112,Folkestone and Hythe,0,109800,0
E07000112,Folkestone and Hythe,0,109800,0
E07000112,Folkestone and Hythe,13,109800,0.011839708561020037
E07000112,Folkestone and Hythe,2,109800,0.0018214936247723133
E07000112,Folkestone and Hythe,0,109800,0
E07000112,Folkestone and Hythe,70,109800,0.06375227686703097
E07000112,Folkestone and Hythe,8,109800,0.007285974499089253
E07000112,Folkestone and Hythe,0,109800,0
E07000112,Folkestone and Hythe,0,109800,0
E07000112,Folkestone and Hythe,6,109800,0.00546448087431694
E07000112,Folkestone and Hythe,0,109800,0
E07000112,Folkestone and Hythe,0,109800,0
E07000112,Folkestone and Hythe,1830,109800,1.6666666666666667
E07000112,Folkestone and Hythe,1647,109800,1.5
E07000112,Folkestone and Hythe,13,109800,0.011839708561020037
E07000112,Folkestone and Hythe,97,109800,0.0883424408014572
E07000112,Folkestone and Hythe,464,109800,0.4225865209471767
E07000112,Folkestone and Hythe,459,109800,0.4180327868852459
E07000113,Swale,0,151700,0
E07000113,Swale,0,151700,0
E07000113,Swale,0,151700,0
E07000113,Swale,0,151700,0
E07000113,Swale,0,151700,0
E07000113,Swale,0,151700,0
E07000113,Swale,0,151700,0
E07000113,Swale,0,151700,0
E07000113,Swale,41653,151700,27.45748187211602
E07000113,Swale,52079,151700,34.33025708635465
E07000113,Swale,226,151700,0.14897824653922215
E07000113,Swale,2994,151700,1.97363216875412
E07000113,Swale,11568,151700,7.625576796308503
E07000113,Swale,7230,151700,4.765985497692815
E07000113,Swale,0,151700,0
E07000113,Swale,104,151700,0.06855636123928807
E07000113,Swale,61,151700,0.04021094264996704
E07000113,Swale,0,151700,0
E07000113,Swale,8,151700,0.005273566249176005
E07000113,Swale,21,151700,0.013843111404087014
E07000113,Swale,14,151700,0.00922874093605801
E07000113,Swale,0,151700,0
E07000113,Swale,46,151700,0.03032300593276203
E07000113,Swale,29,151700,0.01911667765326302
E07000113,Swale,0,151700,0
E07000113,Swale,4,151700,0.0026367831245880024
E07000113,Swale,9,151700,0.005932762030323006
E07000113,Swale,4,151700,0.0026367831245880024
E07000113,Swale,0,151700,0
E07000113,Swale,62,151700,0.04087013843111404
E07000113,Swale,22,151700,0.014502307185234015
E07000113,Swale,0,151700,0
E07000113,Swale,2,151700,0.0013183915622940012
E07000113,Swale,7,151700,0.004614370468029005
E07000113,Swale,2,151700,0.0013183915622940012
E07000113,Swale,0,151700,0
E07000113,Swale,77,151700,0.05075807514831905
E07000113,Swale,7,151700,0.004614370468029005
E07000113,Swale,1,151700,6.591957811470006e-4
E07000113,Swale,0,151700,0
E07000113,Swale,1,151700,6.591957811470006e-4
E07000113,Swale,1,151700,6.591957811470006e-4
E07000113,Swale,0,151700,0
E07000113,Swale,2224,151700,1.4660514172709294
E07000113,Swale,2279,151700,1.5023071852340144
E07000113,Swale,12,151700,0.007910349373764008
E07000113,Swale,145,151700,0.0955833882663151
E07000113,Swale,600,151700,0.39551746868820037
E07000113,Swale,508,151700,0.33487145682267633
E07000114,Thanet,0,140600,0
E07000114,Thanet,0,140600,0
E07000114,Thanet,0,140600,0
E07000114,Thanet,0,140600,0
E07000114,Thanet,0,140600,0
E07000114,Thanet,0,140600,0
E07000114,Thanet,0,140600,0
E07000114,Thanet,0,140600,0
E07000114,Thanet,38430,140600,27.332859174964437
E07000114,Thanet,46000,140600,32.71692745376956
E07000114,Thanet,322,140600,0.22901849217638692
E07000114,Thanet,3100,140600,2.204836415362731
E07000114,Thanet,12970,140600,9.22475106685633
E07000114,Thanet,7938,140600,5.6458036984352775
E07000114,Thanet,0,140600,0
E07000114,Thanet,129,140600,0.09174964438122332
E07000114,Thanet,101,140600,0.07183499288762446
E07000114,Thanet,1,140600,7.112375533428165e-4
E07000114,Thanet,17,140600,0.01209103840682788
E07000114,Thanet,29,140600,0.020625889046941678
E07000114,Thanet,11,140600,0.007823613086770981
E07000114,Thanet,0,140600,0
E07000114,Thanet,51,140600,0.03627311522048364
E07000114,Thanet,12,140600,0.008534850640113799
E07000114,Thanet,1,140600,7.112375533428165e-4
E07000114,Thanet,7,140600,0.004978662873399715
E07000114,Thanet,13,140600,0.009246088193456615
E07000114,Thanet,9,140600,0.006401137980085348
E07000114,Thanet,0,140600,0
E07000114,Thanet,55,140600,0.03911806543385491
E07000114,Thanet,16,140600,0.011379800853485065
E07000114,Thanet,0,140600,0
E07000114,Thanet,5,140600,0.0035561877667140826
E07000114,Thanet,7,140600,0.004978662873399715
E07000114,Thanet,4,140600,0.002844950213371266
E07000114,Thanet,0,140600,0
E07000114,Thanet,89,140600,0.06330014224751067
E07000114,Thanet,20,140600,0.01422475106685633
E07000114,Thanet,1,140600,7.112375533428165e-4
E07000114,Thanet,0,140600,0
E07000114,Thanet,8,140600,0.005689900426742532
E07000114,Thanet,0,140600,0
E07000114,Thanet,0,140600,0
E07000114,Thanet,2432,140600,1.7297297297297298
E07000114,Thanet,2086,140600,1.4836415362731152
E07000114,Thanet,19,140600,0.013513513513513514
E07000114,Thanet,157,140600,0.1116642958748222
E07000114,Thanet,726,140600,0.5163584637268848
E07000114,Thanet,652,140600,0.46372688477951635
E07000115,Tonbridge and Malling,0,132200,0
E07000115,Tonbridge and Malling,0,132200,0
E07000115,Tonbridge and Malling,0,132200,0
E07000115,Tonbridge and Malling,0,132200,0
E07000115,Tonbridge and Malling,0,132200,0
E07000115,Tonbridge and Malling,0,132200,0
E07000115,Tonbridge and Malling,0,132200,0
E07000115,Tonbridge and Malling,0,132200,0
E07000115,Tonbridge and Malling,31474,132200,23.80786686838124
E07000115,Tonbridge and Malling,51083,132200,38.64069591527988
E07000115,Tonbridge and Malling,127,132200,0.09606656580937972
E07000115,Tonbridge and Malling,2154,132200,1.6293494704992435
E07000115,Tonbridge and Malling,9538,132200,7.214826021180031
E07000115,Tonbridge and Malling,6117,132200,4.627080181543117
E07000115,Tonbridge and Malling,0,132200,0
E07000115,Tonbridge and Malling,44,132200,0.03328290468986384
E07000115,Tonbridge and Malling,37,132200,0.02798789712556732
E07000115,Tonbridge and Malling,0,132200,0
E07000115,Tonbridge and Malling,2,132200,0.0015128593040847202
E07000115,Tonbridge and Malling,14,132200,0.01059001512859304
E07000115,Tonbridge and Malling,5,132200,0.0037821482602118004
E07000115,Tonbridge and Malling,0,132200,0
E07000115,Tonbridge and Malling,29,132200,0.02193645990922844
E07000115,Tonbridge and Malling,15,132200,0.0113464447806354
E07000115,Tonbridge and Malling,0,132200,0
E07000115,Tonbridge and Malling,0,132200,0
E07000115,Tonbridge and Malling,7,132200,0.00529500756429652
E07000115,Tonbridge and Malling,13,132200,0.009833585476550681
E07000115,Tonbridge and Malling,0,132200,0
E07000115,Tonbridge and Malling,34,132200,0.025718608169440244
E07000115,Tonbridge and Malling,16,132200,0.012102874432677761
E07000115,Tonbridge and Malling,0,132200,0
E07000115,Tonbridge and Malling,2,132200,0.0015128593040847202
E07000115,Tonbridge and Malling,5,132200,0.0037821482602118004
E07000115,Tonbridge and Malling,0,132200,0
E07000115,Tonbridge and Malling,0,132200,0
E07000115,Tonbridge and Malling,48,132200,0.036308623298033284
E07000115,Tonbridge and Malling,0,132200,0
E07000115,Tonbridge and Malling,0,132200,0
E07000115,Tonbridge and Malling,0,132200,0
E07000115,Tonbridge and Malling,2,132200,0.0015128593040847202
E07000115,Tonbridge and Malling,0,132200,0
E07000115,Tonbridge and Malling,0,132200,0
E07000115,Tonbridge and Malling,1727,132200,1.306354009077156
E07000115,Tonbridge and Malling,1996,132200,1.5098335854765508
E07000115,Tonbridge and Malling,4,132200,0.0030257186081694403
E07000115,Tonbridge and Malling,117,132200,0.08850226928895613
E07000115,Tonbridge and Malling,480,132200,0.3630862329803328
E07000115,Tonbridge and Malling,434,132200,0.32829046898638425
E07000116,Tunbridge Wells,0,115300,0
E07000116,Tunbridge Wells,0,115300,0
E07000116,Tunbridge Wells,0,115300,0
E07000116,Tunbridge Wells,0,115300,0
E07000116,Tunbridge Wells,0,115300,0
E07000116,Tunbridge Wells,0,115300,0
E07000116,Tunbridge Wells,0,115300,0
E07000116,Tunbridge Wells,0,115300,0
E07000116,Tunbridge Wells,27630,115300,23.96357328707719
E07000116,Tunbridge Wells,44126,115300,38.27059843885516
E07000116,Tunbridge Wells,166,115300,0.14397224631396358
E07000116,Tunbridge Wells,1835,115300,1.5915004336513443
E07000116,Tunbridge Wells,8236,115300,7.1431049436253256
E07000116,Tunbridge Wells,5207,115300,4.516045099739809
E07000116,Tunbridge Wells,0,115300,0
E07000116,Tunbridge Wells,53,115300,0.04596704249783174
E07000116,Tunbridge Wells,36,115300,0.031222896790980052
E07000116,Tunbridge Wells,0,115300,0
E07000116,Tunbridge Wells,6,115300,0.005203816131830009
E07000116,Tunbridge Wells,10,115300,0.008673026886383347
E07000116,Tunbridge Wells,10,115300,0.008673026886383347
E07000116,Tunbridge Wells,0,115300,0
E07000116,Tunbridge Wells,33,115300,0.028620988725065046
E07000116,Tunbridge Wells,22,115300,0.019080659150043366
E07000116,Tunbridge Wells,1,115300,8.673026886383347e-4
E07000116,Tunbridge Wells,4,115300,0.003469210754553339
E07000116,Tunbridge Wells,12,115300,0.010407632263660017
E07000116,Tunbridge Wells,3,115300,0.0026019080659150044
E07000116,Tunbridge Wells,0,115300,0
E07000116,Tunbridge Wells,36,115300,0.031222896790980052
E07000116,Tunbridge Wells,12,115300,0.010407632263660017
E07000116,Tunbridge Wells,1,115300,8.673026886383347e-4
E07000116,Tunbridge Wells,1,115300,8.673026886383347e-4
E07000116,Tunbridge Wells,4,115300,0.003469210754553339
E07000116,Tunbridge Wells,3,115300,0.0026019080659150044
E07000116,Tunbridge Wells,0,115300,0
E07000116,Tunbridge Wells,71,115300,0.06157849089332177
E07000116,Tunbridge Wells,7,115300,0.006071118820468344
E07000116,Tunbridge Wells,0,115300,0
E07000116,Tunbridge Wells,1,115300,8.673026886383347e-4
E07000116,Tunbridge Wells,2,115300,0.0017346053772766695
E07000116,Tunbridge Wells,0,115300,0
E07000116,Tunbridge Wells,0,115300,0
E07000116,Tunbridge Wells,1836,115300,1.5923677363399826
E07000116,Tunbridge Wells,1958,115300,1.6981786643538594
E07000116,Tunbridge Wells,12,115300,0.010407632263660017
E07000116,Tunbridge Wells,87,115300,0.07545533391153512
E07000116,Tunbridge Wells,472,115300,0.409366869037294
E07000116,Tunbridge Wells,510,115300,0.44232437120555074
E07000117,Burnley,0,94700,0
E07000117,Burnley,0,94700,0
E07000117,Burnley,0,94700,0
E07000117,Burnley,0,94700,0
E07000117,Burnley,0,94700,0
E07000117,Burnley,0,94700,0
E07000117,Burnley,0,94700,0
E07000117,Burnley,0,94700,0
E07000117,Burnley,26625,94700,28.115100316789864
E07000117,Burnley,29515,94700,31.166842661034845
E07000117,Burnley,85,94700,0.0897571277719113
E07000117,Burnley,1913,94700,2.020063357972545
E07000117,Burnley,7187,94700,7.589229144667371
E07000117,Burnley,4535,94700,4.788806758183738
E07000117,Burnley,0,94700,0
E07000117,Burnley,100,94700,0.10559662090813093
E07000117,Burnley,78,94700,0.08236536430834214
E07000117,Burnley,0,94700,0
E07000117,Burnley,10,94700,0.010559662090813094
E07000117,Burnley,31,94700,0.03273495248152059
E07000117,Burnley,9,94700,0.009503695881731784
E07000117,Burnley,0,94700,0
E07000117,Burnley,34,94700,0.03590285110876452
E07000117,Burnley,29,94700,0.030623020063357972
E07000117,Burnley,0,94700,0
E07000117,Burnley,4,94700,0.004223864836325237
E07000117,Burnley,9,94700,0.009503695881731784
E07000117,Burnley,4,94700,0.004223864836325237
E07000117,Burnley,0,94700,0
E07000117,Burnley,33,94700,0.03484688489968321
E07000117,Burnley,23,94700,0.024287222808870117
E07000117,Burnley,0,94700,0
E07000117,Burnley,2,94700,0.0021119324181626186
E07000117,Burnley,7,94700,0.007391763463569166
E07000117,Burnley,0,94700,0
E07000117,Burnley,0,94700,0
E07000117,Burnley,41,94700,0.04329461457233368
E07000117,Burnley,2,94700,0.0021119324181626186
E07000117,Burnley,0,94700,0
E07000117,Burnley,0,94700,0
E07000117,Burnley,1,94700,0.0010559662090813093
E07000117,Burnley,0,94700,0
E07000117,Burnley,0,94700,0
E07000117,Burnley,1945,94700,2.053854276663147
E07000117,Burnley,1885,94700,1.9904963041182682
E07000117,Burnley,7,94700,0.007391763463569166
E07000117,Burnley,136,94700,0.14361140443505807
E07000117,Burnley,462,94700,0.48785638859556496
E07000117,Burnley,484,94700,0.5110876451953538
E07000118,Chorley,0,117800,0
E07000118,Chorley,0,117800,0
E07000118,Chorley,0,117800,0
E07000118,Chorley,0,117800,0
E07000118,Chorley,0,117800,0
E07000118,Chorley,0,117800,0
E07000118,Chorley,0,117800,0
E07000118,Chorley,0,117800,0
E07000118,Chorley,30430,117800,25.831918505942276
E07000118,Chorley,44210,117800,37.52971137521222
E07000118,Chorley,118,117800,0.100169779286927
E07000118,Chorley,2006,117800,1.7028862478777589
E07000118,Chorley,9478,117800,8.045840407470289
E07000118,Chorley,5529,117800,4.693548387096774
E07000118,Chorley,0,117800,0
E07000118,Chorley,63,117800,0.053480475382003394
E07000118,Chorley,46,117800,0.03904923599320883
E07000118,Chorley,0,117800,0
E07000118,Chorley,1,117800,8.488964346349745e-4
E07000118,Chorley,11,117800,0.00933786078098472
E07000118,Chorley,7,117800,0.005942275042444821
E07000118,Chorley,0,117800,0
E07000118,Chorley,29,117800,0.02461799660441426
E07000118,Chorley,16,117800,0.013582342954159592
E07000118,Chorley,0,117800,0
E07000118,Chorley,2,117800,0.001697792869269949
E07000118,Chorley,4,117800,0.003395585738539898
E07000118,Chorley,6,117800,0.0050933786078098476
E07000118,Chorley,0,117800,0
E07000118,Chorley,41,117800,0.03480475382003396
E07000118,Chorley,16,117800,0.013582342954159592
E07000118,Chorley,0,117800,0
E07000118,Chorley,0,117800,0
E07000118,Chorley,10,117800,0.008488964346349746
E07000118,Chorley,1,117800,8.488964346349745e-4
E07000118,Chorley,0,117800,0
E07000118,Chorley,42,117800,0.035653650254668934
E07000118,Chorley,4,117800,0.003395585738539898
E07000118,Chorley,0,117800,0
E07000118,Chorley,1,117800,8.488964346349745e-4
E07000118,Chorley,4,117800,0.003395585738539898
E07000118,Chorley,0,117800,0
E07000118,Chorley,0,117800,0
E07000118,Chorley,1584,117800,1.3446519524617997
E07000118,Chorley,1696,117800,1.4397283531409168
E07000118,Chorley,1,117800,8.488964346349745e-4
E07000118,Chorley,92,117800,0.07809847198641766
E07000118,Chorley,477,117800,0.40492359932088284
E07000118,Chorley,442,117800,0.37521222410865873
E07000119,Fylde,0,81400,0
E07000119,Fylde,0,81400,0
E07000119,Fylde,0,81400,0
E07000119,Fylde,0,81400,0
E07000119,Fylde,0,81400,0
E07000119,Fylde,0,81400,0
E07000119,Fylde,0,81400,0
E07000119,Fylde,0,81400,0
E07000119,Fylde,19127,81400,23.497542997542997
E07000119,Fylde,32367,81400,39.76289926289926
E07000119,Fylde,170,81400,0.20884520884520885
E07000119,Fylde,1392,81400,1.71007371007371
E07000119,Fylde,7477,81400,9.185503685503685
E07000119,Fylde,5483,81400,6.735872235872236
E07000119,Fylde,0,81400,0
E07000119,Fylde,38,81400,0.04668304668304668
E07000119,Fylde,28,81400,0.0343980343980344
E07000119,Fylde,3,81400,0.0036855036855036856
E07000119,Fylde,3,81400,0.0036855036855036856
E07000119,Fylde,11,81400,0.013513513513513514
E07000119,Fylde,8,81400,0.009828009828009828
E07000119,Fylde,0,81400,0
E07000119,Fylde,22,81400,0.02702702702702703
E07000119,Fylde,16,81400,0.019656019656019656
E07000119,Fylde,0,81400,0
E07000119,Fylde,1,81400,0.0012285012285012285
E07000119,Fylde,9,81400,0.011056511056511056
E07000119,Fylde,2,81400,0.002457002457002457
E07000119,Fylde,0,81400,0
E07000119,Fylde,18,81400,0.022113022113022112
E07000119,Fylde,16,81400,0.019656019656019656
E07000119,Fylde,2,81400,0.002457002457002457
E07000119,Fylde,0,81400,0
E07000119,Fylde,3,81400,0.0036855036855036856
E07000119,Fylde,3,81400,0.0036855036855036856
E07000119,Fylde,0,81400,0
E07000119,Fylde,35,81400,0.042997542997543
E07000119,Fylde,1,81400,0.0012285012285012285
E07000119,Fylde,0,81400,0
E07000119,Fylde,3,81400,0.0036855036855036856
E07000119,Fylde,2,81400,0.002457002457002457
E07000119,Fylde,0,81400,0
E07000119,Fylde,0,81400,0
E07000119,Fylde,1026,81400,1.2604422604422605
E07000119,Fylde,1213,81400,1.49017199017199
E07000119,Fylde,5,81400,0.006142506142506142
E07000119,Fylde,62,81400,0.07616707616707617
E07000119,Fylde,338,81400,0.4152334152334152
E07000119,Fylde,365,81400,0.4484029484029484
E07000120,Hyndburn,0,82200,0
E07000120,Hyndburn,0,82200,0
E07000120,Hyndburn,0,82200,0
E07000120,Hyndburn,0,82200,0
E07000120,Hyndburn,0,82200,0
E07000120,Hyndburn,0,82200,0
E07000120,Hyndburn,0,82200,0
E07000120,Hyndburn,0,82200,0
E07000120,Hyndburn,23269,82200,28.30778588807786
E07000120,Hyndburn,25989,82200,31.616788321167885
E07000120,Hyndburn,94,82200,0.11435523114355231
E07000120,Hyndburn,1815,82200,2.208029197080292
E07000120,Hyndburn,6186,82200,7.525547445255475
E07000120,Hyndburn,4060,82200,4.9391727493917275
E07000120,Hyndburn,0,82200,0
E07000120,Hyndburn,61,82200,0.07420924574209246
E07000120,Hyndburn,54,82200,0.06569343065693431
E07000120,Hyndburn,0,82200,0
E07000120,Hyndburn,5,82200,0.006082725060827251
E07000120,Hyndburn,15,82200,0.01824817518248175
E07000120,Hyndburn,7,82200,0.00851581508515815
E07000120,Hyndburn,0,82200,0
E07000120,Hyndburn,35,82200,0.04257907542579075
E07000120,Hyndburn,15,82200,0.01824817518248175
E07000120,Hyndburn,0,82200,0
E07000120,Hyndburn,3,82200,0.0036496350364963502
E07000120,Hyndburn,5,82200,0.006082725060827251
E07000120,Hyndburn,1,82200,0.0012165450121654502
E07000120,Hyndburn,0,82200,0
E07000120,Hyndburn,38,82200,0.046228710462287104
E07000120,Hyndburn,24,82200,0.029197080291970802
E07000120,Hyndburn,0,82200,0
E07000120,Hyndburn,4,82200,0.004866180048661801
E07000120,Hyndburn,6,82200,0.0072992700729927005
E07000120,Hyndburn,0,82200,0
E07000120,Hyndburn,0,82200,0
E07000120,Hyndburn,32,82200,0.038929440389294405
E07000120,Hyndburn,8,82200,0.009732360097323601
E07000120,Hyndburn,1,82200,0.0012165450121654502
E07000120,Hyndburn,0,82200,0
E07000120,Hyndburn,0,82200,0
E07000120,Hyndburn,0,82200,0
E07000120,Hyndburn,0,82200,0
E07000120,Hyndburn,1533,82200,1.864963503649635
E07000120,Hyndburn,1581,82200,1.9233576642335766
E07000120,Hyndburn,4,82200,0.004866180048661801
E07000120,Hyndburn,93,82200,0.11313868613138686
E07000120,Hyndburn,407,82200,0.4951338199513382
E07000120,Hyndburn,288,82200,0.35036496350364965
E07000121,Lancaster,0,142900,0
E07000121,Lancaster,0,142900,0
E07000121,Lancaster,0,142900,0
E07000121,Lancaster,0,142900,0
E07000121,Lancaster,0,142900,0
E07000121,Lancaster,0,142900,0
E07000121,Lancaster,0,142900,0
E07000121,Lancaster,0,142900,0
E07000121,Lancaster,44209,142900,30.9370188943317
E07000121,Lancaster,47000,142900,32.89013296011197
E07000121,Lancaster,276,142900,0.19314205738278517
E07000121,Lancaster,2409,142900,1.6857942617214836
E07000121,Lancaster,10784,142900,7.5465360391882434
E07000121,Lancaster,7261,142900,5.081175647305808
E07000121,Lancaster,0,142900,0
E07000121,Lancaster,89,142900,0.0622813156053184
E07000121,Lancaster,34,142900,0.023792862141357594
E07000121,Lancaster,0,142900,0
E07000121,Lancaster,8,142900,0.005598320503848845
E07000121,Lancaster,22,142900,0.015395381385584325
E07000121,Lancaster,8,142900,0.005598320503848845
E07000121,Lancaster,0,142900,0
E07000121,Lancaster,61,142900,0.042687193841847444
E07000121,Lancaster,12,142900,0.008397480755773267
E07000121,Lancaster,1,142900,6.997900629811056e-4
E07000121,Lancaster,4,142900,0.0027991602519244225
E07000121,Lancaster,11,142900,0.007697690692792162
E07000121,Lancaster,3,142900,0.002099370188943317
E07000121,Lancaster,0,142900,0
E07000121,Lancaster,63,142900,0.044086773967809655
E07000121,Lancaster,20,142900,0.013995801259622114
E07000121,Lancaster,0,142900,0
E07000121,Lancaster,1,142900,6.997900629811056e-4
E07000121,Lancaster,4,142900,0.0027991602519244225
E07000121,Lancaster,1,142900,6.997900629811056e-4
E07000121,Lancaster,0,142900,0
E07000121,Lancaster,176,142900,0.1231630510846746
E07000121,Lancaster,17,142900,0.011896431070678797
E07000121,Lancaster,1,142900,6.997900629811056e-4
E07000121,Lancaster,3,142900,0.002099370188943317
E07000121,Lancaster,9,142900,0.006298110566829951
E07000121,Lancaster,0,142900,0
E07000121,Lancaster,0,142900,0
E07000121,Lancaster,3712,142900,2.5976207137858642
E07000121,Lancaster,2174,142900,1.5213435969209237
E07000121,Lancaster,15,142900,0.010496850944716585
E07000121,Lancaster,120,142900,0.08397480755773268
E07000121,Lancaster,580,142900,0.4058782365290413
E07000121,Lancaster,553,142900,0.38698390482855144
E07000122,Pendle,0,95800,0
E07000122,Pendle,0,95800,0
E07000122,Pendle,0,95800,0
E07000122,Pendle,0,95800,0
E07000122,Pendle,0,95800,0
E07000122,Pendle,0,95800,0
E07000122,Pendle,0,95800,0
E07000122,Pendle,0,95800,0
E07000122,Pendle,23359,95800,24.383089770354907
E07000122,Pendle,32881,95800,34.322546972860124
E07000122,Pendle,85,95800,0.08872651356993737
E07000122,Pendle,1773,95800,1.850730688935282
E07000122,Pendle,6740,95800,7.035490605427975
E07000122,Pendle,4396,95800,4.588726513569937
E07000122,Pendle,0,95800,0
E07000122,Pendle,110,95800,0.11482254697286012
E07000122,Pendle,136,95800,0.1419624217118998
E07000122,Pendle,5,95800,0.005219206680584551
E07000122,Pendle,10,95800,0.010438413361169102
E07000122,Pendle,16,95800,0.016701461377870562
E07000122,Pendle,8,95800,0.008350730688935281
E07000122,Pendle,0,95800,0
E07000122,Pendle,18,95800,0.018789144050104383
E07000122,Pendle,32,95800,0.033402922755741124
E07000122,Pendle,1,95800,0.0010438413361169101
E07000122,Pendle,0,95800,0
E07000122,Pendle,9,95800,0.009394572025052192
E07000122,Pendle,5,95800,0.005219206680584551
E07000122,Pendle,0,95800,0
E07000122,Pendle,30,95800,0.031315240083507306
E07000122,Pendle,36,95800,0.037578288100208766
E07000122,Pendle,0,95800,0
E07000122,Pendle,2,95800,0.0020876826722338203
E07000122,Pendle,7,95800,0.007306889352818371
E07000122,Pendle,3,95800,0.003131524008350731
E07000122,Pendle,0,95800,0
E07000122,Pendle,17,95800,0.017745302713987474
E07000122,Pendle,4,95800,0.0041753653444676405
E07000122,Pendle,0,95800,0
E07000122,Pendle,4,95800,0.0041753653444676405
E07000122,Pendle,1,95800,0.0010438413361169101
E07000122,Pendle,0,95800,0
E07000122,Pendle,0,95800,0
E07000122,Pendle,1866,95800,1.9478079331941545
E07000122,Pendle,2584,95800,2.6972860125260962
E07000122,Pendle,3,95800,0.003131524008350731
E07000122,Pendle,136,95800,0.1419624217118998
E07000122,Pendle,489,95800,0.5104384133611691
E07000122,Pendle,456,95800,0.4759916492693111
E07000123,Preston,0,147900,0
E07000123,Preston,0,147900,0
E07000123,Preston,0,147900,0
E07000123,Preston,0,147900,0
E07000123,Preston,0,147900,0
E07000123,Preston,0,147900,0
E07000123,Preston,0,147900,0
E07000123,Preston,0,147900,0
E07000123,Preston,46768,147900,31.621365787694387
E07000123,Preston,45447,147900,30.72819472616633
E07000123,Preston,110,147900,0.07437457741717377
E07000123,Preston,2348,147900,1.5875591615956728
E07000123,Preston,9210,147900,6.227180527383367
E07000123,Preston,6023,147900,4.072346179851251
E07000123,Preston,0,147900,0
E07000123,Preston,184,147900,0.12440838404327248
E07000123,Preston,157,147900,0.10615280594996619
E07000123,Preston,2,147900,0.001352265043948614
E07000123,Preston,10,147900,0.0067613252197430695
E07000123,Preston,32,147900,0.021636240703177823
E07000123,Preston,15,147900,0.010141987829614604
E07000123,Preston,0,147900,0
E07000123,Preston,101,147900,0.068289384719405
E07000123,Preston,43,147900,0.0290736984448952
E07000123,Preston,0,147900,0
E07000123,Preston,3,147900,0.002028397565922921
E07000123,Preston,10,147900,0.0067613252197430695
E07000123,Preston,10,147900,0.0067613252197430695
E07000123,Preston,0,147900,0
E07000123,Preston,86,147900,0.0581473968897904
E07000123,Preston,52,147900,0.03515889114266396
E07000123,Preston,0,147900,0
E07000123,Preston,3,147900,0.002028397565922921
E07000123,Preston,10,147900,0.0067613252197430695
E07000123,Preston,4,147900,0.002704530087897228
E07000123,Preston,0,147900,0
E07000123,Preston,152,147900,0.10277214334009466
E07000123,Preston,12,147900,0.008113590263691683
E07000123,Preston,0,147900,0
E07000123,Preston,3,147900,0.002028397565922921
E07000123,Preston,6,147900,0.004056795131845842
E07000123,Preston,0,147900,0
E07000123,Preston,0,147900,0
E07000123,Preston,3716,147900,2.5125084516565246
E07000123,Preston,2866,147900,1.9377958079783637
E07000123,Preston,6,147900,0.004056795131845842
E07000123,Preston,153,147900,0.10344827586206896
E07000123,Preston,585,147900,0.39553752535496955
E07000123,Preston,546,147900,0.3691683569979716
E07000124,Ribble Valley,0,61500,0
E07000124,Ribble Valley,0,61500,0
E07000124,Ribble Valley,0,61500,0
E07000124,Ribble Valley,0,61500,0
E07000124,Ribble Valley,0,61500,0
E07000124,Ribble Valley,0,61500,0
E07000124,Ribble Valley,0,61500,0
E07000124,Ribble Valley,0,61500,0
E07000124,Ribble Valley,14010,61500,22.78048780487805
E07000124,Ribble Valley,25985,61500,42.2520325203252
E07000124,Ribble Valley,60,61500,0.0975609756097561
E07000124,Ribble Valley,921,61500,1.497560975609756
E07000124,Ribble Valley,4670,61500,7.59349593495935
E07000124,Ribble Valley,3515,61500,5.715447154471545
E07000124,Ribble Valley,0,61500,0
E07000124,Ribble Valley,17,61500,0.027642276422764227
E07000124,Ribble Valley,23,61500,0.03739837398373984
E07000124,Ribble Valley,0,61500,0
E07000124,Ribble Valley,2,61500,0.0032520325203252032
E07000124,Ribble Valley,4,61500,0.0065040650406504065
E07000124,Ribble Valley,0,61500,0
E07000124,Ribble Valley,0,61500,0
E07000124,Ribble Valley,7,61500,0.011382113821138212
E07000124,Ribble Valley,6,61500,0.00975609756097561
E07000124,Ribble Valley,0,61500,0
E07000124,Ribble Valley,0,61500,0
E07000124,Ribble Valley,1,61500,0.0016260162601626016
E07000124,Ribble Valley,1,61500,0.0016260162601626016
E07000124,Ribble Valley,0,61500,0
E07000124,Ribble Valley,11,61500,0.01788617886178862
E07000124,Ribble Valley,5,61500,0.008130081300813009
E07000124,Ribble Valley,1,61500,0.0016260162601626016
E07000124,Ribble Valley,2,61500,0.0032520325203252032
E07000124,Ribble Valley,1,61500,0.0016260162601626016
E07000124,Ribble Valley,0,61500,0
E07000124,Ribble Valley,0,61500,0
E07000124,Ribble Valley,11,61500,0.01788617886178862
E07000124,Ribble Valley,1,61500,0.0016260162601626016
E07000124,Ribble Valley,0,61500,0
E07000124,Ribble Valley,0,61500,0
E07000124,Ribble Valley,0,61500,0
E07000124,Ribble Valley,0,61500,0
E07000124,Ribble Valley,0,61500,0
E07000124,Ribble Valley,799,61500,1.2991869918699186
E07000124,Ribble Valley,937,61500,1.5235772357723578
E07000124,Ribble Valley,0,61500,0
E07000124,Ribble Valley,33,61500,0.05365853658536585
E07000124,Ribble Valley,190,61500,0.3089430894308943
E07000124,Ribble Valley,251,61500,0.408130081300813
E07000125,Rossendale,0,70800,0
E07000125,Rossendale,0,70800,0
E07000125,Rossendale,0,70800,0
E07000125,Rossendale,0,70800,0
E07000125,Rossendale,0,70800,0
E07000125,Rossendale,0,70800,0
E07000125,Rossendale,0,70800,0
E07000125,Rossendale,0,70800,0
E07000125,Rossendale,19444,70800,27.463276836158194
E07000125,Rossendale,24245,70800,34.244350282485875
E07000125,Rossendale,79,70800,0.1115819209039548
E07000125,Rossendale,1406,70800,1.9858757062146892
E07000125,Rossendale,5674,70800,8.014124293785311
E07000125,Rossendale,3415,70800,4.823446327683616
E07000125,Rossendale,0,70800,0
E07000125,Rossendale,34,70800,0.0480225988700565
E07000125,Rossendale,17,70800,0.02401129943502825
E07000125,Rossendale,0,70800,0
E07000125,Rossendale,2,70800,0.002824858757062147
E07000125,Rossendale,14,70800,0.01977401129943503
E07000125,Rossendale,5,70800,0.007062146892655367
E07000125,Rossendale,0,70800,0
E07000125,Rossendale,18,70800,0.025423728813559324
E07000125,Rossendale,4,70800,0.005649717514124294
E07000125,Rossendale,0,70800,0
E07000125,Rossendale,0,70800,0
E07000125,Rossendale,3,70800,0.00423728813559322
E07000125,Rossendale,3,70800,0.00423728813559322
E07000125,Rossendale,0,70800,0
E07000125,Rossendale,5,70800,0.007062146892655367
E07000125,Rossendale,6,70800,0.00847457627118644
E07000125,Rossendale,0,70800,0
E07000125,Rossendale,1,70800,0.0014124293785310734
E07000125,Rossendale,3,70800,0.00423728813559322
E07000125,Rossendale,0,70800,0
E07000125,Rossendale,0,70800,0
E07000125,Rossendale,21,70800,0.029661016949152543
E07000125,Rossendale,2,70800,0.002824858757062147
E07000125,Rossendale,0,70800,0
E07000125,Rossendale,0,70800,0
E07000125,Rossendale,5,70800,0.007062146892655367
E07000125,Rossendale,0,70800,0
E07000125,Rossendale,0,70800,0
E07000125,Rossendale,1063,70800,1.5014124293785311
E07000125,Rossendale,1142,70800,1.612994350282486
E07000125,Rossendale,4,70800,0.005649717514124294
E07000125,Rossendale,61,70800,0.08615819209039548
E07000125,Rossendale,308,70800,0.4350282485875706
E07000125,Rossendale,313,70800,0.442090395480226
E07000126,South Ribble,0,111000,0
E07000126,South Ribble,0,111000,0
E07000126,South Ribble,0,111000,0
E07000126,South Ribble,0,111000,0
E07000126,South Ribble,0,111000,0
E07000126,South Ribble,0,111000,0
E07000126,South Ribble,0,111000,0
E07000126,South Ribble,0,111000,0
E07000126,South Ribble,28340,111000,25.53153153153153
E07000126,South Ribble,42278,111000,38.08828828828829
E07000126,South Ribble,124,111000,0.11171171171171171
E07000126,South Ribble,1780,111000,1.6036036036036037
E07000126,South Ribble,8785,111000,7.914414414414415
E07000126,South Ribble,6084,111000,5.481081081081081
E07000126,South Ribble,0,111000,0
E07000126,South Ribble,43,111000,0.03873873873873874
E07000126,South Ribble,28,111000,0.025225225225225224
E07000126,South Ribble,1,111000,9.009009009009009e-4
E07000126,South Ribble,1,111000,9.009009009009009e-4
E07000126,South Ribble,10,111000,0.009009009009009009
E07000126,South Ribble,4,111000,0.0036036036036036037
E07000126,South Ribble,0,111000,0
E07000126,South Ribble,25,111000,0.02252252252252252
E07000126,South Ribble,15,111000,0.013513513513513514
E07000126,South Ribble,0,111000,0
E07000126,South Ribble,0,111000,0
E07000126,South Ribble,8,111000,0.007207207207207207
E07000126,South Ribble,6,111000,0.005405405405405406
E07000126,South Ribble,0,111000,0
E07000126,South Ribble,28,111000,0.025225225225225224
E07000126,South Ribble,19,111000,0.017117117117117116
E07000126,South Ribble,0,111000,0
E07000126,South Ribble,0,111000,0
E07000126,South Ribble,4,111000,0.0036036036036036037
E07000126,South Ribble,2,111000,0.0018018018018018018
E07000126,South Ribble,0,111000,0
E07000126,South Ribble,47,111000,0.04234234234234234
E07000126,South Ribble,2,111000,0.0018018018018018018
E07000126,South Ribble,0,111000,0
E07000126,South Ribble,2,111000,0.0018018018018018018
E07000126,South Ribble,2,111000,0.0018018018018018018
E07000126,South Ribble,0,111000,0
E07000126,South Ribble,0,111000,0
E07000126,South Ribble,1416,111000,1.2756756756756757
E07000126,South Ribble,1569,111000,1.4135135135135135
E07000126,South Ribble,3,111000,0.002702702702702703
E07000126,South Ribble,63,111000,0.05675675675675676
E07000126,South Ribble,415,111000,0.3738738738738739
E07000126,South Ribble,395,111000,0.35585585585585583
E07000127,West Lancashire,0,117400,0
E07000127,West Lancashire,0,117400,0
E07000127,West Lancashire,0,117400,0
E07000127,West Lancashire,0,117400,0
E07000127,West Lancashire,0,117400,0
E07000127,West Lancashire,0,117400,0
E07000127,West Lancashire,0,117400,0
E07000127,West Lancashire,0,117400,0
E07000127,West Lancashire,34114,117400,29.05792163543441
E07000127,West Lancashire,42529,117400,36.22572402044293
E07000127,West Lancashire,116,117400,0.09880749574105621
E07000127,West Lancashire,1679,117400,1.43015332197615
E07000127,West Lancashire,8260,117400,7.035775127768313
E07000127,West Lancashire,6336,117400,5.3969335604770015
E07000127,West Lancashire,0,117400,0
E07000127,West Lancashire,83,117400,0.0706984667802385
E07000127,West Lancashire,32,117400,0.027257240204429302
E07000127,West Lancashire,0,117400,0
E07000127,West Lancashire,0,117400,0
E07000127,West Lancashire,9,117400,0.007666098807495741
E07000127,West Lancashire,9,117400,0.007666098807495741
E07000127,West Lancashire,0,117400,0
E07000127,West Lancashire,39,117400,0.03321976149914821
E07000127,West Lancashire,9,117400,0.007666098807495741
E07000127,West Lancashire,0,117400,0
E07000127,West Lancashire,1,117400,8.517887563884157e-4
E07000127,West Lancashire,9,117400,0.007666098807495741
E07000127,West Lancashire,5,117400,0.004258943781942078
E07000127,West Lancashire,0,117400,0
E07000127,West Lancashire,41,117400,0.03492333901192504
E07000127,West Lancashire,19,117400,0.016183986371379896
E07000127,West Lancashire,0,117400,0
E07000127,West Lancashire,0,117400,0
E07000127,West Lancashire,1,117400,8.517887563884157e-4
E07000127,West Lancashire,3,117400,0.002555366269165247
E07000127,West Lancashire,0,117400,0
E07000127,West Lancashire,92,117400,0.07836456558773425
E07000127,West Lancashire,7,117400,0.00596252129471891
E07000127,West Lancashire,0,117400,0
E07000127,West Lancashire,1,117400,8.517887563884157e-4
E07000127,West Lancashire,2,117400,0.0017035775127768314
E07000127,West Lancashire,0,117400,0
E07000127,West Lancashire,0,117400,0
E07000127,West Lancashire,2212,117400,1.8841567291311754
E07000127,West Lancashire,1717,117400,1.4625212947189097
E07000127,West Lancashire,6,117400,0.005110732538330494
E07000127,West Lancashire,98,117400,0.08347529812606473
E07000127,West Lancashire,433,117400,0.368824531516184
E07000127,West Lancashire,467,117400,0.3977853492333901
E07000128,Wyre,0,111900,0
E07000128,Wyre,0,111900,0
E07000128,Wyre,0,111900,0
E07000128,Wyre,0,111900,0
E07000128,Wyre,0,111900,0
E07000128,Wyre,0,111900,0
E07000128,Wyre,0,111900,0
E07000128,Wyre,0,111900,0
E07000128,Wyre,26515,111900,23.6952636282395
E07000128,Wyre,43649,111900,39.00714924039321
E07000128,Wyre,171,111900,0.15281501340482573
E07000128,Wyre,1859,111900,1.6613047363717606
E07000128,Wyre,9772,111900,8.732797140303843
E07000128,Wyre,7788,111900,6.959785522788204
E07000128,Wyre,0,111900,0
E07000128,Wyre,44,111900,0.03932082216264522
E07000128,Wyre,30,111900,0.02680965147453083
E07000128,Wyre,3,111900,0.002680965147453083
E07000128,Wyre,4,111900,0.0035746201966041107
E07000128,Wyre,9,111900,0.00804289544235925
E07000128,Wyre,7,111900,0.006255585344057194
E07000128,Wyre,0,111900,0
E07000128,Wyre,29,111900,0.025915996425379804
E07000128,Wyre,14,111900,0.012511170688114389
E07000128,Wyre,0,111900,0
E07000128,Wyre,3,111900,0.002680965147453083
E07000128,Wyre,5,111900,0.004468275245755138
E07000128,Wyre,8,111900,0.0071492403932082215
E07000128,Wyre,0,111900,0
E07000128,Wyre,25,111900,0.022341376228775692
E07000128,Wyre,12,111900,0.010723860589812333
E07000128,Wyre,0,111900,0
E07000128,Wyre,3,111900,0.002680965147453083
E07000128,Wyre,6,111900,0.005361930294906166
E07000128,Wyre,1,111900,8.936550491510277e-4
E07000128,Wyre,0,111900,0
E07000128,Wyre,36,111900,0.032171581769437
E07000128,Wyre,9,111900,0.00804289544235925
E07000128,Wyre,0,111900,0
E07000128,Wyre,0,111900,0
E07000128,Wyre,1,111900,8.936550491510277e-4
E07000128,Wyre,0,111900,0
E07000128,Wyre,0,111900,0
E07000128,Wyre,1512,111900,1.351206434316354
E07000128,Wyre,1691,111900,1.5111706881143878
E07000128,Wyre,7,111900,0.006255585344057194
E07000128,Wyre,63,111900,0.05630026809651475
E07000128,Wyre,480,111900,0.4289544235924933
E07000128,Wyre,593,111900,0.5299374441465594
E07000129,Blaby,0,102900,0
E07000129,Blaby,0,102900,0
E07000129,Blaby,0,102900,0
E07000129,Blaby,0,102900,0
E07000129,Blaby,0,102900,0
E07000129,Blaby,0,102900,0
E07000129,Blaby,0,102900,0
E07000129,Blaby,0,102900,0
E07000129,Blaby,25806,102900,25.07871720116618
E07000129,Blaby,39700,102900,38.58114674441205
E07000129,Blaby,152,102900,0.1477162293488824
E07000129,Blaby,1606,102900,1.5607385811467445
E07000129,Blaby,7067,102900,6.867832847424684
E07000129,Blaby,5037,102900,4.895043731778426
E07000129,Blaby,0,102900,0
E07000129,Blaby,44,102900,0.042759961127308066
E07000129,Blaby,43,102900,0.04178814382896016
E07000129,Blaby,0,102900,0
E07000129,Blaby,5,102900,0.004859086491739553
E07000129,Blaby,1,102900,9.718172983479105e-4
E07000129,Blaby,10,102900,0.009718172983479106
E07000129,Blaby,0,102900,0
E07000129,Blaby,22,102900,0.021379980563654033
E07000129,Blaby,23,102900,0.022351797862001945
E07000129,Blaby,2,102900,0.001943634596695821
E07000129,Blaby,1,102900,9.718172983479105e-4
E07000129,Blaby,3,102900,0.0029154518950437317
E07000129,Blaby,3,102900,0.0029154518950437317
E07000129,Blaby,0,102900,0
E07000129,Blaby,22,102900,0.021379980563654033
E07000129,Blaby,23,102900,0.022351797862001945
E07000129,Blaby,0,102900,0
E07000129,Blaby,0,102900,0
E07000129,Blaby,2,102900,0.001943634596695821
E07000129,Blaby,3,102900,0.0029154518950437317
E07000129,Blaby,0,102900,0
E07000129,Blaby,45,102900,0.043731778425655975
E07000129,Blaby,11,102900,0.010689990281827016
E07000129,Blaby,0,102900,0
E07000129,Blaby,0,102900,0
E07000129,Blaby,1,102900,9.718172983479105e-4
E07000129,Blaby,1,102900,9.718172983479105e-4
E07000129,Blaby,0,102900,0
E07000129,Blaby,1358,102900,1.3197278911564625
E07000129,Blaby,1779,102900,1.728862973760933
E07000129,Blaby,7,102900,0.006802721088435374
E07000129,Blaby,67,102900,0.06511175898931001
E07000129,Blaby,365,102900,0.35471331389698735
E07000129,Blaby,453,102900,0.4402332361516035
E07000130,Charnwood,0,183900,0
E07000130,Charnwood,0,183900,0
E07000130,Charnwood,0,183900,0
E07000130,Charnwood,0,183900,0
E07000130,Charnwood,0,183900,0
E07000130,Charnwood,0,183900,0
E07000130,Charnwood,0,183900,0
E07000130,Charnwood,0,183900,0
E07000130,Charnwood,55295,183900,30.067971723762916
E07000130,Charnwood,65057,183900,35.376291462751496
E07000130,Charnwood,270,183900,0.1468189233278956
E07000130,Charnwood,2855,183900,1.55247417074497
E07000130,Charnwood,11996,183900,6.523110386079391
E07000130,Charnwood,8249,183900,4.485589994562262
E07000130,Charnwood,0,183900,0
E07000130,Charnwood,94,183900,0.0511147362697118
E07000130,Charnwood,76,183900,0.0413268080478521
E07000130,Charnwood,2,183900,0.001087547580206634
E07000130,Charnwood,8,183900,0.004350190320826536
E07000130,Charnwood,14,183900,0.0076128330614464385
E07000130,Charnwood,11,183900,0.005981511691136488
E07000130,Charnwood,0,183900,0
E07000130,Charnwood,51,183900,0.02773246329526917
E07000130,Charnwood,25,183900,0.013594344752582926
E07000130,Charnwood,1,183900,5.43773790103317e-4
E07000130,Charnwood,3,183900,0.0016313213703099511
E07000130,Charnwood,12,183900,0.0065252854812398045
E07000130,Charnwood,3,183900,0.0016313213703099511
E07000130,Charnwood,0,183900,0
E07000130,Charnwood,63,183900,0.03425774877650897
E07000130,Charnwood,31,183900,0.016856987493202826
E07000130,Charnwood,2,183900,0.001087547580206634
E07000130,Charnwood,4,183900,0.002175095160413268
E07000130,Charnwood,5,183900,0.0027188689505165853
E07000130,Charnwood,4,183900,0.002175095160413268
E07000130,Charnwood,0,183900,0
E07000130,Charnwood,123,183900,0.06688417618270799
E07000130,Charnwood,14,183900,0.0076128330614464385
E07000130,Charnwood,2,183900,0.001087547580206634
E07000130,Charnwood,1,183900,5.43773790103317e-4
E07000130,Charnwood,4,183900,0.002175095160413268
E07000130,Charnwood,1,183900,5.43773790103317e-4
E07000130,Charnwood,0,183900,0
E07000130,Charnwood,4254,183900,2.313213703099511
E07000130,Charnwood,3127,183900,1.7003806416530722
E07000130,Charnwood,4,183900,0.002175095160413268
E07000130,Charnwood,134,183900,0.07286568787384448
E07000130,Charnwood,619,183900,0.33659597607395325
E07000130,Charnwood,689,183900,0.3746601413811854
E07000131,Harborough,0,97600,0
E07000131,Harborough,0,97600,0
E07000131,Harborough,0,97600,0
E07000131,Harborough,0,97600,0
E07000131,Harborough,0,97600,0
E07000131,Harborough,0,97600,0
E07000131,Harborough,0,97600,0
E07000131,Harborough,0,97600,0
E07000131,Harborough,22452,97600,23.00409836065574
E07000131,Harborough,40729,97600,41.73053278688525
E07000131,Harborough,142,97600,0.14549180327868852
E07000131,Harborough,1498,97600,1.5348360655737705
E07000131,Harborough,7011,97600,7.183401639344262
E07000131,Harborough,4728,97600,4.844262295081967
E07000131,Harborough,0,97600,0
E07000131,Harborough,20,97600,0.020491803278688523
E07000131,Harborough,35,97600,0.035860655737704916
E07000131,Harborough,1,97600,0.0010245901639344263
E07000131,Harborough,3,97600,0.0030737704918032786
E07000131,Harborough,4,97600,0.004098360655737705
E07000131,Harborough,5,97600,0.005122950819672131
E07000131,Harborough,0,97600,0
E07000131,Harborough,26,97600,0.02663934426229508
E07000131,Harborough,10,97600,0.010245901639344262
E07000131,Harborough,0,97600,0
E07000131,Harborough,1,97600,0.0010245901639344263
E07000131,Harborough,5,97600,0.005122950819672131
E07000131,Harborough,3,97600,0.0030737704918032786
E07000131,Harborough,0,97600,0
E07000131,Harborough,27,97600,0.027663934426229508
E07000131,Harborough,10,97600,0.010245901639344262
E07000131,Harborough,0,97600,0
E07000131,Harborough,0,97600,0
E07000131,Harborough,3,97600,0.0030737704918032786
E07000131,Harborough,1,97600,0.0010245901639344263
E07000131,Harborough,0,97600,0
E07000131,Harborough,29,97600,0.02971311475409836
E07000131,Harborough,7,97600,0.007172131147540984
E07000131,Harborough,0,97600,0
E07000131,Harborough,0,97600,0
E07000131,Harborough,0,97600,0
E07000131,Harborough,0,97600,0
E07000131,Harborough,0,97600,0
E07000131,Harborough,1225,97600,1.2551229508196722
E07000131,Harborough,1675,97600,1.716188524590164
E07000131,Harborough,14,97600,0.014344262295081968
E07000131,Harborough,53,97600,0.05430327868852459
E07000131,Harborough,310,97600,0.3176229508196721
E07000131,Harborough,401,97600,0.4108606557377049
E07000132,Hinckley and Bosworth,0,113600,0
E07000132,Hinckley and Bosworth,0,113600,0
E07000132,Hinckley and Bosworth,0,113600,0
E07000132,Hinckley and Bosworth,0,113600,0
E07000132,Hinckley and Bosworth,0,113600,0
E07000132,Hinckley and Bosworth,0,113600,0
E07000132,Hinckley and Bosworth,0,113600,0
E07000132,Hinckley and Bosworth,0,113600,0
E07000132,Hinckley and Bosworth,27968,113600,24.619718309859156
E07000132,Hinckley and Bosworth,44571,113600,39.23503521126761
E07000132,Hinckley and Bosworth,138,113600,0.12147887323943662
E07000132,Hinckley and Bosworth,1949,113600,1.715669014084507
E07000132,Hinckley and Bosworth,9038,113600,7.955985915492958
E07000132,Hinckley and Bosworth,5744,113600,5.056338028169014
E07000132,Hinckley and Bosworth,0,113600,0
E07000132,Hinckley and Bosworth,55,113600,0.04841549295774648
E07000132,Hinckley and Bosworth,49,113600,0.043133802816901406
E07000132,Hinckley and Bosworth,0,113600,0
E07000132,Hinckley and Bosworth,1,113600,8.802816901408451e-4
E07000132,Hinckley and Bosworth,17,113600,0.014964788732394365
E07000132,Hinckley and Bosworth,8,113600,0.007042253521126761
E07000132,Hinckley and Bosworth,0,113600,0
E07000132,Hinckley and Bosworth,29,113600,0.025528169014084508
E07000132,Hinckley and Bosworth,16,113600,0.014084507042253521
E07000132,Hinckley and Bosworth,0,113600,0
E07000132,Hinckley and Bosworth,2,113600,0.0017605633802816902
E07000132,Hinckley and Bosworth,5,113600,0.0044014084507042256
E07000132,Hinckley and Bosworth,2,113600,0.0017605633802816902
E07000132,Hinckley and Bosworth,0,113600,0
E07000132,Hinckley and Bosworth,27,113600,0.023767605633802816
E07000132,Hinckley and Bosworth,18,113600,0.01584507042253521
E07000132,Hinckley and Bosworth,0,113600,0
E07000132,Hinckley and Bosworth,0,113600,0
E07000132,Hinckley and Bosworth,2,113600,0.0017605633802816902
E07000132,Hinckley and Bosworth,0,113600,0
E07000132,Hinckley and Bosworth,0,113600,0
E07000132,Hinckley and Bosworth,60,113600,0.0528169014084507
E07000132,Hinckley and Bosworth,6,113600,0.00528169014084507
E07000132,Hinckley and Bosworth,1,113600,8.802816901408451e-4
E07000132,Hinckley and Bosworth,1,113600,8.802816901408451e-4
E07000132,Hinckley and Bosworth,1,113600,8.802816901408451e-4
E07000132,Hinckley and Bosworth,1,113600,8.802816901408451e-4
E07000132,Hinckley and Bosworth,0,113600,0
E07000132,Hinckley and Bosworth,1395,113600,1.2279929577464788
E07000132,Hinckley and Bosworth,1837,113600,1.6170774647887325
E07000132,Hinckley and Bosworth,1,113600,8.802816901408451e-4
E07000132,Hinckley and Bosworth,89,113600,0.07834507042253522
E07000132,Hinckley and Bosworth,449,113600,0.39524647887323944
E07000132,Hinckley and Bosworth,440,113600,0.3873239436619718
E07000133,Melton,0,51800,0
E07000133,Melton,0,51800,0
E07000133,Melton,0,51800,0
E07000133,Melton,0,51800,0
E07000133,Melton,0,51800,0
E07000133,Melton,0,51800,0
E07000133,Melton,0,51800,0
E07000133,Melton,0,51800,0
E07000133,Melton,11993,51800,23.152509652509654
E07000133,Melton,21006,51800,40.552123552123554
E07000133,Melton,64,51800,0.12355212355212356
E07000133,Melton,874,51800,1.6872586872586872
E07000133,Melton,4036,51800,7.7915057915057915
E07000133,Melton,2768,51800,5.343629343629344
E07000133,Melton,0,51800,0
E07000133,Melton,17,51800,0.032818532818532815
E07000133,Melton,26,51800,0.05019305019305019
E07000133,Melton,0,51800,0
E07000133,Melton,2,51800,0.003861003861003861
E07000133,Melton,6,51800,0.011583011583011582
E07000133,Melton,3,51800,0.005791505791505791
E07000133,Melton,0,51800,0
E07000133,Melton,17,51800,0.032818532818532815
E07000133,Melton,8,51800,0.015444015444015444
E07000133,Melton,0,51800,0
E07000133,Melton,1,51800,0.0019305019305019305
E07000133,Melton,3,51800,0.005791505791505791
E07000133,Melton,3,51800,0.005791505791505791
E07000133,Melton,0,51800,0
E07000133,Melton,10,51800,0.019305019305019305
E07000133,Melton,5,51800,0.009652509652509652
E07000133,Melton,0,51800,0
E07000133,Melton,2,51800,0.003861003861003861
E07000133,Melton,3,51800,0.005791505791505791
E07000133,Melton,0,51800,0
E07000133,Melton,0,51800,0
E07000133,Melton,26,51800,0.05019305019305019
E07000133,Melton,0,51800,0
E07000133,Melton,0,51800,0
E07000133,Melton,1,51800,0.0019305019305019305
E07000133,Melton,2,51800,0.003861003861003861
E07000133,Melton,0,51800,0
E07000133,Melton,0,51800,0
E07000133,Melton,705,51800,1.361003861003861
E07000133,Melton,860,51800,1.6602316602316602
E07000133,Melton,5,51800,0.009652509652509652
E07000133,Melton,47,51800,0.09073359073359073
E07000133,Melton,235,51800,0.45366795366795365
E07000133,Melton,218,51800,0.42084942084942084
E07000134,North West Leicestershire,0,104700,0
E07000134,North West Leicestershire,0,104700,0
E07000134,North West Leicestershire,0,104700,0
E07000134,North West Leicestershire,0,104700,0
E07000134,North West Leicestershire,0,104700,0
E07000134,North West Leicestershire,0,104700,0
E07000134,North West Leicestershire,0,104700,0
E07000134,North West Leicestershire,0,104700,0
E07000134,North West Leicestershire,27217,104700,25.995224450811843
E07000134,North West Leicestershire,39545,104700,37.76981852913085
E07000134,North West Leicestershire,138,104700,0.1318051575931232
E07000134,North West Leicestershire,1845,104700,1.7621776504297995
E07000134,North West Leicestershire,8162,104700,7.795606494746896
E07000134,North West Leicestershire,4903,104700,4.6829035339064
E07000134,North West Leicestershire,0,104700,0
E07000134,North West Leicestershire,49,104700,0.04680038204393505
E07000134,North West Leicestershire,33,104700,0.03151862464183381
E07000134,North West Leicestershire,0,104700,0
E07000134,North West Leicestershire,4,104700,0.0038204393505253103
E07000134,North West Leicestershire,6,104700,0.0057306590257879654
E07000134,North West Leicestershire,10,104700,0.009551098376313277
E07000134,North West Leicestershire,0,104700,0
E07000134,North West Leicestershire,34,104700,0.03247373447946514
E07000134,North West Leicestershire,13,104700,0.012416427889207259
E07000134,North West Leicestershire,0,104700,0
E07000134,North West Leicestershire,2,104700,0.0019102196752626551
E07000134,North West Leicestershire,10,104700,0.009551098376313277
E07000134,North West Leicestershire,3,104700,0.0028653295128939827
E07000134,North West Leicestershire,0,104700,0
E07000134,North West Leicestershire,35,104700,0.033428844317096466
E07000134,North West Leicestershire,17,104700,0.01623686723973257
E07000134,North West Leicestershire,0,104700,0
E07000134,North West Leicestershire,0,104700,0
E07000134,North West Leicestershire,5,104700,0.004775549188156638
E07000134,North West Leicestershire,3,104700,0.0028653295128939827
E07000134,North West Leicestershire,0,104700,0
E07000134,North West Leicestershire,38,104700,0.03629417382999045
E07000134,North West Leicestershire,6,104700,0.0057306590257879654
E07000134,North West Leicestershire,0,104700,0
E07000134,North West Leicestershire,0,104700,0
E07000134,North West Leicestershire,3,104700,0.0028653295128939827
E07000134,North West Leicestershire,0,104700,0
E07000134,North West Leicestershire,0,104700,0
E07000134,North West Leicestershire,1488,104700,1.4212034383954155
E07000134,North West Leicestershire,1690,104700,1.6141356255969437
E07000134,North West Leicestershire,8,104700,0.007640878701050621
E07000134,North West Leicestershire,71,104700,0.06781279847182425
E07000134,North West Leicestershire,412,104700,0.39350525310410694
E07000134,North West Leicestershire,413,104700,0.3944603629417383
E07000135,Oadby and Wigston,0,57700,0
E07000135,Oadby and Wigston,0,57700,0
E07000135,Oadby and Wigston,0,57700,0
E07000135,Oadby and Wigston,0,57700,0
E07000135,Oadby and Wigston,0,57700,0
E07000135,Oadby and Wigston,0,57700,0
E07000135,Oadby and Wigston,0,57700,0
E07000135,Oadby and Wigston,0,57700,0
E07000135,Oadby and Wigston,14456,57700,25.053726169844023
E07000135,Oadby and Wigston,22095,57700,38.29289428076257
E07000135,Oadby and Wigston,46,57700,0.07972270363951472
E07000135,Oadby and Wigston,894,57700,1.5493934142114385
E07000135,Oadby and Wigston,3424,57700,5.934142114384748
E07000135,Oadby and Wigston,3211,57700,5.5649913344887345
E07000135,Oadby and Wigston,0,57700,0
E07000135,Oadby and Wigston,25,57700,0.043327556325823226
E07000135,Oadby and Wigston,38,57700,0.0658578856152513
E07000135,Oadby and Wigston,0,57700,0
E07000135,Oadby and Wigston,1,57700,0.0017331022530329288
E07000135,Oadby and Wigston,2,57700,0.0034662045060658577
E07000135,Oadby and Wigston,3,57700,0.005199306759098787
E07000135,Oadby and Wigston,0,57700,0
E07000135,Oadby and Wigston,14,57700,0.024263431542461005
E07000135,Oadby and Wigston,14,57700,0.024263431542461005
E07000135,Oadby and Wigston,0,57700,0
E07000135,Oadby and Wigston,0,57700,0
E07000135,Oadby and Wigston,3,57700,0.005199306759098787
E07000135,Oadby and Wigston,2,57700,0.0034662045060658577
E07000135,Oadby and Wigston,0,57700,0
E07000135,Oadby and Wigston,17,57700,0.029462738301559793
E07000135,Oadby and Wigston,16,57700,0.02772963604852686
E07000135,Oadby and Wigston,0,57700,0
E07000135,Oadby and Wigston,0,57700,0
E07000135,Oadby and Wigston,2,57700,0.0034662045060658577
E07000135,Oadby and Wigston,0,57700,0
E07000135,Oadby and Wigston,0,57700,0
E07000135,Oadby and Wigston,37,57700,0.06412478336221837
E07000135,Oadby and Wigston,1,57700,0.0017331022530329288
E07000135,Oadby and Wigston,0,57700,0
E07000135,Oadby and Wigston,0,57700,0
E07000135,Oadby and Wigston,0,57700,0
E07000135,Oadby and Wigston,0,57700,0
E07000135,Oadby and Wigston,0,57700,0
E07000135,Oadby and Wigston,1132,57700,1.9618717504332757
E07000135,Oadby and Wigston,1192,57700,2.065857885615251
E07000135,Oadby and Wigston,0,57700,0
E07000135,Oadby and Wigston,40,57700,0.06932409012131716
E07000135,Oadby and Wigston,225,57700,0.389948006932409
E07000135,Oadby and Wigston,318,57700,0.5511265164644714
E07000136,Boston,0,70500,0
E07000136,Boston,0,70500,0
E07000136,Boston,0,70500,0
E07000136,Boston,0,70500,0
E07000136,Boston,0,70500,0
E07000136,Boston,0,70500,0
E07000136,Boston,0,70500,0
E07000136,Boston,0,70500,0
E07000136,Boston,17730,70500,25.148936170212767
E07000136,Boston,23387,70500,33.17304964539007
E07000136,Boston,124,70500,0.17588652482269504
E07000136,Boston,1235,70500,1.75177304964539
E07000136,Boston,5980,70500,8.4822695035461
E07000136,Boston,3584,70500,5.083687943262412
E07000136,Boston,0,70500,0
E07000136,Boston,101,70500,0.14326241134751774
E07000136,Boston,75,70500,0.10638297872340426
E07000136,Boston,0,70500,0
E07000136,Boston,6,70500,0.00851063829787234
E07000136,Boston,32,70500,0.04539007092198582
E07000136,Boston,9,70500,0.01276595744680851
E07000136,Boston,0,70500,0
E07000136,Boston,25,70500,0.03546099290780142
E07000136,Boston,20,70500,0.028368794326241134
E07000136,Boston,0,70500,0
E07000136,Boston,2,70500,0.0028368794326241137
E07000136,Boston,4,70500,0.005673758865248227
E07000136,Boston,3,70500,0.00425531914893617
E07000136,Boston,0,70500,0
E07000136,Boston,26,70500,0.03687943262411347
E07000136,Boston,15,70500,0.02127659574468085
E07000136,Boston,0,70500,0
E07000136,Boston,0,70500,0
E07000136,Boston,6,70500,0.00851063829787234
E07000136,Boston,1,70500,0.0014184397163120568
E07000136,Boston,0,70500,0
E07000136,Boston,31,70500,0.04397163120567376
E07000136,Boston,0,70500,0
E07000136,Boston,0,70500,0
E07000136,Boston,1,70500,0.0014184397163120568
E07000136,Boston,2,70500,0.0028368794326241137
E07000136,Boston,1,70500,0.0014184397163120568
E07000136,Boston,0,70500,0
E07000136,Boston,1845,70500,2.617021276595745
E07000136,Boston,2085,70500,2.9574468085106385
E07000136,Boston,23,70500,0.032624113475177303
E07000136,Boston,125,70500,0.1773049645390071
E07000136,Boston,549,70500,0.7787234042553192
E07000136,Boston,554,70500,0.7858156028368795
E07000137,East Lindsey,0,142300,0
E07000137,East Lindsey,0,142300,0
E07000137,East Lindsey,0,142300,0
E07000137,East Lindsey,0,142300,0
E07000137,East Lindsey,0,142300,0
E07000137,East Lindsey,0,142300,0
E07000137,East Lindsey,0,142300,0
E07000137,East Lindsey,0,142300,0
E07000137,East Lindsey,31334,142300,22.019676739283206
E07000137,East Lindsey,57421,142300,40.35207308503162
E07000137,East Lindsey,269,142300,0.18903724525650034
E07000137,East Lindsey,2579,142300,1.8123682361208715
E07000137,East Lindsey,12104,142300,8.50597329585383
E07000137,East Lindsey,9711,142300,6.824314827828531
E07000137,East Lindsey,0,142300,0
E07000137,East Lindsey,75,142300,0.05270555165144062
E07000137,East Lindsey,49,142300,0.03443429374560787
E07000137,East Lindsey,1,142300,7.027406886858749e-4
E07000137,East Lindsey,1,142300,7.027406886858749e-4
E07000137,East Lindsey,20,142300,0.014054813773717497
E07000137,East Lindsey,10,142300,0.007027406886858749
E07000137,East Lindsey,0,142300,0
E07000137,East Lindsey,33,142300,0.023190442726633873
E07000137,East Lindsey,18,142300,0.012649332396345749
E07000137,East Lindsey,0,142300,0
E07000137,East Lindsey,0,142300,0
E07000137,East Lindsey,8,142300,0.005621925509486999
E07000137,East Lindsey,3,142300,0.0021082220660576245
E07000137,East Lindsey,0,142300,0
E07000137,East Lindsey,46,142300,0.03232607167955025
E07000137,East Lindsey,22,142300,0.015460295151089248
E07000137,East Lindsey,2,142300,0.0014054813773717498
E07000137,East Lindsey,0,142300,0
E07000137,East Lindsey,7,142300,0.004919184820801124
E07000137,East Lindsey,3,142300,0.0021082220660576245
E07000137,East Lindsey,0,142300,0
E07000137,East Lindsey,37,142300,0.02600140548137737
E07000137,East Lindsey,3,142300,0.0021082220660576245
E07000137,East Lindsey,0,142300,0
E07000137,East Lindsey,2,142300,0.0014054813773717498
E07000137,East Lindsey,3,142300,0.0021082220660576245
E07000137,East Lindsey,3,142300,0.0021082220660576245
E07000137,East Lindsey,0,142300,0
E07000137,East Lindsey,2162,142300,1.5193253689388615
E07000137,East Lindsey,3380,142300,2.375263527758257
E07000137,East Lindsey,9,142300,0.0063246661981728744
E07000137,East Lindsey,159,142300,0.11173576950105411
E07000137,East Lindsey,856,142300,0.6015460295151089
E07000137,East Lindsey,1088,142300,0.7645818692902319
E07000138,Lincoln,0,103900,0
E07000138,Lincoln,0,103900,0
E07000138,Lincoln,0,103900,0
E07000138,Lincoln,0,103900,0
E07000138,Lincoln,0,103900,0
E07000138,Lincoln,0,103900,0
E07000138,Lincoln,0,103900,0
E07000138,Lincoln,0,103900,0
E07000138,Lincoln,40112,103900,38.606352261790185
E07000138,Lincoln,26196,103900,25.212704523580367
E07000138,Lincoln,140,103900,0.1347449470644851
E07000138,Lincoln,1761,103900,1.6948989412897015
E07000138,Lincoln,7697,103900,7.408084696823869
E07000138,Lincoln,3949,103900,3.800769971126083
E07000138,Lincoln,0,103900,0
E07000138,Lincoln,199,103900,0.1915303176130895
E07000138,Lincoln,70,103900,0.06737247353224254
E07000138,Lincoln,5,103900,0.004812319538017324
E07000138,Lincoln,9,103900,0.008662175168431183
E07000138,Lincoln,24,103900,0.023099133782483156
E07000138,Lincoln,3,103900,0.0028873917228103944
E07000138,Lincoln,0,103900,0
E07000138,Lincoln,125,103900,0.12030798845043311
E07000138,Lincoln,15,103900,0.014436958614051972
E07000138,Lincoln,0,103900,0
E07000138,Lincoln,2,103900,0.0019249278152069298
E07000138,Lincoln,11,103900,0.010587102983638113
E07000138,Lincoln,0,103900,0
E07000138,Lincoln,0,103900,0
E07000138,Lincoln,124,103900,0.11934552454282965
E07000138,Lincoln,18,103900,0.017324350336862367
E07000138,Lincoln,0,103900,0
E07000138,Lincoln,1,103900,9.624639076034649e-4
E07000138,Lincoln,11,103900,0.010587102983638113
E07000138,Lincoln,2,103900,0.0019249278152069298
E07000138,Lincoln,0,103900,0
E07000138,Lincoln,237,103900,0.22810394610202117
E07000138,Lincoln,14,103900,0.013474494706448507
E07000138,Lincoln,1,103900,9.624639076034649e-4
E07000138,Lincoln,1,103900,9.624639076034649e-4
E07000138,Lincoln,4,103900,0.0038498556304138597
E07000138,Lincoln,2,103900,0.0019249278152069298
E07000138,Lincoln,0,103900,0
E07000138,Lincoln,3729,103900,3.5890279114533206
E07000138,Lincoln,1517,103900,1.4600577478344563
E07000138,Lincoln,9,103900,0.008662175168431183
E07000138,Lincoln,108,103900,0.1039461020211742
E07000138,Lincoln,579,103900,0.5572666025024061
E07000138,Lincoln,390,103900,0.3753609239653513
E07000139,North Kesteven,0,118000,0
E07000139,North Kesteven,0,118000,0
E07000139,North Kesteven,0,118000,0
E07000139,North Kesteven,0,118000,0
E07000139,North Kesteven,0,118000,0
E07000139,North Kesteven,0,118000,0
E07000139,North Kesteven,0,118000,0
E07000139,North Kesteven,0,118000,0
E07000139,North Kesteven,25949,118000,21.990677966101696
E07000139,North Kesteven,49298,118000,41.777966101694915
E07000139,North Kesteven,165,118000,0.13983050847457626
E07000139,North Kesteven,2104,118000,1.7830508474576272
E07000139,North Kesteven,9293,118000,7.875423728813559
E07000139,North Kesteven,6308,118000,5.345762711864407
E07000139,North Kesteven,0,118000,0
E07000139,North Kesteven,44,118000,0.03728813559322034
E07000139,North Kesteven,47,118000,0.03983050847457627
E07000139,North Kesteven,1,118000,8.47457627118644e-4
E07000139,North Kesteven,1,118000,8.47457627118644e-4
E07000139,North Kesteven,18,118000,0.015254237288135594
E07000139,North Kesteven,7,118000,0.005932203389830509
E07000139,North Kesteven,0,118000,0
E07000139,North Kesteven,18,118000,0.015254237288135594
E07000139,North Kesteven,15,118000,0.012711864406779662
E07000139,North Kesteven,0,118000,0
E07000139,North Kesteven,3,118000,0.002542372881355932
E07000139,North Kesteven,5,118000,0.00423728813559322
E07000139,North Kesteven,2,118000,0.001694915254237288
E07000139,North Kesteven,0,118000,0
E07000139,North Kesteven,30,118000,0.025423728813559324
E07000139,North Kesteven,14,118000,0.011864406779661017
E07000139,North Kesteven,0,118000,0
E07000139,North Kesteven,1,118000,8.47457627118644e-4
E07000139,North Kesteven,2,118000,0.001694915254237288
E07000139,North Kesteven,1,118000,8.47457627118644e-4
E07000139,North Kesteven,0,118000,0
E07000139,North Kesteven,43,118000,0.036440677966101696
E07000139,North Kesteven,7,118000,0.005932203389830509
E07000139,North Kesteven,1,118000,8.47457627118644e-4
E07000139,North Kesteven,0,118000,0
E07000139,North Kesteven,5,118000,0.00423728813559322
E07000139,North Kesteven,0,118000,0
E07000139,North Kesteven,0,118000,0
E07000139,North Kesteven,1524,118000,1.2915254237288136
E07000139,North Kesteven,1998,118000,1.693220338983051
E07000139,North Kesteven,5,118000,0.00423728813559322
E07000139,North Kesteven,86,118000,0.07288135593220339
E07000139,North Kesteven,463,118000,0.3923728813559322
E07000139,North Kesteven,556,118000,0.4711864406779661
E07000140,South Holland,0,95100,0
E07000140,South Holland,0,95100,0
E07000140,South Holland,0,95100,0
E07000140,South Holland,0,95100,0
E07000140,South Holland,0,95100,0
E07000140,South Holland,0,95100,0
E07000140,South Holland,0,95100,0
E07000140,South Holland,0,95100,0
E07000140,South Holland,21781,95100,22.903259726603576
E07000140,South Holland,36156,95100,38.018927444794954
E07000140,South Holland,134,95100,0.14090431125131442
E07000140,South Holland,1602,95100,1.6845425867507886
E07000140,South Holland,7704,95100,8.100946372239747
E07000140,South Holland,5388,95100,5.665615141955836
E07000140,South Holland,0,95100,0
E07000140,South Holland,87,95100,0.0914826498422713
E07000140,South Holland,48,95100,0.050473186119873815
E07000140,South Holland,0,95100,0
E07000140,South Holland,2,95100,0.002103049421661409
E07000140,South Holland,25,95100,0.026288117770767613
E07000140,South Holland,15,95100,0.015772870662460567
E07000140,South Holland,0,95100,0
E07000140,South Holland,34,95100,0.035751840168243953
E07000140,South Holland,9,95100,0.00946372239747634
E07000140,South Holland,0,95100,0
E07000140,South Holland,4,95100,0.004206098843322818
E07000140,South Holland,6,95100,0.006309148264984227
E07000140,South Holland,3,95100,0.0031545741324921135
E07000140,South Holland,0,95100,0
E07000140,South Holland,38,95100,0.03995793901156677
E07000140,South Holland,5,95100,0.005257623554153523
E07000140,South Holland,0,95100,0
E07000140,South Holland,3,95100,0.0031545741324921135
E07000140,South Holland,6,95100,0.006309148264984227
E07000140,South Holland,1,95100,0.0010515247108307045
E07000140,South Holland,0,95100,0
E07000140,South Holland,28,95100,0.029442691903259727
E07000140,South Holland,3,95100,0.0031545741324921135
E07000140,South Holland,0,95100,0
E07000140,South Holland,2,95100,0.002103049421661409
E07000140,South Holland,1,95100,0.0010515247108307045
E07000140,South Holland,0,95100,0
E07000140,South Holland,0,95100,0
E07000140,South Holland,1891,95100,1.9884332281808623
E07000140,South Holland,2486,95100,2.6140904311251316
E07000140,South Holland,11,95100,0.011566771819137749
E07000140,South Holland,111,95100,0.1167192429022082
E07000140,South Holland,615,95100,0.6466876971608833
E07000140,South Holland,800,95100,0.8412197686645636
E07000141,South Kesteven,0,143400,0
E07000141,South Kesteven,0,143400,0
E07000141,South Kesteven,0,143400,0
E07000141,South Kesteven,0,143400,0
E07000141,South Kesteven,0,143400,0
E07000141,South Kesteven,0,143400,0
E07000141,South Kesteven,0,143400,0
E07000141,South Kesteven,0,143400,0
E07000141,South Kesteven,32734,143400,22.82705718270572
E07000141,South Kesteven,56695,143400,39.53626220362622
E07000141,South Kesteven,166,143400,0.11576011157601115
E07000141,South Kesteven,2572,143400,1.7935843793584378
E07000141,South Kesteven,12055,143400,8.406555090655509
E07000141,South Kesteven,7519,143400,5.243375174337517
E07000141,South Kesteven,0,143400,0
E07000141,South Kesteven,56,143400,0.03905160390516039
E07000141,South Kesteven,73,143400,0.05090655509065551
E07000141,South Kesteven,0,143400,0
E07000141,South Kesteven,6,143400,0.0041841004184100415
E07000141,South Kesteven,18,143400,0.012552301255230125
E07000141,South Kesteven,6,143400,0.0041841004184100415
E07000141,South Kesteven,0,143400,0
E07000141,South Kesteven,45,143400,0.03138075313807531
E07000141,South Kesteven,16,143400,0.011157601115760111
E07000141,South Kesteven,0,143400,0
E07000141,South Kesteven,4,143400,0.002789400278940028
E07000141,South Kesteven,10,143400,0.00697350069735007
E07000141,South Kesteven,12,143400,0.008368200836820083
E07000141,South Kesteven,0,143400,0
E07000141,South Kesteven,46,143400,0.03207810320781032
E07000141,South Kesteven,16,143400,0.011157601115760111
E07000141,South Kesteven,0,143400,0
E07000141,South Kesteven,1,143400,6.97350069735007e-4
E07000141,South Kesteven,4,143400,0.002789400278940028
E07000141,South Kesteven,3,143400,0.0020920502092050207
E07000141,South Kesteven,0,143400,0
E07000141,South Kesteven,58,143400,0.040446304044630406
E07000141,South Kesteven,6,143400,0.0041841004184100415
E07000141,South Kesteven,0,143400,0
E07000141,South Kesteven,2,143400,0.001394700139470014
E07000141,South Kesteven,3,143400,0.0020920502092050207
E07000141,South Kesteven,0,143400,0
E07000141,South Kesteven,0,143400,0
E07000141,South Kesteven,1874,143400,1.306834030683403
E07000141,South Kesteven,2477,143400,1.7273361227336124
E07000141,South Kesteven,6,143400,0.0041841004184100415
E07000141,South Kesteven,122,143400,0.08507670850767085
E07000141,South Kesteven,652,143400,0.45467224546722457
E07000141,South Kesteven,753,143400,0.5251046025104602
E07000142,West Lindsey,0,95200,0
E07000142,West Lindsey,0,95200,0
E07000142,West Lindsey,0,95200,0
E07000142,West Lindsey,0,95200,0
E07000142,West Lindsey,0,95200,0
E07000142,West Lindsey,0,95200,0
E07000142,West Lindsey,0,95200,0
E07000142,West Lindsey,0,95200,0
E07000142,West Lindsey,21402,95200,22.48109243697479
E07000142,West Lindsey,38350,95200,40.28361344537815
E07000142,West Lindsey,132,95200,0.13865546218487396
E07000142,West Lindsey,1794,95200,1.884453781512605
E07000142,West Lindsey,7925,95200,8.324579831932773
E07000142,West Lindsey,5470,95200,5.745798319327731
E07000142,West Lindsey,0,95200,0
E07000142,West Lindsey,41,95200,0.0430672268907563
E07000142,West Lindsey,19,95200,0.01995798319327731
E07000142,West Lindsey,0,95200,0
E07000142,West Lindsey,4,95200,0.004201680672268907
E07000142,West Lindsey,14,95200,0.014705882352941176
E07000142,West Lindsey,2,95200,0.0021008403361344537
E07000142,West Lindsey,0,95200,0
E07000142,West Lindsey,20,95200,0.02100840336134454
E07000142,West Lindsey,20,95200,0.02100840336134454
E07000142,West Lindsey,0,95200,0
E07000142,West Lindsey,0,95200,0
E07000142,West Lindsey,3,95200,0.0031512605042016808
E07000142,West Lindsey,6,95200,0.0063025210084033615
E07000142,West Lindsey,0,95200,0
E07000142,West Lindsey,22,95200,0.023109243697478993
E07000142,West Lindsey,14,95200,0.014705882352941176
E07000142,West Lindsey,0,95200,0
E07000142,West Lindsey,0,95200,0
E07000142,West Lindsey,5,95200,0.005252100840336135
E07000142,West Lindsey,2,95200,0.0021008403361344537
E07000142,West Lindsey,0,95200,0
E07000142,West Lindsey,48,95200,0.05042016806722689
E07000142,West Lindsey,6,95200,0.0063025210084033615
E07000142,West Lindsey,0,95200,0
E07000142,West Lindsey,0,95200,0
E07000142,West Lindsey,1,95200,0.0010504201680672268
E07000142,West Lindsey,0,95200,0
E07000142,West Lindsey,0,95200,0
E07000142,West Lindsey,1244,95200,1.3067226890756303
E07000142,West Lindsey,1569,95200,1.648109243697479
E07000142,West Lindsey,6,95200,0.0063025210084033615
E07000142,West Lindsey,91,95200,0.09558823529411764
E07000142,West Lindsey,429,95200,0.45063025210084034
E07000142,West Lindsey,479,95200,0.5031512605042017
E07000143,Breckland,0,141500,0
E07000143,Breckland,0,141500,0
E07000143,Breckland,0,141500,0
E07000143,Breckland,0,141500,0
E07000143,Breckland,0,141500,0
E07000143,Breckland,0,141500,0
E07000143,Breckland,0,141500,0
E07000143,Breckland,0,141500,0
E07000143,Breckland,33274,141500,23.515194346289753
E07000143,Breckland,54845,141500,38.75971731448763
E07000143,Breckland,276,141500,0.19505300353356891
E07000143,Breckland,2509,141500,1.7731448763250883
E07000143,Breckland,11799,141500,8.33851590106007
E07000143,Breckland,7715,141500,5.4522968197879855
E07000143,Breckland,0,141500,0
E07000143,Breckland,93,141500,0.0657243816254417
E07000143,Breckland,74,141500,0.052296819787985865
E07000143,Breckland,2,141500,0.0014134275618374558
E07000143,Breckland,11,141500,0.0077738515901060075
E07000143,Breckland,33,141500,0.023321554770318022
E07000143,Breckland,12,141500,0.008480565371024734
E07000143,Breckland,0,141500,0
E07000143,Breckland,30,141500,0.02120141342756184
E07000143,Breckland,27,141500,0.019081272084805655
E07000143,Breckland,2,141500,0.0014134275618374558
E07000143,Breckland,3,141500,0.0021201413427561835
E07000143,Breckland,6,141500,0.004240282685512367
E07000143,Breckland,1,141500,7.067137809187279e-4
E07000143,Breckland,0,141500,0
E07000143,Breckland,35,141500,0.024734982332155476
E07000143,Breckland,35,141500,0.024734982332155476
E07000143,Breckland,0,141500,0
E07000143,Breckland,2,141500,0.0014134275618374558
E07000143,Breckland,10,141500,0.007067137809187279
E07000143,Breckland,2,141500,0.0014134275618374558
E07000143,Breckland,0,141500,0
E07000143,Breckland,41,141500,0.028975265017667843
E07000143,Breckland,11,141500,0.0077738515901060075
E07000143,Breckland,0,141500,0
E07000143,Breckland,4,141500,0.0028268551236749115
E07000143,Breckland,4,141500,0.0028268551236749115
E07000143,Breckland,1,141500,7.067137809187279e-4
E07000143,Breckland,0,141500,0
E07000143,Breckland,2375,141500,1.6784452296819787
E07000143,Breckland,2879,141500,2.0346289752650177
E07000143,Breckland,12,141500,0.008480565371024734
E07000143,Breckland,131,141500,0.09257950530035336
E07000143,Breckland,786,141500,0.5554770318021202
E07000143,Breckland,814,141500,0.5752650176678445
E07000144,Broadland,0,131700,0
E07000144,Broadland,0,131700,0
E07000144,Broadland,0,131700,0
E07000144,Broadland,0,131700,0
E07000144,Broadland,0,131700,0
E07000144,Broadland,0,131700,0
E07000144,Broadland,0,131700,0
E07000144,Broadland,0,131700,0
E07000144,Broadland,29897,131700,22.70083523158694
E07000144,Broadland,54682,131700,41.52012148823083
E07000144,Broadland,174,131700,0.13211845102505695
E07000144,Broadland,2042,131700,1.5504935459377374
E07000144,Broadland,10737,131700,8.15261958997722
E07000144,Broadland,7544,131700,5.728170083523159
E07000144,Broadland,0,131700,0
E07000144,Broadland,37,131700,0.02809415337889142
E07000144,Broadland,44,131700,0.033409263477600606
E07000144,Broadland,0,131700,0
E07000144,Broadland,4,131700,0.0030372057706909645
E07000144,Broadland,17,131700,0.012908124525436599
E07000144,Broadland,8,131700,0.006074411541381929
E07000144,Broadland,0,131700,0
E07000144,Broadland,34,131700,0.025816249050873197
E07000144,Broadland,12,131700,0.009111617312072893
E07000144,Broadland,0,131700,0
E07000144,Broadland,0,131700,0
E07000144,Broadland,12,131700,0.009111617312072893
E07000144,Broadland,5,131700,0.0037965072133637054
E07000144,Broadland,0,131700,0
E07000144,Broadland,30,131700,0.022779043280182234
E07000144,Broadland,15,131700,0.011389521640091117
E07000144,Broadland,0,131700,0
E07000144,Broadland,0,131700,0
E07000144,Broadland,3,131700,0.002277904328018223
E07000144,Broadland,3,131700,0.002277904328018223
E07000144,Broadland,0,131700,0
E07000144,Broadland,56,131700,0.0425208807896735
E07000144,Broadland,5,131700,0.0037965072133637054
E07000144,Broadland,0,131700,0
E07000144,Broadland,0,131700,0
E07000144,Broadland,3,131700,0.002277904328018223
E07000144,Broadland,0,131700,0
E07000144,Broadland,0,131700,0
E07000144,Broadland,1604,131700,1.2179195140470767
E07000144,Broadland,2225,131700,1.689445709946849
E07000144,Broadland,14,131700,0.010630220197418374
E07000144,Broadland,97,131700,0.07365223993925589
E07000144,Broadland,587,131700,0.44570994684889903
E07000144,Broadland,615,131700,0.46697038724373574
E07000145,Great Yarmouth,0,99800,0
E07000145,Great Yarmouth,0,99800,0
E07000145,Great Yarmouth,0,99800,0
E07000145,Great Yarmouth,0,99800,0
E07000145,Great Yarmouth,0,99800,0
E07000145,Great Yarmouth,0,99800,0
E07000145,Great Yarmouth,0,99800,0
E07000145,Great Yarmouth,0,99800,0
E07000145,Great Yarmouth,27109,99800,27.163326653306612
E07000145,Great Yarmouth,33155,99800,33.221442885771545
E07000145,Great Yarmouth,203,99800,0.20340681362725452
E07000145,Great Yarmouth,1834,99800,1.8376753507014028
E07000145,Great Yarmouth,9258,99800,9.276553106212425
E07000145,Great Yarmouth,5582,99800,5.593186372745491
E07000145,Great Yarmouth,0,99800,0
E07000145,Great Yarmouth,131,99800,0.1312625250501002
E07000145,Great Yarmouth,55,99800,0.05511022044088176
E07000145,Great Yarmouth,1,99800,0.001002004008016032
E07000145,Great Yarmouth,9,99800,0.009018036072144289
E07000145,Great Yarmouth,30,99800,0.03006012024048096
E07000145,Great Yarmouth,14,99800,0.014028056112224449
E07000145,Great Yarmouth,0,99800,0
E07000145,Great Yarmouth,62,99800,0.06212424849699399
E07000145,Great Yarmouth,17,99800,0.017034068136272545
E07000145,Great Yarmouth,0,99800,0
E07000145,Great Yarmouth,2,99800,0.002004008016032064
E07000145,Great Yarmouth,16,99800,0.01603206412825651
E07000145,Great Yarmouth,7,99800,0.0070140280561122245
E07000145,Great Yarmouth,0,99800,0
E07000145,Great Yarmouth,64,99800,0.06412825651302605
E07000145,Great Yarmouth,22,99800,0.022044088176352707
E07000145,Great Yarmouth,0,99800,0
E07000145,Great Yarmouth,5,99800,0.00501002004008016
E07000145,Great Yarmouth,7,99800,0.0070140280561122245
E07000145,Great Yarmouth,1,99800,0.001002004008016032
E07000145,Great Yarmouth,0,99800,0
E07000145,Great Yarmouth,56,99800,0.056112224448897796
E07000145,Great Yarmouth,5,99800,0.00501002004008016
E07000145,Great Yarmouth,0,99800,0
E07000145,Great Yarmouth,0,99800,0
E07000145,Great Yarmouth,6,99800,0.006012024048096192
E07000145,Great Yarmouth,0,99800,0
E07000145,Great Yarmouth,0,99800,0
E07000145,Great Yarmouth,1938,99800,1.9418837675350702
E07000145,Great Yarmouth,1785,99800,1.7885771543086173
E07000145,Great Yarmouth,16,99800,0.01603206412825651
E07000145,Great Yarmouth,105,99800,0.10521042084168336
E07000145,Great Yarmouth,626,99800,0.627254509018036
E07000145,Great Yarmouth,599,99800,0.6002004008016032
E07000146,King's Lynn and West Norfolk,0,154300,0
E07000146,King's Lynn and West Norfolk,0,154300,0
E07000146,King's Lynn and West Norfolk,0,154300,0
E07000146,King's Lynn and West Norfolk,0,154300,0
E07000146,King's Lynn and West Norfolk,0,154300,0
E07000146,King's Lynn and West Norfolk,0,154300,0
E07000146,King's Lynn and West Norfolk,0,154300,0
E07000146,King's Lynn and West Norfolk,0,154300,0
E07000146,King's Lynn and West Norfolk,36466,154300,23.633182112767336
E07000146,King's Lynn and West Norfolk,59162,154300,38.342190537913154
E07000146,King's Lynn and West Norfolk,270,154300,0.17498379779650033
E07000146,King's Lynn and West Norfolk,2614,154300,1.694102397926118
E07000146,King's Lynn and West Norfolk,12625,154300,8.182112767336358
E07000146,King's Lynn and West Norfolk,9259,154300,6.000648088139987
E07000146,King's Lynn and West Norfolk,0,154300,0
E07000146,King's Lynn and West Norfolk,88,154300,0.057031756318859365
E07000146,King's Lynn and West Norfolk,82,154300,0.053143227478937134
E07000146,King's Lynn and West Norfolk,1,154300,6.480881399870382e-4
E07000146,King's Lynn and West Norfolk,2,154300,0.0012961762799740765
E07000146,King's Lynn and West Norfolk,30,154300,0.019442644199611146
E07000146,King's Lynn and West Norfolk,15,154300,0.009721322099805573
E07000146,King's Lynn and West Norfolk,0,154300,0
E07000146,King's Lynn and West Norfolk,48,154300,0.031108230719377836
E07000146,King's Lynn and West Norfolk,20,154300,0.012961762799740765
E07000146,King's Lynn and West Norfolk,0,154300,0
E07000146,King's Lynn and West Norfolk,0,154300,0
E07000146,King's Lynn and West Norfolk,11,154300,0.007128969539857421
E07000146,King's Lynn and West Norfolk,3,154300,0.0019442644199611147
E07000146,King's Lynn and West Norfolk,0,154300,0
E07000146,King's Lynn and West Norfolk,55,154300,0.0356448476992871
E07000146,King's Lynn and West Norfolk,29,154300,0.018794556059624108
E07000146,King's Lynn and West Norfolk,0,154300,0
E07000146,King's Lynn and West Norfolk,1,154300,6.480881399870382e-4
E07000146,King's Lynn and West Norfolk,13,154300,0.008425145819831496
E07000146,King's Lynn and West Norfolk,0,154300,0
E07000146,King's Lynn and West Norfolk,0,154300,0
E07000146,King's Lynn and West Norfolk,62,154300,0.04018146467919637
E07000146,King's Lynn and West Norfolk,6,154300,0.0038885288399222295
E07000146,King's Lynn and West Norfolk,0,154300,0
E07000146,King's Lynn and West Norfolk,0,154300,0
E07000146,King's Lynn and West Norfolk,3,154300,0.0019442644199611147
E07000146,King's Lynn and West Norfolk,1,154300,6.480881399870382e-4
E07000146,King's Lynn and West Norfolk,0,154300,0
E07000146,King's Lynn and West Norfolk,2617,154300,1.696046662346079
E07000146,King's Lynn and West Norfolk,3359,154300,2.1769280622164615
E07000146,King's Lynn and West Norfolk,19,154300,0.012313674659753726
E07000146,King's Lynn and West Norfolk,144,154300,0.09332469215813351
E07000146,King's Lynn and West Norfolk,898,154300,0.5819831497083603
E07000146,King's Lynn and West Norfolk,989,154300,0.6409591704471809
E07000147,North Norfolk,0,103000,0
E07000147,North Norfolk,0,103000,0
E07000147,North Norfolk,0,103000,0
E07000147,North Norfolk,0,103000,0
E07000147,North Norfolk,0,103000,0
E07000147,North Norfolk,0,103000,0
E07000147,North Norfolk,0,103000,0
E07000147,North Norfolk,0,103000,0
E07000147,North Norfolk,22406,103000,21.753398058252426
E07000147,North Norfolk,42104,103000,40.87766990291262
E07000147,North Norfolk,288,103000,0.2796116504854369
E07000147,North Norfolk,1882,103000,1.8271844660194174
E07000147,North Norfolk,9352,103000,9.079611650485436
E07000147,North Norfolk,7355,103000,7.140776699029126
E07000147,North Norfolk,0,103000,0
E07000147,North Norfolk,35,103000,0.03398058252427184
E07000147,North Norfolk,20,103000,0.019417475728155338
E07000147,North Norfolk,0,103000,0
E07000147,North Norfolk,1,103000,9.70873786407767e-4
E07000147,North Norfolk,12,103000,0.011650485436893204
E07000147,North Norfolk,2,103000,0.001941747572815534
E07000147,North Norfolk,0,103000,0
E07000147,North Norfolk,17,103000,0.01650485436893204
E07000147,North Norfolk,8,103000,0.007766990291262136
E07000147,North Norfolk,0,103000,0
E07000147,North Norfolk,1,103000,9.70873786407767e-4
E07000147,North Norfolk,3,103000,0.002912621359223301
E07000147,North Norfolk,7,103000,0.006796116504854369
E07000147,North Norfolk,0,103000,0
E07000147,North Norfolk,29,103000,0.02815533980582524
E07000147,North Norfolk,13,103000,0.01262135922330097
E07000147,North Norfolk,2,103000,0.001941747572815534
E07000147,North Norfolk,1,103000,9.70873786407767e-4
E07000147,North Norfolk,4,103000,0.003883495145631068
E07000147,North Norfolk,5,103000,0.0048543689320388345
E07000147,North Norfolk,0,103000,0
E07000147,North Norfolk,43,103000,0.04174757281553398
E07000147,North Norfolk,9,103000,0.008737864077669903
E07000147,North Norfolk,1,103000,9.70873786407767e-4
E07000147,North Norfolk,1,103000,9.70873786407767e-4
E07000147,North Norfolk,3,103000,0.002912621359223301
E07000147,North Norfolk,0,103000,0
E07000147,North Norfolk,0,103000,0
E07000147,North Norfolk,1673,103000,1.6242718446601943
E07000147,North Norfolk,2280,103000,2.2135922330097086
E07000147,North Norfolk,11,103000,0.010679611650485437
E07000147,North Norfolk,93,103000,0.09029126213592233
E07000147,North Norfolk,680,103000,0.6601941747572816
E07000147,North Norfolk,802,103000,0.7786407766990291
E07000148,Norwich,0,144000,0
E07000148,Norwich,0,144000,0
E07000148,Norwich,0,144000,0
E07000148,Norwich,0,144000,0
E07000148,Norwich,0,144000,0
E07000148,Norwich,0,144000,0
E07000148,Norwich,0,144000,0
E07000148,Norwich,0,144000,0
E07000148,Norwich,57789,144000,40.13125
E07000148,Norwich,33969,144000,23.589583333333334
E07000148,Norwich,303,144000,0.21041666666666667
E07000148,Norwich,2705,144000,1.8784722222222223
E07000148,Norwich,11548,144000,8.019444444444444
E07000148,Norwich,5202,144000,3.6125
E07000148,Norwich,0,144000,0
E07000148,Norwich,182,144000,0.12638888888888888
E07000148,Norwich,75,144000,0.052083333333333336
E07000148,Norwich,0,144000,0
E07000148,Norwich,8,144000,0.005555555555555556
E07000148,Norwich,41,144000,0.02847222222222222
E07000148,Norwich,6,144000,0.004166666666666667
E07000148,Norwich,0,144000,0
E07000148,Norwich,130,144000,0.09027777777777778
E07000148,Norwich,36,144000,0.025
E07000148,Norwich,0,144000,0
E07000148,Norwich,11,144000,0.007638888888888889
E07000148,Norwich,21,144000,0.014583333333333334
E07000148,Norwich,4,144000,0.002777777777777778
E07000148,Norwich,0,144000,0
E07000148,Norwich,194,144000,0.13472222222222222
E07000148,Norwich,39,144000,0.027083333333333334
E07000148,Norwich,0,144000,0
E07000148,Norwich,1,144000,6.944444444444445e-4
E07000148,Norwich,10,144000,0.006944444444444444
E07000148,Norwich,1,144000,6.944444444444445e-4
E07000148,Norwich,0,144000,0
E07000148,Norwich,438,144000,0.30416666666666664
E07000148,Norwich,28,144000,0.019444444444444445
E07000148,Norwich,6,144000,0.004166666666666667
E07000148,Norwich,50,144000,0.034722222222222224
E07000148,Norwich,10,144000,0.006944444444444444
E07000148,Norwich,2,144000,0.001388888888888889
E07000148,Norwich,0,144000,0
E07000148,Norwich,4583,144000,3.182638888888889
E07000148,Norwich,1957,144000,1.3590277777777777
E07000148,Norwich,18,144000,0.0125
E07000148,Norwich,143,144000,0.09930555555555555
E07000148,Norwich,774,144000,0.5375
E07000148,Norwich,480,144000,0.3333333333333333
E07000149,South Norfolk,0,141900,0
E07000149,South Norfolk,0,141900,0
E07000149,South Norfolk,0,141900,0
E07000149,South Norfolk,0,141900,0
E07000149,South Norfolk,0,141900,0
E07000149,South Norfolk,0,141900,0
E07000149,South Norfolk,0,141900,0
E07000149,South Norfolk,0,141900,0
E07000149,South Norfolk,32185,141900,22.681465821000703
E07000149,South Norfolk,57870,141900,40.782241014799155
E07000149,South Norfolk,280,141900,0.19732205778717407
E07000149,South Norfolk,2261,141900,1.5933756166314306
E07000149,South Norfolk,11374,141900,8.015503875968992
E07000149,South Norfolk,7342,141900,5.1740662438336855
E07000149,South Norfolk,0,141900,0
E07000149,South Norfolk,54,141900,0.03805496828752643
E07000149,South Norfolk,39,141900,0.02748414376321353
E07000149,South Norfolk,0,141900,0
E07000149,South Norfolk,6,141900,0.004228329809725159
E07000149,South Norfolk,6,141900,0.004228329809725159
E07000149,South Norfolk,12,141900,0.008456659619450317
E07000149,South Norfolk,0,141900,0
E07000149,South Norfolk,38,141900,0.026779422128259338
E07000149,South Norfolk,17,141900,0.011980267794221282
E07000149,South Norfolk,0,141900,0
E07000149,South Norfolk,3,141900,0.0021141649048625794
E07000149,South Norfolk,13,141900,0.009161381254404511
E07000149,South Norfolk,3,141900,0.0021141649048625794
E07000149,South Norfolk,0,141900,0
E07000149,South Norfolk,38,141900,0.026779422128259338
E07000149,South Norfolk,27,141900,0.019027484143763214
E07000149,South Norfolk,1,141900,7.047216349541931e-4
E07000149,South Norfolk,5,141900,0.0035236081747709656
E07000149,South Norfolk,5,141900,0.0035236081747709656
E07000149,South Norfolk,1,141900,7.047216349541931e-4
E07000149,South Norfolk,0,141900,0
E07000149,South Norfolk,71,141900,0.05003523608174771
E07000149,South Norfolk,6,141900,0.004228329809725159
E07000149,South Norfolk,1,141900,7.047216349541931e-4
E07000149,South Norfolk,3,141900,0.0021141649048625794
E07000149,South Norfolk,5,141900,0.0035236081747709656
E07000149,South Norfolk,1,141900,7.047216349541931e-4
E07000149,South Norfolk,0,141900,0
E07000149,South Norfolk,1805,141900,1.2720225510923184
E07000149,South Norfolk,2398,141900,1.689922480620155
E07000149,South Norfolk,12,141900,0.008456659619450317
E07000149,South Norfolk,83,141900,0.058491895701198025
E07000149,South Norfolk,603,141900,0.4249471458773784
E07000149,South Norfolk,648,141900,0.45665961945031713
E07000163,Craven,0,56900,0
E07000163,Craven,0,56900,0
E07000163,Craven,0,56900,0
E07000163,Craven,0,56900,0
E07000163,Craven,0,56900,0
E07000163,Craven,0,56900,0
E07000163,Craven,0,56900,0
E07000163,Craven,0,56900,0
E07000163,Craven,12699,56900,22.31810193321617
E07000163,Craven,23975,56900,42.13532513181019
E07000163,Craven,128,56900,0.22495606326889278
E07000163,Craven,946,56900,1.6625659050966608
E07000163,Craven,4745,56900,8.339191564147628
E07000163,Craven,3391,56900,5.959578207381371
E07000163,Craven,0,56900,0
E07000163,Craven,18,56900,0.03163444639718805
E07000163,Craven,8,56900,0.014059753954305799
E07000163,Craven,0,56900,0
E07000163,Craven,3,56900,0.005272407732864675
E07000163,Craven,5,56900,0.008787346221441126
E07000163,Craven,4,56900,0.007029876977152899
E07000163,Craven,0,56900,0
E07000163,Craven,11,56900,0.019332161687170474
E07000163,Craven,11,56900,0.019332161687170474
E07000163,Craven,0,56900,0
E07000163,Craven,1,56900,0.0017574692442882249
E07000163,Craven,5,56900,0.008787346221441126
E07000163,Craven,3,56900,0.005272407732864675
E07000163,Craven,0,56900,0
E07000163,Craven,13,56900,0.022847100175746926
E07000163,Craven,9,56900,0.015817223198594025
E07000163,Craven,0,56900,0
E07000163,Craven,0,56900,0
E07000163,Craven,2,56900,0.0035149384885764497
E07000163,Craven,0,56900,0
E07000163,Craven,0,56900,0
E07000163,Craven,24,56900,0.0421792618629174
E07000163,Craven,4,56900,0.007029876977152899
E07000163,Craven,0,56900,0
E07000163,Craven,1,56900,0.0017574692442882249
E07000163,Craven,3,56900,0.005272407732864675
E07000163,Craven,0,56900,0
E07000163,Craven,0,56900,0
E07000163,Craven,701,56900,1.2319859402460458
E07000163,Craven,1018,56900,1.789103690685413
E07000163,Craven,7,56900,0.012302284710017574
E07000163,Craven,44,56900,0.0773286467486819
E07000163,Craven,226,56900,0.39718804920913886
E07000163,Craven,282,56900,0.4956063268892794
E07000164,Hambleton,0,90700,0
E07000164,Hambleton,0,90700,0
E07000164,Hambleton,0,90700,0
E07000164,Hambleton,0,90700,0
E07000164,Hambleton,0,90700,0
E07000164,Hambleton,0,90700,0
E07000164,Hambleton,0,90700,0
E07000164,Hambleton,0,90700,0
E07000164,Hambleton,19493,90700,21.49173098125689
E07000164,Hambleton,39810,90700,43.89195148842337
E07000164,Hambleton,116,90700,0.1278941565600882
E07000164,Hambleton,1446,90700,1.5942668136714444
E07000164,Hambleton,6965,90700,7.679162072767365
E07000164,Hambleton,5449,90700,6.0077177508269015
E07000164,Hambleton,0,90700,0
E07000164,Hambleton,27,90700,0.029768467475192944
E07000164,Hambleton,27,90700,0.029768467475192944
E07000164,Hambleton,0,90700,0
E07000164,Hambleton,2,90700,0.002205071664829107
E07000164,Hambleton,8,90700,0.008820286659316428
E07000164,Hambleton,7,90700,0.007717750826901874
E07000164,Hambleton,0,90700,0
E07000164,Hambleton,28,90700,0.030871003307607496
E07000164,Hambleton,9,90700,0.009922822491730982
E07000164,Hambleton,0,90700,0
E07000164,Hambleton,2,90700,0.002205071664829107
E07000164,Hambleton,3,90700,0.0033076074972436605
E07000164,Hambleton,3,90700,0.0033076074972436605
E07000164,Hambleton,0,90700,0
E07000164,Hambleton,15,90700,0.016538037486218304
E07000164,Hambleton,9,90700,0.009922822491730982
E07000164,Hambleton,0,90700,0
E07000164,Hambleton,2,90700,0.002205071664829107
E07000164,Hambleton,1,90700,0.0011025358324145535
E07000164,Hambleton,1,90700,0.0011025358324145535
E07000164,Hambleton,0,90700,0
E07000164,Hambleton,28,90700,0.030871003307607496
E07000164,Hambleton,6,90700,0.006615214994487321
E07000164,Hambleton,0,90700,0
E07000164,Hambleton,0,90700,0
E07000164,Hambleton,0,90700,0
E07000164,Hambleton,0,90700,0
E07000164,Hambleton,0,90700,0
E07000164,Hambleton,1091,90700,1.202866593164278
E07000164,Hambleton,1617,90700,1.782800441014333
E07000164,Hambleton,3,90700,0.0033076074972436605
E07000164,Hambleton,69,90700,0.07607497243660419
E07000164,Hambleton,339,90700,0.3737596471885336
E07000164,Hambleton,408,90700,0.4498346196251378
E07000165,Harrogate,0,162700,0
E07000165,Harrogate,0,162700,0
E07000165,Harrogate,0,162700,0
E07000165,Harrogate,0,162700,0
E07000165,Harrogate,0,162700,0
E07000165,Harrogate,0,162700,0
E07000165,Harrogate,0,162700,0
E07000165,Harrogate,0,162700,0
E07000165,Harrogate,37067,162700,22.78242163491088
E07000165,Harrogate,66465,162700,40.85125998770744
E07000165,Harrogate,266,162700,0.16349108789182545
E07000165,Harrogate,2543,162700,1.56299938537185
E07000165,Harrogate,12857,162700,7.902274124154887
E07000165,Harrogate,8637,162700,5.3085433312845725
E07000165,Harrogate,0,162700,0
E07000165,Harrogate,73,162700,0.04486785494775661
E07000165,Harrogate,40,162700,0.024585125998770743
E07000165,Harrogate,0,162700,0
E07000165,Harrogate,3,162700,0.0018438844499078057
E07000165,Harrogate,17,162700,0.010448678549477565
E07000165,Harrogate,14,162700,0.008604794099569761
E07000165,Harrogate,0,162700,0
E07000165,Harrogate,34,162700,0.02089735709895513
E07000165,Harrogate,28,162700,0.017209588199139522
E07000165,Harrogate,0,162700,0
E07000165,Harrogate,5,162700,0.003073140749846343
E07000165,Harrogate,10,162700,0.006146281499692686
E07000165,Harrogate,8,162700,0.004917025199754148
E07000165,Harrogate,0,162700,0
E07000165,Harrogate,39,162700,0.023970497848801474
E07000165,Harrogate,20,162700,0.012292562999385371
E07000165,Harrogate,1,162700,6.146281499692685e-4
E07000165,Harrogate,0,162700,0
E07000165,Harrogate,6,162700,0.0036877688998156115
E07000165,Harrogate,4,162700,0.002458512599877074
E07000165,Harrogate,0,162700,0
E07000165,Harrogate,63,162700,0.03872157344806392
E07000165,Harrogate,6,162700,0.0036877688998156115
E07000165,Harrogate,0,162700,0
E07000165,Harrogate,0,162700,0
E07000165,Harrogate,1,162700,6.146281499692685e-4
E07000165,Harrogate,0,162700,0
E07000165,Harrogate,0,162700,0
E07000165,Harrogate,3089,162700,1.8985863552550706
E07000165,Harrogate,2556,162700,1.5709895513214505
E07000165,Harrogate,9,162700,0.005531653349723417
E07000165,Harrogate,101,162700,0.06207744314689613
E07000165,Harrogate,630,162700,0.38721573448063923
E07000165,Harrogate,716,162700,0.4400737553779963
E07000166,Richmondshire,0,49700,0
E07000166,Richmondshire,0,49700,0
E07000166,Richmondshire,0,49700,0
E07000166,Richmondshire,0,49700,0
E07000166,Richmondshire,0,49700,0
E07000166,Richmondshire,0,49700,0
E07000166,Richmondshire,0,49700,0
E07000166,Richmondshire,0,49700,0
E07000166,Richmondshire,11562,49700,23.263581488933603
E07000166,Richmondshire,20816,49700,41.883299798792756
E07000166,Richmondshire,94,49700,0.1891348088531187
E07000166,Richmondshire,982,49700,1.9758551307847083
E07000166,Richmondshire,3738,49700,7.52112676056338
E07000166,Richmondshire,2558,49700,5.146881287726358
E07000166,Richmondshire,0,49700,0
E07000166,Richmondshire,21,49700,0.04225352112676056
E07000166,Richmondshire,18,49700,0.03621730382293763
E07000166,Richmondshire,0,49700,0
E07000166,Richmondshire,4,49700,0.008048289738430584
E07000166,Richmondshire,4,49700,0.008048289738430584
E07000166,Richmondshire,0,49700,0
E07000166,Richmondshire,0,49700,0
E07000166,Richmondshire,13,49700,0.026156941649899398
E07000166,Richmondshire,3,49700,0.006036217303822937
E07000166,Richmondshire,0,49700,0
E07000166,Richmondshire,2,49700,0.004024144869215292
E07000166,Richmondshire,2,49700,0.004024144869215292
E07000166,Richmondshire,3,49700,0.006036217303822937
E07000166,Richmondshire,0,49700,0
E07000166,Richmondshire,15,49700,0.030181086519114688
E07000166,Richmondshire,7,49700,0.014084507042253521
E07000166,Richmondshire,0,49700,0
E07000166,Richmondshire,1,49700,0.002012072434607646
E07000166,Richmondshire,1,49700,0.002012072434607646
E07000166,Richmondshire,2,49700,0.004024144869215292
E07000166,Richmondshire,0,49700,0
E07000166,Richmondshire,16,49700,0.03219315895372234
E07000166,Richmondshire,3,49700,0.006036217303822937
E07000166,Richmondshire,0,49700,0
E07000166,Richmondshire,0,49700,0
E07000166,Richmondshire,0,49700,0
E07000166,Richmondshire,0,49700,0
E07000166,Richmondshire,0,49700,0
E07000166,Richmondshire,597,49700,1.2012072434607646
E07000166,Richmondshire,849,49700,1.7082494969818913
E07000166,Richmondshire,4,49700,0.008048289738430584
E07000166,Richmondshire,26,49700,0.052313883299798795
E07000166,Richmondshire,182,49700,0.36619718309859156
E07000166,Richmondshire,215,49700,0.43259557344064387
E07000167,Ryedale,0,54700,0
E07000167,Ryedale,0,54700,0
E07000167,Ryedale,0,54700,0
E07000167,Ryedale,0,54700,0
E07000167,Ryedale,0,54700,0
E07000167,Ryedale,0,54700,0
E07000167,Ryedale,0,54700,0
E07000167,Ryedale,0,54700,0
E07000167,Ryedale,12254,54700,22.40219378427788
E07000167,Ryedale,23072,54700,42.179159049360145
E07000167,Ryedale,74,54700,0.13528336380255943
E07000167,Ryedale,885,54700,1.6179159049360146
E07000167,Ryedale,4306,54700,7.872029250457039
E07000167,Ryedale,3267,54700,5.972577696526508
E07000167,Ryedale,0,54700,0
E07000167,Ryedale,27,54700,0.04936014625228519
E07000167,Ryedale,19,54700,0.03473491773308958
E07000167,Ryedale,0,54700,0
E07000167,Ryedale,3,54700,0.005484460694698354
E07000167,Ryedale,3,54700,0.005484460694698354
E07000167,Ryedale,2,54700,0.003656307129798903
E07000167,Ryedale,0,54700,0
E07000167,Ryedale,15,54700,0.027422303473491772
E07000167,Ryedale,10,54700,0.018281535648994516
E07000167,Ryedale,0,54700,0
E07000167,Ryedale,1,54700,0.0018281535648994515
E07000167,Ryedale,4,54700,0.007312614259597806
E07000167,Ryedale,6,54700,0.010968921389396709
E07000167,Ryedale,0,54700,0
E07000167,Ryedale,9,54700,0.016453382084095063
E07000167,Ryedale,9,54700,0.016453382084095063
E07000167,Ryedale,0,54700,0
E07000167,Ryedale,1,54700,0.0018281535648994515
E07000167,Ryedale,3,54700,0.005484460694698354
E07000167,Ryedale,0,54700,0
E07000167,Ryedale,0,54700,0
E07000167,Ryedale,23,54700,0.04204753199268738
E07000167,Ryedale,1,54700,0.0018281535648994515
E07000167,Ryedale,0,54700,0
E07000167,Ryedale,0,54700,0
E07000167,Ryedale,2,54700,0.003656307129798903
E07000167,Ryedale,0,54700,0
E07000167,Ryedale,0,54700,0
E07000167,Ryedale,747,54700,1.3656307129798904
E07000167,Ryedale,1020,54700,1.8647166361974405
E07000167,Ryedale,5,54700,0.009140767824497258
E07000167,Ryedale,52,54700,0.09506398537477148
E07000167,Ryedale,232,54700,0.42413162705667273
E07000167,Ryedale,276,54700,0.5045703839122486
E07000168,Scarborough,0,108800,0
E07000168,Scarborough,0,108800,0
E07000168,Scarborough,0,108800,0
E07000168,Scarborough,0,108800,0
E07000168,Scarborough,0,108800,0
E07000168,Scarborough,0,108800,0
E07000168,Scarborough,0,108800,0
E07000168,Scarborough,0,108800,0
E07000168,Scarborough,27128,108800,24.933823529411764
E07000168,Scarborough,40270,108800,37.012867647058826
E07000168,Scarborough,205,108800,0.18841911764705882
E07000168,Scarborough,2142,108800,1.96875
E07000168,Scarborough,9985,108800,9.177389705882353
E07000168,Scarborough,6903,108800,6.344669117647059
E07000168,Scarborough,0,108800,0
E07000168,Scarborough,67,108800,0.06158088235294118
E07000168,Scarborough,45,108800,0.04136029411764706
E07000168,Scarborough,0,108800,0
E07000168,Scarborough,5,108800,0.004595588235294118
E07000168,Scarborough,15,108800,0.013786764705882353
E07000168,Scarborough,12,108800,0.011029411764705883
E07000168,Scarborough,0,108800,0
E07000168,Scarborough,31,108800,0.02849264705882353
E07000168,Scarborough,15,108800,0.013786764705882353
E07000168,Scarborough,0,108800,0
E07000168,Scarborough,1,108800,9.191176470588235e-4
E07000168,Scarborough,4,108800,0.003676470588235294
E07000168,Scarborough,4,108800,0.003676470588235294
E07000168,Scarborough,0,108800,0
E07000168,Scarborough,35,108800,0.03216911764705882
E07000168,Scarborough,12,108800,0.011029411764705883
E07000168,Scarborough,0,108800,0
E07000168,Scarborough,2,108800,0.001838235294117647
E07000168,Scarborough,7,108800,0.006433823529411764
E07000168,Scarborough,2,108800,0.001838235294117647
E07000168,Scarborough,0,108800,0
E07000168,Scarborough,63,108800,0.057904411764705885
E07000168,Scarborough,9,108800,0.008272058823529412
E07000168,Scarborough,3,108800,0.0027573529411764708
E07000168,Scarborough,1,108800,9.191176470588235e-4
E07000168,Scarborough,9,108800,0.008272058823529412
E07000168,Scarborough,0,108800,0
E07000168,Scarborough,0,108800,0
E07000168,Scarborough,1803,108800,1.6571691176470589
E07000168,Scarborough,1933,108800,1.7766544117647058
E07000168,Scarborough,5,108800,0.004595588235294118
E07000168,Scarborough,107,108800,0.09834558823529412
E07000168,Scarborough,646,108800,0.59375
E07000168,Scarborough,644,108800,0.5919117647058824
E07000169,Selby,0,92000,0
E07000169,Selby,0,92000,0
E07000169,Selby,0,92000,0
E07000169,Selby,0,92000,0
E07000169,Selby,0,92000,0
E07000169,Selby,0,92000,0
E07000169,Selby,0,92000,0
E07000169,Selby,0,92000,0
E07000169,Selby,21640,92000,23.52173913043478
E07000169,Selby,37483,92000,40.74239130434783
E07000169,Selby,107,92000,0.11630434782608695
E07000169,Selby,1530,92000,1.6630434782608696
E07000169,Selby,6930,92000,7.532608695652174
E07000169,Selby,4293,92000,4.666304347826087
E07000169,Selby,0,92000,0
E07000169,Selby,45,92000,0.04891304347826087
E07000169,Selby,33,92000,0.035869565217391305
E07000169,Selby,0,92000,0
E07000169,Selby,5,92000,0.005434782608695652
E07000169,Selby,13,92000,0.014130434782608696
E07000169,Selby,4,92000,0.004347826086956522
E07000169,Selby,0,92000,0
E07000169,Selby,20,92000,0.021739130434782608
E07000169,Selby,13,92000,0.014130434782608696
E07000169,Selby,0,92000,0
E07000169,Selby,3,92000,0.003260869565217391
E07000169,Selby,7,92000,0.007608695652173913
E07000169,Selby,4,92000,0.004347826086956522
E07000169,Selby,0,92000,0
E07000169,Selby,13,92000,0.014130434782608696
E07000169,Selby,9,92000,0.009782608695652175
E07000169,Selby,0,92000,0
E07000169,Selby,0,92000,0
E07000169,Selby,5,92000,0.005434782608695652
E07000169,Selby,0,92000,0
E07000169,Selby,0,92000,0
E07000169,Selby,32,92000,0.034782608695652174
E07000169,Selby,9,92000,0.009782608695652175
E07000169,Selby,0,92000,0
E07000169,Selby,0,92000,0
E07000169,Selby,1,92000,0.0010869565217391304
E07000169,Selby,1,92000,0.0010869565217391304
E07000169,Selby,0,92000,0
E07000169,Selby,1095,92000,1.190217391304348
E07000169,Selby,1397,92000,1.5184782608695653
E07000169,Selby,9,92000,0.009782608695652175
E07000169,Selby,59,92000,0.0641304347826087
E07000169,Selby,319,92000,0.3467391304347826
E07000169,Selby,353,92000,0.38369565217391305
E07000170,Ashfield,0,126300,0
E07000170,Ashfield,0,126300,0
E07000170,Ashfield,0,126300,0
E07000170,Ashfield,0,126300,0
E07000170,Ashfield,0,126300,0
E07000170,Ashfield,0,126300,0
E07000170,Ashfield,0,126300,0
E07000170,Ashfield,0,126300,0
E07000170,Ashfield,34538,126300,27.346001583531276
E07000170,Ashfield,43206,126300,34.20902612826603
E07000170,Ashfield,142,126300,0.11243072050673
E07000170,Ashfield,2356,126300,1.8653998416468724
E07000170,Ashfield,10020,126300,7.933491686460807
E07000170,Ashfield,6447,126300,5.104513064133017
E07000170,Ashfield,0,126300,0
E07000170,Ashfield,82,126300,0.06492478226444973
E07000170,Ashfield,33,126300,0.026128266033254157
E07000170,Ashfield,0,126300,0
E07000170,Ashfield,0,126300,0
E07000170,Ashfield,17,126300,0.013460015835312747
E07000170,Ashfield,14,126300,0.011084718923198733
E07000170,Ashfield,0,126300,0
E07000170,Ashfield,30,126300,0.023752969121140142
E07000170,Ashfield,17,126300,0.013460015835312747
E07000170,Ashfield,0,126300,0
E07000170,Ashfield,4,126300,0.003167062549485352
E07000170,Ashfield,8,126300,0.006334125098970704
E07000170,Ashfield,3,126300,0.0023752969121140144
E07000170,Ashfield,0,126300,0
E07000170,Ashfield,42,126300,0.0332541567695962
E07000170,Ashfield,12,126300,0.009501187648456057
E07000170,Ashfield,0,126300,0
E07000170,Ashfield,4,126300,0.003167062549485352
E07000170,Ashfield,6,126300,0.004750593824228029
E07000170,Ashfield,1,126300,7.91765637371338e-4
E07000170,Ashfield,0,126300,0
E07000170,Ashfield,44,126300,0.03483768804433888
E07000170,Ashfield,11,126300,0.00870942201108472
E07000170,Ashfield,0,126300,0
E07000170,Ashfield,3,126300,0.0023752969121140144
E07000170,Ashfield,8,126300,0.006334125098970704
E07000170,Ashfield,3,126300,0.0023752969121140144
E07000170,Ashfield,0,126300,0
E07000170,Ashfield,2229,126300,1.7648456057007127
E07000170,Ashfield,2187,126300,1.7315914489311164
E07000170,Ashfield,14,126300,0.011084718923198733
E07000170,Ashfield,104,126300,0.08234362628661916
E07000170,Ashfield,595,126300,0.47110055423594616
E07000170,Ashfield,670,126300,0.5304829770387965
E07000171,Bassetlaw,0,117800,0
E07000171,Bassetlaw,0,117800,0
E07000171,Bassetlaw,0,117800,0
E07000171,Bassetlaw,0,117800,0
E07000171,Bassetlaw,0,117800,0
E07000171,Bassetlaw,0,117800,0
E07000171,Bassetlaw,0,117800,0
E07000171,Bassetlaw,0,117800,0
E07000171,Bassetlaw,29558,117800,25.091680814940577
E07000171,Bassetlaw,43852,117800,37.225806451612904
E07000171,Bassetlaw,134,117800,0.11375212224108659
E07000171,Bassetlaw,2111,117800,1.7920203735144313
E07000171,Bassetlaw,9762,117800,8.286926994906622
E07000171,Bassetlaw,6370,117800,5.407470288624788
E07000171,Bassetlaw,0,117800,0
E07000171,Bassetlaw,58,117800,0.04923599320882852
E07000171,Bassetlaw,44,117800,0.03735144312393888
E07000171,Bassetlaw,0,117800,0
E07000171,Bassetlaw,1,117800,8.488964346349745e-4
E07000171,Bassetlaw,21,117800,0.017826825127334467
E07000171,Bassetlaw,9,117800,0.007640067911714771
E07000171,Bassetlaw,0,117800,0
E07000171,Bassetlaw,26,117800,0.022071307300509338
E07000171,Bassetlaw,21,117800,0.017826825127334467
E07000171,Bassetlaw,0,117800,0
E07000171,Bassetlaw,3,117800,0.0025466893039049238
E07000171,Bassetlaw,8,117800,0.006791171477079796
E07000171,Bassetlaw,2,117800,0.001697792869269949
E07000171,Bassetlaw,0,117800,0
E07000171,Bassetlaw,22,117800,0.01867572156196944
E07000171,Bassetlaw,13,117800,0.011035653650254669
E07000171,Bassetlaw,0,117800,0
E07000171,Bassetlaw,1,117800,8.488964346349745e-4
E07000171,Bassetlaw,4,117800,0.003395585738539898
E07000171,Bassetlaw,1,117800,8.488964346349745e-4
E07000171,Bassetlaw,0,117800,0
E07000171,Bassetlaw,52,117800,0.044142614601018676
E07000171,Bassetlaw,10,117800,0.008488964346349746
E07000171,Bassetlaw,0,117800,0
E07000171,Bassetlaw,1,117800,8.488964346349745e-4
E07000171,Bassetlaw,1,117800,8.488964346349745e-4
E07000171,Bassetlaw,0,117800,0
E07000171,Bassetlaw,0,117800,0
E07000171,Bassetlaw,1769,117800,1.5016977928692699
E07000171,Bassetlaw,2148,117800,1.8234295415959254
E07000171,Bassetlaw,11,117800,0.00933786078098472
E07000171,Bassetlaw,106,117800,0.0899830220713073
E07000171,Bassetlaw,558,117800,0.47368421052631576
E07000171,Bassetlaw,690,117800,0.5857385398981324
E07000172,Broxtowe,0,110900,0
E07000172,Broxtowe,0,110900,0
E07000172,Broxtowe,0,110900,0
E07000172,Broxtowe,0,110900,0
E07000172,Broxtowe,0,110900,0
E07000172,Broxtowe,0,110900,0
E07000172,Broxtowe,0,110900,0
E07000172,Broxtowe,0,110900,0
E07000172,Broxtowe,30827,110900,27.79711451758341
E07000172,Broxtowe,41098,110900,37.05861136158701
E07000172,Broxtowe,152,110900,0.13706041478809738
E07000172,Broxtowe,1736,110900,1.5653742110009017
E07000172,Broxtowe,7849,110900,7.077547339945897
E07000172,Broxtowe,5795,110900,5.225428313796213
E07000172,Broxtowe,0,110900,0
E07000172,Broxtowe,74,110900,0.06672678088367899
E07000172,Broxtowe,41,110900,0.0369702434625789
E07000172,Broxtowe,1,110900,9.017132551848512e-4
E07000172,Broxtowe,3,110900,0.002705139765554554
E07000172,Broxtowe,20,110900,0.018034265103697024
E07000172,Broxtowe,9,110900,0.008115419296663661
E07000172,Broxtowe,0,110900,0
E07000172,Broxtowe,49,110900,0.04418394950405771
E07000172,Broxtowe,21,110900,0.018935978358881875
E07000172,Broxtowe,0,110900,0
E07000172,Broxtowe,1,110900,9.017132551848512e-4
E07000172,Broxtowe,2,110900,0.0018034265103697023
E07000172,Broxtowe,4,110900,0.0036068530207394047
E07000172,Broxtowe,0,110900,0
E07000172,Broxtowe,35,110900,0.031559963931469794
E07000172,Broxtowe,17,110900,0.015329125338142471
E07000172,Broxtowe,0,110900,0
E07000172,Broxtowe,0,110900,0
E07000172,Broxtowe,7,110900,0.0063119927862939585
E07000172,Broxtowe,3,110900,0.002705139765554554
E07000172,Broxtowe,0,110900,0
E07000172,Broxtowe,113,110900,0.1018935978358882
E07000172,Broxtowe,14,110900,0.012623985572587917
E07000172,Broxtowe,1,110900,9.017132551848512e-4
E07000172,Broxtowe,0,110900,0
E07000172,Broxtowe,6,110900,0.005410279531109108
E07000172,Broxtowe,0,110900,0
E07000172,Broxtowe,0,110900,0
E07000172,Broxtowe,1876,110900,1.691614066726781
E07000172,Broxtowe,1834,110900,1.653742110009017
E07000172,Broxtowe,11,110900,0.009918845807033363
E07000172,Broxtowe,91,110900,0.08205590622182146
E07000172,Broxtowe,386,110900,0.3480613165013526
E07000172,Broxtowe,468,110900,0.4220018034265104
E07000173,Gedling,0,117300,0
E07000173,Gedling,0,117300,0
E07000173,Gedling,0,117300,0
E07000173,Gedling,0,117300,0
E07000173,Gedling,0,117300,0
E07000173,Gedling,0,117300,0
E07000173,Gedling,0,117300,0
E07000173,Gedling,0,117300,0
E07000173,Gedling,32110,117300,27.374254049445867
E07000173,Gedling,42708,117300,36.40920716112532
E07000173,Gedling,192,117300,0.1636828644501279
E07000173,Gedling,1892,117300,1.6129582267689684
E07000173,Gedling,8755,117300,7.463768115942029
E07000173,Gedling,5995,117300,5.1108269394714405
E07000173,Gedling,0,117300,0
E07000173,Gedling,60,117300,0.05115089514066496
E07000173,Gedling,38,117300,0.03239556692242114
E07000173,Gedling,0,117300,0
E07000173,Gedling,5,117300,0.004262574595055414
E07000173,Gedling,14,117300,0.011935208866155157
E07000173,Gedling,6,117300,0.005115089514066497
E07000173,Gedling,0,117300,0
E07000173,Gedling,31,117300,0.026427962489343565
E07000173,Gedling,13,117300,0.011082693947144074
E07000173,Gedling,0,117300,0
E07000173,Gedling,1,117300,8.525149190110827e-4
E07000173,Gedling,9,117300,0.0076726342710997444
E07000173,Gedling,4,117300,0.0034100596760443308
E07000173,Gedling,0,117300,0
E07000173,Gedling,39,117300,0.03324808184143223
E07000173,Gedling,24,117300,0.020460358056265986
E07000173,Gedling,0,117300,0
E07000173,Gedling,2,117300,0.0017050298380221654
E07000173,Gedling,7,117300,0.005967604433077579
E07000173,Gedling,1,117300,8.525149190110827e-4
E07000173,Gedling,0,117300,0
E07000173,Gedling,44,117300,0.03751065643648764
E07000173,Gedling,9,117300,0.0076726342710997444
E07000173,Gedling,0,117300,0
E07000173,Gedling,2,117300,0.0017050298380221654
E07000173,Gedling,6,117300,0.005115089514066497
E07000173,Gedling,0,117300,0
E07000173,Gedling,0,117300,0
E07000173,Gedling,1646,117300,1.4032395566922422
E07000173,Gedling,1801,117300,1.53537936913896
E07000173,Gedling,13,117300,0.011082693947144074
E07000173,Gedling,110,117300,0.0937766410912191
E07000173,Gedling,429,117300,0.3657289002557545
E07000173,Gedling,496,117300,0.42284739982949704
E07000174,Mansfield,0,110500,0
E07000174,Mansfield,0,110500,0
E07000174,Mansfield,0,110500,0
E07000174,Mansfield,0,110500,0
E07000174,Mansfield,0,110500,0
E07000174,Mansfield,0,110500,0
E07000174,Mansfield,0,110500,0
E07000174,Mansfield,0,110500,0
E07000174,Mansfield,29848,110500,27.011764705882353
E07000174,Mansfield,38044,110500,34.4289592760181
E07000174,Mansfield,129,110500,0.1167420814479638
E07000174,Mansfield,2037,110500,1.8434389140271492
E07000174,Mansfield,9041,110500,8.181900452488687
E07000174,Mansfield,5753,110500,5.206334841628959
E07000174,Mansfield,0,110500,0
E07000174,Mansfield,99,110500,0.08959276018099548
E07000174,Mansfield,42,110500,0.03800904977375565
E07000174,Mansfield,2,110500,0.0018099547511312218
E07000174,Mansfield,5,110500,0.004524886877828055
E07000174,Mansfield,19,110500,0.017194570135746608
E07000174,Mansfield,13,110500,0.011764705882352941
E07000174,Mansfield,0,110500,0
E07000174,Mansfield,47,110500,0.04253393665158371
E07000174,Mansfield,28,110500,0.025339366515837104
E07000174,Mansfield,0,110500,0
E07000174,Mansfield,6,110500,0.005429864253393665
E07000174,Mansfield,10,110500,0.00904977375565611
E07000174,Mansfield,4,110500,0.0036199095022624436
E07000174,Mansfield,0,110500,0
E07000174,Mansfield,51,110500,0.046153846153846156
E07000174,Mansfield,38,110500,0.034389140271493215
E07000174,Mansfield,0,110500,0
E07000174,Mansfield,1,110500,9.049773755656109e-4
E07000174,Mansfield,9,110500,0.008144796380090498
E07000174,Mansfield,4,110500,0.0036199095022624436
E07000174,Mansfield,0,110500,0
E07000174,Mansfield,42,110500,0.03800904977375565
E07000174,Mansfield,6,110500,0.005429864253393665
E07000174,Mansfield,1,110500,9.049773755656109e-4
E07000174,Mansfield,2,110500,0.0018099547511312218
E07000174,Mansfield,4,110500,0.0036199095022624436
E07000174,Mansfield,0,110500,0
E07000174,Mansfield,0,110500,0
E07000174,Mansfield,1862,110500,1.6850678733031674
E07000174,Mansfield,1891,110500,1.71131221719457
E07000174,Mansfield,3,110500,0.0027149321266968325
E07000174,Mansfield,99,110500,0.08959276018099548
E07000174,Mansfield,573,110500,0.5185520361990951
E07000174,Mansfield,457,110500,0.41357466063348414
E07000175,Newark and Sherwood,0,122900,0
E07000175,Newark and Sherwood,0,122900,0
E07000175,Newark and Sherwood,0,122900,0
E07000175,Newark and Sherwood,0,122900,0
E07000175,Newark and Sherwood,0,122900,0
E07000175,Newark and Sherwood,0,122900,0
E07000175,Newark and Sherwood,0,122900,0
E07000175,Newark and Sherwood,0,122900,0
E07000175,Newark and Sherwood,31028,122900,25.24654190398698
E07000175,Newark and Sherwood,46282,122900,37.65825874694874
E07000175,Newark and Sherwood,193,122900,0.15703824247355574
E07000175,Newark and Sherwood,2207,122900,1.7957689178193654
E07000175,Newark and Sherwood,9952,122900,8.097640358014646
E07000175,Newark and Sherwood,6635,122900,5.398698128559805
E07000175,Newark and Sherwood,0,122900,0
E07000175,Newark and Sherwood,74,122900,0.060211554109031735
E07000175,Newark and Sherwood,42,122900,0.03417412530512612
E07000175,Newark and Sherwood,0,122900,0
E07000175,Newark and Sherwood,4,122900,0.0032546786004882017
E07000175,Newark and Sherwood,18,122900,0.014646053702196907
E07000175,Newark and Sherwood,5,122900,0.0040683482506102524
E07000175,Newark and Sherwood,0,122900,0
E07000175,Newark and Sherwood,27,122900,0.021969080553295363
E07000175,Newark and Sherwood,12,122900,0.009764035801464606
E07000175,Newark and Sherwood,1,122900,8.136696501220504e-4
E07000175,Newark and Sherwood,6,122900,0.004882017900732303
E07000175,Newark and Sherwood,10,122900,0.008136696501220505
E07000175,Newark and Sherwood,7,122900,0.005695687550854353
E07000175,Newark and Sherwood,0,122900,0
E07000175,Newark and Sherwood,38,122900,0.030919446704637917
E07000175,Newark and Sherwood,16,122900,0.013018714401952807
E07000175,Newark and Sherwood,0,122900,0
E07000175,Newark and Sherwood,2,122900,0.0016273393002441008
E07000175,Newark and Sherwood,7,122900,0.005695687550854353
E07000175,Newark and Sherwood,2,122900,0.0016273393002441008
E07000175,Newark and Sherwood,0,122900,0
E07000175,Newark and Sherwood,65,122900,0.05288852725793328
E07000175,Newark and Sherwood,9,122900,0.007323026851098454
E07000175,Newark and Sherwood,0,122900,0
E07000175,Newark and Sherwood,0,122900,0
E07000175,Newark and Sherwood,2,122900,0.0016273393002441008
E07000175,Newark and Sherwood,0,122900,0
E07000175,Newark and Sherwood,0,122900,0
E07000175,Newark and Sherwood,1974,122900,1.6061838893409275
E07000175,Newark and Sherwood,2105,122900,1.7127746135069162
E07000175,Newark and Sherwood,8,122900,0.006509357200976403
E07000175,Newark and Sherwood,93,122900,0.07567127746135069
E07000175,Newark and Sherwood,574,122900,0.467046379170057
E07000175,Newark and Sherwood,571,122900,0.4646053702196908
E07000176,Rushcliffe,0,119000,0
E07000176,Rushcliffe,0,119000,0
E07000176,Rushcliffe,0,119000,0
E07000176,Rushcliffe,0,119000,0
E07000176,Rushcliffe,0,119000,0
E07000176,Rushcliffe,0,119000,0
E07000176,Rushcliffe,0,119000,0
E07000176,Rushcliffe,0,119000,0
E07000176,Rushcliffe,29044,119000,24.40672268907563
E07000176,Rushcliffe,48270,119000,40.563025210084035
E07000176,Rushcliffe,183,119000,0.15378151260504203
E07000176,Rushcliffe,1700,119000,1.4285714285714286
E07000176,Rushcliffe,7854,119000,6.6
E07000176,Rushcliffe,5923,119000,4.977310924369748
E07000176,Rushcliffe,0,119000,0
E07000176,Rushcliffe,41,119000,0.034453781512605045
E07000176,Rushcliffe,30,119000,0.025210084033613446
E07000176,Rushcliffe,0,119000,0
E07000176,Rushcliffe,2,119000,0.0016806722689075631
E07000176,Rushcliffe,10,119000,0.008403361344537815
E07000176,Rushcliffe,7,119000,0.0058823529411764705
E07000176,Rushcliffe,0,119000,0
E07000176,Rushcliffe,32,119000,0.02689075630252101
E07000176,Rushcliffe,10,119000,0.008403361344537815
E07000176,Rushcliffe,2,119000,0.0016806722689075631
E07000176,Rushcliffe,0,119000,0
E07000176,Rushcliffe,12,119000,0.010084033613445379
E07000176,Rushcliffe,5,119000,0.004201680672268907
E07000176,Rushcliffe,0,119000,0
E07000176,Rushcliffe,35,119000,0.029411764705882353
E07000176,Rushcliffe,18,119000,0.015126050420168067
E07000176,Rushcliffe,0,119000,0
E07000176,Rushcliffe,0,119000,0
E07000176,Rushcliffe,5,119000,0.004201680672268907
E07000176,Rushcliffe,0,119000,0
E07000176,Rushcliffe,0,119000,0
E07000176,Rushcliffe,86,119000,0.07226890756302522
E07000176,Rushcliffe,10,119000,0.008403361344537815
E07000176,Rushcliffe,0,119000,0
E07000176,Rushcliffe,1,119000,8.403361344537816e-4
E07000176,Rushcliffe,6,119000,0.005042016806722689
E07000176,Rushcliffe,0,119000,0
E07000176,Rushcliffe,0,119000,0
E07000176,Rushcliffe,1781,119000,1.4966386554621849
E07000176,Rushcliffe,1772,119000,1.4890756302521009
E07000176,Rushcliffe,10,119000,0.008403361344537815
E07000176,Rushcliffe,70,119000,0.058823529411764705
E07000176,Rushcliffe,381,119000,0.32016806722689073
E07000176,Rushcliffe,424,119000,0.35630252100840337
E07000177,Cherwell,0,161000,0
E07000177,Cherwell,0,161000,0
E07000177,Cherwell,0,161000,0
E07000177,Cherwell,0,161000,0
E07000177,Cherwell,0,161000,0
E07000177,Cherwell,0,161000,0
E07000177,Cherwell,0,161000,0
E07000177,Cherwell,0,161000,0
E07000177,Cherwell,41846,161000,25.991304347826087
E07000177,Cherwell,60110,161000,37.33540372670807
E07000177,Cherwell,239,161000,0.1484472049689441
E07000177,Cherwell,2583,161000,1.6043478260869566
E07000177,Cherwell,11472,161000,7.125465838509316
E07000177,Cherwell,6629,161000,4.1173913043478265
E07000177,Cherwell,0,161000,0
E07000177,Cherwell,134,161000,0.08322981366459627
E07000177,Cherwell,99,161000,0.061490683229813665
E07000177,Cherwell,0,161000,0
E07000177,Cherwell,13,161000,0.008074534161490683
E07000177,Cherwell,25,161000,0.015527950310559006
E07000177,Cherwell,8,161000,0.004968944099378882
E07000177,Cherwell,0,161000,0
E07000177,Cherwell,49,161000,0.030434782608695653
E07000177,Cherwell,39,161000,0.02422360248447205
E07000177,Cherwell,0,161000,0
E07000177,Cherwell,4,161000,0.002484472049689441
E07000177,Cherwell,24,161000,0.014906832298136646
E07000177,Cherwell,8,161000,0.004968944099378882
E07000177,Cherwell,0,161000,0
E07000177,Cherwell,67,161000,0.04161490683229813
E07000177,Cherwell,49,161000,0.030434782608695653
E07000177,Cherwell,0,161000,0
E07000177,Cherwell,3,161000,0.0018633540372670807
E07000177,Cherwell,6,161000,0.0037267080745341614
E07000177,Cherwell,0,161000,0
E07000177,Cherwell,0,161000,0
E07000177,Cherwell,104,161000,0.06459627329192547
E07000177,Cherwell,20,161000,0.012422360248447204
E07000177,Cherwell,2,161000,0.0012422360248447205
E07000177,Cherwell,3,161000,0.0018633540372670807
E07000177,Cherwell,8,161000,0.004968944099378882
E07000177,Cherwell,0,161000,0
E07000177,Cherwell,0,161000,0
E07000177,Cherwell,2803,161000,1.7409937888198759
E07000177,Cherwell,2945,161000,1.829192546583851
E07000177,Cherwell,8,161000,0.004968944099378882
E07000177,Cherwell,133,161000,0.08260869565217391
E07000177,Cherwell,640,161000,0.39751552795031053
E07000177,Cherwell,522,161000,0.3242236024844721
E07000178,Oxford,0,162100,0
E07000178,Oxford,0,162100,0
E07000178,Oxford,0,162100,0
E07000178,Oxford,0,162100,0
E07000178,Oxford,0,162100,0
E07000178,Oxford,0,162100,0
E07000178,Oxford,0,162100,0
E07000178,Oxford,0,162100,0
E07000178,Oxford,65204,162100,40.224552745219
E07000178,Oxford,41655,162100,25.69710055521283
E07000178,Oxford,325,162100,0.20049352251696484
E07000178,Oxford,1811,162100,1.1172115977791486
E07000178,Oxford,7837,162100,4.8346699568167795
E07000178,Oxford,4634,162100,2.8587291795188157
E07000178,Oxford,0,162100,0
E07000178,Oxford,434,162100,0.2677359654534238
E07000178,Oxford,247,162100,0.15237507711289328
E07000178,Oxford,4,162100,0.0024676125848241827
E07000178,Oxford,18,162100,0.011104256631708822
E07000178,Oxford,29,162100,0.017890191239975324
E07000178,Oxford,26,162100,0.016039481801357187
E07000178,Oxford,0,162100,0
E07000178,Oxford,130,162100,0.08019740900678593
E07000178,Oxford,47,162100,0.028994447871684145
E07000178,Oxford,1,162100,6.169031462060457e-4
E07000178,Oxford,4,162100,0.0024676125848241827
E07000178,Oxford,21,162100,0.012954966070326958
E07000178,Oxford,9,162100,0.005552128315854411
E07000178,Oxford,0,162100,0
E07000178,Oxford,160,162100,0.09870450339296731
E07000178,Oxford,75,162100,0.04626773596545342
E07000178,Oxford,1,162100,6.169031462060457e-4
E07000178,Oxford,7,162100,0.00431832202344232
E07000178,Oxford,10,162100,0.006169031462060457
E07000178,Oxford,2,162100,0.0012338062924120913
E07000178,Oxford,0,162100,0
E07000178,Oxford,444,162100,0.27390499691548426
E07000178,Oxford,29,162100,0.017890191239975324
E07000178,Oxford,0,162100,0
E07000178,Oxford,0,162100,0
E07000178,Oxford,9,162100,0.005552128315854411
E07000178,Oxford,4,162100,0.0024676125848241827
E07000178,Oxford,0,162100,0
E07000178,Oxford,9441,162100,5.824182603331277
E07000178,Oxford,2980,162100,1.838371375694016
E07000178,Oxford,14,162100,0.00863664404688464
E07000178,Oxford,187,162100,0.11536088834053054
E07000178,Oxford,534,162100,0.32942628007402835
E07000178,Oxford,384,162100,0.23689080814312152
E07000179,South Oxfordshire,0,149100,0
E07000179,South Oxfordshire,0,149100,0
E07000179,South Oxfordshire,0,149100,0
E07000179,South Oxfordshire,0,149100,0
E07000179,South Oxfordshire,0,149100,0
E07000179,South Oxfordshire,0,149100,0
E07000179,South Oxfordshire,0,149100,0
E07000179,South Oxfordshire,0,149100,0
E07000179,South Oxfordshire,35464,149100,23.78537894030852
E07000179,South Oxfordshire,60491,149100,40.57075788061704
E07000179,South Oxfordshire,239,149100,0.1602951039570758
E07000179,South Oxfordshire,2132,149100,1.4299128101945002
E07000179,South Oxfordshire,10026,149100,6.724346076458753
E07000179,South Oxfordshire,6799,149100,4.560026827632462
E07000179,South Oxfordshire,0,149100,0
E07000179,South Oxfordshire,75,149100,0.05030181086519115
E07000179,South Oxfordshire,50,149100,0.0335345405767941
E07000179,South Oxfordshire,0,149100,0
E07000179,South Oxfordshire,4,149100,0.0026827632461435278
E07000179,South Oxfordshire,21,149100,0.014084507042253521
E07000179,South Oxfordshire,6,149100,0.004024144869215292
E07000179,South Oxfordshire,0,149100,0
E07000179,South Oxfordshire,39,149100,0.026156941649899398
E07000179,South Oxfordshire,23,149100,0.015425888665325285
E07000179,South Oxfordshire,0,149100,0
E07000179,South Oxfordshire,3,149100,0.002012072434607646
E07000179,South Oxfordshire,10,149100,0.00670690811535882
E07000179,South Oxfordshire,4,149100,0.0026827632461435278
E07000179,South Oxfordshire,0,149100,0
E07000179,South Oxfordshire,51,149100,0.03420523138832998
E07000179,South Oxfordshire,24,149100,0.01609657947686117
E07000179,South Oxfordshire,0,149100,0
E07000179,South Oxfordshire,3,149100,0.002012072434607646
E07000179,South Oxfordshire,1,149100,6.706908115358819e-4
E07000179,South Oxfordshire,3,149100,0.002012072434607646
E07000179,South Oxfordshire,0,149100,0
E07000179,South Oxfordshire,84,149100,0.056338028169014086
E07000179,South Oxfordshire,22,149100,0.014755197853789403
E07000179,South Oxfordshire,0,149100,0
E07000179,South Oxfordshire,2,149100,0.0013413816230717639
E07000179,South Oxfordshire,8,149100,0.0053655264922870555
E07000179,South Oxfordshire,1,149100,6.706908115358819e-4
E07000179,South Oxfordshire,0,149100,0
E07000179,South Oxfordshire,2318,149100,1.5546613011401744
E07000179,South Oxfordshire,2487,149100,1.6680080482897384
E07000179,South Oxfordshire,24,149100,0.01609657947686117
E07000179,South Oxfordshire,96,149100,0.06438631790744467
E07000179,South Oxfordshire,493,149100,0.3306505700871898
E07000179,South Oxfordshire,488,149100,0.3272971160295104
E07000180,Vale of White Horse,0,138900,0
E07000180,Vale of White Horse,0,138900,0
E07000180,Vale of White Horse,0,138900,0
E07000180,Vale of White Horse,0,138900,0
E07000180,Vale of White Horse,0,138900,0
E07000180,Vale of White Horse,0,138900,0
E07000180,Vale of White Horse,0,138900,0
E07000180,Vale of White Horse,0,138900,0
E07000180,Vale of White Horse,33607,138900,24.19510439164867
E07000180,Vale of White Horse,55676,138900,40.083513318934486
E07000180,Vale of White Horse,182,138900,0.13102951763858892
E07000180,Vale of White Horse,2034,138900,1.4643628509719222
E07000180,Vale of White Horse,8789,138900,6.327573794096472
E07000180,Vale of White Horse,6166,138900,4.439164866810655
E07000180,Vale of White Horse,0,138900,0
E07000180,Vale of White Horse,61,138900,0.043916486681065514
E07000180,Vale of White Horse,49,138900,0.035277177825773935
E07000180,Vale of White Horse,0,138900,0
E07000180,Vale of White Horse,4,138900,0.0028797696184305254
E07000180,Vale of White Horse,8,138900,0.005759539236861051
E07000180,Vale of White Horse,5,138900,0.003599712023038157
E07000180,Vale of White Horse,0,138900,0
E07000180,Vale of White Horse,30,138900,0.02159827213822894
E07000180,Vale of White Horse,19,138900,0.013678905687544997
E07000180,Vale of White Horse,0,138900,0
E07000180,Vale of White Horse,4,138900,0.0028797696184305254
E07000180,Vale of White Horse,9,138900,0.0064794816414686825
E07000180,Vale of White Horse,3,138900,0.0021598272138228943
E07000180,Vale of White Horse,0,138900,0
E07000180,Vale of White Horse,53,138900,0.03815694744420446
E07000180,Vale of White Horse,24,138900,0.017278617710583154
E07000180,Vale of White Horse,0,138900,0
E07000180,Vale of White Horse,2,138900,0.0014398848092152627
E07000180,Vale of White Horse,2,138900,0.0014398848092152627
E07000180,Vale of White Horse,3,138900,0.0021598272138228943
E07000180,Vale of White Horse,0,138900,0
E07000180,Vale of White Horse,91,138900,0.06551475881929446
E07000180,Vale of White Horse,16,138900,0.011519078473722102
E07000180,Vale of White Horse,0,138900,0
E07000180,Vale of White Horse,3,138900,0.0021598272138228943
E07000180,Vale of White Horse,3,138900,0.0021598272138228943
E07000180,Vale of White Horse,0,138900,0
E07000180,Vale of White Horse,0,138900,0
E07000180,Vale of White Horse,2159,138900,1.5543556515478762
E07000180,Vale of White Horse,2378,138900,1.7120230381569475
E07000180,Vale of White Horse,9,138900,0.0064794816414686825
E07000180,Vale of White Horse,92,138900,0.06623470122390208
E07000180,Vale of White Horse,481,138900,0.3462922966162707
E07000180,Vale of White Horse,465,138900,0.3347732181425486
E07000181,West Oxfordshire,0,114200,0
E07000181,West Oxfordshire,0,114200,0
E07000181,West Oxfordshire,0,114200,0
E07000181,West Oxfordshire,0,114200,0
E07000181,West Oxfordshire,0,114200,0
E07000181,West Oxfordshire,0,114200,0
E07000181,West Oxfordshire,0,114200,0
E07000181,West Oxfordshire,0,114200,0
E07000181,West Oxfordshire,27601,114200,24.169001751313484
E07000181,West Oxfordshire,45786,114200,40.09281961471103
E07000181,West Oxfordshire,209,114200,0.1830122591943958
E07000181,West Oxfordshire,1858,114200,1.6269702276707532
E07000181,West Oxfordshire,8406,114200,7.36077057793345
E07000181,West Oxfordshire,5579,114200,4.885288966725044
E07000181,West Oxfordshire,0,114200,0
E07000181,West Oxfordshire,44,114200,0.03852889667250438
E07000181,West Oxfordshire,28,114200,0.024518388791593695
E07000181,West Oxfordshire,0,114200,0
E07000181,West Oxfordshire,2,114200,0.0017513134851138354
E07000181,West Oxfordshire,22,114200,0.01926444833625219
E07000181,West Oxfordshire,5,114200,0.0043782837127845885
E07000181,West Oxfordshire,0,114200,0
E07000181,West Oxfordshire,38,114200,0.03327495621716287
E07000181,West Oxfordshire,14,114200,0.012259194395796848
E07000181,West Oxfordshire,0,114200,0
E07000181,West Oxfordshire,6,114200,0.005253940455341506
E07000181,West Oxfordshire,9,114200,0.00788091068301226
E07000181,West Oxfordshire,3,114200,0.002626970227670753
E07000181,West Oxfordshire,0,114200,0
E07000181,West Oxfordshire,34,114200,0.0297723292469352
E07000181,West Oxfordshire,16,114200,0.014010507880910683
E07000181,West Oxfordshire,0,114200,0
E07000181,West Oxfordshire,2,114200,0.0017513134851138354
E07000181,West Oxfordshire,1,114200,8.756567425569177e-4
E07000181,West Oxfordshire,1,114200,8.756567425569177e-4
E07000181,West Oxfordshire,0,114200,0
E07000181,West Oxfordshire,43,114200,0.03765323992994746
E07000181,West Oxfordshire,8,114200,0.0070052539404553416
E07000181,West Oxfordshire,0,114200,0
E07000181,West Oxfordshire,0,114200,0
E07000181,West Oxfordshire,6,114200,0.005253940455341506
E07000181,West Oxfordshire,1,114200,8.756567425569177e-4
E07000181,West Oxfordshire,0,114200,0
E07000181,West Oxfordshire,1474,114200,1.2907180385288968
E07000181,West Oxfordshire,1758,114200,1.5394045534150613
E07000181,West Oxfordshire,6,114200,0.005253940455341506
E07000181,West Oxfordshire,76,114200,0.06654991243432574
E07000181,West Oxfordshire,391,114200,0.3423817863397548
E07000181,West Oxfordshire,384,114200,0.3362521891418564
E07000187,Mendip,0,116100,0
E07000187,Mendip,0,116100,0
E07000187,Mendip,0,116100,0
E07000187,Mendip,0,116100,0
E07000187,Mendip,0,116100,0
E07000187,Mendip,0,116100,0
E07000187,Mendip,0,116100,0
E07000187,Mendip,0,116100,0
E07000187,Mendip,28350,116100,24.41860465116279
E07000187,Mendip,44023,116100,37.91817398794143
E07000187,Mendip,228,116100,0.19638242894056848
E07000187,Mendip,2034,116100,1.751937984496124
E07000187,Mendip,9699,116100,8.354005167958656
E07000187,Mendip,5864,116100,5.050818260120586
E07000187,Mendip,0,116100,0
E07000187,Mendip,48,116100,0.041343669250646
E07000187,Mendip,41,116100,0.03531438415159346
E07000187,Mendip,0,116100,0
E07000187,Mendip,3,116100,0.002583979328165375
E07000187,Mendip,13,116100,0.01119724375538329
E07000187,Mendip,10,116100,0.008613264427217916
E07000187,Mendip,0,116100,0
E07000187,Mendip,27,116100,0.023255813953488372
E07000187,Mendip,20,116100,0.017226528854435832
E07000187,Mendip,0,116100,0
E07000187,Mendip,2,116100,0.0017226528854435831
E07000187,Mendip,8,116100,0.0068906115417743325
E07000187,Mendip,11,116100,0.009474590869939707
E07000187,Mendip,0,116100,0
E07000187,Mendip,38,116100,0.03273040482342808
E07000187,Mendip,16,116100,0.013781223083548665
E07000187,Mendip,0,116100,0
E07000187,Mendip,2,116100,0.0017226528854435831
E07000187,Mendip,5,116100,0.004306632213608958
E07000187,Mendip,0,116100,0
E07000187,Mendip,0,116100,0
E07000187,Mendip,47,116100,0.040482342807924204
E07000187,Mendip,14,116100,0.012058570198105082
E07000187,Mendip,0,116100,0
E07000187,Mendip,3,116100,0.002583979328165375
E07000187,Mendip,7,116100,0.006029285099052541
E07000187,Mendip,0,116100,0
E07000187,Mendip,0,116100,0
E07000187,Mendip,2200,116100,1.8949181739879415
E07000187,Mendip,2064,116100,1.7777777777777777
E07000187,Mendip,9,116100,0.007751937984496124
E07000187,Mendip,114,116100,0.09819121447028424
E07000187,Mendip,600,116100,0.5167958656330749
E07000187,Mendip,547,116100,0.47114556416882
E07000188,Sedgemoor,0,125400,0
E07000188,Sedgemoor,0,125400,0
E07000188,Sedgemoor,0,125400,0
E07000188,Sedgemoor,0,125400,0
E07000188,Sedgemoor,0,125400,0
E07000188,Sedgemoor,0,125400,0
E07000188,Sedgemoor,0,125400,0
E07000188,Sedgemoor,0,125400,0
E07000188,Sedgemoor,30407,125400,24.248006379585327
E07000188,Sedgemoor,47594,125400,37.953748006379584
E07000188,Sedgemoor,227,125400,0.1810207336523126
E07000188,Sedgemoor,2390,125400,1.9059011164274322
E07000188,Sedgemoor,10273,125400,8.192185007974482
E07000188,Sedgemoor,6674,125400,5.3221690590111645
E07000188,Sedgemoor,0,125400,0
E07000188,Sedgemoor,132,125400,0.10526315789473684
E07000188,Sedgemoor,81,125400,0.0645933014354067
E07000188,Sedgemoor,0,125400,0
E07000188,Sedgemoor,8,125400,0.006379585326953748
E07000188,Sedgemoor,13,125400,0.01036682615629984
E07000188,Sedgemoor,4,125400,0.003189792663476874
E07000188,Sedgemoor,0,125400,0
E07000188,Sedgemoor,47,125400,0.037480063795853266
E07000188,Sedgemoor,23,125400,0.018341307814992026
E07000188,Sedgemoor,0,125400,0
E07000188,Sedgemoor,1,125400,7.974481658692185e-4
E07000188,Sedgemoor,3,125400,0.0023923444976076554
E07000188,Sedgemoor,5,125400,0.003987240829346092
E07000188,Sedgemoor,0,125400,0
E07000188,Sedgemoor,55,125400,0.043859649122807015
E07000188,Sedgemoor,28,125400,0.022328548644338118
E07000188,Sedgemoor,0,125400,0
E07000188,Sedgemoor,2,125400,0.001594896331738437
E07000188,Sedgemoor,4,125400,0.003189792663476874
E07000188,Sedgemoor,2,125400,0.001594896331738437
E07000188,Sedgemoor,0,125400,0
E07000188,Sedgemoor,61,125400,0.04864433811802233
E07000188,Sedgemoor,6,125400,0.004784688995215311
E07000188,Sedgemoor,1,125400,7.974481658692185e-4
E07000188,Sedgemoor,3,125400,0.0023923444976076554
E07000188,Sedgemoor,3,125400,0.0023923444976076554
E07000188,Sedgemoor,0,125400,0
E07000188,Sedgemoor,0,125400,0
E07000188,Sedgemoor,1905,125400,1.5191387559808613
E07000188,Sedgemoor,2386,125400,1.9027113237639552
E07000188,Sedgemoor,14,125400,0.011164274322169059
E07000188,Sedgemoor,119,125400,0.094896331738437
E07000188,Sedgemoor,571,125400,0.45534290271132377
E07000188,Sedgemoor,740,125400,0.5901116427432217
E07000189,South Somerset,0,172700,0
E07000189,South Somerset,0,172700,0
E07000189,South Somerset,0,172700,0
E07000189,South Somerset,0,172700,0
E07000189,South Somerset,0,172700,0
E07000189,South Somerset,0,172700,0
E07000189,South Somerset,0,172700,0
E07000189,South Somerset,0,172700,0
E07000189,South Somerset,40221,172700,23.28951939779965
E07000189,South Somerset,67798,172700,39.25767226404169
E07000189,South Somerset,236,172700,0.13665315576143602
E07000189,South Somerset,2976,172700,1.723219455703532
E07000189,South Somerset,14467,172700,8.376954255935148
E07000189,South Somerset,9392,172700,5.438332368268674
E07000189,South Somerset,0,172700,0
E07000189,South Somerset,75,172700,0.04342790966994789
E07000189,South Somerset,60,172700,0.03474232773595831
E07000189,South Somerset,0,172700,0
E07000189,South Somerset,3,172700,0.0017371163867979154
E07000189,South Somerset,17,172700,0.009843659525188187
E07000189,South Somerset,14,172700,0.008106543138390272
E07000189,South Somerset,0,172700,0
E07000189,South Somerset,44,172700,0.025477707006369428
E07000189,South Somerset,18,172700,0.010422698320787493
E07000189,South Somerset,0,172700,0
E07000189,South Somerset,0,172700,0
E07000189,South Somerset,12,172700,0.006948465547191662
E07000189,South Somerset,2,172700,0.0011580775911986102
E07000189,South Somerset,0,172700,0
E07000189,South Somerset,48,172700,0.027793862188766647
E07000189,South Somerset,25,172700,0.01447596988998263
E07000189,South Somerset,0,172700,0
E07000189,South Somerset,1,172700,5.790387955993051e-4
E07000189,South Somerset,4,172700,0.0023161551823972205
E07000189,South Somerset,0,172700,0
E07000189,South Somerset,0,172700,0
E07000189,South Somerset,88,172700,0.050955414012738856
E07000189,South Somerset,12,172700,0.006948465547191662
E07000189,South Somerset,1,172700,5.790387955993051e-4
E07000189,South Somerset,1,172700,5.790387955993051e-4
E07000189,South Somerset,4,172700,0.0023161551823972205
E07000189,South Somerset,3,172700,0.0017371163867979154
E07000189,South Somerset,0,172700,0
E07000189,South Somerset,2743,172700,1.588303416328894
E07000189,South Somerset,3449,172700,1.9971048060220036
E07000189,South Somerset,21,172700,0.012159814707585408
E07000189,South Somerset,175,172700,0.1013317892298784
E07000189,South Somerset,955,172700,0.5529820497973365
E07000189,South Somerset,951,172700,0.5506658946149392
E07000192,Cannock Chase,0,100500,0
E07000192,Cannock Chase,0,100500,0
E07000192,Cannock Chase,0,100500,0
E07000192,Cannock Chase,0,100500,0
E07000192,Cannock Chase,0,100500,0
E07000192,Cannock Chase,0,100500,0
E07000192,Cannock Chase,0,100500,0
E07000192,Cannock Chase,0,100500,0
E07000192,Cannock Chase,27619,100500,27.481592039800994
E07000192,Cannock Chase,36054,100500,35.874626865671644
E07000192,Cannock Chase,121,100500,0.12039800995024875
E07000192,Cannock Chase,1817,100500,1.8079601990049752
E07000192,Cannock Chase,7936,100500,7.8965174129353235
E07000192,Cannock Chase,5094,100500,5.068656716417911
E07000192,Cannock Chase,0,100500,0
E07000192,Cannock Chase,47,100500,0.046766169154228855
E07000192,Cannock Chase,38,100500,0.03781094527363184
E07000192,Cannock Chase,0,100500,0
E07000192,Cannock Chase,7,100500,0.006965174129353234
E07000192,Cannock Chase,6,100500,0.005970149253731343
E07000192,Cannock Chase,8,100500,0.007960199004975124
E07000192,Cannock Chase,0,100500,0
E07000192,Cannock Chase,29,100500,0.028855721393034824
E07000192,Cannock Chase,15,100500,0.014925373134328358
E07000192,Cannock Chase,0,100500,0
E07000192,Cannock Chase,2,100500,0.001990049751243781
E07000192,Cannock Chase,7,100500,0.006965174129353234
E07000192,Cannock Chase,4,100500,0.003980099502487562
E07000192,Cannock Chase,0,100500,0
E07000192,Cannock Chase,30,100500,0.029850746268656716
E07000192,Cannock Chase,15,100500,0.014925373134328358
E07000192,Cannock Chase,0,100500,0
E07000192,Cannock Chase,4,100500,0.003980099502487562
E07000192,Cannock Chase,2,100500,0.001990049751243781
E07000192,Cannock Chase,2,100500,0.001990049751243781
E07000192,Cannock Chase,0,100500,0
E07000192,Cannock Chase,38,100500,0.03781094527363184
E07000192,Cannock Chase,4,100500,0.003980099502487562
E07000192,Cannock Chase,2,100500,0.001990049751243781
E07000192,Cannock Chase,2,100500,0.001990049751243781
E07000192,Cannock Chase,5,100500,0.004975124378109453
E07000192,Cannock Chase,0,100500,0
E07000192,Cannock Chase,0,100500,0
E07000192,Cannock Chase,1339,100500,1.3323383084577114
E07000192,Cannock Chase,1338,100500,1.3313432835820895
E07000192,Cannock Chase,3,100500,0.0029850746268656717
E07000192,Cannock Chase,76,100500,0.07562189054726368
E07000192,Cannock Chase,375,100500,0.373134328358209
E07000192,Cannock Chase,435,100500,0.43283582089552236
E07000193,East Staffordshire,0,124000,0
E07000193,East Staffordshire,0,124000,0
E07000193,East Staffordshire,0,124000,0
E07000193,East Staffordshire,0,124000,0
E07000193,East Staffordshire,0,124000,0
E07000193,East Staffordshire,0,124000,0
E07000193,East Staffordshire,0,124000,0
E07000193,East Staffordshire,0,124000,0
E07000193,East Staffordshire,32002,124000,25.808064516129033
E07000193,East Staffordshire,44752,124000,36.090322580645164
E07000193,East Staffordshire,172,124000,0.13870967741935483
E07000193,East Staffordshire,2154,124000,1.7370967741935484
E07000193,East Staffordshire,8827,124000,7.118548387096774
E07000193,East Staffordshire,6013,124000,4.849193548387097
E07000193,East Staffordshire,0,124000,0
E07000193,East Staffordshire,114,124000,0.09193548387096774
E07000193,East Staffordshire,85,124000,0.06854838709677419
E07000193,East Staffordshire,2,124000,0.0016129032258064516
E07000193,East Staffordshire,9,124000,0.007258064516129033
E07000193,East Staffordshire,25,124000,0.020161290322580645
E07000193,East Staffordshire,5,124000,0.004032258064516129
E07000193,East Staffordshire,0,124000,0
E07000193,East Staffordshire,45,124000,0.036290322580645164
E07000193,East Staffordshire,34,124000,0.027419354838709678
E07000193,East Staffordshire,0,124000,0
E07000193,East Staffordshire,4,124000,0.0032258064516129032
E07000193,East Staffordshire,6,124000,0.004838709677419355
E07000193,East Staffordshire,2,124000,0.0016129032258064516
E07000193,East Staffordshire,0,124000,0
E07000193,East Staffordshire,50,124000,0.04032258064516129
E07000193,East Staffordshire,36,124000,0.02903225806451613
E07000193,East Staffordshire,0,124000,0
E07000193,East Staffordshire,0,124000,0
E07000193,East Staffordshire,7,124000,0.00564516129032258
E07000193,East Staffordshire,1,124000,8.064516129032258e-4
E07000193,East Staffordshire,0,124000,0
E07000193,East Staffordshire,42,124000,0.03387096774193549
E07000193,East Staffordshire,4,124000,0.0032258064516129032
E07000193,East Staffordshire,0,124000,0
E07000193,East Staffordshire,6,124000,0.004838709677419355
E07000193,East Staffordshire,0,124000,0
E07000193,East Staffordshire,0,124000,0
E07000193,East Staffordshire,0,124000,0
E07000193,East Staffordshire,2366,124000,1.9080645161290322
E07000193,East Staffordshire,2505,124000,2.0201612903225805
E07000193,East Staffordshire,11,124000,0.008870967741935484
E07000193,East Staffordshire,126,124000,0.10161290322580645
E07000193,East Staffordshire,585,124000,0.4717741935483871
E07000193,East Staffordshire,515,124000,0.4153225806451613
E07000194,Lichfield,0,106400,0
E07000194,Lichfield,0,106400,0
E07000194,Lichfield,0,106400,0
E07000194,Lichfield,0,106400,0
E07000194,Lichfield,0,106400,0
E07000194,Lichfield,0,106400,0
E07000194,Lichfield,0,106400,0
E07000194,Lichfield,0,106400,0
E07000194,Lichfield,25730,106400,24.18233082706767
E07000194,Lichfield,43576,106400,40.954887218045116
E07000194,Lichfield,99,106400,0.09304511278195489
E07000194,Lichfield,1631,106400,1.5328947368421053
E07000194,Lichfield,7627,106400,7.168233082706767
E07000194,Lichfield,5979,106400,5.6193609022556394
E07000194,Lichfield,0,106400,0
E07000194,Lichfield,55,106400,0.05169172932330827
E07000194,Lichfield,31,106400,0.02913533834586466
E07000194,Lichfield,0,106400,0
E07000194,Lichfield,1,106400,9.398496240601503e-4
E07000194,Lichfield,12,106400,0.011278195488721804
E07000194,Lichfield,6,106400,0.005639097744360902
E07000194,Lichfield,0,106400,0
E07000194,Lichfield,21,106400,0.019736842105263157
E07000194,Lichfield,11,106400,0.010338345864661654
E07000194,Lichfield,0,106400,0
E07000194,Lichfield,1,106400,9.398496240601503e-4
E07000194,Lichfield,7,106400,0.006578947368421052
E07000194,Lichfield,3,106400,0.002819548872180451
E07000194,Lichfield,0,106400,0
E07000194,Lichfield,24,106400,0.022556390977443608
E07000194,Lichfield,14,106400,0.013157894736842105
E07000194,Lichfield,0,106400,0
E07000194,Lichfield,1,106400,9.398496240601503e-4
E07000194,Lichfield,5,106400,0.004699248120300752
E07000194,Lichfield,2,106400,0.0018796992481203006
E07000194,Lichfield,0,106400,0
E07000194,Lichfield,29,106400,0.02725563909774436
E07000194,Lichfield,1,106400,9.398496240601503e-4
E07000194,Lichfield,0,106400,0
E07000194,Lichfield,1,106400,9.398496240601503e-4
E07000194,Lichfield,1,106400,9.398496240601503e-4
E07000194,Lichfield,1,106400,9.398496240601503e-4
E07000194,Lichfield,0,106400,0
E07000194,Lichfield,1255,106400,1.1795112781954886
E07000194,Lichfield,1641,106400,1.5422932330827068
E07000194,Lichfield,4,106400,0.0037593984962406013
E07000194,Lichfield,57,106400,0.05357142857142857
E07000194,Lichfield,345,106400,0.3242481203007519
E07000194,Lichfield,431,106400,0.4050751879699248
E07000195,Newcastle-under-Lyme,0,123300,0
E07000195,Newcastle-under-Lyme,0,123300,0
E07000195,Newcastle-under-Lyme,0,123300,0
E07000195,Newcastle-under-Lyme,0,123300,0
E07000195,Newcastle-under-Lyme,0,123300,0
E07000195,Newcastle-under-Lyme,0,123300,0
E07000195,Newcastle-under-Lyme,0,123300,0
E07000195,Newcastle-under-Lyme,0,123300,0
E07000195,Newcastle-under-Lyme,34971,123300,28.362530413625304
E07000195,Newcastle-under-Lyme,43982,123300,35.67072181670722
E07000195,Newcastle-under-Lyme,130,123300,0.10543390105433902
E07000195,Newcastle-under-Lyme,2094,123300,1.6982968369829683
E07000195,Newcastle-under-Lyme,9149,123300,7.4201135442011354
E07000195,Newcastle-under-Lyme,6683,123300,5.4201135442011354
E07000195,Newcastle-under-Lyme,0,123300,0
E07000195,Newcastle-under-Lyme,73,123300,0.059205190592051905
E07000195,Newcastle-under-Lyme,47,123300,0.038118410381184104
E07000195,Newcastle-under-Lyme,0,123300,0
E07000195,Newcastle-under-Lyme,1,123300,8.110300081103001e-4
E07000195,Newcastle-under-Lyme,23,123300,0.0186536901865369
E07000195,Newcastle-under-Lyme,10,123300,0.008110300081103
E07000195,Newcastle-under-Lyme,0,123300,0
E07000195,Newcastle-under-Lyme,40,123300,0.032441200324412
E07000195,Newcastle-under-Lyme,27,123300,0.021897810218978103
E07000195,Newcastle-under-Lyme,0,123300,0
E07000195,Newcastle-under-Lyme,4,123300,0.0032441200324412004
E07000195,Newcastle-under-Lyme,6,123300,0.004866180048661801
E07000195,Newcastle-under-Lyme,4,123300,0.0032441200324412004
E07000195,Newcastle-under-Lyme,0,123300,0
E07000195,Newcastle-under-Lyme,67,123300,0.054339010543390104
E07000195,Newcastle-under-Lyme,29,123300,0.023519870235198703
E07000195,Newcastle-under-Lyme,0,123300,0
E07000195,Newcastle-under-Lyme,1,123300,8.110300081103001e-4
E07000195,Newcastle-under-Lyme,5,123300,0.0040551500405515
E07000195,Newcastle-under-Lyme,1,123300,8.110300081103001e-4
E07000195,Newcastle-under-Lyme,0,123300,0
E07000195,Newcastle-under-Lyme,128,123300,0.10381184103811841
E07000195,Newcastle-under-Lyme,8,123300,0.006488240064882401
E07000195,Newcastle-under-Lyme,0,123300,0
E07000195,Newcastle-under-Lyme,2,123300,0.0016220600162206002
E07000195,Newcastle-under-Lyme,2,123300,0.0016220600162206002
E07000195,Newcastle-under-Lyme,0,123300,0
E07000195,Newcastle-under-Lyme,0,123300,0
E07000195,Newcastle-under-Lyme,2402,123300,1.9480940794809407
E07000195,Newcastle-under-Lyme,2019,123300,1.637469586374696
E07000195,Newcastle-under-Lyme,6,123300,0.004866180048661801
E07000195,Newcastle-under-Lyme,99,123300,0.08029197080291971
E07000195,Newcastle-under-Lyme,503,123300,0.40794809407948096
E07000195,Newcastle-under-Lyme,663,123300,0.537712895377129
E07000196,South Staffordshire,0,110500,0
E07000196,South Staffordshire,0,110500,0
E07000196,South Staffordshire,0,110500,0
E07000196,South Staffordshire,0,110500,0
E07000196,South Staffordshire,0,110500,0
E07000196,South Staffordshire,0,110500,0
E07000196,South Staffordshire,0,110500,0
E07000196,South Staffordshire,0,110500,0
E07000196,South Staffordshire,26746,110500,24.204524886877827
E07000196,South Staffordshire,46094,110500,41.71402714932127
E07000196,South Staffordshire,119,110500,0.1076923076923077
E07000196,South Staffordshire,1677,110500,1.5176470588235293
E07000196,South Staffordshire,7793,110500,7.052488687782805
E07000196,South Staffordshire,6629,110500,5.999095022624434
E07000196,South Staffordshire,0,110500,0
E07000196,South Staffordshire,42,110500,0.03800904977375565
E07000196,South Staffordshire,29,110500,0.026244343891402715
E07000196,South Staffordshire,0,110500,0
E07000196,South Staffordshire,3,110500,0.0027149321266968325
E07000196,South Staffordshire,16,110500,0.014479638009049774
E07000196,South Staffordshire,9,110500,0.008144796380090498
E07000196,South Staffordshire,0,110500,0
E07000196,South Staffordshire,19,110500,0.017194570135746608
E07000196,South Staffordshire,7,110500,0.006334841628959276
E07000196,South Staffordshire,0,110500,0
E07000196,South Staffordshire,2,110500,0.0018099547511312218
E07000196,South Staffordshire,6,110500,0.005429864253393665
E07000196,South Staffordshire,5,110500,0.004524886877828055
E07000196,South Staffordshire,0,110500,0
E07000196,South Staffordshire,22,110500,0.019909502262443438
E07000196,South Staffordshire,11,110500,0.009954751131221719
E07000196,South Staffordshire,0,110500,0
E07000196,South Staffordshire,1,110500,9.049773755656109e-4
E07000196,South Staffordshire,2,110500,0.0018099547511312218
E07000196,South Staffordshire,0,110500,0
E07000196,South Staffordshire,0,110500,0
E07000196,South Staffordshire,26,110500,0.023529411764705882
E07000196,South Staffordshire,4,110500,0.0036199095022624436
E07000196,South Staffordshire,0,110500,0
E07000196,South Staffordshire,2,110500,0.0018099547511312218
E07000196,South Staffordshire,1,110500,9.049773755656109e-4
E07000196,South Staffordshire,0,110500,0
E07000196,South Staffordshire,0,110500,0
E07000196,South Staffordshire,1398,110500,1.265158371040724
E07000196,South Staffordshire,1718,110500,1.5547511312217195
E07000196,South Staffordshire,11,110500,0.009954751131221719
E07000196,South Staffordshire,64,110500,0.0579185520361991
E07000196,South Staffordshire,375,110500,0.3393665158371041
E07000196,South Staffordshire,537,110500,0.485972850678733
E07000197,Stafford,0,136800,0
E07000197,Stafford,0,136800,0
E07000197,Stafford,0,136800,0
E07000197,Stafford,0,136800,0
E07000197,Stafford,0,136800,0
E07000197,Stafford,0,136800,0
E07000197,Stafford,0,136800,0
E07000197,Stafford,0,136800,0
E07000197,Stafford,33095,136800,24.192251461988302
E07000197,Stafford,54090,136800,39.53947368421053
E07000197,Stafford,141,136800,0.10307017543859649
E07000197,Stafford,2372,136800,1.7339181286549707
E07000197,Stafford,10947,136800,8.00219298245614
E07000197,Stafford,7185,136800,5.25219298245614
E07000197,Stafford,0,136800,0
E07000197,Stafford,72,136800,0.05263157894736842
E07000197,Stafford,41,136800,0.029970760233918127
E07000197,Stafford,0,136800,0
E07000197,Stafford,0,136800,0
E07000197,Stafford,14,136800,0.01023391812865497
E07000197,Stafford,0,136800,0
E07000197,Stafford,0,136800,0
E07000197,Stafford,44,136800,0.03216374269005848
E07000197,Stafford,9,136800,0.006578947368421052
E07000197,Stafford,0,136800,0
E07000197,Stafford,5,136800,0.003654970760233918
E07000197,Stafford,8,136800,0.005847953216374269
E07000197,Stafford,5,136800,0.003654970760233918
E07000197,Stafford,0,136800,0
E07000197,Stafford,42,136800,0.03070175438596491
E07000197,Stafford,18,136800,0.013157894736842105
E07000197,Stafford,0,136800,0
E07000197,Stafford,1,136800,7.309941520467836e-4
E07000197,Stafford,5,136800,0.003654970760233918
E07000197,Stafford,3,136800,0.0021929824561403508
E07000197,Stafford,0,136800,0
E07000197,Stafford,81,136800,0.05921052631578947
E07000197,Stafford,7,136800,0.005116959064327485
E07000197,Stafford,2,136800,0.0014619883040935672
E07000197,Stafford,8,136800,0.005847953216374269
E07000197,Stafford,6,136800,0.0043859649122807015
E07000197,Stafford,0,136800,0
E07000197,Stafford,0,136800,0
E07000197,Stafford,1943,136800,1.4203216374269005
E07000197,Stafford,2234,136800,1.6330409356725146
E07000197,Stafford,12,136800,0.008771929824561403
E07000197,Stafford,101,136800,0.07383040935672515
E07000197,Stafford,551,136800,0.4027777777777778
E07000197,Stafford,576,136800,0.42105263157894735
E07000198,Staffordshire Moorlands,0,95800,0
E07000198,Staffordshire Moorlands,0,95800,0
E07000198,Staffordshire Moorlands,0,95800,0
E07000198,Staffordshire Moorlands,0,95800,0
E07000198,Staffordshire Moorlands,0,95800,0
E07000198,Staffordshire Moorlands,0,95800,0
E07000198,Staffordshire Moorlands,0,95800,0
E07000198,Staffordshire Moorlands,0,95800,0
E07000198,Staffordshire Moorlands,22421,95800,23.403966597077243
E07000198,Staffordshire Moorlands,39577,95800,41.31210855949896
E07000198,Staffordshire Moorlands,114,95800,0.11899791231732777
E07000198,Staffordshire Moorlands,1471,95800,1.5354906054279749
E07000198,Staffordshire Moorlands,7129,95800,7.441544885177453
E07000198,Staffordshire Moorlands,5962,95800,6.223382045929019
E07000198,Staffordshire Moorlands,0,95800,0
E07000198,Staffordshire Moorlands,26,95800,0.027139874739039668
E07000198,Staffordshire Moorlands,28,95800,0.029227557411273485
E07000198,Staffordshire Moorlands,0,95800,0
E07000198,Staffordshire Moorlands,2,95800,0.0020876826722338203
E07000198,Staffordshire Moorlands,8,95800,0.008350730688935281
E07000198,Staffordshire Moorlands,3,95800,0.003131524008350731
E07000198,Staffordshire Moorlands,0,95800,0
E07000198,Staffordshire Moorlands,21,95800,0.021920668058455117
E07000198,Staffordshire Moorlands,9,95800,0.009394572025052192
E07000198,Staffordshire Moorlands,0,95800,0
E07000198,Staffordshire Moorlands,4,95800,0.0041753653444676405
E07000198,Staffordshire Moorlands,7,95800,0.007306889352818371
E07000198,Staffordshire Moorlands,3,95800,0.003131524008350731
E07000198,Staffordshire Moorlands,0,95800,0
E07000198,Staffordshire Moorlands,19,95800,0.019832985386221295
E07000198,Staffordshire Moorlands,9,95800,0.009394572025052192
E07000198,Staffordshire Moorlands,0,95800,0
E07000198,Staffordshire Moorlands,1,95800,0.0010438413361169101
E07000198,Staffordshire Moorlands,2,95800,0.0020876826722338203
E07000198,Staffordshire Moorlands,1,95800,0.0010438413361169101
E07000198,Staffordshire Moorlands,0,95800,0
E07000198,Staffordshire Moorlands,33,95800,0.03444676409185804
E07000198,Staffordshire Moorlands,5,95800,0.005219206680584551
E07000198,Staffordshire Moorlands,0,95800,0
E07000198,Staffordshire Moorlands,0,95800,0
E07000198,Staffordshire Moorlands,0,95800,0
E07000198,Staffordshire Moorlands,0,95800,0
E07000198,Staffordshire Moorlands,0,95800,0
E07000198,Staffordshire Moorlands,1259,95800,1.31419624217119
E07000198,Staffordshire Moorlands,1764,95800,1.8413361169102296
E07000198,Staffordshire Moorlands,1,95800,0.0010438413361169101
E07000198,Staffordshire Moorlands,89,95800,0.09290187891440502
E07000198,Staffordshire Moorlands,387,95800,0.40396659707724425
E07000198,Staffordshire Moorlands,493,95800,0.5146137787056367
E07000199,Tamworth,0,78600,0
E07000199,Tamworth,0,78600,0
E07000199,Tamworth,0,78600,0
E07000199,Tamworth,0,78600,0
E07000199,Tamworth,0,78600,0
E07000199,Tamworth,0,78600,0
E07000199,Tamworth,0,78600,0
E07000199,Tamworth,0,78600,0
E07000199,Tamworth,21498,78600,27.35114503816794
E07000199,Tamworth,27993,78600,35.61450381679389
E07000199,Tamworth,93,78600,0.1183206106870229
E07000199,Tamworth,1385,78600,1.762086513994911
E07000199,Tamworth,6071,78600,7.723918575063613
E07000199,Tamworth,3684,78600,4.687022900763359
E07000199,Tamworth,0,78600,0
E07000199,Tamworth,35,78600,0.044529262086514
E07000199,Tamworth,33,78600,0.04198473282442748
E07000199,Tamworth,0,78600,0
E07000199,Tamworth,4,78600,0.005089058524173028
E07000199,Tamworth,11,78600,0.013994910941475827
E07000199,Tamworth,3,78600,0.003816793893129771
E07000199,Tamworth,0,78600,0
E07000199,Tamworth,16,78600,0.020356234096692113
E07000199,Tamworth,8,78600,0.010178117048346057
E07000199,Tamworth,0,78600,0
E07000199,Tamworth,3,78600,0.003816793893129771
E07000199,Tamworth,6,78600,0.007633587786259542
E07000199,Tamworth,2,78600,0.002544529262086514
E07000199,Tamworth,0,78600,0
E07000199,Tamworth,23,78600,0.029262086513994912
E07000199,Tamworth,10,78600,0.01272264631043257
E07000199,Tamworth,0,78600,0
E07000199,Tamworth,0,78600,0
E07000199,Tamworth,2,78600,0.002544529262086514
E07000199,Tamworth,1,78600,0.001272264631043257
E07000199,Tamworth,0,78600,0
E07000199,Tamworth,24,78600,0.030534351145038167
E07000199,Tamworth,5,78600,0.006361323155216285
E07000199,Tamworth,0,78600,0
E07000199,Tamworth,0,78600,0
E07000199,Tamworth,3,78600,0.003816793893129771
E07000199,Tamworth,0,78600,0
E07000199,Tamworth,0,78600,0
E07000199,Tamworth,1057,78600,1.3447837150127226
E07000199,Tamworth,1159,78600,1.474554707379135
E07000199,Tamworth,2,78600,0.002544529262086514
E07000199,Tamworth,74,78600,0.09414758269720101
E07000199,Tamworth,328,78600,0.4173027989821883
E07000199,Tamworth,260,78600,0.33078880407124683
E07000200,Babergh,0,92300,0
E07000200,Babergh,0,92300,0
E07000200,Babergh,0,92300,0
E07000200,Babergh,0,92300,0
E07000200,Babergh,0,92300,0
E07000200,Babergh,0,92300,0
E07000200,Babergh,0,92300,0
E07000200,Babergh,0,92300,0
E07000200,Babergh,20873,92300,22.614301191765982
E07000200,Babergh,38067,92300,41.24268689057421
E07000200,Babergh,167,92300,0.180931744312026
E07000200,Babergh,1590,92300,1.722643553629469
E07000200,Babergh,7402,92300,8.019501625135428
E07000200,Babergh,5110,92300,5.536294691224269
E07000200,Babergh,0,92300,0
E07000200,Babergh,25,92300,0.027085590465872156
E07000200,Babergh,28,92300,0.030335861321776816
E07000200,Babergh,0,92300,0
E07000200,Babergh,2,92300,0.0021668472372697724
E07000200,Babergh,7,92300,0.007583965330444204
E07000200,Babergh,4,92300,0.004333694474539545
E07000200,Babergh,0,92300,0
E07000200,Babergh,13,92300,0.014084507042253521
E07000200,Babergh,11,92300,0.011917659804983749
E07000200,Babergh,0,92300,0
E07000200,Babergh,1,92300,0.0010834236186348862
E07000200,Babergh,5,92300,0.005417118093174431
E07000200,Babergh,4,92300,0.004333694474539545
E07000200,Babergh,0,92300,0
E07000200,Babergh,23,92300,0.024918743228602384
E07000200,Babergh,18,92300,0.01950162513542795
E07000200,Babergh,0,92300,0
E07000200,Babergh,0,92300,0
E07000200,Babergh,7,92300,0.007583965330444204
E07000200,Babergh,2,92300,0.0021668472372697724
E07000200,Babergh,0,92300,0
E07000200,Babergh,40,92300,0.04333694474539545
E07000200,Babergh,8,92300,0.00866738894907909
E07000200,Babergh,1,92300,0.0010834236186348862
E07000200,Babergh,0,92300,0
E07000200,Babergh,2,92300,0.0021668472372697724
E07000200,Babergh,0,92300,0
E07000200,Babergh,0,92300,0
E07000200,Babergh,1194,92300,1.2936078006500542
E07000200,Babergh,1737,92300,1.8819068255687974
E07000200,Babergh,7,92300,0.007583965330444204
E07000200,Babergh,70,92300,0.07583965330444203
E07000200,Babergh,410,92300,0.4442036836403034
E07000200,Babergh,551,92300,0.5969664138678223
E07000202,Ipswich,0,139700,0
E07000202,Ipswich,0,139700,0
E07000202,Ipswich,0,139700,0
E07000202,Ipswich,0,139700,0
E07000202,Ipswich,0,139700,0
E07000202,Ipswich,0,139700,0
E07000202,Ipswich,0,139700,0
E07000202,Ipswich,0,139700,0
E07000202,Ipswich,41491,139700,29.700071581961346
E07000202,Ipswich,43162,139700,30.896206156048677
E07000202,Ipswich,207,139700,0.1481746599856836
E07000202,Ipswich,2676,139700,1.9155332856120257
E07000202,Ipswich,10838,139700,7.758052970651396
E07000202,Ipswich,5670,139700,4.058697208303507
E07000202,Ipswich,0,139700,0
E07000202,Ipswich,207,139700,0.1481746599856836
E07000202,Ipswich,153,139700,0.10952040085898354
E07000202,Ipswich,3,139700,0.0021474588403722263
E07000202,Ipswich,14,139700,0.010021474588403722
E07000202,Ipswich,40,139700,0.02863278453829635
E07000202,Ipswich,10,139700,0.0071581961345740875
E07000202,Ipswich,0,139700,0
E07000202,Ipswich,75,139700,0.05368647100930565
E07000202,Ipswich,39,139700,0.02791696492483894
E07000202,Ipswich,0,139700,0
E07000202,Ipswich,11,139700,0.007874015748031496
E07000202,Ipswich,10,139700,0.0071581961345740875
E07000202,Ipswich,4,139700,0.002863278453829635
E07000202,Ipswich,0,139700,0
E07000202,Ipswich,94,139700,0.06728704366499642
E07000202,Ipswich,46,139700,0.0329277022190408
E07000202,Ipswich,0,139700,0
E07000202,Ipswich,4,139700,0.002863278453829635
E07000202,Ipswich,9,139700,0.006442376521116679
E07000202,Ipswich,2,139700,0.0014316392269148174
E07000202,Ipswich,0,139700,0
E07000202,Ipswich,109,139700,0.07802433786685756
E07000202,Ipswich,22,139700,0.015748031496062992
E07000202,Ipswich,0,139700,0
E07000202,Ipswich,1,139700,7.158196134574087e-4
E07000202,Ipswich,6,139700,0.004294917680744453
E07000202,Ipswich,2,139700,0.0014316392269148174
E07000202,Ipswich,0,139700,0
E07000202,Ipswich,3025,139700,2.1653543307086616
E07000202,Ipswich,2510,139700,1.796707229778096
E07000202,Ipswich,8,139700,0.00572655690765927
E07000202,Ipswich,141,139700,0.10093056549749463
E07000202,Ipswich,694,139700,0.49677881173944166
E07000202,Ipswich,550,139700,0.3937007874015748
E07000203,Mid Suffolk,0,102700,0
E07000203,Mid Suffolk,0,102700,0
E07000203,Mid Suffolk,0,102700,0
E07000203,Mid Suffolk,0,102700,0
E07000203,Mid Suffolk,0,102700,0
E07000203,Mid Suffolk,0,102700,0
E07000203,Mid Suffolk,0,102700,0
E07000203,Mid Suffolk,0,102700,0
E07000203,Mid Suffolk,23415,102700,22.79941577409932
E07000203,Mid Suffolk,43323,102700,42.1840311587147
E07000203,Mid Suffolk,171,102700,0.1665043816942551
E07000203,Mid Suffolk,1704,102700,1.659201557935735
E07000203,Mid Suffolk,8067,102700,7.85491723466407
E07000203,Mid Suffolk,5525,102700,5.379746835443038
E07000203,Mid Suffolk,0,102700,0
E07000203,Mid Suffolk,26,102700,0.02531645569620253
E07000203,Mid Suffolk,18,102700,0.017526777020447908
E07000203,Mid Suffolk,0,102700,0
E07000203,Mid Suffolk,4,102700,0.0038948393378773127
E07000203,Mid Suffolk,8,102700,0.007789678675754625
E07000203,Mid Suffolk,8,102700,0.007789678675754625
E07000203,Mid Suffolk,0,102700,0
E07000203,Mid Suffolk,20,102700,0.019474196689386564
E07000203,Mid Suffolk,8,102700,0.007789678675754625
E07000203,Mid Suffolk,1,102700,9.737098344693282e-4
E07000203,Mid Suffolk,3,102700,0.0029211295034079843
E07000203,Mid Suffolk,4,102700,0.0038948393378773127
E07000203,Mid Suffolk,2,102700,0.0019474196689386564
E07000203,Mid Suffolk,0,102700,0
E07000203,Mid Suffolk,20,102700,0.019474196689386564
E07000203,Mid Suffolk,10,102700,0.009737098344693282
E07000203,Mid Suffolk,0,102700,0
E07000203,Mid Suffolk,1,102700,9.737098344693282e-4
E07000203,Mid Suffolk,4,102700,0.0038948393378773127
E07000203,Mid Suffolk,0,102700,0
E07000203,Mid Suffolk,0,102700,0
E07000203,Mid Suffolk,42,102700,0.04089581304771178
E07000203,Mid Suffolk,6,102700,0.005842259006815969
E07000203,Mid Suffolk,1,102700,9.737098344693282e-4
E07000203,Mid Suffolk,0,102700,0
E07000203,Mid Suffolk,5,102700,0.004868549172346641
E07000203,Mid Suffolk,1,102700,9.737098344693282e-4
E07000203,Mid Suffolk,0,102700,0
E07000203,Mid Suffolk,1219,102700,1.186952288218111
E07000203,Mid Suffolk,1828,102700,1.7799415774099319
E07000203,Mid Suffolk,12,102700,0.011684518013631937
E07000203,Mid Suffolk,89,102700,0.0866601752677702
E07000203,Mid Suffolk,418,102700,0.4070107108081792
E07000203,Mid Suffolk,342,102700,0.3330087633885102
E07000207,Elmbridge,0,138800,0
E07000207,Elmbridge,0,138800,0
E07000207,Elmbridge,0,138800,0
E07000207,Elmbridge,0,138800,0
E07000207,Elmbridge,0,138800,0
E07000207,Elmbridge,0,138800,0
E07000207,Elmbridge,0,138800,0
E07000207,Elmbridge,0,138800,0
E07000207,Elmbridge,30435,138800,21.927233429394814
E07000207,Elmbridge,55676,138800,40.112391930835734
E07000207,Elmbridge,208,138800,0.14985590778097982
E07000207,Elmbridge,1941,138800,1.3984149855907781
E07000207,Elmbridge,8710,138800,6.27521613832853
E07000207,Elmbridge,5975,138800,4.304755043227666
E07000207,Elmbridge,0,138800,0
E07000207,Elmbridge,49,138800,0.035302593659942365
E07000207,Elmbridge,68,138800,0.04899135446685879
E07000207,Elmbridge,1,138800,7.204610951008645e-4
E07000207,Elmbridge,5,138800,0.0036023054755043226
E07000207,Elmbridge,15,138800,0.010806916426512969
E07000207,Elmbridge,8,138800,0.005763688760806916
E07000207,Elmbridge,0,138800,0
E07000207,Elmbridge,30,138800,0.021613832853025938
E07000207,Elmbridge,21,138800,0.015129682997118156
E07000207,Elmbridge,1,138800,7.204610951008645e-4
E07000207,Elmbridge,4,138800,0.002881844380403458
E07000207,Elmbridge,16,138800,0.011527377521613832
E07000207,Elmbridge,12,138800,0.008645533141210375
E07000207,Elmbridge,0,138800,0
E07000207,Elmbridge,28,138800,0.020172910662824207
E07000207,Elmbridge,22,138800,0.01585014409221902
E07000207,Elmbridge,0,138800,0
E07000207,Elmbridge,1,138800,7.204610951008645e-4
E07000207,Elmbridge,5,138800,0.0036023054755043226
E07000207,Elmbridge,3,138800,0.002161383285302594
E07000207,Elmbridge,0,138800,0
E07000207,Elmbridge,51,138800,0.03674351585014409
E07000207,Elmbridge,7,138800,0.005043227665706052
E07000207,Elmbridge,0,138800,0
E07000207,Elmbridge,1,138800,7.204610951008645e-4
E07000207,Elmbridge,4,138800,0.002881844380403458
E07000207,Elmbridge,0,138800,0
E07000207,Elmbridge,0,138800,0
E07000207,Elmbridge,1961,138800,1.4128242074927955
E07000207,Elmbridge,2505,138800,1.8047550432276658
E07000207,Elmbridge,14,138800,0.010086455331412104
E07000207,Elmbridge,102,138800,0.07348703170028818
E07000207,Elmbridge,466,138800,0.3357348703170029
E07000207,Elmbridge,430,138800,0.30979827089337175
E07000208,Epsom and Ewell,0,80900,0
E07000208,Epsom and Ewell,0,80900,0
E07000208,Epsom and Ewell,0,80900,0
E07000208,Epsom and Ewell,0,80900,0
E07000208,Epsom and Ewell,0,80900,0
E07000208,Epsom and Ewell,0,80900,0
E07000208,Epsom and Ewell,0,80900,0
E07000208,Epsom and Ewell,0,80900,0
E07000208,Epsom and Ewell,19703,80900,24.35475896168109
E07000208,Epsom and Ewell,32198,80900,39.799752781211374
E07000208,Epsom and Ewell,92,80900,0.11372064276885044
E07000208,Epsom and Ewell,1001,80900,1.2373300370828182
E07000208,Epsom and Ewell,4575,80900,5.65512978986403
E07000208,Epsom and Ewell,3434,80900,4.2447466007416566
E07000208,Epsom and Ewell,0,80900,0
E07000208,Epsom and Ewell,36,80900,0.04449938195302843
E07000208,Epsom and Ewell,37,80900,0.04573547589616811
E07000208,Epsom and Ewell,0,80900,0
E07000208,Epsom and Ewell,2,80900,0.002472187886279357
E07000208,Epsom and Ewell,6,80900,0.007416563658838072
E07000208,Epsom and Ewell,2,80900,0.002472187886279357
E07000208,Epsom and Ewell,0,80900,0
E07000208,Epsom and Ewell,23,80900,0.02843016069221261
E07000208,Epsom and Ewell,23,80900,0.02843016069221261
E07000208,Epsom and Ewell,2,80900,0.002472187886279357
E07000208,Epsom and Ewell,0,80900,0
E07000208,Epsom and Ewell,6,80900,0.007416563658838072
E07000208,Epsom and Ewell,3,80900,0.003708281829419036
E07000208,Epsom and Ewell,0,80900,0
E07000208,Epsom and Ewell,27,80900,0.03337453646477132
E07000208,Epsom and Ewell,27,80900,0.03337453646477132
E07000208,Epsom and Ewell,0,80900,0
E07000208,Epsom and Ewell,0,80900,0
E07000208,Epsom and Ewell,2,80900,0.002472187886279357
E07000208,Epsom and Ewell,1,80900,0.0012360939431396785
E07000208,Epsom and Ewell,0,80900,0
E07000208,Epsom and Ewell,30,80900,0.037082818294190356
E07000208,Epsom and Ewell,3,80900,0.003708281829419036
E07000208,Epsom and Ewell,0,80900,0
E07000208,Epsom and Ewell,0,80900,0
E07000208,Epsom and Ewell,0,80900,0
E07000208,Epsom and Ewell,0,80900,0
E07000208,Epsom and Ewell,0,80900,0
E07000208,Epsom and Ewell,1299,80900,1.6056860321384425
E07000208,Epsom and Ewell,1506,80900,1.861557478368356
E07000208,Epsom and Ewell,8,80900,0.009888751545117428
E07000208,Epsom and Ewell,56,80900,0.069221260815822
E07000208,Epsom and Ewell,233,80900,0.2880098887515451
E07000208,Epsom and Ewell,271,80900,0.33498145859085293
E07000209,Guildford,0,143600,0
E07000209,Guildford,0,143600,0
E07000209,Guildford,0,143600,0
E07000209,Guildford,0,143600,0
E07000209,Guildford,0,143600,0
E07000209,Guildford,0,143600,0
E07000209,Guildford,0,143600,0
E07000209,Guildford,0,143600,0
E07000209,Guildford,42925,143600,29.892061281337046
E07000209,Guildford,52748,143600,36.73259052924791
E07000209,Guildford,227,143600,0.15807799442896936
E07000209,Guildford,1929,143600,1.3433147632311977
E07000209,Guildford,8425,143600,5.866991643454039
E07000209,Guildford,5675,143600,3.951949860724234
E07000209,Guildford,0,143600,0
E07000209,Guildford,86,143600,0.05988857938718663
E07000209,Guildford,59,143600,0.04108635097493036
E07000209,Guildford,0,143600,0
E07000209,Guildford,4,143600,0.002785515320334262
E07000209,Guildford,14,143600,0.009749303621169917
E07000209,Guildford,9,143600,0.006267409470752089
E07000209,Guildford,0,143600,0
E07000209,Guildford,64,143600,0.04456824512534819
E07000209,Guildford,21,143600,0.014623955431754874
E07000209,Guildford,0,143600,0
E07000209,Guildford,4,143600,0.002785515320334262
E07000209,Guildford,9,143600,0.006267409470752089
E07000209,Guildford,3,143600,0.0020891364902506965
E07000209,Guildford,0,143600,0
E07000209,Guildford,68,143600,0.04735376044568245
E07000209,Guildford,20,143600,0.013927576601671309
E07000209,Guildford,0,143600,0
E07000209,Guildford,0,143600,0
E07000209,Guildford,2,143600,0.001392757660167131
E07000209,Guildford,0,143600,0
E07000209,Guildford,0,143600,0
E07000209,Guildford,132,143600,0.09192200557103064
E07000209,Guildford,12,143600,0.008356545961002786
E07000209,Guildford,0,143600,0
E07000209,Guildford,2,143600,0.001392757660167131
E07000209,Guildford,1,143600,6.963788300835655e-4
E07000209,Guildford,1,143600,6.963788300835655e-4
E07000209,Guildford,0,143600,0
E07000209,Guildford,3625,143600,2.5243732590529246
E07000209,Guildford,2351,143600,1.6371866295264623
E07000209,Guildford,12,143600,0.008356545961002786
E07000209,Guildford,90,143600,0.06267409470752089
E07000209,Guildford,442,143600,0.30779944289693595
E07000209,Guildford,399,143600,0.27785515320334264
E07000210,Mole Valley,0,87400,0
E07000210,Mole Valley,0,87400,0
E07000210,Mole Valley,0,87400,0
E07000210,Mole Valley,0,87400,0
E07000210,Mole Valley,0,87400,0
E07000210,Mole Valley,0,87400,0
E07000210,Mole Valley,0,87400,0
E07000210,Mole Valley,0,87400,0
E07000210,Mole Valley,20037,87400,22.92562929061785
E07000210,Mole Valley,36352,87400,41.59267734553776
E07000210,Mole Valley,106,87400,0.12128146453089245
E07000210,Mole Valley,1385,87400,1.5846681922196797
E07000210,Mole Valley,6083,87400,6.959954233409611
E07000210,Mole Valley,4719,87400,5.399313501144165
E07000210,Mole Valley,0,87400,0
E07000210,Mole Valley,29,87400,0.03318077803203661
E07000210,Mole Valley,28,87400,0.032036613272311214
E07000210,Mole Valley,0,87400,0
E07000210,Mole Valley,3,87400,0.003432494279176201
E07000210,Mole Valley,11,87400,0.012585812356979404
E07000210,Mole Valley,4,87400,0.004576659038901602
E07000210,Mole Valley,0,87400,0
E07000210,Mole Valley,20,87400,0.02288329519450801
E07000210,Mole Valley,15,87400,0.017162471395881007
E07000210,Mole Valley,0,87400,0
E07000210,Mole Valley,2,87400,0.002288329519450801
E07000210,Mole Valley,11,87400,0.012585812356979404
E07000210,Mole Valley,5,87400,0.005720823798627002
E07000210,Mole Valley,0,87400,0
E07000210,Mole Valley,24,87400,0.02745995423340961
E07000210,Mole Valley,15,87400,0.017162471395881007
E07000210,Mole Valley,0,87400,0
E07000210,Mole Valley,1,87400,0.0011441647597254005
E07000210,Mole Valley,3,87400,0.003432494279176201
E07000210,Mole Valley,1,87400,0.0011441647597254005
E07000210,Mole Valley,0,87400,0
E07000210,Mole Valley,36,87400,0.041189931350114416
E07000210,Mole Valley,11,87400,0.012585812356979404
E07000210,Mole Valley,1,87400,0.0011441647597254005
E07000210,Mole Valley,0,87400,0
E07000210,Mole Valley,3,87400,0.003432494279176201
E07000210,Mole Valley,0,87400,0
E07000210,Mole Valley,0,87400,0
E07000210,Mole Valley,1256,87400,1.437070938215103
E07000210,Mole Valley,1468,87400,1.6796338672768878
E07000210,Mole Valley,8,87400,0.009153318077803204
E07000210,Mole Valley,65,87400,0.07437070938215103
E07000210,Mole Valley,309,87400,0.35354691075514877
E07000210,Mole Valley,324,87400,0.3707093821510298
E07000211,Reigate and Banstead,0,150900,0
E07000211,Reigate and Banstead,0,150900,0
E07000211,Reigate and Banstead,0,150900,0
E07000211,Reigate and Banstead,0,150900,0
E07000211,Reigate and Banstead,0,150900,0
E07000211,Reigate and Banstead,0,150900,0
E07000211,Reigate and Banstead,0,150900,0
E07000211,Reigate and Banstead,0,150900,0
E07000211,Reigate and Banstead,37098,150900,24.584493041749504
E07000211,Reigate and Banstead,57744,150900,38.26640159045726
E07000211,Reigate and Banstead,237,150900,0.15705765407554673
E07000211,Reigate and Banstead,2220,150900,1.47117296222664
E07000211,Reigate and Banstead,9654,150900,6.397614314115308
E07000211,Reigate and Banstead,6601,150900,4.374420145791915
E07000211,Reigate and Banstead,0,150900,0
E07000211,Reigate and Banstead,83,150900,0.05500331345261763
E07000211,Reigate and Banstead,49,150900,0.032471835652750164
E07000211,Reigate and Banstead,0,150900,0
E07000211,Reigate and Banstead,4,150900,0.0026507620941020544
E07000211,Reigate and Banstead,17,150900,0.01126573889993373
E07000211,Reigate and Banstead,8,150900,0.005301524188204109
E07000211,Reigate and Banstead,0,150900,0
E07000211,Reigate and Banstead,50,150900,0.03313452617627568
E07000211,Reigate and Banstead,37,150900,0.024519549370444003
E07000211,Reigate and Banstead,0,150900,0
E07000211,Reigate and Banstead,4,150900,0.0026507620941020544
E07000211,Reigate and Banstead,8,150900,0.005301524188204109
E07000211,Reigate and Banstead,7,150900,0.004638833664678595
E07000211,Reigate and Banstead,0,150900,0
E07000211,Reigate and Banstead,42,150900,0.027833001988071572
E07000211,Reigate and Banstead,29,150900,0.019218025182239893
E07000211,Reigate and Banstead,0,150900,0
E07000211,Reigate and Banstead,3,150900,0.0019880715705765406
E07000211,Reigate and Banstead,7,150900,0.004638833664678595
E07000211,Reigate and Banstead,3,150900,0.0019880715705765406
E07000211,Reigate and Banstead,0,150900,0
E07000211,Reigate and Banstead,57,150900,0.03777335984095427
E07000211,Reigate and Banstead,6,150900,0.003976143141153081
E07000211,Reigate and Banstead,0,150900,0
E07000211,Reigate and Banstead,2,150900,0.0013253810470510272
E07000211,Reigate and Banstead,6,150900,0.003976143141153081
E07000211,Reigate and Banstead,0,150900,0
E07000211,Reigate and Banstead,0,150900,0
E07000211,Reigate and Banstead,2415,150900,1.6003976143141152
E07000211,Reigate and Banstead,2620,150900,1.7362491716368456
E07000211,Reigate and Banstead,12,150900,0.007952286282306162
E07000211,Reigate and Banstead,96,150900,0.0636182902584493
E07000211,Reigate and Banstead,490,150900,0.32471835652750164
E07000211,Reigate and Banstead,515,150900,0.3412856196156395
E07000212,Runnymede,0,88100,0
E07000212,Runnymede,0,88100,0
E07000212,Runnymede,0,88100,0
E07000212,Runnymede,0,88100,0
E07000212,Runnymede,0,88100,0
E07000212,Runnymede,0,88100,0
E07000212,Runnymede,0,88100,0
E07000212,Runnymede,0,88100,0
E07000212,Runnymede,26363,88100,29.92395005675369
E07000212,Runnymede,30447,88100,34.559591373439275
E07000212,Runnymede,108,88100,0.12258796821793416
E07000212,Runnymede,1302,88100,1.477866061293984
E07000212,Runnymede,5882,88100,6.676503972758229
E07000212,Runnymede,3709,88100,4.209988649262202
E07000212,Runnymede,0,88100,0
E07000212,Runnymede,68,88100,0.0771850170261067
E07000212,Runnymede,31,88100,0.03518728717366629
E07000212,Runnymede,0,88100,0
E07000212,Runnymede,1,88100,0.0011350737797956867
E07000212,Runnymede,14,88100,0.015891032917139614
E07000212,Runnymede,5,88100,0.0056753688989784334
E07000212,Runnymede,0,88100,0
E07000212,Runnymede,25,88100,0.028376844494892167
E07000212,Runnymede,19,88100,0.021566401816118047
E07000212,Runnymede,0,88100,0
E07000212,Runnymede,2,88100,0.0022701475595913734
E07000212,Runnymede,2,88100,0.0022701475595913734
E07000212,Runnymede,1,88100,0.0011350737797956867
E07000212,Runnymede,0,88100,0
E07000212,Runnymede,47,88100,0.053348467650397274
E07000212,Runnymede,18,88100,0.02043132803632236
E07000212,Runnymede,0,88100,0
E07000212,Runnymede,1,88100,0.0011350737797956867
E07000212,Runnymede,7,88100,0.007945516458569807
E07000212,Runnymede,1,88100,0.0011350737797956867
E07000212,Runnymede,0,88100,0
E07000212,Runnymede,97,88100,0.11010215664018161
E07000212,Runnymede,6,88100,0.00681044267877412
E07000212,Runnymede,0,88100,0
E07000212,Runnymede,0,88100,0
E07000212,Runnymede,1,88100,0.0011350737797956867
E07000212,Runnymede,0,88100,0
E07000212,Runnymede,0,88100,0
E07000212,Runnymede,2300,88100,2.6106696935300793
E07000212,Runnymede,1576,88100,1.7888762769580022
E07000212,Runnymede,4,88100,0.004540295119182747
E07000212,Runnymede,58,88100,0.06583427922814983
E07000212,Runnymede,311,88100,0.3530079455164586
E07000212,Runnymede,312,88100,0.35414301929625425
E07000213,Spelthorne,0,103000,0
E07000213,Spelthorne,0,103000,0
E07000213,Spelthorne,0,103000,0
E07000213,Spelthorne,0,103000,0
E07000213,Spelthorne,0,103000,0
E07000213,Spelthorne,0,103000,0
E07000213,Spelthorne,0,103000,0
E07000213,Spelthorne,0,103000,0
E07000213,Spelthorne,26645,103000,25.868932038834952
E07000213,Spelthorne,38051,103000,36.942718446601944
E07000213,Spelthorne,158,103000,0.1533980582524272
E07000213,Spelthorne,1699,103000,1.649514563106796
E07000213,Spelthorne,7029,103000,6.824271844660194
E07000213,Spelthorne,4758,103000,4.619417475728155
E07000213,Spelthorne,0,103000,0
E07000213,Spelthorne,60,103000,0.05825242718446602
E07000213,Spelthorne,67,103000,0.06504854368932039
E07000213,Spelthorne,1,103000,9.70873786407767e-4
E07000213,Spelthorne,5,103000,0.0048543689320388345
E07000213,Spelthorne,19,103000,0.018446601941747572
E07000213,Spelthorne,7,103000,0.006796116504854369
E07000213,Spelthorne,0,103000,0
E07000213,Spelthorne,25,103000,0.024271844660194174
E07000213,Spelthorne,33,103000,0.03203883495145631
E07000213,Spelthorne,1,103000,9.70873786407767e-4
E07000213,Spelthorne,3,103000,0.002912621359223301
E07000213,Spelthorne,11,103000,0.010679611650485437
E07000213,Spelthorne,2,103000,0.001941747572815534
E07000213,Spelthorne,0,103000,0
E07000213,Spelthorne,39,103000,0.037864077669902914
E07000213,Spelthorne,28,103000,0.027184466019417475
E07000213,Spelthorne,1,103000,9.70873786407767e-4
E07000213,Spelthorne,1,103000,9.70873786407767e-4
E07000213,Spelthorne,6,103000,0.005825242718446602
E07000213,Spelthorne,1,103000,9.70873786407767e-4
E07000213,Spelthorne,0,103000,0
E07000213,Spelthorne,23,103000,0.02233009708737864
E07000213,Spelthorne,3,103000,0.002912621359223301
E07000213,Spelthorne,0,103000,0
E07000213,Spelthorne,3,103000,0.002912621359223301
E07000213,Spelthorne,1,103000,9.70873786407767e-4
E07000213,Spelthorne,0,103000,0
E07000213,Spelthorne,0,103000,0
E07000213,Spelthorne,1726,103000,1.6757281553398058
E07000213,Spelthorne,2071,103000,2.0106796116504855
E07000213,Spelthorne,14,103000,0.013592233009708738
E07000213,Spelthorne,86,103000,0.08349514563106795
E07000213,Spelthorne,397,103000,0.38543689320388347
E07000213,Spelthorne,388,103000,0.3766990291262136
E07000214,Surrey Heath,0,90500,0
E07000214,Surrey Heath,0,90500,0
E07000214,Surrey Heath,0,90500,0
E07000214,Surrey Heath,0,90500,0
E07000214,Surrey Heath,0,90500,0
E07000214,Surrey Heath,0,90500,0
E07000214,Surrey Heath,0,90500,0
E07000214,Surrey Heath,0,90500,0
E07000214,Surrey Heath,20941,90500,23.139226519337015
E07000214,Surrey Heath,37505,90500,41.44198895027624
E07000214,Surrey Heath,93,90500,0.10276243093922652
E07000214,Surrey Heath,1319,90500,1.4574585635359116
E07000214,Surrey Heath,6096,90500,6.735911602209945
E07000214,Surrey Heath,4272,90500,4.7204419889502764
E07000214,Surrey Heath,0,90500,0
E07000214,Surrey Heath,43,90500,0.04751381215469613
E07000214,Surrey Heath,41,90500,0.045303867403314914
E07000214,Surrey Heath,1,90500,0.0011049723756906078
E07000214,Surrey Heath,8,90500,0.008839779005524863
E07000214,Surrey Heath,2,90500,0.0022099447513812156
E07000214,Surrey Heath,9,90500,0.009944751381215469
E07000214,Surrey Heath,0,90500,0
E07000214,Surrey Heath,20,90500,0.022099447513812154
E07000214,Surrey Heath,15,90500,0.016574585635359115
E07000214,Surrey Heath,0,90500,0
E07000214,Surrey Heath,3,90500,0.0033149171270718232
E07000214,Surrey Heath,3,90500,0.0033149171270718232
E07000214,Surrey Heath,1,90500,0.0011049723756906078
E07000214,Surrey Heath,0,90500,0
E07000214,Surrey Heath,24,90500,0.026519337016574586
E07000214,Surrey Heath,25,90500,0.027624309392265192
E07000214,Surrey Heath,0,90500,0
E07000214,Surrey Heath,2,90500,0.0022099447513812156
E07000214,Surrey Heath,1,90500,0.0011049723756906078
E07000214,Surrey Heath,0,90500,0
E07000214,Surrey Heath,0,90500,0
E07000214,Surrey Heath,44,90500,0.04861878453038674
E07000214,Surrey Heath,5,90500,0.0055248618784530384
E07000214,Surrey Heath,1,90500,0.0011049723756906078
E07000214,Surrey Heath,0,90500,0
E07000214,Surrey Heath,0,90500,0
E07000214,Surrey Heath,3,90500,0.0033149171270718232
E07000214,Surrey Heath,0,90500,0
E07000214,Surrey Heath,1151,90500,1.2718232044198896
E07000214,Surrey Heath,1524,90500,1.6839779005524862
E07000214,Surrey Heath,1,90500,0.0011049723756906078
E07000214,Surrey Heath,67,90500,0.07403314917127071
E07000214,Surrey Heath,259,90500,0.2861878453038674
E07000214,Surrey Heath,304,90500,0.33591160220994476
E07000215,Tandridge,0,87900,0
E07000215,Tandridge,0,87900,0
E07000215,Tandridge,0,87900,0
E07000215,Tandridge,0,87900,0
E07000215,Tandridge,0,87900,0
E07000215,Tandridge,0,87900,0
E07000215,Tandridge,0,87900,0
E07000215,Tandridge,0,87900,0
E07000215,Tandridge,21127,87900,24.035267349260522
E07000215,Tandridge,34133,87900,38.8316268486917
E07000215,Tandridge,110,87900,0.12514220705346984
E07000215,Tandridge,1408,87900,1.601820250284414
E07000215,Tandridge,6123,87900,6.965870307167235
E07000215,Tandridge,4230,87900,4.812286689419795
E07000215,Tandridge,0,87900,0
E07000215,Tandridge,32,87900,0.03640500568828214
E07000215,Tandridge,28,87900,0.03185437997724687
E07000215,Tandridge,0,87900,0
E07000215,Tandridge,2,87900,0.0022753128555176336
E07000215,Tandridge,4,87900,0.004550625711035267
E07000215,Tandridge,2,87900,0.0022753128555176336
E07000215,Tandridge,0,87900,0
E07000215,Tandridge,12,87900,0.013651877133105802
E07000215,Tandridge,13,87900,0.01478953356086462
E07000215,Tandridge,0,87900,0
E07000215,Tandridge,1,87900,0.0011376564277588168
E07000215,Tandridge,4,87900,0.004550625711035267
E07000215,Tandridge,2,87900,0.0022753128555176336
E07000215,Tandridge,0,87900,0
E07000215,Tandridge,21,87900,0.023890784982935155
E07000215,Tandridge,15,87900,0.017064846416382253
E07000215,Tandridge,1,87900,0.0011376564277588168
E07000215,Tandridge,1,87900,0.0011376564277588168
E07000215,Tandridge,2,87900,0.0022753128555176336
E07000215,Tandridge,1,87900,0.0011376564277588168
E07000215,Tandridge,0,87900,0
E07000215,Tandridge,39,87900,0.04436860068259386
E07000215,Tandridge,10,87900,0.011376564277588168
E07000215,Tandridge,2,87900,0.0022753128555176336
E07000215,Tandridge,0,87900,0
E07000215,Tandridge,0,87900,0
E07000215,Tandridge,0,87900,0
E07000215,Tandridge,0,87900,0
E07000215,Tandridge,1381,87900,1.571103526734926
E07000215,Tandridge,1423,87900,1.6188850967007964
E07000215,Tandridge,7,87900,0.007963594994311717
E07000215,Tandridge,62,87900,0.07053469852104664
E07000215,Tandridge,311,87900,0.35381114903299204
E07000215,Tandridge,319,87900,0.36291240045506257
E07000216,Waverley,0,128200,0
E07000216,Waverley,0,128200,0
E07000216,Waverley,0,128200,0
E07000216,Waverley,0,128200,0
E07000216,Waverley,0,128200,0
E07000216,Waverley,0,128200,0
E07000216,Waverley,0,128200,0
E07000216,Waverley,0,128200,0
E07000216,Waverley,28765,128200,22.437597503900157
E07000216,Waverley,52788,128200,41.176287051482056
E07000216,Waverley,187,128200,0.14586583463338534
E07000216,Waverley,1891,128200,1.4750390015600625
E07000216,Waverley,8268,128200,6.4492979719188765
E07000216,Waverley,6375,128200,4.972698907956318
E07000216,Waverley,0,128200,0
E07000216,Waverley,51,128200,0.039781591263650544
E07000216,Waverley,42,128200,0.0327613104524181
E07000216,Waverley,0,128200,0
E07000216,Waverley,1,128200,7.8003120124805e-4
E07000216,Waverley,13,128200,0.01014040561622465
E07000216,Waverley,1,128200,7.8003120124805e-4
E07000216,Waverley,0,128200,0
E07000216,Waverley,37,128200,0.028861154446177848
E07000216,Waverley,15,128200,0.01170046801872075
E07000216,Waverley,0,128200,0
E07000216,Waverley,1,128200,7.8003120124805e-4
E07000216,Waverley,8,128200,0.0062402496099844
E07000216,Waverley,6,128200,0.0046801872074883
E07000216,Waverley,0,128200,0
E07000216,Waverley,54,128200,0.0421216848673947
E07000216,Waverley,14,128200,0.0109204368174727
E07000216,Waverley,0,128200,0
E07000216,Waverley,2,128200,0.0015600624024961
E07000216,Waverley,0,128200,0
E07000216,Waverley,5,128200,0.0039001560062402497
E07000216,Waverley,0,128200,0
E07000216,Waverley,105,128200,0.08190327613104524
E07000216,Waverley,4,128200,0.0031201248049922
E07000216,Waverley,0,128200,0
E07000216,Waverley,3,128200,0.00234009360374415
E07000216,Waverley,3,128200,0.00234009360374415
E07000216,Waverley,0,128200,0
E07000216,Waverley,0,128200,0
E07000216,Waverley,1977,128200,1.5421216848673946
E07000216,Waverley,1960,128200,1.5288611544461779
E07000216,Waverley,10,128200,0.0078003120124804995
E07000216,Waverley,87,128200,0.06786271450858035
E07000216,Waverley,419,128200,0.32683307332293293
E07000216,Waverley,539,128200,0.4204368174726989
E07000217,Woking,0,103900,0
E07000217,Woking,0,103900,0
E07000217,Woking,0,103900,0
E07000217,Woking,0,103900,0
E07000217,Woking,0,103900,0
E07000217,Woking,0,103900,0
E07000217,Woking,0,103900,0
E07000217,Woking,0,103900,0
E07000217,Woking,25543,103900,24.584215591915303
E07000217,Woking,40411,103900,38.89412897016362
E07000217,Woking,138,103900,0.13282001924927817
E07000217,Woking,1561,103900,1.5024061597690086
E07000217,Woking,6396,103900,6.155919153031761
E07000217,Woking,4263,103900,4.102983638113571
E07000217,Woking,0,103900,0
E07000217,Woking,65,103900,0.06256015399422522
E07000217,Woking,77,103900,0.0741097208854668
E07000217,Woking,0,103900,0
E07000217,Woking,4,103900,0.0038498556304138597
E07000217,Woking,11,103900,0.010587102983638113
E07000217,Woking,4,103900,0.0038498556304138597
E07000217,Woking,0,103900,0
E07000217,Woking,44,103900,0.04234841193455245
E07000217,Woking,29,103900,0.02791145332050048
E07000217,Woking,0,103900,0
E07000217,Woking,1,103900,9.624639076034649e-4
E07000217,Woking,7,103900,0.006737247353224254
E07000217,Woking,7,103900,0.006737247353224254
E07000217,Woking,0,103900,0
E07000217,Woking,35,103900,0.03368623676612127
E07000217,Woking,28,103900,0.026948989412897015
E07000217,Woking,2,103900,0.0019249278152069298
E07000217,Woking,2,103900,0.0019249278152069298
E07000217,Woking,3,103900,0.0028873917228103944
E07000217,Woking,2,103900,0.0019249278152069298
E07000217,Woking,0,103900,0
E07000217,Woking,47,103900,0.04523580365736285
E07000217,Woking,9,103900,0.008662175168431183
E07000217,Woking,0,103900,0
E07000217,Woking,0,103900,0
E07000217,Woking,3,103900,0.0028873917228103944
E07000217,Woking,0,103900,0
E07000217,Woking,0,103900,0
E07000217,Woking,1645,103900,1.5832531280076998
E07000217,Woking,1953,103900,1.879692011549567
E07000217,Woking,4,103900,0.0038498556304138597
E07000217,Woking,90,103900,0.08662175168431184
E07000217,Woking,341,103900,0.32820019249278154
E07000217,Woking,256,103900,0.24639076034648702
E07000218,North Warwickshire,0,65000,0
E07000218,North Warwickshire,0,65000,0
E07000218,North Warwickshire,0,65000,0
E07000218,North Warwickshire,0,65000,0
E07000218,North Warwickshire,0,65000,0
E07000218,North Warwickshire,0,65000,0
E07000218,North Warwickshire,0,65000,0
E07000218,North Warwickshire,0,65000,0
E07000218,North Warwickshire,17127,65000,26.34923076923077
E07000218,North Warwickshire,24438,65000,37.596923076923076
E07000218,North Warwickshire,88,65000,0.13538461538461538
E07000218,North Warwickshire,1143,65000,1.7584615384615385
E07000218,North Warwickshire,5051,65000,7.770769230769231
E07000218,North Warwickshire,3489,65000,5.367692307692308
E07000218,North Warwickshire,0,65000,0
E07000218,North Warwickshire,27,65000,0.04153846153846154
E07000218,North Warwickshire,12,65000,0.018461538461538463
E07000218,North Warwickshire,0,65000,0
E07000218,North Warwickshire,2,65000,0.003076923076923077
E07000218,North Warwickshire,4,65000,0.006153846153846154
E07000218,North Warwickshire,5,65000,0.007692307692307693
E07000218,North Warwickshire,0,65000,0
E07000218,North Warwickshire,16,65000,0.024615384615384615
E07000218,North Warwickshire,10,65000,0.015384615384615385
E07000218,North Warwickshire,1,65000,0.0015384615384615385
E07000218,North Warwickshire,0,65000,0
E07000218,North Warwickshire,2,65000,0.003076923076923077
E07000218,North Warwickshire,0,65000,0
E07000218,North Warwickshire,0,65000,0
E07000218,North Warwickshire,21,65000,0.03230769230769231
E07000218,North Warwickshire,10,65000,0.015384615384615385
E07000218,North Warwickshire,0,65000,0
E07000218,North Warwickshire,0,65000,0
E07000218,North Warwickshire,4,65000,0.006153846153846154
E07000218,North Warwickshire,1,65000,0.0015384615384615385
E07000218,North Warwickshire,0,65000,0
E07000218,North Warwickshire,23,65000,0.03538461538461538
E07000218,North Warwickshire,4,65000,0.006153846153846154
E07000218,North Warwickshire,0,65000,0
E07000218,North Warwickshire,0,65000,0
E07000218,North Warwickshire,0,65000,0
E07000218,North Warwickshire,1,65000,0.0015384615384615385
E07000218,North Warwickshire,0,65000,0
E07000218,North Warwickshire,858,65000,1.32
E07000218,North Warwickshire,1024,65000,1.5753846153846154
E07000218,North Warwickshire,3,65000,0.004615384615384616
E07000218,North Warwickshire,48,65000,0.07384615384615385
E07000218,North Warwickshire,226,65000,0.3476923076923077
E07000218,North Warwickshire,264,65000,0.40615384615384614
E07000219,Nuneaton and Bedworth,0,134200,0
E07000219,Nuneaton and Bedworth,0,134200,0
E07000219,Nuneaton and Bedworth,0,134200,0
E07000219,Nuneaton and Bedworth,0,134200,0
E07000219,Nuneaton and Bedworth,0,134200,0
E07000219,Nuneaton and Bedworth,0,134200,0
E07000219,Nuneaton and Bedworth,0,134200,0
E07000219,Nuneaton and Bedworth,0,134200,0
E07000219,Nuneaton and Bedworth,35916,134200,26.763040238450074
E07000219,Nuneaton and Bedworth,47399,134200,35.31967213114754
E07000219,Nuneaton and Bedworth,166,134200,0.12369597615499255
E07000219,Nuneaton and Bedworth,2525,134200,1.8815201192250373
E07000219,Nuneaton and Bedworth,9782,134200,7.289120715350224
E07000219,Nuneaton and Bedworth,6767,134200,5.0424739195231
E07000219,Nuneaton and Bedworth,0,134200,0
E07000219,Nuneaton and Bedworth,77,134200,0.05737704918032787
E07000219,Nuneaton and Bedworth,74,134200,0.05514157973174367
E07000219,Nuneaton and Bedworth,0,134200,0
E07000219,Nuneaton and Bedworth,6,134200,0.004470938897168405
E07000219,Nuneaton and Bedworth,21,134200,0.01564828614008942
E07000219,Nuneaton and Bedworth,8,134200,0.005961251862891207
E07000219,Nuneaton and Bedworth,0,134200,0
E07000219,Nuneaton and Bedworth,38,134200,0.028315946348733235
E07000219,Nuneaton and Bedworth,24,134200,0.01788375558867362
E07000219,Nuneaton and Bedworth,0,134200,0
E07000219,Nuneaton and Bedworth,5,134200,0.0037257824143070045
E07000219,Nuneaton and Bedworth,9,134200,0.0067064083457526085
E07000219,Nuneaton and Bedworth,4,134200,0.0029806259314456036
E07000219,Nuneaton and Bedworth,0,134200,0
E07000219,Nuneaton and Bedworth,45,134200,0.03353204172876304
E07000219,Nuneaton and Bedworth,27,134200,0.020119225037257823
E07000219,Nuneaton and Bedworth,0,134200,0
E07000219,Nuneaton and Bedworth,3,134200,0.0022354694485842027
E07000219,Nuneaton and Bedworth,11,134200,0.00819672131147541
E07000219,Nuneaton and Bedworth,0,134200,0
E07000219,Nuneaton and Bedworth,0,134200,0
E07000219,Nuneaton and Bedworth,62,134200,0.046199701937406856
E07000219,Nuneaton and Bedworth,4,134200,0.0029806259314456036
E07000219,Nuneaton and Bedworth,0,134200,0
E07000219,Nuneaton and Bedworth,0,134200,0
E07000219,Nuneaton and Bedworth,1,134200,7.451564828614009e-4
E07000219,Nuneaton and Bedworth,0,134200,0
E07000219,Nuneaton and Bedworth,0,134200,0
E07000219,Nuneaton and Bedworth,2056,134200,1.5320417287630403
E07000219,Nuneaton and Bedworth,2376,134200,1.7704918032786885
E07000219,Nuneaton and Bedworth,5,134200,0.0037257824143070045
E07000219,Nuneaton and Bedworth,122,134200,0.09090909090909091
E07000219,Nuneaton and Bedworth,541,134200,0.40312965722801786
E07000219,Nuneaton and Bedworth,513,134200,0.38226527570789864
E07000220,Rugby,0,114400,0
E07000220,Rugby,0,114400,0
E07000220,Rugby,0,114400,0
E07000220,Rugby,0,114400,0
E07000220,Rugby,0,114400,0
E07000220,Rugby,0,114400,0
E07000220,Rugby,0,114400,0
E07000220,Rugby,0,114400,0
E07000220,Rugby,29013,114400,25.361013986013987
E07000220,Rugby,42405,114400,37.06730769230769
E07000220,Rugby,142,114400,0.12412587412587413
E07000220,Rugby,1833,114400,1.6022727272727273
E07000220,Rugby,8047,114400,7.034090909090909
E07000220,Rugby,5127,114400,4.481643356643357
E07000220,Rugby,0,114400,0
E07000220,Rugby,79,114400,0.06905594405594405
E07000220,Rugby,66,114400,0.057692307692307696
E07000220,Rugby,1,114400,8.741258741258741e-4
E07000220,Rugby,2,114400,0.0017482517482517483
E07000220,Rugby,25,114400,0.021853146853146852
E07000220,Rugby,6,114400,0.005244755244755245
E07000220,Rugby,0,114400,0
E07000220,Rugby,28,114400,0.024475524475524476
E07000220,Rugby,23,114400,0.020104895104895104
E07000220,Rugby,2,114400,0.0017482517482517483
E07000220,Rugby,7,114400,0.006118881118881119
E07000220,Rugby,12,114400,0.01048951048951049
E07000220,Rugby,4,114400,0.0034965034965034965
E07000220,Rugby,0,114400,0
E07000220,Rugby,36,114400,0.03146853146853147
E07000220,Rugby,23,114400,0.020104895104895104
E07000220,Rugby,1,114400,8.741258741258741e-4
E07000220,Rugby,1,114400,8.741258741258741e-4
E07000220,Rugby,8,114400,0.006993006993006993
E07000220,Rugby,2,114400,0.0017482517482517483
E07000220,Rugby,0,114400,0
E07000220,Rugby,48,114400,0.04195804195804196
E07000220,Rugby,11,114400,0.009615384615384616
E07000220,Rugby,0,114400,0
E07000220,Rugby,0,114400,0
E07000220,Rugby,2,114400,0.0017482517482517483
E07000220,Rugby,0,114400,0
E07000220,Rugby,0,114400,0
E07000220,Rugby,2067,114400,1.8068181818181819
E07000220,Rugby,2099,114400,1.8347902097902098
E07000220,Rugby,3,114400,0.0026223776223776225
E07000220,Rugby,122,114400,0.10664335664335664
E07000220,Rugby,495,114400,0.4326923076923077
E07000220,Rugby,448,114400,0.3916083916083916
E07000221,Stratford-on-Avon,0,134700,0
E07000221,Stratford-on-Avon,0,134700,0
E07000221,Stratford-on-Avon,0,134700,0
E07000221,Stratford-on-Avon,0,134700,0
E07000221,Stratford-on-Avon,0,134700,0
E07000221,Stratford-on-Avon,0,134700,0
E07000221,Stratford-on-Avon,0,134700,0
E07000221,Stratford-on-Avon,0,134700,0
E07000221,Stratford-on-Avon,30147,134700,22.380846325167038
E07000221,Stratford-on-Avon,56513,134700,41.9547141796585
E07000221,Stratford-on-Avon,200,134700,0.14847809948032664
E07000221,Stratford-on-Avon,2207,134700,1.6384558277654047
E07000221,Stratford-on-Avon,10512,134700,7.804008908685969
E07000221,Stratford-on-Avon,7543,134700,5.599851521900519
E07000221,Stratford-on-Avon,0,134700,0
E07000221,Stratford-on-Avon,42,134700,0.031180400890868598
E07000221,Stratford-on-Avon,30,134700,0.022271714922048998
E07000221,Stratford-on-Avon,0,134700,0
E07000221,Stratford-on-Avon,4,134700,0.002969561989606533
E07000221,Stratford-on-Avon,9,134700,0.0066815144766146995
E07000221,Stratford-on-Avon,10,134700,0.007423904974016332
E07000221,Stratford-on-Avon,0,134700,0
E07000221,Stratford-on-Avon,29,134700,0.021529324424647365
E07000221,Stratford-on-Avon,11,134700,0.008166295471417966
E07000221,Stratford-on-Avon,1,134700,7.423904974016332e-4
E07000221,Stratford-on-Avon,3,134700,0.0022271714922048997
E07000221,Stratford-on-Avon,7,134700,0.005196733481811433
E07000221,Stratford-on-Avon,9,134700,0.0066815144766146995
E07000221,Stratford-on-Avon,0,134700,0
E07000221,Stratford-on-Avon,32,134700,0.023756495916852263
E07000221,Stratford-on-Avon,14,134700,0.010393466963622866
E07000221,Stratford-on-Avon,0,134700,0
E07000221,Stratford-on-Avon,1,134700,7.423904974016332e-4
E07000221,Stratford-on-Avon,6,134700,0.004454342984409799
E07000221,Stratford-on-Avon,1,134700,7.423904974016332e-4
E07000221,Stratford-on-Avon,0,134700,0
E07000221,Stratford-on-Avon,69,134700,0.051224944320712694
E07000221,Stratford-on-Avon,3,134700,0.0022271714922048997
E07000221,Stratford-on-Avon,0,134700,0
E07000221,Stratford-on-Avon,2,134700,0.0014847809948032665
E07000221,Stratford-on-Avon,4,134700,0.002969561989606533
E07000221,Stratford-on-Avon,1,134700,7.423904974016332e-4
E07000221,Stratford-on-Avon,0,134700,0
E07000221,Stratford-on-Avon,1698,134700,1.2605790645879733
E07000221,Stratford-on-Avon,2355,134700,1.7483296213808464
E07000221,Stratford-on-Avon,4,134700,0.002969561989606533
E07000221,Stratford-on-Avon,88,134700,0.06533036377134373
E07000221,Stratford-on-Avon,522,134700,0.38752783964365256
E07000221,Stratford-on-Avon,563,134700,0.4179658500371195
E07000222,Warwick,0,148500,0
E07000222,Warwick,0,148500,0
E07000222,Warwick,0,148500,0
E07000222,Warwick,0,148500,0
E07000222,Warwick,0,148500,0
E07000222,Warwick,0,148500,0
E07000222,Warwick,0,148500,0
E07000222,Warwick,0,148500,0
E07000222,Warwick,43299,148500,29.157575757575756
E07000222,Warwick,54162,148500,36.472727272727276
E07000222,Warwick,236,148500,0.1589225589225589
E07000222,Warwick,2053,148500,1.3824915824915824
E07000222,Warwick,9918,148500,6.678787878787879
E07000222,Warwick,6682,148500,4.4996632996632995
E07000222,Warwick,0,148500,0
E07000222,Warwick,77,148500,0.05185185185185185
E07000222,Warwick,55,148500,0.037037037037037035
E07000222,Warwick,0,148500,0
E07000222,Warwick,4,148500,0.0026936026936026937
E07000222,Warwick,15,148500,0.010101010101010102
E07000222,Warwick,6,148500,0.00404040404040404
E07000222,Warwick,0,148500,0
E07000222,Warwick,56,148500,0.03771043771043771
E07000222,Warwick,30,148500,0.020202020202020204
E07000222,Warwick,2,148500,0.0013468013468013469
E07000222,Warwick,5,148500,0.003367003367003367
E07000222,Warwick,11,148500,0.007407407407407408
E07000222,Warwick,3,148500,0.00202020202020202
E07000222,Warwick,0,148500,0
E07000222,Warwick,59,148500,0.03973063973063973
E07000222,Warwick,23,148500,0.015488215488215488
E07000222,Warwick,0,148500,0
E07000222,Warwick,3,148500,0.00202020202020202
E07000222,Warwick,5,148500,0.003367003367003367
E07000222,Warwick,2,148500,0.0013468013468013469
E07000222,Warwick,0,148500,0
E07000222,Warwick,131,148500,0.08821548821548822
E07000222,Warwick,12,148500,0.00808080808080808
E07000222,Warwick,0,148500,0
E07000222,Warwick,1,148500,6.734006734006734e-4
E07000222,Warwick,4,148500,0.0026936026936026937
E07000222,Warwick,0,148500,0
E07000222,Warwick,0,148500,0
E07000222,Warwick,3147,148500,2.1191919191919193
E07000222,Warwick,2238,148500,1.507070707070707
E07000222,Warwick,5,148500,0.003367003367003367
E07000222,Warwick,97,148500,0.06531986531986532
E07000222,Warwick,475,148500,0.31986531986531985
E07000222,Warwick,439,148500,0.2956228956228956
E07000223,Adur,0,64500,0
E07000223,Adur,0,64500,0
E07000223,Adur,0,64500,0
E07000223,Adur,0,64500,0
E07000223,Adur,0,64500,0
E07000223,Adur,0,64500,0
E07000223,Adur,0,64500,0
E07000223,Adur,0,64500,0
E07000223,Adur,16726,64500,25.931782945736433
E07000223,Adur,23019,64500,35.688372093023254
E07000223,Adur,149,64500,0.2310077519379845
E07000223,Adur,1159,64500,1.7968992248062015
E07000223,Adur,5537,64500,8.584496124031007
E07000223,Adur,3723,64500,5.772093023255814
E07000223,Adur,0,64500,0
E07000223,Adur,24,64500,0.037209302325581395
E07000223,Adur,23,64500,0.03565891472868217
E07000223,Adur,0,64500,0
E07000223,Adur,2,64500,0.0031007751937984496
E07000223,Adur,4,64500,0.006201550387596899
E07000223,Adur,6,64500,0.009302325581395349
E07000223,Adur,0,64500,0
E07000223,Adur,20,64500,0.031007751937984496
E07000223,Adur,11,64500,0.017054263565891473
E07000223,Adur,0,64500,0
E07000223,Adur,0,64500,0
E07000223,Adur,2,64500,0.0031007751937984496
E07000223,Adur,4,64500,0.006201550387596899
E07000223,Adur,0,64500,0
E07000223,Adur,11,64500,0.017054263565891473
E07000223,Adur,13,64500,0.020155038759689922
E07000223,Adur,0,64500,0
E07000223,Adur,0,64500,0
E07000223,Adur,1,64500,0.0015503875968992248
E07000223,Adur,1,64500,0.0015503875968992248
E07000223,Adur,0,64500,0
E07000223,Adur,36,64500,0.05581395348837209
E07000223,Adur,3,64500,0.004651162790697674
E07000223,Adur,0,64500,0
E07000223,Adur,0,64500,0
E07000223,Adur,1,64500,0.0015503875968992248
E07000223,Adur,0,64500,0
E07000223,Adur,0,64500,0
E07000223,Adur,932,64500,1.4449612403100776
E07000223,Adur,900,64500,1.3953488372093024
E07000223,Adur,14,64500,0.021705426356589147
E07000223,Adur,44,64500,0.06821705426356589
E07000223,Adur,278,64500,0.4310077519379845
E07000223,Adur,308,64500,0.47751937984496123
E07000224,Arun,0,164800,0
E07000224,Arun,0,164800,0
E07000224,Arun,0,164800,0
E07000224,Arun,0,164800,0
E07000224,Arun,0,164800,0
E07000224,Arun,0,164800,0
E07000224,Arun,0,164800,0
E07000224,Arun,0,164800,0
E07000224,Arun,39719,164800,24.101334951456312
E07000224,Arun,62833,164800,38.126820388349515
E07000224,Arun,335,164800,0.2032766990291262
E07000224,Arun,2928,164800,1.7766990291262137
E07000224,Arun,14808,164800,8.985436893203884
E07000224,Arun,10825,164800,6.568567961165049
E07000224,Arun,0,164800,0
E07000224,Arun,115,164800,0.06978155339805825
E07000224,Arun,78,164800,0.04733009708737864
E07000224,Arun,1,164800,6.067961165048543e-4
E07000224,Arun,8,164800,0.0048543689320388345
E07000224,Arun,30,164800,0.01820388349514563
E07000224,Arun,15,164800,0.009101941747572815
E07000224,Arun,0,164800,0
E07000224,Arun,45,164800,0.027305825242718445
E07000224,Arun,20,164800,0.012135922330097087
E07000224,Arun,4,164800,0.0024271844660194173
E07000224,Arun,3,164800,0.0018203883495145632
E07000224,Arun,10,164800,0.006067961165048544
E07000224,Arun,4,164800,0.0024271844660194173
E07000224,Arun,0,164800,0
E07000224,Arun,52,164800,0.03155339805825243
E07000224,Arun,23,164800,0.013956310679611651
E07000224,Arun,0,164800,0
E07000224,Arun,6,164800,0.0036407766990291263
E07000224,Arun,7,164800,0.00424757281553398
E07000224,Arun,4,164800,0.0024271844660194173
E07000224,Arun,0,164800,0
E07000224,Arun,78,164800,0.04733009708737864
E07000224,Arun,3,164800,0.0018203883495145632
E07000224,Arun,0,164800,0
E07000224,Arun,0,164800,0
E07000224,Arun,5,164800,0.003033980582524272
E07000224,Arun,0,164800,0
E07000224,Arun,0,164800,0
E07000224,Arun,2756,164800,1.6723300970873787
E07000224,Arun,2913,164800,1.7675970873786409
E07000224,Arun,17,164800,0.010315533980582525
E07000224,Arun,160,164800,0.0970873786407767
E07000224,Arun,882,164800,0.5351941747572816
E07000224,Arun,867,164800,0.5260922330097088
E07000225,Chichester,0,124100,0
E07000225,Chichester,0,124100,0
E07000225,Chichester,0,124100,0
E07000225,Chichester,0,124100,0
E07000225,Chichester,0,124100,0
E07000225,Chichester,0,124100,0
E07000225,Chichester,0,124100,0
E07000225,Chichester,0,124100,0
E07000225,Chichester,30112,124100,24.26430298146656
E07000225,Chichester,49072,124100,39.54230459307011
E07000225,Chichester,263,124100,0.2119258662369057
E07000225,Chichester,2116,124100,1.7050765511684125
E07000225,Chichester,10031,124100,8.082997582594682
E07000225,Chichester,7551,124100,6.084609186140209
E07000225,Chichester,0,124100,0
E07000225,Chichester,54,124100,0.043513295729250605
E07000225,Chichester,43,124100,0.0346494762288477
E07000225,Chichester,2,124100,0.0016116035455278
E07000225,Chichester,2,124100,0.0016116035455278
E07000225,Chichester,13,124100,0.010475423045930701
E07000225,Chichester,5,124100,0.0040290088638195
E07000225,Chichester,0,124100,0
E07000225,Chichester,29,124100,0.023368251410153102
E07000225,Chichester,9,124100,0.007252215954875101
E07000225,Chichester,0,124100,0
E07000225,Chichester,1,124100,8.058017727639e-4
E07000225,Chichester,12,124100,0.009669621273166801
E07000225,Chichester,4,124100,0.0032232070910556
E07000225,Chichester,0,124100,0
E07000225,Chichester,61,124100,0.04915390813859791
E07000225,Chichester,17,124100,0.0136986301369863
E07000225,Chichester,0,124100,0
E07000225,Chichester,4,124100,0.0032232070910556
E07000225,Chichester,2,124100,0.0016116035455278
E07000225,Chichester,6,124100,0.004834810636583401
E07000225,Chichester,0,124100,0
E07000225,Chichester,80,124100,0.064464141821112
E07000225,Chichester,4,124100,0.0032232070910556
E07000225,Chichester,1,124100,8.058017727639e-4
E07000225,Chichester,1,124100,8.058017727639e-4
E07000225,Chichester,2,124100,0.0016116035455278
E07000225,Chichester,0,124100,0
E07000225,Chichester,0,124100,0
E07000225,Chichester,1936,124100,1.5600322320709106
E07000225,Chichester,2086,124100,1.6809024979854956
E07000225,Chichester,13,124100,0.010475423045930701
E07000225,Chichester,89,124100,0.0717163577759871
E07000225,Chichester,541,124100,0.43593875906526997
E07000225,Chichester,549,124100,0.44238517324738114
E07000226,Crawley,0,118500,0
E07000226,Crawley,0,118500,0
E07000226,Crawley,0,118500,0
E07000226,Crawley,0,118500,0
E07000226,Crawley,0,118500,0
E07000226,Crawley,0,118500,0
E07000226,Crawley,0,118500,0
E07000226,Crawley,0,118500,0
E07000226,Crawley,33366,118500,28.156962025316457
E07000226,Crawley,39170,118500,33.0548523206751
E07000226,Crawley,133,118500,0.11223628691983123
E07000226,Crawley,2125,118500,1.7932489451476794
E07000226,Crawley,8233,118500,6.947679324894515
E07000226,Crawley,4371,118500,3.688607594936709
E07000226,Crawley,0,118500,0
E07000226,Crawley,114,118500,0.09620253164556962
E07000226,Crawley,112,118500,0.09451476793248945
E07000226,Crawley,5,118500,0.004219409282700422
E07000226,Crawley,8,118500,0.006751054852320675
E07000226,Crawley,28,118500,0.02362869198312236
E07000226,Crawley,8,118500,0.006751054852320675
E07000226,Crawley,0,118500,0
E07000226,Crawley,40,118500,0.03375527426160337
E07000226,Crawley,46,118500,0.038818565400843885
E07000226,Crawley,0,118500,0
E07000226,Crawley,4,118500,0.0033755274261603376
E07000226,Crawley,15,118500,0.012658227848101266
E07000226,Crawley,6,118500,0.005063291139240506
E07000226,Crawley,0,118500,0
E07000226,Crawley,67,118500,0.056540084388185655
E07000226,Crawley,63,118500,0.053164556962025315
E07000226,Crawley,0,118500,0
E07000226,Crawley,4,118500,0.0033755274261603376
E07000226,Crawley,6,118500,0.005063291139240506
E07000226,Crawley,1,118500,8.438818565400844e-4
E07000226,Crawley,0,118500,0
E07000226,Crawley,53,118500,0.04472573839662447
E07000226,Crawley,5,118500,0.004219409282700422
E07000226,Crawley,0,118500,0
E07000226,Crawley,0,118500,0
E07000226,Crawley,2,118500,0.0016877637130801688
E07000226,Crawley,1,118500,8.438818565400844e-4
E07000226,Crawley,0,118500,0
E07000226,Crawley,2246,118500,1.8953586497890296
E07000226,Crawley,2407,118500,2.031223628691983
E07000226,Crawley,9,118500,0.007594936708860759
E07000226,Crawley,109,118500,0.0919831223628692
E07000226,Crawley,474,118500,0.4
E07000226,Crawley,335,118500,0.28270042194092826
E07000227,Horsham,0,146800,0
E07000227,Horsham,0,146800,0
E07000227,Horsham,0,146800,0
E07000227,Horsham,0,146800,0
E07000227,Horsham,0,146800,0
E07000227,Horsham,0,146800,0
E07000227,Horsham,0,146800,0
E07000227,Horsham,0,146800,0
E07000227,Horsham,33535,146800,22.84400544959128
E07000227,Horsham,60723,146800,41.36444141689373
E07000227,Horsham,263,146800,0.17915531335149865
E07000227,Horsham,2228,146800,1.5177111716621254
E07000227,Horsham,10748,146800,7.321525885558583
E07000227,Horsham,7360,146800,5.013623978201635
E07000227,Horsham,0,146800,0
E07000227,Horsham,43,146800,0.029291553133514985
E07000227,Horsham,32,146800,0.021798365122615803
E07000227,Horsham,1,146800,6.811989100817438e-4
E07000227,Horsham,2,146800,0.0013623978201634877
E07000227,Horsham,14,146800,0.009536784741144414
E07000227,Horsham,8,146800,0.005449591280653951
E07000227,Horsham,0,146800,0
E07000227,Horsham,37,146800,0.025204359673024524
E07000227,Horsham,14,146800,0.009536784741144414
E07000227,Horsham,0,146800,0
E07000227,Horsham,2,146800,0.0013623978201634877
E07000227,Horsham,5,146800,0.0034059945504087193
E07000227,Horsham,7,146800,0.004768392370572207
E07000227,Horsham,0,146800,0
E07000227,Horsham,39,146800,0.02656675749318801
E07000227,Horsham,18,146800,0.01226158038147139
E07000227,Horsham,3,146800,0.0020435967302452314
E07000227,Horsham,0,146800,0
E07000227,Horsham,5,146800,0.0034059945504087193
E07000227,Horsham,0,146800,0
E07000227,Horsham,0,146800,0
E07000227,Horsham,83,146800,0.05653950953678474
E07000227,Horsham,10,146800,0.006811989100817439
E07000227,Horsham,0,146800,0
E07000227,Horsham,1,146800,6.811989100817438e-4
E07000227,Horsham,2,146800,0.0013623978201634877
E07000227,Horsham,0,146800,0
E07000227,Horsham,0,146800,0
E07000227,Horsham,1989,146800,1.3549046321525886
E07000227,Horsham,2270,146800,1.5463215258855585
E07000227,Horsham,13,146800,0.008855585831062671
E07000227,Horsham,100,146800,0.0681198910081744
E07000227,Horsham,546,146800,0.37193460490463215
E07000227,Horsham,558,146800,0.3801089918256131
E07000228,Mid Sussex,0,152600,0
E07000228,Mid Sussex,0,152600,0
E07000228,Mid Sussex,0,152600,0
E07000228,Mid Sussex,0,152600,0
E07000228,Mid Sussex,0,152600,0
E07000228,Mid Sussex,0,152600,0
E07000228,Mid Sussex,0,152600,0
E07000228,Mid Sussex,0,152600,0
E07000228,Mid Sussex,35385,152600,23.18807339449541
E07000228,Mid Sussex,61062,152600,40.01441677588467
E07000228,Mid Sussex,265,152600,0.17365661861074705
E07000228,Mid Sussex,2361,152600,1.5471821756225426
E07000228,Mid Sussex,10856,152600,7.114023591087811
E07000228,Mid Sussex,7221,152600,4.731979030144168
E07000228,Mid Sussex,0,152600,0
E07000228,Mid Sussex,50,152600,0.0327653997378768
E07000228,Mid Sussex,75,152600,0.0491480996068152
E07000228,Mid Sussex,1,152600,6.55307994757536e-4
E07000228,Mid Sussex,3,152600,0.001965923984272608
E07000228,Mid Sussex,10,152600,0.00655307994757536
E07000228,Mid Sussex,8,152600,0.005242463958060288
E07000228,Mid Sussex,0,152600,0
E07000228,Mid Sussex,42,152600,0.027522935779816515
E07000228,Mid Sussex,26,152600,0.01703800786369594
E07000228,Mid Sussex,0,152600,0
E07000228,Mid Sussex,5,152600,0.00327653997378768
E07000228,Mid Sussex,13,152600,0.00851900393184797
E07000228,Mid Sussex,2,152600,0.001310615989515072
E07000228,Mid Sussex,0,152600,0
E07000228,Mid Sussex,38,152600,0.02490170380078637
E07000228,Mid Sussex,17,152600,0.011140235910878113
E07000228,Mid Sussex,0,152600,0
E07000228,Mid Sussex,3,152600,0.001965923984272608
E07000228,Mid Sussex,3,152600,0.001965923984272608
E07000228,Mid Sussex,5,152600,0.00327653997378768
E07000228,Mid Sussex,0,152600,0
E07000228,Mid Sussex,72,152600,0.047182175622542594
E07000228,Mid Sussex,10,152600,0.00655307994757536
E07000228,Mid Sussex,0,152600,0
E07000228,Mid Sussex,2,152600,0.001310615989515072
E07000228,Mid Sussex,5,152600,0.00327653997378768
E07000228,Mid Sussex,1,152600,6.55307994757536e-4
E07000228,Mid Sussex,0,152600,0
E07000228,Mid Sussex,2148,152600,1.4076015727391875
E07000228,Mid Sussex,2479,152600,1.624508519003932
E07000228,Mid Sussex,12,152600,0.007863695937090432
E07000228,Mid Sussex,85,152600,0.055701179554390565
E07000228,Mid Sussex,509,152600,0.33355176933158587
E07000228,Mid Sussex,541,152600,0.354521625163827
E07000229,Worthing,0,111400,0
E07000229,Worthing,0,111400,0
E07000229,Worthing,0,111400,0
E07000229,Worthing,0,111400,0
E07000229,Worthing,0,111400,0
E07000229,Worthing,0,111400,0
E07000229,Worthing,0,111400,0
E07000229,Worthing,0,111400,0
E07000229,Worthing,29811,111400,26.76032315978456
E07000229,Worthing,38592,111400,34.642728904847395
E07000229,Worthing,233,111400,0.20915619389587073
E07000229,Worthing,2091,111400,1.877019748653501
E07000229,Worthing,10061,111400,9.031418312387792
E07000229,Worthing,6154,111400,5.524236983842011
E07000229,Worthing,0,111400,0
E07000229,Worthing,60,111400,0.05385996409335727
E07000229,Worthing,42,111400,0.03770197486535009
E07000229,Worthing,2,111400,0.0017953321364452424
E07000229,Worthing,10,111400,0.008976660682226212
E07000229,Worthing,19,111400,0.017055655296229804
E07000229,Worthing,10,111400,0.008976660682226212
E07000229,Worthing,0,111400,0
E07000229,Worthing,45,111400,0.04039497307001795
E07000229,Worthing,14,111400,0.012567324955116697
E07000229,Worthing,0,111400,0
E07000229,Worthing,0,111400,0
E07000229,Worthing,11,111400,0.009874326750448833
E07000229,Worthing,10,111400,0.008976660682226212
E07000229,Worthing,0,111400,0
E07000229,Worthing,50,111400,0.04488330341113106
E07000229,Worthing,20,111400,0.017953321364452424
E07000229,Worthing,0,111400,0
E07000229,Worthing,2,111400,0.0017953321364452424
E07000229,Worthing,1,111400,8.976660682226212e-4
E07000229,Worthing,1,111400,8.976660682226212e-4
E07000229,Worthing,0,111400,0
E07000229,Worthing,101,111400,0.09066427289048475
E07000229,Worthing,4,111400,0.003590664272890485
E07000229,Worthing,0,111400,0
E07000229,Worthing,2,111400,0.0017953321364452424
E07000229,Worthing,5,111400,0.004488330341113106
E07000229,Worthing,2,111400,0.0017953321364452424
E07000229,Worthing,0,111400,0
E07000229,Worthing,2093,111400,1.8788150807899462
E07000229,Worthing,1727,111400,1.5502692998204668
E07000229,Worthing,15,111400,0.013464991023339317
E07000229,Worthing,95,111400,0.08527827648114901
E07000229,Worthing,581,111400,0.5215439856373429
E07000229,Worthing,489,111400,0.43895870736086173
E07000234,Bromsgrove,0,99200,0
E07000234,Bromsgrove,0,99200,0
E07000234,Bromsgrove,0,99200,0
E07000234,Bromsgrove,0,99200,0
E07000234,Bromsgrove,0,99200,0
E07000234,Bromsgrove,0,99200,0
E07000234,Bromsgrove,0,99200,0
E07000234,Bromsgrove,0,99200,0
E07000234,Bromsgrove,22896,99200,23.080645161290324
E07000234,Bromsgrove,40314,99200,40.63911290322581
E07000234,Bromsgrove,106,99200,0.10685483870967742
E07000234,Bromsgrove,1544,99200,1.5564516129032258
E07000234,Bromsgrove,6893,99200,6.948588709677419
E07000234,Bromsgrove,5389,99200,5.432459677419355
E07000234,Bromsgrove,0,99200,0
E07000234,Bromsgrove,26,99200,0.02620967741935484
E07000234,Bromsgrove,13,99200,0.01310483870967742
E07000234,Bromsgrove,3,99200,0.0030241935483870967
E07000234,Bromsgrove,1,99200,0.0010080645161290322
E07000234,Bromsgrove,10,99200,0.010080645161290322
E07000234,Bromsgrove,9,99200,0.009072580645161291
E07000234,Bromsgrove,0,99200,0
E07000234,Bromsgrove,20,99200,0.020161290322580645
E07000234,Bromsgrove,9,99200,0.009072580645161291
E07000234,Bromsgrove,0,99200,0
E07000234,Bromsgrove,1,99200,0.0010080645161290322
E07000234,Bromsgrove,7,99200,0.007056451612903226
E07000234,Bromsgrove,3,99200,0.0030241935483870967
E07000234,Bromsgrove,0,99200,0
E07000234,Bromsgrove,20,99200,0.020161290322580645
E07000234,Bromsgrove,12,99200,0.012096774193548387
E07000234,Bromsgrove,0,99200,0
E07000234,Bromsgrove,0,99200,0
E07000234,Bromsgrove,4,99200,0.004032258064516129
E07000234,Bromsgrove,3,99200,0.0030241935483870967
E07000234,Bromsgrove,0,99200,0
E07000234,Bromsgrove,38,99200,0.038306451612903226
E07000234,Bromsgrove,5,99200,0.005040322580645161
E07000234,Bromsgrove,0,99200,0
E07000234,Bromsgrove,0,99200,0
E07000234,Bromsgrove,1,99200,0.0010080645161290322
E07000234,Bromsgrove,0,99200,0
E07000234,Bromsgrove,0,99200,0
E07000234,Bromsgrove,1298,99200,1.3084677419354838
E07000234,Bromsgrove,1546,99200,1.5584677419354838
E07000234,Bromsgrove,4,99200,0.004032258064516129
E07000234,Bromsgrove,57,99200,0.057459677419354836
E07000234,Bromsgrove,377,99200,0.3800403225806452
E07000234,Bromsgrove,492,99200,0.4959677419354839
E07000235,Malvern Hills,0,79400,0
E07000235,Malvern Hills,0,79400,0
E07000235,Malvern Hills,0,79400,0
E07000235,Malvern Hills,0,79400,0
E07000235,Malvern Hills,0,79400,0
E07000235,Malvern Hills,0,79400,0
E07000235,Malvern Hills,0,79400,0
E07000235,Malvern Hills,0,79400,0
E07000235,Malvern Hills,17714,79400,22.309823677581864
E07000235,Malvern Hills,33151,79400,41.75188916876574
E07000235,Malvern Hills,155,79400,0.1952141057934509
E07000235,Malvern Hills,1246,79400,1.5692695214105794
E07000235,Malvern Hills,6177,79400,7.779596977329975
E07000235,Malvern Hills,4878,79400,6.143576826196473
E07000235,Malvern Hills,0,79400,0
E07000235,Malvern Hills,29,79400,0.036523929471032744
E07000235,Malvern Hills,22,79400,0.027707808564231738
E07000235,Malvern Hills,1,79400,0.0012594458438287153
E07000235,Malvern Hills,1,79400,0.0012594458438287153
E07000235,Malvern Hills,8,79400,0.010075566750629723
E07000235,Malvern Hills,4,79400,0.005037783375314861
E07000235,Malvern Hills,0,79400,0
E07000235,Malvern Hills,13,79400,0.0163727959697733
E07000235,Malvern Hills,7,79400,0.008816120906801008
E07000235,Malvern Hills,0,79400,0
E07000235,Malvern Hills,1,79400,0.0012594458438287153
E07000235,Malvern Hills,7,79400,0.008816120906801008
E07000235,Malvern Hills,4,79400,0.005037783375314861
E07000235,Malvern Hills,0,79400,0
E07000235,Malvern Hills,25,79400,0.031486146095717885
E07000235,Malvern Hills,14,79400,0.017632241813602016
E07000235,Malvern Hills,0,79400,0
E07000235,Malvern Hills,2,79400,0.0025188916876574307
E07000235,Malvern Hills,2,79400,0.0025188916876574307
E07000235,Malvern Hills,3,79400,0.003778337531486146
E07000235,Malvern Hills,0,79400,0
E07000235,Malvern Hills,38,79400,0.047858942065491183
E07000235,Malvern Hills,4,79400,0.005037783375314861
E07000235,Malvern Hills,0,79400,0
E07000235,Malvern Hills,1,79400,0.0012594458438287153
E07000235,Malvern Hills,2,79400,0.0025188916876574307
E07000235,Malvern Hills,0,79400,0
E07000235,Malvern Hills,0,79400,0
E07000235,Malvern Hills,1350,79400,1.7002518891687657
E07000235,Malvern Hills,1414,79400,1.7808564231738035
E07000235,Malvern Hills,3,79400,0.003778337531486146
E07000235,Malvern Hills,66,79400,0.08312342569269521
E07000235,Malvern Hills,377,79400,0.4748110831234257
E07000235,Malvern Hills,400,79400,0.5037783375314862
E07000236,Redditch,0,87000,0
E07000236,Redditch,0,87000,0
E07000236,Redditch,0,87000,0
E07000236,Redditch,0,87000,0
E07000236,Redditch,0,87000,0
E07000236,Redditch,0,87000,0
E07000236,Redditch,0,87000,0
E07000236,Redditch,0,87000,0
E07000236,Redditch,23298,87000,26.779310344827586
E07000236,Redditch,30738,87000,35.33103448275862
E07000236,Redditch,152,87000,0.17471264367816092
E07000236,Redditch,1546,87000,1.7770114942528736
E07000236,Redditch,6771,87000,7.7827586206896555
E07000236,Redditch,3770,87000,4.333333333333333
E07000236,Redditch,0,87000,0
E07000236,Redditch,50,87000,0.05747126436781609
E07000236,Redditch,38,87000,0.04367816091954023
E07000236,Redditch,0,87000,0
E07000236,Redditch,4,87000,0.004597701149425287
E07000236,Redditch,14,87000,0.016091954022988506
E07000236,Redditch,9,87000,0.010344827586206896
E07000236,Redditch,0,87000,0
E07000236,Redditch,29,87000,0.03333333333333333
E07000236,Redditch,9,87000,0.010344827586206896
E07000236,Redditch,1,87000,0.0011494252873563218
E07000236,Redditch,5,87000,0.005747126436781609
E07000236,Redditch,5,87000,0.005747126436781609
E07000236,Redditch,2,87000,0.0022988505747126436
E07000236,Redditch,0,87000,0
E07000236,Redditch,39,87000,0.04482758620689655
E07000236,Redditch,6,87000,0.006896551724137931
E07000236,Redditch,0,87000,0
E07000236,Redditch,1,87000,0.0011494252873563218
E07000236,Redditch,4,87000,0.004597701149425287
E07000236,Redditch,0,87000,0
E07000236,Redditch,0,87000,0
E07000236,Redditch,35,87000,0.040229885057471264
E07000236,Redditch,6,87000,0.006896551724137931
E07000236,Redditch,0,87000,0
E07000236,Redditch,2,87000,0.0022988505747126436
E07000236,Redditch,2,87000,0.0022988505747126436
E07000236,Redditch,0,87000,0
E07000236,Redditch,0,87000,0
E07000236,Redditch,1510,87000,1.735632183908046
E07000236,Redditch,1433,87000,1.6471264367816092
E07000236,Redditch,4,87000,0.004597701149425287
E07000236,Redditch,83,87000,0.09540229885057472
E07000236,Redditch,391,87000,0.4494252873563218
E07000236,Redditch,295,87000,0.3390804597701149
E07000237,Worcester,0,103900,0
E07000237,Worcester,0,103900,0
E07000237,Worcester,0,103900,0
E07000237,Worcester,0,103900,0
E07000237,Worcester,0,103900,0
E07000237,Worcester,0,103900,0
E07000237,Worcester,0,103900,0
E07000237,Worcester,0,103900,0
E07000237,Worcester,31627,103900,30.439846005774783
E07000237,Worcester,34169,103900,32.886429258902794
E07000237,Worcester,119,103900,0.11453320500481232
E07000237,Worcester,1669,103900,1.6063522617901829
E07000237,Worcester,8086,103900,7.782483156881617
E07000237,Worcester,4527,103900,4.357074109720886
E07000237,Worcester,0,103900,0
E07000237,Worcester,69,103900,0.06641000962463908
E07000237,Worcester,58,103900,0.05582290664100096
E07000237,Worcester,0,103900,0
E07000237,Worcester,2,103900,0.0019249278152069298
E07000237,Worcester,18,103900,0.017324350336862367
E07000237,Worcester,9,103900,0.008662175168431183
E07000237,Worcester,0,103900,0
E07000237,Worcester,43,103900,0.04138594802694899
E07000237,Worcester,18,103900,0.017324350336862367
E07000237,Worcester,0,103900,0
E07000237,Worcester,1,103900,9.624639076034649e-4
E07000237,Worcester,7,103900,0.006737247353224254
E07000237,Worcester,2,103900,0.0019249278152069298
E07000237,Worcester,0,103900,0
E07000237,Worcester,44,103900,0.04234841193455245
E07000237,Worcester,11,103900,0.010587102983638113
E07000237,Worcester,2,103900,0.0019249278152069298
E07000237,Worcester,2,103900,0.0019249278152069298
E07000237,Worcester,6,103900,0.005774783445620789
E07000237,Worcester,0,103900,0
E07000237,Worcester,0,103900,0
E07000237,Worcester,101,103900,0.09720885466794996
E07000237,Worcester,10,103900,0.009624639076034648
E07000237,Worcester,0,103900,0
E07000237,Worcester,2,103900,0.0019249278152069298
E07000237,Worcester,3,103900,0.0028873917228103944
E07000237,Worcester,1,103900,9.624639076034649e-4
E07000237,Worcester,0,103900,0
E07000237,Worcester,2352,103900,2.2637151106833495
E07000237,Worcester,1688,103900,1.6246390760346487
E07000237,Worcester,5,103900,0.004812319538017324
E07000237,Worcester,99,103900,0.09528392685274302
E07000237,Worcester,465,103900,0.4475457170356112
E07000237,Worcester,389,103900,0.37439846005774785
E07000238,Wychavon,0,132500,0
E07000238,Wychavon,0,132500,0
E07000238,Wychavon,0,132500,0
E07000238,Wychavon,0,132500,0
E07000238,Wychavon,0,132500,0
E07000238,Wychavon,0,132500,0
E07000238,Wychavon,0,132500,0
E07000238,Wychavon,0,132500,0
E07000238,Wychavon,30242,132500,22.824150943396226
E07000238,Wychavon,54891,132500,41.42716981132075
E07000238,Wychavon,212,132500,0.16
E07000238,Wychavon,2029,132500,1.5313207547169811
E07000238,Wychavon,10395,132500,7.845283018867924
E07000238,Wychavon,7275,132500,5.490566037735849
E07000238,Wychavon,0,132500,0
E07000238,Wychavon,74,132500,0.05584905660377359
E07000238,Wychavon,49,132500,0.0369811320754717
E07000238,Wychavon,0,132500,0
E07000238,Wychavon,7,132500,0.005283018867924529
E07000238,Wychavon,16,132500,0.012075471698113207
E07000238,Wychavon,8,132500,0.0060377358490566035
E07000238,Wychavon,0,132500,0
E07000238,Wychavon,21,132500,0.015849056603773583
E07000238,Wychavon,15,132500,0.011320754716981131
E07000238,Wychavon,0,132500,0
E07000238,Wychavon,1,132500,7.547169811320754e-4
E07000238,Wychavon,7,132500,0.005283018867924529
E07000238,Wychavon,6,132500,0.004528301886792453
E07000238,Wychavon,0,132500,0
E07000238,Wychavon,32,132500,0.024150943396226414
E07000238,Wychavon,14,132500,0.010566037735849057
E07000238,Wychavon,0,132500,0
E07000238,Wychavon,2,132500,0.0015094339622641509
E07000238,Wychavon,1,132500,7.547169811320754e-4
E07000238,Wychavon,0,132500,0
E07000238,Wychavon,0,132500,0
E07000238,Wychavon,39,132500,0.02943396226415094
E07000238,Wychavon,9,132500,0.006792452830188679
E07000238,Wychavon,0,132500,0
E07000238,Wychavon,1,132500,7.547169811320754e-4
E07000238,Wychavon,5,132500,0.0037735849056603774
E07000238,Wychavon,0,132500,0
E07000238,Wychavon,0,132500,0
E07000238,Wychavon,1877,132500,1.4166037735849057
E07000238,Wychavon,2268,132500,1.7116981132075473
E07000238,Wychavon,8,132500,0.0060377358490566035
E07000238,Wychavon,105,132500,0.07924528301886792
E07000238,Wychavon,559,132500,0.4218867924528302
E07000238,Wychavon,544,132500,0.41056603773584904
E07000239,Wyre Forest,0,101600,0
E07000239,Wyre Forest,0,101600,0
E07000239,Wyre Forest,0,101600,0
E07000239,Wyre Forest,0,101600,0
E07000239,Wyre Forest,0,101600,0
E07000239,Wyre Forest,0,101600,0
E07000239,Wyre Forest,0,101600,0
E07000239,Wyre Forest,0,101600,0
E07000239,Wyre Forest,25719,101600,25.313976377952756
E07000239,Wyre Forest,37180,101600,36.59448818897638
E07000239,Wyre Forest,133,101600,0.1309055118110236
E07000239,Wyre Forest,1892,101600,1.8622047244094488
E07000239,Wyre Forest,8762,101600,8.624015748031496
E07000239,Wyre Forest,5884,101600,5.791338582677166
E07000239,Wyre Forest,0,101600,0
E07000239,Wyre Forest,43,101600,0.04232283464566929
E07000239,Wyre Forest,28,101600,0.027559055118110236
E07000239,Wyre Forest,2,101600,0.001968503937007874
E07000239,Wyre Forest,2,101600,0.001968503937007874
E07000239,Wyre Forest,9,101600,0.008858267716535433
E07000239,Wyre Forest,6,101600,0.005905511811023622
E07000239,Wyre Forest,0,101600,0
E07000239,Wyre Forest,30,101600,0.02952755905511811
E07000239,Wyre Forest,14,101600,0.013779527559055118
E07000239,Wyre Forest,0,101600,0
E07000239,Wyre Forest,3,101600,0.002952755905511811
E07000239,Wyre Forest,4,101600,0.003937007874015748
E07000239,Wyre Forest,3,101600,0.002952755905511811
E07000239,Wyre Forest,0,101600,0
E07000239,Wyre Forest,33,101600,0.03248031496062992
E07000239,Wyre Forest,14,101600,0.013779527559055118
E07000239,Wyre Forest,1,101600,9.84251968503937e-4
E07000239,Wyre Forest,1,101600,9.84251968503937e-4
E07000239,Wyre Forest,0,101600,0
E07000239,Wyre Forest,2,101600,0.001968503937007874
E07000239,Wyre Forest,0,101600,0
E07000239,Wyre Forest,37,101600,0.03641732283464567
E07000239,Wyre Forest,4,101600,0.003937007874015748
E07000239,Wyre Forest,0,101600,0
E07000239,Wyre Forest,0,101600,0
E07000239,Wyre Forest,7,101600,0.006889763779527559
E07000239,Wyre Forest,0,101600,0
E07000239,Wyre Forest,0,101600,0
E07000239,Wyre Forest,1606,101600,1.580708661417323
E07000239,Wyre Forest,1887,101600,1.8572834645669292
E07000239,Wyre Forest,10,101600,0.00984251968503937
E07000239,Wyre Forest,95,101600,0.09350393700787402
E07000239,Wyre Forest,536,101600,0.5275590551181102
E07000239,Wyre Forest,615,101600,0.6053149606299213
E07000240,St Albans,0,148200,0
E07000240,St Albans,0,148200,0
E07000240,St Albans,0,148200,0
E07000240,St Albans,0,148200,0
E07000240,St Albans,0,148200,0
E07000240,St Albans,0,148200,0
E07000240,St Albans,0,148200,0
E07000240,St Albans,0,148200,0
E07000240,St Albans,34417,148200,23.223346828609987
E07000240,St Albans,59084,148200,39.86774628879892
E07000240,St Albans,207,148200,0.1396761133603239
E07000240,St Albans,2007,148200,1.354251012145749
E07000240,St Albans,8262,148200,5.574898785425101
E07000240,St Albans,6038,148200,4.074224021592443
E07000240,St Albans,0,148200,0
E07000240,St Albans,70,148200,0.04723346828609987
E07000240,St Albans,48,148200,0.032388663967611336
E07000240,St Albans,1,148200,6.747638326585695e-4
E07000240,St Albans,4,148200,0.002699055330634278
E07000240,St Albans,12,148200,0.008097165991902834
E07000240,St Albans,11,148200,0.007422402159244264
E07000240,St Albans,0,148200,0
E07000240,St Albans,48,148200,0.032388663967611336
E07000240,St Albans,29,148200,0.019568151147098516
E07000240,St Albans,0,148200,0
E07000240,St Albans,0,148200,0
E07000240,St Albans,9,148200,0.006072874493927126
E07000240,St Albans,4,148200,0.002699055330634278
E07000240,St Albans,0,148200,0
E07000240,St Albans,42,148200,0.02834008097165992
E07000240,St Albans,26,148200,0.017543859649122806
E07000240,St Albans,2,148200,0.001349527665317139
E07000240,St Albans,2,148200,0.001349527665317139
E07000240,St Albans,4,148200,0.002699055330634278
E07000240,St Albans,3,148200,0.0020242914979757085
E07000240,St Albans,0,148200,0
E07000240,St Albans,74,148200,0.04993252361673414
E07000240,St Albans,6,148200,0.004048582995951417
E07000240,St Albans,0,148200,0
E07000240,St Albans,2,148200,0.001349527665317139
E07000240,St Albans,1,148200,6.747638326585695e-4
E07000240,St Albans,0,148200,0
E07000240,St Albans,0,148200,0
E07000240,St Albans,2199,148200,1.4838056680161944
E07000240,St Albans,2412,148200,1.6275303643724697
E07000240,St Albans,14,148200,0.009446693657219974
E07000240,St Albans,108,148200,0.0728744939271255
E07000240,St Albans,477,148200,0.32186234817813764
E07000240,St Albans,465,148200,0.31376518218623484
E07000241,Welwyn Hatfield,0,119900,0
E07000241,Welwyn Hatfield,0,119900,0
E07000241,Welwyn Hatfield,0,119900,0
E07000241,Welwyn Hatfield,0,119900,0
E07000241,Welwyn Hatfield,0,119900,0
E07000241,Welwyn Hatfield,0,119900,0
E07000241,Welwyn Hatfield,0,119900,0
E07000241,Welwyn Hatfield,0,119900,0
E07000241,Welwyn Hatfield,36222,119900,30.210175145954963
E07000241,Welwyn Hatfield,40212,119900,33.53794829024187
E07000241,Welwyn Hatfield,169,119900,0.1409507923269391
E07000241,Welwyn Hatfield,1911,119900,1.5938281901584654
E07000241,Welwyn Hatfield,7292,119900,6.081734778982486
E07000241,Welwyn Hatfield,4852,119900,4.046705587989992
E07000241,Welwyn Hatfield,0,119900,0
E07000241,Welwyn Hatfield,84,119900,0.07005838198498748
E07000241,Welwyn Hatfield,65,119900,0.05421184320266889
E07000241,Welwyn Hatfield,0,119900,0
E07000241,Welwyn Hatfield,4,119900,0.003336113427856547
E07000241,Welwyn Hatfield,21,119900,0.01751459549624687
E07000241,Welwyn Hatfield,15,119900,0.012510425354462052
E07000241,Welwyn Hatfield,0,119900,0
E07000241,Welwyn Hatfield,60,119900,0.05004170141784821
E07000241,Welwyn Hatfield,26,119900,0.021684737281067557
E07000241,Welwyn Hatfield,0,119900,0
E07000241,Welwyn Hatfield,3,119900,0.0025020850708924102
E07000241,Welwyn Hatfield,10,119900,0.008340283569641367
E07000241,Welwyn Hatfield,11,119900,0.009174311926605505
E07000241,Welwyn Hatfield,0,119900,0
E07000241,Welwyn Hatfield,64,119900,0.05337781484570475
E07000241,Welwyn Hatfield,30,119900,0.025020850708924104
E07000241,Welwyn Hatfield,0,119900,0
E07000241,Welwyn Hatfield,1,119900,8.340283569641367e-4
E07000241,Welwyn Hatfield,5,119900,0.004170141784820684
E07000241,Welwyn Hatfield,1,119900,8.340283569641367e-4
E07000241,Welwyn Hatfield,0,119900,0
E07000241,Welwyn Hatfield,115,119900,0.09591326105087573
E07000241,Welwyn Hatfield,8,119900,0.006672226855713094
E07000241,Welwyn Hatfield,0,119900,0
E07000241,Welwyn Hatfield,0,119900,0
E07000241,Welwyn Hatfield,3,119900,0.0025020850708924102
E07000241,Welwyn Hatfield,0,119900,0
E07000241,Welwyn Hatfield,0,119900,0
E07000241,Welwyn Hatfield,3305,119900,2.756463719766472
E07000241,Welwyn Hatfield,2020,119900,1.6847372810675563
E07000241,Welwyn Hatfield,12,119900,0.010008340283569641
E07000241,Welwyn Hatfield,89,119900,0.07422852376980818
E07000241,Welwyn Hatfield,463,119900,0.3861551292743953
E07000241,Welwyn Hatfield,410,119900,0.3419516263552961
E07000242,East Hertfordshire,0,150100,0
E07000242,East Hertfordshire,0,150100,0
E07000242,East Hertfordshire,0,150100,0
E07000242,East Hertfordshire,0,150100,0
E07000242,East Hertfordshire,0,150100,0
E07000242,East Hertfordshire,0,150100,0
E07000242,East Hertfordshire,0,150100,0
E07000242,East Hertfordshire,0,150100,0
E07000242,East Hertfordshire,38561,150100,25.690206528980678
E07000242,East Hertfordshire,57840,150100,38.534310459693536
E07000242,East Hertfordshire,184,150100,0.12258494337108594
E07000242,East Hertfordshire,2145,150100,1.4290473017988008
E07000242,East Hertfordshire,10032,150100,6.6835443037974684
E07000242,East Hertfordshire,6458,150100,4.302465023317788
E07000242,East Hertfordshire,0,150100,0
E07000242,East Hertfordshire,45,150100,0.029980013324450366
E07000242,East Hertfordshire,38,150100,0.02531645569620253
E07000242,East Hertfordshire,0,150100,0
E07000242,East Hertfordshire,4,150100,0.002664890073284477
E07000242,East Hertfordshire,11,150100,0.0073284477015323115
E07000242,East Hertfordshire,7,150100,0.004663557628247834
E07000242,East Hertfordshire,0,150100,0
E07000242,East Hertfordshire,34,150100,0.022651565622918056
E07000242,East Hertfordshire,16,150100,0.010659560293137908
E07000242,East Hertfordshire,0,150100,0
E07000242,East Hertfordshire,1,150100,6.662225183211193e-4
E07000242,East Hertfordshire,10,150100,0.006662225183211193
E07000242,East Hertfordshire,5,150100,0.0033311125916055963
E07000242,East Hertfordshire,0,150100,0
E07000242,East Hertfordshire,31,150100,0.020652898067954697
E07000242,East Hertfordshire,17,150100,0.011325782811459028
E07000242,East Hertfordshire,0,150100,0
E07000242,East Hertfordshire,1,150100,6.662225183211193e-4
E07000242,East Hertfordshire,4,150100,0.002664890073284477
E07000242,East Hertfordshire,1,150100,6.662225183211193e-4
E07000242,East Hertfordshire,0,150100,0
E07000242,East Hertfordshire,72,150100,0.047968021319120584
E07000242,East Hertfordshire,5,150100,0.0033311125916055963
E07000242,East Hertfordshire,0,150100,0
E07000242,East Hertfordshire,0,150100,0
E07000242,East Hertfordshire,2,150100,0.0013324450366422385
E07000242,East Hertfordshire,0,150100,0
E07000242,East Hertfordshire,0,150100,0
E07000242,East Hertfordshire,2299,150100,1.5316455696202531
E07000242,East Hertfordshire,2318,150100,1.5443037974683544
E07000242,East Hertfordshire,5,150100,0.0033311125916055963
E07000242,East Hertfordshire,105,150100,0.06995336442371752
E07000242,East Hertfordshire,490,150100,0.3264490339773484
E07000242,East Hertfordshire,411,150100,0.27381745502998
E07000243,Stevenage,0,89500,0
E07000243,Stevenage,0,89500,0
E07000243,Stevenage,0,89500,0
E07000243,Stevenage,0,89500,0
E07000243,Stevenage,0,89500,0
E07000243,Stevenage,0,89500,0
E07000243,Stevenage,0,89500,0
E07000243,Stevenage,0,89500,0
E07000243,Stevenage,25520,89500,28.51396648044693
E07000243,Stevenage,29576,89500,33.04581005586592
E07000243,Stevenage,103,89500,0.11508379888268157
E07000243,Stevenage,1708,89500,1.9083798882681564
E07000243,Stevenage,6571,89500,7.341899441340782
E07000243,Stevenage,3685,89500,4.11731843575419
E07000243,Stevenage,0,89500,0
E07000243,Stevenage,67,89500,0.07486033519553073
E07000243,Stevenage,48,89500,0.053631284916201116
E07000243,Stevenage,0,89500,0
E07000243,Stevenage,4,89500,0.004469273743016759
E07000243,Stevenage,7,89500,0.00782122905027933
E07000243,Stevenage,3,89500,0.0033519553072625698
E07000243,Stevenage,0,89500,0
E07000243,Stevenage,34,89500,0.03798882681564246
E07000243,Stevenage,26,89500,0.02905027932960894
E07000243,Stevenage,0,89500,0
E07000243,Stevenage,5,89500,0.00558659217877095
E07000243,Stevenage,12,89500,0.013407821229050279
E07000243,Stevenage,3,89500,0.0033519553072625698
E07000243,Stevenage,0,89500,0
E07000243,Stevenage,49,89500,0.054748603351955305
E07000243,Stevenage,24,89500,0.026815642458100558
E07000243,Stevenage,0,89500,0
E07000243,Stevenage,3,89500,0.0033519553072625698
E07000243,Stevenage,4,89500,0.004469273743016759
E07000243,Stevenage,2,89500,0.0022346368715083797
E07000243,Stevenage,0,89500,0
E07000243,Stevenage,46,89500,0.05139664804469274
E07000243,Stevenage,11,89500,0.012290502793296089
E07000243,Stevenage,0,89500,0
E07000243,Stevenage,2,89500,0.0022346368715083797
E07000243,Stevenage,4,89500,0.004469273743016759
E07000243,Stevenage,1,89500,0.0011173184357541898
E07000243,Stevenage,0,89500,0
E07000243,Stevenage,1522,89500,1.7005586592178772
E07000243,Stevenage,1467,89500,1.6391061452513966
E07000243,Stevenage,3,89500,0.0033519553072625698
E07000243,Stevenage,83,89500,0.09273743016759776
E07000243,Stevenage,352,89500,0.39329608938547483
E07000243,Stevenage,297,89500,0.3318435754189944
E07000244,East Suffolk,0,245900,0
E07000244,East Suffolk,0,245900,0
E07000244,East Suffolk,0,245900,0
E07000244,East Suffolk,0,245900,0
E07000244,East Suffolk,0,245900,0
E07000244,East Suffolk,0,245900,0
E07000244,East Suffolk,0,245900,0
E07000244,East Suffolk,0,245900,0
E07000244,East Suffolk,57200,245900,23.261488409922734
E07000244,East Suffolk,96226,245900,39.13216754778365
E07000244,East Suffolk,500,245900,0.203334688897926
E07000244,East Suffolk,4305,245900,1.7507116714111428
E07000244,East Suffolk,21188,245900,8.616510776738512
E07000244,East Suffolk,15173,245900,6.170394469296462
E07000244,East Suffolk,0,245900,0
E07000244,East Suffolk,110,245900,0.044733631557543715
E07000244,East Suffolk,71,245900,0.02887352582350549
E07000244,East Suffolk,1,245900,4.0666937779585197e-4
E07000244,East Suffolk,3,245900,0.0012200081333875558
E07000244,East Suffolk,26,245900,0.01057340382269215
E07000244,East Suffolk,12,245900,0.004880032533550223
E07000244,East Suffolk,0,245900,0
E07000244,East Suffolk,73,245900,0.029686864579097194
E07000244,East Suffolk,34,245900,0.013826758845058967
E07000244,East Suffolk,0,245900,0
E07000244,East Suffolk,6,245900,0.0024400162667751117
E07000244,East Suffolk,20,245900,0.008133387555917039
E07000244,East Suffolk,8,245900,0.0032533550223668157
E07000244,East Suffolk,0,245900,0
E07000244,East Suffolk,83,245900,0.033753558357055714
E07000244,East Suffolk,25,245900,0.010166734444896299
E07000244,East Suffolk,1,245900,4.0666937779585197e-4
E07000244,East Suffolk,1,245900,4.0666937779585197e-4
E07000244,East Suffolk,20,245900,0.008133387555917039
E07000244,East Suffolk,6,245900,0.0024400162667751117
E07000244,East Suffolk,0,245900,0
E07000244,East Suffolk,121,245900,0.04920699471329809
E07000244,East Suffolk,11,245900,0.004473363155754371
E07000244,East Suffolk,3,245900,0.0012200081333875558
E07000244,East Suffolk,1,245900,4.0666937779585197e-4
E07000244,East Suffolk,6,245900,0.0024400162667751117
E07000244,East Suffolk,5,245900,0.0020333468889792597
E07000244,East Suffolk,0,245900,0
E07000244,East Suffolk,3702,245900,1.505490036600244
E07000244,East Suffolk,4683,245900,1.9044326962179747
E07000244,East Suffolk,34,245900,0.013826758845058967
E07000244,East Suffolk,255,245900,0.10370069133794226
E07000244,East Suffolk,1238,245900,0.5034566897112648
E07000244,East Suffolk,1568,245900,0.6376575843838959
E07000245,West Suffolk,0,179800,0
E07000245,West Suffolk,0,179800,0
E07000245,West Suffolk,0,179800,0
E07000245,West Suffolk,0,179800,0
E07000245,West Suffolk,0,179800,0
E07000245,West Suffolk,0,179800,0
E07000245,West Suffolk,0,179800,0
E07000245,West Suffolk,0,179800,0
E07000245,West Suffolk,45931,179800,25.54560622914349
E07000245,West Suffolk,66956,179800,37.23915461624027
E07000245,West Suffolk,217,179800,0.1206896551724138
E07000245,West Suffolk,3397,179800,1.889321468298109
E07000245,West Suffolk,14420,179800,8.020022246941046
E07000245,West Suffolk,8610,179800,4.788654060066741
E07000245,West Suffolk,0,179800,0
E07000245,West Suffolk,108,179800,0.060066740823136816
E07000245,West Suffolk,87,179800,0.04838709677419355
E07000245,West Suffolk,3,179800,0.0016685205784204673
E07000245,West Suffolk,5,179800,0.0027808676307007787
E07000245,West Suffolk,30,179800,0.01668520578420467
E07000245,West Suffolk,5,179800,0.0027808676307007787
E07000245,West Suffolk,0,179800,0
E07000245,West Suffolk,46,179800,0.025583982202447165
E07000245,West Suffolk,33,179800,0.01835372636262514
E07000245,West Suffolk,3,179800,0.0016685205784204673
E07000245,West Suffolk,2,179800,0.0011123470522803114
E07000245,West Suffolk,8,179800,0.004449388209121246
E07000245,West Suffolk,3,179800,0.0016685205784204673
E07000245,West Suffolk,0,179800,0
E07000245,West Suffolk,51,179800,0.02836484983314794
E07000245,West Suffolk,36,179800,0.020022246941045607
E07000245,West Suffolk,0,179800,0
E07000245,West Suffolk,1,179800,5.561735261401557e-4
E07000245,West Suffolk,10,179800,0.0055617352614015575
E07000245,West Suffolk,1,179800,5.561735261401557e-4
E07000245,West Suffolk,0,179800,0
E07000245,West Suffolk,83,179800,0.046162402669632924
E07000245,West Suffolk,13,179800,0.007230255839822024
E07000245,West Suffolk,2,179800,0.0011123470522803114
E07000245,West Suffolk,3,179800,0.0016685205784204673
E07000245,West Suffolk,6,179800,0.0033370411568409346
E07000245,West Suffolk,0,179800,0
E07000245,West Suffolk,0,179800,0
E07000245,West Suffolk,2978,179800,1.6562847608453837
E07000245,West Suffolk,3325,179800,1.8492769744160178
E07000245,West Suffolk,24,179800,0.013348164627363738
E07000245,West Suffolk,155,179800,0.08620689655172414
E07000245,West Suffolk,789,179800,0.43882091212458285
E07000245,West Suffolk,791,179800,0.43993325917686316
E07000246,Somerset West and Taunton,0,157400,0
E07000246,Somerset West and Taunton,0,157400,0
E07000246,Somerset West and Taunton,0,157400,0
E07000246,Somerset West and Taunton,0,157400,0
E07000246,Somerset West and Taunton,0,157400,0
E07000246,Somerset West and Taunton,0,157400,0
E07000246,Somerset West and Taunton,0,157400,0
E07000246,Somerset West and Taunton,0,157400,0
E07000246,Somerset West and Taunton,37652,157400,23.921219822109276
E07000246,Somerset West and Taunton,59970,157400,38.100381194409145
E07000246,Somerset West and Taunton,257,157400,0.16327827191867852
E07000246,Somerset West and Taunton,2792,157400,1.7738246505717916
E07000246,Somerset West and Taunton,13631,157400,8.66010165184244
E07000246,Somerset West and Taunton,8915,157400,5.663913595933926
E07000246,Somerset West and Taunton,0,157400,0
E07000246,Somerset West and Taunton,75,157400,0.04764930114358323
E07000246,Somerset West and Taunton,44,157400,0.02795425667090216
E07000246,Somerset West and Taunton,1,157400,6.353240152477764e-4
E07000246,Somerset West and Taunton,6,157400,0.0038119440914866584
E07000246,Somerset West and Taunton,14,157400,0.008894536213468869
E07000246,Somerset West and Taunton,4,157400,0.0025412960609911056
E07000246,Somerset West and Taunton,0,157400,0
E07000246,Somerset West and Taunton,42,157400,0.026683608640406607
E07000246,Somerset West and Taunton,27,157400,0.017153748411689963
E07000246,Somerset West and Taunton,0,157400,0
E07000246,Somerset West and Taunton,4,157400,0.0025412960609911056
E07000246,Somerset West and Taunton,12,157400,0.007623888182973317
E07000246,Somerset West and Taunton,3,157400,0.0019059720457433292
E07000246,Somerset West and Taunton,0,157400,0
E07000246,Somerset West and Taunton,41,157400,0.026048284625158832
E07000246,Somerset West and Taunton,25,157400,0.01588310038119441
E07000246,Somerset West and Taunton,0,157400,0
E07000246,Somerset West and Taunton,3,157400,0.0019059720457433292
E07000246,Somerset West and Taunton,7,157400,0.0044472681067344345
E07000246,Somerset West and Taunton,4,157400,0.0025412960609911056
E07000246,Somerset West and Taunton,0,157400,0
E07000246,Somerset West and Taunton,76,157400,0.048284625158831
E07000246,Somerset West and Taunton,13,157400,0.008259212198221092
E07000246,Somerset West and Taunton,0,157400,0
E07000246,Somerset West and Taunton,5,157400,0.0031766200762388818
E07000246,Somerset West and Taunton,9,157400,0.005717916137229987
E07000246,Somerset West and Taunton,0,157400,0
E07000246,Somerset West and Taunton,0,157400,0
E07000246,Somerset West and Taunton,2722,157400,1.7293519695044473
E07000246,Somerset West and Taunton,3073,157400,1.9523506988564168
E07000246,Somerset West and Taunton,29,157400,0.018424396442185513
E07000246,Somerset West and Taunton,147,157400,0.09339263024142312
E07000246,Somerset West and Taunton,826,157400,0.5247776365946633
E07000246,Somerset West and Taunton,868,157400,0.5514612452350699
E08000001,Bolton,0,296000,0
E08000001,Bolton,0,296000,0
E08000001,Bolton,0,296000,0
E08000001,Bolton,0,296000,0
E08000001,Bolton,0,296000,0
E08000001,Bolton,0,296000,0
E08000001,Bolton,0,296000,0
E08000001,Bolton,0,296000,0
E08000001,Bolton,79424,296000,26.832432432432434
E08000001,Bolton,98793,296000,33.37601351351351
E08000001,Bolton,315,296000,0.10641891891891891
E08000001,Bolton,5151,296000,1.7402027027027027
E08000001,Bolton,19833,296000,6.7003378378378375
E08000001,Bolton,13621,296000,4.601689189189189
E08000001,Bolton,0,296000,0
E08000001,Bolton,279,296000,0.09425675675675675
E08000001,Bolton,341,296000,0.1152027027027027
E08000001,Bolton,4,296000,0.0013513513513513514
E08000001,Bolton,21,296000,0.007094594594594595
E08000001,Bolton,59,296000,0.019932432432432434
E08000001,Bolton,21,296000,0.007094594594594595
E08000001,Bolton,0,296000,0
E08000001,Bolton,111,296000,0.0375
E08000001,Bolton,144,296000,0.04864864864864865
E08000001,Bolton,1,296000,3.3783783783783786e-4
E08000001,Bolton,10,296000,0.0033783783783783786
E08000001,Bolton,18,296000,0.006081081081081081
E08000001,Bolton,13,296000,0.004391891891891892
E08000001,Bolton,0,296000,0
E08000001,Bolton,117,296000,0.039527027027027026
E08000001,Bolton,167,296000,0.05641891891891892
E08000001,Bolton,0,296000,0
E08000001,Bolton,9,296000,0.0030405405405405407
E08000001,Bolton,16,296000,0.005405405405405406
E08000001,Bolton,5,296000,0.0016891891891891893
E08000001,Bolton,0,296000,0
E08000001,Bolton,121,296000,0.04087837837837838
E08000001,Bolton,5,296000,0.0016891891891891893
E08000001,Bolton,2,296000,6.756756756756757e-4
E08000001,Bolton,3,296000,0.0010135135135135136
E08000001,Bolton,4,296000,0.0013513513513513514
E08000001,Bolton,0,296000,0
E08000001,Bolton,0,296000,0
E08000001,Bolton,4956,296000,1.6743243243243244
E08000001,Bolton,6057,296000,2.046283783783784
E08000001,Bolton,38,296000,0.012837837837837839
E08000001,Bolton,274,296000,0.09256756756756757
E08000001,Bolton,1202,296000,0.4060810810810811
E08000001,Bolton,1156,296000,0.39054054054054055
E08000002,Bury,0,193800,0
E08000002,Bury,0,193800,0
E08000002,Bury,0,193800,0
E08000002,Bury,0,193800,0
E08000002,Bury,0,193800,0
E08000002,Bury,0,193800,0
E08000002,Bury,0,193800,0
E08000002,Bury,0,193800,0
E08000002,Bury,53306,193800,27.505675954592363
E08000002,Bury,66373,193800,34.24819401444788
E08000002,Bury,263,193800,0.13570691434468524
E08000002,Bury,3335,193800,1.7208462332301342
E08000002,Bury,13649,193800,7.042827657378741
E08000002,Bury,9225,193800,4.760061919504644
E08000002,Bury,0,193800,0
E08000002,Bury,136,193800,0.07017543859649122
E08000002,Bury,122,193800,0.0629514963880289
E08000002,Bury,4,193800,0.0020639834881320948
E08000002,Bury,20,193800,0.010319917440660475
E08000002,Bury,31,193800,0.015995872033023734
E08000002,Bury,13,193800,0.006707946336429308
E08000002,Bury,0,193800,0
E08000002,Bury,83,193800,0.04282765737874097
E08000002,Bury,51,193800,0.02631578947368421
E08000002,Bury,0,193800,0
E08000002,Bury,7,193800,0.003611971104231166
E08000002,Bury,17,193800,0.008771929824561403
E08000002,Bury,6,193800,0.0030959752321981426
E08000002,Bury,0,193800,0
E08000002,Bury,73,193800,0.037667698658410735
E08000002,Bury,49,193800,0.025283797729618165
E08000002,Bury,0,193800,0
E08000002,Bury,1,193800,5.159958720330237e-4
E08000002,Bury,15,193800,0.007739938080495356
E08000002,Bury,4,193800,0.0020639834881320948
E08000002,Bury,0,193800,0
E08000002,Bury,78,193800,0.04024767801857585
E08000002,Bury,14,193800,0.007223942208462332
E08000002,Bury,0,193800,0
E08000002,Bury,3,193800,0.0015479876160990713
E08000002,Bury,4,193800,0.0020639834881320948
E08000002,Bury,1,193800,5.159958720330237e-4
E08000002,Bury,0,193800,0
E08000002,Bury,3044,193800,1.5706914344685243
E08000002,Bury,3332,193800,1.719298245614035
E08000002,Bury,14,193800,0.007223942208462332
E08000002,Bury,194,193800,0.1001031991744066
E08000002,Bury,672,193800,0.34674922600619196
E08000002,Bury,730,193800,0.3766769865841073
E08000003,Manchester,0,552000,0
E08000003,Manchester,0,552000,0
E08000003,Manchester,0,552000,0
E08000003,Manchester,0,552000,0
E08000003,Manchester,0,552000,0
E08000003,Manchester,0,552000,0
E08000003,Manchester,0,552000,0
E08000003,Manchester,0,552000,0
E08000003,Manchester,223994,552000,40.5786231884058
E08000003,Manchester,124709,552000,22.592210144927535
E08000003,Manchester,1057,552000,0.1914855072463768
E08000003,Manchester,9710,552000,1.7590579710144927
E08000003,Manchester,26841,552000,4.8625
E08000003,Manchester,15133,552000,2.741485507246377
E08000003,Manchester,0,552000,0
E08000003,Manchester,807,552000,0.14619565217391303
E08000003,Manchester,886,552000,0.1605072463768116
E08000003,Manchester,6,552000,0.0010869565217391304
E08000003,Manchester,81,552000,0.014673913043478261
E08000003,Manchester,163,552000,0.029528985507246377
E08000003,Manchester,45,552000,0.008152173913043478
E08000003,Manchester,0,552000,0
E08000003,Manchester,355,552000,0.06431159420289854
E08000003,Manchester,254,552000,0.04601449275362319
E08000003,Manchester,3,552000,5.434782608695652e-4
E08000003,Manchester,26,552000,0.004710144927536232
E08000003,Manchester,61,552000,0.01105072463768116
E08000003,Manchester,27,552000,0.004891304347826087
E08000003,Manchester,0,552000,0
E08000003,Manchester,392,552000,0.07101449275362319
E08000003,Manchester,278,552000,0.05036231884057971
E08000003,Manchester,4,552000,7.246376811594203e-4
E08000003,Manchester,30,552000,0.005434782608695652
E08000003,Manchester,41,552000,0.007427536231884058
E08000003,Manchester,7,552000,0.0012681159420289854
E08000003,Manchester,0,552000,0
E08000003,Manchester,921,552000,0.16684782608695653
E08000003,Manchester,45,552000,0.008152173913043478
E08000003,Manchester,4,552000,7.246376811594203e-4
E08000003,Manchester,12,552000,0.002173913043478261
E08000003,Manchester,30,552000,0.005434782608695652
E08000003,Manchester,3,552000,5.434782608695652e-4
E08000003,Manchester,0,552000,0
E08000003,Manchester,18095,552000,3.2780797101449277
E08000003,Manchester,9767,552000,1.7693840579710145
E08000003,Manchester,78,552000,0.014130434782608696
E08000003,Manchester,683,552000,0.12373188405797102
E08000003,Manchester,1956,552000,0.35434782608695653
E08000003,Manchester,1456,552000,0.263768115942029
E08000004,Oldham,0,242100,0
E08000004,Oldham,0,242100,0
E08000004,Oldham,0,242100,0
E08000004,Oldham,0,242100,0
E08000004,Oldham,0,242100,0
E08000004,Oldham,0,242100,0
E08000004,Oldham,0,242100,0
E08000004,Oldham,0,242100,0
E08000004,Oldham,66159,242100,27.3271375464684
E08000004,Oldham,77615,242100,32.059066501445685
E08000004,Oldham,221,242100,0.0912845931433292
E08000004,Oldham,4614,242100,1.905824039653036
E08000004,Oldham,14713,242100,6.077240809582817
E08000004,Oldham,10900,242100,4.502271788517142
E08000004,Oldham,0,242100,0
E08000004,Oldham,242,242100,0.09995869475423379
E08000004,Oldham,385,242100,0.1590251961999174
E08000004,Oldham,1,242100,4.130524576621231e-4
E08000004,Oldham,24,242100,0.009913258983890954
E08000004,Oldham,59,242100,0.024370095002065262
E08000004,Oldham,25,242100,0.010326311441553077
E08000004,Oldham,0,242100,0
E08000004,Oldham,85,242100,0.03510945890128046
E08000004,Oldham,114,242100,0.04708798017348203
E08000004,Oldham,0,242100,0
E08000004,Oldham,8,242100,0.003304419661296985
E08000004,Oldham,14,242100,0.0057827344072697235
E08000004,Oldham,13,242100,0.0053696819496076
E08000004,Oldham,0,242100,0
E08000004,Oldham,100,242100,0.041305245766212306
E08000004,Oldham,129,242100,0.05328376703841388
E08000004,Oldham,2,242100,8.261049153242462e-4
E08000004,Oldham,5,242100,0.0020652622883106154
E08000004,Oldham,9,242100,0.0037174721189591076
E08000004,Oldham,4,242100,0.0016522098306484924
E08000004,Oldham,0,242100,0
E08000004,Oldham,69,242100,0.028500619578686492
E08000004,Oldham,10,242100,0.004130524576621231
E08000004,Oldham,0,242100,0
E08000004,Oldham,2,242100,8.261049153242462e-4
E08000004,Oldham,4,242100,0.0016522098306484924
E08000004,Oldham,0,242100,0
E08000004,Oldham,0,242100,0
E08000004,Oldham,4293,242100,1.7732342007434945
E08000004,Oldham,5200,242100,2.14787277984304
E08000004,Oldham,19,242100,0.00784799669558034
E08000004,Oldham,265,242100,0.10945890128046262
E08000004,Oldham,835,242100,0.3448988021478728
E08000004,Oldham,900,242100,0.37174721189591076
E08000005,Rochdale,0,223800,0
E08000005,Rochdale,0,223800,0
E08000005,Rochdale,0,223800,0
E08000005,Rochdale,0,223800,0
E08000005,Rochdale,0,223800,0
E08000005,Rochdale,0,223800,0
E08000005,Rochdale,0,223800,0
E08000005,Rochdale,0,223800,0
E08000005,Rochdale,63253,223800,28.263181411974976
E08000005,Rochdale,70941,223800,31.698391420911527
E08000005,Rochdale,212,223800,0.09472743521000894
E08000005,Rochdale,4586,223800,2.0491510277033065
E08000005,Rochdale,15336,223800,6.8525469168900806
E08000005,Rochdale,10055,223800,4.4928507596067915
E08000005,Rochdale,0,223800,0
E08000005,Rochdale,196,223800,0.08757819481680071
E08000005,Rochdale,225,223800,0.10053619302949061
E08000005,Rochdale,3,223800,0.0013404825737265416
E08000005,Rochdale,15,223800,0.006702412868632708
E08000005,Rochdale,34,223800,0.01519213583556747
E08000005,Rochdale,19,223800,0.008489722966934763
E08000005,Rochdale,0,223800,0
E08000005,Rochdale,76,223800,0.03395889186773905
E08000005,Rochdale,66,223800,0.029490616621983913
E08000005,Rochdale,0,223800,0
E08000005,Rochdale,7,223800,0.003127792672028597
E08000005,Rochdale,18,223800,0.00804289544235925
E08000005,Rochdale,12,223800,0.005361930294906166
E08000005,Rochdale,0,223800,0
E08000005,Rochdale,104,223800,0.04647006255585344
E08000005,Rochdale,63,223800,0.028150134048257374
E08000005,Rochdale,1,223800,4.4682752457551384e-4
E08000005,Rochdale,10,223800,0.004468275245755138
E08000005,Rochdale,13,223800,0.00580875781948168
E08000005,Rochdale,2,223800,8.936550491510277e-4
E08000005,Rochdale,0,223800,0
E08000005,Rochdale,74,223800,0.03306523681858802
E08000005,Rochdale,10,223800,0.004468275245755138
E08000005,Rochdale,1,223800,4.4682752457551384e-4
E08000005,Rochdale,2,223800,8.936550491510277e-4
E08000005,Rochdale,4,223800,0.0017873100983020554
E08000005,Rochdale,1,223800,4.4682752457551384e-4
E08000005,Rochdale,0,223800,0
E08000005,Rochdale,3689,223800,1.6483467381590706
E08000005,Rochdale,3986,223800,1.7810545129579982
E08000005,Rochdale,13,223800,0.00580875781948168
E08000005,Rochdale,265,223800,0.11840929401251117
E08000005,Rochdale,827,223800,0.36952636282394996
E08000005,Rochdale,824,223800,0.3681858802502234
E08000006,Salford,0,269900,0
E08000006,Salford,0,269900,0
E08000006,Salford,0,269900,0
E08000006,Salford,0,269900,0
E08000006,Salford,0,269900,0
E08000006,Salford,0,269900,0
E08000006,Salford,0,269900,0
E08000006,Salford,0,269900,0
E08000006,Salford,101232,269900,37.50722489811041
E08000006,Salford,68803,269900,25.492034086698776
E08000006,Salford,368,269900,0.13634679510929973
E08000006,Salford,4652,269900,1.7236013338273435
E08000006,Salford,16182,269900,5.995553908855132
E08000006,Salford,10080,269900,3.7347165616895146
E08000006,Salford,0,269900,0
E08000006,Salford,295,269900,0.10929974064468322
E08000006,Salford,220,269900,0.08151167098925528
E08000006,Salford,2,269900,7.410151908114116e-4
E08000006,Salford,54,269900,0.020007410151908114
E08000006,Salford,79,269900,0.02927010003705076
E08000006,Salford,13,269900,0.004816598740274175
E08000006,Salford,0,269900,0
E08000006,Salford,148,269900,0.05483512412004446
E08000006,Salford,43,269900,0.01593182660244535
E08000006,Salford,5,269900,0.001852537977028529
E08000006,Salford,7,269900,0.002593553167839941
E08000006,Salford,39,269900,0.014449796220822526
E08000006,Salford,8,269900,0.0029640607632456465
E08000006,Salford,0,269900,0
E08000006,Salford,187,269900,0.06928492034086699
E08000006,Salford,67,269900,0.02482400889218229
E08000006,Salford,0,269900,0
E08000006,Salford,20,269900,0.007410151908114116
E08000006,Salford,21,269900,0.007780659503519822
E08000006,Salford,4,269900,0.0014820303816228233
E08000006,Salford,0,269900,0
E08000006,Salford,332,269900,0.12300852167469434
E08000006,Salford,20,269900,0.007410151908114116
E08000006,Salford,1,269900,3.705075954057058e-4
E08000006,Salford,6,269900,0.002223045572434235
E08000006,Salford,9,269900,0.0033345683586513525
E08000006,Salford,1,269900,3.705075954057058e-4
E08000006,Salford,0,269900,0
E08000006,Salford,7482,269900,2.7721378288254908
E08000006,Salford,4507,269900,1.6698777324935161
E08000006,Salford,29,269900,0.010744720266765468
E08000006,Salford,243,269900,0.09003334568358651
E08000006,Salford,1014,269900,0.3756947017413857
E08000006,Salford,750,269900,0.2778806965542794
E08000007,Stockport,0,294800,0
E08000007,Stockport,0,294800,0
E08000007,Stockport,0,294800,0
E08000007,Stockport,0,294800,0
E08000007,Stockport,0,294800,0
E08000007,Stockport,0,294800,0
E08000007,Stockport,0,294800,0
E08000007,Stockport,0,294800,0
E08000007,Stockport,81145,294800,27.525440976933513
E08000007,Stockport,105882,294800,35.91655359565807
E08000007,Stockport,365,294800,0.12381275440976934
E08000007,Stockport,4507,294800,1.5288331071913162
E08000007,Stockport,19969,294800,6.773744911804613
E08000007,Stockport,15247,294800,5.171981004070556
E08000007,Stockport,0,294800,0
E08000007,Stockport,144,294800,0.048846675712347354
E08000007,Stockport,99,294800,0.033582089552238806
E08000007,Stockport,1,294800,3.3921302578018993e-4
E08000007,Stockport,13,294800,0.004409769335142469
E08000007,Stockport,45,294800,0.015264586160108548
E08000007,Stockport,14,294800,0.0047489823609226595
E08000007,Stockport,0,294800,0
E08000007,Stockport,93,294800,0.03154681139755767
E08000007,Stockport,53,294800,0.01797829036635007
E08000007,Stockport,0,294800,0
E08000007,Stockport,5,294800,0.0016960651289009499
E08000007,Stockport,13,294800,0.004409769335142469
E08000007,Stockport,13,294800,0.004409769335142469
E08000007,Stockport,0,294800,0
E08000007,Stockport,87,294800,0.029511533242876527
E08000007,Stockport,49,294800,0.01662143826322931
E08000007,Stockport,1,294800,3.3921302578018993e-4
E08000007,Stockport,6,294800,0.0020352781546811396
E08000007,Stockport,12,294800,0.004070556309362279
E08000007,Stockport,8,294800,0.0027137042062415195
E08000007,Stockport,0,294800,0
E08000007,Stockport,167,294800,0.05664857530529172
E08000007,Stockport,19,294800,0.006445047489823609
E08000007,Stockport,0,294800,0
E08000007,Stockport,6,294800,0.0020352781546811396
E08000007,Stockport,8,294800,0.0027137042062415195
E08000007,Stockport,3,294800,0.0010176390773405698
E08000007,Stockport,0,294800,0
E08000007,Stockport,4429,294800,1.5023744911804613
E08000007,Stockport,4347,294800,1.4745590230664858
E08000007,Stockport,19,294800,0.006445047489823609
E08000007,Stockport,212,294800,0.07191316146540028
E08000007,Stockport,946,294800,0.3208955223880597
E08000007,Stockport,1003,294800,0.3402306648575305
E08000008,Tameside,0,231100,0
E08000008,Tameside,0,231100,0
E08000008,Tameside,0,231100,0
E08000008,Tameside,0,231100,0
E08000008,Tameside,0,231100,0
E08000008,Tameside,0,231100,0
E08000008,Tameside,0,231100,0
E08000008,Tameside,0,231100,0
E08000008,Tameside,70017,231100,30.297273907399394
E08000008,Tameside,71677,231100,31.015577672003463
E08000008,Tameside,235,231100,0.10168758113370835
E08000008,Tameside,4641,231100,2.008221549112938
E08000008,Tameside,17226,231100,7.4539160536564255
E08000008,Tameside,11603,231100,5.020770229337949
E08000008,Tameside,0,231100,0
E08000008,Tameside,252,231100,0.10904370402423194
E08000008,Tameside,134,231100,0.057983556901774126
E08000008,Tameside,1,231100,4.3271311120726956e-4
E08000008,Tameside,8,231100,0.0034617048896581565
E08000008,Tameside,31,231100,0.013414106447425357
E08000008,Tameside,22,231100,0.009519688446559932
E08000008,Tameside,0,231100,0
E08000008,Tameside,96,231100,0.04154045867589788
E08000008,Tameside,50,231100,0.021635655560363478
E08000008,Tameside,0,231100,0
E08000008,Tameside,7,231100,0.003028991778450887
E08000008,Tameside,19,231100,0.008221549112938122
E08000008,Tameside,8,231100,0.0034617048896581565
E08000008,Tameside,0,231100,0
E08000008,Tameside,80,231100,0.03461704889658156
E08000008,Tameside,63,231100,0.027260926006057985
E08000008,Tameside,0,231100,0
E08000008,Tameside,2,231100,8.654262224145391e-4
E08000008,Tameside,9,231100,0.0038944180008654264
E08000008,Tameside,3,231100,0.0012981393336218088
E08000008,Tameside,0,231100,0
E08000008,Tameside,137,231100,0.059281696235395934
E08000008,Tameside,16,231100,0.006923409779316313
E08000008,Tameside,1,231100,4.3271311120726956e-4
E08000008,Tameside,4,231100,0.0017308524448290783
E08000008,Tameside,9,231100,0.0038944180008654264
E08000008,Tameside,0,231100,0
E08000008,Tameside,0,231100,0
E08000008,Tameside,3545,231100,1.5339679792297707
E08000008,Tameside,3437,231100,1.4872349632193855
E08000008,Tameside,7,231100,0.003028991778450887
E08000008,Tameside,235,231100,0.10168758113370835
E08000008,Tameside,735,231100,0.31804413673734316
E08000008,Tameside,822,231100,0.3556901774123756
E08000009,Trafford,0,235100,0
E08000009,Trafford,0,235100,0
E08000009,Trafford,0,235100,0
E08000009,Trafford,0,235100,0
E08000009,Trafford,0,235100,0
E08000009,Trafford,0,235100,0
E08000009,Trafford,0,235100,0
E08000009,Trafford,0,235100,0
E08000009,Trafford,62031,235100,26.384942577626543
E08000009,Trafford,85462,235100,36.35133985538069
E08000009,Trafford,310,235100,0.13185878349638452
E08000009,Trafford,3425,235100,1.4568268821777968
E08000009,Trafford,14627,235100,6.221607826456827
E08000009,Trafford,10731,235100,4.564440663547427
E08000009,Trafford,0,235100,0
E08000009,Trafford,109,235100,0.04636324968098681
E08000009,Trafford,121,235100,0.05146746065504041
E08000009,Trafford,0,235100,0
E08000009,Trafford,11,235100,0.004678860059549128
E08000009,Trafford,21,235100,0.00893236920459379
E08000009,Trafford,19,235100,0.008081667375584857
E08000009,Trafford,0,235100,0
E08000009,Trafford,87,235100,0.03700552956188856
E08000009,Trafford,43,235100,0.018290089323692044
E08000009,Trafford,0,235100,0
E08000009,Trafford,6,235100,0.002552105487026797
E08000009,Trafford,17,235100,0.007230965546575925
E08000009,Trafford,12,235100,0.005104210974053594
E08000009,Trafford,0,235100,0
E08000009,Trafford,75,235100,0.031901318587834966
E08000009,Trafford,60,235100,0.02552105487026797
E08000009,Trafford,0,235100,0
E08000009,Trafford,6,235100,0.002552105487026797
E08000009,Trafford,10,235100,0.004253509145044662
E08000009,Trafford,6,235100,0.002552105487026797
E08000009,Trafford,0,235100,0
E08000009,Trafford,136,235100,0.0578477243726074
E08000009,Trafford,16,235100,0.006805614632071459
E08000009,Trafford,2,235100,8.507018290089324e-4
E08000009,Trafford,2,235100,8.507018290089324e-4
E08000009,Trafford,6,235100,0.002552105487026797
E08000009,Trafford,4,235100,0.0017014036580178648
E08000009,Trafford,0,235100,0
E08000009,Trafford,3479,235100,1.4797958315610378
E08000009,Trafford,3736,235100,1.5891110165886857
E08000009,Trafford,8,235100,0.0034028073160357296
E08000009,Trafford,169,235100,0.07188430455125479
E08000009,Trafford,694,235100,0.29519353466609954
E08000009,Trafford,711,235100,0.3024245002126755
E08000010,Wigan,0,329300,0
E08000010,Wigan,0,329300,0
E08000010,Wigan,0,329300,0
E08000010,Wigan,0,329300,0
E08000010,Wigan,0,329300,0
E08000010,Wigan,0,329300,0
E08000010,Wigan,0,329300,0
E08000010,Wigan,0,329300,0
E08000010,Wigan,94799,329300,28.788035226237472
E08000010,Wigan,112563,329300,34.18250835104768
E08000010,Wigan,373,329300,0.11327057394473125
E08000010,Wigan,5822,329300,1.7679927118129366
E08000010,Wigan,25027,329300,7.600060734892195
E08000010,Wigan,17198,329300,5.22259337989675
E08000010,Wigan,0,329300,0
E08000010,Wigan,221,329300,0.06711205587610082
E08000010,Wigan,165,329300,0.050106286061342244
E08000010,Wigan,0,329300,0
E08000010,Wigan,17,329300,0.00516246583662314
E08000010,Wigan,43,329300,0.013058001822046765
E08000010,Wigan,24,329300,0.0072881870634679624
E08000010,Wigan,0,329300,0
E08000010,Wigan,82,329300,0.024901305800182204
E08000010,Wigan,35,329300,0.010628606134224112
E08000010,Wigan,0,329300,0
E08000010,Wigan,7,329300,0.0021257212268448226
E08000010,Wigan,22,329300,0.006680838141512299
E08000010,Wigan,12,329300,0.0036440935317339812
E08000010,Wigan,0,329300,0
E08000010,Wigan,128,329300,0.03887033100516247
E08000010,Wigan,57,329300,0.01730944427573641
E08000010,Wigan,3,329300,9.110233829334953e-4
E08000010,Wigan,3,329300,9.110233829334953e-4
E08000010,Wigan,21,329300,0.006377163680534467
E08000010,Wigan,5,329300,0.0015183723048891589
E08000010,Wigan,0,329300,0
E08000010,Wigan,102,329300,0.03097479501973884
E08000010,Wigan,8,329300,0.0024293956878226543
E08000010,Wigan,0,329300,0
E08000010,Wigan,7,329300,0.0021257212268448226
E08000010,Wigan,6,329300,0.0018220467658669906
E08000010,Wigan,1,329300,3.036744609778318e-4
E08000010,Wigan,0,329300,0
E08000010,Wigan,4742,329300,1.4400242939568781
E08000010,Wigan,4505,329300,1.3680534467051322
E08000010,Wigan,10,329300,0.0030367446097783178
E08000010,Wigan,296,329300,0.0898876404494382
E08000010,Wigan,1232,329300,0.3741269359246887
E08000010,Wigan,1163,329300,0.3531733981172183
E08000011,Knowsley,0,154500,0
E08000011,Knowsley,0,154500,0
E08000011,Knowsley,0,154500,0
E08000011,Knowsley,0,154500,0
E08000011,Knowsley,0,154500,0
E08000011,Knowsley,0,154500,0
E08000011,Knowsley,0,154500,0
E08000011,Knowsley,0,154500,0
E08000011,Knowsley,53642,154500,34.719741100323624
E08000011,Knowsley,44207,154500,28.61294498381877
E08000011,Knowsley,153,154500,0.09902912621359224
E08000011,Knowsley,3009,154500,1.9475728155339807
E08000011,Knowsley,9578,154500,6.199352750809061
E08000011,Knowsley,7628,154500,4.937216828478965
E08000011,Knowsley,0,154500,0
E08000011,Knowsley,112,154500,0.07249190938511327
E08000011,Knowsley,56,154500,0.036245954692556634
E08000011,Knowsley,0,154500,0
E08000011,Knowsley,8,154500,0.005177993527508091
E08000011,Knowsley,13,154500,0.008414239482200648
E08000011,Knowsley,13,154500,0.008414239482200648
E08000011,Knowsley,0,154500,0
E08000011,Knowsley,36,154500,0.02330097087378641
E08000011,Knowsley,14,154500,0.009061488673139158
E08000011,Knowsley,0,154500,0
E08000011,Knowsley,4,154500,0.0025889967637540453
E08000011,Knowsley,6,154500,0.003883495145631068
E08000011,Knowsley,3,154500,0.001941747572815534
E08000011,Knowsley,0,154500,0
E08000011,Knowsley,52,154500,0.03365695792880259
E08000011,Knowsley,27,154500,0.017475728155339806
E08000011,Knowsley,0,154500,0
E08000011,Knowsley,2,154500,0.0012944983818770227
E08000011,Knowsley,3,154500,0.001941747572815534
E08000011,Knowsley,2,154500,0.0012944983818770227
E08000011,Knowsley,0,154500,0
E08000011,Knowsley,34,154500,0.022006472491909384
E08000011,Knowsley,3,154500,0.001941747572815534
E08000011,Knowsley,1,154500,6.472491909385113e-4
E08000011,Knowsley,3,154500,0.001941747572815534
E08000011,Knowsley,1,154500,6.472491909385113e-4
E08000011,Knowsley,0,154500,0
E08000011,Knowsley,0,154500,0
E08000011,Knowsley,2774,154500,1.7954692556634304
E08000011,Knowsley,1738,154500,1.1249190938511326
E08000011,Knowsley,6,154500,0.003883495145631068
E08000011,Knowsley,135,154500,0.08737864077669903
E08000011,Knowsley,530,154500,0.343042071197411
E08000011,Knowsley,505,154500,0.3268608414239482
E08000012,Liverpool,0,486100,0
E08000012,Liverpool,0,486100,0
E08000012,Liverpool,0,486100,0
E08000012,Liverpool,0,486100,0
E08000012,Liverpool,0,486100,0
E08000012,Liverpool,0,486100,0
E08000012,Liverpool,0,486100,0
E08000012,Liverpool,0,486100,0
E08000012,Liverpool,198470,486100,40.829047521086196
E08000012,Liverpool,119684,486100,24.62127134334499
E08000012,Liverpool,572,486100,0.1176712610573956
E08000012,Liverpool,8432,486100,1.7346225056572722
E08000012,Liverpool,28188,486100,5.798806829870397
E08000012,Liverpool,20457,486100,4.208393334704793
E08000012,Liverpool,0,486100,0
E08000012,Liverpool,670,486100,0.13783172186792841
E08000012,Liverpool,478,486100,0.09833367619831311
E08000012,Liverpool,9,486100,0.0018514708907632176
E08000012,Liverpool,60,486100,0.012343139271754783
E08000012,Liverpool,76,486100,0.01563464307755606
E08000012,Liverpool,39,486100,0.008023040526640608
E08000012,Liverpool,0,486100,0
E08000012,Liverpool,282,486100,0.05801275457724748
E08000012,Liverpool,116,486100,0.023863402592059248
E08000012,Liverpool,3,486100,6.171569635877391e-4
E08000012,Liverpool,6,486100,0.0012343139271754782
E08000012,Liverpool,34,486100,0.00699444558732771
E08000012,Liverpool,19,486100,0.003908660769389015
E08000012,Liverpool,0,486100,0
E08000012,Liverpool,282,486100,0.05801275457724748
E08000012,Liverpool,140,486100,0.02880065830076116
E08000012,Liverpool,2,486100,4.114379757251594e-4
E08000012,Liverpool,9,486100,0.0018514708907632176
E08000012,Liverpool,26,486100,0.005348693684427073
E08000012,Liverpool,5,486100,0.0010285949393128986
E08000012,Liverpool,0,486100,0
E08000012,Liverpool,460,486100,0.09463073441678667
E08000012,Liverpool,28,486100,0.005760131660152232
E08000012,Liverpool,6,486100,0.0012343139271754782
E08000012,Liverpool,8,486100,0.0016457519029006377
E08000012,Liverpool,13,486100,0.0026743468422135365
E08000012,Liverpool,2,486100,4.114379757251594e-4
E08000012,Liverpool,0,486100,0
E08000012,Liverpool,15045,486100,3.0950421723925117
E08000012,Liverpool,5911,486100,1.2160049372557087
E08000012,Liverpool,37,486100,0.00761160255091545
E08000012,Liverpool,443,486100,0.09113351162312282
E08000012,Liverpool,1517,486100,0.3120757045875334
E08000012,Liverpool,1498,486100,0.3081670438181444
E08000013,St. Helens,0,183200,0
E08000013,St. Helens,0,183200,0
E08000013,St. Helens,0,183200,0
E08000013,St. Helens,0,183200,0
E08000013,St. Helens,0,183200,0
E08000013,St. Helens,0,183200,0
E08000013,St. Helens,0,183200,0
E08000013,St. Helens,0,183200,0
E08000013,St. Helens,53705,183200,29.314956331877728
E08000013,St. Helens,62465,183200,34.09661572052402
E08000013,St. Helens,209,183200,0.11408296943231441
E08000013,St. Helens,3496,183200,1.908296943231441
E08000013,St. Helens,13667,183200,7.460152838427947
E08000013,St. Helens,10229,183200,5.583515283842795
E08000013,St. Helens,0,183200,0
E08000013,St. Helens,128,183200,0.06986899563318777
E08000013,St. Helens,73,183200,0.039847161572052404
E08000013,St. Helens,0,183200,0
E08000013,St. Helens,10,183200,0.0054585152838427945
E08000013,St. Helens,33,183200,0.018013100436681223
E08000013,St. Helens,13,183200,0.007096069868995633
E08000013,St. Helens,0,183200,0
E08000013,St. Helens,42,183200,0.02292576419213974
E08000013,St. Helens,32,183200,0.017467248908296942
E08000013,St. Helens,0,183200,0
E08000013,St. Helens,1,183200,5.458515283842794e-4
E08000013,St. Helens,13,183200,0.007096069868995633
E08000013,St. Helens,8,183200,0.004366812227074236
E08000013,St. Helens,0,183200,0
E08000013,St. Helens,71,183200,0.03875545851528384
E08000013,St. Helens,38,183200,0.02074235807860262
E08000013,St. Helens,0,183200,0
E08000013,St. Helens,2,183200,0.001091703056768559
E08000013,St. Helens,9,183200,0.0049126637554585155
E08000013,St. Helens,2,183200,0.001091703056768559
E08000013,St. Helens,0,183200,0
E08000013,St. Helens,59,183200,0.03220524017467249
E08000013,St. Helens,6,183200,0.0032751091703056767
E08000013,St. Helens,1,183200,5.458515283842794e-4
E08000013,St. Helens,1,183200,5.458515283842794e-4
E08000013,St. Helens,4,183200,0.002183406113537118
E08000013,St. Helens,1,183200,5.458515283842794e-4
E08000013,St. Helens,0,183200,0
E08000013,St. Helens,2452,183200,1.3384279475982532
E08000013,St. Helens,2353,183200,1.2843886462882097
E08000013,St. Helens,11,183200,0.006004366812227074
E08000013,St. Helens,141,183200,0.0769650655021834
E08000013,St. Helens,630,183200,0.34388646288209607
E08000013,St. Helens,670,183200,0.36572052401746724
E08000014,Sefton,0,279300,0
E08000014,Sefton,0,279300,0
E08000014,Sefton,0,279300,0
E08000014,Sefton,0,279300,0
E08000014,Sefton,0,279300,0
E08000014,Sefton,0,279300,0
E08000014,Sefton,0,279300,0
E08000014,Sefton,0,279300,0
E08000014,Sefton,81971,279300,29.34872896527032
E08000014,Sefton,95773,279300,34.290368779090585
E08000014,Sefton,325,279300,0.11636233440744718
E08000014,Sefton,4676,279300,1.6741854636591478
E08000014,Sefton,21247,279300,7.607232366630863
E08000014,Sefton,17185,279300,6.152882205513785
E08000014,Sefton,0,279300,0
E08000014,Sefton,189,279300,0.06766917293233082
E08000014,Sefton,87,279300,0.031149301825993556
E08000014,Sefton,2,279300,7.160759040458289e-4
E08000014,Sefton,9,279300,0.00322234156820623
E08000014,Sefton,26,279300,0.009308986752595776
E08000014,Sefton,27,279300,0.00966702470461869
E08000014,Sefton,0,279300,0
E08000014,Sefton,91,279300,0.03258145363408521
E08000014,Sefton,36,279300,0.01288936627282492
E08000014,Sefton,0,279300,0
E08000014,Sefton,5,279300,0.0017901897601145722
E08000014,Sefton,18,279300,0.00644468313641246
E08000014,Sefton,9,279300,0.00322234156820623
E08000014,Sefton,0,279300,0
E08000014,Sefton,102,279300,0.036519871106337275
E08000014,Sefton,38,279300,0.013605442176870748
E08000014,Sefton,0,279300,0
E08000014,Sefton,8,279300,0.0028643036161833156
E08000014,Sefton,7,279300,0.002506265664160401
E08000014,Sefton,4,279300,0.0014321518080916578
E08000014,Sefton,0,279300,0
E08000014,Sefton,117,279300,0.04189044038668099
E08000014,Sefton,15,279300,0.0053705692803437165
E08000014,Sefton,1,279300,3.5803795202291446e-4
E08000014,Sefton,0,279300,0
E08000014,Sefton,2,279300,7.160759040458289e-4
E08000014,Sefton,0,279300,0
E08000014,Sefton,0,279300,0
E08000014,Sefton,4260,279300,1.5252416756176155
E08000014,Sefton,3593,279300,1.2864303616183315
E08000014,Sefton,16,279300,0.005728607232366631
E08000014,Sefton,222,279300,0.079484425349087
E08000014,Sefton,1205,279300,0.4314357321876119
E08000014,Sefton,1125,279300,0.4027926960257787
E08000015,Wirral,0,320200,0
E08000015,Wirral,0,320200,0
E08000015,Wirral,0,320200,0
E08000015,Wirral,0,320200,0
E08000015,Wirral,0,320200,0
E08000015,Wirral,0,320200,0
E08000015,Wirral,0,320200,0
E08000015,Wirral,0,320200,0
E08000015,Wirral,91850,320200,28.68519675202998
E08000015,Wirral,106728,320200,33.3316677076827
E08000015,Wirral,432,320200,0.13491567770143661
E08000015,Wirral,6088,320200,1.901311680199875
E08000015,Wirral,25371,320200,7.923485321673954
E08000015,Wirral,18213,320200,5.688007495315428
E08000015,Wirral,0,320200,0
E08000015,Wirral,175,320200,0.05465334166146159
E08000015,Wirral,90,320200,0.028107432854465958
E08000015,Wirral,1,320200,3.123048094940662e-4
E08000015,Wirral,17,320200,0.005309181761399126
E08000015,Wirral,43,320200,0.013429106808244847
E08000015,Wirral,27,320200,0.008432229856339788
E08000015,Wirral,0,320200,0
E08000015,Wirral,135,320200,0.04216114928169894
E08000015,Wirral,37,320200,0.01155527795128045
E08000015,Wirral,0,320200,0
E08000015,Wirral,4,320200,0.0012492192379762648
E08000015,Wirral,21,320200,0.00655840099937539
E08000015,Wirral,11,320200,0.003435352904434728
E08000015,Wirral,0,320200,0
E08000015,Wirral,117,320200,0.03653966271080575
E08000015,Wirral,45,320200,0.014053716427232979
E08000015,Wirral,1,320200,3.123048094940662e-4
E08000015,Wirral,3,320200,9.369144284821987e-4
E08000015,Wirral,12,320200,0.0037476577139287947
E08000015,Wirral,6,320200,0.0018738288569643974
E08000015,Wirral,0,320200,0
E08000015,Wirral,184,320200,0.05746408494690818
E08000015,Wirral,12,320200,0.0037476577139287947
E08000015,Wirral,0,320200,0
E08000015,Wirral,2,320200,6.246096189881324e-4
E08000015,Wirral,10,320200,0.003123048094940662
E08000015,Wirral,4,320200,0.0012492192379762648
E08000015,Wirral,0,320200,0
E08000015,Wirral,5349,320200,1.6705184259837602
E08000015,Wirral,4199,320200,1.311367895065584
E08000015,Wirral,8,320200,0.0024984384759525295
E08000015,Wirral,244,320200,0.07620237351655215
E08000015,Wirral,1364,320200,0.4259837601499063
E08000015,Wirral,1313,320200,0.4100562148657089
E08000016,Barnsley,0,244600,0
E08000016,Barnsley,0,244600,0
E08000016,Barnsley,0,244600,0
E08000016,Barnsley,0,244600,0
E08000016,Barnsley,0,244600,0
E08000016,Barnsley,0,244600,0
E08000016,Barnsley,0,244600,0
E08000016,Barnsley,0,244600,0
E08000016,Barnsley,69077,244600,28.24080130825838
E08000016,Barnsley,83154,244600,33.99591169255928
E08000016,Barnsley,309,244600,0.12632869991823384
E08000016,Barnsley,4564,244600,1.865903515944399
E08000016,Barnsley,19957,244600,8.15903515944399
E08000016,Barnsley,12578,244600,5.14227309893704
E08000016,Barnsley,0,244600,0
E08000016,Barnsley,177,244600,0.07236304170073589
E08000016,Barnsley,103,244600,0.04210956663941128
E08000016,Barnsley,2,244600,0.00081766148814390845
E08000016,Barnsley,13,244600,0.005314799672935405
E08000016,Barnsley,57,244600,0.02330335241210139
E08000016,Barnsley,22,244600,0.008994276369582993
E08000016,Barnsley,0,244600,0
E08000016,Barnsley,69,244600,0.028209321340964842
E08000016,Barnsley,40,244600,0.016353229762878167
E08000016,Barnsley,0,244600,0
E08000016,Barnsley,3,244600,0.0012264922322158627
E08000016,Barnsley,16,244600,0.006541291905151268
E08000016,Barnsley,9,244600,0.003679476696647588
E08000016,Barnsley,0,244600,0
E08000016,Barnsley,100,244600,0.04088307440719542
E08000016,Barnsley,41,244600,0.016762060506950123
E08000016,Barnsley,1,244600,4.088307440719542e-4
E08000016,Barnsley,1,244600,4.088307440719542e-4
E08000016,Barnsley,6,244600,0.0024529844644317253
E08000016,Barnsley,3,244600,0.0012264922322158627
E08000016,Barnsley,0,244600,0
E08000016,Barnsley,78,244600,0.03188879803761243
E08000016,Barnsley,14,244600,0.005723630417007359
E08000016,Barnsley,0,244600,0
E08000016,Barnsley,5,244600,0.002044153720359771
E08000016,Barnsley,1,244600,4.088307440719542e-4
E08000016,Barnsley,0,244600,0
E08000016,Barnsley,0,244600,0
E08000016,Barnsley,3597,244600,1.4705641864268193
E08000016,Barnsley,3506,244600,1.4333605887162715
E08000016,Barnsley,10,244600,0.004088307440719542
E08000016,Barnsley,215,244600,0.08789860997547015
E08000016,Barnsley,1143,244600,0.46729354047424365
E08000016,Barnsley,918,244600,0.37530662305805396
E08000017,Doncaster,0,308100,0
E08000017,Doncaster,0,308100,0
E08000017,Doncaster,0,308100,0
E08000017,Doncaster,0,308100,0
E08000017,Doncaster,0,308100,0
E08000017,Doncaster,0,308100,0
E08000017,Doncaster,0,308100,0
E08000017,Doncaster,0,308100,0
E08000017,Doncaster,85082,308100,27.615060045439794
E08000017,Doncaster,103341,308100,33.541382667964946
E08000017,Doncaster,439,308100,0.14248620577734503
E08000017,Doncaster,6060,308100,1.9668938656280428
E08000017,Doncaster,25166,308100,8.16812723141837
E08000017,Doncaster,15877,308100,5.1531970139565075
E08000017,Doncaster,0,308100,0
E08000017,Doncaster,315,308100,0.10223953261927946
E08000017,Doncaster,229,308100,0.07432651736449204
E08000017,Doncaster,2,308100,6.491398896462187e-4
E08000017,Doncaster,15,308100,0.004868549172346641
E08000017,Doncaster,70,308100,0.022719896137617657
E08000017,Doncaster,33,308100,0.010710808179162609
E08000017,Doncaster,0,308100,0
E08000017,Doncaster,127,308100,0.041220382992534894
E08000017,Doncaster,64,308100,0.020772476468679
E08000017,Doncaster,0,308100,0
E08000017,Doncaster,8,308100,0.002596559558584875
E08000017,Doncaster,20,308100,0.006491398896462187
E08000017,Doncaster,11,308100,0.0035702693930542034
E08000017,Doncaster,0,308100,0
E08000017,Doncaster,141,308100,0.045764362220058426
E08000017,Doncaster,68,308100,0.02207075624797144
E08000017,Doncaster,0,308100,0
E08000017,Doncaster,4,308100,0.0012982797792924375
E08000017,Doncaster,21,308100,0.006815968841285297
E08000017,Doncaster,6,308100,0.0019474196689386564
E08000017,Doncaster,0,308100,0
E08000017,Doncaster,103,308100,0.03343070431678027
E08000017,Doncaster,10,308100,0.0032456994482310936
E08000017,Doncaster,1,308100,3.245699448231094e-4
E08000017,Doncaster,2,308100,6.491398896462187e-4
E08000017,Doncaster,3,308100,9.737098344693282e-4
E08000017,Doncaster,4,308100,0.0012982797792924375
E08000017,Doncaster,0,308100,0
E08000017,Doncaster,5368,308100,1.7422914638104512
E08000017,Doncaster,5166,308100,1.676728334956183
E08000017,Doncaster,25,308100,0.008114248620577734
E08000017,Doncaster,318,308100,0.10321324245374879
E08000017,Doncaster,1433,308100,0.4651087309315157
E08000017,Doncaster,1396,308100,0.4530996429730607
E08000018,Rotherham,0,265800,0
E08000018,Rotherham,0,265800,0
E08000018,Rotherham,0,265800,0
E08000018,Rotherham,0,265800,0
E08000018,Rotherham,0,265800,0
E08000018,Rotherham,0,265800,0
E08000018,Rotherham,0,265800,0
E08000018,Rotherham,0,265800,0
E08000018,Rotherham,72992,265800,27.46124905944319
E08000018,Rotherham,92701,265800,34.87622272385252
E08000018,Rotherham,296,265800,0.11136192626034612
E08000018,Rotherham,4532,265800,1.7050413844996237
E08000018,Rotherham,19458,265800,7.320541760722348
E08000018,Rotherham,13875,265800,5.220090293453724
E08000018,Rotherham,0,265800,0
E08000018,Rotherham,310,265800,0.11662904439428141
E08000018,Rotherham,182,265800,0.06847253574115876
E08000018,Rotherham,6,265800,0.002257336343115124
E08000018,Rotherham,18,265800,0.006772009029345372
E08000018,Rotherham,57,265800,0.02144469525959368
E08000018,Rotherham,29,265800,0.0109104589917231
E08000018,Rotherham,0,265800,0
E08000018,Rotherham,82,265800,0.030850263355906696
E08000018,Rotherham,48,265800,0.01805869074492099
E08000018,Rotherham,2,265800,7.524454477050414e-4
E08000018,Rotherham,6,265800,0.002257336343115124
E08000018,Rotherham,15,265800,0.0056433408577878106
E08000018,Rotherham,7,265800,0.0026335590669676447
E08000018,Rotherham,0,265800,0
E08000018,Rotherham,120,265800,0.045146726862302484
E08000018,Rotherham,60,265800,0.022573363431151242
E08000018,Rotherham,0,265800,0
E08000018,Rotherham,7,265800,0.0026335590669676447
E08000018,Rotherham,8,265800,0.0030097817908201654
E08000018,Rotherham,4,265800,0.0015048908954100827
E08000018,Rotherham,0,265800,0
E08000018,Rotherham,92,265800,0.0346124905944319
E08000018,Rotherham,10,265800,0.003762227238525207
E08000018,Rotherham,0,265800,0
E08000018,Rotherham,1,265800,3.762227238525207e-4
E08000018,Rotherham,6,265800,0.002257336343115124
E08000018,Rotherham,2,265800,7.524454477050414e-4
E08000018,Rotherham,0,265800,0
E08000018,Rotherham,4049,265800,1.5233258088788564
E08000018,Rotherham,4228,265800,1.5906696764484576
E08000018,Rotherham,21,265800,0.007900677200902935
E08000018,Rotherham,225,265800,0.08465011286681716
E08000018,Rotherham,1068,265800,0.4018058690744921
E08000018,Rotherham,1056,265800,0.3972911963882618
E08000019,Sheffield,0,556500,0
E08000019,Sheffield,0,556500,0
E08000019,Sheffield,0,556500,0
E08000019,Sheffield,0,556500,0
E08000019,Sheffield,0,556500,0
E08000019,Sheffield,0,556500,0
E08000019,Sheffield,0,556500,0
E08000019,Sheffield,0,556500,0
E08000019,Sheffield,185357,556500,33.30763701707098
E08000019,Sheffield,171462,556500,30.81078167115903
E08000019,Sheffield,851,556500,0.15292003593890385
E08000019,Sheffield,8597,556500,1.5448337825696317
E08000019,Sheffield,33401,556500,6.001976639712489
E08000019,Sheffield,24243,556500,4.3563342318059295
E08000019,Sheffield,0,556500,0
E08000019,Sheffield,688,556500,0.12362982929020665
E08000019,Sheffield,657,556500,0.11805929919137466
E08000019,Sheffield,7,556500,0.0012578616352201257
E08000019,Sheffield,44,556500,0.007906558849955076
E08000019,Sheffield,86,556500,0.015453728661275831
E08000019,Sheffield,42,556500,0.007547169811320755
E08000019,Sheffield,0,556500,0
E08000019,Sheffield,283,556500,0.050853548966756514
E08000019,Sheffield,152,556500,0.027313566936208445
E08000019,Sheffield,2,556500,3.5938903863432165e-4
E08000019,Sheffield,20,556500,0.0035938903863432167
E08000019,Sheffield,70,556500,0.012578616352201259
E08000019,Sheffield,24,556500,0.00431266846361186
E08000019,Sheffield,0,556500,0
E08000019,Sheffield,319,556500,0.0573225516621743
E08000019,Sheffield,169,556500,0.03036837376460018
E08000019,Sheffield,1,556500,1.7969451931716083e-4
E08000019,Sheffield,11,556500,0.001976639712488769
E08000019,Sheffield,17,556500,0.003054806828391734
E08000019,Sheffield,6,556500,0.001078167115902965
E08000019,Sheffield,0,556500,0
E08000019,Sheffield,763,556500,0.1371069182389937
E08000019,Sheffield,58,556500,0.010422282120395327
E08000019,Sheffield,6,556500,0.001078167115902965
E08000019,Sheffield,8,556500,0.0014375561545372866
E08000019,Sheffield,20,556500,0.0035938903863432167
E08000019,Sheffield,2,556500,3.5938903863432165e-4
E08000019,Sheffield,0,556500,0
E08000019,Sheffield,14345,556500,2.577717879604672
E08000019,Sheffield,9569,556500,1.719496855345912
E08000019,Sheffield,51,556500,0.009164420485175202
E08000019,Sheffield,531,556500,0.0954177897574124
E08000019,Sheffield,2172,556500,0.3902964959568733
E08000019,Sheffield,2214,556500,0.3978436657681941
E08000021,Newcastle upon Tyne,0,300200,0
E08000021,Newcastle upon Tyne,0,300200,0
E08000021,Newcastle upon Tyne,0,300200,0
E08000021,Newcastle upon Tyne,0,300200,0
E08000021,Newcastle upon Tyne,0,300200,0
E08000021,Newcastle upon Tyne,0,300200,0
E08000021,Newcastle upon Tyne,0,300200,0
E08000021,Newcastle upon Tyne,0,300200,0
E08000021,Newcastle upon Tyne,113890,300200,37.93804130579613
E08000021,Newcastle upon Tyne,82235,300200,27.393404397068622
E08000021,Newcastle upon Tyne,468,300200,0.1558960692871419
E08000021,Newcastle upon Tyne,5184,300200,1.726848767488341
E08000021,Newcastle upon Tyne,17172,300200,5.72018654230513
E08000021,Newcastle upon Tyne,11638,300200,3.876748834110593
E08000021,Newcastle upon Tyne,0,300200,0
E08000021,Newcastle upon Tyne,478,300200,0.15922718187874751
E08000021,Newcastle upon Tyne,371,300200,0.12358427714856762
E08000021,Newcastle upon Tyne,5,300200,0.0016655562958027982
E08000021,Newcastle upon Tyne,17,300200,0.005662891405729514
E08000021,Newcastle upon Tyne,46,300200,0.015323117921385743
E08000021,Newcastle upon Tyne,22,300200,0.0073284477015323115
E08000021,Newcastle upon Tyne,0,300200,0
E08000021,Newcastle upon Tyne,190,300200,0.06329113924050633
E08000021,Newcastle upon Tyne,66,300200,0.021985343104596936
E08000021,Newcastle upon Tyne,1,300200,3.3311125916055963e-4
E08000021,Newcastle upon Tyne,13,300200,0.0043304463690872754
E08000021,Newcastle upon Tyne,70,300200,0.023317788141239172
E08000021,Newcastle upon Tyne,11,300200,0.0036642238507661557
E08000021,Newcastle upon Tyne,0,300200,0
E08000021,Newcastle upon Tyne,184,300200,0.06129247168554297
E08000021,Newcastle upon Tyne,118,300200,0.03930712858094604
E08000021,Newcastle upon Tyne,2,300200,6.662225183211193e-4
E08000021,Newcastle upon Tyne,7,300200,0.002331778814123917
E08000021,Newcastle upon Tyne,41,300200,0.013657561625582945
E08000021,Newcastle upon Tyne,5,300200,0.0016655562958027982
E08000021,Newcastle upon Tyne,0,300200,0
E08000021,Newcastle upon Tyne,460,300200,0.15323117921385743
E08000021,Newcastle upon Tyne,33,300200,0.010992671552298468
E08000021,Newcastle upon Tyne,1,300200,3.3311125916055963e-4
E08000021,Newcastle upon Tyne,9,300200,0.0029980013324450365
E08000021,Newcastle upon Tyne,11,300200,0.0036642238507661557
E08000021,Newcastle upon Tyne,0,300200,0
E08000021,Newcastle upon Tyne,0,300200,0
E08000021,Newcastle upon Tyne,9055,300200,3.0163224516988674
E08000021,Newcastle upon Tyne,4362,300200,1.4530313124583611
E08000021,Newcastle upon Tyne,33,300200,0.010992671552298468
E08000021,Newcastle upon Tyne,300,300200,0.09993337774816789
E08000021,Newcastle upon Tyne,1013,300200,0.3374417055296469
E08000021,Newcastle upon Tyne,935,300200,0.31145902731512326
E08000022,North Tyneside,0,209000,0
E08000022,North Tyneside,0,209000,0
E08000022,North Tyneside,0,209000,0
E08000022,North Tyneside,0,209000,0
E08000022,North Tyneside,0,209000,0
E08000022,North Tyneside,0,209000,0
E08000022,North Tyneside,0,209000,0
E08000022,North Tyneside,0,209000,0
E08000022,North Tyneside,58350,209000,27.91866028708134
E08000022,North Tyneside,73395,209000,35.11722488038278
E08000022,North Tyneside,317,209000,0.15167464114832535
E08000022,North Tyneside,4178,209000,1.999043062200957
E08000022,North Tyneside,16644,209000,7.963636363636364
E08000022,North Tyneside,11295,209000,5.404306220095694
E08000022,North Tyneside,0,209000,0
E08000022,North Tyneside,120,209000,0.05741626794258373
E08000022,North Tyneside,75,209000,0.03588516746411483
E08000022,North Tyneside,6,209000,0.0028708133971291866
E08000022,North Tyneside,5,209000,0.0023923444976076554
E08000022,North Tyneside,36,209000,0.01722488038277512
E08000022,North Tyneside,12,209000,0.005741626794258373
E08000022,North Tyneside,0,209000,0
E08000022,North Tyneside,66,209000,0.031578947368421054
E08000022,North Tyneside,28,209000,0.013397129186602871
E08000022,North Tyneside,0,209000,0
E08000022,North Tyneside,5,209000,0.0023923444976076554
E08000022,North Tyneside,17,209000,0.008133971291866028
E08000022,North Tyneside,6,209000,0.0028708133971291866
E08000022,North Tyneside,0,209000,0
E08000022,North Tyneside,83,209000,0.03971291866028708
E08000022,North Tyneside,35,209000,0.01674641148325359
E08000022,North Tyneside,0,209000,0
E08000022,North Tyneside,2,209000,9.569377990430622e-4
E08000022,North Tyneside,8,209000,0.003827751196172249
E08000022,North Tyneside,4,209000,0.0019138755980861245
E08000022,North Tyneside,0,209000,0
E08000022,North Tyneside,126,209000,0.06028708133971292
E08000022,North Tyneside,15,209000,0.007177033492822967
E08000022,North Tyneside,0,209000,0
E08000022,North Tyneside,2,209000,9.569377990430622e-4
E08000022,North Tyneside,7,209000,0.0033492822966507177
E08000022,North Tyneside,1,209000,4.784688995215311e-4
E08000022,North Tyneside,0,209000,0
E08000022,North Tyneside,2678,209000,1.2813397129186603
E08000022,North Tyneside,2401,209000,1.1488038277511963
E08000022,North Tyneside,12,209000,0.005741626794258373
E08000022,North Tyneside,149,209000,0.07129186602870813
E08000022,North Tyneside,722,209000,0.34545454545454546
E08000022,North Tyneside,704,209000,0.3368421052631579
E08000023,South Tyneside,0,147800,0
E08000023,South Tyneside,0,147800,0
E08000023,South Tyneside,0,147800,0
E08000023,South Tyneside,0,147800,0
E08000023,South Tyneside,0,147800,0
E08000023,South Tyneside,0,147800,0
E08000023,South Tyneside,0,147800,0
E08000023,South Tyneside,0,147800,0
E08000023,South Tyneside,43764,147800,29.610284167794315
E08000023,South Tyneside,48247,147800,32.64343707713126
E08000023,South Tyneside,176,147800,0.11907983761840325
E08000023,South Tyneside,3171,147800,2.1454668470906633
E08000023,South Tyneside,11945,147800,8.081867388362653
E08000023,South Tyneside,8303,147800,5.617726657645467
E08000023,South Tyneside,0,147800,0
E08000023,South Tyneside,86,147800,0.058186738836265225
E08000023,South Tyneside,58,147800,0.03924221921515562
E08000023,South Tyneside,0,147800,0
E08000023,South Tyneside,7,147800,0.004736129905277402
E08000023,South Tyneside,17,147800,0.011502029769959404
E08000023,South Tyneside,13,147800,0.008795669824086604
E08000023,South Tyneside,0,147800,0
E08000023,South Tyneside,44,147800,0.029769959404600813
E08000023,South Tyneside,17,147800,0.011502029769959404
E08000023,South Tyneside,0,147800,0
E08000023,South Tyneside,1,147800,6.765899864682003e-4
E08000023,South Tyneside,7,147800,0.004736129905277402
E08000023,South Tyneside,7,147800,0.004736129905277402
E08000023,South Tyneside,0,147800,0
E08000023,South Tyneside,79,147800,0.05345060893098782
E08000023,South Tyneside,20,147800,0.013531799729364006
E08000023,South Tyneside,1,147800,6.765899864682003e-4
E08000023,South Tyneside,0,147800,0
E08000023,South Tyneside,11,147800,0.007442489851150203
E08000023,South Tyneside,2,147800,0.0013531799729364006
E08000023,South Tyneside,0,147800,0
E08000023,South Tyneside,73,147800,0.04939106901217862
E08000023,South Tyneside,9,147800,0.006089309878213802
E08000023,South Tyneside,0,147800,0
E08000023,South Tyneside,2,147800,0.0013531799729364006
E08000023,South Tyneside,5,147800,0.0033829499323410014
E08000023,South Tyneside,0,147800,0
E08000023,South Tyneside,0,147800,0
E08000023,South Tyneside,2030,147800,1.3734776725304465
E08000023,South Tyneside,1858,147800,1.257104194857916
E08000023,South Tyneside,10,147800,0.006765899864682003
E08000023,South Tyneside,139,147800,0.09404600811907984
E08000023,South Tyneside,554,147800,0.37483085250338294
E08000023,South Tyneside,636,147800,0.43031123139377536
E08000024,Sunderland,0,274200,0
E08000024,Sunderland,0,274200,0
E08000024,Sunderland,0,274200,0
E08000024,Sunderland,0,274200,0
E08000024,Sunderland,0,274200,0
E08000024,Sunderland,0,274200,0
E08000024,Sunderland,0,274200,0
E08000024,Sunderland,0,274200,0
E08000024,Sunderland,82934,274200,30.24580598103574
E08000024,Sunderland,92361,274200,33.683807439824946
E08000024,Sunderland,289,274200,0.10539752005835157
E08000024,Sunderland,5363,274200,1.9558716265499636
E08000024,Sunderland,19444,274200,7.091174325309993
E08000024,Sunderland,15082,274200,5.50036469730124
E08000024,Sunderland,0,274200,0
E08000024,Sunderland,205,274200,0.07476294675419402
E08000024,Sunderland,117,274200,0.04266958424507659
E08000024,Sunderland,1,274200,3.6469730123997083e-4
E08000024,Sunderland,12,274200,0.00437636761487965
E08000024,Sunderland,38,274200,0.013858497447118891
E08000024,Sunderland,24,274200,0.0087527352297593
E08000024,Sunderland,0,274200,0
E08000024,Sunderland,86,274200,0.031363967906637494
E08000024,Sunderland,41,274200,0.014952589350838803
E08000024,Sunderland,0,274200,0
E08000024,Sunderland,10,274200,0.0036469730123997084
E08000024,Sunderland,18,274200,0.006564551422319475
E08000024,Sunderland,11,274200,0.0040116703136396795
E08000024,Sunderland,0,274200,0
E08000024,Sunderland,141,274200,0.05142231947483589
E08000024,Sunderland,60,274200,0.02188183807439825
E08000024,Sunderland,0,274200,0
E08000024,Sunderland,5,274200,0.0018234865061998542
E08000024,Sunderland,12,274200,0.00437636761487965
E08000024,Sunderland,10,274200,0.0036469730123997084
E08000024,Sunderland,0,274200,0
E08000024,Sunderland,124,274200,0.04522246535375638
E08000024,Sunderland,13,274200,0.004741064916119621
E08000024,Sunderland,1,274200,3.6469730123997083e-4
E08000024,Sunderland,0,274200,0
E08000024,Sunderland,3,274200,0.0010940919037199124
E08000024,Sunderland,0,274200,0
E08000024,Sunderland,0,274200,0
E08000024,Sunderland,3961,274200,1.4445660102115245
E08000024,Sunderland,3512,274200,1.2808169219547776
E08000024,Sunderland,8,274200,0.0029175784099197666
E08000024,Sunderland,199,274200,0.07257476294675419
E08000024,Sunderland,891,274200,0.324945295404814
E08000024,Sunderland,1093,274200,0.3986141502552881
E08000025,Birmingham,0,1144900,0
E08000025,Birmingham,0,1144900,0
E08000025,Birmingham,0,1144900,0
E08000025,Birmingham,0,1144900,0
E08000025,Birmingham,0,1144900,0
E08000025,Birmingham,0,1144900,0
E08000025,Birmingham,0,1144900,0
E08000025,Birmingham,0,1144900,0
E08000025,Birmingham,360294,1144900,31.46947331644685
E08000025,Birmingham,322892,1144900,28.202637784959386
E08000025,Birmingham,1452,1144900,0.12682330334527034
E08000025,Birmingham,21025,1144900,1.8364049261944275
E08000025,Birmingham,59147,1144900,5.1661280461175645
E08000025,Birmingham,42612,1144900,3.7218971089178092
E08000025,Birmingham,0,1144900,0
E08000025,Birmingham,1637,1144900,0.14298191981832475
E08000025,Birmingham,1890,1144900,0.165079919643637
E08000025,Birmingham,9,1144900,7.860948554458904e-4
E08000025,Birmingham,213,1144900,0.018604244912219407
E08000025,Birmingham,306,1144900,0.026727225085160275
E08000025,Birmingham,113,1144900,0.009869857629487291
E08000025,Birmingham,0,1144900,0
E08000025,Birmingham,519,1144900,0.045331469997379685
E08000025,Birmingham,554,1144900,0.048388505546335926
E08000025,Birmingham,4,1144900,3.493754913092847e-4
E08000025,Birmingham,54,1144900,0.004716569132675343
E08000025,Birmingham,113,1144900,0.009869857629487291
E08000025,Birmingham,83,1144900,0.007249541444667657
E08000025,Birmingham,0,1144900,0
E08000025,Birmingham,596,1144900,0.052056948205083414
E08000025,Birmingham,627,1144900,0.05476460826273037
E08000025,Birmingham,7,1144900,6.114071097912482e-4
E08000025,Birmingham,60,1144900,0.00524063236963927
E08000025,Birmingham,94,1144900,0.00821032404576819
E08000025,Birmingham,21,1144900,0.0018342213293737445
E08000025,Birmingham,0,1144900,0
E08000025,Birmingham,796,1144900,0.06952572277054765
E08000025,Birmingham,78,1144900,0.006812822080531051
E08000025,Birmingham,2,1144900,1.7468774565464234e-4
E08000025,Birmingham,11,1144900,9.607826011005328e-4
E08000025,Birmingham,32,1144900,0.0027950039304742774
E08000025,Birmingham,5,1144900,4.367193641366058e-4
E08000025,Birmingham,0,1144900,0
E08000025,Birmingham,35223,1144900,3.0765132325967333
E08000025,Birmingham,27784,1144900,2.426762162634291
E08000025,Birmingham,117,1144900,0.010219233120796575
E08000025,Birmingham,1944,1144900,0.16979648877631234
E08000025,Birmingham,4825,1144900,0.4214341863918246
E08000025,Birmingham,4483,1144900,0.3915625818848808
E08000026,Coventry,0,345300,0
E08000026,Coventry,0,345300,0
E08000026,Coventry,0,345300,0
E08000026,Coventry,0,345300,0
E08000026,Coventry,0,345300,0
E08000026,Coventry,0,345300,0
E08000026,Coventry,0,345300,0
E08000026,Coventry,0,345300,0
E08000026,Coventry,110187,345300,31.910512597741096
E08000026,Coventry,102742,345300,29.754416449464234
E08000026,Coventry,480,345300,0.13900955690703737
E08000026,Coventry,5831,345300,1.6886765131769477
E08000026,Coventry,20619,345300,5.971329278887923
E08000026,Coventry,13662,345300,3.956559513466551
E08000026,Coventry,0,345300,0
E08000026,Coventry,457,345300,0.13234868230524183
E08000026,Coventry,514,345300,0.1488560671879525
E08000026,Coventry,2,345300,5.792064871126556e-4
E08000026,Coventry,42,345300,0.01216333622936577
E08000026,Coventry,85,345300,0.024616275702287867
E08000026,Coventry,22,345300,0.006371271358239212
E08000026,Coventry,0,345300,0
E08000026,Coventry,193,345300,0.055893426006371275
E08000026,Coventry,120,345300,0.03475238922675934
E08000026,Coventry,2,345300,5.792064871126556e-4
E08000026,Coventry,13,345300,0.003764842166232262
E08000026,Coventry,33,345300,0.009556907037358819
E08000026,Coventry,16,345300,0.004633651896901245
E08000026,Coventry,0,345300,0
E08000026,Coventry,184,345300,0.05328699681436432
E08000026,Coventry,146,345300,0.042282073559223865
E08000026,Coventry,2,345300,5.792064871126556e-4
E08000026,Coventry,13,345300,0.003764842166232262
E08000026,Coventry,20,345300,0.005792064871126557
E08000026,Coventry,9,345300,0.0026064291920069507
E08000026,Coventry,0,345300,0
E08000026,Coventry,264,345300,0.07645525629887055
E08000026,Coventry,33,345300,0.009556907037358819
E08000026,Coventry,0,345300,0
E08000026,Coventry,3,345300,8.688097306689834e-4
E08000026,Coventry,9,345300,0.0026064291920069507
E08000026,Coventry,0,345300,0
E08000026,Coventry,0,345300,0
E08000026,Coventry,10454,345300,3.027512308137851
E08000026,Coventry,7235,345300,2.0952794671300317
E08000026,Coventry,35,345300,0.010136113524471474
E08000026,Coventry,380,345300,0.11004923255140457
E08000026,Coventry,1598,345300,0.4627859832030119
E08000026,Coventry,1467,345300,0.42484795829713295
E08000027,Dudley,0,323500,0
E08000027,Dudley,0,323500,0
E08000027,Dudley,0,323500,0
E08000027,Dudley,0,323500,0
E08000027,Dudley,0,323500,0
E08000027,Dudley,0,323500,0
E08000027,Dudley,0,323500,0
E08000027,Dudley,0,323500,0
E08000027,Dudley,88063,323500,27.221947449768162
E08000027,Dudley,113079,323500,34.9548686244204
E08000027,Dudley,322,323500,0.09953632148377126
E08000027,Dudley,5755,323500,1.7789799072642967
E08000027,Dudley,21750,323500,6.723338485316847
E08000027,Dudley,17007,323500,5.257187017001546
E08000027,Dudley,0,323500,0
E08000027,Dudley,225,323500,0.0695517774343122
E08000027,Dudley,183,323500,0.05656877897990727
E08000027,Dudley,3,323500,9.273570324574962e-4
E08000027,Dudley,19,323500,0.005873261205564142
E08000027,Dudley,56,323500,0.01731066460587326
E08000027,Dudley,50,323500,0.015455950540958269
E08000027,Dudley,0,323500,0
E08000027,Dudley,93,323500,0.02874806800618238
E08000027,Dudley,61,323500,0.018856259659969087
E08000027,Dudley,0,323500,0
E08000027,Dudley,24,323500,0.0074188562596599695
E08000027,Dudley,10,323500,0.0030911901081916537
E08000027,Dudley,11,323500,0.0034003091190108192
E08000027,Dudley,0,323500,0
E08000027,Dudley,113,323500,0.03493044822256569
E08000027,Dudley,59,323500,0.018238021638330756
E08000027,Dudley,0,323500,0
E08000027,Dudley,13,323500,0.00401854714064915
E08000027,Dudley,8,323500,0.002472952086553323
E08000027,Dudley,3,323500,9.273570324574962e-4
E08000027,Dudley,0,323500,0
E08000027,Dudley,105,323500,0.03245749613601236
E08000027,Dudley,22,323500,0.0068006182380216385
E08000027,Dudley,0,323500,0
E08000027,Dudley,2,323500,6.182380216383308e-4
E08000027,Dudley,6,323500,0.0018547140649149924
E08000027,Dudley,1,323500,3.091190108191654e-4
E08000027,Dudley,0,323500,0
E08000027,Dudley,5627,323500,1.7394126738794435
E08000027,Dudley,6354,323500,1.9641421947449769
E08000027,Dudley,61,323500,0.018856259659969087
E08000027,Dudley,299,323500,0.09242658423493044
E08000027,Dudley,1444,323500,0.4463678516228748
E08000027,Dudley,1657,323500,0.512210200927357
E08000028,Sandwell,0,341900,0
E08000028,Sandwell,0,341900,0
E08000028,Sandwell,0,341900,0
E08000028,Sandwell,0,341900,0
E08000028,Sandwell,0,341900,0
E08000028,Sandwell,0,341900,0
E08000028,Sandwell,0,341900,0
E08000028,Sandwell,0,341900,0
E08000028,Sandwell,96428,341900,28.203568294823047
E08000028,Sandwell,106461,341900,31.138052062006434
E08000028,Sandwell,302,341900,0.0883299210295408
E08000028,Sandwell,6514,341900,1.9052354489616847
E08000028,Sandwell,19429,341900,5.682655747294531
E08000028,Sandwell,15317,341900,4.479964902018134
E08000028,Sandwell,0,341900,0
E08000028,Sandwell,435,341900,0.1272301842644048
E08000028,Sandwell,533,341900,0.155893536121673
E08000028,Sandwell,6,341900,0.0017548990933021352
E08000028,Sandwell,44,341900,0.01286926001754899
E08000028,Sandwell,75,341900,0.02193623866627669
E08000028,Sandwell,52,341900,0.015209125475285171
E08000028,Sandwell,0,341900,0
E08000028,Sandwell,120,341900,0.0350979818660427
E08000028,Sandwell,168,341900,0.04913717461245978
E08000028,Sandwell,0,341900,0
E08000028,Sandwell,12,341900,0.0035097981866042704
E08000028,Sandwell,37,341900,0.010821877742029834
E08000028,Sandwell,21,341900,0.006142146826557473
E08000028,Sandwell,0,341900,0
E08000028,Sandwell,137,341900,0.04007019596373208
E08000028,Sandwell,171,341900,0.05001462415911085
E08000028,Sandwell,2,341900,5.84966364434045e-4
E08000028,Sandwell,13,341900,0.0038022813688212928
E08000028,Sandwell,16,341900,0.00467973091547236
E08000028,Sandwell,8,341900,0.00233986545773618
E08000028,Sandwell,0,341900,0
E08000028,Sandwell,95,341900,0.02778590231061714
E08000028,Sandwell,14,341900,0.0040947645510383155
E08000028,Sandwell,0,341900,0
E08000028,Sandwell,2,341900,5.84966364434045e-4
E08000028,Sandwell,7,341900,0.0020473822755191578
E08000028,Sandwell,0,341900,0
E08000028,Sandwell,0,341900,0
E08000028,Sandwell,7642,341900,2.235156478502486
E08000028,Sandwell,8221,341900,2.4045042410061424
E08000028,Sandwell,24,341900,0.007019596373208541
E08000028,Sandwell,533,341900,0.155893536121673
E08000028,Sandwell,1551,341900,0.45364141561860194
E08000028,Sandwell,1635,341900,0.47821000292483185
E08000029,Solihull,0,216200,0
E08000029,Solihull,0,216200,0
E08000029,Solihull,0,216200,0
E08000029,Solihull,0,216200,0
E08000029,Solihull,0,216200,0
E08000029,Solihull,0,216200,0
E08000029,Solihull,0,216200,0
E08000029,Solihull,0,216200,0
E08000029,Solihull,54716,216200,25.30804810360777
E08000029,Solihull,82451,216200,38.13644773358002
E08000029,Solihull,214,216200,0.09898242368177614
E08000029,Solihull,3222,216200,1.4902867715078632
E08000029,Solihull,13440,216200,6.216466234967623
E08000029,Solihull,11523,216200,5.329787234042553
E08000029,Solihull,0,216200,0
E08000029,Solihull,102,216200,0.04717853839037928
E08000029,Solihull,79,216200,0.03654024051803885
E08000029,Solihull,2,216200,9.250693802035153e-4
E08000029,Solihull,10,216200,0.004625346901017576
E08000029,Solihull,18,216200,0.008325624421831638
E08000029,Solihull,18,216200,0.008325624421831638
E08000029,Solihull,0,216200,0
E08000029,Solihull,64,216200,0.02960222016651249
E08000029,Solihull,30,216200,0.013876040703052728
E08000029,Solihull,0,216200,0
E08000029,Solihull,2,216200,9.250693802035153e-4
E08000029,Solihull,13,216200,0.006012950971322849
E08000029,Solihull,4,216200,0.0018501387604070306
E08000029,Solihull,0,216200,0
E08000029,Solihull,49,216200,0.022664199814986123
E08000029,Solihull,46,216200,0.02127659574468085
E08000029,Solihull,0,216200,0
E08000029,Solihull,3,216200,0.0013876040703052729
E08000029,Solihull,10,216200,0.004625346901017576
E08000029,Solihull,5,216200,0.002312673450508788
E08000029,Solihull,0,216200,0
E08000029,Solihull,74,216200,0.034227567067530065
E08000029,Solihull,10,216200,0.004625346901017576
E08000029,Solihull,0,216200,0
E08000029,Solihull,0,216200,0
E08000029,Solihull,2,216200,9.250693802035153e-4
E08000029,Solihull,0,216200,0
E08000029,Solihull,0,216200,0
E08000029,Solihull,3035,216200,1.4037927844588345
E08000029,Solihull,3581,216200,1.6563367252543941
E08000029,Solihull,11,216200,0.005087881591119334
E08000029,Solihull,158,216200,0.0730804810360777
E08000029,Solihull,724,216200,0.3348751156336725
E08000029,Solihull,885,216200,0.4093432007400555
E08000030,Walsall,0,284100,0
E08000030,Walsall,0,284100,0
E08000030,Walsall,0,284100,0
E08000030,Walsall,0,284100,0
E08000030,Walsall,0,284100,0
E08000030,Walsall,0,284100,0
E08000030,Walsall,0,284100,0
E08000030,Walsall,0,284100,0
E08000030,Walsall,77673,284100,27.34002111932418
E08000030,Walsall,92984,284100,32.729320661738825
E08000030,Walsall,350,284100,0.12319605772615276
E08000030,Walsall,4960,284100,1.7458641323477648
E08000030,Walsall,17139,284100,6.032734952481521
E08000030,Walsall,14147,284100,4.979584653291095
E08000030,Walsall,0,284100,0
E08000030,Walsall,217,284100,0.07638155579021472
E08000030,Walsall,285,284100,0.1003167898627244
E08000030,Walsall,4,284100,0.0014079549454417458
E08000030,Walsall,18,284100,0.006335797254487857
E08000030,Walsall,48,284100,0.01689545934530095
E08000030,Walsall,22,284100,0.007743752199929602
E08000030,Walsall,0,284100,0
E08000030,Walsall,85,284100,0.029919042590637098
E08000030,Walsall,82,284100,0.028863076381555792
E08000030,Walsall,0,284100,0
E08000030,Walsall,6,284100,0.0021119324181626186
E08000030,Walsall,16,284100,0.005631819781766983
E08000030,Walsall,10,284100,0.0035198873636043647
E08000030,Walsall,0,284100,0
E08000030,Walsall,90,284100,0.03167898627243928
E08000030,Walsall,88,284100,0.030975008799718408
E08000030,Walsall,2,284100,7.039774727208729e-4
E08000030,Walsall,5,284100,0.0017599436818021823
E08000030,Walsall,17,284100,0.00598380851812742
E08000030,Walsall,5,284100,0.0017599436818021823
E08000030,Walsall,0,284100,0
E08000030,Walsall,82,284100,0.028863076381555792
E08000030,Walsall,3,284100,0.0010559662090813093
E08000030,Walsall,0,284100,0
E08000030,Walsall,0,284100,0
E08000030,Walsall,5,284100,0.0017599436818021823
E08000030,Walsall,0,284100,0
E08000030,Walsall,0,284100,0
E08000030,Walsall,5515,284100,1.9412178810278071
E08000030,Walsall,6143,284100,2.1622668074621614
E08000030,Walsall,32,284100,0.011263639563533967
E08000030,Walsall,346,284100,0.12178810278071102
E08000030,Walsall,1253,284100,0.4410418866596269
E08000030,Walsall,1471,284100,0.5177754311862021
E08000031,Wolverhampton,0,263700,0
E08000031,Wolverhampton,0,263700,0
E08000031,Wolverhampton,0,263700,0
E08000031,Wolverhampton,0,263700,0
E08000031,Wolverhampton,0,263700,0
E08000031,Wolverhampton,0,263700,0
E08000031,Wolverhampton,0,263700,0
E08000031,Wolverhampton,0,263700,0
E08000031,Wolverhampton,76221,263700,28.90443686006826
E08000031,Wolverhampton,82006,263700,31.09821767159651
E08000031,Wolverhampton,258,263700,0.09783845278725825
E08000031,Wolverhampton,4653,263700,1.764505119453925
E08000031,Wolverhampton,16045,263700,6.084565794463406
E08000031,Wolverhampton,12476,263700,4.731133864239666
E08000031,Wolverhampton,0,263700,0
E08000031,Wolverhampton,314,263700,0.11907470610542283
E08000031,Wolverhampton,403,263700,0.1528251801289344
E08000031,Wolverhampton,2,263700,7.584376185058779e-4
E08000031,Wolverhampton,24,263700,0.009101251422070534
E08000031,Wolverhampton,67,263700,0.02540766021994691
E08000031,Wolverhampton,19,263700,0.00720515737580584
E08000031,Wolverhampton,0,263700,0
E08000031,Wolverhampton,110,263700,0.041714069017823284
E08000031,Wolverhampton,142,263700,0.05384907091391733
E08000031,Wolverhampton,0,263700,0
E08000031,Wolverhampton,11,263700,0.004171406901782328
E08000031,Wolverhampton,22,263700,0.008342813803564657
E08000031,Wolverhampton,22,263700,0.008342813803564657
E08000031,Wolverhampton,0,263700,0
E08000031,Wolverhampton,200,263700,0.07584376185058779
E08000031,Wolverhampton,158,263700,0.059916571861964356
E08000031,Wolverhampton,3,263700,0.0011376564277588168
E08000031,Wolverhampton,10,263700,0.0037921880925293893
E08000031,Wolverhampton,16,263700,0.006067500948047023
E08000031,Wolverhampton,6,263700,0.0022753128555176336
E08000031,Wolverhampton,0,263700,0
E08000031,Wolverhampton,117,263700,0.04436860068259386
E08000031,Wolverhampton,14,263700,0.005309063329541145
E08000031,Wolverhampton,1,263700,3.792188092529389e-4
E08000031,Wolverhampton,3,263700,0.0011376564277588168
E08000031,Wolverhampton,5,263700,0.0018960940462646946
E08000031,Wolverhampton,4,263700,0.0015168752370117557
E08000031,Wolverhampton,0,263700,0
E08000031,Wolverhampton,6092,263700,2.310200985968904
E08000031,Wolverhampton,5959,263700,2.259764884338263
E08000031,Wolverhampton,32,263700,0.012135001896094046
E08000031,Wolverhampton,326,263700,0.1236253318164581
E08000031,Wolverhampton,1323,263700,0.5017064846416383
E08000031,Wolverhampton,1377,263700,0.5221843003412969
E08000032,Bradford,0,546400,0
E08000032,Bradford,0,546400,0
E08000032,Bradford,0,546400,0
E08000032,Bradford,0,546400,0
E08000032,Bradford,0,546400,0
E08000032,Bradford,0,546400,0
E08000032,Bradford,0,546400,0
E08000032,Bradford,0,546400,0
E08000032,Bradford,142136,546400,26.013177159590043
E08000032,Bradford,177080,546400,32.40849194729136
E08000032,Bradford,605,546400,0.11072474377745242
E08000032,Bradford,10423,546400,1.9075768667642752
E08000032,Bradford,33752,546400,6.177159590043924
E08000032,Bradford,22640,546400,4.143484626647145
E08000032,Bradford,0,546400,0
E08000032,Bradford,704,546400,0.12884333821376281
E08000032,Bradford,778,546400,0.1423865300146413
E08000032,Bradford,9,546400,0.0016471449487554905
E08000032,Bradford,53,546400,0.009699853587115666
E08000032,Bradford,122,546400,0.02232796486090776
E08000032,Bradford,51,546400,0.009333821376281113
E08000032,Bradford,0,546400,0
E08000032,Bradford,196,546400,0.03587115666178624
E08000032,Bradford,204,546400,0.03733528550512445
E08000032,Bradford,2,546400,3.6603221083455345e-4
E08000032,Bradford,25,546400,0.004575402635431918
E08000032,Bradford,48,546400,0.008784773060029283
E08000032,Bradford,36,546400,0.006588579795021962
E08000032,Bradford,0,546400,0
E08000032,Bradford,259,546400,0.04740117130307467
E08000032,Bradford,223,546400,0.040812591508052706
E08000032,Bradford,0,546400,0
E08000032,Bradford,15,546400,0.002745241581259151
E08000032,Bradford,24,546400,0.004392386530014641
E08000032,Bradford,9,546400,0.0016471449487554905
E08000032,Bradford,0,546400,0
E08000032,Bradford,222,546400,0.04062957540263543
E08000032,Bradford,20,546400,0.0036603221083455345
E08000032,Bradford,5,546400,9.150805270863836e-4
E08000032,Bradford,4,546400,7.320644216691069e-4
E08000032,Bradford,16,546400,0.0029282576866764276
E08000032,Bradford,0,546400,0
E08000032,Bradford,0,546400,0
E08000032,Bradford,12135,546400,2.220900439238653
E08000032,Bradford,14230,546400,2.6043191800878476
E08000032,Bradford,46,546400,0.00841874084919473
E08000032,Bradford,839,546400,0.15355051244509516
E08000032,Bradford,2433,546400,0.44527818448023426
E08000032,Bradford,2231,546400,0.40830893118594436
E08000033,Calderdale,0,206600,0
E08000033,Calderdale,0,206600,0
E08000033,Calderdale,0,206600,0
E08000033,Calderdale,0,206600,0
E08000033,Calderdale,0,206600,0
E08000033,Calderdale,0,206600,0
E08000033,Calderdale,0,206600,0
E08000033,Calderdale,0,206600,0
E08000033,Calderdale,56361,206600,27.28025169409487
E08000033,Calderdale,69494,206600,33.63697967086157
E08000033,Calderdale,410,206600,0.1984511132623427
E08000033,Calderdale,4019,206600,1.9453049370764763
E08000033,Calderdale,16640,206600,8.054211035818005
E08000033,Calderdale,9969,206600,4.8252662149080345
E08000033,Calderdale,0,206600,0
E08000033,Calderdale,174,206600,0.08422071636011616
E08000033,Calderdale,105,206600,0.050822846079380445
E08000033,Calderdale,6,206600,0.002904162633107454
E08000033,Calderdale,3,206600,0.001452081316553727
E08000033,Calderdale,31,206600,0.015004840271055178
E08000033,Calderdale,14,206600,0.006776379477250726
E08000033,Calderdale,0,206600,0
E08000033,Calderdale,79,206600,0.03823814133591481
E08000033,Calderdale,48,206600,0.023233301064859633
E08000033,Calderdale,1,206600,4.84027105517909e-4
E08000033,Calderdale,3,206600,0.001452081316553727
E08000033,Calderdale,12,206600,0.005808325266214908
E08000033,Calderdale,12,206600,0.005808325266214908
E08000033,Calderdale,0,206600,0
E08000033,Calderdale,80,206600,0.03872216844143272
E08000033,Calderdale,36,206600,0.017424975798644726
E08000033,Calderdale,1,206600,4.84027105517909e-4
E08000033,Calderdale,3,206600,0.001452081316553727
E08000033,Calderdale,8,206600,0.003872216844143272
E08000033,Calderdale,3,206600,0.001452081316553727
E08000033,Calderdale,0,206600,0
E08000033,Calderdale,123,206600,0.05953533397870281
E08000033,Calderdale,20,206600,0.00968054211035818
E08000033,Calderdale,2,206600,9.68054211035818e-4
E08000033,Calderdale,5,206600,0.002420135527589545
E08000033,Calderdale,7,206600,0.003388189738625363
E08000033,Calderdale,1,206600,4.84027105517909e-4
E08000033,Calderdale,0,206600,0
E08000033,Calderdale,3507,206600,1.6974830590513068
E08000033,Calderdale,3512,206600,1.6999031945788965
E08000033,Calderdale,17,206600,0.008228460793804453
E08000033,Calderdale,221,206600,0.10696999031945789
E08000033,Calderdale,915,206600,0.44288480154888676
E08000033,Calderdale,794,206600,0.38431752178121975
E08000034,Kirklees,0,433300,0
E08000034,Kirklees,0,433300,0
E08000034,Kirklees,0,433300,0
E08000034,Kirklees,0,433300,0
E08000034,Kirklees,0,433300,0
E08000034,Kirklees,0,433300,0
E08000034,Kirklees,0,433300,0
E08000034,Kirklees,0,433300,0
E08000034,Kirklees,116199,433300,26.817216708977615
E08000034,Kirklees,149252,433300,34.44541887837526
E08000034,Kirklees,490,433300,0.11308562197092084
E08000034,Kirklees,7535,433300,1.7389799215324255
E08000034,Kirklees,30137,433300,6.95522732517886
E08000034,Kirklees,19816,433300,4.573274867297484
E08000034,Kirklees,0,433300,0
E08000034,Kirklees,313,433300,0.07223632587122086
E08000034,Kirklees,322,433300,0.07431340872374798
E08000034,Kirklees,6,433300,0.0013847219016847449
E08000034,Kirklees,21,433300,0.004846526655896607
E08000034,Kirklees,61,433300,0.014078006000461574
E08000034,Kirklees,29,433300,0.0066928225248096005
E08000034,Kirklees,0,433300,0
E08000034,Kirklees,150,433300,0.03461804754211863
E08000034,Kirklees,106,433300,0.02446342026309716
E08000034,Kirklees,3,433300,6.923609508423724e-4
E08000034,Kirklees,14,433300,0.0032310177705977385
E08000034,Kirklees,19,433300,0.0043849526886683594
E08000034,Kirklees,11,433300,0.002538656819755366
E08000034,Kirklees,0,433300,0
E08000034,Kirklees,180,433300,0.04154165705054235
E08000034,Kirklees,97,433300,0.022386337410570042
E08000034,Kirklees,3,433300,6.923609508423724e-4
E08000034,Kirklees,7,433300,0.0016155088852988692
E08000034,Kirklees,18,433300,0.004154165705054235
E08000034,Kirklees,9,433300,0.0020770828525271175
E08000034,Kirklees,0,433300,0
E08000034,Kirklees,207,433300,0.0477729056081237
E08000034,Kirklees,29,433300,0.0066928225248096005
E08000034,Kirklees,1,433300,2.3078698361412417e-4
E08000034,Kirklees,5,433300,0.0011539349180706207
E08000034,Kirklees,14,433300,0.0032310177705977385
E08000034,Kirklees,1,433300,2.3078698361412417e-4
E08000034,Kirklees,0,433300,0
E08000034,Kirklees,8242,433300,1.9021463189476113
E08000034,Kirklees,9078,433300,2.095084237249019
E08000034,Kirklees,36,433300,0.00830833141010847
E08000034,Kirklees,441,433300,0.10177705977382875
E08000034,Kirklees,1773,433300,0.40918532194784213
E08000034,Kirklees,1644,433300,0.37941380106162015
E08000035,Leeds,0,812000,0
E08000035,Leeds,0,812000,0
E08000035,Leeds,0,812000,0
E08000035,Leeds,0,812000,0
E08000035,Leeds,0,812000,0
E08000035,Leeds,0,812000,0
E08000035,Leeds,0,812000,0
E08000035,Leeds,0,812000,0
E08000035,Leeds,270630,812000,33.32881773399015
E08000035,Leeds,245177,812000,30.194211822660098
E08000035,Leeds,1064,812000,0.1310344827586207
E08000035,Leeds,13489,812000,1.6612068965517242
E08000035,Leeds,50396,812000,6.206403940886699
E08000035,Leeds,33053,812000,4.070566502463055
E08000035,Leeds,0,812000,0
E08000035,Leeds,967,812000,0.11908866995073891
E08000035,Leeds,757,812000,0.09322660098522167
E08000035,Leeds,24,812000,0.002955665024630542
E08000035,Leeds,118,812000,0.014532019704433498
E08000035,Leeds,164,812000,0.02019704433497537
E08000035,Leeds,56,812000,0.006896551724137931
E08000035,Leeds,0,812000,0
E08000035,Leeds,400,812000,0.04926108374384237
E08000035,Leeds,244,812000,0.030049261083743842
E08000035,Leeds,4,812000,4.926108374384236e-4
E08000035,Leeds,35,812000,0.004310344827586207
E08000035,Leeds,59,812000,0.007266009852216749
E08000035,Leeds,39,812000,0.00480295566502463
E08000035,Leeds,0,812000,0
E08000035,Leeds,450,812000,0.05541871921182266
E08000035,Leeds,247,812000,0.03041871921182266
E08000035,Leeds,3,812000,3.6945812807881776e-4
E08000035,Leeds,21,812000,0.002586206896551724
E08000035,Leeds,49,812000,0.00603448275862069
E08000035,Leeds,9,812000,0.0011083743842364533
E08000035,Leeds,0,812000,0
E08000035,Leeds,979,812000,0.12056650246305418
E08000035,Leeds,91,812000,0.011206896551724138
E08000035,Leeds,4,812000,4.926108374384236e-4
E08000035,Leeds,13,812000,0.0016009852216748769
E08000035,Leeds,18,812000,0.0022167487684729066
E08000035,Leeds,3,812000,3.6945812807881776e-4
E08000035,Leeds,0,812000,0
E08000035,Leeds,20144,812000,2.4807881773399014
E08000035,Leeds,13041,812000,1.6060344827586206
E08000035,Leeds,80,812000,0.009852216748768473
E08000035,Leeds,798,812000,0.09827586206896552
E08000035,Leeds,2910,812000,0.3583743842364532
E08000035,Leeds,2935,812000,0.36145320197044334
E08000036,Wakefield,0,353300,0
E08000036,Wakefield,0,353300,0
E08000036,Wakefield,0,353300,0
E08000036,Wakefield,0,353300,0
E08000036,Wakefield,0,353300,0
E08000036,Wakefield,0,353300,0
E08000036,Wakefield,0,353300,0
E08000036,Wakefield,0,353300,0
E08000036,Wakefield,97191,353300,27.509482026606285
E08000036,Wakefield,121684,353300,34.44211718086612
E08000036,Wakefield,493,353300,0.13954146617605434
E08000036,Wakefield,6573,353300,1.8604585338239457
E08000036,Wakefield,28412,353300,8.04189074440985
E08000036,Wakefield,17439,353300,4.936031701103878
E08000036,Wakefield,0,353300,0
E08000036,Wakefield,312,353300,0.08831021794508916
E08000036,Wakefield,171,353300,0.04840079252759694
E08000036,Wakefield,2,353300,5.660911406736484e-4
E08000036,Wakefield,19,353300,0.00537786583639966
E08000036,Wakefield,58,353300,0.016416643079535807
E08000036,Wakefield,16,353300,0.004528729125389187
E08000036,Wakefield,0,353300,0
E08000036,Wakefield,112,353300,0.03170110387772431
E08000036,Wakefield,67,353300,0.018964053212567222
E08000036,Wakefield,0,353300,0
E08000036,Wakefield,11,353300,0.0031135012737050667
E08000036,Wakefield,22,353300,0.006227002547410133
E08000036,Wakefield,11,353300,0.0031135012737050667
E08000036,Wakefield,0,353300,0
E08000036,Wakefield,135,353300,0.038211151995471274
E08000036,Wakefield,61,353300,0.01726577979054628
E08000036,Wakefield,1,353300,2.830455703368242e-4
E08000036,Wakefield,7,353300,0.0019813189923577695
E08000036,Wakefield,19,353300,0.00537786583639966
E08000036,Wakefield,7,353300,0.0019813189923577695
E08000036,Wakefield,0,353300,0
E08000036,Wakefield,150,353300,0.04245683555052363
E08000036,Wakefield,11,353300,0.0031135012737050667
E08000036,Wakefield,0,353300,0
E08000036,Wakefield,4,353300,0.0011321822813472968
E08000036,Wakefield,7,353300,0.0019813189923577695
E08000036,Wakefield,0,353300,0
E08000036,Wakefield,0,353300,0
E08000036,Wakefield,5581,353300,1.579677328049816
E08000036,Wakefield,5441,353300,1.5400509482026605
E08000036,Wakefield,34,353300,0.009623549391452024
E08000036,Wakefield,352,353300,0.09963204075856213
E08000036,Wakefield,1586,353300,0.44891027455420324
E08000036,Wakefield,1545,353300,0.43730540617039343
E08000037,Gateshead,0,196100,0
E08000037,Gateshead,0,196100,0
E08000037,Gateshead,0,196100,0
E08000037,Gateshead,0,196100,0
E08000037,Gateshead,0,196100,0
E08000037,Gateshead,0,196100,0
E08000037,Gateshead,0,196100,0
E08000037,Gateshead,0,196100,0
E08000037,Gateshead,59396,196100,30.2886282508924
E08000037,Gateshead,65298,196100,33.29831718510964
E08000037,Gateshead,284,196100,0.14482406935237124
E08000037,Gateshead,3802,196100,1.9388067312595614
E08000037,Gateshead,14528,196100,7.408465068842427
E08000037,Gateshead,10638,196100,5.424783273839878
E08000037,Gateshead,0,196100,0
E08000037,Gateshead,166,196100,0.08465068842427333
E08000037,Gateshead,127,196100,0.0647628760836308
E08000037,Gateshead,1,196100,5.099439061703213e-4
E08000037,Gateshead,8,196100,0.00407955124936257
E08000037,Gateshead,39,196100,0.01988781234064253
E08000037,Gateshead,18,196100,0.009178990311065782
E08000037,Gateshead,0,196100,0
E08000037,Gateshead,55,196100,0.02804691483936767
E08000037,Gateshead,36,196100,0.018357980622131564
E08000037,Gateshead,1,196100,5.099439061703213e-4
E08000037,Gateshead,1,196100,5.099439061703213e-4
E08000037,Gateshead,10,196100,0.005099439061703213
E08000037,Gateshead,5,196100,0.0025497195308516064
E08000037,Gateshead,0,196100,0
E08000037,Gateshead,70,196100,0.035696073431922486
E08000037,Gateshead,39,196100,0.01988781234064253
E08000037,Gateshead,0,196100,0
E08000037,Gateshead,1,196100,5.099439061703213e-4
E08000037,Gateshead,11,196100,0.0056093829678735335
E08000037,Gateshead,3,196100,0.0015298317185109638
E08000037,Gateshead,0,196100,0
E08000037,Gateshead,117,196100,0.05966343702192759
E08000037,Gateshead,10,196100,0.005099439061703213
E08000037,Gateshead,1,196100,5.099439061703213e-4
E08000037,Gateshead,2,196100,0.0010198878123406426
E08000037,Gateshead,5,196100,0.0025497195308516064
E08000037,Gateshead,1,196100,5.099439061703213e-4
E08000037,Gateshead,0,196100,0
E08000037,Gateshead,3015,196100,1.5374808771035187
E08000037,Gateshead,2598,196100,1.3248342682304945
E08000037,Gateshead,10,196100,0.005099439061703213
E08000037,Gateshead,153,196100,0.07802141764405915
E08000037,Gateshead,628,196100,0.32024477307496174
E08000037,Gateshead,665,196100,0.3391126976032636
E09000001,City of London,0,8600,0
E09000001,City of London,0,8600,0
E09000001,City of London,0,8600,0
E09000001,City of London,0,8600,0
E09000001,City of London,0,8600,0
E09000001,City of London,0,8600,0
E09000001,City of London,0,8600,0
E09000001,City of London,0,8600,0
E09000001,City of London,4189,8600,48.7093023255814
E09000001,City of London,2162,8600,25.13953488372093
E09000001,City of London,105,8600,1.2209302325581395
E09000001,City of London,161,8600,1.872093023255814
E09000001,City of London,524,8600,6.093023255813954
E09000001,City of London,225,8600,2.616279069767442
E09000001,City of London,0,8600,0
E09000001,City of London,8,8600,0.09302325581395349
E09000001,City of London,2,8600,0.023255813953488372
E09000001,City of London,0,8600,0
E09000001,City of London,1,8600,0.011627906976744186
E09000001,City of London,1,8600,0.011627906976744186
E09000001,City of London,0,8600,0
E09000001,City of London,0,8600,0
E09000001,City of London,7,8600,0.08139534883720931
E09000001,City of London,1,8600,0.011627906976744186
E09000001,City of London,0,8600,0
E09000001,City of London,1,8600,0.011627906976744186
E09000001,City of London,2,8600,0.023255813953488372
E09000001,City of London,1,8600,0.011627906976744186
E09000001,City of London,0,8600,0
E09000001,City of London,4,8600,0.046511627906976744
E09000001,City of London,0,8600,0
E09000001,City of London,1,8600,0.011627906976744186
E09000001,City of London,0,8600,0
E09000001,City of London,0,8600,0
E09000001,City of London,0,8600,0
E09000001,City of London,0,8600,0
E09000001,City of London,11,8600,0.12790697674418605
E09000001,City of London,2,8600,0.023255813953488372
E09000001,City of London,0,8600,0
E09000001,City of London,0,8600,0
E09000001,City of London,0,8600,0
E09000001,City of London,0,8600,0
E09000001,City of London,0,8600,0
E09000001,City of London,378,8600,4.395348837209302
E09000001,City of London,155,8600,1.802325581395349
E09000001,City of London,6,8600,0.06976744186046512
E09000001,City of London,9,8600,0.10465116279069768
E09000001,City of London,32,8600,0.37209302325581395
E09000001,City of London,18,8600,0.20930232558139536
E09000002,Barking and Dagenham,0,218900,0
E09000002,Barking and Dagenham,0,218900,0
E09000002,Barking and Dagenham,0,218900,0
E09000002,Barking and Dagenham,0,218900,0
E09000002,Barking and Dagenham,0,218900,0
E09000002,Barking and Dagenham,0,218900,0
E09000002,Barking and Dagenham,0,218900,0
E09000002,Barking and Dagenham,0,218900,0
E09000002,Barking and Dagenham,61368,218900,28.034719049794425
E09000002,Barking and Dagenham,62128,218900,28.381909547738694
E09000002,Barking and Dagenham,199,218900,0.09090909090909091
E09000002,Barking and Dagenham,4250,218900,1.9415258108725446
E09000002,Barking and Dagenham,11839,218900,5.408405664687072
E09000002,Barking and Dagenham,6444,218900,2.943809958885336
E09000002,Barking and Dagenham,0,218900,0
E09000002,Barking and Dagenham,434,218900,0.19826404751027868
E09000002,Barking and Dagenham,438,218900,0.20009136592051166
E09000002,Barking and Dagenham,5,218900,0.0022841480127912287
E09000002,Barking and Dagenham,36,218900,0.01644586569209685
E09000002,Barking and Dagenham,96,218900,0.0438556418455916
E09000002,Barking and Dagenham,20,218900,0.009136592051164915
E09000002,Barking and Dagenham,0,218900,0
E09000002,Barking and Dagenham,177,218900,0.0808588396528095
E09000002,Barking and Dagenham,149,218900,0.06806761078117862
E09000002,Barking and Dagenham,3,218900,0.0013704888076747374
E09000002,Barking and Dagenham,29,218900,0.013248058474189127
E09000002,Barking and Dagenham,38,218900,0.01735952489721334
E09000002,Barking and Dagenham,13,218900,0.005938784833257195
E09000002,Barking and Dagenham,0,218900,0
E09000002,Barking and Dagenham,133,218900,0.060758337140246685
E09000002,Barking and Dagenham,174,218900,0.07948835084513477
E09000002,Barking and Dagenham,4,218900,0.001827318410232983
E09000002,Barking and Dagenham,19,218900,0.00867976244860667
E09000002,Barking and Dagenham,50,218900,0.02284148012791229
E09000002,Barking and Dagenham,4,218900,0.001827318410232983
E09000002,Barking and Dagenham,0,218900,0
E09000002,Barking and Dagenham,52,218900,0.02375513933302878
E09000002,Barking and Dagenham,13,218900,0.005938784833257195
E09000002,Barking and Dagenham,1,218900,4.5682960255824577e-4
E09000002,Barking and Dagenham,1,218900,4.5682960255824577e-4
E09000002,Barking and Dagenham,3,218900,0.0013704888076747374
E09000002,Barking and Dagenham,1,218900,4.5682960255824577e-4
E09000002,Barking and Dagenham,0,218900,0
E09000002,Barking and Dagenham,5490,218900,2.5079945180447694
E09000002,Barking and Dagenham,6139,218900,2.804476930105071
E09000002,Barking and Dagenham,29,218900,0.013248058474189127
E09000002,Barking and Dagenham,332,218900,0.1516674280493376
E09000002,Barking and Dagenham,1027,218900,0.46916400182731843
E09000002,Barking and Dagenham,609,218900,0.27820922795797165
E09000003,Barnet,0,389300,0
E09000003,Barnet,0,389300,0
E09000003,Barnet,0,389300,0
E09000003,Barnet,0,389300,0
E09000003,Barnet,0,389300,0
E09000003,Barnet,0,389300,0
E09000003,Barnet,0,389300,0
E09000003,Barnet,0,389300,0
E09000003,Barnet,107084,389300,27.506807089648085
E09000003,Barnet,133034,389300,34.17261751862317
E09000003,Barnet,604,389300,0.15515026971487283
E09000003,Barnet,6179,389300,1.5872078088877473
E09000003,Barnet,20842,389300,5.353711790393013
E09000003,Barnet,13541,389300,3.478294374518366
E09000003,Barnet,0,389300,0
E09000003,Barnet,509,389300,0.13074749550475212
E09000003,Barnet,677,389300,0.17390187516054456
E09000003,Barnet,6,389300,0.0015412278448497304
E09000003,Barnet,40,389300,0.010274852298998202
E09000003,Barnet,100,389300,0.025687130747495505
E09000003,Barnet,41,389300,0.010531723606473156
E09000003,Barnet,0,389300,0
E09000003,Barnet,196,389300,0.05034677626509119
E09000003,Barnet,179,389300,0.045979964038016956
E09000003,Barnet,4,389300,0.0010274852298998202
E09000003,Barnet,18,389300,0.0046236835345491905
E09000003,Barnet,42,389300,0.010788594913948112
E09000003,Barnet,20,389300,0.005137426149499101
E09000003,Barnet,0,389300,0
E09000003,Barnet,212,389300,0.05445671718469047
E09000003,Barnet,186,389300,0.04777806319034164
E09000003,Barnet,1,389300,2.5687130747495504e-4
E09000003,Barnet,17,389300,0.004366812227074236
E09000003,Barnet,32,389300,0.008219881839198561
E09000003,Barnet,3,389300,7.706139224248652e-4
E09000003,Barnet,0,389300,0
E09000003,Barnet,221,389300,0.056768558951965066
E09000003,Barnet,27,389300,0.006935525301823786
E09000003,Barnet,2,389300,5.137426149499101e-4
E09000003,Barnet,2,389300,5.137426149499101e-4
E09000003,Barnet,14,389300,0.0035961983046493705
E09000003,Barnet,0,389300,0
E09000003,Barnet,0,389300,0
E09000003,Barnet,10593,389300,2.721037760082199
E09000003,Barnet,11212,389300,2.880041099409196
E09000003,Barnet,65,389300,0.016696634985872077
E09000003,Barnet,552,389300,0.1417929617261752
E09000003,Barnet,1819,389300,0.4672489082969432
E09000003,Barnet,1280,389300,0.32879527356794247
E09000004,Bexley,0,246500,0
E09000004,Bexley,0,246500,0
E09000004,Bexley,0,246500,0
E09000004,Bexley,0,246500,0
E09000004,Bexley,0,246500,0
E09000004,Bexley,0,246500,0
E09000004,Bexley,0,246500,0
E09000004,Bexley,0,246500,0
E09000004,Bexley,68155,246500,27.649087221095336
E09000004,Bexley,84942,246500,34.45922920892495
E09000004,Bexley,240,246500,0.0973630831643002
E09000004,Bexley,4319,246500,1.752129817444219
E09000004,Bexley,14989,246500,6.080730223123732
E09000004,Bexley,10988,246500,4.457606490872211
E09000004,Bexley,0,246500,0
E09000004,Bexley,232,246500,0.09411764705882353
E09000004,Bexley,213,246500,0.08640973630831643
E09000004,Bexley,3,246500,0.0012170385395537525
E09000004,Bexley,15,246500,0.006085192697768763
E09000004,Bexley,47,246500,0.019066937119675456
E09000004,Bexley,20,246500,0.008113590263691683
E09000004,Bexley,0,246500,0
E09000004,Bexley,77,246500,0.03123732251521298
E09000004,Bexley,78,246500,0.031643002028397565
E09000004,Bexley,0,246500,0
E09000004,Bexley,6,246500,0.002434077079107505
E09000004,Bexley,22,246500,0.008924949290060852
E09000004,Bexley,6,246500,0.002434077079107505
E09000004,Bexley,0,246500,0
E09000004,Bexley,89,246500,0.03610547667342799
E09000004,Bexley,91,246500,0.03691683569979716
E09000004,Bexley,0,246500,0
E09000004,Bexley,6,246500,0.002434077079107505
E09000004,Bexley,20,246500,0.008113590263691683
E09000004,Bexley,3,246500,0.0012170385395537525
E09000004,Bexley,0,246500,0
E09000004,Bexley,102,246500,0.041379310344827586
E09000004,Bexley,14,246500,0.005679513184584178
E09000004,Bexley,0,246500,0
E09000004,Bexley,7,246500,0.002839756592292089
E09000004,Bexley,4,246500,0.0016227180527383367
E09000004,Bexley,0,246500,0
E09000004,Bexley,0,246500,0
E09000004,Bexley,4387,246500,1.7797160243407708
E09000004,Bexley,4657,246500,1.8892494929006085
E09000004,Bexley,15,246500,0.006085192697768763
E09000004,Bexley,250,246500,0.10141987829614604
E09000004,Bexley,940,246500,0.3813387423935091
E09000004,Bexley,892,246500,0.3618661257606491
E09000005,Brent,0,339800,0
E09000005,Brent,0,339800,0
E09000005,Brent,0,339800,0
E09000005,Brent,0,339800,0
E09000005,Brent,0,339800,0
E09000005,Brent,0,339800,0
E09000005,Brent,0,339800,0
E09000005,Brent,0,339800,0
E09000005,Brent,105987,339800,31.190994702766332
E09000005,Brent,105137,339800,30.940847557386697
E09000005,Brent,465,339800,0.1368452030606239
E09000005,Brent,5904,339800,1.7374926427310182
E09000005,Brent,15794,339800,4.64802825191289
E09000005,Brent,10562,339800,3.1082989994114185
E09000005,Brent,0,339800,0
E09000005,Brent,729,339800,0.21453796350794585
E09000005,Brent,913,339800,0.2686874632136551
E09000005,Brent,12,339800,0.003531489111241907
E09000005,Brent,71,339800,0.020894643908181285
E09000005,Brent,166,339800,0.04885226603884638
E09000005,Brent,57,339800,0.016774573278399058
E09000005,Brent,0,339800,0
E09000005,Brent,210,339800,0.06180105944673337
E09000005,Brent,277,339800,0.08151854031783402
E09000005,Brent,3,339800,8.828722778104767e-4
E09000005,Brent,25,339800,0.0073572689817539725
E09000005,Brent,66,339800,0.01942319011183049
E09000005,Brent,32,339800,0.009417304296645085
E09000005,Brent,0,339800,0
E09000005,Brent,278,339800,0.08181283107710417
E09000005,Brent,328,339800,0.09652736904061213
E09000005,Brent,3,339800,8.828722778104767e-4
E09000005,Brent,28,339800,0.00824014125956445
E09000005,Brent,98,339800,0.028840494408475574
E09000005,Brent,46,339800,0.01353737492642731
E09000005,Brent,0,339800,0
E09000005,Brent,228,339800,0.06709829311359623
E09000005,Brent,24,339800,0.007062978222483814
E09000005,Brent,1,339800,2.942907592701589e-4
E09000005,Brent,5,339800,0.0014714537963507945
E09000005,Brent,8,339800,0.002354326074161271
E09000005,Brent,2,339800,5.885815185403178e-4
E09000005,Brent,0,339800,0
E09000005,Brent,12221,339800,3.5965273690406123
E09000005,Brent,11973,339800,3.523543260741613
E09000005,Brent,56,339800,0.0164802825191289
E09000005,Brent,599,339800,0.17628016480282518
E09000005,Brent,1652,339800,0.4861683343143025
E09000005,Brent,1183,339800,0.348145968216598
E09000006,Bromley,0,330000,0
E09000006,Bromley,0,330000,0
E09000006,Bromley,0,330000,0
E09000006,Bromley,0,330000,0
E09000006,Bromley,0,330000,0
E09000006,Bromley,0,330000,0
E09000006,Bromley,0,330000,0
E09000006,Bromley,0,330000,0
E09000006,Bromley,89915,330000,27.246969696969696
E09000006,Bromley,119746,330000,36.28666666666667
E09000006,Bromley,578,330000,0.17515151515151514
E09000006,Bromley,5099,330000,1.5451515151515152
E09000006,Bromley,19903,330000,6.031212121212121
E09000006,Bromley,14011,330000,4.245757575757576
E09000006,Bromley,0,330000,0
E09000006,Bromley,207,330000,0.06272727272727273
E09000006,Bromley,152,330000,0.04606060606060606
E09000006,Bromley,3,330000,9.090909090909091e-4
E09000006,Bromley,14,330000,0.004242424242424243
E09000006,Bromley,44,330000,0.013333333333333334
E09000006,Bromley,17,330000,0.005151515151515152
E09000006,Bromley,0,330000,0
E09000006,Bromley,89,330000,0.02696969696969697
E09000006,Bromley,68,330000,0.020606060606060607
E09000006,Bromley,4,330000,0.0012121212121212121
E09000006,Bromley,6,330000,0.0018181818181818182
E09000006,Bromley,20,330000,0.006060606060606061
E09000006,Bromley,8,330000,0.0024242424242424242
E09000006,Bromley,0,330000,0
E09000006,Bromley,112,330000,0.03393939393939394
E09000006,Bromley,65,330000,0.019696969696969695
E09000006,Bromley,0,330000,0
E09000006,Bromley,9,330000,0.0027272727272727275
E09000006,Bromley,13,330000,0.00393939393939394
E09000006,Bromley,8,330000,0.0024242424242424242
E09000006,Bromley,0,330000,0
E09000006,Bromley,186,330000,0.056363636363636366
E09000006,Bromley,24,330000,0.007272727272727273
E09000006,Bromley,1,330000,3.0303030303030303e-4
E09000006,Bromley,4,330000,0.0012121212121212121
E09000006,Bromley,5,330000,0.0015151515151515152
E09000006,Bromley,0,330000,0
E09000006,Bromley,0,330000,0
E09000006,Bromley,6189,330000,1.8754545454545455
E09000006,Bromley,5921,330000,1.7942424242424242
E09000006,Bromley,21,330000,0.006363636363636364
E09000006,Bromley,325,330000,0.09848484848484848
E09000006,Bromley,1219,330000,0.3693939393939394
E09000006,Bromley,1104,330000,0.33454545454545453
E09000007,Camden,0,210100,0
E09000007,Camden,0,210100,0
E09000007,Camden,0,210100,0
E09000007,Camden,0,210100,0
E09000007,Camden,0,210100,0
E09000007,Camden,0,210100,0
E09000007,Camden,0,210100,0
E09000007,Camden,0,210100,0
E09000007,Camden,89666,210100,42.67777248929082
E09000007,Camden,50367,210100,23.972870061875298
E09000007,Camden,947,210100,0.4507377439314612
E09000007,Camden,3579,210100,1.703474535935269
E09000007,Camden,11949,210100,5.6872917658257975
E09000007,Camden,5376,210100,2.558781532603522
E09000007,Camden,0,210100,0
E09000007,Camden,340,210100,0.1618277010947168
E09000007,Camden,157,210100,0.07472632079961923
E09000007,Camden,4,210100,0.0019038553069966682
E09000007,Camden,20,210100,0.00951927653498334
E09000007,Camden,60,210100,0.028557829604950024
E09000007,Camden,24,210100,0.01142313184198001
E09000007,Camden,0,210100,0
E09000007,Camden,136,210100,0.06473108043788672
E09000007,Camden,44,210100,0.020942408376963352
E09000007,Camden,2,210100,9.519276534983341e-4
E09000007,Camden,14,210100,0.006663493574488339
E09000007,Camden,35,210100,0.016658733936220846
E09000007,Camden,14,210100,0.006663493574488339
E09000007,Camden,0,210100,0
E09000007,Camden,118,210100,0.05616373155640171
E09000007,Camden,64,210100,0.03046168491194669
E09000007,Camden,1,210100,4.7596382674916705e-4
E09000007,Camden,9,210100,0.004283674440742504
E09000007,Camden,19,210100,0.009043312708234174
E09000007,Camden,6,210100,0.0028557829604950024
E09000007,Camden,0,210100,0
E09000007,Camden,297,210100,0.14136125654450263
E09000007,Camden,31,210100,0.014754878629224179
E09000007,Camden,3,210100,0.0014278914802475012
E09000007,Camden,4,210100,0.0019038553069966682
E09000007,Camden,12,210100,0.005711565920990005
E09000007,Camden,1,210100,4.7596382674916705e-4
E09000007,Camden,0,210100,0
E09000007,Camden,8599,210100,4.092812946216087
E09000007,Camden,4002,210100,1.9048072346501665
E09000007,Camden,77,210100,0.03664921465968586
E09000007,Camden,304,210100,0.14469300333174678
E09000007,Camden,1047,210100,0.49833412660637794
E09000007,Camden,576,210100,0.27415516420752023
E09000008,Croydon,0,390800,0
E09000008,Croydon,0,390800,0
E09000008,Croydon,0,390800,0
E09000008,Croydon,0,390800,0
E09000008,Croydon,0,390800,0
E09000008,Croydon,0,390800,0
E09000008,Croydon,0,390800,0
E09000008,Croydon,0,390800,0
E09000008,Croydon,121152,390800,31.001023541453428
E09000008,Croydon,118644,390800,30.35926305015353
E09000008,Croydon,711,390800,0.18193449334698056
E09000008,Croydon,7460,390800,1.9089048106448312
E09000008,Croydon,23050,390800,5.898157625383828
E09000008,Croydon,13302,390800,3.4037871033776868
E09000008,Croydon,0,390800,0
E09000008,Croydon,579,390800,0.14815762538382804
E09000008,Croydon,620,390800,0.1586489252814739
E09000008,Croydon,6,390800,0.0015353121801432957
E09000008,Croydon,49,390800,0.012538382804503583
E09000008,Croydon,124,390800,0.03172978505629478
E09000008,Croydon,42,390800,0.010747185261003071
E09000008,Croydon,0,390800,0
E09000008,Croydon,219,390800,0.0560388945752303
E09000008,Croydon,162,390800,0.041453428863868984
E09000008,Croydon,1,390800,2.5588536335721597e-4
E09000008,Croydon,43,390800,0.011003070624360286
E09000008,Croydon,65,390800,0.01663254861821904
E09000008,Croydon,25,390800,0.0063971340839304
E09000008,Croydon,0,390800,0
E09000008,Croydon,239,390800,0.06115660184237462
E09000008,Croydon,263,390800,0.0672978505629478
E09000008,Croydon,2,390800,5.117707267144319e-4
E09000008,Croydon,13,390800,0.0033265097236438077
E09000008,Croydon,31,390800,0.007932446264073694
E09000008,Croydon,8,390800,0.0020470829068577278
E09000008,Croydon,0,390800,0
E09000008,Croydon,225,390800,0.05757420675537359
E09000008,Croydon,27,390800,0.006908904810644831
E09000008,Croydon,2,390800,5.117707267144319e-4
E09000008,Croydon,7,390800,0.0017911975435005118
E09000008,Croydon,10,390800,0.00255885363357216
E09000008,Croydon,1,390800,2.5588536335721597e-4
E09000008,Croydon,0,390800,0
E09000008,Croydon,10765,390800,2.75460593654043
E09000008,Croydon,8740,390800,2.2364380757420674
E09000008,Croydon,50,390800,0.0127942681678608
E09000008,Croydon,670,390800,0.1714431934493347
E09000008,Croydon,1895,390800,0.48490276356192424
E09000008,Croydon,1194,390800,0.3055271238485159
E09000009,Ealing,0,367100,0
E09000009,Ealing,0,367100,0
E09000009,Ealing,0,367100,0
E09000009,Ealing,0,367100,0
E09000009,Ealing,0,367100,0
E09000009,Ealing,0,367100,0
E09000009,Ealing,0,367100,0
E09000009,Ealing,0,367100,0
E09000009,Ealing,110907,367100,30.211658948515392
E09000009,Ealing,118919,367100,32.394170525742304
E09000009,Ealing,790,367100,0.21520021792427133
E09000009,Ealing,5690,367100,1.5499863797330429
E09000009,Ealing,18446,367100,5.024788885862163
E09000009,Ealing,11632,367100,3.1686189049305367
E09000009,Ealing,0,367100,0
E09000009,Ealing,540,367100,0.1470988831381095
E09000009,Ealing,882,367100,0.24026150912557886
E09000009,Ealing,7,367100,0.0019068373740125306
E09000009,Ealing,60,367100,0.016344320348678835
E09000009,Ealing,126,367100,0.034323072732225554
E09000009,Ealing,51,367100,0.01389267229637701
E09000009,Ealing,0,367100,0
E09000009,Ealing,170,367100,0.04630890765459003
E09000009,Ealing,242,367100,0.06592209207300463
E09000009,Ealing,4,367100,0.001089621356578589
E09000009,Ealing,11,367100,0.0029964587305911197
E09000009,Ealing,45,367100,0.012258240261509125
E09000009,Ealing,31,367100,0.008444565513484064
E09000009,Ealing,0,367100,0
E09000009,Ealing,226,367100,0.06156360664669028
E09000009,Ealing,289,367100,0.07872514301280305
E09000009,Ealing,1,367100,2.7240533914464724e-4
E09000009,Ealing,16,367100,0.004358485426314356
E09000009,Ealing,42,367100,0.011441024244075185
E09000009,Ealing,9,367100,0.002451648052301825
E09000009,Ealing,0,367100,0
E09000009,Ealing,223,367100,0.06074639062925633
E09000009,Ealing,17,367100,0.004630890765459003
E09000009,Ealing,1,367100,2.7240533914464724e-4
E09000009,Ealing,3,367100,8.172160174339417e-4
E09000009,Ealing,6,367100,0.0016344320348678834
E09000009,Ealing,2,367100,5.448106782892945e-4
E09000009,Ealing,0,367100,0
E09000009,Ealing,11202,367100,3.0514846090983383
E09000009,Ealing,11074,367100,3.0166167256878236
E09000009,Ealing,53,367100,0.014437482974666304
E09000009,Ealing,567,367100,0.15445382729501497
E09000009,Ealing,1825,367100,0.4971397439389812
E09000009,Ealing,1260,367100,0.3432307273222555
E09000010,Enfield,0,330000,0
E09000010,Enfield,0,330000,0
E09000010,Enfield,0,330000,0
E09000010,Enfield,0,330000,0
E09000010,Enfield,0,330000,0
E09000010,Enfield,0,330000,0
E09000010,Enfield,0,330000,0
E09000010,Enfield,0,330000,0
E09000010,Enfield,94149,330000,28.53
E09000010,Enfield,100021,330000,30.30939393939394
E09000010,Enfield,446,330000,0.13515151515151516
E09000010,Enfield,6645,330000,2.0136363636363637
E09000010,Enfield,19190,330000,5.815151515151515
E09000010,Enfield,11878,330000,3.5993939393939396
E09000010,Enfield,0,330000,0
E09000010,Enfield,700,330000,0.21212121212121213
E09000010,Enfield,711,330000,0.21545454545454545
E09000010,Enfield,4,330000,0.0012121212121212121
E09000010,Enfield,64,330000,0.019393939393939394
E09000010,Enfield,135,330000,0.04090909090909091
E09000010,Enfield,38,330000,0.011515151515151515
E09000010,Enfield,0,330000,0
E09000010,Enfield,187,330000,0.056666666666666664
E09000010,Enfield,206,330000,0.062424242424242424
E09000010,Enfield,5,330000,0.0015151515151515152
E09000010,Enfield,23,330000,0.0069696969696969695
E09000010,Enfield,60,330000,0.01818181818181818
E09000010,Enfield,38,330000,0.011515151515151515
E09000010,Enfield,0,330000,0
E09000010,Enfield,191,330000,0.05787878787878788
E09000010,Enfield,220,330000,0.06666666666666667
E09000010,Enfield,3,330000,9.090909090909091e-4
E09000010,Enfield,29,330000,0.008787878787878787
E09000010,Enfield,38,330000,0.011515151515151515
E09000010,Enfield,5,330000,0.0015151515151515152
E09000010,Enfield,0,330000,0
E09000010,Enfield,108,330000,0.03272727272727273
E09000010,Enfield,12,330000,0.0036363636363636364
E09000010,Enfield,0,330000,0
E09000010,Enfield,1,330000,3.0303030303030303e-4
E09000010,Enfield,9,330000,0.0027272727272727275
E09000010,Enfield,2,330000,6.060606060606061e-4
E09000010,Enfield,0,330000,0
E09000010,Enfield,9316,330000,2.8230303030303032
E09000010,Enfield,8904,330000,2.6981818181818182
E09000010,Enfield,49,330000,0.014848484848484849
E09000010,Enfield,703,330000,0.21303030303030304
E09000010,Enfield,1975,330000,0.5984848484848485
E09000010,Enfield,1118,330000,0.3387878787878788
E09000011,Greenwich,0,289100,0
E09000011,Greenwich,0,289100,0
E09000011,Greenwich,0,289100,0
E09000011,Greenwich,0,289100,0
E09000011,Greenwich,0,289100,0
E09000011,Greenwich,0,289100,0
E09000011,Greenwich,0,289100,0
E09000011,Greenwich,0,289100,0
E09000011,Greenwich,98951,289100,34.227257004496714
E09000011,Greenwich,80254,289100,27.759944655828434
E09000011,Greenwich,636,289100,0.21999308197855413
E09000011,Greenwich,6136,289100,2.122448979591837
E09000011,Greenwich,17195,289100,5.947768938083708
E09000011,Greenwich,8096,289100,2.800415081286752
E09000011,Greenwich,0,289100,0
E09000011,Greenwich,413,289100,0.14285714285714285
E09000011,Greenwich,383,289100,0.13248011068834314
E09000011,Greenwich,3,289100,0.0010377032168799724
E09000011,Greenwich,52,289100,0.017986855759252855
E09000011,Greenwich,94,289100,0.03251470079557247
E09000011,Greenwich,36,289100,0.012452438602559669
E09000011,Greenwich,0,289100,0
E09000011,Greenwich,154,289100,0.053268765133171914
E09000011,Greenwich,116,289100,0.040124524386025595
E09000011,Greenwich,1,289100,3.459010722933241e-4
E09000011,Greenwich,24,289100,0.008301625735039779
E09000011,Greenwich,45,289100,0.015565548253199585
E09000011,Greenwich,18,289100,0.006226219301279834
E09000011,Greenwich,0,289100,0
E09000011,Greenwich,208,289100,0.07194742303701142
E09000011,Greenwich,150,289100,0.051885160843998614
E09000011,Greenwich,2,289100,6.918021445866483e-4
E09000011,Greenwich,21,289100,0.007263922518159807
E09000011,Greenwich,29,289100,0.010031131096506399
E09000011,Greenwich,4,289100,0.0013836042891732965
E09000011,Greenwich,0,289100,0
E09000011,Greenwich,228,289100,0.0788654444828779
E09000011,Greenwich,32,289100,0.011068834313386372
E09000011,Greenwich,0,289100,0
E09000011,Greenwich,3,289100,0.0010377032168799724
E09000011,Greenwich,10,289100,0.0034590107229332413
E09000011,Greenwich,4,289100,0.0013836042891732965
E09000011,Greenwich,0,289100,0
E09000011,Greenwich,8157,289100,2.8215150466966445
E09000011,Greenwich,5661,289100,1.9581459702525077
E09000011,Greenwich,38,289100,0.013144240747146317
E09000011,Greenwich,398,289100,0.137668626772743
E09000011,Greenwich,1393,289100,0.48184019370460046
E09000011,Greenwich,802,289100,0.2774126599792459
E09000012,Hackney,0,259200,0
E09000012,Hackney,0,259200,0
E09000012,Hackney,0,259200,0
E09000012,Hackney,0,259200,0
E09000012,Hackney,0,259200,0
E09000012,Hackney,0,259200,0
E09000012,Hackney,0,259200,0
E09000012,Hackney,0,259200,0
E09000012,Hackney,114002,259200,43.98225308641975
E09000012,Hackney,48482,259200,18.704475308641975
E09000012,Hackney,937,259200,0.36149691358024694
E09000012,Hackney,5326,259200,2.054783950617284
E09000012,Hackney,13004,259200,5.0169753086419755
E09000012,Hackney,5256,259200,2.0277777777777777
E09000012,Hackney,0,259200,0
E09000012,Hackney,455,259200,0.17554012345679013
E09000012,Hackney,267,259200,0.10300925925925926
E09000012,Hackney,13,259200,0.005015432098765432
E09000012,Hackney,41,259200,0.015817901234567902
E09000012,Hackney,110,259200,0.04243827160493827
E09000012,Hackney,33,259200,0.01273148148148148
E09000012,Hackney,0,259200,0
E09000012,Hackney,164,259200,0.06327160493827161
E09000012,Hackney,106,259200,0.04089506172839506
E09000012,Hackney,0,259200,0
E09000012,Hackney,28,259200,0.010802469135802469
E09000012,Hackney,31,259200,0.011959876543209876
E09000012,Hackney,26,259200,0.010030864197530864
E09000012,Hackney,0,259200,0
E09000012,Hackney,147,259200,0.056712962962962965
E09000012,Hackney,102,259200,0.03935185185185185
E09000012,Hackney,0,259200,0
E09000012,Hackney,10,259200,0.0038580246913580245
E09000012,Hackney,31,259200,0.011959876543209876
E09000012,Hackney,5,259200,0.0019290123456790122
E09000012,Hackney,0,259200,0
E09000012,Hackney,572,259200,0.22067901234567902
E09000012,Hackney,42,259200,0.016203703703703703
E09000012,Hackney,12,259200,0.004629629629629629
E09000012,Hackney,15,259200,0.005787037037037037
E09000012,Hackney,26,259200,0.010030864197530864
E09000012,Hackney,3,259200,0.0011574074074074073
E09000012,Hackney,0,259200,0
E09000012,Hackney,10857,259200,4.188657407407407
E09000012,Hackney,6944,259200,2.6790123456790123
E09000012,Hackney,61,259200,0.02353395061728395
E09000012,Hackney,559,259200,0.21566358024691357
E09000012,Hackney,1222,259200,0.4714506172839506
E09000012,Hackney,579,259200,0.22337962962962962
E09000013,Hammersmith and Fulham,0,183200,0
E09000013,Hammersmith and Fulham,0,183200,0
E09000013,Hammersmith and Fulham,0,183200,0
E09000013,Hammersmith and Fulham,0,183200,0
E09000013,Hammersmith and Fulham,0,183200,0
E09000013,Hammersmith and Fulham,0,183200,0
E09000013,Hammersmith and Fulham,0,183200,0
E09000013,Hammersmith and Fulham,0,183200,0
E09000013,Hammersmith and Fulham,79486,183200,43.38755458515284
E09000013,Hammersmith and Fulham,43647,183200,23.824781659388645
E09000013,Hammersmith and Fulham,630,183200,0.34388646288209607
E09000013,Hammersmith and Fulham,3053,183200,1.6664847161572052
E09000013,Hammersmith and Fulham,10325,183200,5.635917030567685
E09000013,Hammersmith and Fulham,4347,183200,2.372816593886463
E09000013,Hammersmith and Fulham,0,183200,0
E09000013,Hammersmith and Fulham,301,183200,0.16430131004366813
E09000013,Hammersmith and Fulham,116,183200,0.06331877729257641
E09000013,Hammersmith and Fulham,6,183200,0.0032751091703056767
E09000013,Hammersmith and Fulham,23,183200,0.012554585152838428
E09000013,Hammersmith and Fulham,68,183200,0.03711790393013101
E09000013,Hammersmith and Fulham,12,183200,0.006550218340611353
E09000013,Hammersmith and Fulham,0,183200,0
E09000013,Hammersmith and Fulham,110,183200,0.060043668122270744
E09000013,Hammersmith and Fulham,43,183200,0.023471615720524017
E09000013,Hammersmith and Fulham,4,183200,0.002183406113537118
E09000013,Hammersmith and Fulham,15,183200,0.008187772925764192
E09000013,Hammersmith and Fulham,28,183200,0.015283842794759825
E09000013,Hammersmith and Fulham,14,183200,0.007641921397379912
E09000013,Hammersmith and Fulham,0,183200,0
E09000013,Hammersmith and Fulham,126,183200,0.06877729257641921
E09000013,Hammersmith and Fulham,52,183200,0.028384279475982533
E09000013,Hammersmith and Fulham,2,183200,0.001091703056768559
E09000013,Hammersmith and Fulham,7,183200,0.003820960698689956
E09000013,Hammersmith and Fulham,19,183200,0.01037117903930131
E09000013,Hammersmith and Fulham,5,183200,0.0027292576419213972
E09000013,Hammersmith and Fulham,0,183200,0
E09000013,Hammersmith and Fulham,138,183200,0.07532751091703056
E09000013,Hammersmith and Fulham,12,183200,0.006550218340611353
E09000013,Hammersmith and Fulham,3,183200,0.0016375545851528383
E09000013,Hammersmith and Fulham,7,183200,0.003820960698689956
E09000013,Hammersmith and Fulham,9,183200,0.0049126637554585155
E09000013,Hammersmith and Fulham,1,183200,5.458515283842794e-4
E09000013,Hammersmith and Fulham,0,183200,0
E09000013,Hammersmith and Fulham,7221,183200,3.941593886462882
E09000013,Hammersmith and Fulham,3180,183200,1.7358078602620088
E09000013,Hammersmith and Fulham,51,183200,0.027838427947598252
E09000013,Hammersmith and Fulham,264,183200,0.14410480349344978
E09000013,Hammersmith and Fulham,910,183200,0.49672489082969434
E09000013,Hammersmith and Fulham,392,183200,0.21397379912663755
E09000014,Haringey,0,264200,0
E09000014,Haringey,0,264200,0
E09000014,Haringey,0,264200,0
E09000014,Haringey,0,264200,0
E09000014,Haringey,0,264200,0
E09000014,Haringey,0,264200,0
E09000014,Haringey,0,264200,0
E09000014,Haringey,0,264200,0
E09000014,Haringey,99287,264200,37.58024224072672
E09000014,Haringey,64879,264200,24.556775170325512
E09000014,Haringey,873,264200,0.33043149129447386
E09000014,Haringey,5400,264200,2.043906131718395
E09000014,Haringey,15876,264200,6.009084027252082
E09000014,Haringey,6862,264200,2.5972747918243755
E09000014,Haringey,0,264200,0
E09000014,Haringey,653,264200,0.24716124148372445
E09000014,Haringey,472,264200,0.17865253595760788
E09000014,Haringey,10,264200,0.003785011355034065
E09000014,Haringey,69,264200,0.026116578349735048
E09000014,Haringey,140,264200,0.05299015897047691
E09000014,Haringey,33,264200,0.012490537471612415
E09000014,Haringey,0,264200,0
E09000014,Haringey,176,264200,0.06661619984859955
E09000014,Haringey,115,264200,0.043527630582891746
E09000014,Haringey,0,264200,0
E09000014,Haringey,22,264200,0.008327024981074944
E09000014,Haringey,53,264200,0.020060560181680544
E09000014,Haringey,16,264200,0.006056018168054504
E09000014,Haringey,0,264200,0
E09000014,Haringey,212,264200,0.08024224072672217
E09000014,Haringey,107,264200,0.0404996214988645
E09000014,Haringey,2,264200,7.57002271006813e-4
E09000014,Haringey,12,264200,0.004542013626040878
E09000014,Haringey,49,264200,0.01854655563966692
E09000014,Haringey,7,264200,0.0026495079485238456
E09000014,Haringey,0,264200,0
E09000014,Haringey,465,264200,0.17600302800908402
E09000014,Haringey,35,264200,0.013247539742619227
E09000014,Haringey,11,264200,0.004163512490537472
E09000014,Haringey,9,264200,0.0034065102195306586
E09000014,Haringey,17,264200,0.006434519303557911
E09000014,Haringey,1,264200,3.785011355034065e-4
E09000014,Haringey,0,264200,0
E09000014,Haringey,10877,264200,4.116956850870553
E09000014,Haringey,6307,264200,2.387206661619985
E09000014,Haringey,72,264200,0.02725208175624527
E09000014,Haringey,523,264200,0.1979560938682816
E09000014,Haringey,1654,264200,0.6260408781226343
E09000014,Haringey,704,264200,0.2664647993943982
E09000015,Harrow,0,261300,0
E09000015,Harrow,0,261300,0
E09000015,Harrow,0,261300,0
E09000015,Harrow,0,261300,0
E09000015,Harrow,0,261300,0
E09000015,Harrow,0,261300,0
E09000015,Harrow,0,261300,0
E09000015,Harrow,0,261300,0
E09000015,Harrow,62110,261300,23.76961347110601
E09000015,Harrow,101975,261300,39.02602372751627
E09000015,Harrow,210,261300,0.08036739380022963
E09000015,Harrow,3397,261300,1.300038270187524
E09000015,Harrow,10757,261300,4.116724071947953
E09000015,Harrow,10453,261300,4.000382701875239
E09000015,Harrow,0,261300,0
E09000015,Harrow,379,261300,0.1450440107156525
E09000015,Harrow,591,261300,0.2261768082663605
E09000015,Harrow,3,261300,0.001148105625717566
E09000015,Harrow,31,261300,0.011863758132414848
E09000015,Harrow,81,261300,0.030998851894374284
E09000015,Harrow,26,261300,0.009950248756218905
E09000015,Harrow,0,261300,0
E09000015,Harrow,96,261300,0.03673938002296211
E09000015,Harrow,155,261300,0.059318790662074246
E09000015,Harrow,0,261300,0
E09000015,Harrow,14,261300,0.005357826253348641
E09000015,Harrow,28,261300,0.010715652506697282
E09000015,Harrow,25,261300,0.009567546880979716
E09000015,Harrow,0,261300,0
E09000015,Harrow,120,261300,0.045924225028702644
E09000015,Harrow,187,261300,0.07156525066972828
E09000015,Harrow,2,261300,7.654037504783774e-4
E09000015,Harrow,9,261300,0.003444316877152698
E09000015,Harrow,18,261300,0.006888633754305396
E09000015,Harrow,9,261300,0.003444316877152698
E09000015,Harrow,0,261300,0
E09000015,Harrow,83,261300,0.03176425564485266
E09000015,Harrow,26,261300,0.009950248756218905
E09000015,Harrow,1,261300,3.827018752391887e-4
E09000015,Harrow,1,261300,3.827018752391887e-4
E09000015,Harrow,5,261300,0.0019135093761959434
E09000015,Harrow,1,261300,3.827018752391887e-4
E09000015,Harrow,0,261300,0
E09000015,Harrow,6834,261300,2.6153846153846154
E09000015,Harrow,9755,261300,3.7332567929582856
E09000015,Harrow,14,261300,0.005357826253348641
E09000015,Harrow,332,261300,0.12705702257941065
E09000015,Harrow,967,261300,0.37007271335629544
E09000015,Harrow,933,261300,0.35706084959816303
E09000016,Havering,0,262000,0
E09000016,Havering,0,262000,0
E09000016,Havering,0,262000,0
E09000016,Havering,0,262000,0
E09000016,Havering,0,262000,0
E09000016,Havering,0,262000,0
E09000016,Havering,0,262000,0
E09000016,Havering,0,262000,0
E09000016,Havering,72034,262000,27.493893129770992
E09000016,Havering,92655,262000,35.36450381679389
E09000016,Havering,227,262000,0.0866412213740458
E09000016,Havering,3765,262000,1.4370229007633588
E09000016,Havering,15388,262000,5.873282442748091
E09000016,Havering,12393,262000,4.730152671755725
E09000016,Havering,0,262000,0
E09000016,Havering,224,262000,0.08549618320610687
E09000016,Havering,225,262000,0.08587786259541985
E09000016,Havering,7,262000,0.0026717557251908397
E09000016,Havering,20,262000,0.007633587786259542
E09000016,Havering,35,262000,0.013358778625954198
E09000016,Havering,16,262000,0.0061068702290076335
E09000016,Havering,0,262000,0
E09000016,Havering,95,262000,0.03625954198473282
E09000016,Havering,79,262000,0.03015267175572519
E09000016,Havering,0,262000,0
E09000016,Havering,11,262000,0.004198473282442748
E09000016,Havering,25,262000,0.009541984732824428
E09000016,Havering,18,262000,0.006870229007633588
E09000016,Havering,0,262000,0
E09000016,Havering,101,262000,0.038549618320610685
E09000016,Havering,88,262000,0.03358778625954199
E09000016,Havering,0,262000,0
E09000016,Havering,3,262000,0.0011450381679389313
E09000016,Havering,12,262000,0.004580152671755725
E09000016,Havering,9,262000,0.003435114503816794
E09000016,Havering,0,262000,0
E09000016,Havering,82,262000,0.031297709923664124
E09000016,Havering,13,262000,0.004961832061068702
E09000016,Havering,0,262000,0
E09000016,Havering,1,262000,3.816793893129771e-4
E09000016,Havering,2,262000,7.633587786259542e-4
E09000016,Havering,1,262000,3.816793893129771e-4
E09000016,Havering,0,262000,0
E09000016,Havering,4804,262000,1.833587786259542
E09000016,Havering,5234,262000,1.997709923664122
E09000016,Havering,15,262000,0.0057251908396946565
E09000016,Havering,219,262000,0.08358778625954198
E09000016,Havering,949,262000,0.36221374045801524
E09000016,Havering,979,262000,0.3736641221374046
E09000017,Hillingdon,0,305900,0
E09000017,Hillingdon,0,305900,0
E09000017,Hillingdon,0,305900,0
E09000017,Hillingdon,0,305900,0
E09000017,Hillingdon,0,305900,0
E09000017,Hillingdon,0,305900,0
E09000017,Hillingdon,0,305900,0
E09000017,Hillingdon,0,305900,0
E09000017,Hillingdon,81494,305900,26.640732265446225
E09000017,Hillingdon,108089,305900,35.33474991827394
E09000017,Hillingdon,463,305900,0.15135665250081726
E09000017,Hillingdon,4501,305900,1.471395881006865
E09000017,Hillingdon,15908,305900,5.200392285060477
E09000017,Hillingdon,11344,305900,3.708401438378555
E09000017,Hillingdon,0,305900,0
E09000017,Hillingdon,355,305900,0.11605099705786205
E09000017,Hillingdon,618,305900,0.2020268061457993
E09000017,Hillingdon,4,305900,0.0013076168682576005
E09000017,Hillingdon,34,305900,0.011114743380189604
E09000017,Hillingdon,71,305900,0.02321019941157241
E09000017,Hillingdon,38,305900,0.012422360248447204
E09000017,Hillingdon,0,305900,0
E09000017,Hillingdon,126,305900,0.041189931350114416
E09000017,Hillingdon,214,305900,0.06995750245178163
E09000017,Hillingdon,2,305900,6.538084341288003e-4
E09000017,Hillingdon,15,305900,0.0049035632559660015
E09000017,Hillingdon,41,305900,0.013403072899640406
E09000017,Hillingdon,25,305900,0.008172605426610004
E09000017,Hillingdon,0,305900,0
E09000017,Hillingdon,175,305900,0.057208237986270026
E09000017,Hillingdon,228,305900,0.07453416149068323
E09000017,Hillingdon,3,305900,9.807126511932004e-4
E09000017,Hillingdon,19,305900,0.006211180124223602
E09000017,Hillingdon,22,305900,0.007191892775416803
E09000017,Hillingdon,3,305900,9.807126511932004e-4
E09000017,Hillingdon,0,305900,0
E09000017,Hillingdon,114,305900,0.037267080745341616
E09000017,Hillingdon,8,305900,0.002615233736515201
E09000017,Hillingdon,1,305900,3.2690421706440013e-4
E09000017,Hillingdon,1,305900,3.2690421706440013e-4
E09000017,Hillingdon,1,305900,3.2690421706440013e-4
E09000017,Hillingdon,0,305900,0
E09000017,Hillingdon,0,305900,0
E09000017,Hillingdon,7279,305900,2.3795357960117687
E09000017,Hillingdon,8132,305900,2.658385093167702
E09000017,Hillingdon,29,305900,0.009480222294867604
E09000017,Hillingdon,365,305900,0.11932003922850605
E09000017,Hillingdon,1209,305900,0.39522719843085974
E09000017,Hillingdon,948,305900,0.30990519777705133
E09000018,Hounslow,0,288200,0
E09000018,Hounslow,0,288200,0
E09000018,Hounslow,0,288200,0
E09000018,Hounslow,0,288200,0
E09000018,Hounslow,0,288200,0
E09000018,Hounslow,0,288200,0
E09000018,Hounslow,0,288200,0
E09000018,Hounslow,0,288200,0
E09000018,Hounslow,79137,288200,27.459056210964608
E09000018,Hounslow,97891,288200,33.966342817487856
E09000018,Hounslow,589,288200,0.20437196391394866
E09000018,Hounslow,4978,288200,1.7272727272727273
E09000018,Hounslow,15310,288200,5.312283136710618
E09000018,Hounslow,9210,288200,3.1956974323386538
E09000018,Hounslow,0,288200,0
E09000018,Hounslow,426,288200,0.14781401804302569
E09000018,Hounslow,650,288200,0.22553782095766828
E09000018,Hounslow,3,288200,0.001040943789035392
E09000018,Hounslow,54,288200,0.018736988202637056
E09000018,Hounslow,111,288200,0.03851492019430951
E09000018,Hounslow,62,288200,0.021512838306731435
E09000018,Hounslow,0,288200,0
E09000018,Hounslow,129,288200,0.04476058292852186
E09000018,Hounslow,203,288200,0.07043719639139487
E09000018,Hounslow,0,288200,0
E09000018,Hounslow,14,288200,0.004857737682165163
E09000018,Hounslow,37,288200,0.012838306731436502
E09000018,Hounslow,13,288200,0.004510756419153366
E09000018,Hounslow,0,288200,0
E09000018,Hounslow,181,288200,0.06280360860513533
E09000018,Hounslow,279,288200,0.09680777238029147
E09000018,Hounslow,2,288200,6.939625260235947e-4
E09000018,Hounslow,13,288200,0.004510756419153366
E09000018,Hounslow,27,288200,0.009368494101318528
E09000018,Hounslow,9,288200,0.003122831367106176
E09000018,Hounslow,0,288200,0
E09000018,Hounslow,86,288200,0.029840388619014575
E09000018,Hounslow,24,288200,0.008327550312283136
E09000018,Hounslow,2,288200,6.939625260235947e-4
E09000018,Hounslow,2,288200,6.939625260235947e-4
E09000018,Hounslow,7,288200,0.0024288688410825814
E09000018,Hounslow,0,288200,0
E09000018,Hounslow,0,288200,0
E09000018,Hounslow,7627,288200,2.6464260929909784
E09000018,Hounslow,8840,288200,3.0673143650242887
E09000018,Hounslow,56,288200,0.01943095072866065
E09000018,Hounslow,439,288200,0.15232477446217904
E09000018,Hounslow,1334,288200,0.4628730048577377
E09000018,Hounslow,938,288200,0.32546842470506593
E09000019,Islington,0,216600,0
E09000019,Islington,0,216600,0
E09000019,Islington,0,216600,0
E09000019,Islington,0,216600,0
E09000019,Islington,0,216600,0
E09000019,Islington,0,216600,0
E09000019,Islington,0,216600,0
E09000019,Islington,0,216600,0
E09000019,Islington,104090,216600,48.05632502308403
E09000019,Islington,42804,216600,19.761772853185594
E09000019,Islington,1100,216600,0.5078485687903971
E09000019,Islington,3673,216600,1.6957525392428439
E09000019,Islington,11735,216600,5.417820867959372
E09000019,Islington,4792,216600,2.2123730378578026
E09000019,Islington,0,216600,0
E09000019,Islington,323,216600,0.14912280701754385
E09000019,Islington,187,216600,0.08633425669436749
E09000019,Islington,5,216600,0.0023084025854108957
E09000019,Islington,41,216600,0.018928901200369344
E09000019,Islington,75,216600,0.03462603878116344
E09000019,Islington,23,216600,0.01061865189289012
E09000019,Islington,0,216600,0
E09000019,Islington,131,216600,0.060480147737765465
E09000019,Islington,101,216600,0.04662973222530009
E09000019,Islington,0,216600,0
E09000019,Islington,38,216600,0.017543859649122806
E09000019,Islington,68,216600,0.03139427516158818
E09000019,Islington,11,216600,0.0050784856879039705
E09000019,Islington,0,216600,0
E09000019,Islington,184,216600,0.08494921514312095
E09000019,Islington,63,216600,0.029085872576177285
E09000019,Islington,0,216600,0
E09000019,Islington,9,216600,0.004155124653739612
E09000019,Islington,11,216600,0.0050784856879039705
E09000019,Islington,6,216600,0.002770083102493075
E09000019,Islington,0,216600,0
E09000019,Islington,405,216600,0.18698060941828254
E09000019,Islington,29,216600,0.013388734995383195
E09000019,Islington,1,216600,4.616805170821791e-4
E09000019,Islington,5,216600,0.0023084025854108957
E09000019,Islington,25,216600,0.011542012927054479
E09000019,Islington,2,216600,9.233610341643582e-4
E09000019,Islington,0,216600,0
E09000019,Islington,8800,216600,4.062788550323177
E09000019,Islington,3036,216600,1.4016620498614958
E09000019,Islington,64,216600,0.029547553093259463
E09000019,Islington,324,216600,0.14958448753462603
E09000019,Islington,919,216600,0.4242843951985226
E09000019,Islington,546,216600,0.2520775623268698
E09000020,Kensington and Chelsea,0,143400,0
E09000020,Kensington and Chelsea,0,143400,0
E09000020,Kensington and Chelsea,0,143400,0
E09000020,Kensington and Chelsea,0,143400,0
E09000020,Kensington and Chelsea,0,143400,0
E09000020,Kensington and Chelsea,0,143400,0
E09000020,Kensington and Chelsea,0,143400,0
E09000020,Kensington and Chelsea,0,143400,0
E09000020,Kensington and Chelsea,54472,143400,37.9860529986053
E09000020,Kensington and Chelsea,39804,143400,27.757322175732217
E09000020,Kensington and Chelsea,618,143400,0.4309623430962343
E09000020,Kensington and Chelsea,2611,143400,1.8207810320781033
E09000020,Kensington and Chelsea,9989,143400,6.965829846582984
E09000020,Kensington and Chelsea,4347,143400,3.0313807531380754
E09000020,Kensington and Chelsea,0,143400,0
E09000020,Kensington and Chelsea,144,143400,0.100418410041841
E09000020,Kensington and Chelsea,74,143400,0.05160390516039052
E09000020,Kensington and Chelsea,1,143400,6.97350069735007e-4
E09000020,Kensington and Chelsea,16,143400,0.011157601115760111
E09000020,Kensington and Chelsea,37,143400,0.02580195258019526
E09000020,Kensington and Chelsea,16,143400,0.011157601115760111
E09000020,Kensington and Chelsea,0,143400,0
E09000020,Kensington and Chelsea,75,143400,0.05230125523012552
E09000020,Kensington and Chelsea,41,143400,0.028591352859135284
E09000020,Kensington and Chelsea,1,143400,6.97350069735007e-4
E09000020,Kensington and Chelsea,8,143400,0.005578800557880056
E09000020,Kensington and Chelsea,24,143400,0.016736401673640166
E09000020,Kensington and Chelsea,9,143400,0.006276150627615063
E09000020,Kensington and Chelsea,0,143400,0
E09000020,Kensington and Chelsea,51,143400,0.03556485355648536
E09000020,Kensington and Chelsea,29,143400,0.020223152022315203
E09000020,Kensington and Chelsea,2,143400,0.001394700139470014
E09000020,Kensington and Chelsea,4,143400,0.002789400278940028
E09000020,Kensington and Chelsea,21,143400,0.014644351464435146
E09000020,Kensington and Chelsea,2,143400,0.001394700139470014
E09000020,Kensington and Chelsea,0,143400,0
E09000020,Kensington and Chelsea,77,143400,0.05369595536959554
E09000020,Kensington and Chelsea,37,143400,0.02580195258019526
E09000020,Kensington and Chelsea,1,143400,6.97350069735007e-4
E09000020,Kensington and Chelsea,4,143400,0.002789400278940028
E09000020,Kensington and Chelsea,1,143400,6.97350069735007e-4
E09000020,Kensington and Chelsea,3,143400,0.0020920502092050207
E09000020,Kensington and Chelsea,0,143400,0
E09000020,Kensington and Chelsea,5789,143400,4.036959553695955
E09000020,Kensington and Chelsea,3195,143400,2.228033472803347
E09000020,Kensington and Chelsea,38,143400,0.026499302649930265
E09000020,Kensington and Chelsea,234,143400,0.16317991631799164
E09000020,Kensington and Chelsea,865,143400,0.6032078103207811
E09000020,Kensington and Chelsea,437,143400,0.30474198047419804
E09000021,Kingston upon Thames,0,168000,0
E09000021,Kingston upon Thames,0,168000,0
E09000021,Kingston upon Thames,0,168000,0
E09000021,Kingston upon Thames,0,168000,0
E09000021,Kingston upon Thames,0,168000,0
E09000021,Kingston upon Thames,0,168000,0
E09000021,Kingston upon Thames,0,168000,0
E09000021,Kingston upon Thames,0,168000,0
E09000021,Kingston upon Thames,48722,168000,29.001190476190477
E09000021,Kingston upon Thames,59415,168000,35.36607142857143
E09000021,Kingston upon Thames,364,168000,0.21666666666666667
E09000021,Kingston upon Thames,2307,168000,1.3732142857142857
E09000021,Kingston upon Thames,9075,168000,5.401785714285714
E09000021,Kingston upon Thames,5630,168000,3.3511904761904763
E09000021,Kingston upon Thames,0,168000,0
E09000021,Kingston upon Thames,164,168000,0.09761904761904762
E09000021,Kingston upon Thames,134,168000,0.07976190476190476
E09000021,Kingston upon Thames,0,168000,0
E09000021,Kingston upon Thames,10,168000,0.005952380952380952
E09000021,Kingston upon Thames,39,168000,0.023214285714285715
E09000021,Kingston upon Thames,19,168000,0.01130952380952381
E09000021,Kingston upon Thames,0,168000,0
E09000021,Kingston upon Thames,76,168000,0.04523809523809524
E09000021,Kingston upon Thames,61,168000,0.03630952380952381
E09000021,Kingston upon Thames,0,168000,0
E09000021,Kingston upon Thames,7,168000,0.004166666666666667
E09000021,Kingston upon Thames,18,168000,0.010714285714285714
E09000021,Kingston upon Thames,7,168000,0.004166666666666667
E09000021,Kingston upon Thames,0,168000,0
E09000021,Kingston upon Thames,88,168000,0.05238095238095238
E09000021,Kingston upon Thames,64,168000,0.0380952380952381
E09000021,Kingston upon Thames,0,168000,0
E09000021,Kingston upon Thames,4,168000,0.002380952380952381
E09000021,Kingston upon Thames,5,168000,0.002976190476190476
E09000021,Kingston upon Thames,1,168000,5.952380952380953e-4
E09000021,Kingston upon Thames,0,168000,0
E09000021,Kingston upon Thames,166,168000,0.0988095238095238
E09000021,Kingston upon Thames,15,168000,0.008928571428571428
E09000021,Kingston upon Thames,2,168000,0.0011904761904761906
E09000021,Kingston upon Thames,1,168000,5.952380952380953e-4
E09000021,Kingston upon Thames,4,168000,0.002380952380952381
E09000021,Kingston upon Thames,1,168000,5.952380952380953e-4
E09000021,Kingston upon Thames,0,168000,0
E09000021,Kingston upon Thames,4115,168000,2.449404761904762
E09000021,Kingston upon Thames,3675,168000,2.1875
E09000021,Kingston upon Thames,27,168000,0.01607142857142857
E09000021,Kingston upon Thames,143,168000,0.08511904761904762
E09000021,Kingston upon Thames,635,168000,0.37797619047619047
E09000021,Kingston upon Thames,470,168000,0.27976190476190477
E09000022,Lambeth,0,317600,0
E09000022,Lambeth,0,317600,0
E09000022,Lambeth,0,317600,0
E09000022,Lambeth,0,317600,0
E09000022,Lambeth,0,317600,0
E09000022,Lambeth,0,317600,0
E09000022,Lambeth,0,317600,0
E09000022,Lambeth,0,317600,0
E09000022,Lambeth,153416,317600,48.304785894206546
E09000022,Lambeth,62176,317600,19.57682619647355
E09000022,Lambeth,1495,317600,0.47071788413098237
E09000022,Lambeth,6182,317600,1.9464735516372795
E09000022,Lambeth,17026,317600,5.360831234256927
E09000022,Lambeth,6544,317600,2.0604534005037785
E09000022,Lambeth,0,317600,0
E09000022,Lambeth,576,317600,0.181360201511335
E09000022,Lambeth,289,317600,0.09099496221662469
E09000022,Lambeth,3,317600,9.445843828715365e-4
E09000022,Lambeth,47,317600,0.014798488664987406
E09000022,Lambeth,101,317600,0.031801007556675066
E09000022,Lambeth,34,317600,0.010705289672544081
E09000022,Lambeth,0,317600,0
E09000022,Lambeth,283,317600,0.08910579345088161
E09000022,Lambeth,126,317600,0.039672544080604534
E09000022,Lambeth,1,317600,3.1486146095717883e-4
E09000022,Lambeth,28,317600,0.008816120906801008
E09000022,Lambeth,58,317600,0.018261964735516372
E09000022,Lambeth,15,317600,0.004722921914357683
E09000022,Lambeth,0,317600,0
E09000022,Lambeth,229,317600,0.07210327455919395
E09000022,Lambeth,103,317600,0.03243073047858942
E09000022,Lambeth,3,317600,9.445843828715365e-4
E09000022,Lambeth,16,317600,0.005037783375314861
E09000022,Lambeth,36,317600,0.011335012594458438
E09000022,Lambeth,24,317600,0.007556675062972292
E09000022,Lambeth,0,317600,0
E09000022,Lambeth,480,317600,0.15113350125944586
E09000022,Lambeth,31,317600,0.009760705289672544
E09000022,Lambeth,8,317600,0.0025188916876574307
E09000022,Lambeth,6,317600,0.001889168765743073
E09000022,Lambeth,15,317600,0.004722921914357683
E09000022,Lambeth,1,317600,3.1486146095717883e-4
E09000022,Lambeth,0,317600,0
E09000022,Lambeth,12205,317600,3.842884130982368
E09000022,Lambeth,4624,317600,1.455919395465995
E09000022,Lambeth,67,317600,0.021095717884130984
E09000022,Lambeth,522,317600,0.16435768261964737
E09000022,Lambeth,1549,317600,0.48772040302267
E09000022,Lambeth,628,317600,0.1977329974811083
E09000023,Lewisham,0,300600,0
E09000023,Lewisham,0,300600,0
E09000023,Lewisham,0,300600,0
E09000023,Lewisham,0,300600,0
E09000023,Lewisham,0,300600,0
E09000023,Lewisham,0,300600,0
E09000023,Lewisham,0,300600,0
E09000023,Lewisham,0,300600,0
E09000023,Lewisham,117610,300600,39.12508316699933
E09000023,Lewisham,71938,300600,23.93147039254824
E09000023,Lewisham,825,300600,0.2744510978043912
E09000023,Lewisham,5971,300600,1.986360612109115
E09000023,Lewisham,17572,300600,5.845642049234864
E09000023,Lewisham,7543,300600,2.509314703925482
E09000023,Lewisham,0,300600,0
E09000023,Lewisham,513,300600,0.17065868263473055
E09000023,Lewisham,334,300600,0.1111111111111111
E09000023,Lewisham,10,300600,0.00332667997338656
E09000023,Lewisham,39,300600,0.012974051896207584
E09000023,Lewisham,90,300600,0.029940119760479042
E09000023,Lewisham,27,300600,0.008982035928143712
E09000023,Lewisham,0,300600,0
E09000023,Lewisham,210,300600,0.06986027944111776
E09000023,Lewisham,110,300600,0.036593479707252165
E09000023,Lewisham,1,300600,3.3266799733865603e-4
E09000023,Lewisham,30,300600,0.00998003992015968
E09000023,Lewisham,60,300600,0.01996007984031936
E09000023,Lewisham,17,300600,0.005655355954757153
E09000023,Lewisham,0,300600,0
E09000023,Lewisham,206,300600,0.06852960745176315
E09000023,Lewisham,134,300600,0.044577511643379905
E09000023,Lewisham,6,300600,0.001996007984031936
E09000023,Lewisham,15,300600,0.00499001996007984
E09000023,Lewisham,38,300600,0.012641383898868928
E09000023,Lewisham,9,300600,0.0029940119760479044
E09000023,Lewisham,0,300600,0
E09000023,Lewisham,538,300600,0.17897538256819695
E09000023,Lewisham,53,300600,0.01763140385894877
E09000023,Lewisham,7,300600,0.002328675981370592
E09000023,Lewisham,8,300600,0.0026613439787092482
E09000023,Lewisham,11,300600,0.003659347970725216
E09000023,Lewisham,4,300600,0.0013306719893546241
E09000023,Lewisham,0,300600,0
E09000023,Lewisham,10331,300600,3.4367930805056552
E09000023,Lewisham,5301,300600,1.7634730538922156
E09000023,Lewisham,95,300600,0.031603459747172324
E09000023,Lewisham,564,300600,0.18762475049900199
E09000023,Lewisham,1513,300600,0.5033266799733865
E09000023,Lewisham,674,300600,0.22421823020625417
E09000024,Merton,0,215200,0
E09000024,Merton,0,215200,0
E09000024,Merton,0,215200,0
E09000024,Merton,0,215200,0
E09000024,Merton,0,215200,0
E09000024,Merton,0,215200,0
E09000024,Merton,0,215200,0
E09000024,Merton,0,215200,0
E09000024,Merton,65858,215200,30.603159851301115
E09000024,Merton,71019,215200,33.00139405204461
E09000024,Merton,504,215200,0.2342007434944238
E09000024,Merton,3180,215200,1.4776951672862453
E09000024,Merton,11212,215200,5.210037174721189
E09000024,Merton,6656,215200,3.092936802973978
E09000024,Merton,0,215200,0
E09000024,Merton,217,215200,0.1008364312267658
E09000024,Merton,275,215200,0.12778810408921934
E09000024,Merton,4,215200,0.0018587360594795538
E09000024,Merton,21,215200,0.009758364312267658
E09000024,Merton,55,215200,0.025557620817843865
E09000024,Merton,26,215200,0.012081784386617101
E09000024,Merton,0,215200,0
E09000024,Merton,89,215200,0.041356877323420076
E09000024,Merton,70,215200,0.032527881040892194
E09000024,Merton,0,215200,0
E09000024,Merton,5,215200,0.0023234200743494425
E09000024,Merton,19,215200,0.008828996282527882
E09000024,Merton,9,215200,0.004182156133828996
E09000024,Merton,0,215200,0
E09000024,Merton,87,215200,0.040427509293680296
E09000024,Merton,90,215200,0.041821561338289966
E09000024,Merton,1,215200,4.6468401486988845e-4
E09000024,Merton,5,215200,0.0023234200743494425
E09000024,Merton,16,215200,0.007434944237918215
E09000024,Merton,6,215200,0.0027881040892193307
E09000024,Merton,0,215200,0
E09000024,Merton,132,215200,0.06133828996282528
E09000024,Merton,16,215200,0.007434944237918215
E09000024,Merton,4,215200,0.0018587360594795538
E09000024,Merton,0,215200,0
E09000024,Merton,1,215200,4.6468401486988845e-4
E09000024,Merton,1,215200,4.6468401486988845e-4
E09000024,Merton,0,215200,0
E09000024,Merton,5909,215200,2.745817843866171
E09000024,Merton,5397,215200,2.507899628252788
E09000024,Merton,35,215200,0.016263940520446097
E09000024,Merton,255,215200,0.11849442379182157
E09000024,Merton,1003,215200,0.46607806691449816
E09000024,Merton,599,215200,0.2783457249070632
E09000025,Newham,0,351100,0
E09000025,Newham,0,351100,0
E09000025,Newham,0,351100,0
E09000025,Newham,0,351100,0
E09000025,Newham,0,351100,0
E09000025,Newham,0,351100,0
E09000025,Newham,0,351100,0
E09000025,Newham,0,351100,0
E09000025,Newham,115967,351100,33.029621190544006
E09000025,Newham,98275,351100,27.990600968385074
E09000025,Newham,657,351100,0.18712617487895186
E09000025,Newham,6072,351100,1.7294218171461122
E09000025,Newham,15275,351100,4.350612361150669
E09000025,Newham,8233,351100,2.3449159783537454
E09000025,Newham,0,351100,0
E09000025,Newham,930,351100,0.2648818000569638
E09000025,Newham,1256,351100,0.3577328396468243
E09000025,Newham,15,351100,0.004272287097692965
E09000025,Newham,98,351100,0.02791227570492737
E09000025,Newham,154,351100,0.04386214753631444
E09000025,Newham,67,351100,0.019082882369695242
E09000025,Newham,0,351100,0
E09000025,Newham,239,351100,0.06807177442324124
E09000025,Newham,283,351100,0.08060381657647393
E09000025,Newham,2,351100,5.696382796923954e-4
E09000025,Newham,28,351100,0.007974935915693534
E09000025,Newham,65,351100,0.018513244090002847
E09000025,Newham,29,351100,0.008259755055539733
E09000025,Newham,0,351100,0
E09000025,Newham,305,351100,0.08686983765309028
E09000025,Newham,314,351100,0.08943320991170607
E09000025,Newham,2,351100,5.696382796923954e-4
E09000025,Newham,11,351100,0.0031330105383081744
E09000025,Newham,53,351100,0.015095414411848477
E09000025,Newham,7,351100,0.0019937339789233835
E09000025,Newham,0,351100,0
E09000025,Newham,255,351100,0.07262888066078041
E09000025,Newham,39,351100,0.011107946454001708
E09000025,Newham,4,351100,0.0011392765593847907
E09000025,Newham,4,351100,0.0011392765593847907
E09000025,Newham,6,351100,0.001708914839077186
E09000025,Newham,2,351100,5.696382796923954e-4
E09000025,Newham,0,351100,0
E09000025,Newham,12380,351100,3.526060951295927
E09000025,Newham,11825,351100,3.3679863286812872
E09000025,Newham,68,351100,0.01936770150954144
E09000025,Newham,578,351100,0.16462546283110224
E09000025,Newham,1681,351100,0.47878097408145825
E09000025,Newham,993,351100,0.2828254058672743
E09000026,Redbridge,0,310300,0
E09000026,Redbridge,0,310300,0
E09000026,Redbridge,0,310300,0
E09000026,Redbridge,0,310300,0
E09000026,Redbridge,0,310300,0
E09000026,Redbridge,0,310300,0
E09000026,Redbridge,0,310300,0
E09000026,Redbridge,0,310300,0
E09000026,Redbridge,78544,310300,25.312278440219142
E09000026,Redbridge,111678,310300,35.99033193683532
E09000026,Redbridge,376,310300,0.12117305833064776
E09000026,Redbridge,4463,310300,1.4382855301321302
E09000026,Redbridge,13503,310300,4.351595230422172
E09000026,Redbridge,10667,310300,3.437640992587818
E09000026,Redbridge,0,310300,0
E09000026,Redbridge,464,310300,0.14953271028037382
E09000026,Redbridge,803,310300,0.2587818240412504
E09000026,Redbridge,17,310300,0.0054785691266516275
E09000026,Redbridge,38,310300,0.012246213341927168
E09000026,Redbridge,91,310300,0.029326458266194008
E09000026,Redbridge,30,310300,0.009668063164679342
E09000026,Redbridge,0,310300,0
E09000026,Redbridge,114,310300,0.036738640025781505
E09000026,Redbridge,223,310300,0.07186593619078312
E09000026,Redbridge,0,310300,0
E09000026,Redbridge,12,310300,0.003867225265871737
E09000026,Redbridge,33,310300,0.010634869481147276
E09000026,Redbridge,19,310300,0.006123106670963584
E09000026,Redbridge,0,310300,0
E09000026,Redbridge,138,310300,0.04447309055752498
E09000026,Redbridge,296,310300,0.09539155655816951
E09000026,Redbridge,1,310300,3.222687721559781e-4
E09000026,Redbridge,12,310300,0.003867225265871737
E09000026,Redbridge,12,310300,0.003867225265871737
E09000026,Redbridge,6,310300,0.0019336126329358686
E09000026,Redbridge,0,310300,0
E09000026,Redbridge,105,310300,0.0338382210763777
E09000026,Redbridge,15,310300,0.004834031582339671
E09000026,Redbridge,0,310300,0
E09000026,Redbridge,5,310300,0.0016113438607798904
E09000026,Redbridge,5,310300,0.0016113438607798904
E09000026,Redbridge,0,310300,0
E09000026,Redbridge,0,310300,0
E09000026,Redbridge,7554,310300,2.4344183048662584
E09000026,Redbridge,10181,310300,3.281018369320013
E09000026,Redbridge,44,310300,0.014179825974863036
E09000026,Redbridge,413,310300,0.13309700290041895
E09000026,Redbridge,1202,310300,0.38736706413148564
E09000026,Redbridge,952,310300,0.30679987109249113
E09000027,Richmond upon Thames,0,195200,0
E09000027,Richmond upon Thames,0,195200,0
E09000027,Richmond upon Thames,0,195200,0
E09000027,Richmond upon Thames,0,195200,0
E09000027,Richmond upon Thames,0,195200,0
E09000027,Richmond upon Thames,0,195200,0
E09000027,Richmond upon Thames,0,195200,0
E09000027,Richmond upon Thames,0,195200,0
E09000027,Richmond upon Thames,51870,195200,26.572745901639344
E09000027,Richmond upon Thames,72667,195200,37.22694672131148
E09000027,Richmond upon Thames,595,195200,0.3048155737704918
E09000027,Richmond upon Thames,2835,195200,1.4523565573770492
E09000027,Richmond upon Thames,11786,195200,6.037909836065574
E09000027,Richmond upon Thames,6693,195200,3.4287909836065573
E09000027,Richmond upon Thames,0,195200,0
E09000027,Richmond upon Thames,101,195200,0.051741803278688527
E09000027,Richmond upon Thames,84,195200,0.0430327868852459
E09000027,Richmond upon Thames,0,195200,0
E09000027,Richmond upon Thames,7,195200,0.003586065573770492
E09000027,Richmond upon Thames,24,195200,0.012295081967213115
E09000027,Richmond upon Thames,11,195200,0.0056352459016393444
E09000027,Richmond upon Thames,0,195200,0
E09000027,Richmond upon Thames,61,195200,0.03125
E09000027,Richmond upon Thames,47,195200,0.024077868852459015
E09000027,Richmond upon Thames,0,195200,0
E09000027,Richmond upon Thames,4,195200,0.0020491803278688526
E09000027,Richmond upon Thames,15,195200,0.007684426229508197
E09000027,Richmond upon Thames,8,195200,0.004098360655737705
E09000027,Richmond upon Thames,0,195200,0
E09000027,Richmond upon Thames,59,195200,0.030225409836065573
E09000027,Richmond upon Thames,37,195200,0.018954918032786885
E09000027,Richmond upon Thames,0,195200,0
E09000027,Richmond upon Thames,3,195200,0.0015368852459016393
E09000027,Richmond upon Thames,7,195200,0.003586065573770492
E09000027,Richmond upon Thames,3,195200,0.0015368852459016393
E09000027,Richmond upon Thames,0,195200,0
E09000027,Richmond upon Thames,113,195200,0.057889344262295084
E09000027,Richmond upon Thames,16,195200,0.00819672131147541
E09000027,Richmond upon Thames,1,195200,5.122950819672131e-4
E09000027,Richmond upon Thames,0,195200,0
E09000027,Richmond upon Thames,6,195200,0.0030737704918032786
E09000027,Richmond upon Thames,0,195200,0
E09000027,Richmond upon Thames,0,195200,0
E09000027,Richmond upon Thames,3754,195200,1.923155737704918
E09000027,Richmond upon Thames,3624,195200,1.8565573770491803
E09000027,Richmond upon Thames,31,195200,0.015881147540983607
E09000027,Richmond upon Thames,157,195200,0.08043032786885246
E09000027,Richmond upon Thames,679,195200,0.3478483606557377
E09000027,Richmond upon Thames,533,195200,0.2730532786885246
E09000028,Southwark,0,307700,0
E09000028,Southwark,0,307700,0
E09000028,Southwark,0,307700,0
E09000028,Southwark,0,307700,0
E09000028,Southwark,0,307700,0
E09000028,Southwark,0,307700,0
E09000028,Southwark,0,307700,0
E09000028,Southwark,0,307700,0
E09000028,Southwark,139963,307700,45.486837829054274
E09000028,Southwark,62413,307700,20.283717907052324
E09000028,Southwark,1245,307700,0.4046148846278843
E09000028,Southwark,6626,307700,2.1533961650958724
E09000028,Southwark,17288,307700,5.618459538511537
E09000028,Southwark,6649,307700,2.160870978225544
E09000028,Southwark,0,307700,0
E09000028,Southwark,700,307700,0.22749431264218395
E09000028,Southwark,688,307700,0.2235944101397465
E09000028,Southwark,5,307700,0.0016249593760155996
E09000028,Southwark,57,307700,0.018524536886577837
E09000028,Southwark,128,307700,0.04159896002599935
E09000028,Southwark,31,307700,0.010074748131296718
E09000028,Southwark,0,307700,0
E09000028,Southwark,222,307700,0.07214819629509263
E09000028,Southwark,119,307700,0.03867403314917127
E09000028,Southwark,3,307700,9.749756256093598e-4
E09000028,Southwark,24,307700,0.007799805004874878
E09000028,Southwark,65,307700,0.021124471888202795
E09000028,Southwark,14,307700,0.004549886252843679
E09000028,Southwark,0,307700,0
E09000028,Southwark,250,307700,0.08124796880077997
E09000028,Southwark,122,307700,0.03964900877478063
E09000028,Southwark,6,307700,0.0019499512512187196
E09000028,Southwark,24,307700,0.007799805004874878
E09000028,Southwark,52,307700,0.016899577510562237
E09000028,Southwark,10,307700,0.003249918752031199
E09000028,Southwark,0,307700,0
E09000028,Southwark,555,307700,0.18037049073773156
E09000028,Southwark,49,307700,0.015924601884952875
E09000028,Southwark,4,307700,0.0012999675008124798
E09000028,Southwark,6,307700,0.0019499512512187196
E09000028,Southwark,18,307700,0.005849853753656159
E09000028,Southwark,3,307700,9.749756256093598e-4
E09000028,Southwark,0,307700,0
E09000028,Southwark,11800,307700,3.834904127396815
E09000028,Southwark,4274,307700,1.3890152746181346
E09000028,Southwark,60,307700,0.019499512512187196
E09000028,Southwark,517,307700,0.168020799480013
E09000028,Southwark,1380,307700,0.4484887877803055
E09000028,Southwark,764,307700,0.24829379265518361
E09000029,Sutton,0,209600,0
E09000029,Sutton,0,209600,0
E09000029,Sutton,0,209600,0
E09000029,Sutton,0,209600,0
E09000029,Sutton,0,209600,0
E09000029,Sutton,0,209600,0
E09000029,Sutton,0,209600,0
E09000029,Sutton,0,209600,0
E09000029,Sutton,56054,209600,26.74332061068702
E09000029,Sutton,75105,209600,35.83253816793893
E09000029,Sutton,307,209600,0.14646946564885496
E09000029,Sutton,3269,209600,1.5596374045801527
E09000029,Sutton,12059,209600,5.753339694656488
E09000029,Sutton,8127,209600,3.877385496183206
E09000029,Sutton,0,209600,0
E09000029,Sutton,136,209600,0.0648854961832061
E09000029,Sutton,166,209600,0.07919847328244274
E09000029,Sutton,4,209600,0.0019083969465648854
E09000029,Sutton,16,209600,0.007633587786259542
E09000029,Sutton,37,209600,0.017652671755725192
E09000029,Sutton,20,209600,0.009541984732824428
E09000029,Sutton,0,209600,0
E09000029,Sutton,63,209600,0.030057251908396948
E09000029,Sutton,63,209600,0.030057251908396948
E09000029,Sutton,1,209600,4.7709923664122136e-4
E09000029,Sutton,8,209600,0.003816793893129771
E09000029,Sutton,14,209600,0.006679389312977099
E09000029,Sutton,7,209600,0.0033396946564885495
E09000029,Sutton,0,209600,0
E09000029,Sutton,65,209600,0.03101145038167939
E09000029,Sutton,83,209600,0.03959923664122137
E09000029,Sutton,3,209600,0.0014312977099236641
E09000029,Sutton,8,209600,0.003816793893129771
E09000029,Sutton,13,209600,0.006202290076335878
E09000029,Sutton,0,209600,0
E09000029,Sutton,0,209600,0
E09000029,Sutton,92,209600,0.04389312977099236
E09000029,Sutton,10,209600,0.004770992366412214
E09000029,Sutton,0,209600,0
E09000029,Sutton,2,209600,9.541984732824427e-4
E09000029,Sutton,3,209600,0.0014312977099236641
E09000029,Sutton,0,209600,0
E09000029,Sutton,0,209600,0
E09000029,Sutton,3876,209600,1.849236641221374
E09000029,Sutton,4398,209600,2.0982824427480917
E09000029,Sutton,25,209600,0.011927480916030535
E09000029,Sutton,193,209600,0.09208015267175572
E09000029,Sutton,776,209600,0.3702290076335878
E09000029,Sutton,655,209600,0.3125
E09000030,Tower Hamlets,0,310300,0
E09000030,Tower Hamlets,0,310300,0
E09000030,Tower Hamlets,0,310300,0
E09000030,Tower Hamlets,0,310300,0
E09000030,Tower Hamlets,0,310300,0
E09000030,Tower Hamlets,0,310300,0
E09000030,Tower Hamlets,0,310300,0
E09000030,Tower Hamlets,0,310300,0
E09000030,Tower Hamlets,133585,310300,43.050273928456335
E09000030,Tower Hamlets,72349,310300,23.315823396712858
E09000030,Tower Hamlets,1004,310300,0.323557847244602
E09000030,Tower Hamlets,4553,310300,1.4672897196261683
E09000030,Tower Hamlets,11606,310300,3.7402513696422814
E09000030,Tower Hamlets,6166,310300,1.987109249113761
E09000030,Tower Hamlets,0,310300,0
E09000030,Tower Hamlets,500,310300,0.16113438607798905
E09000030,Tower Hamlets,761,310300,0.2452465356106993
E09000030,Tower Hamlets,9,310300,0.0029004189494038026
E09000030,Tower Hamlets,49,310300,0.015791169835642927
E09000030,Tower Hamlets,92,310300,0.029648727038349983
E09000030,Tower Hamlets,27,310300,0.008701256848211408
E09000030,Tower Hamlets,0,310300,0
E09000030,Tower Hamlets,159,310300,0.051240734772800514
E09000030,Tower Hamlets,121,310300,0.03899452143087335
E09000030,Tower Hamlets,6,310300,0.0019336126329358686
E09000030,Tower Hamlets,19,310300,0.006123106670963584
E09000030,Tower Hamlets,32,310300,0.0103126007089913
E09000030,Tower Hamlets,7,310300,0.0022558814050918467
E09000030,Tower Hamlets,0,310300,0
E09000030,Tower Hamlets,154,310300,0.04962939091202063
E09000030,Tower Hamlets,149,310300,0.048018047051240735
E09000030,Tower Hamlets,5,310300,0.0016113438607798904
E09000030,Tower Hamlets,14,310300,0.0045117628101836935
E09000030,Tower Hamlets,25,310300,0.008056719303899453
E09000030,Tower Hamlets,3,310300,9.668063164679343e-4
E09000030,Tower Hamlets,0,310300,0
E09000030,Tower Hamlets,453,310300,0.14598775378665807
E09000030,Tower Hamlets,32,310300,0.0103126007089913
E09000030,Tower Hamlets,4,310300,0.0012890750886239124
E09000030,Tower Hamlets,7,310300,0.0022558814050918467
E09000030,Tower Hamlets,13,310300,0.004189494038027715
E09000030,Tower Hamlets,2,310300,6.445375443119562e-4
E09000030,Tower Hamlets,0,310300,0
E09000030,Tower Hamlets,12541,310300,4.0415726716081215
E09000030,Tower Hamlets,6452,310300,2.0792781179503708
E09000030,Tower Hamlets,61,310300,0.019658395101514663
E09000030,Tower Hamlets,370,310300,0.11923944569771189
E09000030,Tower Hamlets,970,310300,0.31260070899129877
E09000030,Tower Hamlets,583,310300,0.18788269416693523
E09000031,Waltham Forest,0,278400,0
E09000031,Waltham Forest,0,278400,0
E09000031,Waltham Forest,0,278400,0
E09000031,Waltham Forest,0,278400,0
E09000031,Waltham Forest,0,278400,0
E09000031,Waltham Forest,0,278400,0
E09000031,Waltham Forest,0,278400,0
E09000031,Waltham Forest,0,278400,0
E09000031,Waltham Forest,94185,278400,33.83081896551724
E09000031,Waltham Forest,79181,278400,28.441451149425287
E09000031,Waltham Forest,623,278400,0.2237787356321839
E09000031,Waltham Forest,4797,278400,1.7230603448275863
E09000031,Waltham Forest,14872,278400,5.341954022988506
E09000031,Waltham Forest,7649,278400,2.747485632183908
E09000031,Waltham Forest,0,278400,0
E09000031,Waltham Forest,551,278400,0.19791666666666666
E09000031,Waltham Forest,455,278400,0.16343390804597702
E09000031,Waltham Forest,9,278400,0.003232758620689655
E09000031,Waltham Forest,52,278400,0.01867816091954023
E09000031,Waltham Forest,165,278400,0.059267241379310345
E09000031,Waltham Forest,24,278400,0.008620689655172414
E09000031,Waltham Forest,0,278400,0
E09000031,Waltham Forest,183,278400,0.06573275862068965
E09000031,Waltham Forest,129,278400,0.046336206896551727
E09000031,Waltham Forest,0,278400,0
E09000031,Waltham Forest,23,278400,0.008261494252873564
E09000031,Waltham Forest,44,278400,0.015804597701149427
E09000031,Waltham Forest,14,278400,0.005028735632183908
E09000031,Waltham Forest,0,278400,0
E09000031,Waltham Forest,233,278400,0.08369252873563218
E09000031,Waltham Forest,139,278400,0.04992816091954023
E09000031,Waltham Forest,2,278400,7.183908045977011e-4
E09000031,Waltham Forest,14,278400,0.005028735632183908
E09000031,Waltham Forest,24,278400,0.008620689655172414
E09000031,Waltham Forest,8,278400,0.0028735632183908046
E09000031,Waltham Forest,0,278400,0
E09000031,Waltham Forest,262,278400,0.09410919540229885
E09000031,Waltham Forest,43,278400,0.015445402298850575
E09000031,Waltham Forest,8,278400,0.0028735632183908046
E09000031,Waltham Forest,7,278400,0.002514367816091954
E09000031,Waltham Forest,18,278400,0.00646551724137931
E09000031,Waltham Forest,2,278400,7.183908045977011e-4
E09000031,Waltham Forest,0,278400,0
E09000031,Waltham Forest,8632,278400,3.1005747126436782
E09000031,Waltham Forest,7340,278400,2.6364942528735633
E09000031,Waltham Forest,44,278400,0.015804597701149427
E09000031,Waltham Forest,441,278400,0.1584051724137931
E09000031,Waltham Forest,1299,278400,0.4665948275862069
E09000031,Waltham Forest,713,278400,0.25610632183908044
E09000032,Wandsworth,0,327500,0
E09000032,Wandsworth,0,327500,0
E09000032,Wandsworth,0,327500,0
E09000032,Wandsworth,0,327500,0
E09000032,Wandsworth,0,327500,0
E09000032,Wandsworth,0,327500,0
E09000032,Wandsworth,0,327500,0
E09000032,Wandsworth,0,327500,0
E09000032,Wandsworth,141737,327500,43.27847328244275
E09000032,Wandsworth,83150,327500,25.389312977099237
E09000032,Wandsworth,1116,327500,0.34076335877862596
E09000032,Wandsworth,4519,327500,1.379847328244275
E09000032,Wandsworth,16010,327500,4.888549618320611
E09000032,Wandsworth,7505,327500,2.2916030534351144
E09000032,Wandsworth,0,327500,0
E09000032,Wandsworth,324,327500,0.09893129770992366
E09000032,Wandsworth,271,327500,0.08274809160305344
E09000032,Wandsworth,5,327500,0.0015267175572519084
E09000032,Wandsworth,23,327500,0.007022900763358778
E09000032,Wandsworth,68,327500,0.020763358778625954
E09000032,Wandsworth,21,327500,0.006412213740458015
E09000032,Wandsworth,0,327500,0
E09000032,Wandsworth,168,327500,0.05129770992366412
E09000032,Wandsworth,101,327500,0.03083969465648855
E09000032,Wandsworth,1,327500,3.053435114503817e-4
E09000032,Wandsworth,23,327500,0.007022900763358778
E09000032,Wandsworth,37,327500,0.011297709923664122
E09000032,Wandsworth,17,327500,0.005190839694656489
E09000032,Wandsworth,0,327500,0
E09000032,Wandsworth,163,327500,0.04977099236641221
E09000032,Wandsworth,86,327500,0.026259541984732824
E09000032,Wandsworth,2,327500,6.106870229007634e-4
E09000032,Wandsworth,19,327500,0.005801526717557252
E09000032,Wandsworth,33,327500,0.010076335877862596
E09000032,Wandsworth,1,327500,3.053435114503817e-4
E09000032,Wandsworth,0,327500,0
E09000032,Wandsworth,282,327500,0.08610687022900763
E09000032,Wandsworth,22,327500,0.006717557251908397
E09000032,Wandsworth,7,327500,0.002137404580152672
E09000032,Wandsworth,8,327500,0.0024427480916030535
E09000032,Wandsworth,8,327500,0.0024427480916030535
E09000032,Wandsworth,0,327500,0
E09000032,Wandsworth,0,327500,0
E09000032,Wandsworth,10004,327500,3.054656488549618
E09000032,Wandsworth,5363,327500,1.637557251908397
E09000032,Wandsworth,117,327500,0.03572519083969466
E09000032,Wandsworth,366,327500,0.11175572519083969
E09000032,Wandsworth,1286,327500,0.39267175572519086
E09000032,Wandsworth,696,327500,0.21251908396946564
E09000033,Westminster,0,204300,0
E09000033,Westminster,0,204300,0
E09000033,Westminster,0,204300,0
E09000033,Westminster,0,204300,0
E09000033,Westminster,0,204300,0
E09000033,Westminster,0,204300,0
E09000033,Westminster,0,204300,0
E09000033,Westminster,0,204300,0
E09000033,Westminster,86465,204300,42.322564855604504
E09000033,Westminster,51092,204300,25.008321096426823
E09000033,Westminster,788,204300,0.38570729319628
E09000033,Westminster,3706,204300,1.8139990210474792
E09000033,Westminster,12180,204300,5.961820851688693
E09000033,Westminster,5541,204300,2.712187958883994
E09000033,Westminster,0,204300,0
E09000033,Westminster,316,204300,0.15467449828683308
E09000033,Westminster,222,204300,0.10866372980910426
E09000033,Westminster,12,204300,0.005873715124816446
E09000033,Westminster,25,204300,0.012236906510034264
E09000033,Westminster,68,204300,0.033284385707293196
E09000033,Westminster,18,204300,0.00881057268722467
E09000033,Westminster,0,204300,0
E09000033,Westminster,119,204300,0.05824767498776309
E09000033,Westminster,61,204300,0.0298580518844836
E09000033,Westminster,1,204300,4.894762604013706e-4
E09000033,Westminster,15,204300,0.007342143906020558
E09000033,Westminster,37,204300,0.01811062163485071
E09000033,Westminster,20,204300,0.00978952520802741
E09000033,Westminster,0,204300,0
E09000033,Westminster,133,204300,0.06510034263338228
E09000033,Westminster,59,204300,0.02887909936368086
E09000033,Westminster,5,204300,0.0024473813020068525
E09000033,Westminster,10,204300,0.004894762604013705
E09000033,Westminster,20,204300,0.00978952520802741
E09000033,Westminster,6,204300,0.002936857562408223
E09000033,Westminster,0,204300,0
E09000033,Westminster,156,204300,0.0763582966226138
E09000033,Westminster,9,204300,0.004405286343612335
E09000033,Westminster,6,204300,0.002936857562408223
E09000033,Westminster,3,204300,0.0014684287812041115
E09000033,Westminster,9,204300,0.004405286343612335
E09000033,Westminster,1,204300,4.894762604013706e-4
E09000033,Westminster,0,204300,0
E09000033,Westminster,9366,204300,4.584434654919236
E09000033,Westminster,4798,204300,2.348507097405776
E09000033,Westminster,49,204300,0.023984336759667158
E09000033,Westminster,418,204300,0.20460107684777287
E09000033,Westminster,1233,204300,0.6035242290748899
E09000033,Westminster,503,204300,0.24620655898188937
W06000001,Isle of Anglesey,0,68900,0
W06000001,Isle of Anglesey,0,68900,0
W06000001,Isle of Anglesey,0,68900,0
W06000001,Isle of Anglesey,0,68900,0
W06000001,Isle of Anglesey,0,68900,0
W06000001,Isle of Anglesey,0,68900,0
W06000001,Isle of Anglesey,0,68900,0
W06000001,Isle of Anglesey,0,68900,0
W06000001,Isle of Anglesey,17457,68900,25.336719883889696
W06000001,Isle of Anglesey,24926,68900,36.177068214804066
W06000001,Isle of Anglesey,106,68900,0.15384615384615385
W06000001,Isle of Anglesey,1003,68900,1.455732946298984
W06000001,Isle of Anglesey,5563,68900,8.074020319303338
W06000001,Isle of Anglesey,4162,68900,6.0406386066763424
W06000001,Isle of Anglesey,0,68900,0
W06000001,Isle of Anglesey,31,68900,0.04499274310595065
W06000001,Isle of Anglesey,15,68900,0.02177068214804064
W06000001,Isle of Anglesey,1,68900,0.001451378809869376
W06000001,Isle of Anglesey,5,68900,0.00725689404934688
W06000001,Isle of Anglesey,6,68900,0.008708272859216255
W06000001,Isle of Anglesey,8,68900,0.011611030478955007
W06000001,Isle of Anglesey,0,68900,0
W06000001,Isle of Anglesey,15,68900,0.02177068214804064
W06000001,Isle of Anglesey,6,68900,0.008708272859216255
W06000001,Isle of Anglesey,0,68900,0
W06000001,Isle of Anglesey,0,68900,0
W06000001,Isle of Anglesey,5,68900,0.00725689404934688
W06000001,Isle of Anglesey,7,68900,0.010159651669085631
W06000001,Isle of Anglesey,0,68900,0
W06000001,Isle of Anglesey,18,68900,0.026124818577648767
W06000001,Isle of Anglesey,4,68900,0.005805515239477504
W06000001,Isle of Anglesey,0,68900,0
W06000001,Isle of Anglesey,3,68900,0.0043541364296081275
W06000001,Isle of Anglesey,4,68900,0.005805515239477504
W06000001,Isle of Anglesey,2,68900,0.002902757619738752
W06000001,Isle of Anglesey,0,68900,0
W06000001,Isle of Anglesey,24,68900,0.03483309143686502
W06000001,Isle of Anglesey,2,68900,0.002902757619738752
W06000001,Isle of Anglesey,0,68900,0
W06000001,Isle of Anglesey,0,68900,0
W06000001,Isle of Anglesey,5,68900,0.00725689404934688
W06000001,Isle of Anglesey,0,68900,0
W06000001,Isle of Anglesey,0,68900,0
W06000001,Isle of Anglesey,1304,68900,1.8925979680696663
W06000001,Isle of Anglesey,1524,68900,2.2119013062409287
W06000001,Isle of Anglesey,11,68900,0.015965166908563134
W06000001,Isle of Anglesey,54,68900,0.0783744557329463
W06000001,Isle of Anglesey,374,68900,0.5428156748911466
W06000001,Isle of Anglesey,500,68900,0.7256894049346879
W06000002,Gwynedd,0,117400,0
W06000002,Gwynedd,0,117400,0
W06000002,Gwynedd,0,117400,0
W06000002,Gwynedd,0,117400,0
W06000002,Gwynedd,0,117400,0
W06000002,Gwynedd,0,117400,0
W06000002,Gwynedd,0,117400,0
W06000002,Gwynedd,0,117400,0
W06000002,Gwynedd,35838,117400,30.526405451448042
W06000002,Gwynedd,37489,117400,31.932708688245317
W06000002,Gwynedd,221,117400,0.18824531516183987
W06000002,Gwynedd,1582,117400,1.3475298126064736
W06000002,Gwynedd,8312,117400,7.080068143100511
W06000002,Gwynedd,6356,117400,5.4139693356047704
W06000002,Gwynedd,0,117400,0
W06000002,Gwynedd,52,117400,0.044293015332197615
W06000002,Gwynedd,35,117400,0.029812606473594547
W06000002,Gwynedd,0,117400,0
W06000002,Gwynedd,1,117400,8.517887563884157e-4
W06000002,Gwynedd,7,117400,0.00596252129471891
W06000002,Gwynedd,7,117400,0.00596252129471891
W06000002,Gwynedd,0,117400,0
W06000002,Gwynedd,46,117400,0.039182282793867124
W06000002,Gwynedd,12,117400,0.010221465076660987
W06000002,Gwynedd,0,117400,0
W06000002,Gwynedd,1,117400,8.517887563884157e-4
W06000002,Gwynedd,4,117400,0.0034071550255536627
W06000002,Gwynedd,6,117400,0.005110732538330494
W06000002,Gwynedd,0,117400,0
W06000002,Gwynedd,54,117400,0.04599659284497445
W06000002,Gwynedd,10,117400,0.008517887563884156
W06000002,Gwynedd,0,117400,0
W06000002,Gwynedd,0,117400,0
W06000002,Gwynedd,2,117400,0.0017035775127768314
W06000002,Gwynedd,1,117400,8.517887563884157e-4
W06000002,Gwynedd,0,117400,0
W06000002,Gwynedd,127,117400,0.10817717206132879
W06000002,Gwynedd,11,117400,0.009369676320272573
W06000002,Gwynedd,2,117400,0.0017035775127768314
W06000002,Gwynedd,2,117400,0.0017035775127768314
W06000002,Gwynedd,1,117400,8.517887563884157e-4
W06000002,Gwynedd,0,117400,0
W06000002,Gwynedd,0,117400,0
W06000002,Gwynedd,3133,117400,2.668654173764906
W06000002,Gwynedd,2852,117400,2.4293015332197614
W06000002,Gwynedd,22,117400,0.018739352640545145
W06000002,Gwynedd,125,117400,0.10647359454855196
W06000002,Gwynedd,714,117400,0.6081771720613288
W06000002,Gwynedd,946,117400,0.8057921635434412
W06000003,Conwy,0,114800,0
W06000003,Conwy,0,114800,0
W06000003,Conwy,0,114800,0
W06000003,Conwy,0,114800,0
W06000003,Conwy,0,114800,0
W06000003,Conwy,0,114800,0
W06000003,Conwy,0,114800,0
W06000003,Conwy,0,114800,0
W06000003,Conwy,28923,114800,25.19425087108014
W06000003,Conwy,41201,114800,35.88937282229965
W06000003,Conwy,180,114800,0.156794425087108
W06000003,Conwy,1921,114800,1.6733449477351916
W06000003,Conwy,9948,114800,8.665505226480835
W06000003,Conwy,7372,114800,6.421602787456446
W06000003,Conwy,0,114800,0
W06000003,Conwy,35,114800,0.03048780487804878
W06000003,Conwy,39,114800,0.03397212543554007
W06000003,Conwy,0,114800,0
W06000003,Conwy,2,114800,0.0017421602787456446
W06000003,Conwy,11,114800,0.009581881533101045
W06000003,Conwy,7,114800,0.006097560975609756
W06000003,Conwy,0,114800,0
W06000003,Conwy,17,114800,0.014808362369337979
W06000003,Conwy,8,114800,0.006968641114982578
W06000003,Conwy,0,114800,0
W06000003,Conwy,3,114800,0.002613240418118467
W06000003,Conwy,9,114800,0.0078397212543554
W06000003,Conwy,5,114800,0.004355400696864111
W06000003,Conwy,0,114800,0
W06000003,Conwy,44,114800,0.03832752613240418
W06000003,Conwy,10,114800,0.008710801393728223
W06000003,Conwy,1,114800,8.710801393728223e-4
W06000003,Conwy,0,114800,0
W06000003,Conwy,2,114800,0.0017421602787456446
W06000003,Conwy,3,114800,0.002613240418118467
W06000003,Conwy,0,114800,0
W06000003,Conwy,47,114800,0.040940766550522645
W06000003,Conwy,3,114800,0.002613240418118467
W06000003,Conwy,0,114800,0
W06000003,Conwy,3,114800,0.002613240418118467
W06000003,Conwy,6,114800,0.005226480836236934
W06000003,Conwy,0,114800,0
W06000003,Conwy,0,114800,0
W06000003,Conwy,2213,114800,1.9277003484320558
W06000003,Conwy,2530,114800,2.2038327526132404
W06000003,Conwy,17,114800,0.014808362369337979
W06000003,Conwy,131,114800,0.11411149825783973
W06000003,Conwy,758,114800,0.6602787456445993
W06000003,Conwy,915,114800,0.7970383275261324
W06000004,Denbighshire,0,95800,0
W06000004,Denbighshire,0,95800,0
W06000004,Denbighshire,0,95800,0
W06000004,Denbighshire,0,95800,0
W06000004,Denbighshire,0,95800,0
W06000004,Denbighshire,0,95800,0
W06000004,Denbighshire,0,95800,0
W06000004,Denbighshire,0,95800,0
W06000004,Denbighshire,25070,95800,26.16910229645094
W06000004,Denbighshire,32793,95800,34.23068893528184
W06000004,Denbighshire,156,95800,0.162839248434238
W06000004,Denbighshire,1691,95800,1.7651356993736953
W06000004,Denbighshire,8016,95800,8.367432150313153
W06000004,Denbighshire,5436,95800,5.674321503131524
W06000004,Denbighshire,0,95800,0
W06000004,Denbighshire,45,95800,0.04697286012526096
W06000004,Denbighshire,23,95800,0.024008350730688934
W06000004,Denbighshire,0,95800,0
W06000004,Denbighshire,2,95800,0.0020876826722338203
W06000004,Denbighshire,11,95800,0.011482254697286013
W06000004,Denbighshire,13,95800,0.013569937369519834
W06000004,Denbighshire,0,95800,0
W06000004,Denbighshire,26,95800,0.027139874739039668
W06000004,Denbighshire,10,95800,0.010438413361169102
W06000004,Denbighshire,0,95800,0
W06000004,Denbighshire,2,95800,0.0020876826722338203
W06000004,Denbighshire,5,95800,0.005219206680584551
W06000004,Denbighshire,3,95800,0.003131524008350731
W06000004,Denbighshire,0,95800,0
W06000004,Denbighshire,19,95800,0.019832985386221295
W06000004,Denbighshire,5,95800,0.005219206680584551
W06000004,Denbighshire,0,95800,0
W06000004,Denbighshire,0,95800,0
W06000004,Denbighshire,3,95800,0.003131524008350731
W06000004,Denbighshire,3,95800,0.003131524008350731
W06000004,Denbighshire,0,95800,0
W06000004,Denbighshire,48,95800,0.05010438413361169
W06000004,Denbighshire,6,95800,0.006263048016701462
W06000004,Denbighshire,0,95800,0
W06000004,Denbighshire,0,95800,0
W06000004,Denbighshire,4,95800,0.0041753653444676405
W06000004,Denbighshire,0,95800,0
W06000004,Denbighshire,0,95800,0
W06000004,Denbighshire,1890,95800,1.9728601252609603
W06000004,Denbighshire,2130,95800,2.223382045929019
W06000004,Denbighshire,18,95800,0.018789144050104383
W06000004,Denbighshire,104,95800,0.10855949895615867
W06000004,Denbighshire,592,95800,0.6179540709812108
W06000004,Denbighshire,780,95800,0.81419624217119
W06000005,Flintshire,0,155000,0
W06000005,Flintshire,0,155000,0
W06000005,Flintshire,0,155000,0
W06000005,Flintshire,0,155000,0
W06000005,Flintshire,0,155000,0
W06000005,Flintshire,0,155000,0
W06000005,Flintshire,0,155000,0
W06000005,Flintshire,0,155000,0
W06000005,Flintshire,39951,155000,25.774838709677418
W06000005,Flintshire,56468,155000,36.43096774193548
W06000005,Flintshire,172,155000,0.11096774193548387
W06000005,Flintshire,2515,155000,1.6225806451612903
W06000005,Flintshire,12187,155000,7.86258064516129
W06000005,Flintshire,7996,155000,5.158709677419355
W06000005,Flintshire,0,155000,0
W06000005,Flintshire,76,155000,0.04903225806451613
W06000005,Flintshire,76,155000,0.04903225806451613
W06000005,Flintshire,1,155000,6.451612903225806e-4
W06000005,Flintshire,3,155000,0.001935483870967742
W06000005,Flintshire,11,155000,0.0070967741935483875
W06000005,Flintshire,7,155000,0.004516129032258065
W06000005,Flintshire,0,155000,0
W06000005,Flintshire,43,155000,0.027741935483870966
W06000005,Flintshire,25,155000,0.016129032258064516
W06000005,Flintshire,0,155000,0
W06000005,Flintshire,4,155000,0.0025806451612903226
W06000005,Flintshire,8,155000,0.005161290322580645
W06000005,Flintshire,4,155000,0.0025806451612903226
W06000005,Flintshire,0,155000,0
W06000005,Flintshire,41,155000,0.026451612903225806
W06000005,Flintshire,20,155000,0.012903225806451613
W06000005,Flintshire,0,155000,0
W06000005,Flintshire,3,155000,0.001935483870967742
W06000005,Flintshire,8,155000,0.005161290322580645
W06000005,Flintshire,0,155000,0
W06000005,Flintshire,0,155000,0
W06000005,Flintshire,43,155000,0.027741935483870966
W06000005,Flintshire,5,155000,0.0032258064516129032
W06000005,Flintshire,0,155000,0
W06000005,Flintshire,4,155000,0.0025806451612903226
W06000005,Flintshire,1,155000,6.451612903225806e-4
W06000005,Flintshire,0,155000,0
W06000005,Flintshire,0,155000,0
W06000005,Flintshire,2677,155000,1.7270967741935483
W06000005,Flintshire,3249,155000,2.0961290322580646
W06000005,Flintshire,6,155000,0.003870967741935484
W06000005,Flintshire,139,155000,0.08967741935483871
W06000005,Flintshire,880,155000,0.567741935483871
W06000005,Flintshire,955,155000,0.6161290322580645
W06000006,Wrexham,0,135100,0
W06000006,Wrexham,0,135100,0
W06000006,Wrexham,0,135100,0
W06000006,Wrexham,0,135100,0
W06000006,Wrexham,0,135100,0
W06000006,Wrexham,0,135100,0
W06000006,Wrexham,0,135100,0
W06000006,Wrexham,0,135100,0
W06000006,Wrexham,37650,135100,27.86824574389341
W06000006,Wrexham,45084,135100,33.37083641746854
W06000006,Wrexham,172,135100,0.12731310140636565
W06000006,Wrexham,2111,135100,1.5625462620281274
W06000006,Wrexham,10470,135100,7.74981495188749
W06000006,Wrexham,6659,135100,4.928941524796447
W06000006,Wrexham,0,135100,0
W06000006,Wrexham,82,135100,0.06069578090303479
W06000006,Wrexham,61,135100,0.04515173945225759
W06000006,Wrexham,0,135100,0
W06000006,Wrexham,2,135100,0.0014803849000740192
W06000006,Wrexham,25,135100,0.018504811250925242
W06000006,Wrexham,8,135100,0.005921539600296077
W06000006,Wrexham,0,135100,0
W06000006,Wrexham,51,135100,0.03774981495188749
W06000006,Wrexham,23,135100,0.017024426350851222
W06000006,Wrexham,0,135100,0
W06000006,Wrexham,1,135100,7.401924500370096e-4
W06000006,Wrexham,7,135100,0.0051813471502590676
W06000006,Wrexham,0,135100,0
W06000006,Wrexham,0,135100,0
W06000006,Wrexham,53,135100,0.03923019985196151
W06000006,Wrexham,17,135100,0.012583271650629163
W06000006,Wrexham,0,135100,0
W06000006,Wrexham,2,135100,0.0014803849000740192
W06000006,Wrexham,9,135100,0.006661732050333087
W06000006,Wrexham,3,135100,0.0022205773501110288
W06000006,Wrexham,0,135100,0
W06000006,Wrexham,65,135100,0.04811250925240563
W06000006,Wrexham,5,135100,0.003700962250185048
W06000006,Wrexham,0,135100,0
W06000006,Wrexham,0,135100,0
W06000006,Wrexham,2,135100,0.0014803849000740192
W06000006,Wrexham,1,135100,7.401924500370096e-4
W06000006,Wrexham,0,135100,0
W06000006,Wrexham,2781,135100,2.058475203552924
W06000006,Wrexham,2963,135100,2.1931902294596597
W06000006,Wrexham,21,135100,0.015544041450777202
W06000006,Wrexham,126,135100,0.09326424870466321
W06000006,Wrexham,904,135100,0.6691339748334567
W06000006,Wrexham,912,135100,0.6750555144337528
W06000008,Ceredigion,0,71500,0
W06000008,Ceredigion,0,71500,0
W06000008,Ceredigion,0,71500,0
W06000008,Ceredigion,0,71500,0
W06000008,Ceredigion,0,71500,0
W06000008,Ceredigion,0,71500,0
W06000008,Ceredigion,0,71500,0
W06000008,Ceredigion,0,71500,0
W06000008,Ceredigion,21102,71500,29.513286713286714
W06000008,Ceredigion,24484,71500,34.24335664335664
W06000008,Ceredigion,162,71500,0.22657342657342658
W06000008,Ceredigion,957,71500,1.3384615384615384
W06000008,Ceredigion,5240,71500,7.328671328671328
W06000008,Ceredigion,3931,71500,5.497902097902098
W06000008,Ceredigion,0,71500,0
W06000008,Ceredigion,46,71500,0.06433566433566433
W06000008,Ceredigion,24,71500,0.033566433566433566
W06000008,Ceredigion,1,71500,0.0013986013986013986
W06000008,Ceredigion,1,71500,0.0013986013986013986
W06000008,Ceredigion,8,71500,0.011188811188811189
W06000008,Ceredigion,4,71500,0.005594405594405594
W06000008,Ceredigion,0,71500,0
W06000008,Ceredigion,50,71500,0.06993006993006994
W06000008,Ceredigion,11,71500,0.015384615384615385
W06000008,Ceredigion,0,71500,0
W06000008,Ceredigion,1,71500,0.0013986013986013986
W06000008,Ceredigion,4,71500,0.005594405594405594
W06000008,Ceredigion,7,71500,0.009790209790209791
W06000008,Ceredigion,0,71500,0
W06000008,Ceredigion,52,71500,0.07272727272727272
W06000008,Ceredigion,5,71500,0.006993006993006993
W06000008,Ceredigion,0,71500,0
W06000008,Ceredigion,2,71500,0.002797202797202797
W06000008,Ceredigion,1,71500,0.0013986013986013986
W06000008,Ceredigion,2,71500,0.002797202797202797
W06000008,Ceredigion,0,71500,0
W06000008,Ceredigion,194,71500,0.27132867132867133
W06000008,Ceredigion,11,71500,0.015384615384615385
W06000008,Ceredigion,1,71500,0.0013986013986013986
W06000008,Ceredigion,1,71500,0.0013986013986013986
W06000008,Ceredigion,2,71500,0.002797202797202797
W06000008,Ceredigion,0,71500,0
W06000008,Ceredigion,0,71500,0
W06000008,Ceredigion,2322,71500,3.2475524475524478
W06000008,Ceredigion,1756,71500,2.4559440559440557
W06000008,Ceredigion,12,71500,0.016783216783216783
W06000008,Ceredigion,69,71500,0.0965034965034965
W06000008,Ceredigion,427,71500,0.5972027972027972
W06000008,Ceredigion,502,71500,0.7020979020979021
W06000009,Pembrokeshire,0,123400,0
W06000009,Pembrokeshire,0,123400,0
W06000009,Pembrokeshire,0,123400,0
W06000009,Pembrokeshire,0,123400,0
W06000009,Pembrokeshire,0,123400,0
W06000009,Pembrokeshire,0,123400,0
W06000009,Pembrokeshire,0,123400,0
W06000009,Pembrokeshire,0,123400,0
W06000009,Pembrokeshire,30272,123400,24.53160453808752
W06000009,Pembrokeshire,45539,123400,36.903565640194486
W06000009,Pembrokeshire,205,123400,0.16612641815235007
W06000009,Pembrokeshire,2081,123400,1.686385737439222
W06000009,Pembrokeshire,10180,123400,8.249594813614262
W06000009,Pembrokeshire,7517,123400,6.091572123176661
W06000009,Pembrokeshire,0,123400,0
W06000009,Pembrokeshire,51,123400,0.041329011345218804
W06000009,Pembrokeshire,50,123400,0.04051863857374392
W06000009,Pembrokeshire,0,123400,0
W06000009,Pembrokeshire,3,123400,0.0024311183144246355
W06000009,Pembrokeshire,11,123400,0.008914100486223663
W06000009,Pembrokeshire,6,123400,0.004862236628849271
W06000009,Pembrokeshire,0,123400,0
W06000009,Pembrokeshire,38,123400,0.03079416531604538
W06000009,Pembrokeshire,10,123400,0.008103727714748784
W06000009,Pembrokeshire,0,123400,0
W06000009,Pembrokeshire,5,123400,0.004051863857374392
W06000009,Pembrokeshire,4,123400,0.0032414910858995136
W06000009,Pembrokeshire,4,123400,0.0032414910858995136
W06000009,Pembrokeshire,0,123400,0
W06000009,Pembrokeshire,38,123400,0.03079416531604538
W06000009,Pembrokeshire,17,123400,0.013776337115072933
W06000009,Pembrokeshire,0,123400,0
W06000009,Pembrokeshire,3,123400,0.0024311183144246355
W06000009,Pembrokeshire,5,123400,0.004051863857374392
W06000009,Pembrokeshire,3,123400,0.0024311183144246355
W06000009,Pembrokeshire,0,123400,0
W06000009,Pembrokeshire,51,123400,0.041329011345218804
W06000009,Pembrokeshire,10,123400,0.008103727714748784
W06000009,Pembrokeshire,0,123400,0
W06000009,Pembrokeshire,2,123400,0.0016207455429497568
W06000009,Pembrokeshire,8,123400,0.006482982171799027
W06000009,Pembrokeshire,1,123400,8.103727714748784e-4
W06000009,Pembrokeshire,0,123400,0
W06000009,Pembrokeshire,2116,123400,1.7147487844408429
W06000009,Pembrokeshire,2639,123400,2.1385737439222043
W06000009,Pembrokeshire,16,123400,0.012965964343598054
W06000009,Pembrokeshire,115,123400,0.09319286871961102
W06000009,Pembrokeshire,707,123400,0.5729335494327391
W06000009,Pembrokeshire,845,123400,0.6847649918962723
W06000010,Carmarthenshire,0,187900,0
W06000010,Carmarthenshire,0,187900,0
W06000010,Carmarthenshire,0,187900,0
W06000010,Carmarthenshire,0,187900,0
W06000010,Carmarthenshire,0,187900,0
W06000010,Carmarthenshire,0,187900,0
W06000010,Carmarthenshire,0,187900,0
W06000010,Carmarthenshire,0,187900,0
W06000010,Carmarthenshire,46894,187900,24.956891963810538
W06000010,Carmarthenshire,68929,187900,36.68387440127727
W06000010,Carmarthenshire,309,187900,0.16444917509313464
W06000010,Carmarthenshire,2970,187900,1.5806279936136243
W06000010,Carmarthenshire,15085,187900,8.028206492815327
W06000010,Carmarthenshire,10737,187900,5.714209686003193
W06000010,Carmarthenshire,0,187900,0
W06000010,Carmarthenshire,84,187900,0.04470463012240553
W06000010,Carmarthenshire,77,187900,0.04097924427887174
W06000010,Carmarthenshire,2,187900,0.0010643959552953698
W06000010,Carmarthenshire,5,187900,0.0026609898882384245
W06000010,Carmarthenshire,18,187900,0.009579563597658328
W06000010,Carmarthenshire,25,187900,0.013304949441192123
W06000010,Carmarthenshire,0,187900,0
W06000010,Carmarthenshire,45,187900,0.023948908994145823
W06000010,Carmarthenshire,26,187900,0.013837147418839808
W06000010,Carmarthenshire,0,187900,0
W06000010,Carmarthenshire,1,187900,5.321979776476849e-4
W06000010,Carmarthenshire,18,187900,0.009579563597658328
W06000010,Carmarthenshire,2,187900,0.0010643959552953698
W06000010,Carmarthenshire,0,187900,0
W06000010,Carmarthenshire,61,187900,0.032464076636508785
W06000010,Carmarthenshire,21,187900,0.011176157530601383
W06000010,Carmarthenshire,0,187900,0
W06000010,Carmarthenshire,2,187900,0.0010643959552953698
W06000010,Carmarthenshire,4,187900,0.0021287919105907396
W06000010,Carmarthenshire,2,187900,0.0010643959552953698
W06000010,Carmarthenshire,0,187900,0
W06000010,Carmarthenshire,75,187900,0.03991484832357637
W06000010,Carmarthenshire,15,187900,0.007982969664715274
W06000010,Carmarthenshire,1,187900,5.321979776476849e-4
W06000010,Carmarthenshire,2,187900,0.0010643959552953698
W06000010,Carmarthenshire,0,187900,0
W06000010,Carmarthenshire,2,187900,0.0010643959552953698
W06000010,Carmarthenshire,0,187900,0
W06000010,Carmarthenshire,3225,187900,1.716338477913784
W06000010,Carmarthenshire,4124,187900,2.194784459819053
W06000010,Carmarthenshire,24,187900,0.012772751463544438
W06000010,Carmarthenshire,175,187900,0.09313464608834486
W06000010,Carmarthenshire,1184,187900,0.630122405534859
W06000010,Carmarthenshire,1340,187900,0.7131452900478978
W06000011,Swansea,0,238500,0
W06000011,Swansea,0,238500,0
W06000011,Swansea,0,238500,0
W06000011,Swansea,0,238500,0
W06000011,Swansea,0,238500,0
W06000011,Swansea,0,238500,0
W06000011,Swansea,0,238500,0
W06000011,Swansea,0,238500,0
W06000011,Swansea,72609,238500,30.444025157232705
W06000011,Swansea,76757,238500,32.1832285115304
W06000011,Swansea,288,238500,0.12075471698113208
W06000011,Swansea,4050,238500,1.6981132075471699
W06000011,Swansea,17962,238500,7.531236897274633
W06000011,Swansea,12507,238500,5.244025157232705
W06000011,Swansea,0,238500,0
W06000011,Swansea,158,238500,0.06624737945492662
W06000011,Swansea,103,238500,0.04318658280922432
W06000011,Swansea,0,238500,0
W06000011,Swansea,9,238500,0.0037735849056603774
W06000011,Swansea,34,238500,0.014255765199161425
W06000011,Swansea,16,238500,0.0067085953878406705
W06000011,Swansea,0,238500,0
W06000011,Swansea,90,238500,0.03773584905660377
W06000011,Swansea,38,238500,0.015932914046121592
W06000011,Swansea,0,238500,0
W06000011,Swansea,3,238500,0.0012578616352201257
W06000011,Swansea,9,238500,0.0037735849056603774
W06000011,Swansea,6,238500,0.0025157232704402514
W06000011,Swansea,0,238500,0
W06000011,Swansea,105,238500,0.0440251572327044
W06000011,Swansea,35,238500,0.014675052410901468
W06000011,Swansea,0,238500,0
W06000011,Swansea,3,238500,0.0012578616352201257
W06000011,Swansea,14,238500,0.005870020964360587
W06000011,Swansea,3,238500,0.0012578616352201257
W06000011,Swansea,0,238500,0
W06000011,Swansea,217,238500,0.0909853249475891
W06000011,Swansea,10,238500,0.0041928721174004195
W06000011,Swansea,2,238500,8.385744234800838e-4
W06000011,Swansea,2,238500,8.385744234800838e-4
W06000011,Swansea,8,238500,0.0033542976939203353
W06000011,Swansea,0,238500,0
W06000011,Swansea,0,238500,0
W06000011,Swansea,5856,238500,2.4553459119496854
W06000011,Swansea,4173,238500,1.749685534591195
W06000011,Swansea,21,238500,0.00880503144654088
W06000011,Swansea,214,238500,0.08972746331236897
W06000011,Swansea,1180,238500,0.4947589098532495
W06000011,Swansea,1377,238500,0.5773584905660377
W06000012,Neath Port Talbot,0,142300,0
W06000012,Neath Port Talbot,0,142300,0
W06000012,Neath Port Talbot,0,142300,0
W06000012,Neath Port Talbot,0,142300,0
W06000012,Neath Port Talbot,0,142300,0
W06000012,Neath Port Talbot,0,142300,0
W06000012,Neath Port Talbot,0,142300,0
W06000012,Neath Port Talbot,0,142300,0
W06000012,Neath Port Talbot,39598,142300,27.827125790583274
W06000012,Neath Port Talbot,47527,142300,33.399156711173575
W06000012,Neath Port Talbot,197,142300,0.13843991567111735
W06000012,Neath Port Talbot,2423,142300,1.702740688685875
W06000012,Neath Port Talbot,11764,142300,8.267041461700632
W06000012,Neath Port Talbot,7908,142300,5.557273366127899
W06000012,Neath Port Talbot,0,142300,0
W06000012,Neath Port Talbot,71,142300,0.049894588896697116
W06000012,Neath Port Talbot,65,142300,0.04567814476458187
W06000012,Neath Port Talbot,2,142300,0.0014054813773717498
W06000012,Neath Port Talbot,7,142300,0.004919184820801124
W06000012,Neath Port Talbot,19,142300,0.013352073085031623
W06000012,Neath Port Talbot,8,142300,0.005621925509486999
W06000012,Neath Port Talbot,0,142300,0
W06000012,Neath Port Talbot,35,142300,0.024595924104005622
W06000012,Neath Port Talbot,16,142300,0.011243851018973999
W06000012,Neath Port Talbot,0,142300,0
W06000012,Neath Port Talbot,1,142300,7.027406886858749e-4
W06000012,Neath Port Talbot,11,142300,0.007730147575544624
W06000012,Neath Port Talbot,6,142300,0.004216444132115249
W06000012,Neath Port Talbot,0,142300,0
W06000012,Neath Port Talbot,60,142300,0.0421644413211525
W06000012,Neath Port Talbot,28,142300,0.019676739283204497
W06000012,Neath Port Talbot,0,142300,0
W06000012,Neath Port Talbot,0,142300,0
W06000012,Neath Port Talbot,7,142300,0.004919184820801124
W06000012,Neath Port Talbot,1,142300,7.027406886858749e-4
W06000012,Neath Port Talbot,0,142300,0
W06000012,Neath Port Talbot,65,142300,0.04567814476458187
W06000012,Neath Port Talbot,6,142300,0.004216444132115249
W06000012,Neath Port Talbot,0,142300,0
W06000012,Neath Port Talbot,2,142300,0.0014054813773717498
W06000012,Neath Port Talbot,4,142300,0.0028109627547434997
W06000012,Neath Port Talbot,0,142300,0
W06000012,Neath Port Talbot,0,142300,0
W06000012,Neath Port Talbot,3106,142300,2.1827125790583275
W06000012,Neath Port Talbot,2459,142300,1.7280393534785665
W06000012,Neath Port Talbot,8,142300,0.005621925509486999
W06000012,Neath Port Talbot,133,142300,0.09346451159522136
W06000012,Neath Port Talbot,798,142300,0.5607870695713282
W06000012,Neath Port Talbot,847,142300,0.5952213633169361
W06000013,Bridgend,0,145500,0
W06000013,Bridgend,0,145500,0
W06000013,Bridgend,0,145500,0
W06000013,Bridgend,0,145500,0
W06000013,Bridgend,0,145500,0
W06000013,Bridgend,0,145500,0
W06000013,Bridgend,0,145500,0
W06000013,Bridgend,0,145500,0
W06000013,Bridgend,39510,145500,27.15463917525773
W06000013,Bridgend,51350,145500,35.292096219931274
W06000013,Bridgend,180,145500,0.12371134020618557
W06000013,Bridgend,2363,145500,1.6240549828178694
W06000013,Bridgend,11651,145500,8.007560137457045
W06000013,Bridgend,7735,145500,5.316151202749141
W06000013,Bridgend,0,145500,0
W06000013,Bridgend,51,145500,0.03505154639175258
W06000013,Bridgend,41,145500,0.028178694158075602
W06000013,Bridgend,0,145500,0
W06000013,Bridgend,9,145500,0.006185567010309278
W06000013,Bridgend,29,145500,0.01993127147766323
W06000013,Bridgend,9,145500,0.006185567010309278
W06000013,Bridgend,0,145500,0
W06000013,Bridgend,39,145500,0.026804123711340205
W06000013,Bridgend,14,145500,0.009621993127147767
W06000013,Bridgend,1,145500,6.872852233676976e-4
W06000013,Bridgend,4,145500,0.0027491408934707906
W06000013,Bridgend,9,145500,0.006185567010309278
W06000013,Bridgend,3,145500,0.002061855670103093
W06000013,Bridgend,0,145500,0
W06000013,Bridgend,49,145500,0.03367697594501718
W06000013,Bridgend,12,145500,0.008247422680412371
W06000013,Bridgend,0,145500,0
W06000013,Bridgend,0,145500,0
W06000013,Bridgend,2,145500,0.0013745704467353953
W06000013,Bridgend,0,145500,0
W06000013,Bridgend,0,145500,0
W06000013,Bridgend,42,145500,0.0288659793814433
W06000013,Bridgend,10,145500,0.006872852233676976
W06000013,Bridgend,0,145500,0
W06000013,Bridgend,1,145500,6.872852233676976e-4
W06000013,Bridgend,2,145500,0.0013745704467353953
W06000013,Bridgend,0,145500,0
W06000013,Bridgend,0,145500,0
W06000013,Bridgend,2236,145500,1.536769759450172
W06000013,Bridgend,2459,145500,1.6900343642611684
W06000013,Bridgend,9,145500,0.006185567010309278
W06000013,Bridgend,108,145500,0.07422680412371134
W06000013,Bridgend,738,145500,0.5072164948453608
W06000013,Bridgend,814,145500,0.5594501718213059
W06000014,Vale of Glamorgan,0,131800,0
W06000014,Vale of Glamorgan,0,131800,0
W06000014,Vale of Glamorgan,0,131800,0
W06000014,Vale of Glamorgan,0,131800,0
W06000014,Vale of Glamorgan,0,131800,0
W06000014,Vale of Glamorgan,0,131800,0
W06000014,Vale of Glamorgan,0,131800,0
W06000014,Vale of Glamorgan,0,131800,0
W06000014,Vale of Glamorgan,33662,131800,25.540212443095598
W06000014,Vale of Glamorgan,48522,131800,36.81487101669196
W06000014,Vale of Glamorgan,208,131800,0.15781487101669195
W06000014,Vale of Glamorgan,2094,131800,1.5887708649468892
W06000014,Vale of Glamorgan,10221,131800,7.754931714719271
W06000014,Vale of Glamorgan,6810,131800,5.166919575113809
W06000014,Vale of Glamorgan,0,131800,0
W06000014,Vale of Glamorgan,43,131800,0.032625189681335355
W06000014,Vale of Glamorgan,40,131800,0.030349013657056147
W06000014,Vale of Glamorgan,0,131800,0
W06000014,Vale of Glamorgan,3,131800,0.002276176024279211
W06000014,Vale of Glamorgan,12,131800,0.009104704097116844
W06000014,Vale of Glamorgan,9,131800,0.006828528072837633
W06000014,Vale of Glamorgan,0,131800,0
W06000014,Vale of Glamorgan,30,131800,0.02276176024279211
W06000014,Vale of Glamorgan,22,131800,0.01669195751138088
W06000014,Vale of Glamorgan,0,131800,0
W06000014,Vale of Glamorgan,3,131800,0.002276176024279211
W06000014,Vale of Glamorgan,9,131800,0.006828528072837633
W06000014,Vale of Glamorgan,3,131800,0.002276176024279211
W06000014,Vale of Glamorgan,0,131800,0
W06000014,Vale of Glamorgan,83,131800,0.0629742033383915
W06000014,Vale of Glamorgan,17,131800,0.012898330804248861
W06000014,Vale of Glamorgan,0,131800,0
W06000014,Vale of Glamorgan,0,131800,0
W06000014,Vale of Glamorgan,5,131800,0.0037936267071320183
W06000014,Vale of Glamorgan,3,131800,0.002276176024279211
W06000014,Vale of Glamorgan,0,131800,0
W06000014,Vale of Glamorgan,82,131800,0.0622154779969651
W06000014,Vale of Glamorgan,11,131800,0.00834597875569044
W06000014,Vale of Glamorgan,0,131800,0
W06000014,Vale of Glamorgan,0,131800,0
W06000014,Vale of Glamorgan,5,131800,0.0037936267071320183
W06000014,Vale of Glamorgan,2,131800,0.0015174506828528073
W06000014,Vale of Glamorgan,0,131800,0
W06000014,Vale of Glamorgan,2101,131800,1.594081942336874
W06000014,Vale of Glamorgan,2099,131800,1.5925644916540211
W06000014,Vale of Glamorgan,9,131800,0.006828528072837633
W06000014,Vale of Glamorgan,101,131800,0.07663125948406677
W06000014,Vale of Glamorgan,588,131800,0.44613050075872535
W06000014,Vale of Glamorgan,662,131800,0.5022761760242792
W06000015,Cardiff,0,362400,0
W06000015,Cardiff,0,362400,0
W06000015,Cardiff,0,362400,0
W06000015,Cardiff,0,362400,0
W06000015,Cardiff,0,362400,0
W06000015,Cardiff,0,362400,0
W06000015,Cardiff,0,362400,0
W06000015,Cardiff,0,362400,0
W06000015,Cardiff,132856,362400,36.66004415011037
W06000015,Cardiff,102079,362400,28.167494481236204
W06000015,Cardiff,553,362400,0.15259381898454746
W06000015,Cardiff,5087,362400,1.4036975717439293
W06000015,Cardiff,21364,362400,5.89514348785872
W06000015,Cardiff,13280,362400,3.664459161147903
W06000015,Cardiff,0,362400,0
W06000015,Cardiff,355,362400,0.09795805739514349
W06000015,Cardiff,243,362400,0.06705298013245033
W06000015,Cardiff,7,362400,0.0019315673289183224
W06000015,Cardiff,32,362400,0.008830022075055188
W06000015,Cardiff,71,362400,0.019591611479028697
W06000015,Cardiff,26,362400,0.00717439293598234
W06000015,Cardiff,0,362400,0
W06000015,Cardiff,234,362400,0.06456953642384106
W06000015,Cardiff,100,362400,0.02759381898454746
W06000015,Cardiff,1,362400,2.759381898454746e-4
W06000015,Cardiff,8,362400,0.002207505518763797
W06000015,Cardiff,38,362400,0.010485651214128035
W06000015,Cardiff,8,362400,0.002207505518763797
W06000015,Cardiff,0,362400,0
W06000015,Cardiff,223,362400,0.06153421633554084
W06000015,Cardiff,95,362400,0.026214128035320087
W06000015,Cardiff,2,362400,5.518763796909492e-4
W06000015,Cardiff,10,362400,0.0027593818984547464
W06000015,Cardiff,21,362400,0.005794701986754967
W06000015,Cardiff,2,362400,5.518763796909492e-4
W06000015,Cardiff,0,362400,0
W06000015,Cardiff,573,362400,0.15811258278145696
W06000015,Cardiff,27,362400,0.0074503311258278145
W06000015,Cardiff,4,362400,0.0011037527593818985
W06000015,Cardiff,7,362400,0.0019315673289183224
W06000015,Cardiff,16,362400,0.004415011037527594
W06000015,Cardiff,2,362400,5.518763796909492e-4
W06000015,Cardiff,0,362400,0
W06000015,Cardiff,9747,362400,2.689569536423841
W06000015,Cardiff,5947,362400,1.6410044150110374
W06000015,Cardiff,26,362400,0.00717439293598234
W06000015,Cardiff,332,362400,0.09161147902869757
W06000015,Cardiff,1487,362400,0.41032008830022076
W06000015,Cardiff,1456,362400,0.40176600441501104
W06000016,Rhondda Cynon Taf,0,237700,0
W06000016,Rhondda Cynon Taf,0,237700,0
W06000016,Rhondda Cynon Taf,0,237700,0
W06000016,Rhondda Cynon Taf,0,237700,0
W06000016,Rhondda Cynon Taf,0,237700,0
W06000016,Rhondda Cynon Taf,0,237700,0
W06000016,Rhondda Cynon Taf,0,237700,0
W06000016,Rhondda Cynon Taf,0,237700,0
W06000016,Rhondda Cynon Taf,70402,237700,29.61800588977703
W06000016,Rhondda Cynon Taf,77544,237700,32.62263357172907
W06000016,Rhondda Cynon Taf,310,237700,0.13041649137568365
W06000016,Rhondda Cynon Taf,3753,237700,1.5788809423643249
W06000016,Rhondda Cynon Taf,17519,237700,7.370214556163231
W06000016,Rhondda Cynon Taf,12078,237700,5.081194783340345
W06000016,Rhondda Cynon Taf,0,237700,0
W06000016,Rhondda Cynon Taf,150,237700,0.06310475389145982
W06000016,Rhondda Cynon Taf,81,237700,0.0340765671013883
W06000016,Rhondda Cynon Taf,1,237700,4.2069835927639884e-4
W06000016,Rhondda Cynon Taf,9,237700,0.0037862852334875894
W06000016,Rhondda Cynon Taf,24,237700,0.010096760622633571
W06000016,Rhondda Cynon Taf,16,237700,0.006731173748422381
W06000016,Rhondda Cynon Taf,0,237700,0
W06000016,Rhondda Cynon Taf,73,237700,0.030710980227177113
W06000016,Rhondda Cynon Taf,28,237700,0.011779554059739168
W06000016,Rhondda Cynon Taf,1,237700,4.2069835927639884e-4
W06000016,Rhondda Cynon Taf,5,237700,0.002103491796381994
W06000016,Rhondda Cynon Taf,15,237700,0.006310475389145982
W06000016,Rhondda Cynon Taf,6,237700,0.002524190155658393
W06000016,Rhondda Cynon Taf,0,237700,0
W06000016,Rhondda Cynon Taf,82,237700,0.0344972654606647
W06000016,Rhondda Cynon Taf,31,237700,0.013041649137568364
W06000016,Rhondda Cynon Taf,0,237700,0
W06000016,Rhondda Cynon Taf,4,237700,0.0016827934371055953
W06000016,Rhondda Cynon Taf,16,237700,0.006731173748422381
W06000016,Rhondda Cynon Taf,2,237700,8.413967185527977e-4
W06000016,Rhondda Cynon Taf,0,237700,0
W06000016,Rhondda Cynon Taf,124,237700,0.052166596550273454
W06000016,Rhondda Cynon Taf,12,237700,0.005048380311316786
W06000016,Rhondda Cynon Taf,3,237700,0.0012620950778291964
W06000016,Rhondda Cynon Taf,6,237700,0.002524190155658393
W06000016,Rhondda Cynon Taf,9,237700,0.0037862852334875894
W06000016,Rhondda Cynon Taf,0,237700,0
W06000016,Rhondda Cynon Taf,0,237700,0
W06000016,Rhondda Cynon Taf,4434,237700,1.8653765250315524
W06000016,Rhondda Cynon Taf,4132,237700,1.7383256205300799
W06000016,Rhondda Cynon Taf,27,237700,0.011358855700462769
W06000016,Rhondda Cynon Taf,209,237700,0.08792595708876735
W06000016,Rhondda Cynon Taf,1232,237700,0.5183003786285233
W06000016,Rhondda Cynon Taf,1505,237700,0.6331510307109802
W06000018,Caerphilly,0,175900,0
W06000018,Caerphilly,0,175900,0
W06000018,Caerphilly,0,175900,0
W06000018,Caerphilly,0,175900,0
W06000018,Caerphilly,0,175900,0
W06000018,Caerphilly,0,175900,0
W06000018,Caerphilly,0,175900,0
W06000018,Caerphilly,0,175900,0
W06000018,Caerphilly,49597,175900,28.19613416714042
W06000018,Caerphilly,59936,175900,34.07390562819784
W06000018,Caerphilly,218,175900,0.12393405343945424
W06000018,Caerphilly,2777,175900,1.5787379192723139
W06000018,Caerphilly,13461,175900,7.652643547470153
W06000018,Caerphilly,9063,175900,5.152359295054008
W06000018,Caerphilly,0,175900,0
W06000018,Caerphilly,92,175900,0.05230244457077885
W06000018,Caerphilly,53,175900,0.030130756111426946
W06000018,Caerphilly,0,175900,0
W06000018,Caerphilly,3,175900,0.0017055144968732233
W06000018,Caerphilly,18,175900,0.01023308698123934
W06000018,Caerphilly,17,175900,0.009664582148948267
W06000018,Caerphilly,0,175900,0
W06000018,Caerphilly,49,175900,0.02785673678226265
W06000018,Caerphilly,14,175900,0.007959067652075043
W06000018,Caerphilly,0,175900,0
W06000018,Caerphilly,3,175900,0.0017055144968732233
W06000018,Caerphilly,9,175900,0.00511654349061967
W06000018,Caerphilly,6,175900,0.0034110289937464467
W06000018,Caerphilly,0,175900,0
W06000018,Caerphilly,64,175900,0.036384309266628764
W06000018,Caerphilly,22,175900,0.012507106310403639
W06000018,Caerphilly,0,175900,0
W06000018,Caerphilly,1,175900,5.685048322910744e-4
W06000018,Caerphilly,13,175900,0.007390562819783968
W06000018,Caerphilly,2,175900,0.0011370096645821489
W06000018,Caerphilly,0,175900,0
W06000018,Caerphilly,71,175900,0.04036384309266629
W06000018,Caerphilly,10,175900,0.005685048322910745
W06000018,Caerphilly,0,175900,0
W06000018,Caerphilly,4,175900,0.0022740193291642978
W06000018,Caerphilly,8,175900,0.0045480386583285955
W06000018,Caerphilly,0,175900,0
W06000018,Caerphilly,0,175900,0
W06000018,Caerphilly,2719,175900,1.5457646389994315
W06000018,Caerphilly,3140,175900,1.7851051733939738
W06000018,Caerphilly,23,175900,0.013075611142694713
W06000018,Caerphilly,119,175900,0.06765207504263786
W06000018,Caerphilly,910,175900,0.5173393973848778
W06000018,Caerphilly,1059,175900,0.6020466173962479
W06000019,Blaenau Gwent,0,66900,0
W06000019,Blaenau Gwent,0,66900,0
W06000019,Blaenau Gwent,0,66900,0
W06000019,Blaenau Gwent,0,66900,0
W06000019,Blaenau Gwent,0,66900,0
W06000019,Blaenau Gwent,0,66900,0
W06000019,Blaenau Gwent,0,66900,0
W06000019,Blaenau Gwent,0,66900,0
W06000019,Blaenau Gwent,19999,66900,29.89387144992526
W06000019,Blaenau Gwent,21068,66900,31.491778774289983
W06000019,Blaenau Gwent,94,66900,0.14050822122571002
W06000019,Blaenau Gwent,1196,66900,1.7877428998505231
W06000019,Blaenau Gwent,5349,66900,7.995515695067264
W06000019,Blaenau Gwent,3744,66900,5.596412556053812
W06000019,Blaenau Gwent,0,66900,0
W06000019,Blaenau Gwent,37,66900,0.05530642750373692
W06000019,Blaenau Gwent,26,66900,0.03886397608370702
W06000019,Blaenau Gwent,0,66900,0
W06000019,Blaenau Gwent,1,66900,0.0014947683109118087
W06000019,Blaenau Gwent,2,66900,0.0029895366218236174
W06000019,Blaenau Gwent,3,66900,0.004484304932735426
W06000019,Blaenau Gwent,0,66900,0
W06000019,Blaenau Gwent,19,66900,0.028400597907324365
W06000019,Blaenau Gwent,9,66900,0.013452914798206279
W06000019,Blaenau Gwent,0,66900,0
W06000019,Blaenau Gwent,0,66900,0
W06000019,Blaenau Gwent,6,66900,0.008968609865470852
W06000019,Blaenau Gwent,2,66900,0.0029895366218236174
W06000019,Blaenau Gwent,0,66900,0
W06000019,Blaenau Gwent,29,66900,0.043348281016442454
W06000019,Blaenau Gwent,7,66900,0.01046337817638266
W06000019,Blaenau Gwent,0,66900,0
W06000019,Blaenau Gwent,0,66900,0
W06000019,Blaenau Gwent,7,66900,0.01046337817638266
W06000019,Blaenau Gwent,1,66900,0.0014947683109118087
W06000019,Blaenau Gwent,0,66900,0
W06000019,Blaenau Gwent,17,66900,0.025411061285500747
W06000019,Blaenau Gwent,5,66900,0.007473841554559043
W06000019,Blaenau Gwent,0,66900,0
W06000019,Blaenau Gwent,0,66900,0
W06000019,Blaenau Gwent,1,66900,0.0014947683109118087
W06000019,Blaenau Gwent,0,66900,0
W06000019,Blaenau Gwent,0,66900,0
W06000019,Blaenau Gwent,1224,66900,1.8295964125560538
W06000019,Blaenau Gwent,1379,66900,2.0612855007473843
W06000019,Blaenau Gwent,9,66900,0.013452914798206279
W06000019,Blaenau Gwent,88,66900,0.13153961136023917
W06000019,Blaenau Gwent,369,66900,0.5515695067264574
W06000019,Blaenau Gwent,452,66900,0.6756352765321375
W06000020,Torfaen,0,92300,0
W06000020,Torfaen,0,92300,0
W06000020,Torfaen,0,92300,0
W06000020,Torfaen,0,92300,0
W06000020,Torfaen,0,92300,0
W06000020,Torfaen,0,92300,0
W06000020,Torfaen,0,92300,0
W06000020,Torfaen,0,92300,0
W06000020,Torfaen,25174,92300,27.274106175514625
W06000020,Torfaen,31344,92300,33.95882990249187
W06000020,Torfaen,145,92300,0.1570964247020585
W06000020,Torfaen,1503,92300,1.628385698808234
W06000020,Torfaen,7421,92300,8.04008667388949
W06000020,Torfaen,4832,92300,5.23510292524377
W06000020,Torfaen,0,92300,0
W06000020,Torfaen,48,92300,0.05200433369447454
W06000020,Torfaen,29,92300,0.0314192849404117
W06000020,Torfaen,0,92300,0
W06000020,Torfaen,2,92300,0.0021668472372697724
W06000020,Torfaen,8,92300,0.00866738894907909
W06000020,Torfaen,8,92300,0.00866738894907909
W06000020,Torfaen,0,92300,0
W06000020,Torfaen,22,92300,0.023835319609967497
W06000020,Torfaen,7,92300,0.007583965330444204
W06000020,Torfaen,0,92300,0
W06000020,Torfaen,0,92300,0
W06000020,Torfaen,5,92300,0.005417118093174431
W06000020,Torfaen,1,92300,0.0010834236186348862
W06000020,Torfaen,0,92300,0
W06000020,Torfaen,34,92300,0.03683640303358613
W06000020,Torfaen,12,92300,0.013001083423618635
W06000020,Torfaen,0,92300,0
W06000020,Torfaen,1,92300,0.0010834236186348862
W06000020,Torfaen,2,92300,0.0021668472372697724
W06000020,Torfaen,2,92300,0.0021668472372697724
W06000020,Torfaen,0,92300,0
W06000020,Torfaen,33,92300,0.035752979414951244
W06000020,Torfaen,2,92300,0.0021668472372697724
W06000020,Torfaen,1,92300,0.0010834236186348862
W06000020,Torfaen,0,92300,0
W06000020,Torfaen,3,92300,0.0032502708559046588
W06000020,Torfaen,0,92300,0
W06000020,Torfaen,0,92300,0
W06000020,Torfaen,1498,92300,1.6229685807150596
W06000020,Torfaen,1752,92300,1.8981581798483207
W06000020,Torfaen,10,92300,0.010834236186348862
W06000020,Torfaen,83,92300,0.08992416034669556
W06000020,Torfaen,519,92300,0.562296858071506
W06000020,Torfaen,612,92300,0.6630552546045504
W06000021,Monmouthshire,0,93000,0
W06000021,Monmouthshire,0,93000,0
W06000021,Monmouthshire,0,93000,0
W06000021,Monmouthshire,0,93000,0
W06000021,Monmouthshire,0,93000,0
W06000021,Monmouthshire,0,93000,0
W06000021,Monmouthshire,0,93000,0
W06000021,Monmouthshire,0,93000,0
W06000021,Monmouthshire,21073,93000,22.659139784946237
W06000021,Monmouthshire,38110,93000,40.97849462365591
W06000021,Monmouthshire,187,93000,0.2010752688172043
W06000021,Monmouthshire,1456,93000,1.5655913978494624
W06000021,Monmouthshire,7439,93000,7.998924731182796
W06000021,Monmouthshire,5351,93000,5.753763440860215
W06000021,Monmouthshire,0,93000,0
W06000021,Monmouthshire,45,93000,0.04838709677419355
W06000021,Monmouthshire,31,93000,0.03333333333333333
W06000021,Monmouthshire,2,93000,0.002150537634408602
W06000021,Monmouthshire,1,93000,0.001075268817204301
W06000021,Monmouthshire,8,93000,0.008602150537634409
W06000021,Monmouthshire,5,93000,0.005376344086021506
W06000021,Monmouthshire,0,93000,0
W06000021,Monmouthshire,28,93000,0.030107526881720432
W06000021,Monmouthshire,16,93000,0.017204301075268817
W06000021,Monmouthshire,1,93000,0.001075268817204301
W06000021,Monmouthshire,1,93000,0.001075268817204301
W06000021,Monmouthshire,2,93000,0.002150537634408602
W06000021,Monmouthshire,4,93000,0.004301075268817204
W06000021,Monmouthshire,0,93000,0
W06000021,Monmouthshire,24,93000,0.025806451612903226
W06000021,Monmouthshire,9,93000,0.00967741935483871
W06000021,Monmouthshire,0,93000,0
W06000021,Monmouthshire,0,93000,0
W06000021,Monmouthshire,0,93000,0
W06000021,Monmouthshire,1,93000,0.001075268817204301
W06000021,Monmouthshire,0,93000,0
W06000021,Monmouthshire,35,93000,0.03763440860215054
W06000021,Monmouthshire,7,93000,0.007526881720430108
W06000021,Monmouthshire,0,93000,0
W06000021,Monmouthshire,1,93000,0.001075268817204301
W06000021,Monmouthshire,2,93000,0.002150537634408602
W06000021,Monmouthshire,1,93000,0.001075268817204301
W06000021,Monmouthshire,0,93000,0
W06000021,Monmouthshire,1431,93000,1.538709677419355
W06000021,Monmouthshire,1783,93000,1.9172043010752688
W06000021,Monmouthshire,10,93000,0.010752688172043012
W06000021,Monmouthshire,81,93000,0.08709677419354839
W06000021,Monmouthshire,499,93000,0.5365591397849462
W06000021,Monmouthshire,596,93000,0.6408602150537634
W06000022,Newport,0,159600,0
W06000022,Newport,0,159600,0
W06000022,Newport,0,159600,0
W06000022,Newport,0,159600,0
W06000022,Newport,0,159600,0
W06000022,Newport,0,159600,0
W06000022,Newport,0,159600,0
W06000022,Newport,0,159600,0
W06000022,Newport,45567,159600,28.55075187969925
W06000022,Newport,52455,159600,32.86654135338346
W06000022,Newport,208,159600,0.13032581453634084
W06000022,Newport,2591,159600,1.6234335839598997
W06000022,Newport,11188,159600,7.010025062656641
W06000022,Newport,7029,159600,4.404135338345864
W06000022,Newport,0,159600,0
W06000022,Newport,268,159600,0.16791979949874686
W06000022,Newport,147,159600,0.09210526315789473
W06000022,Newport,4,159600,0.002506265664160401
W06000022,Newport,6,159600,0.0037593984962406013
W06000022,Newport,30,159600,0.018796992481203006
W06000022,Newport,11,159600,0.006892230576441102
W06000022,Newport,0,159600,0
W06000022,Newport,51,159600,0.03195488721804511
W06000022,Newport,46,159600,0.02882205513784461
W06000022,Newport,1,159600,6.265664160401002e-4
W06000022,Newport,5,159600,0.003132832080200501
W06000022,Newport,15,159600,0.009398496240601503
W06000022,Newport,3,159600,0.0018796992481203006
W06000022,Newport,0,159600,0
W06000022,Newport,66,159600,0.041353383458646614
W06000022,Newport,52,159600,0.03258145363408521
W06000022,Newport,0,159600,0
W06000022,Newport,2,159600,0.0012531328320802004
W06000022,Newport,7,159600,0.0043859649122807015
W06000022,Newport,3,159600,0.0018796992481203006
W06000022,Newport,0,159600,0
W06000022,Newport,69,159600,0.043233082706766915
W06000022,Newport,3,159600,0.0018796992481203006
W06000022,Newport,0,159600,0
W06000022,Newport,3,159600,0.0018796992481203006
W06000022,Newport,3,159600,0.0018796992481203006
W06000022,Newport,0,159600,0
W06000022,Newport,0,159600,0
W06000022,Newport,2995,159600,1.8765664160401003
W06000022,Newport,2918,159600,1.8283208020050126
W06000022,Newport,15,159600,0.009398496240601503
W06000022,Newport,190,159600,0.11904761904761904
W06000022,Newport,721,159600,0.4517543859649123
W06000022,Newport,744,159600,0.46616541353383456
W06000023,Powys,0,133200,0
W06000023,Powys,0,133200,0
W06000023,Powys,0,133200,0
W06000023,Powys,0,133200,0
W06000023,Powys,0,133200,0
W06000023,Powys,0,133200,0
W06000023,Powys,0,133200,0
W06000023,Powys,0,133200,0
W06000023,Powys,32019,133200,24.03828828828829
W06000023,Powys,51241,133200,38.46921921921922
W06000023,Powys,281,133200,0.21096096096096095
W06000023,Powys,2210,133200,1.6591591591591592
W06000023,Powys,10606,133200,7.9624624624624625
W06000023,Powys,7972,133200,5.984984984984985
W06000023,Powys,0,133200,0
W06000023,Powys,66,133200,0.04954954954954955
W06000023,Powys,43,133200,0.03228228228228228
W06000023,Powys,0,133200,0
W06000023,Powys,3,133200,0.0022522522522522522
W06000023,Powys,18,133200,0.013513513513513514
W06000023,Powys,10,133200,0.0075075075075075074
W06000023,Powys,0,133200,0
W06000023,Powys,37,133200,0.027777777777777776
W06000023,Powys,11,133200,0.008258258258258258
W06000023,Powys,0,133200,0
W06000023,Powys,5,133200,0.0037537537537537537
W06000023,Powys,12,133200,0.009009009009009009
W06000023,Powys,8,133200,0.006006006006006006
W06000023,Powys,0,133200,0
W06000023,Powys,30,133200,0.02252252252252252
W06000023,Powys,13,133200,0.00975975975975976
W06000023,Powys,2,133200,0.0015015015015015015
W06000023,Powys,0,133200,0
W06000023,Powys,5,133200,0.0037537537537537537
W06000023,Powys,3,133200,0.0022522522522522522
W06000023,Powys,0,133200,0
W06000023,Powys,65,133200,0.048798798798798795
W06000023,Powys,16,133200,0.012012012012012012
W06000023,Powys,0,133200,0
W06000023,Powys,3,133200,0.0022522522522522522
W06000023,Powys,8,133200,0.006006006006006006
W06000023,Powys,0,133200,0
W06000023,Powys,0,133200,0
W06000023,Powys,2475,133200,1.8581081081081081
W06000023,Powys,3361,133200,2.5232732732732734
W06000023,Powys,19,133200,0.014264264264264264
W06000023,Powys,126,133200,0.0945945945945946
W06000023,Powys,829,133200,0.6223723723723724
W06000023,Powys,1037,133200,0.7785285285285285
W06000024,Merthyr Tydfil,0,58800,0
W06000024,Merthyr Tydfil,0,58800,0
W06000024,Merthyr Tydfil,0,58800,0
W06000024,Merthyr Tydfil,0,58800,0
W06000024,Merthyr Tydfil,0,58800,0
W06000024,Merthyr Tydfil,0,58800,0
W06000024,Merthyr Tydfil,0,58800,0
W06000024,Merthyr Tydfil,0,58800,0
W06000024,Merthyr Tydfil,17661,58800,30.035714285714285
W06000024,Merthyr Tydfil,18849,58800,32.05612244897959
W06000024,Merthyr Tydfil,101,58800,0.1717687074829932
W06000024,Merthyr Tydfil,1010,58800,1.717687074829932
W06000024,Merthyr Tydfil,4200,58800,7.142857142857143
W06000024,Merthyr Tydfil,3112,58800,5.292517006802721
W06000024,Merthyr Tydfil,0,58800,0
W06000024,Merthyr Tydfil,50,58800,0.08503401360544217
W06000024,Merthyr Tydfil,32,58800,0.05442176870748299
W06000024,Merthyr Tydfil,0,58800,0
W06000024,Merthyr Tydfil,2,58800,0.003401360544217687
W06000024,Merthyr Tydfil,11,58800,0.01870748299319728
W06000024,Merthyr Tydfil,2,58800,0.003401360544217687
W06000024,Merthyr Tydfil,0,58800,0
W06000024,Merthyr Tydfil,13,58800,0.022108843537414966
W06000024,Merthyr Tydfil,7,58800,0.011904761904761904
W06000024,Merthyr Tydfil,0,58800,0
W06000024,Merthyr Tydfil,0,58800,0
W06000024,Merthyr Tydfil,5,58800,0.008503401360544218
W06000024,Merthyr Tydfil,6,58800,0.01020408163265306
W06000024,Merthyr Tydfil,0,58800,0
W06000024,Merthyr Tydfil,28,58800,0.047619047619047616
W06000024,Merthyr Tydfil,5,58800,0.008503401360544218
W06000024,Merthyr Tydfil,0,58800,0
W06000024,Merthyr Tydfil,0,58800,0
W06000024,Merthyr Tydfil,1,58800,0.0017006802721088435
W06000024,Merthyr Tydfil,0,58800,0
W06000024,Merthyr Tydfil,0,58800,0
W06000024,Merthyr Tydfil,15,58800,0.025510204081632654
W06000024,Merthyr Tydfil,0,58800,0
W06000024,Merthyr Tydfil,0,58800,0
W06000024,Merthyr Tydfil,0,58800,0
W06000024,Merthyr Tydfil,2,58800,0.003401360544217687
W06000024,Merthyr Tydfil,0,58800,0
W06000024,Merthyr Tydfil,0,58800,0
W06000024,Merthyr Tydfil,963,58800,1.6377551020408163
W06000024,Merthyr Tydfil,933,58800,1.586734693877551
W06000024,Merthyr Tydfil,6,58800,0.01020408163265306
W06000024,Merthyr Tydfil,48,58800,0.08163265306122448
W06000024,Merthyr Tydfil,311,58800,0.5289115646258503
W06000024,Merthyr Tydfil,302,58800,0.5136054421768708
