area_code,area_name,n,population,percentage
E06000001,Hartlepool,0,92300,0
E06000001,Hartlepool,0,92300,0
E06000001,Hartlepool,0,92300,0
E06000001,Hartlepool,0,92300,0
E06000001,Hartlepool,0,92300,0
E06000001,Hartlepool,0,92300,0
E06000001,Hartlepool,0,92300,0
E06000001,Hartlepool,25780,92300,27.930660888407367
E06000001,Hartlepool,25825,92300,27.979414951245936
E06000001,Hartlepool,16290,92300,17.6489707475623
E06000001,Hartlepool,1786,92300,1.9349945828819068
E06000001,Hartlepool,267,92300,0.28927410617551463
E06000001,Hartlepool,0,92300,0
E06000001,Hartlepool,43,92300,0.04658721560130011
E06000001,Hartlepool,53,92300,0.05742145178764897
E06000001,Hartlepool,56,92300,0.06067172264355363
E06000001,Hartlepool,13,92300,0.014084507042253521
E06000001,Hartlepool,4,92300,0.004333694474539545
E06000001,Hartlepool,0,92300,0
E06000001,Hartlepool,13,92300,0.014084507042253521
E06000001,Hartlepool,15,92300,0.016251354279523293
E06000001,Hartlepool,18,92300,0.01950162513542795
E06000001,Hartlepool,3,92300,0.0032502708559046588
E06000001,Hartlepool,0,92300,0
E06000001,Hartlepool,0,92300,0
E06000001,Hartlepool,11,92300,0.011917659804983749
E06000001,Hartlepool,19,92300,0.020585048754062838
E06000001,Hartlepool,18,92300,0.01950162513542795
E06000001,Hartlepool,4,92300,0.004333694474539545
E06000001,Hartlepool,0,92300,0
E06000001,Hartlepool,0,92300,0
E06000001,Hartlepool,9,92300,0.009750812567713976
E06000001,Hartlepool,18,92300,0.01950162513542795
E06000001,Hartlepool,20,92300,0.021668472372697724
E06000001,Hartlepool,0,92300,0
E06000001,Hartlepool,0,92300,0
E06000001,Hartlepool,0,92300,0
E06000001,Hartlepool,1161,92300,1.2578548212351028
E06000001,Hartlepool,1314,92300,1.4236186348862405
E06000001,Hartlepool,947,92300,1.0260021668472372
E06000001,Hartlepool,131,92300,0.1419284940411701
E06000001,Hartlepool,20,92300,0.021668472372697724
E06000002,Middlesbrough,0,143900,0
E06000002,Middlesbrough,0,143900,0
E06000002,Middlesbrough,0,143900,0
E06000002,Middlesbrough,0,143900,0
E06000002,Middlesbrough,0,143900,0
E06000002,Middlesbrough,0,143900,0
E06000002,Middlesbrough,0,143900,0
E06000002,Middlesbrough,33941,143900,23.586518415566367
E06000002,Middlesbrough,36962,143900,25.68589298123697
E06000002,Middlesbrough,27228,143900,18.921473245309244
E06000002,Middlesbrough,4596,143900,3.1938846421125784
E06000002,Middlesbrough,1376,143900,0.9562195969423211
E06000002,Middlesbrough,0,143900,0
E06000002,Middlesbrough,71,143900,0.04933981931897151
E06000002,Middlesbrough,153,143900,0.1063238359972203
E06000002,Middlesbrough,179,143900,0.12439193884642112
E06000002,Middlesbrough,68,143900,0.0472550382209868
E06000002,Middlesbrough,16,143900,0.011118832522585128
E06000002,Middlesbrough,0,143900,0
E06000002,Middlesbrough,26,143900,0.018068102849200834
E06000002,Middlesbrough,38,143900,0.02640722724113968
E06000002,Middlesbrough,55,143900,0.03822098679638638
E06000002,Middlesbrough,11,143900,0.007644197359277276
E06000002,Middlesbrough,6,143900,0.004169562195969423
E06000002,Middlesbrough,0,143900,0
E06000002,Middlesbrough,24,143900,0.01667824878387769
E06000002,Middlesbrough,51,143900,0.035441278665740095
E06000002,Middlesbrough,65,143900,0.045170257123002086
E06000002,Middlesbrough,26,143900,0.018068102849200834
E06000002,Middlesbrough,5,143900,0.0034746351633078527
E06000002,Middlesbrough,0,143900,0
E06000002,Middlesbrough,20,143900,0.01389854065323141
E06000002,Middlesbrough,41,143900,0.02849200833912439
E06000002,Middlesbrough,37,143900,0.02571230020847811
E06000002,Middlesbrough,10,143900,0.006949270326615705
E06000002,Middlesbrough,2,143900,0.001389854065323141
E06000002,Middlesbrough,0,143900,0
E06000002,Middlesbrough,1718,143900,1.1938846421125782
E06000002,Middlesbrough,2071,143900,1.4391938846421126
E06000002,Middlesbrough,1945,143900,1.3516330785267547
E06000002,Middlesbrough,481,143900,0.33425990271021544
E06000002,Middlesbrough,224,143900,0.1556636553161918
E06000003,Redcar and Cleveland,0,136500,0
E06000003,Redcar and Cleveland,0,136500,0
E06000003,Redcar and Cleveland,0,136500,0
E06000003,Redcar and Cleveland,0,136500,0
E06000003,Redcar and Cleveland,0,136500,0
E06000003,Redcar and Cleveland,0,136500,0
E06000003,Redcar and Cleveland,0,136500,0
E06000003,Redcar and Cleveland,39944,136500,29.263003663003662
E06000003,Redcar and Cleveland,39125,136500,28.663003663003664
E06000003,Redcar and Cleveland,23370,136500,17.12087912087912
E06000003,Redcar and Cleveland,2621,136500,1.9201465201465202
E06000003,Redcar and Cleveland,413,136500,0.30256410256410254
E06000003,Redcar and Cleveland,0,136500,0
E06000003,Redcar and Cleveland,35,136500,0.02564102564102564
E06000003,Redcar and Cleveland,62,136500,0.04542124542124542
E06000003,Redcar and Cleveland,55,136500,0.040293040293040296
E06000003,Redcar and Cleveland,4,136500,0.0029304029304029304
E06000003,Redcar and Cleveland,0,136500,0
E06000003,Redcar and Cleveland,0,136500,0
E06000003,Redcar and Cleveland,16,136500,0.011721611721611722
E06000003,Redcar and Cleveland,33,136500,0.024175824175824177
E06000003,Redcar and Cleveland,28,136500,0.020512820512820513
E06000003,Redcar and Cleveland,0,136500,0
E06000003,Redcar and Cleveland,0,136500,0
E06000003,Redcar and Cleveland,0,136500,0
E06000003,Redcar and Cleveland,26,136500,0.01904761904761905
E06000003,Redcar and Cleveland,38,136500,0.02783882783882784
E06000003,Redcar and Cleveland,31,136500,0.02271062271062271
E06000003,Redcar and Cleveland,2,136500,0.0014652014652014652
E06000003,Redcar and Cleveland,0,136500,0
E06000003,Redcar and Cleveland,0,136500,0
E06000003,Redcar and Cleveland,14,136500,0.010256410256410256
E06000003,Redcar and Cleveland,23,136500,0.01684981684981685
E06000003,Redcar and Cleveland,23,136500,0.01684981684981685
E06000003,Redcar and Cleveland,4,136500,0.0029304029304029304
E06000003,Redcar and Cleveland,0,136500,0
E06000003,Redcar and Cleveland,0,136500,0
E06000003,Redcar and Cleveland,1812,136500,1.3274725274725274
E06000003,Redcar and Cleveland,2000,136500,1.465201465201465
E06000003,Redcar and Cleveland,1259,136500,0.9223443223443224
E06000003,Redcar and Cleveland,167,136500,0.12234432234432234
E06000003,Redcar and Cleveland,16,136500,0.011721611721611722
E06000004,Stockton-on-Tees,0,196600,0
E06000004,Stockton-on-Tees,0,196600,0
E06000004,Stockton-on-Tees,0,196600,0
E06000004,Stockton-on-Tees,0,196600,0
E06000004,Stockton-on-Tees,0,196600,0
E06000004,Stockton-on-Tees,0,196600,0
E06000004,Stockton-on-Tees,0,196600,0
E06000004,Stockton-on-Tees,60843,196600,30.94760935910478
E06000004,Stockton-on-Tees,52426,196600,26.666327568667345
E06000004,Stockton-on-Tees,29440,196600,14.974567650050865
E06000004,Stockton-on-Tees,4008,196600,2.0386571719226856
E06000004,Stockton-on-Tees,1040,196600,0.5289928789420142
E06000004,Stockton-on-Tees,0,196600,0
E06000004,Stockton-on-Tees,57,196600,0.02899287894201424
E06000004,Stockton-on-Tees,69,196600,0.035096642929806715
E06000004,Stockton-on-Tees,111,196600,0.056459816887080364
E06000004,Stockton-on-Tees,13,196600,0.006612410986775178
E06000004,Stockton-on-Tees,9,196600,0.004577822990844354
E06000004,Stockton-on-Tees,0,196600,0
E06000004,Stockton-on-Tees,19,196600,0.009664292980671414
E06000004,Stockton-on-Tees,40,196600,0.02034587995930824
E06000004,Stockton-on-Tees,50,196600,0.0254323499491353
E06000004,Stockton-on-Tees,11,196600,0.005595116988809766
E06000004,Stockton-on-Tees,1,196600,5.08646998982706e-4
E06000004,Stockton-on-Tees,0,196600,0
E06000004,Stockton-on-Tees,28,196600,0.014242115971515769
E06000004,Stockton-on-Tees,51,196600,0.025940996948118005
E06000004,Stockton-on-Tees,38,196600,0.019328585961342827
E06000004,Stockton-on-Tees,4,196600,0.002034587995930824
E06000004,Stockton-on-Tees,0,196600,0
E06000004,Stockton-on-Tees,0,196600,0
E06000004,Stockton-on-Tees,17,196600,0.008646998982706003
E06000004,Stockton-on-Tees,31,196600,0.015768056968463885
E06000004,Stockton-on-Tees,29,196600,0.014750762970498474
E06000004,Stockton-on-Tees,5,196600,0.00254323499491353
E06000004,Stockton-on-Tees,1,196600,5.08646998982706e-4
E06000004,Stockton-on-Tees,0,196600,0
E06000004,Stockton-on-Tees,2251,196600,1.1449643947100712
E06000004,Stockton-on-Tees,2221,196600,1.12970498474059
E06000004,Stockton-on-Tees,1698,196600,0.8636826042726348
E06000004,Stockton-on-Tees,279,196600,0.14191251271617497
E06000004,Stockton-on-Tees,423,196600,0.21515768056968465
E06000005,Darlington,0,107800,0
E06000005,Darlington,0,107800,0
E06000005,Darlington,0,107800,0
E06000005,Darlington,0,107800,0
E06000005,Darlington,0,107800,0
E06000005,Darlington,0,107800,0
E06000005,Darlington,0,107800,0
E06000005,Darlington,29826,107800,27.66790352504638
E06000005,Darlington,31345,107800,29.07699443413729
E06000005,Darlington,19207,107800,17.817254174397032
E06000005,Darlington,2280,107800,2.1150278293135436
E06000005,Darlington,335,107800,0.310760667903525
E06000005,Darlington,0,107800,0
E06000005,Darlington,21,107800,0.01948051948051948
E06000005,Darlington,54,107800,0.05009276437847866
E06000005,Darlington,62,107800,0.0575139146567718
E06000005,Darlington,10,107800,0.00927643784786642
E06000005,Darlington,0,107800,0
E06000005,Darlington,0,107800,0
E06000005,Darlington,20,107800,0.01855287569573284
E06000005,Darlington,29,107800,0.026901669758812616
E06000005,Darlington,26,107800,0.02411873840445269
E06000005,Darlington,8,107800,0.0074211502782931356
E06000005,Darlington,2,107800,0.0018552875695732839
E06000005,Darlington,0,107800,0
E06000005,Darlington,18,107800,0.016697588126159554
E06000005,Darlington,25,107800,0.023191094619666047
E06000005,Darlington,25,107800,0.023191094619666047
E06000005,Darlington,1,107800,9.276437847866419e-4
E06000005,Darlington,0,107800,0
E06000005,Darlington,0,107800,0
E06000005,Darlington,14,107800,0.012987012987012988
E06000005,Darlington,21,107800,0.01948051948051948
E06000005,Darlington,30,107800,0.027829313543599257
E06000005,Darlington,3,107800,0.0027829313543599257
E06000005,Darlington,0,107800,0
E06000005,Darlington,0,107800,0
E06000005,Darlington,1120,107800,1.0389610389610389
E06000005,Darlington,1407,107800,1.3051948051948052
E06000005,Darlington,1068,107800,0.9907235621521335
E06000005,Darlington,172,107800,0.15955473098330242
E06000005,Darlington,15,107800,0.013914656771799629
E06000006,Halton,0,128200,0
E06000006,Halton,0,128200,0
E06000006,Halton,0,128200,0
E06000006,Halton,0,128200,0
E06000006,Halton,0,128200,0
E06000006,Halton,0,128200,0
E06000006,Halton,0,128200,0
E06000006,Halton,35109,128200,27.386115444617786
E06000006,Halton,35792,128200,27.9188767550702
E06000006,Halton,24155,128200,18.841653666146644
E06000006,Halton,2984,128200,2.327613104524181
E06000006,Halton,443,128200,0.3455538221528861
E06000006,Halton,0,128200,0
E06000006,Halton,39,128200,0.030421216848673948
E06000006,Halton,56,128200,0.0436817472698908
E06000006,Halton,91,128200,0.07098283931357255
E06000006,Halton,4,128200,0.0031201248049922
E06000006,Halton,0,128200,0
E06000006,Halton,0,128200,0
E06000006,Halton,15,128200,0.01170046801872075
E06000006,Halton,26,128200,0.0202808112324493
E06000006,Halton,21,128200,0.01638065522620905
E06000006,Halton,0,128200,0
E06000006,Halton,0,128200,0
E06000006,Halton,0,128200,0
E06000006,Halton,19,128200,0.014820592823712949
E06000006,Halton,32,128200,0.0249609984399376
E06000006,Halton,24,128200,0.0187207488299532
E06000006,Halton,5,128200,0.0039001560062402497
E06000006,Halton,1,128200,7.8003120124805e-4
E06000006,Halton,0,128200,0
E06000006,Halton,15,128200,0.01170046801872075
E06000006,Halton,27,128200,0.02106084243369735
E06000006,Halton,14,128200,0.0109204368174727
E06000006,Halton,4,128200,0.0031201248049922
E06000006,Halton,0,128200,0
E06000006,Halton,0,128200,0
E06000006,Halton,1325,128200,1.033541341653666
E06000006,Halton,1564,128200,1.21996879875195
E06000006,Halton,1133,128200,0.8837753510140406
E06000006,Halton,169,128200,0.13182527301092042
E06000006,Halton,15,128200,0.01170046801872075
E06000007,Warrington,0,210900,0
E06000007,Warrington,0,210900,0
E06000007,Warrington,0,210900,0
E06000007,Warrington,0,210900,0
E06000007,Warrington,0,210900,0
E06000007,Warrington,0,210900,0
E06000007,Warrington,0,210900,0
E06000007,Warrington,64710,210900,30.682788051209105
E06000007,Warrington,56187,210900,26.64153627311522
E06000007,Warrington,35757,210900,16.95448079658606
E06000007,Warrington,4564,210900,2.164058795637743
E06000007,Warrington,667,210900,0.31626363205310576
E06000007,Warrington,0,210900,0
E06000007,Warrington,48,210900,0.02275960170697013
E06000007,Warrington,79,210900,0.03745851114272167
E06000007,Warrington,107,210900,0.05073494547178758
E06000007,Warrington,23,210900,0.010905642484589853
E06000007,Warrington,10,210900,0.00474158368895211
E06000007,Warrington,0,210900,0
E06000007,Warrington,28,210900,0.013276434329065908
E06000007,Warrington,42,210900,0.01991465149359886
E06000007,Warrington,55,210900,0.026078710289236605
E06000007,Warrington,11,210900,0.005215742057847321
E06000007,Warrington,0,210900,0
E06000007,Warrington,0,210900,0
E06000007,Warrington,22,210900,0.010431484115694643
E06000007,Warrington,47,210900,0.022285443338074917
E06000007,Warrington,68,210900,0.03224276908487435
E06000007,Warrington,14,210900,0.006638217164532954
E06000007,Warrington,3,210900,0.001422475106685633
E06000007,Warrington,0,210900,0
E06000007,Warrington,25,210900,0.011853959222380275
E06000007,Warrington,33,210900,0.015647226173541962
E06000007,Warrington,33,210900,0.015647226173541962
E06000007,Warrington,2,210900,9.48316737790422e-4
E06000007,Warrington,0,210900,0
E06000007,Warrington,0,210900,0
E06000007,Warrington,2395,210900,1.1356092935040303
E06000007,Warrington,2388,210900,1.132290184921764
E06000007,Warrington,1902,210900,0.9018492176386913
E06000007,Warrington,313,210900,0.14841156946420103
E06000007,Warrington,72,210900,0.034139402560455195
E06000008,Blackburn with Darwen,0,154800,0
E06000008,Blackburn with Darwen,0,154800,0
E06000008,Blackburn with Darwen,0,154800,0
E06000008,Blackburn with Darwen,0,154800,0
E06000008,Blackburn with Darwen,0,154800,0
E06000008,Blackburn with Darwen,0,154800,0
E06000008,Blackburn with Darwen,0,154800,0
E06000008,Blackburn with Darwen,27537,154800,17.78875968992248
E06000008,Blackburn with Darwen,38030,154800,24.5671834625323
E06000008,Blackburn with Darwen,31742,154800,20.50516795865633
E06000008,Blackburn with Darwen,8599,154800,5.554909560723514
E06000008,Blackburn with Darwen,2980,154800,1.925064599483204
E06000008,Blackburn with Darwen,0,154800,0
E06000008,Blackburn with Darwen,41,154800,0.02648578811369509
E06000008,Blackburn with Darwen,117,154800,0.0755813953488372
E06000008,Blackburn with Darwen,120,154800,0.07751937984496124
E06000008,Blackburn with Darwen,63,154800,0.040697674418604654
E06000008,Blackburn with Darwen,26,154800,0.016795865633074936
E06000008,Blackburn with Darwen,0,154800,0
E06000008,Blackburn with Darwen,12,154800,0.007751937984496124
E06000008,Blackburn with Darwen,38,154800,0.02454780361757106
E06000008,Blackburn with Darwen,37,154800,0.023901808785529714
E06000008,Blackburn with Darwen,10,154800,0.006459948320413436
E06000008,Blackburn with Darwen,0,154800,0
E06000008,Blackburn with Darwen,0,154800,0
E06000008,Blackburn with Darwen,20,154800,0.012919896640826873
E06000008,Blackburn with Darwen,40,154800,0.025839793281653745
E06000008,Blackburn with Darwen,44,154800,0.028423772609819122
E06000008,Blackburn with Darwen,11,154800,0.0071059431524547806
E06000008,Blackburn with Darwen,0,154800,0
E06000008,Blackburn with Darwen,0,154800,0
E06000008,Blackburn with Darwen,14,154800,0.00904392764857881
E06000008,Blackburn with Darwen,31,154800,0.020025839793281652
E06000008,Blackburn with Darwen,13,154800,0.008397932816537468
E06000008,Blackburn with Darwen,3,154800,0.001937984496124031
E06000008,Blackburn with Darwen,1,154800,6.459948320413437e-4
E06000008,Blackburn with Darwen,0,154800,0
E06000008,Blackburn with Darwen,1601,154800,1.0342377260981912
E06000008,Blackburn with Darwen,2697,154800,1.7422480620155039
E06000008,Blackburn with Darwen,2750,154800,1.776485788113695
E06000008,Blackburn with Darwen,1075,154800,0.6944444444444444
E06000008,Blackburn with Darwen,459,154800,0.29651162790697677
E06000009,Blackpool,0,141100,0
E06000009,Blackpool,0,141100,0
E06000009,Blackpool,0,141100,0
E06000009,Blackpool,0,141100,0
E06000009,Blackpool,0,141100,0
E06000009,Blackpool,0,141100,0
E06000009,Blackpool,0,141100,0
E06000009,Blackpool,33183,141100,23.517363571934798
E06000009,Blackpool,40031,141100,28.3706591070163
E06000009,Blackpool,30051,141100,21.297661233167965
E06000009,Blackpool,3470,141100,2.459248759744862
E06000009,Blackpool,506,141100,0.3586109142452162
E06000009,Blackpool,0,141100,0
E06000009,Blackpool,47,141100,0.03330970942593905
E06000009,Blackpool,95,141100,0.0673281360737066
E06000009,Blackpool,144,141100,0.10205527994330262
E06000009,Blackpool,22,141100,0.01559177888022679
E06000009,Blackpool,4,141100,0.002834868887313962
E06000009,Blackpool,0,141100,0
E06000009,Blackpool,29,141100,0.020552799433026223
E06000009,Blackpool,39,141100,0.027639971651311126
E06000009,Blackpool,47,141100,0.03330970942593905
E06000009,Blackpool,6,141100,0.004252303330970942
E06000009,Blackpool,0,141100,0
E06000009,Blackpool,0,141100,0
E06000009,Blackpool,26,141100,0.01842664776754075
E06000009,Blackpool,43,141100,0.03047484053862509
E06000009,Blackpool,59,141100,0.041814316087880936
E06000009,Blackpool,3,141100,0.002126151665485471
E06000009,Blackpool,0,141100,0
E06000009,Blackpool,0,141100,0
E06000009,Blackpool,16,141100,0.011339475549255847
E06000009,Blackpool,34,141100,0.024096385542168676
E06000009,Blackpool,44,141100,0.03118355776045358
E06000009,Blackpool,1,141100,7.087172218284905e-4
E06000009,Blackpool,0,141100,0
E06000009,Blackpool,0,141100,0
E06000009,Blackpool,1487,141100,1.0538625088589653
E06000009,Blackpool,1926,141100,1.3649893692416726
E06000009,Blackpool,1837,141100,1.301913536498937
E06000009,Blackpool,230,141100,0.1630049610205528
E06000009,Blackpool,45,141100,0.031892274982282066
E06000010,Kingston upon Hull,0,NA,NA
E06000010,Kingston upon Hull,0,NA,NA
E06000010,Kingston upon Hull,0,NA,NA
E06000010,Kingston upon Hull,0,NA,NA
E06000010,Kingston upon Hull,0,NA,NA
E06000010,Kingston upon Hull,0,NA,NA
E06000010,Kingston upon Hull,0,NA,NA
E06000010,Kingston upon Hull,49637,NA,NA
E06000010,Kingston upon Hull,73564,NA,NA
E06000010,Kingston upon Hull,59531,NA,NA
E06000010,Kingston upon Hull,9007,NA,NA
E06000010,Kingston upon Hull,1815,NA,NA
E06000010,Kingston upon Hull,0,NA,NA
E06000010,Kingston upon Hull,75,NA,NA
E06000010,Kingston upon Hull,165,NA,NA
E06000010,Kingston upon Hull,277,NA,NA
E06000010,Kingston upon Hull,67,NA,NA
E06000010,Kingston upon Hull,40,NA,NA
E06000010,Kingston upon Hull,0,NA,NA
E06000010,Kingston upon Hull,43,NA,NA
E06000010,Kingston upon Hull,72,NA,NA
E06000010,Kingston upon Hull,108,NA,NA
E06000010,Kingston upon Hull,10,NA,NA
E06000010,Kingston upon Hull,2,NA,NA
E06000010,Kingston upon Hull,0,NA,NA
E06000010,Kingston upon Hull,46,NA,NA
E06000010,Kingston upon Hull,79,NA,NA
E06000010,Kingston upon Hull,90,NA,NA
E06000010,Kingston upon Hull,18,NA,NA
E06000010,Kingston upon Hull,1,NA,NA
E06000010,Kingston upon Hull,0,NA,NA
E06000010,Kingston upon Hull,41,NA,NA
E06000010,Kingston upon Hull,88,NA,NA
E06000010,Kingston upon Hull,90,NA,NA
E06000010,Kingston upon Hull,12,NA,NA
E06000010,Kingston upon Hull,0,NA,NA
E06000010,Kingston upon Hull,0,NA,NA
E06000010,Kingston upon Hull,3278,NA,NA
E06000010,Kingston upon Hull,5342,NA,NA
E06000010,Kingston upon Hull,4624,NA,NA
E06000010,Kingston upon Hull,773,NA,NA
E06000010,Kingston upon Hull,426,NA,NA
E06000011,East Riding of Yorkshire,0,342200,0
E06000011,East Riding of Yorkshire,0,342200,0
E06000011,East Riding of Yorkshire,0,342200,0
E06000011,East Riding of Yorkshire,0,342200,0
E06000011,East Riding of Yorkshire,0,342200,0
E06000011,East Riding of Yorkshire,0,342200,0
E06000011,East Riding of Yorkshire,0,342200,0
E06000011,East Riding of Yorkshire,121177,342200,35.41116306253653
E06000011,East Riding of Yorkshire,95938,342200,28.035651665692576
E06000011,East Riding of Yorkshire,45392,342200,13.264757451782584
E06000011,East Riding of Yorkshire,4523,342200,1.3217416715371129
E06000011,East Riding of Yorkshire,601,342200,0.17562828755113968
E06000011,East Riding of Yorkshire,0,342200,0
E06000011,East Riding of Yorkshire,86,342200,0.025131502045587374
E06000011,East Riding of Yorkshire,126,342200,0.03682057276446522
E06000011,East Riding of Yorkshire,111,342200,0.03243717124488603
E06000011,East Riding of Yorkshire,17,342200,0.004967855055523086
E06000011,East Riding of Yorkshire,5,342200,0.0014611338398597311
E06000011,East Riding of Yorkshire,0,342200,0
E06000011,East Riding of Yorkshire,60,342200,0.017533606078316773
E06000011,East Riding of Yorkshire,54,342200,0.015780245470485097
E06000011,East Riding of Yorkshire,42,342200,0.012273524254821741
E06000011,East Riding of Yorkshire,4,342200,0.0011689070718877848
E06000011,East Riding of Yorkshire,0,342200,0
E06000011,East Riding of Yorkshire,0,342200,0
E06000011,East Riding of Yorkshire,42,342200,0.012273524254821741
E06000011,East Riding of Yorkshire,50,342200,0.014611338398597311
E06000011,East Riding of Yorkshire,53,342200,0.015488018702513151
E06000011,East Riding of Yorkshire,5,342200,0.0014611338398597311
E06000011,East Riding of Yorkshire,2,342200,5.844535359438924e-4
E06000011,East Riding of Yorkshire,0,342200,0
E06000011,East Riding of Yorkshire,40,342200,0.011689070718877849
E06000011,East Riding of Yorkshire,53,342200,0.015488018702513151
E06000011,East Riding of Yorkshire,46,342200,0.013442431326709527
E06000011,East Riding of Yorkshire,4,342200,0.0011689070718877848
E06000011,East Riding of Yorkshire,1,342200,2.922267679719462e-4
E06000011,East Riding of Yorkshire,0,342200,0
E06000011,East Riding of Yorkshire,5469,342200,1.598188194038574
E06000011,East Riding of Yorkshire,4965,342200,1.450905902980713
E06000011,East Riding of Yorkshire,2738,342200,0.8001168907071888
E06000011,East Riding of Yorkshire,338,342200,0.09877264757451783
E06000011,East Riding of Yorkshire,72,342200,0.02104032729398013
E06000012,North East Lincolnshire,0,156900,0
E06000012,North East Lincolnshire,0,156900,0
E06000012,North East Lincolnshire,0,156900,0
E06000012,North East Lincolnshire,0,156900,0
E06000012,North East Lincolnshire,0,156900,0
E06000012,North East Lincolnshire,0,156900,0
E06000012,North East Lincolnshire,0,156900,0
E06000012,North East Lincolnshire,46567,156900,29.679413639260677
E06000012,North East Lincolnshire,43293,156900,27.592734225621413
E06000012,North East Lincolnshire,25680,156900,16.367112810707457
E06000012,North East Lincolnshire,3004,156900,1.9145952836201403
E06000012,North East Lincolnshire,417,156900,0.26577437858508607
E06000012,North East Lincolnshire,0,156900,0
E06000012,North East Lincolnshire,76,156900,0.04843849585723391
E06000012,North East Lincolnshire,86,156900,0.05481198215423837
E06000012,North East Lincolnshire,97,156900,0.061822817080943275
E06000012,North East Lincolnshire,17,156900,0.010834926704907584
E06000012,North East Lincolnshire,0,156900,0
E06000012,North East Lincolnshire,0,156900,0
E06000012,North East Lincolnshire,29,156900,0.018483110261312937
E06000012,North East Lincolnshire,34,156900,0.021669853409815167
E06000012,North East Lincolnshire,36,156900,0.022944550669216062
E06000012,North East Lincolnshire,0,156900,0
E06000012,North East Lincolnshire,1,156900,6.373486297004461e-4
E06000012,North East Lincolnshire,0,156900,0
E06000012,North East Lincolnshire,32,156900,0.020395156150414276
E06000012,North East Lincolnshire,30,156900,0.019120458891013385
E06000012,North East Lincolnshire,41,156900,0.026131293817718292
E06000012,North East Lincolnshire,7,156900,0.004461440407903123
E06000012,North East Lincolnshire,2,156900,0.0012746972594008922
E06000012,North East Lincolnshire,0,156900,0
E06000012,North East Lincolnshire,15,156900,0.009560229445506692
E06000012,North East Lincolnshire,34,156900,0.021669853409815167
E06000012,North East Lincolnshire,26,156900,0.0165710643722116
E06000012,North East Lincolnshire,2,156900,0.0012746972594008922
E06000012,North East Lincolnshire,0,156900,0
E06000012,North East Lincolnshire,0,156900,0
E06000012,North East Lincolnshire,2215,156900,1.411727214786488
E06000012,North East Lincolnshire,2330,156900,1.4850223072020394
E06000012,North East Lincolnshire,1643,156900,1.047163798597833
E06000012,North East Lincolnshire,258,156900,0.16443594646271512
E06000012,North East Lincolnshire,48,156900,0.030592734225621414
E06000013,North Lincolnshire,0,169700,0
E06000013,North Lincolnshire,0,169700,0
E06000013,North Lincolnshire,0,169700,0
E06000013,North Lincolnshire,0,169700,0
E06000013,North Lincolnshire,0,169700,0
E06000013,North Lincolnshire,0,169700,0
E06000013,North Lincolnshire,0,169700,0
E06000013,North Lincolnshire,53640,169700,31.608721272834412
E06000013,North Lincolnshire,45924,169700,27.061873895109017
E06000013,North Lincolnshire,25795,169700,15.20035356511491
E06000013,North Lincolnshire,3524,169700,2.0766057748968767
E06000013,North Lincolnshire,853,169700,0.502651738361815
E06000013,North Lincolnshire,0,169700,0
E06000013,North Lincolnshire,76,169700,0.04478491455509723
E06000013,North Lincolnshire,111,169700,0.06540954625810254
E06000013,North Lincolnshire,126,169700,0.07424867413081909
E06000013,North Lincolnshire,45,169700,0.026517383618149676
E06000013,North Lincolnshire,65,169700,0.03830288744843842
E06000013,North Lincolnshire,0,169700,0
E06000013,North Lincolnshire,23,169700,0.013553329404832056
E06000013,North Lincolnshire,28,169700,0.016499705362404242
E06000013,North Lincolnshire,35,169700,0.020624631703005304
E06000013,North Lincolnshire,12,169700,0.007071302298173247
E06000013,North Lincolnshire,6,169700,0.0035356511490866236
E06000013,North Lincolnshire,0,169700,0
E06000013,North Lincolnshire,14,169700,0.008249852681202121
E06000013,North Lincolnshire,42,169700,0.024749558043606363
E06000013,North Lincolnshire,31,169700,0.018267530936947555
E06000013,North Lincolnshire,20,169700,0.011785503830288745
E06000013,North Lincolnshire,9,169700,0.005303476723629935
E06000013,North Lincolnshire,0,169700,0
E06000013,North Lincolnshire,21,169700,0.012374779021803181
E06000013,North Lincolnshire,26,169700,0.015321154979375369
E06000013,North Lincolnshire,22,169700,0.01296405421331762
E06000013,North Lincolnshire,8,169700,0.004714201532115498
E06000013,North Lincolnshire,6,169700,0.0035356511490866236
E06000013,North Lincolnshire,0,169700,0
E06000013,North Lincolnshire,2540,169700,1.4967589864466706
E06000013,North Lincolnshire,2635,169700,1.552740129640542
E06000013,North Lincolnshire,1751,169700,1.0318208603417796
E06000013,North Lincolnshire,302,169700,0.17796110783736005
E06000013,North Lincolnshire,116,169700,0.06835592221567471
E06000014,York,0,202800,0
E06000014,York,0,202800,0
E06000014,York,0,202800,0
E06000014,York,0,202800,0
E06000014,York,0,202800,0
E06000014,York,0,202800,0
E06000014,York,0,202800,0
E06000014,York,57987,202800,28.59319526627219
E06000014,York,54438,202800,26.84319526627219
E06000014,York,35643,202800,17.575443786982248
E06000014,York,3524,202800,1.73767258382643
E06000014,York,520,202800,0.2564102564102564
E06000014,York,0,202800,0
E06000014,York,45,202800,0.022189349112426034
E06000014,York,69,202800,0.034023668639053255
E06000014,York,95,202800,0.04684418145956608
E06000014,York,6,202800,0.0029585798816568047
E06000014,York,3,202800,0.0014792899408284023
E06000014,York,0,202800,0
E06000014,York,30,202800,0.014792899408284023
E06000014,York,49,202800,0.024161735700197237
E06000014,York,52,202800,0.02564102564102564
E06000014,York,6,202800,0.0029585798816568047
E06000014,York,3,202800,0.0014792899408284023
E06000014,York,0,202800,0
E06000014,York,29,202800,0.014299802761341223
E06000014,York,47,202800,0.023175542406311637
E06000014,York,48,202800,0.023668639053254437
E06000014,York,4,202800,0.0019723865877712033
E06000014,York,0,202800,0
E06000014,York,0,202800,0
E06000014,York,70,202800,0.03451676528599606
E06000014,York,155,202800,0.07642998027613412
E06000014,York,158,202800,0.07790927021696252
E06000014,York,9,202800,0.004437869822485207
E06000014,York,2,202800,9.861932938856016e-4
E06000014,York,0,202800,0
E06000014,York,2672,202800,1.3175542406311638
E06000014,York,2737,202800,1.3496055226824457
E06000014,York,2158,202800,1.064102564102564
E06000014,York,306,202800,0.15088757396449703
E06000014,York,51,202800,0.02514792899408284
E06000015,Derby,0,261400,0
E06000015,Derby,0,261400,0
E06000015,Derby,0,261400,0
E06000015,Derby,0,261400,0
E06000015,Derby,0,261400,0
E06000015,Derby,0,261400,0
E06000015,Derby,0,261400,0
E06000015,Derby,58271,261400,22.291889824024484
E06000015,Derby,63111,261400,24.143458301453713
E06000015,Derby,50819,261400,19.441086457536343
E06000015,Derby,10577,261400,4.046289211935731
E06000015,Derby,5575,261400,2.1327467482785005
E06000015,Derby,0,261400,0
E06000015,Derby,85,261400,0.032517214996174444
E06000015,Derby,210,261400,0.08033664881407804
E06000015,Derby,214,261400,0.08186687069625095
E06000015,Derby,129,261400,0.04934965570007651
E06000015,Derby,403,261400,0.1541698546289212
E06000015,Derby,0,261400,0
E06000015,Derby,57,261400,0.02180566182096404
E06000015,Derby,74,261400,0.028309104820198928
E06000015,Derby,73,261400,0.0279265493496557
E06000015,Derby,14,261400,0.005355776587605203
E06000015,Derby,10,261400,0.0038255547054322878
E06000015,Derby,0,261400,0
E06000015,Derby,32,261400,0.01224177505738332
E06000015,Derby,66,261400,0.0252486610558531
E06000015,Derby,87,261400,0.0332823259372609
E06000015,Derby,18,261400,0.006885998469778117
E06000015,Derby,17,261400,0.006503442999234889
E06000015,Derby,0,261400,0
E06000015,Derby,34,261400,0.013006885998469778
E06000015,Derby,82,261400,0.03136954858454476
E06000015,Derby,89,261400,0.03404743687834736
E06000015,Derby,18,261400,0.006885998469778117
E06000015,Derby,0,261400,0
E06000015,Derby,0,261400,0
E06000015,Derby,3514,261400,1.344299923488906
E06000015,Derby,4486,261400,1.7161438408569243
E06000015,Derby,4381,261400,1.6759755164498853
E06000015,Derby,1133,261400,0.4334353481254782
E06000015,Derby,1230,261400,0.4705432287681714
E06000016,Leicester,0,368600,0
E06000016,Leicester,0,368600,0
E06000016,Leicester,0,368600,0
E06000016,Leicester,0,368600,0
E06000016,Leicester,0,368600,0
E06000016,Leicester,0,368600,0
E06000016,Leicester,0,368600,0
E06000016,Leicester,49152,368600,13.334780249593054
E06000016,Leicester,66797,368600,18.1218122626153
E06000016,Leicester,83921,368600,22.767498643516006
E06000016,Leicester,31354,368600,8.506239826370049
E06000016,Leicester,18433,368600,5.000813890396094
E06000016,Leicester,0,368600,0
E06000016,Leicester,164,368600,0.04449267498643516
E06000016,Leicester,302,368600,0.08193163320672817
E06000016,Leicester,600,368600,0.16277807921866522
E06000016,Leicester,297,368600,0.08057514921323929
E06000016,Leicester,262,368600,0.07107976125881714
E06000016,Leicester,0,368600,0
E06000016,Leicester,49,368600,0.013293543136190992
E06000016,Leicester,105,368600,0.028486163863266415
E06000016,Leicester,178,368600,0.04829083016820401
E06000016,Leicester,60,368600,0.016277807921866522
E06000016,Leicester,33,368600,0.008952794357026587
E06000016,Leicester,0,368600,0
E06000016,Leicester,55,368600,0.014921323928377646
E06000016,Leicester,104,368600,0.02821486706456864
E06000016,Leicester,195,368600,0.0529028757460662
E06000016,Leicester,70,368600,0.018990775908844276
E06000016,Leicester,48,368600,0.013022246337493217
E06000016,Leicester,0,368600,0
E06000016,Leicester,37,368600,0.010037981551817688
E06000016,Leicester,91,368600,0.024688008681497557
E06000016,Leicester,115,368600,0.031199131850244168
E06000016,Leicester,18,368600,0.0048833423765599565
E06000016,Leicester,10,368600,0.0027129679869777536
E06000016,Leicester,0,368600,0
E06000016,Leicester,4482,368600,1.2159522517634291
E06000016,Leicester,6281,368600,1.704015192620727
E06000016,Leicester,8705,368600,2.3616386326641345
E06000016,Leicester,3607,368600,0.9785675529028758
E06000016,Leicester,2348,368600,0.6370048833423766
E06000017,Rutland,0,41000,0
E06000017,Rutland,0,41000,0
E06000017,Rutland,0,41000,0
E06000017,Rutland,0,41000,0
E06000017,Rutland,0,41000,0
E06000017,Rutland,0,41000,0
E06000017,Rutland,0,41000,0
E06000017,Rutland,15927,41000,38.84634146341463
E06000017,Rutland,9180,41000,22.390243902439025
E06000017,Rutland,4250,41000,10.365853658536585
E06000017,Rutland,414,41000,1.0097560975609756
E06000017,Rutland,58,41000,0.14146341463414633
E06000017,Rutland,0,41000,0
E06000017,Rutland,12,41000,0.02926829268292683
E06000017,Rutland,8,41000,0.01951219512195122
E06000017,Rutland,3,41000,0.007317073170731708
E06000017,Rutland,0,41000,0
E06000017,Rutland,0,41000,0
E06000017,Rutland,0,41000,0
E06000017,Rutland,5,41000,0.012195121951219513
E06000017,Rutland,6,41000,0.014634146341463415
E06000017,Rutland,2,41000,0.004878048780487805
E06000017,Rutland,0,41000,0
E06000017,Rutland,0,41000,0
E06000017,Rutland,0,41000,0
E06000017,Rutland,3,41000,0.007317073170731708
E06000017,Rutland,2,41000,0.004878048780487805
E06000017,Rutland,5,41000,0.012195121951219513
E06000017,Rutland,1,41000,0.0024390243902439024
E06000017,Rutland,0,41000,0
E06000017,Rutland,0,41000,0
E06000017,Rutland,2,41000,0.004878048780487805
E06000017,Rutland,6,41000,0.014634146341463415
E06000017,Rutland,6,41000,0.014634146341463415
E06000017,Rutland,1,41000,0.0024390243902439024
E06000017,Rutland,0,41000,0
E06000017,Rutland,0,41000,0
E06000017,Rutland,660,41000,1.6097560975609757
E06000017,Rutland,445,41000,1.0853658536585367
E06000017,Rutland,247,41000,0.6024390243902439
E06000017,Rutland,13,41000,0.03170731707317073
E06000017,Rutland,18,41000,0.04390243902439024
E06000018,Nottingham,0,323700,0
E06000018,Nottingham,0,323700,0
E06000018,Nottingham,0,323700,0
E06000018,Nottingham,0,323700,0
E06000018,Nottingham,0,323700,0
E06000018,Nottingham,0,323700,0
E06000018,Nottingham,0,323700,0
E06000018,Nottingham,56881,323700,17.572134692616622
E06000018,Nottingham,71358,323700,22.04448563484708
E06000018,Nottingham,72109,323700,22.276490577695398
E06000018,Nottingham,15695,323700,4.848625270312017
E06000018,Nottingham,5585,323700,1.7253629904232315
E06000018,Nottingham,0,323700,0
E06000018,Nottingham,132,323700,0.04077849860982391
E06000018,Nottingham,258,323700,0.07970342910101946
E06000018,Nottingham,422,323700,0.13036762434352797
E06000018,Nottingham,136,323700,0.04201421068890948
E06000018,Nottingham,39,323700,0.012048192771084338
E06000018,Nottingham,0,323700,0
E06000018,Nottingham,70,323700,0.02162496138399753
E06000018,Nottingham,93,323700,0.028730305838739572
E06000018,Nottingham,133,323700,0.0410874266295953
E06000018,Nottingham,39,323700,0.012048192771084338
E06000018,Nottingham,13,323700,0.004016064257028112
E06000018,Nottingham,0,323700,0
E06000018,Nottingham,55,323700,0.01699104108742663
E06000018,Nottingham,110,323700,0.03398208217485326
E06000018,Nottingham,142,323700,0.043867778807537845
E06000018,Nottingham,37,323700,0.01143033673154155
E06000018,Nottingham,14,323700,0.004324992276799506
E06000018,Nottingham,0,323700,0
E06000018,Nottingham,102,323700,0.03151065801668211
E06000018,Nottingham,159,323700,0.04911955514365153
E06000018,Nottingham,153,323700,0.047265987025023166
E06000018,Nottingham,17,323700,0.005251776336113685
E06000018,Nottingham,6,323700,0.0018535681186283596
E06000018,Nottingham,0,323700,0
E06000018,Nottingham,4599,323700,1.4207599629286376
E06000018,Nottingham,5112,323700,1.5792400370713624
E06000018,Nottingham,5938,323700,1.8344145814025332
E06000018,Nottingham,1695,323700,0.5236329935125116
E06000018,Nottingham,756,323700,0.23354958294717332
E06000019,Herefordshire,0,NA,NA
E06000019,Herefordshire,0,NA,NA
E06000019,Herefordshire,0,NA,NA
E06000019,Herefordshire,0,NA,NA
E06000019,Herefordshire,0,NA,NA
E06000019,Herefordshire,0,NA,NA
E06000019,Herefordshire,0,NA,NA
E06000019,Herefordshire,64626,NA,NA
E06000019,Herefordshire,46216,NA,NA
E06000019,Herefordshire,30002,NA,NA
E06000019,Herefordshire,3371,NA,NA
E06000019,Herefordshire,538,NA,NA
E06000019,Herefordshire,0,NA,NA
E06000019,Herefordshire,48,NA,NA
E06000019,Herefordshire,74,NA,NA
E06000019,Herefordshire,78,NA,NA
E06000019,Herefordshire,14,NA,NA
E06000019,Herefordshire,7,NA,NA
E06000019,Herefordshire,0,NA,NA
E06000019,Herefordshire,26,NA,NA
E06000019,Herefordshire,39,NA,NA
E06000019,Herefordshire,25,NA,NA
E06000019,Herefordshire,5,NA,NA
E06000019,Herefordshire,5,NA,NA
E06000019,Herefordshire,0,NA,NA
E06000019,Herefordshire,23,NA,NA
E06000019,Herefordshire,30,NA,NA
E06000019,Herefordshire,35,NA,NA
E06000019,Herefordshire,6,NA,NA
E06000019,Herefordshire,7,NA,NA
E06000019,Herefordshire,0,NA,NA
E06000019,Herefordshire,29,NA,NA
E06000019,Herefordshire,35,NA,NA
E06000019,Herefordshire,37,NA,NA
E06000019,Herefordshire,7,NA,NA
E06000019,Herefordshire,0,NA,NA
E06000019,Herefordshire,0,NA,NA
E06000019,Herefordshire,3675,NA,NA
E06000019,Herefordshire,3044,NA,NA
E06000019,Herefordshire,2445,NA,NA
E06000019,Herefordshire,332,NA,NA
E06000019,Herefordshire,62,NA,NA
E06000020,Telford and Wrekin,0,185600,0
E06000020,Telford and Wrekin,0,185600,0
E06000020,Telford and Wrekin,0,185600,0
E06000020,Telford and Wrekin,0,185600,0
E06000020,Telford and Wrekin,0,185600,0
E06000020,Telford and Wrekin,0,185600,0
E06000020,Telford and Wrekin,0,185600,0
E06000020,Telford and Wrekin,52529,185600,28.302262931034484
E06000020,Telford and Wrekin,48661,185600,26.21821120689655
E06000020,Telford and Wrekin,31341,185600,16.886314655172413
E06000020,Telford and Wrekin,4609,185600,2.4832974137931036
E06000020,Telford and Wrekin,988,185600,0.5323275862068966
E06000020,Telford and Wrekin,0,185600,0
E06000020,Telford and Wrekin,77,185600,0.041487068965517244
E06000020,Telford and Wrekin,110,185600,0.059267241379310345
E06000020,Telford and Wrekin,107,185600,0.05765086206896552
E06000020,Telford and Wrekin,22,185600,0.011853448275862068
E06000020,Telford and Wrekin,39,185600,0.02101293103448276
E06000020,Telford and Wrekin,0,185600,0
E06000020,Telford and Wrekin,31,185600,0.01670258620689655
E06000020,Telford and Wrekin,38,185600,0.020474137931034482
E06000020,Telford and Wrekin,39,185600,0.02101293103448276
E06000020,Telford and Wrekin,8,185600,0.004310344827586207
E06000020,Telford and Wrekin,2,185600,0.0010775862068965517
E06000020,Telford and Wrekin,0,185600,0
E06000020,Telford and Wrekin,35,185600,0.018857758620689655
E06000020,Telford and Wrekin,49,185600,0.026400862068965518
E06000020,Telford and Wrekin,39,185600,0.02101293103448276
E06000020,Telford and Wrekin,11,185600,0.005926724137931034
E06000020,Telford and Wrekin,10,185600,0.005387931034482759
E06000020,Telford and Wrekin,0,185600,0
E06000020,Telford and Wrekin,21,185600,0.011314655172413793
E06000020,Telford and Wrekin,38,185600,0.020474137931034482
E06000020,Telford and Wrekin,36,185600,0.01939655172413793
E06000020,Telford and Wrekin,1,185600,5.387931034482759e-4
E06000020,Telford and Wrekin,1,185600,5.387931034482759e-4
E06000020,Telford and Wrekin,0,185600,0
E06000020,Telford and Wrekin,2552,185600,1.375
E06000020,Telford and Wrekin,2771,185600,1.4929956896551724
E06000020,Telford and Wrekin,2110,185600,1.136853448275862
E06000020,Telford and Wrekin,418,185600,0.2252155172413793
E06000020,Telford and Wrekin,156,185600,0.08405172413793104
E06000021,Stoke-on-Trent,0,258400,0
E06000021,Stoke-on-Trent,0,258400,0
E06000021,Stoke-on-Trent,0,258400,0
E06000021,Stoke-on-Trent,0,258400,0
E06000021,Stoke-on-Trent,0,258400,0
E06000021,Stoke-on-Trent,0,258400,0
E06000021,Stoke-on-Trent,0,258400,0
E06000021,Stoke-on-Trent,47553,258400,18.402863777089784
E06000021,Stoke-on-Trent,71528,258400,27.681114551083592
E06000021,Stoke-on-Trent,55769,258400,21.582430340557277
E06000021,Stoke-on-Trent,10422,258400,4.03328173374613
E06000021,Stoke-on-Trent,2373,258400,0.9183436532507739
E06000021,Stoke-on-Trent,0,258400,0
E06000021,Stoke-on-Trent,82,258400,0.03173374613003096
E06000021,Stoke-on-Trent,174,258400,0.0673374613003096
E06000021,Stoke-on-Trent,265,258400,0.10255417956656347
E06000021,Stoke-on-Trent,73,258400,0.02825077399380805
E06000021,Stoke-on-Trent,19,258400,0.007352941176470588
E06000021,Stoke-on-Trent,0,258400,0
E06000021,Stoke-on-Trent,68,258400,0.02631578947368421
E06000021,Stoke-on-Trent,93,258400,0.035990712074303405
E06000021,Stoke-on-Trent,81,258400,0.03134674922600619
E06000021,Stoke-on-Trent,28,258400,0.010835913312693499
E06000021,Stoke-on-Trent,9,258400,0.00348297213622291
E06000021,Stoke-on-Trent,0,258400,0
E06000021,Stoke-on-Trent,70,258400,0.027089783281733747
E06000021,Stoke-on-Trent,121,258400,0.046826625386996903
E06000021,Stoke-on-Trent,108,258400,0.04179566563467492
E06000021,Stoke-on-Trent,27,258400,0.01044891640866873
E06000021,Stoke-on-Trent,7,258400,0.0027089783281733747
E06000021,Stoke-on-Trent,0,258400,0
E06000021,Stoke-on-Trent,31,258400,0.011996904024767802
E06000021,Stoke-on-Trent,96,258400,0.03715170278637771
E06000021,Stoke-on-Trent,71,258400,0.027476780185758515
E06000021,Stoke-on-Trent,6,258400,0.0023219814241486067
E06000021,Stoke-on-Trent,4,258400,0.0015479876160990713
E06000021,Stoke-on-Trent,0,258400,0
E06000021,Stoke-on-Trent,2781,258400,1.0762383900928794
E06000021,Stoke-on-Trent,4846,258400,1.8753869969040247
E06000021,Stoke-on-Trent,4333,258400,1.6768575851393188
E06000021,Stoke-on-Trent,941,258400,0.3641640866873065
E06000021,Stoke-on-Trent,403,258400,0.15595975232198142
E06000022,Bath and North East Somerset,0,193400,0
E06000022,Bath and North East Somerset,0,193400,0
E06000022,Bath and North East Somerset,0,193400,0
E06000022,Bath and North East Somerset,0,193400,0
E06000022,Bath and North East Somerset,0,193400,0
E06000022,Bath and North East Somerset,0,193400,0
E06000022,Bath and North East Somerset,0,193400,0
E06000022,Bath and North East Somerset,57940,193400,29.958634953464323
E06000022,Bath and North East Somerset,46858,193400,24.228541882109617
E06000022,Bath and North East Somerset,35794,193400,18.50775594622544
E06000022,Bath and North East Somerset,3961,193400,2.0480868665977248
E06000022,Bath and North East Somerset,585,193400,0.30248190279214066
E06000022,Bath and North East Somerset,0,193400,0
E06000022,Bath and North East Somerset,36,193400,0.01861427094105481
E06000022,Bath and North East Somerset,56,193400,0.028955532574974147
E06000022,Bath and North East Somerset,73,193400,0.037745604963805586
E06000022,Bath and North East Somerset,11,193400,0.005687693898655636
E06000022,Bath and North East Somerset,1,193400,5.17063081695967e-4
E06000022,Bath and North East Somerset,0,193400,0
E06000022,Bath and North East Somerset,33,193400,0.017063081695966906
E06000022,Bath and North East Somerset,38,193400,0.01964839710444674
E06000022,Bath and North East Somerset,49,193400,0.025336091003102378
E06000022,Bath and North East Somerset,6,193400,0.0031023784901758012
E06000022,Bath and North East Somerset,1,193400,5.17063081695967e-4
E06000022,Bath and North East Somerset,0,193400,0
E06000022,Bath and North East Somerset,38,193400,0.01964839710444674
E06000022,Bath and North East Somerset,20,193400,0.010341261633919338
E06000022,Bath and North East Somerset,58,193400,0.02998965873836608
E06000022,Bath and North East Somerset,6,193400,0.0031023784901758012
E06000022,Bath and North East Somerset,5,193400,0.0025853154084798345
E06000022,Bath and North East Somerset,0,193400,0
E06000022,Bath and North East Somerset,47,193400,0.024301964839710446
E06000022,Bath and North East Somerset,71,193400,0.03671147880041365
E06000022,Bath and North East Somerset,108,193400,0.055842812823164424
E06000022,Bath and North East Somerset,8,193400,0.004136504653567736
E06000022,Bath and North East Somerset,3,193400,0.0015511892450879006
E06000022,Bath and North East Somerset,0,193400,0
E06000022,Bath and North East Somerset,2670,193400,1.3805584281282317
E06000022,Bath and North East Somerset,2657,193400,1.3738366080661841
E06000022,Bath and North East Somerset,2390,193400,1.235780765253361
E06000022,Bath and North East Somerset,385,193400,0.19906928645294725
E06000022,Bath and North East Somerset,85,193400,0.04395036194415719
E06000023,Bristol,0,NA,NA
E06000023,Bristol,0,NA,NA
E06000023,Bristol,0,NA,NA
E06000023,Bristol,0,NA,NA
E06000023,Bristol,0,NA,NA
E06000023,Bristol,0,NA,NA
E06000023,Bristol,0,NA,NA
E06000023,Bristol,92745,NA,NA
E06000023,Bristol,111238,NA,NA
E06000023,Bristol,118777,NA,NA
E06000023,Bristol,19714,NA,NA
E06000023,Bristol,5903,NA,NA
E06000023,Bristol,0,NA,NA
E06000023,Bristol,138,NA,NA
E06000023,Bristol,229,NA,NA
E06000023,Bristol,487,NA,NA
E06000023,Bristol,203,NA,NA
E06000023,Bristol,72,NA,NA
E06000023,Bristol,0,NA,NA
E06000023,Bristol,60,NA,NA
E06000023,Bristol,103,NA,NA
E06000023,Bristol,221,NA,NA
E06000023,Bristol,39,NA,NA
E06000023,Bristol,15,NA,NA
E06000023,Bristol,0,NA,NA
E06000023,Bristol,54,NA,NA
E06000023,Bristol,121,NA,NA
E06000023,Bristol,181,NA,NA
E06000023,Bristol,38,NA,NA
E06000023,Bristol,21,NA,NA
E06000023,Bristol,0,NA,NA
E06000023,Bristol,139,NA,NA
E06000023,Bristol,340,NA,NA
E06000023,Bristol,541,NA,NA
E06000023,Bristol,45,NA,NA
E06000023,Bristol,18,NA,NA
E06000023,Bristol,0,NA,NA
E06000023,Bristol,5250,NA,NA
E06000023,Bristol,6887,NA,NA
E06000023,Bristol,8791,NA,NA
E06000023,Bristol,1974,NA,NA
E06000023,Bristol,951,NA,NA
E06000024,North Somerset,0,216700,0
E06000024,North Somerset,0,216700,0
E06000024,North Somerset,0,216700,0
E06000024,North Somerset,0,216700,0
E06000024,North Somerset,0,216700,0
E06000024,North Somerset,0,216700,0
E06000024,North Somerset,0,216700,0
E06000024,North Somerset,71180,216700,32.84725426857406
E06000024,North Somerset,57044,216700,26.323950161513615
E06000024,North Somerset,34183,216700,15.774342408860175
E06000024,North Somerset,3781,216700,1.7448084910013844
E06000024,North Somerset,568,216700,0.2621135209967697
E06000024,North Somerset,0,216700,0
E06000024,North Somerset,47,216700,0.02168897092754961
E06000024,North Somerset,62,216700,0.02861098292570374
E06000024,North Somerset,54,216700,0.024919243193354867
E06000024,North Somerset,18,216700,0.008306414397784956
E06000024,North Somerset,1,216700,4.6146746654360867e-4
E06000024,North Somerset,0,216700,0
E06000024,North Somerset,38,216700,0.01753576372865713
E06000024,North Somerset,42,216700,0.019381633594831565
E06000024,North Somerset,40,216700,0.018458698661744346
E06000024,North Somerset,4,216700,0.0018458698661744347
E06000024,North Somerset,2,216700,9.229349330872173e-4
E06000024,North Somerset,0,216700,0
E06000024,North Somerset,33,216700,0.015228426395939087
E06000024,North Somerset,46,216700,0.021227503461006
E06000024,North Somerset,44,216700,0.02030456852791878
E06000024,North Somerset,10,216700,0.0046146746654360865
E06000024,North Somerset,2,216700,9.229349330872173e-4
E06000024,North Somerset,0,216700,0
E06000024,North Somerset,33,216700,0.015228426395939087
E06000024,North Somerset,57,216700,0.026303645592985696
E06000024,North Somerset,57,216700,0.026303645592985696
E06000024,North Somerset,5,216700,0.0023073373327180432
E06000024,North Somerset,0,216700,0
E06000024,North Somerset,0,216700,0
E06000024,North Somerset,3121,216700,1.4402399630826026
E06000024,North Somerset,3089,216700,1.425473004153207
E06000024,North Somerset,2231,216700,1.029533917858791
E06000024,North Somerset,287,216700,0.1324411628980157
E06000024,North Somerset,83,216700,0.03830179972311952
E06000025,South Gloucestershire,0,290400,0
E06000025,South Gloucestershire,0,290400,0
E06000025,South Gloucestershire,0,290400,0
E06000025,South Gloucestershire,0,290400,0
E06000025,South Gloucestershire,0,290400,0
E06000025,South Gloucestershire,0,290400,0
E06000025,South Gloucestershire,0,290400,0
E06000025,South Gloucestershire,91050,290400,31.35330578512397
E06000025,South Gloucestershire,73946,290400,25.463498622589533
E06000025,South Gloucestershire,47752,290400,16.443526170798897
E06000025,South Gloucestershire,6155,290400,2.119490358126722
E06000025,South Gloucestershire,1109,290400,0.3818870523415978
E06000025,South Gloucestershire,0,290400,0
E06000025,South Gloucestershire,76,290400,0.026170798898071626
E06000025,South Gloucestershire,84,290400,0.028925619834710745
E06000025,South Gloucestershire,107,290400,0.03684573002754821
E06000025,South Gloucestershire,31,290400,0.010674931129476584
E06000025,South Gloucestershire,12,290400,0.004132231404958678
E06000025,South Gloucestershire,0,290400,0
E06000025,South Gloucestershire,40,290400,0.013774104683195593
E06000025,South Gloucestershire,60,290400,0.02066115702479339
E06000025,South Gloucestershire,53,290400,0.01825068870523416
E06000025,South Gloucestershire,9,290400,0.0030991735537190084
E06000025,South Gloucestershire,1,290400,3.443526170798898e-4
E06000025,South Gloucestershire,0,290400,0
E06000025,South Gloucestershire,30,290400,0.010330578512396695
E06000025,South Gloucestershire,58,290400,0.01997245179063361
E06000025,South Gloucestershire,61,290400,0.02100550964187328
E06000025,South Gloucestershire,16,290400,0.005509641873278237
E06000025,South Gloucestershire,2,290400,6.887052341597796e-4
E06000025,South Gloucestershire,0,290400,0
E06000025,South Gloucestershire,48,290400,0.01652892561983471
E06000025,South Gloucestershire,84,290400,0.028925619834710745
E06000025,South Gloucestershire,72,290400,0.024793388429752067
E06000025,South Gloucestershire,15,290400,0.005165289256198347
E06000025,South Gloucestershire,2,290400,6.887052341597796e-4
E06000025,South Gloucestershire,0,290400,0
E06000025,South Gloucestershire,4042,290400,1.3918732782369145
E06000025,South Gloucestershire,3539,290400,1.21866391184573
E06000025,South Gloucestershire,2897,290400,0.9975895316804407
E06000025,South Gloucestershire,484,290400,0.16666666666666666
E06000025,South Gloucestershire,148,290400,0.05096418732782369
E06000026,Plymouth,0,264700,0
E06000026,Plymouth,0,264700,0
E06000026,Plymouth,0,264700,0
E06000026,Plymouth,0,264700,0
E06000026,Plymouth,0,264700,0
E06000026,Plymouth,0,264700,0
E06000026,Plymouth,0,264700,0
E06000026,Plymouth,62430,264700,23.585190782017378
E06000026,Plymouth,71307,264700,26.93879863996978
E06000026,Plymouth,58429,264700,22.07366830374008
E06000026,Plymouth,6799,264700,2.568568190404231
E06000026,Plymouth,936,264700,0.35360785795239896
E06000026,Plymouth,0,264700,0
E06000026,Plymouth,60,264700,0.022667170381564034
E06000026,Plymouth,111,264700,0.04193426520589347
E06000026,Plymouth,195,264700,0.07366830374008311
E06000026,Plymouth,28,264700,0.010578012844729883
E06000026,Plymouth,6,264700,0.0022667170381564035
E06000026,Plymouth,0,264700,0
E06000026,Plymouth,33,264700,0.012466943709860219
E06000026,Plymouth,54,264700,0.02040045334340763
E06000026,Plymouth,91,264700,0.03437854174537212
E06000026,Plymouth,12,264700,0.004533434076312807
E06000026,Plymouth,1,264700,3.7778617302606723e-4
E06000026,Plymouth,0,264700,0
E06000026,Plymouth,37,264700,0.013978088401964487
E06000026,Plymouth,69,264700,0.02606724593879864
E06000026,Plymouth,111,264700,0.04193426520589347
E06000026,Plymouth,13,264700,0.004911220249338874
E06000026,Plymouth,3,264700,0.0011333585190782018
E06000026,Plymouth,0,264700,0
E06000026,Plymouth,50,264700,0.018889308651303362
E06000026,Plymouth,86,264700,0.032489610880241784
E06000026,Plymouth,135,264700,0.05100113335851908
E06000026,Plymouth,18,264700,0.00680015111446921
E06000026,Plymouth,2,264700,7.555723460521345e-4
E06000026,Plymouth,0,264700,0
E06000026,Plymouth,2935,264700,1.1088024178315075
E06000026,Plymouth,3469,264700,1.3105402342274273
E06000026,Plymouth,3314,264700,1.2519833774083868
E06000026,Plymouth,569,264700,0.21496033245183227
E06000026,Plymouth,175,264700,0.06611258027956177
E06000027,Torbay,0,139300,0
E06000027,Torbay,0,139300,0
E06000027,Torbay,0,139300,0
E06000027,Torbay,0,139300,0
E06000027,Torbay,0,139300,0
E06000027,Torbay,0,139300,0
E06000027,Torbay,0,139300,0
E06000027,Torbay,35690,139300,25.620961952620245
E06000027,Torbay,39615,139300,28.43862167982771
E06000027,Torbay,29096,139300,20.8872936109117
E06000027,Torbay,3418,139300,2.453697056712132
E06000027,Torbay,690,139300,0.4953338119167265
E06000027,Torbay,0,139300,0
E06000027,Torbay,37,139300,0.02656137832017229
E06000027,Torbay,51,139300,0.0366116295764537
E06000027,Torbay,51,139300,0.0366116295764537
E06000027,Torbay,11,139300,0.007896625987078248
E06000027,Torbay,2,139300,0.0014357501794687725
E06000027,Torbay,0,139300,0
E06000027,Torbay,13,139300,0.00933237616654702
E06000027,Torbay,27,139300,0.019382627422828428
E06000027,Torbay,44,139300,0.03158650394831299
E06000027,Torbay,11,139300,0.007896625987078248
E06000027,Torbay,1,139300,7.178750897343862e-4
E06000027,Torbay,0,139300,0
E06000027,Torbay,24,139300,0.01722900215362527
E06000027,Torbay,34,139300,0.024407753050969132
E06000027,Torbay,39,139300,0.02799712849964106
E06000027,Torbay,4,139300,0.002871500358937545
E06000027,Torbay,0,139300,0
E06000027,Torbay,0,139300,0
E06000027,Torbay,12,139300,0.008614501076812634
E06000027,Torbay,32,139300,0.02297200287150036
E06000027,Torbay,52,139300,0.03732950466618808
E06000027,Torbay,4,139300,0.002871500358937545
E06000027,Torbay,0,139300,0
E06000027,Torbay,0,139300,0
E06000027,Torbay,1732,139300,1.2433596554199569
E06000027,Torbay,2039,139300,1.4637473079684136
E06000027,Torbay,1892,139300,1.3582196697774587
E06000027,Torbay,282,139300,0.2024407753050969
E06000027,Torbay,111,139300,0.07968413496051686
E06000030,Swindon,0,233400,0
E06000030,Swindon,0,233400,0
E06000030,Swindon,0,233400,0
E06000030,Swindon,0,233400,0
E06000030,Swindon,0,233400,0
E06000030,Swindon,0,233400,0
E06000030,Swindon,0,233400,0
E06000030,Swindon,60080,233400,25.74121679520137
E06000030,Swindon,56770,233400,24.32305055698372
E06000030,Swindon,45573,233400,19.525706940874034
E06000030,Swindon,8864,233400,3.79777206512425
E06000030,Swindon,3286,233400,1.4078834618680378
E06000030,Swindon,0,233400,0
E06000030,Swindon,62,233400,0.026563838903170524
E06000030,Swindon,102,233400,0.043701799485861184
E06000030,Swindon,159,233400,0.06812339331619537
E06000030,Swindon,57,233400,0.02442159383033419
E06000030,Swindon,51,233400,0.021850899742930592
E06000030,Swindon,0,233400,0
E06000030,Swindon,41,233400,0.017566409597257925
E06000030,Swindon,48,233400,0.02056555269922879
E06000030,Swindon,72,233400,0.030848329048843187
E06000030,Swindon,20,233400,0.00856898029134533
E06000030,Swindon,8,233400,0.003427592116538132
E06000030,Swindon,0,233400,0
E06000030,Swindon,42,233400,0.017994858611825194
E06000030,Swindon,56,233400,0.023993144815766924
E06000030,Swindon,92,233400,0.03941730934018852
E06000030,Swindon,24,233400,0.010282776349614395
E06000030,Swindon,13,233400,0.005569837189374464
E06000030,Swindon,0,233400,0
E06000030,Swindon,23,233400,0.00985432733504713
E06000030,Swindon,64,233400,0.027420736932305057
E06000030,Swindon,54,233400,0.02313624678663239
E06000030,Swindon,9,233400,0.0038560411311053984
E06000030,Swindon,2,233400,8.56898029134533e-4
E06000030,Swindon,0,233400,0
E06000030,Swindon,2828,233400,1.2116538131962296
E06000030,Swindon,3286,233400,1.4078834618680378
E06000030,Swindon,3095,233400,1.32604970008569
E06000030,Swindon,802,233400,0.34361610968294776
E06000030,Swindon,397,233400,0.1700942587832048
E06000031,Peterborough,0,215700,0
E06000031,Peterborough,0,215700,0
E06000031,Peterborough,0,215700,0
E06000031,Peterborough,0,215700,0
E06000031,Peterborough,0,215700,0
E06000031,Peterborough,0,215700,0
E06000031,Peterborough,0,215700,0
E06000031,Peterborough,48239,215700,22.363931386184515
E06000031,Peterborough,47557,215700,22.0477515067223
E06000031,Peterborough,42409,215700,19.661103384330087
E06000031,Peterborough,10343,215700,4.795085767269356
E06000031,Peterborough,3707,215700,1.7185906351414002
E06000031,Peterborough,0,215700,0
E06000031,Peterborough,112,215700,0.05192396847473343
E06000031,Peterborough,211,215700,0.09782104775150673
E06000031,Peterborough,376,215700,0.1743161798794622
E06000031,Peterborough,172,215700,0.07974038015762633
E06000031,Peterborough,76,215700,0.03523412146499768
E06000031,Peterborough,0,215700,0
E06000031,Peterborough,39,215700,0.01808066759388039
E06000031,Peterborough,58,215700,0.02688919796012981
E06000031,Peterborough,95,215700,0.0440426518312471
E06000031,Peterborough,31,215700,0.014371812702828002
E06000031,Peterborough,5,215700,0.0023180343069077423
E06000031,Peterborough,0,215700,0
E06000031,Peterborough,25,215700,0.011590171534538712
E06000031,Peterborough,70,215700,0.03245248029670839
E06000031,Peterborough,104,215700,0.04821511358368104
E06000031,Peterborough,36,215700,0.016689847009735744
E06000031,Peterborough,7,215700,0.003245248029670839
E06000031,Peterborough,0,215700,0
E06000031,Peterborough,19,215700,0.00880853036624942
E06000031,Peterborough,39,215700,0.01808066759388039
E06000031,Peterborough,46,215700,0.02132591562355123
E06000031,Peterborough,7,215700,0.003245248029670839
E06000031,Peterborough,4,215700,0.0018544274455261937
E06000031,Peterborough,0,215700,0
E06000031,Peterborough,2612,215700,1.2109411219286046
E06000031,Peterborough,3474,215700,1.6105702364394994
E06000031,Peterborough,3754,215700,1.740380157626333
E06000031,Peterborough,1267,215700,0.5873898933704219
E06000031,Peterborough,488,215700,0.22624014835419565
E06000032,Luton,0,225300,0
E06000032,Luton,0,225300,0
E06000032,Luton,0,225300,0
E06000032,Luton,0,225300,0
E06000032,Luton,0,225300,0
E06000032,Luton,0,225300,0
E06000032,Luton,0,225300,0
E06000032,Luton,31382,225300,13.928983577452286
E06000032,Luton,40446,225300,17.952063914780293
E06000032,Luton,53211,225300,23.617842876165113
E06000032,Luton,19803,225300,8.789613848202396
E06000032,Luton,8410,225300,3.7328007101642253
E06000032,Luton,0,225300,0
E06000032,Luton,159,225300,0.07057256990679095
E06000032,Luton,228,225300,0.10119840213049268
E06000032,Luton,445,225300,0.19751442521083
E06000032,Luton,198,225300,0.08788282290279627
E06000032,Luton,68,225300,0.030181979582778518
E06000032,Luton,0,225300,0
E06000032,Luton,27,225300,0.011984021304926764
E06000032,Luton,53,225300,0.023524189968930315
E06000032,Luton,129,225300,0.05725699067909454
E06000032,Luton,47,225300,0.020861074123391034
E06000032,Luton,28,225300,0.012427873945849977
E06000032,Luton,0,225300,0
E06000032,Luton,54,225300,0.023968042609853527
E06000032,Luton,55,225300,0.024411895250776743
E06000032,Luton,137,225300,0.06080781180648025
E06000032,Luton,59,225300,0.026187305814469597
E06000032,Luton,24,225300,0.010652463382157125
E06000032,Luton,0,225300,0
E06000032,Luton,9,225300,0.0039946737683089215
E06000032,Luton,31,225300,0.013759431868619618
E06000032,Luton,40,225300,0.01775410563692854
E06000032,Luton,3,225300,0.0013315579227696406
E06000032,Luton,1,225300,4.438526409232135e-4
E06000032,Luton,0,225300,0
E06000032,Luton,2198,225300,0.9755881047492233
E06000032,Luton,3668,225300,1.6280514869063472
E06000032,Luton,5437,225300,2.4132268086995117
E06000032,Luton,2639,225300,1.1713271193963604
E06000032,Luton,1406,225300,0.6240568131380382
E06000033,Southend-on-Sea,0,180700,0
E06000033,Southend-on-Sea,0,180700,0
E06000033,Southend-on-Sea,0,180700,0
E06000033,Southend-on-Sea,0,180700,0
E06000033,Southend-on-Sea,0,180700,0
E06000033,Southend-on-Sea,0,180700,0
E06000033,Southend-on-Sea,0,180700,0
E06000033,Southend-on-Sea,39535,180700,21.878804648588822
E06000033,Southend-on-Sea,46446,180700,25.703375760929717
E06000033,Southend-on-Sea,42011,180700,23.249031543995574
E06000033,Southend-on-Sea,6911,180700,3.8245711123408963
E06000033,Southend-on-Sea,1115,180700,0.6170448256779192
E06000033,Southend-on-Sea,0,180700,0
E06000033,Southend-on-Sea,51,180700,0.028223574986164915
E06000033,Southend-on-Sea,83,180700,0.045932484781405644
E06000033,Southend-on-Sea,146,180700,0.08079690094078583
E06000033,Southend-on-Sea,41,180700,0.022689540675152185
E06000033,Southend-on-Sea,4,180700,0.002213613724405091
E06000033,Southend-on-Sea,0,180700,0
E06000033,Southend-on-Sea,24,180700,0.013281682346430549
E06000033,Southend-on-Sea,38,180700,0.021029330381848368
E06000033,Southend-on-Sea,76,180700,0.042058660763696736
E06000033,Southend-on-Sea,13,180700,0.007194244604316547
E06000033,Southend-on-Sea,6,180700,0.003320420586607637
E06000033,Southend-on-Sea,0,180700,0
E06000033,Southend-on-Sea,18,180700,0.00996126175982291
E06000033,Southend-on-Sea,49,180700,0.027116768123962368
E06000033,Southend-on-Sea,61,180700,0.033757609297177645
E06000033,Southend-on-Sea,15,180700,0.008301051466519093
E06000033,Southend-on-Sea,4,180700,0.002213613724405091
E06000033,Southend-on-Sea,0,180700,0
E06000033,Southend-on-Sea,20,180700,0.011068068622025456
E06000033,Southend-on-Sea,37,180700,0.020475926950747094
E06000033,Southend-on-Sea,65,180700,0.03597122302158273
E06000033,Southend-on-Sea,7,180700,0.00387382401770891
E06000033,Southend-on-Sea,0,180700,0
E06000033,Southend-on-Sea,0,180700,0
E06000033,Southend-on-Sea,1844,180700,1.020475926950747
E06000033,Southend-on-Sea,2365,180700,1.3087991145545101
E06000033,Southend-on-Sea,2752,180700,1.5229662423907029
E06000033,Southend-on-Sea,521,180700,0.28832318760376313
E06000033,Southend-on-Sea,114,180700,0.0630879911455451
E06000034,Thurrock,0,176000,0
E06000034,Thurrock,0,176000,0
E06000034,Thurrock,0,176000,0
E06000034,Thurrock,0,176000,0
E06000034,Thurrock,0,176000,0
E06000034,Thurrock,0,176000,0
E06000034,Thurrock,0,176000,0
E06000034,Thurrock,31402,176000,17.842045454545456
E06000034,Thurrock,41813,176000,23.757386363636364
E06000034,Thurrock,41623,176000,23.649431818181817
E06000034,Thurrock,10070,176000,5.721590909090909
E06000034,Thurrock,2402,176000,1.3647727272727272
E06000034,Thurrock,0,176000,0
E06000034,Thurrock,69,176000,0.03920454545454546
E06000034,Thurrock,101,176000,0.05738636363636364
E06000034,Thurrock,159,176000,0.0903409090909091
E06000034,Thurrock,53,176000,0.030113636363636363
E06000034,Thurrock,7,176000,0.003977272727272727
E06000034,Thurrock,0,176000,0
E06000034,Thurrock,14,176000,0.007954545454545454
E06000034,Thurrock,43,176000,0.024431818181818183
E06000034,Thurrock,53,176000,0.030113636363636363
E06000034,Thurrock,19,176000,0.010795454545454546
E06000034,Thurrock,7,176000,0.003977272727272727
E06000034,Thurrock,0,176000,0
E06000034,Thurrock,19,176000,0.010795454545454546
E06000034,Thurrock,33,176000,0.01875
E06000034,Thurrock,66,176000,0.0375
E06000034,Thurrock,17,176000,0.009659090909090909
E06000034,Thurrock,8,176000,0.004545454545454545
E06000034,Thurrock,0,176000,0
E06000034,Thurrock,9,176000,0.005113636363636364
E06000034,Thurrock,19,176000,0.010795454545454546
E06000034,Thurrock,31,176000,0.017613636363636363
E06000034,Thurrock,3,176000,0.0017045454545454545
E06000034,Thurrock,0,176000,0
E06000034,Thurrock,0,176000,0
E06000034,Thurrock,1573,176000,0.89375
E06000034,Thurrock,2260,176000,1.2840909090909092
E06000034,Thurrock,2751,176000,1.5630681818181817
E06000034,Thurrock,786,176000,0.4465909090909091
E06000034,Thurrock,282,176000,0.16022727272727272
E06000035,Medway,0,279800,0
E06000035,Medway,0,279800,0
E06000035,Medway,0,279800,0
E06000035,Medway,0,279800,0
E06000035,Medway,0,279800,0
E06000035,Medway,0,279800,0
E06000035,Medway,0,279800,0
E06000035,Medway,62274,279800,22.2566118656183
E06000035,Medway,71005,279800,25.377055039313795
E06000035,Medway,59816,279800,21.378127233738386
E06000035,Medway,11250,279800,4.020729092208721
E06000035,Medway,2427,279800,0.8674052894924946
E06000035,Medway,0,279800,0
E06000035,Medway,73,279800,0.026090064331665476
E06000035,Medway,139,279800,0.049678341672623305
E06000035,Medway,196,279800,0.07005003573981415
E06000035,Medway,57,279800,0.02037169406719085
E06000035,Medway,38,279800,0.013581129378127233
E06000035,Medway,0,279800,0
E06000035,Medway,40,279800,0.014295925661186561
E06000035,Medway,76,279800,0.027162258756254467
E06000035,Medway,87,279800,0.031093638313080773
E06000035,Medway,18,279800,0.006433166547533953
E06000035,Medway,1,279800,3.5739814152966406e-4
E06000035,Medway,0,279800,0
E06000035,Medway,36,279800,0.012866333095067906
E06000035,Medway,64,279800,0.0228734810578985
E06000035,Medway,86,279800,0.030736240171551108
E06000035,Medway,20,279800,0.007147962830593281
E06000035,Medway,4,279800,0.0014295925661186562
E06000035,Medway,0,279800,0
E06000035,Medway,26,279800,0.009292351679771264
E06000035,Medway,45,279800,0.016082916368834882
E06000035,Medway,50,279800,0.017869907076483203
E06000035,Medway,9,279800,0.0032165832737669764
E06000035,Medway,4,279800,0.0014295925661186562
E06000035,Medway,0,279800,0
E06000035,Medway,3066,279800,1.09578270192995
E06000035,Medway,3537,279800,1.2641172265904217
E06000035,Medway,3414,279800,1.220157255182273
E06000035,Medway,885,279800,0.3162973552537527
E06000035,Medway,299,279800,0.10686204431736955
E06000036,Bracknell Forest,0,124600,0
E06000036,Bracknell Forest,0,124600,0
E06000036,Bracknell Forest,0,124600,0
E06000036,Bracknell Forest,0,124600,0
E06000036,Bracknell Forest,0,124600,0
E06000036,Bracknell Forest,0,124600,0
E06000036,Bracknell Forest,0,124600,0
E06000036,Bracknell Forest,34419,124600,27.623595505617978
E06000036,Bracknell Forest,30367,124600,24.37158908507223
E06000036,Bracknell Forest,24100,124600,19.341894060995184
E06000036,Bracknell Forest,3524,124600,2.828250401284109
E06000036,Bracknell Forest,658,124600,0.5280898876404494
E06000036,Bracknell Forest,0,124600,0
E06000036,Bracknell Forest,31,124600,0.024879614767255216
E06000036,Bracknell Forest,37,124600,0.02969502407704655
E06000036,Bracknell Forest,48,124600,0.038523274478330656
E06000036,Bracknell Forest,15,124600,0.012038523274478331
E06000036,Bracknell Forest,4,124600,0.0032102728731942215
E06000036,Bracknell Forest,0,124600,0
E06000036,Bracknell Forest,22,124600,0.01765650080256822
E06000036,Bracknell Forest,30,124600,0.024077046548956663
E06000036,Bracknell Forest,21,124600,0.016853932584269662
E06000036,Bracknell Forest,3,124600,0.002407704654895666
E06000036,Bracknell Forest,4,124600,0.0032102728731942215
E06000036,Bracknell Forest,0,124600,0
E06000036,Bracknell Forest,16,124600,0.012841091492776886
E06000036,Bracknell Forest,24,124600,0.019261637239165328
E06000036,Bracknell Forest,25,124600,0.020064205457463884
E06000036,Bracknell Forest,4,124600,0.0032102728731942215
E06000036,Bracknell Forest,5,124600,0.0040128410914927765
E06000036,Bracknell Forest,0,124600,0
E06000036,Bracknell Forest,16,124600,0.012841091492776886
E06000036,Bracknell Forest,22,124600,0.01765650080256822
E06000036,Bracknell Forest,34,124600,0.027287319422150885
E06000036,Bracknell Forest,2,124600,0.0016051364365971107
E06000036,Bracknell Forest,0,124600,0
E06000036,Bracknell Forest,0,124600,0
E06000036,Bracknell Forest,1393,124600,1.1179775280898876
E06000036,Bracknell Forest,1454,124600,1.1669341894060996
E06000036,Bracknell Forest,1330,124600,1.0674157303370786
E06000036,Bracknell Forest,264,124600,0.21187800963081863
E06000036,Bracknell Forest,103,124600,0.0826645264847512
E06000037,West Berkshire,0,161400,0
E06000037,West Berkshire,0,161400,0
E06000037,West Berkshire,0,161400,0
E06000037,West Berkshire,0,161400,0
E06000037,West Berkshire,0,161400,0
E06000037,West Berkshire,0,161400,0
E06000037,West Berkshire,0,161400,0
E06000037,West Berkshire,52912,161400,32.78314745972739
E06000037,West Berkshire,39080,161400,24.213135068153655
E06000037,West Berkshire,26344,161400,16.322180916976457
E06000037,West Berkshire,3490,161400,2.162329615861214
E06000037,West Berkshire,615,161400,0.38104089219330856
E06000037,West Berkshire,0,161400,0
E06000037,West Berkshire,23,161400,0.014250309789343246
E06000037,West Berkshire,45,161400,0.027881040892193308
E06000037,West Berkshire,53,161400,0.03283767038413878
E06000037,West Berkshire,6,161400,0.0037174721189591076
E06000037,West Berkshire,4,161400,0.0024783147459727386
E06000037,West Berkshire,0,161400,0
E06000037,West Berkshire,23,161400,0.014250309789343246
E06000037,West Berkshire,19,161400,0.011771995043370507
E06000037,West Berkshire,40,161400,0.024783147459727387
E06000037,West Berkshire,4,161400,0.0024783147459727386
E06000037,West Berkshire,3,161400,0.0018587360594795538
E06000037,West Berkshire,0,161400,0
E06000037,West Berkshire,13,161400,0.0080545229244114
E06000037,West Berkshire,33,161400,0.020446096654275093
E06000037,West Berkshire,35,161400,0.02168525402726146
E06000037,West Berkshire,9,161400,0.0055762081784386614
E06000037,West Berkshire,3,161400,0.0018587360594795538
E06000037,West Berkshire,0,161400,0
E06000037,West Berkshire,28,161400,0.01734820322180917
E06000037,West Berkshire,35,161400,0.02168525402726146
E06000037,West Berkshire,45,161400,0.027881040892193308
E06000037,West Berkshire,2,161400,0.0012391573729863693
E06000037,West Berkshire,0,161400,0
E06000037,West Berkshire,0,161400,0
E06000037,West Berkshire,2136,161400,1.3234200743494424
E06000037,West Berkshire,1897,161400,1.1753407682775712
E06000037,West Berkshire,1555,161400,0.9634448574969021
E06000037,West Berkshire,212,161400,0.13135068153655513
E06000037,West Berkshire,58,161400,0.03593556381660471
E06000038,Reading,0,174200,0
E06000038,Reading,0,174200,0
E06000038,Reading,0,174200,0
E06000038,Reading,0,174200,0
E06000038,Reading,0,174200,0
E06000038,Reading,0,174200,0
E06000038,Reading,0,174200,0
E06000038,Reading,31795,174200,18.252009184845004
E06000038,Reading,37698,174200,21.640642939150403
E06000038,Reading,42843,174200,24.59414466130884
E06000038,Reading,10223,174200,5.868541905855339
E06000038,Reading,3424,174200,1.965556831228473
E06000038,Reading,0,174200,0
E06000038,Reading,54,174200,0.030998851894374284
E06000038,Reading,91,174200,0.05223880597014925
E06000038,Reading,215,174200,0.12342135476463835
E06000038,Reading,85,174200,0.04879448909299656
E06000038,Reading,44,174200,0.02525832376578645
E06000038,Reading,0,174200,0
E06000038,Reading,39,174200,0.022388059701492536
E06000038,Reading,53,174200,0.030424799081515498
E06000038,Reading,96,174200,0.05510907003444317
E06000038,Reading,37,174200,0.02123995407577497
E06000038,Reading,14,174200,0.008036739380022962
E06000038,Reading,0,174200,0
E06000038,Reading,29,174200,0.016647531572904706
E06000038,Reading,54,174200,0.030998851894374284
E06000038,Reading,86,174200,0.04936854190585534
E06000038,Reading,36,174200,0.02066590126291619
E06000038,Reading,18,174200,0.010332950631458095
E06000038,Reading,0,174200,0
E06000038,Reading,38,174200,0.021814006888633754
E06000038,Reading,67,174200,0.038461538461538464
E06000038,Reading,73,174200,0.04190585533869116
E06000038,Reading,9,174200,0.005166475315729047
E06000038,Reading,6,174200,0.003444316877152698
E06000038,Reading,0,174200,0
E06000038,Reading,1970,174200,1.1308840413318024
E06000038,Reading,2492,174200,1.4305396096440872
E06000038,Reading,3382,174200,1.941446613088404
E06000038,Reading,1032,174200,0.5924225028702641
E06000038,Reading,485,174200,0.27841561423650973
E06000039,Slough,0,158500,0
E06000039,Slough,0,158500,0
E06000039,Slough,0,158500,0
E06000039,Slough,0,158500,0
E06000039,Slough,0,158500,0
E06000039,Slough,0,158500,0
E06000039,Slough,0,158500,0
E06000039,Slough,16141,158500,10.183596214511041
E06000039,Slough,26492,158500,16.714195583596215
E06000039,Slough,40302,158500,25.427129337539434
E06000039,Slough,16843,158500,10.626498422712933
E06000039,Slough,7300,158500,4.605678233438486
E06000039,Slough,0,158500,0
E06000039,Slough,47,158500,0.02965299684542587
E06000039,Slough,123,158500,0.07760252365930599
E06000039,Slough,239,158500,0.15078864353312302
E06000039,Slough,129,158500,0.08138801261829653
E06000039,Slough,85,158500,0.05362776025236593
E06000039,Slough,0,158500,0
E06000039,Slough,29,158500,0.01829652996845426
E06000039,Slough,39,158500,0.024605678233438486
E06000039,Slough,76,158500,0.04794952681388013
E06000039,Slough,35,158500,0.022082018927444796
E06000039,Slough,7,158500,0.004416403785488959
E06000039,Slough,0,158500,0
E06000039,Slough,26,158500,0.016403785488958992
E06000039,Slough,30,158500,0.01892744479495268
E06000039,Slough,87,158500,0.05488958990536277
E06000039,Slough,44,158500,0.0277602523659306
E06000039,Slough,19,158500,0.011987381703470032
E06000039,Slough,0,158500,0
E06000039,Slough,5,158500,0.0031545741324921135
E06000039,Slough,12,158500,0.007570977917981073
E06000039,Slough,27,158500,0.017034700315457414
E06000039,Slough,10,158500,0.006309148264984227
E06000039,Slough,2,158500,0.0012618296529968455
E06000039,Slough,0,158500,0
E06000039,Slough,1324,158500,0.8353312302839117
E06000039,Slough,2200,158500,1.38801261829653
E06000039,Slough,3854,158500,2.4315457413249213
E06000039,Slough,1839,158500,1.1602523659305994
E06000039,Slough,999,158500,0.6302839116719243
E06000040,Windsor and Maidenhead,0,153500,0
E06000040,Windsor and Maidenhead,0,153500,0
E06000040,Windsor and Maidenhead,0,153500,0
E06000040,Windsor and Maidenhead,0,153500,0
E06000040,Windsor and Maidenhead,0,153500,0
E06000040,Windsor and Maidenhead,0,153500,0
E06000040,Windsor and Maidenhead,0,153500,0
E06000040,Windsor and Maidenhead,46582,153500,30.34657980456026
E06000040,Windsor and Maidenhead,35310,153500,23.003257328990227
E06000040,Windsor and Maidenhead,25768,153500,16.786970684039087
E06000040,Windsor and Maidenhead,4630,153500,3.01628664495114
E06000040,Windsor and Maidenhead,1567,153500,1.0208469055374594
E06000040,Windsor and Maidenhead,0,153500,0
E06000040,Windsor and Maidenhead,32,153500,0.020846905537459284
E06000040,Windsor and Maidenhead,34,153500,0.02214983713355049
E06000040,Windsor and Maidenhead,60,153500,0.03908794788273615
E06000040,Windsor and Maidenhead,16,153500,0.010423452768729642
E06000040,Windsor and Maidenhead,3,153500,0.001954397394136808
E06000040,Windsor and Maidenhead,0,153500,0
E06000040,Windsor and Maidenhead,23,153500,0.01498371335504886
E06000040,Windsor and Maidenhead,28,153500,0.018241042345276872
E06000040,Windsor and Maidenhead,30,153500,0.019543973941368076
E06000040,Windsor and Maidenhead,6,153500,0.003908794788273616
E06000040,Windsor and Maidenhead,4,153500,0.0026058631921824105
E06000040,Windsor and Maidenhead,0,153500,0
E06000040,Windsor and Maidenhead,25,153500,0.016286644951140065
E06000040,Windsor and Maidenhead,23,153500,0.01498371335504886
E06000040,Windsor and Maidenhead,36,153500,0.023452768729641693
E06000040,Windsor and Maidenhead,3,153500,0.001954397394136808
E06000040,Windsor and Maidenhead,0,153500,0
E06000040,Windsor and Maidenhead,0,153500,0
E06000040,Windsor and Maidenhead,16,153500,0.010423452768729642
E06000040,Windsor and Maidenhead,18,153500,0.011726384364820847
E06000040,Windsor and Maidenhead,22,153500,0.014332247557003257
E06000040,Windsor and Maidenhead,2,153500,0.0013029315960912053
E06000040,Windsor and Maidenhead,0,153500,0
E06000040,Windsor and Maidenhead,0,153500,0
E06000040,Windsor and Maidenhead,2208,153500,1.4384364820846907
E06000040,Windsor and Maidenhead,1907,153500,1.2423452768729641
E06000040,Windsor and Maidenhead,1777,153500,1.1576547231270358
E06000040,Windsor and Maidenhead,432,153500,0.2814332247557003
E06000040,Windsor and Maidenhead,211,153500,0.13745928338762214
E06000041,Wokingham,0,177500,0
E06000041,Wokingham,0,177500,0
E06000041,Wokingham,0,177500,0
E06000041,Wokingham,0,177500,0
E06000041,Wokingham,0,177500,0
E06000041,Wokingham,0,177500,0
E06000041,Wokingham,0,177500,0
E06000041,Wokingham,62482,177500,35.20112676056338
E06000041,Wokingham,40612,177500,22.88
E06000041,Wokingham,24299,177500,13.689577464788732
E06000041,Wokingham,3228,177500,1.8185915492957747
E06000041,Wokingham,553,177500,0.3115492957746479
E06000041,Wokingham,0,177500,0
E06000041,Wokingham,39,177500,0.021971830985915493
E06000041,Wokingham,48,177500,0.027042253521126762
E06000041,Wokingham,50,177500,0.028169014084507043
E06000041,Wokingham,18,177500,0.010140845070422535
E06000041,Wokingham,6,177500,0.0033802816901408453
E06000041,Wokingham,0,177500,0
E06000041,Wokingham,37,177500,0.020845070422535212
E06000041,Wokingham,30,177500,0.016901408450704224
E06000041,Wokingham,26,177500,0.014647887323943662
E06000041,Wokingham,3,177500,0.0016901408450704226
E06000041,Wokingham,1,177500,5.633802816901409e-4
E06000041,Wokingham,0,177500,0
E06000041,Wokingham,33,177500,0.018591549295774647
E06000041,Wokingham,35,177500,0.01971830985915493
E06000041,Wokingham,36,177500,0.02028169014084507
E06000041,Wokingham,9,177500,0.0050704225352112674
E06000041,Wokingham,1,177500,5.633802816901409e-4
E06000041,Wokingham,0,177500,0
E06000041,Wokingham,39,177500,0.021971830985915493
E06000041,Wokingham,35,177500,0.01971830985915493
E06000041,Wokingham,25,177500,0.014084507042253521
E06000041,Wokingham,2,177500,0.0011267605633802818
E06000041,Wokingham,0,177500,0
E06000041,Wokingham,0,177500,0
E06000041,Wokingham,2594,177500,1.4614084507042253
E06000041,Wokingham,2066,177500,1.163943661971831
E06000041,Wokingham,1520,177500,0.856338028169014
E06000041,Wokingham,297,177500,0.16732394366197184
E06000041,Wokingham,91,177500,0.05126760563380282
E06000042,Milton Keynes,0,287000,0
E06000042,Milton Keynes,0,287000,0
E06000042,Milton Keynes,0,287000,0
E06000042,Milton Keynes,0,287000,0
E06000042,Milton Keynes,0,287000,0
E06000042,Milton Keynes,0,287000,0
E06000042,Milton Keynes,0,287000,0
E06000042,Milton Keynes,70875,287000,24.695121951219512
E06000042,Milton Keynes,65058,287000,22.66829268292683
E06000042,Milton Keynes,56131,287000,19.557839721254357
E06000042,Milton Keynes,12871,287000,4.484668989547038
E06000042,Milton Keynes,3295,287000,1.1480836236933798
E06000042,Milton Keynes,0,287000,0
E06000042,Milton Keynes,113,287000,0.03937282229965157
E06000042,Milton Keynes,150,287000,0.05226480836236934
E06000042,Milton Keynes,290,287000,0.10104529616724739
E06000042,Milton Keynes,84,287000,0.02926829268292683
E06000042,Milton Keynes,24,287000,0.008362369337979094
E06000042,Milton Keynes,0,287000,0
E06000042,Milton Keynes,57,287000,0.01986062717770035
E06000042,Milton Keynes,64,287000,0.02229965156794425
E06000042,Milton Keynes,118,287000,0.04111498257839721
E06000042,Milton Keynes,38,287000,0.0132404181184669
E06000042,Milton Keynes,11,287000,0.003832752613240418
E06000042,Milton Keynes,0,287000,0
E06000042,Milton Keynes,47,287000,0.016376306620209058
E06000042,Milton Keynes,67,287000,0.023344947735191638
E06000042,Milton Keynes,113,287000,0.03937282229965157
E06000042,Milton Keynes,31,287000,0.010801393728222997
E06000042,Milton Keynes,18,287000,0.0062717770034843206
E06000042,Milton Keynes,0,287000,0
E06000042,Milton Keynes,39,287000,0.013588850174216028
E06000042,Milton Keynes,51,287000,0.017770034843205575
E06000042,Milton Keynes,64,287000,0.02229965156794425
E06000042,Milton Keynes,8,287000,0.0027874564459930314
E06000042,Milton Keynes,1,287000,3.484320557491289e-4
E06000042,Milton Keynes,0,287000,0
E06000042,Milton Keynes,3461,287000,1.2059233449477351
E06000042,Milton Keynes,3744,287000,1.3045296167247387
E06000042,Milton Keynes,4198,287000,1.4627177700348433
E06000042,Milton Keynes,1279,287000,0.4456445993031359
E06000042,Milton Keynes,485,287000,0.16898954703832753
E06000043,Brighton and Hove,0,277200,0
E06000043,Brighton and Hove,0,277200,0
E06000043,Brighton and Hove,0,277200,0
E06000043,Brighton and Hove,0,277200,0
E06000043,Brighton and Hove,0,277200,0
E06000043,Brighton and Hove,0,277200,0
E06000043,Brighton and Hove,0,277200,0
E06000043,Brighton and Hove,53501,277200,19.300505050505052
E06000043,Brighton and Hove,65075,277200,23.475829725829726
E06000043,Brighton and Hove,80198,277200,28.93145743145743
E06000043,Brighton and Hove,11028,277200,3.9783549783549783
E06000043,Brighton and Hove,1743,277200,0.6287878787878788
E06000043,Brighton and Hove,0,277200,0
E06000043,Brighton and Hove,66,277200,0.023809523809523808
E06000043,Brighton and Hove,99,277200,0.03571428571428571
E06000043,Brighton and Hove,245,277200,0.08838383838383838
E06000043,Brighton and Hove,42,277200,0.015151515151515152
E06000043,Brighton and Hove,12,277200,0.004329004329004329
E06000043,Brighton and Hove,0,277200,0
E06000043,Brighton and Hove,30,277200,0.010822510822510822
E06000043,Brighton and Hove,88,277200,0.031746031746031744
E06000043,Brighton and Hove,176,277200,0.06349206349206349
E06000043,Brighton and Hove,18,277200,0.006493506493506494
E06000043,Brighton and Hove,2,277200,7.215007215007215e-4
E06000043,Brighton and Hove,0,277200,0
E06000043,Brighton and Hove,44,277200,0.015873015873015872
E06000043,Brighton and Hove,82,277200,0.02958152958152958
E06000043,Brighton and Hove,164,277200,0.05916305916305916
E06000043,Brighton and Hove,31,277200,0.011183261183261184
E06000043,Brighton and Hove,6,277200,0.0021645021645021645
E06000043,Brighton and Hove,0,277200,0
E06000043,Brighton and Hove,139,277200,0.050144300144300144
E06000043,Brighton and Hove,282,277200,0.10173160173160173
E06000043,Brighton and Hove,621,277200,0.22402597402597402
E06000043,Brighton and Hove,55,277200,0.01984126984126984
E06000043,Brighton and Hove,4,277200,0.001443001443001443
E06000043,Brighton and Hove,0,277200,0
E06000043,Brighton and Hove,2765,277200,0.9974747474747475
E06000043,Brighton and Hove,3932,277200,1.4184704184704184
E06000043,Brighton and Hove,5512,277200,1.9884559884559885
E06000043,Brighton and Hove,962,277200,0.34704184704184704
E06000043,Brighton and Hove,252,277200,0.09090909090909091
E06000044,Portsmouth,0,208100,0
E06000044,Portsmouth,0,208100,0
E06000044,Portsmouth,0,208100,0
E06000044,Portsmouth,0,208100,0
E06000044,Portsmouth,0,208100,0
E06000044,Portsmouth,0,208100,0
E06000044,Portsmouth,0,208100,0
E06000044,Portsmouth,40686,208100,19.551177318596828
E06000044,Portsmouth,52418,208100,25.18885151369534
E06000044,Portsmouth,50969,208100,24.4925516578568
E06000044,Portsmouth,8149,208100,3.9159058145122536
E06000044,Portsmouth,1579,208100,0.758769822200865
E06000044,Portsmouth,0,208100,0
E06000044,Portsmouth,47,208100,0.022585295530994715
E06000044,Portsmouth,112,208100,0.05382027871215762
E06000044,Portsmouth,161,208100,0.07736665064872657
E06000044,Portsmouth,64,208100,0.030754444978375782
E06000044,Portsmouth,16,208100,0.0076886112445939455
E06000044,Portsmouth,0,208100,0
E06000044,Portsmouth,31,208100,0.014896684286400768
E06000044,Portsmouth,53,208100,0.025468524747717443
E06000044,Portsmouth,83,208100,0.03988467083133109
E06000044,Portsmouth,14,208100,0.006727534839019702
E06000044,Portsmouth,13,208100,0.006246996636232581
E06000044,Portsmouth,0,208100,0
E06000044,Portsmouth,29,208100,0.013935607880826525
E06000044,Portsmouth,84,208100,0.040365209034118214
E06000044,Portsmouth,97,208100,0.04661220567035079
E06000044,Portsmouth,21,208100,0.010091302258529554
E06000044,Portsmouth,11,208100,0.005285920230658337
E06000044,Portsmouth,0,208100,0
E06000044,Portsmouth,45,208100,0.02162421912542047
E06000044,Portsmouth,68,208100,0.03267659778952427
E06000044,Portsmouth,112,208100,0.05382027871215762
E06000044,Portsmouth,12,208100,0.005766458433445459
E06000044,Portsmouth,1,208100,4.805382027871216e-4
E06000044,Portsmouth,0,208100,0
E06000044,Portsmouth,2151,208100,1.0336376741950986
E06000044,Portsmouth,2738,208100,1.3157135992311388
E06000044,Portsmouth,3367,208100,1.6179721287842384
E06000044,Portsmouth,828,208100,0.3978856319077367
E06000044,Portsmouth,232,208100,0.1114848630466122
E06000045,Southampton,0,249000,0
E06000045,Southampton,0,249000,0
E06000045,Southampton,0,249000,0
E06000045,Southampton,0,249000,0
E06000045,Southampton,0,249000,0
E06000045,Southampton,0,249000,0
E06000045,Southampton,0,249000,0
E06000045,Southampton,41349,249000,16.606024096385543
E06000045,Southampton,58421,249000,23.462248995983934
E06000045,Southampton,65920,249000,26.473895582329316
E06000045,Southampton,12051,249000,4.839759036144578
E06000045,Southampton,2654,249000,1.0658634538152612
E06000045,Southampton,0,249000,0
E06000045,Southampton,80,249000,0.0321285140562249
E06000045,Southampton,128,249000,0.05140562248995984
E06000045,Southampton,285,249000,0.1144578313253012
E06000045,Southampton,101,249000,0.040562248995983936
E06000045,Southampton,19,249000,0.007630522088353414
E06000045,Southampton,0,249000,0
E06000045,Southampton,34,249000,0.013654618473895583
E06000045,Southampton,71,249000,0.0285140562248996
E06000045,Southampton,141,249000,0.056626506024096385
E06000045,Southampton,35,249000,0.014056224899598393
E06000045,Southampton,4,249000,0.001606425702811245
E06000045,Southampton,0,249000,0
E06000045,Southampton,32,249000,0.01285140562248996
E06000045,Southampton,72,249000,0.02891566265060241
E06000045,Southampton,135,249000,0.05421686746987952
E06000045,Southampton,27,249000,0.010843373493975903
E06000045,Southampton,3,249000,0.0012048192771084338
E06000045,Southampton,0,249000,0
E06000045,Southampton,46,249000,0.018473895582329317
E06000045,Southampton,118,249000,0.04738955823293173
E06000045,Southampton,146,249000,0.058634538152610445
E06000045,Southampton,4,249000,0.001606425702811245
E06000045,Southampton,4,249000,0.001606425702811245
E06000045,Southampton,0,249000,0
E06000045,Southampton,2451,249000,0.9843373493975903
E06000045,Southampton,3481,249000,1.397991967871486
E06000045,Southampton,4873,249000,1.9570281124497992
E06000045,Southampton,1163,249000,0.4670682730923695
E06000045,Southampton,381,249000,0.1530120481927711
E06000046,Isle of Wight,0,140400,0
E06000046,Isle of Wight,0,140400,0
E06000046,Isle of Wight,0,140400,0
E06000046,Isle of Wight,0,140400,0
E06000046,Isle of Wight,0,140400,0
E06000046,Isle of Wight,0,140400,0
E06000046,Isle of Wight,0,140400,0
E06000046,Isle of Wight,38835,140400,27.66025641025641
E06000046,Isle of Wight,40683,140400,28.976495726495727
E06000046,Isle of Wight,26776,140400,19.071225071225072
E06000046,Isle of Wight,3111,140400,2.215811965811966
E06000046,Isle of Wight,372,140400,0.26495726495726496
E06000046,Isle of Wight,0,140400,0
E06000046,Isle of Wight,20,140400,0.014245014245014245
E06000046,Isle of Wight,54,140400,0.038461538461538464
E06000046,Isle of Wight,42,140400,0.029914529914529916
E06000046,Isle of Wight,3,140400,0.002136752136752137
E06000046,Isle of Wight,0,140400,0
E06000046,Isle of Wight,0,140400,0
E06000046,Isle of Wight,16,140400,0.011396011396011397
E06000046,Isle of Wight,30,140400,0.021367521367521368
E06000046,Isle of Wight,24,140400,0.017094017094017096
E06000046,Isle of Wight,3,140400,0.002136752136752137
E06000046,Isle of Wight,1,140400,7.122507122507123e-4
E06000046,Isle of Wight,0,140400,0
E06000046,Isle of Wight,14,140400,0.009971509971509971
E06000046,Isle of Wight,28,140400,0.019943019943019943
E06000046,Isle of Wight,41,140400,0.0292022792022792
E06000046,Isle of Wight,3,140400,0.002136752136752137
E06000046,Isle of Wight,0,140400,0
E06000046,Isle of Wight,0,140400,0
E06000046,Isle of Wight,18,140400,0.01282051282051282
E06000046,Isle of Wight,34,140400,0.024216524216524215
E06000046,Isle of Wight,50,140400,0.03561253561253561
E06000046,Isle of Wight,3,140400,0.002136752136752137
E06000046,Isle of Wight,0,140400,0
E06000046,Isle of Wight,0,140400,0
E06000046,Isle of Wight,2111,140400,1.5035612535612535
E06000046,Isle of Wight,2426,140400,1.727920227920228
E06000046,Isle of Wight,1729,140400,1.2314814814814814
E06000046,Isle of Wight,227,140400,0.16168091168091167
E06000046,Isle of Wight,48,140400,0.03418803418803419
E06000047,County Durham,0,522100,0
E06000047,County Durham,0,522100,0
E06000047,County Durham,0,522100,0
E06000047,County Durham,0,522100,0
E06000047,County Durham,0,522100,0
E06000047,County Durham,0,522100,0
E06000047,County Durham,0,522100,0
E06000047,County Durham,147093,522100,28.173338440911703
E06000047,County Durham,159841,522100,30.615016280406053
E06000047,County Durham,84944,522100,16.269680137904615
E06000047,County Durham,8816,522100,1.6885654089254931
E06000047,County Durham,1238,522100,0.23711932579965525
E06000047,County Durham,0,522100,0
E06000047,County Durham,126,522100,0.024133307795441487
E06000047,County Durham,237,522100,0.045393602758092316
E06000047,County Durham,195,522100,0.03734916682627849
E06000047,County Durham,30,522100,0.005746025665581306
E06000047,County Durham,1,522100,1.915341888527102e-4
E06000047,County Durham,0,522100,0
E06000047,County Durham,91,522100,0.01742961118559663
E06000047,County Durham,103,522100,0.019728021451829152
E06000047,County Durham,90,522100,0.017238076996743918
E06000047,County Durham,6,522100,0.0011492051331162612
E06000047,County Durham,5,522100,9.57670944263551e-4
E06000047,County Durham,0,522100,0
E06000047,County Durham,86,522100,0.01647194024133308
E06000047,County Durham,145,522100,0.02777245738364298
E06000047,County Durham,91,522100,0.01742961118559663
E06000047,County Durham,7,522100,0.0013407393219689715
E06000047,County Durham,1,522100,1.915341888527102e-4
E06000047,County Durham,0,522100,0
E06000047,County Durham,68,522100,0.013024324841984293
E06000047,County Durham,100,522100,0.01915341888527102
E06000047,County Durham,105,522100,0.02011108982953457
E06000047,County Durham,5,522100,9.57670944263551e-4
E06000047,County Durham,1,522100,1.915341888527102e-4
E06000047,County Durham,0,522100,0
E06000047,County Durham,5787,522100,1.108408350890634
E06000047,County Durham,7061,522100,1.3524229074889869
E06000047,County Durham,3911,522100,0.7490902126029496
E06000047,County Durham,478,522100,0.09155334227159548
E06000047,County Durham,110,522100,0.02106876077379812
E06000049,Cheshire East,0,398800,0
E06000049,Cheshire East,0,398800,0
E06000049,Cheshire East,0,398800,0
E06000049,Cheshire East,0,398800,0
E06000049,Cheshire East,0,398800,0
E06000049,Cheshire East,0,398800,0
E06000049,Cheshire East,0,398800,0
E06000049,Cheshire East,142382,398800,35.70260782347041
E06000049,Cheshire East,103663,398800,25.993731193580743
E06000049,Cheshire East,56115,398800,14.070962888665997
E06000049,Cheshire East,5994,398800,1.5030090270812437
E06000049,Cheshire East,1332,398800,0.3340020060180542
E06000049,Cheshire East,0,398800,0
E06000049,Cheshire East,120,398800,0.03009027081243731
E06000049,Cheshire East,143,398800,0.035857572718154464
E06000049,Cheshire East,183,398800,0.045887662988966904
E06000049,Cheshire East,115,398800,0.028836509528585758
E06000049,Cheshire East,98,398800,0.02457372116349047
E06000049,Cheshire East,0,398800,0
E06000049,Cheshire East,66,398800,0.016549648946840523
E06000049,Cheshire East,85,398800,0.02131394182547643
E06000049,Cheshire East,87,398800,0.021815446339017053
E06000049,Cheshire East,13,398800,0.003259779338014042
E06000049,Cheshire East,8,398800,0.0020060180541624875
E06000049,Cheshire East,0,398800,0
E06000049,Cheshire East,52,398800,0.013039117352056168
E06000049,Cheshire East,62,398800,0.015546639919759278
E06000049,Cheshire East,68,398800,0.017051153460381142
E06000049,Cheshire East,14,398800,0.003510531594784353
E06000049,Cheshire East,7,398800,0.0017552657973921766
E06000049,Cheshire East,0,398800,0
E06000049,Cheshire East,58,398800,0.014543630892678034
E06000049,Cheshire East,89,398800,0.022316950852557672
E06000049,Cheshire East,67,398800,0.016800401203610833
E06000049,Cheshire East,4,398800,0.0010030090270812437
E06000049,Cheshire East,3,398800,7.522567703109327e-4
E06000049,Cheshire East,0,398800,0
E06000049,Cheshire East,5396,398800,1.3530591775325977
E06000049,Cheshire East,5011,398800,1.256519558676028
E06000049,Cheshire East,3252,398800,0.8154463390170511
E06000049,Cheshire East,523,398800,0.1311434302908726
E06000049,Cheshire East,113,398800,0.028335005015045135
E06000050,Cheshire West and Chester,0,357200,0
E06000050,Cheshire West and Chester,0,357200,0
E06000050,Cheshire West and Chester,0,357200,0
E06000050,Cheshire West and Chester,0,357200,0
E06000050,Cheshire West and Chester,0,357200,0
E06000050,Cheshire West and Chester,0,357200,0
E06000050,Cheshire West and Chester,0,357200,0
E06000050,Cheshire West and Chester,119103,357200,33.34350503919373
E06000050,Cheshire West and Chester,95977,357200,26.86926091825308
E06000050,Cheshire West and Chester,54342,357200,15.213325867861142
E06000050,Cheshire West and Chester,6269,357200,1.7550391937290033
E06000050,Cheshire West and Chester,1134,357200,0.31746920492721165
E06000050,Cheshire West and Chester,0,357200,0
E06000050,Cheshire West and Chester,88,357200,0.02463605823068309
E06000050,Cheshire West and Chester,111,357200,0.031075027995520716
E06000050,Cheshire West and Chester,130,357200,0.036394176931690926
E06000050,Cheshire West and Chester,18,357200,0.005039193729003359
E06000050,Cheshire West and Chester,35,357200,0.009798432250839866
E06000050,Cheshire West and Chester,0,357200,0
E06000050,Cheshire West and Chester,52,357200,0.014557670772676373
E06000050,Cheshire West and Chester,66,357200,0.018477043673012318
E06000050,Cheshire West and Chester,65,357200,0.018197088465845463
E06000050,Cheshire West and Chester,5,357200,0.0013997760358342665
E06000050,Cheshire West and Chester,0,357200,0
E06000050,Cheshire West and Chester,0,357200,0
E06000050,Cheshire West and Chester,48,357200,0.013437849944008958
E06000050,Cheshire West and Chester,78,357200,0.021836506159014557
E06000050,Cheshire West and Chester,62,357200,0.017357222844344905
E06000050,Cheshire West and Chester,5,357200,0.0013997760358342665
E06000050,Cheshire West and Chester,1,357200,2.799552071668533e-4
E06000050,Cheshire West and Chester,0,357200,0
E06000050,Cheshire West and Chester,50,357200,0.013997760358342666
E06000050,Cheshire West and Chester,81,357200,0.02267637178051512
E06000050,Cheshire West and Chester,78,357200,0.021836506159014557
E06000050,Cheshire West and Chester,4,357200,0.0011198208286674132
E06000050,Cheshire West and Chester,1,357200,2.799552071668533e-4
E06000050,Cheshire West and Chester,0,357200,0
E06000050,Cheshire West and Chester,4698,357200,1.3152295632698767
E06000050,Cheshire West and Chester,4424,357200,1.238521836506159
E06000050,Cheshire West and Chester,2899,357200,0.8115901455767077
E06000050,Cheshire West and Chester,414,357200,0.11590145576707726
E06000050,Cheshire West and Chester,121,357200,0.03387458006718925
E06000051,Shropshire,0,323600,0
E06000051,Shropshire,0,323600,0
E06000051,Shropshire,0,323600,0
E06000051,Shropshire,0,323600,0
E06000051,Shropshire,0,323600,0
E06000051,Shropshire,0,323600,0
E06000051,Shropshire,0,323600,0
E06000051,Shropshire,111671,323600,34.50896168108776
E06000051,Shropshire,83882,323600,25.921508034610632
E06000051,Shropshire,46438,323600,14.350432632880098
E06000051,Shropshire,5847,323600,1.8068603213844252
E06000051,Shropshire,2265,323600,0.6999381953028431
E06000051,Shropshire,0,323600,0
E06000051,Shropshire,74,323600,0.022867737948084055
E06000051,Shropshire,113,323600,0.03491965389369592
E06000051,Shropshire,90,323600,0.02781211372064277
E06000051,Shropshire,15,323600,0.0046353522867737945
E06000051,Shropshire,6,323600,0.001854140914709518
E06000051,Shropshire,0,323600,0
E06000051,Shropshire,38,323600,0.011742892459826947
E06000051,Shropshire,49,323600,0.015142150803461063
E06000051,Shropshire,48,323600,0.014833127317676144
E06000051,Shropshire,3,323600,9.27070457354759e-4
E06000051,Shropshire,1,323600,3.0902348578491963e-4
E06000051,Shropshire,0,323600,0
E06000051,Shropshire,48,323600,0.014833127317676144
E06000051,Shropshire,51,323600,0.0157601977750309
E06000051,Shropshire,46,323600,0.014215080346106305
E06000051,Shropshire,9,323600,0.002781211372064277
E06000051,Shropshire,1,323600,3.0902348578491963e-4
E06000051,Shropshire,0,323600,0
E06000051,Shropshire,40,323600,0.012360939431396786
E06000051,Shropshire,63,323600,0.01946847960444994
E06000051,Shropshire,54,323600,0.01668726823238566
E06000051,Shropshire,5,323600,0.0015451174289245982
E06000051,Shropshire,0,323600,0
E06000051,Shropshire,0,323600,0
E06000051,Shropshire,5647,323600,1.7450556242274413
E06000051,Shropshire,5008,323600,1.5475896168108776
E06000051,Shropshire,3062,323600,0.946229913473424
E06000051,Shropshire,658,323600,0.20333745364647712
E06000051,Shropshire,253,323600,0.07818294190358467
E06000052,Cornwall,0,570300,0
E06000052,Cornwall,0,570300,0
E06000052,Cornwall,0,570300,0
E06000052,Cornwall,0,570300,0
E06000052,Cornwall,0,570300,0
E06000052,Cornwall,0,570300,0
E06000052,Cornwall,0,570300,0
E06000052,Cornwall,169824,570300,29.778011572856393
E06000052,Cornwall,155661,570300,27.29458179905313
E06000052,Cornwall,102108,570300,17.904260915307734
E06000052,Cornwall,12177,570300,2.1351920042083115
E06000052,Cornwall,2079,570300,0.3645449763282483
E06000052,Cornwall,0,570300,0
E06000052,Cornwall,111,570300,0.0194634402945818
E06000052,Cornwall,165,570300,0.028932140978432403
E06000052,Cornwall,165,570300,0.028932140978432403
E06000052,Cornwall,28,570300,0.004909696650885499
E06000052,Cornwall,10,570300,0.001753463089601964
E06000052,Cornwall,0,570300,0
E06000052,Cornwall,75,570300,0.013150973172014729
E06000052,Cornwall,102,570300,0.01788532351394003
E06000052,Cornwall,102,570300,0.01788532351394003
E06000052,Cornwall,12,570300,0.0021041557075223566
E06000052,Cornwall,3,570300,5.260389268805891e-4
E06000052,Cornwall,0,570300,0
E06000052,Cornwall,65,570300,0.011397510082412765
E06000052,Cornwall,107,570300,0.018762055058741015
E06000052,Cornwall,91,570300,0.015956514115377872
E06000052,Cornwall,11,570300,0.0019288093985621604
E06000052,Cornwall,6,570300,0.0010520778537611783
E06000052,Cornwall,0,570300,0
E06000052,Cornwall,79,570300,0.013852358407855515
E06000052,Cornwall,185,570300,0.03243906715763633
E06000052,Cornwall,203,570300,0.035595300718919864
E06000052,Cornwall,37,570300,0.0064878134315272664
E06000052,Cornwall,12,570300,0.0021041557075223566
E06000052,Cornwall,0,570300,0
E06000052,Cornwall,8816,570300,1.5458530597930913
E06000052,Cornwall,9377,570300,1.6442223391197615
E06000052,Cornwall,6820,570300,1.1958618271085393
E06000052,Cornwall,977,570300,0.17131334385411187
E06000052,Cornwall,220,570300,0.03857618797124321
E06000053,Isles of Scilly,0,2100,0
E06000053,Isles of Scilly,0,2100,0
E06000053,Isles of Scilly,0,2100,0
E06000053,Isles of Scilly,0,2100,0
E06000053,Isles of Scilly,0,2100,0
E06000053,Isles of Scilly,0,2100,0
E06000053,Isles of Scilly,0,2100,0
E06000053,Isles of Scilly,638,2100,30.38095238095238
E06000053,Isles of Scilly,526,2100,25.047619047619047
E06000053,Isles of Scilly,412,2100,19.61904761904762
E06000053,Isles of Scilly,25,2100,1.1904761904761905
E06000053,Isles of Scilly,17,2100,0.8095238095238095
E06000053,Isles of Scilly,0,2100,0
E06000053,Isles of Scilly,0,2100,0
E06000053,Isles of Scilly,2,2100,0.09523809523809523
E06000053,Isles of Scilly,0,2100,0
E06000053,Isles of Scilly,0,2100,0
E06000053,Isles of Scilly,0,2100,0
E06000053,Isles of Scilly,0,2100,0
E06000053,Isles of Scilly,0,2100,0
E06000053,Isles of Scilly,1,2100,0.047619047619047616
E06000053,Isles of Scilly,0,2100,0
E06000053,Isles of Scilly,0,2100,0
E06000053,Isles of Scilly,0,2100,0
E06000053,Isles of Scilly,0,2100,0
E06000053,Isles of Scilly,0,2100,0
E06000053,Isles of Scilly,0,2100,0
E06000053,Isles of Scilly,0,2100,0
E06000053,Isles of Scilly,0,2100,0
E06000053,Isles of Scilly,0,2100,0
E06000053,Isles of Scilly,0,2100,0
E06000053,Isles of Scilly,0,2100,0
E06000053,Isles of Scilly,0,2100,0
E06000053,Isles of Scilly,4,2100,0.19047619047619047
E06000053,Isles of Scilly,1,2100,0.047619047619047616
E06000053,Isles of Scilly,0,2100,0
E06000053,Isles of Scilly,0,2100,0
E06000053,Isles of Scilly,24,2100,1.1428571428571428
E06000053,Isles of Scilly,24,2100,1.1428571428571428
E06000053,Isles of Scilly,29,2100,1.380952380952381
E06000053,Isles of Scilly,0,2100,0
E06000053,Isles of Scilly,0,2100,0
E06000054,Wiltshire,0,510400,0
E06000054,Wiltshire,0,510400,0
E06000054,Wiltshire,0,510400,0
E06000054,Wiltshire,0,510400,0
E06000054,Wiltshire,0,510400,0
E06000054,Wiltshire,0,510400,0
E06000054,Wiltshire,0,510400,0
E06000054,Wiltshire,173770,510400,34.04584639498432
E06000054,Wiltshire,127599,510400,24.999804075235108
E06000054,Wiltshire,75798,510400,14.850705329153605
E06000054,Wiltshire,8995,510400,1.7623432601880877
E06000054,Wiltshire,1555,510400,0.30466300940438873
E06000054,Wiltshire,0,510400,0
E06000054,Wiltshire,109,510400,0.021355799373040753
E06000054,Wiltshire,152,510400,0.029780564263322883
E06000054,Wiltshire,171,510400,0.033503134796238246
E06000054,Wiltshire,41,510400,0.008032915360501568
E06000054,Wiltshire,4,510400,7.836990595611285e-4
E06000054,Wiltshire,0,510400,0
E06000054,Wiltshire,78,510400,0.015282131661442006
E06000054,Wiltshire,103,510400,0.02018025078369906
E06000054,Wiltshire,95,510400,0.018612852664576802
E06000054,Wiltshire,11,510400,0.0021551724137931034
E06000054,Wiltshire,5,510400,9.796238244514106e-4
E06000054,Wiltshire,0,510400,0
E06000054,Wiltshire,70,510400,0.01371473354231975
E06000054,Wiltshire,105,510400,0.020572100313479624
E06000054,Wiltshire,118,510400,0.02311912225705329
E06000054,Wiltshire,11,510400,0.0021551724137931034
E06000054,Wiltshire,0,510400,0
E06000054,Wiltshire,0,510400,0
E06000054,Wiltshire,79,510400,0.015478056426332288
E06000054,Wiltshire,113,510400,0.022139498432601882
E06000054,Wiltshire,126,510400,0.02468652037617555
E06000054,Wiltshire,12,510400,0.0023510971786833857
E06000054,Wiltshire,2,510400,3.9184952978056425e-4
E06000054,Wiltshire,0,510400,0
E06000054,Wiltshire,7338,510400,1.4376959247648904
E06000054,Wiltshire,6498,510400,1.2731191222570533
E06000054,Wiltshire,4324,510400,0.8471786833855799
E06000054,Wiltshire,636,510400,0.12460815047021943
E06000054,Wiltshire,169,510400,0.03311128526645768
E06000055,Bedford,0,185300,0
E06000055,Bedford,0,185300,0
E06000055,Bedford,0,185300,0
E06000055,Bedford,0,185300,0
E06000055,Bedford,0,185300,0
E06000055,Bedford,0,185300,0
E06000055,Bedford,0,185300,0
E06000055,Bedford,50942,185300,27.491635186184567
E06000055,Bedford,41745,185300,22.528332433890988
E06000055,Bedford,35365,185300,19.085267134376686
E06000055,Bedford,6839,185300,3.69077172153265
E06000055,Bedford,1963,185300,1.0593631948192122
E06000055,Bedford,0,185300,0
E06000055,Bedford,54,185300,0.02914193200215866
E06000055,Bedford,113,185300,0.06098219104155424
E06000055,Bedford,162,185300,0.08742579600647599
E06000055,Bedford,78,185300,0.042093901780895844
E06000055,Bedford,27,185300,0.01457096600107933
E06000055,Bedford,0,185300,0
E06000055,Bedford,37,185300,0.019967620075553156
E06000055,Bedford,41,185300,0.022126281705342688
E06000055,Bedford,62,185300,0.03345925526173772
E06000055,Bedford,16,185300,0.008634646519158122
E06000055,Bedford,16,185300,0.008634646519158122
E06000055,Bedford,0,185300,0
E06000055,Bedford,36,185300,0.019427954668105773
E06000055,Bedford,42,185300,0.02266594711279007
E06000055,Bedford,70,185300,0.037776578521316787
E06000055,Bedford,10,185300,0.005396654074473826
E06000055,Bedford,8,185300,0.004317323259579061
E06000055,Bedford,0,185300,0
E06000055,Bedford,24,185300,0.012951969778737183
E06000055,Bedford,42,185300,0.02266594711279007
E06000055,Bedford,45,185300,0.024284943335132217
E06000055,Bedford,5,185300,0.002698327037236913
E06000055,Bedford,0,185300,0
E06000055,Bedford,0,185300,0
E06000055,Bedford,2336,185300,1.2606583917970857
E06000055,Bedford,2237,185300,1.2072315164597949
E06000055,Bedford,2647,185300,1.4284943335132219
E06000055,Bedford,657,185300,0.3545601726929304
E06000055,Bedford,237,185300,0.1279007015650297
E06000056,Central Bedfordshire,0,294200,0
E06000056,Central Bedfordshire,0,294200,0
E06000056,Central Bedfordshire,0,294200,0
E06000056,Central Bedfordshire,0,294200,0
E06000056,Central Bedfordshire,0,294200,0
E06000056,Central Bedfordshire,0,294200,0
E06000056,Central Bedfordshire,0,294200,0
E06000056,Central Bedfordshire,90984,294200,30.925900747790617
E06000056,Central Bedfordshire,75333,294200,25.606050305914344
E06000056,Central Bedfordshire,49040,294200,16.668932698844323
E06000056,Central Bedfordshire,6562,294200,2.230455472467709
E06000056,Central Bedfordshire,1159,294200,0.393949694085656
E06000056,Central Bedfordshire,0,294200,0
E06000056,Central Bedfordshire,68,294200,0.023113528212100613
E06000056,Central Bedfordshire,92,294200,0.03127124405166554
E06000056,Central Bedfordshire,127,294200,0.04316791298436438
E06000056,Central Bedfordshire,24,294200,0.008157715839564922
E06000056,Central Bedfordshire,9,294200,0.0030591434398368456
E06000056,Central Bedfordshire,0,294200,0
E06000056,Central Bedfordshire,33,294200,0.011216859279401768
E06000056,Central Bedfordshire,51,294200,0.01733514615907546
E06000056,Central Bedfordshire,47,294200,0.015975526852481305
E06000056,Central Bedfordshire,12,294200,0.004078857919782461
E06000056,Central Bedfordshire,1,294200,3.399048266485384e-4
E06000056,Central Bedfordshire,0,294200,0
E06000056,Central Bedfordshire,35,294200,0.011896668932698844
E06000056,Central Bedfordshire,50,294200,0.01699524133242692
E06000056,Central Bedfordshire,50,294200,0.01699524133242692
E06000056,Central Bedfordshire,17,294200,0.005778382053025153
E06000056,Central Bedfordshire,1,294200,3.399048266485384e-4
E06000056,Central Bedfordshire,0,294200,0
E06000056,Central Bedfordshire,28,294200,0.009517335146159076
E06000056,Central Bedfordshire,52,294200,0.017675050985723997
E06000056,Central Bedfordshire,60,294200,0.020394289598912305
E06000056,Central Bedfordshire,4,294200,0.0013596193065941536
E06000056,Central Bedfordshire,1,294200,3.399048266485384e-4
E06000056,Central Bedfordshire,0,294200,0
E06000056,Central Bedfordshire,3793,294200,1.2892590074779062
E06000056,Central Bedfordshire,3415,294200,1.1607749830047587
E06000056,Central Bedfordshire,2693,294200,0.9153636981645139
E06000056,Central Bedfordshire,453,294200,0.1539768864717879
E06000056,Central Bedfordshire,104,294200,0.03535010197144799
E06000057,Northumberland,0,320600,0
E06000057,Northumberland,0,320600,0
E06000057,Northumberland,0,320600,0
E06000057,Northumberland,0,320600,0
E06000057,Northumberland,0,320600,0
E06000057,Northumberland,0,320600,0
E06000057,Northumberland,0,320600,0
E06000057,Northumberland,109160,320600,34.04865876481597
E06000057,Northumberland,90387,320600,28.193075483468498
E06000057,Northumberland,48436,320600,15.10792264504055
E06000057,Northumberland,4616,320600,1.4398003742981909
E06000057,Northumberland,502,320600,0.15658140985651903
E06000057,Northumberland,0,320600,0
E06000057,Northumberland,88,320600,0.02744853399875234
E06000057,Northumberland,101,320600,0.03150343106674985
E06000057,Northumberland,96,320600,0.02994385527136619
E06000057,Northumberland,9,320600,0.0028072364316905803
E06000057,Northumberland,1,320600,3.1191515907673113e-4
E06000057,Northumberland,0,320600,0
E06000057,Northumberland,40,320600,0.012476606363069246
E06000057,Northumberland,55,320600,0.017155333749220212
E06000057,Northumberland,42,320600,0.013100436681222707
E06000057,Northumberland,2,320600,6.238303181534623e-4
E06000057,Northumberland,0,320600,0
E06000057,Northumberland,0,320600,0
E06000057,Northumberland,50,320600,0.015595757953836557
E06000057,Northumberland,52,320600,0.016219588271990017
E06000057,Northumberland,32,320600,0.009981285090455396
E06000057,Northumberland,5,320600,0.0015595757953836558
E06000057,Northumberland,1,320600,3.1191515907673113e-4
E06000057,Northumberland,0,320600,0
E06000057,Northumberland,34,320600,0.010605115408608859
E06000057,Northumberland,55,320600,0.017155333749220212
E06000057,Northumberland,51,320600,0.015907673112913287
E06000057,Northumberland,10,320600,0.0031191515907673115
E06000057,Northumberland,0,320600,0
E06000057,Northumberland,0,320600,0
E06000057,Northumberland,4120,320600,1.2850904553961322
E06000057,Northumberland,3887,320600,1.2124142233312538
E06000057,Northumberland,2361,320600,0.7364316905801622
E06000057,Northumberland,226,320600,0.07049282595134124
E06000057,Northumberland,43,320600,0.013412351840299439
E06000058,"Bournemouth, Christchurch and Poole",0,400300,0
E06000058,"Bournemouth, Christchurch and Poole",0,400300,0
E06000058,"Bournemouth, Christchurch and Poole",0,400300,0
E06000058,"Bournemouth, Christchurch and Poole",0,400300,0
E06000058,"Bournemouth, Christchurch and Poole",0,400300,0
E06000058,"Bournemouth, Christchurch and Poole",0,400300,0
E06000058,"Bournemouth, Christchurch and Poole",0,400300,0
E06000058,"Bournemouth, Christchurch and Poole",94238,400300,23.541843617287036
E06000058,"Bournemouth, Christchurch and Poole",105498,400300,26.354733949537845
E06000058,"Bournemouth, Christchurch and Poole",90242,400300,22.543592305770673
E06000058,"Bournemouth, Christchurch and Poole",12833,400300,3.2058456157881587
E06000058,"Bournemouth, Christchurch and Poole",2121,400300,0.5298526105420934
E06000058,"Bournemouth, Christchurch and Poole",0,400300,0
E06000058,"Bournemouth, Christchurch and Poole",84,400300,0.020984261803647264
E06000058,"Bournemouth, Christchurch and Poole",144,400300,0.035973020234823884
E06000058,"Bournemouth, Christchurch and Poole",247,400300,0.06170372220834374
E06000058,"Bournemouth, Christchurch and Poole",50,400300,0.012490632025980514
E06000058,"Bournemouth, Christchurch and Poole",10,400300,0.002498126405196103
E06000058,"Bournemouth, Christchurch and Poole",0,400300,0
E06000058,"Bournemouth, Christchurch and Poole",58,400300,0.014489133150137397
E06000058,"Bournemouth, Christchurch and Poole",70,400300,0.01748688483637272
E06000058,"Bournemouth, Christchurch and Poole",125,400300,0.031226580064951288
E06000058,"Bournemouth, Christchurch and Poole",14,400300,0.0034973769672745443
E06000058,"Bournemouth, Christchurch and Poole",4,400300,9.992505620784412e-4
E06000058,"Bournemouth, Christchurch and Poole",0,400300,0
E06000058,"Bournemouth, Christchurch and Poole",48,400300,0.011991006744941295
E06000058,"Bournemouth, Christchurch and Poole",80,400300,0.019985011241568824
E06000058,"Bournemouth, Christchurch and Poole",150,400300,0.03747189607794155
E06000058,"Bournemouth, Christchurch and Poole",20,400300,0.004996252810392206
E06000058,"Bournemouth, Christchurch and Poole",4,400300,9.992505620784412e-4
E06000058,"Bournemouth, Christchurch and Poole",0,400300,0
E06000058,"Bournemouth, Christchurch and Poole",67,400300,0.01673744691481389
E06000058,"Bournemouth, Christchurch and Poole",136,400300,0.033974519110667
E06000058,"Bournemouth, Christchurch and Poole",138,400300,0.03447414439170622
E06000058,"Bournemouth, Christchurch and Poole",16,400300,0.003997002248313765
E06000058,"Bournemouth, Christchurch and Poole",5,400300,0.0012490632025980515
E06000058,"Bournemouth, Christchurch and Poole",0,400300,0
E06000058,"Bournemouth, Christchurch and Poole",4760,400300,1.189108168873345
E06000058,"Bournemouth, Christchurch and Poole",5802,400300,1.4494129402947789
E06000058,"Bournemouth, Christchurch and Poole",6191,400300,1.5465900574569074
E06000058,"Bournemouth, Christchurch and Poole",1153,400300,0.28803397451911067
E06000058,"Bournemouth, Christchurch and Poole",330,400300,0.0824381713714714
E06000059,Dorset,0,379600,0
E06000059,Dorset,0,379600,0
E06000059,Dorset,0,379600,0
E06000059,Dorset,0,379600,0
E06000059,Dorset,0,379600,0
E06000059,Dorset,0,379600,0
E06000059,Dorset,0,379600,0
E06000059,Dorset,129960,379600,34.23603793466807
E06000059,Dorset,100113,379600,26.373287671232877
E06000059,Dorset,60506,379600,15.93940990516333
E06000059,Dorset,6488,379600,1.7091675447839831
E06000059,Dorset,1097,379600,0.2889884088514226
E06000059,Dorset,0,379600,0
E06000059,Dorset,53,379600,0.013962065331928345
E06000059,Dorset,89,379600,0.02344573234984194
E06000059,Dorset,114,379600,0.030031612223393046
E06000059,Dorset,14,379600,0.0036880927291886197
E06000059,Dorset,1,379600,2.6343519494204424e-4
E06000059,Dorset,0,379600,0
E06000059,Dorset,54,379600,0.01422550052687039
E06000059,Dorset,96,379600,0.02528977871443625
E06000059,Dorset,79,379600,0.020811380400421495
E06000059,Dorset,6,379600,0.0015806111696522655
E06000059,Dorset,2,379600,5.268703898840885e-4
E06000059,Dorset,0,379600,0
E06000059,Dorset,43,379600,0.011327713382507903
E06000059,Dorset,55,379600,0.014488935721812434
E06000059,Dorset,55,379600,0.014488935721812434
E06000059,Dorset,5,379600,0.0013171759747102212
E06000059,Dorset,0,379600,0
E06000059,Dorset,0,379600,0
E06000059,Dorset,42,379600,0.011064278187565859
E06000059,Dorset,87,379600,0.02291886195995785
E06000059,Dorset,60,379600,0.015806111696522657
E06000059,Dorset,8,379600,0.002107481559536354
E06000059,Dorset,0,379600,0
E06000059,Dorset,0,379600,0
E06000059,Dorset,6238,379600,1.643308746048472
E06000059,Dorset,5643,379600,1.4865648050579559
E06000059,Dorset,3698,379600,0.9741833508956796
E06000059,Dorset,456,379600,0.12012644889357219
E06000059,Dorset,107,379600,0.028187565858798735
E06000060,Buckinghamshire,0,553100,0
E06000060,Buckinghamshire,0,553100,0
E06000060,Buckinghamshire,0,553100,0
E06000060,Buckinghamshire,0,553100,0
E06000060,Buckinghamshire,0,553100,0
E06000060,Buckinghamshire,0,553100,0
E06000060,Buckinghamshire,0,553100,0
E06000060,Buckinghamshire,175096,553100,31.657204845416743
E06000060,Buckinghamshire,125519,553100,22.693726270113903
E06000060,Buckinghamshire,91142,553100,16.478394503706383
E06000060,Buckinghamshire,15741,553100,2.8459591393961308
E06000060,Buckinghamshire,4349,553100,0.7862954257819562
E06000060,Buckinghamshire,0,553100,0
E06000060,Buckinghamshire,150,553100,0.027119869824624842
E06000060,Buckinghamshire,203,553100,0.03670222382932562
E06000060,Buckinghamshire,239,553100,0.04321099258723558
E06000060,Buckinghamshire,73,553100,0.01319833664798409
E06000060,Buckinghamshire,34,553100,0.006147170493581631
E06000060,Buckinghamshire,0,553100,0
E06000060,Buckinghamshire,95,553100,0.01717591755559573
E06000060,Buckinghamshire,102,553100,0.018441511480744893
E06000060,Buckinghamshire,116,553100,0.02097269933104321
E06000060,Buckinghamshire,21,553100,0.003796781775447478
E06000060,Buckinghamshire,4,553100,7.231965286566625e-4
E06000060,Buckinghamshire,0,553100,0
E06000060,Buckinghamshire,74,553100,0.013379135780148255
E06000060,Buckinghamshire,106,553100,0.019164708009401555
E06000060,Buckinghamshire,109,553100,0.01970710540589405
E06000060,Buckinghamshire,30,553100,0.005423973964924968
E06000060,Buckinghamshire,9,553100,0.0016271921894774905
E06000060,Buckinghamshire,0,553100,0
E06000060,Buckinghamshire,103,553100,0.018622310612909056
E06000060,Buckinghamshire,90,553100,0.016271921894774905
E06000060,Buckinghamshire,106,553100,0.019164708009401555
E06000060,Buckinghamshire,12,553100,0.0021695895859699874
E06000060,Buckinghamshire,2,553100,3.615982643283312e-4
E06000060,Buckinghamshire,0,553100,0
E06000060,Buckinghamshire,7870,553100,1.4228891701319835
E06000060,Buckinghamshire,6718,553100,1.2146085698788647
E06000060,Buckinghamshire,6376,553100,1.1527752666787199
E06000060,Buckinghamshire,1642,553100,0.29687217501355995
E06000060,Buckinghamshire,760,553100,0.13740734044476585
E06000061,North Northamptonshire,0,359500,0
E06000061,North Northamptonshire,0,359500,0
E06000061,North Northamptonshire,0,359500,0
E06000061,North Northamptonshire,0,359500,0
E06000061,North Northamptonshire,0,359500,0
E06000061,North Northamptonshire,0,359500,0
E06000061,North Northamptonshire,0,359500,0
E06000061,North Northamptonshire,104985,359500,29.20305980528512
E06000061,North Northamptonshire,92398,359500,25.701808066759387
E06000061,North Northamptonshire,60514,359500,16.832823365785814
E06000061,North Northamptonshire,9348,359500,2.600278164116829
E06000061,North Northamptonshire,1723,359500,0.4792767732962448
E06000061,North Northamptonshire,0,359500,0
E06000061,North Northamptonshire,122,359500,0.03393602225312935
E06000061,North Northamptonshire,200,359500,0.055632823365785816
E06000061,North Northamptonshire,219,359500,0.060917941585535464
E06000061,North Northamptonshire,71,359500,0.019749652294853964
E06000061,North Northamptonshire,16,359500,0.004450625869262865
E06000061,North Northamptonshire,0,359500,0
E06000061,North Northamptonshire,66,359500,0.018358831710709317
E06000061,North Northamptonshire,99,359500,0.02753824756606398
E06000061,North Northamptonshire,76,359500,0.02114047287899861
E06000061,North Northamptonshire,20,359500,0.005563282336578581
E06000061,North Northamptonshire,4,359500,0.0011126564673157164
E06000061,North Northamptonshire,0,359500,0
E06000061,North Northamptonshire,68,359500,0.018915159944367176
E06000061,North Northamptonshire,79,359500,0.021974965229485395
E06000061,North Northamptonshire,90,359500,0.025034770514603615
E06000061,North Northamptonshire,26,359500,0.0072322670375521555
E06000061,North Northamptonshire,6,359500,0.0016689847009735744
E06000061,North Northamptonshire,0,359500,0
E06000061,North Northamptonshire,31,359500,0.008623087621696801
E06000061,North Northamptonshire,77,359500,0.02141863699582754
E06000061,North Northamptonshire,76,359500,0.02114047287899861
E06000061,North Northamptonshire,3,359500,8.344923504867872e-4
E06000061,North Northamptonshire,0,359500,0
E06000061,North Northamptonshire,0,359500,0
E06000061,North Northamptonshire,5191,359500,1.4439499304589707
E06000061,North Northamptonshire,5472,359500,1.5221140472878998
E06000061,North Northamptonshire,4278,359500,1.1899860917941585
E06000061,North Northamptonshire,808,359500,0.2247566063977747
E06000061,North Northamptonshire,200,359500,0.055632823365785816
E06000062,West Northamptonshire,0,425700,0
E06000062,West Northamptonshire,0,425700,0
E06000062,West Northamptonshire,0,425700,0
E06000062,West Northamptonshire,0,425700,0
E06000062,West Northamptonshire,0,425700,0
E06000062,West Northamptonshire,0,425700,0
E06000062,West Northamptonshire,0,425700,0
E06000062,West Northamptonshire,124452,425700,29.234672304439748
E06000062,West Northamptonshire,101372,425700,23.813013859525487
E06000062,West Northamptonshire,71653,425700,16.8318064364576
E06000062,West Northamptonshire,14222,425700,3.340850364106178
E06000062,West Northamptonshire,3524,425700,0.8278130138595254
E06000062,West Northamptonshire,0,425700,0
E06000062,West Northamptonshire,145,425700,0.03406154568945267
E06000062,West Northamptonshire,238,425700,0.055907916373032655
E06000062,West Northamptonshire,319,425700,0.07493540051679587
E06000062,West Northamptonshire,157,425700,0.03688043222926944
E06000062,West Northamptonshire,46,425700,0.010805731735964294
E06000062,West Northamptonshire,0,425700,0
E06000062,West Northamptonshire,57,425700,0.013389711064129669
E06000062,West Northamptonshire,105,425700,0.02466525722339676
E06000062,West Northamptonshire,145,425700,0.03406154568945267
E06000062,West Northamptonshire,38,425700,0.008926474042753112
E06000062,West Northamptonshire,8,425700,0.0018792576932111817
E06000062,West Northamptonshire,0,425700,0
E06000062,West Northamptonshire,45,425700,0.010570824524312896
E06000062,West Northamptonshire,119,425700,0.027953958186516328
E06000062,West Northamptonshire,149,425700,0.035001174536058256
E06000062,West Northamptonshire,40,425700,0.009396288466055908
E06000062,West Northamptonshire,10,425700,0.002349072116513977
E06000062,West Northamptonshire,0,425700,0
E06000062,West Northamptonshire,64,425700,0.015034061545689453
E06000062,West Northamptonshire,80,425700,0.018792576932111817
E06000062,West Northamptonshire,98,425700,0.023020906741836974
E06000062,West Northamptonshire,16,425700,0.0037585153864223633
E06000062,West Northamptonshire,3,425700,7.047216349541931e-4
E06000062,West Northamptonshire,0,425700,0
E06000062,West Northamptonshire,5947,425700,1.3969931876908621
E06000062,West Northamptonshire,6190,425700,1.4540756401221517
E06000062,West Northamptonshire,5850,425700,1.3742071881606766
E06000062,West Northamptonshire,1524,425700,0.3579985905567301
E06000062,West Northamptonshire,569,425700,0.1336622034296453
E07000008,Cambridge,0,145700,0
E07000008,Cambridge,0,145700,0
E07000008,Cambridge,0,145700,0
E07000008,Cambridge,0,145700,0
E07000008,Cambridge,0,145700,0
E07000008,Cambridge,0,145700,0
E07000008,Cambridge,0,145700,0
E07000008,Cambridge,27940,145700,19.176389842141386
E07000008,Cambridge,28879,145700,19.820864790665752
E07000008,Cambridge,31278,145700,21.467398764584765
E07000008,Cambridge,4603,145700,3.1592312971859986
E07000008,Cambridge,3898,145700,2.675360329444063
E07000008,Cambridge,0,145700,0
E07000008,Cambridge,39,145700,0.026767330130404943
E07000008,Cambridge,49,145700,0.033630748112560054
E07000008,Cambridge,135,145700,0.09265614275909403
E07000008,Cambridge,26,145700,0.017844886753603295
E07000008,Cambridge,42,145700,0.028826355525051476
E07000008,Cambridge,0,145700,0
E07000008,Cambridge,32,145700,0.02196293754289636
E07000008,Cambridge,33,145700,0.022649279341111873
E07000008,Cambridge,63,145700,0.043239533287577216
E07000008,Cambridge,6,145700,0.004118050789293068
E07000008,Cambridge,19,145700,0.013040494166094716
E07000008,Cambridge,0,145700,0
E07000008,Cambridge,16,145700,0.01098146877144818
E07000008,Cambridge,34,145700,0.023335621139327384
E07000008,Cambridge,51,145700,0.035003431708991076
E07000008,Cambridge,7,145700,0.004804392587508579
E07000008,Cambridge,1,145700,6.863417982155113e-4
E07000008,Cambridge,0,145700,0
E07000008,Cambridge,115,145700,0.0789293067947838
E07000008,Cambridge,90,145700,0.06177076183939602
E07000008,Cambridge,118,145700,0.08098833218943034
E07000008,Cambridge,15,145700,0.01029512697323267
E07000008,Cambridge,47,145700,0.03225806451612903
E07000008,Cambridge,0,145700,0
E07000008,Cambridge,1889,145700,1.296499656829101
E07000008,Cambridge,2104,145700,1.4440631434454358
E07000008,Cambridge,2952,145700,2.0260809883321893
E07000008,Cambridge,571,145700,0.39190116678105696
E07000008,Cambridge,643,145700,0.4413177762525738
E07000009,East Cambridgeshire,0,87700,0
E07000009,East Cambridgeshire,0,87700,0
E07000009,East Cambridgeshire,0,87700,0
E07000009,East Cambridgeshire,0,87700,0
E07000009,East Cambridgeshire,0,87700,0
E07000009,East Cambridgeshire,0,87700,0
E07000009,East Cambridgeshire,0,87700,0
E07000009,East Cambridgeshire,29663,87700,33.82326111744584
E07000009,East Cambridgeshire,22675,87700,25.855188141391107
E07000009,East Cambridgeshire,12743,87700,14.530216647662487
E07000009,East Cambridgeshire,1544,87700,1.7605473204104902
E07000009,East Cambridgeshire,240,87700,0.27366020524515394
E07000009,East Cambridgeshire,0,87700,0
E07000009,East Cambridgeshire,22,87700,0.02508551881413911
E07000009,East Cambridgeshire,27,87700,0.03078677309007982
E07000009,East Cambridgeshire,35,87700,0.039908779931584946
E07000009,East Cambridgeshire,8,87700,0.009122006841505131
E07000009,East Cambridgeshire,0,87700,0
E07000009,East Cambridgeshire,0,87700,0
E07000009,East Cambridgeshire,13,87700,0.014823261117445839
E07000009,East Cambridgeshire,13,87700,0.014823261117445839
E07000009,East Cambridgeshire,18,87700,0.020524515393386546
E07000009,East Cambridgeshire,3,87700,0.0034207525655644243
E07000009,East Cambridgeshire,0,87700,0
E07000009,East Cambridgeshire,0,87700,0
E07000009,East Cambridgeshire,7,87700,0.00798175598631699
E07000009,East Cambridgeshire,10,87700,0.011402508551881414
E07000009,East Cambridgeshire,15,87700,0.01710376282782212
E07000009,East Cambridgeshire,2,87700,0.002280501710376283
E07000009,East Cambridgeshire,0,87700,0
E07000009,East Cambridgeshire,0,87700,0
E07000009,East Cambridgeshire,18,87700,0.020524515393386546
E07000009,East Cambridgeshire,25,87700,0.028506271379703536
E07000009,East Cambridgeshire,16,87700,0.018244013683010263
E07000009,East Cambridgeshire,5,87700,0.005701254275940707
E07000009,East Cambridgeshire,1,87700,0.0011402508551881414
E07000009,East Cambridgeshire,0,87700,0
E07000009,East Cambridgeshire,1396,87700,1.5917901938426453
E07000009,East Cambridgeshire,1262,87700,1.4389965792474344
E07000009,East Cambridgeshire,840,87700,0.9578107183580388
E07000009,East Cambridgeshire,121,87700,0.1379703534777651
E07000009,East Cambridgeshire,17,87700,0.019384264538198404
E07000010,Fenland,0,102500,0
E07000010,Fenland,0,102500,0
E07000010,Fenland,0,102500,0
E07000010,Fenland,0,102500,0
E07000010,Fenland,0,102500,0
E07000010,Fenland,0,102500,0
E07000010,Fenland,0,102500,0
E07000010,Fenland,28092,102500,27.406829268292682
E07000010,Fenland,27900,102500,27.21951219512195
E07000010,Fenland,18448,102500,17.998048780487807
E07000010,Fenland,2920,102500,2.848780487804878
E07000010,Fenland,490,102500,0.47804878048780486
E07000010,Fenland,0,102500,0
E07000010,Fenland,44,102500,0.042926829268292686
E07000010,Fenland,86,102500,0.08390243902439025
E07000010,Fenland,126,102500,0.12292682926829268
E07000010,Fenland,36,102500,0.0351219512195122
E07000010,Fenland,8,102500,0.007804878048780488
E07000010,Fenland,0,102500,0
E07000010,Fenland,14,102500,0.013658536585365854
E07000010,Fenland,27,102500,0.026341463414634145
E07000010,Fenland,29,102500,0.02829268292682927
E07000010,Fenland,3,102500,0.002926829268292683
E07000010,Fenland,0,102500,0
E07000010,Fenland,0,102500,0
E07000010,Fenland,12,102500,0.011707317073170732
E07000010,Fenland,14,102500,0.013658536585365854
E07000010,Fenland,27,102500,0.026341463414634145
E07000010,Fenland,6,102500,0.005853658536585366
E07000010,Fenland,1,102500,9.75609756097561e-4
E07000010,Fenland,0,102500,0
E07000010,Fenland,10,102500,0.00975609756097561
E07000010,Fenland,21,102500,0.02048780487804878
E07000010,Fenland,16,102500,0.015609756097560976
E07000010,Fenland,5,102500,0.004878048780487805
E07000010,Fenland,1,102500,9.75609756097561e-4
E07000010,Fenland,0,102500,0
E07000010,Fenland,1512,102500,1.4751219512195122
E07000010,Fenland,1747,102500,1.704390243902439
E07000010,Fenland,1465,102500,1.4292682926829268
E07000010,Fenland,326,102500,0.3180487804878049
E07000010,Fenland,55,102500,0.05365853658536585
E07000011,Huntingdonshire,0,180800,0
E07000011,Huntingdonshire,0,180800,0
E07000011,Huntingdonshire,0,180800,0
E07000011,Huntingdonshire,0,180800,0
E07000011,Huntingdonshire,0,180800,0
E07000011,Huntingdonshire,0,180800,0
E07000011,Huntingdonshire,0,180800,0
E07000011,Huntingdonshire,64159,180800,35.48617256637168
E07000011,Huntingdonshire,44099,180800,24.39103982300885
E07000011,Huntingdonshire,26594,180800,14.709070796460177
E07000011,Huntingdonshire,3219,180800,1.780420353982301
E07000011,Huntingdonshire,521,180800,0.2881637168141593
E07000011,Huntingdonshire,0,180800,0
E07000011,Huntingdonshire,35,180800,0.019358407079646017
E07000011,Huntingdonshire,58,180800,0.032079646017699116
E07000011,Huntingdonshire,75,180800,0.041482300884955754
E07000011,Huntingdonshire,30,180800,0.016592920353982302
E07000011,Huntingdonshire,8,180800,0.004424778761061947
E07000011,Huntingdonshire,0,180800,0
E07000011,Huntingdonshire,39,180800,0.02157079646017699
E07000011,Huntingdonshire,28,180800,0.015486725663716814
E07000011,Huntingdonshire,37,180800,0.020464601769911505
E07000011,Huntingdonshire,5,180800,0.0027654867256637168
E07000011,Huntingdonshire,1,180800,5.530973451327434e-4
E07000011,Huntingdonshire,0,180800,0
E07000011,Huntingdonshire,28,180800,0.015486725663716814
E07000011,Huntingdonshire,30,180800,0.016592920353982302
E07000011,Huntingdonshire,37,180800,0.020464601769911505
E07000011,Huntingdonshire,4,180800,0.0022123893805309734
E07000011,Huntingdonshire,0,180800,0
E07000011,Huntingdonshire,0,180800,0
E07000011,Huntingdonshire,33,180800,0.01825221238938053
E07000011,Huntingdonshire,47,180800,0.025995575221238937
E07000011,Huntingdonshire,36,180800,0.01991150442477876
E07000011,Huntingdonshire,1,180800,5.530973451327434e-4
E07000011,Huntingdonshire,0,180800,0
E07000011,Huntingdonshire,0,180800,0
E07000011,Huntingdonshire,2646,180800,1.4634955752212389
E07000011,Huntingdonshire,2061,180800,1.1399336283185841
E07000011,Huntingdonshire,1568,180800,0.8672566371681416
E07000011,Huntingdonshire,347,180800,0.19192477876106195
E07000011,Huntingdonshire,74,180800,0.04092920353982301
E07000012,South Cambridgeshire,0,162000,0
E07000012,South Cambridgeshire,0,162000,0
E07000012,South Cambridgeshire,0,162000,0
E07000012,South Cambridgeshire,0,162000,0
E07000012,South Cambridgeshire,0,162000,0
E07000012,South Cambridgeshire,0,162000,0
E07000012,South Cambridgeshire,0,162000,0
E07000012,South Cambridgeshire,58909,162000,36.36358024691358
E07000012,South Cambridgeshire,38430,162000,23.72222222222222
E07000012,South Cambridgeshire,22098,162000,13.64074074074074
E07000012,South Cambridgeshire,2237,162000,1.3808641975308642
E07000012,South Cambridgeshire,325,162000,0.2006172839506173
E07000012,South Cambridgeshire,0,162000,0
E07000012,South Cambridgeshire,36,162000,0.022222222222222223
E07000012,South Cambridgeshire,42,162000,0.025925925925925925
E07000012,South Cambridgeshire,48,162000,0.02962962962962963
E07000012,South Cambridgeshire,12,162000,0.007407407407407408
E07000012,South Cambridgeshire,4,162000,0.0024691358024691358
E07000012,South Cambridgeshire,0,162000,0
E07000012,South Cambridgeshire,62,162000,0.03827160493827161
E07000012,South Cambridgeshire,40,162000,0.024691358024691357
E07000012,South Cambridgeshire,39,162000,0.024074074074074074
E07000012,South Cambridgeshire,0,162000,0
E07000012,South Cambridgeshire,0,162000,0
E07000012,South Cambridgeshire,0,162000,0
E07000012,South Cambridgeshire,23,162000,0.014197530864197531
E07000012,South Cambridgeshire,17,162000,0.010493827160493827
E07000012,South Cambridgeshire,24,162000,0.014814814814814815
E07000012,South Cambridgeshire,3,162000,0.001851851851851852
E07000012,South Cambridgeshire,0,162000,0
E07000012,South Cambridgeshire,0,162000,0
E07000012,South Cambridgeshire,54,162000,0.03333333333333333
E07000012,South Cambridgeshire,61,162000,0.037654320987654324
E07000012,South Cambridgeshire,46,162000,0.028395061728395062
E07000012,South Cambridgeshire,3,162000,0.001851851851851852
E07000012,South Cambridgeshire,0,162000,0
E07000012,South Cambridgeshire,0,162000,0
E07000012,South Cambridgeshire,2619,162000,1.6166666666666667
E07000012,South Cambridgeshire,2195,162000,1.3549382716049383
E07000012,South Cambridgeshire,1520,162000,0.9382716049382716
E07000012,South Cambridgeshire,191,162000,0.11790123456790123
E07000012,South Cambridgeshire,27,162000,0.016666666666666666
E07000026,Allerdale,0,96100,0
E07000026,Allerdale,0,96100,0
E07000026,Allerdale,0,96100,0
E07000026,Allerdale,0,96100,0
E07000026,Allerdale,0,96100,0
E07000026,Allerdale,0,96100,0
E07000026,Allerdale,0,96100,0
E07000026,Allerdale,33381,96100,34.73569198751301
E07000026,Allerdale,28012,96100,29.148803329864723
E07000026,Allerdale,13058,96100,13.58792924037461
E07000026,Allerdale,1214,96100,1.263267429760666
E07000026,Allerdale,148,96100,0.15400624349635797
E07000026,Allerdale,0,96100,0
E07000026,Allerdale,24,96100,0.02497398543184183
E07000026,Allerdale,46,96100,0.047866805411030174
E07000026,Allerdale,30,96100,0.031217481789802288
E07000026,Allerdale,9,96100,0.009365244536940686
E07000026,Allerdale,3,96100,0.003121748178980229
E07000026,Allerdale,0,96100,0
E07000026,Allerdale,17,96100,0.01768990634755463
E07000026,Allerdale,14,96100,0.014568158168574402
E07000026,Allerdale,13,96100,0.013527575442247659
E07000026,Allerdale,0,96100,0
E07000026,Allerdale,0,96100,0
E07000026,Allerdale,0,96100,0
E07000026,Allerdale,9,96100,0.009365244536940686
E07000026,Allerdale,19,96100,0.019771071800208116
E07000026,Allerdale,10,96100,0.01040582726326743
E07000026,Allerdale,2,96100,0.002081165452653486
E07000026,Allerdale,0,96100,0
E07000026,Allerdale,0,96100,0
E07000026,Allerdale,7,96100,0.007284079084287201
E07000026,Allerdale,15,96100,0.015608740894901144
E07000026,Allerdale,11,96100,0.011446409989594173
E07000026,Allerdale,0,96100,0
E07000026,Allerdale,0,96100,0
E07000026,Allerdale,0,96100,0
E07000026,Allerdale,1370,96100,1.4255983350676378
E07000026,Allerdale,1336,96100,1.3902185223725285
E07000026,Allerdale,716,96100,0.745057232049948
E07000026,Allerdale,88,96100,0.09157127991675339
E07000026,Allerdale,18,96100,0.018730489073881373
E07000027,Barrow-in-Furness,0,67400,0
E07000027,Barrow-in-Furness,0,67400,0
E07000027,Barrow-in-Furness,0,67400,0
E07000027,Barrow-in-Furness,0,67400,0
E07000027,Barrow-in-Furness,0,67400,0
E07000027,Barrow-in-Furness,0,67400,0
E07000027,Barrow-in-Furness,0,67400,0
E07000027,Barrow-in-Furness,17880,67400,26.52818991097923
E07000027,Barrow-in-Furness,20782,67400,30.833827893175073
E07000027,Barrow-in-Furness,12319,67400,18.277448071216618
E07000027,Barrow-in-Furness,1367,67400,2.0281899109792283
E07000027,Barrow-in-Furness,172,67400,0.2551928783382789
E07000027,Barrow-in-Furness,0,67400,0
E07000027,Barrow-in-Furness,15,67400,0.02225519287833828
E07000027,Barrow-in-Furness,20,67400,0.02967359050445104
E07000027,Barrow-in-Furness,31,67400,0.04599406528189911
E07000027,Barrow-in-Furness,2,67400,0.002967359050445104
E07000027,Barrow-in-Furness,0,67400,0
E07000027,Barrow-in-Furness,0,67400,0
E07000027,Barrow-in-Furness,9,67400,0.013353115727002967
E07000027,Barrow-in-Furness,19,67400,0.028189910979228485
E07000027,Barrow-in-Furness,12,67400,0.017804154302670624
E07000027,Barrow-in-Furness,1,67400,0.001483679525222552
E07000027,Barrow-in-Furness,0,67400,0
E07000027,Barrow-in-Furness,0,67400,0
E07000027,Barrow-in-Furness,7,67400,0.010385756676557863
E07000027,Barrow-in-Furness,21,67400,0.03115727002967359
E07000027,Barrow-in-Furness,10,67400,0.01483679525222552
E07000027,Barrow-in-Furness,1,67400,0.001483679525222552
E07000027,Barrow-in-Furness,0,67400,0
E07000027,Barrow-in-Furness,0,67400,0
E07000027,Barrow-in-Furness,8,67400,0.011869436201780416
E07000027,Barrow-in-Furness,12,67400,0.017804154302670624
E07000027,Barrow-in-Furness,11,67400,0.016320474777448073
E07000027,Barrow-in-Furness,2,67400,0.002967359050445104
E07000027,Barrow-in-Furness,0,67400,0
E07000027,Barrow-in-Furness,0,67400,0
E07000027,Barrow-in-Furness,801,67400,1.188427299703264
E07000027,Barrow-in-Furness,1011,67400,1.5
E07000027,Barrow-in-Furness,701,67400,1.040059347181009
E07000027,Barrow-in-Furness,73,67400,0.1083086053412463
E07000027,Barrow-in-Furness,13,67400,0.019287833827893175
E07000028,Carlisle,0,110000,0
E07000028,Carlisle,0,110000,0
E07000028,Carlisle,0,110000,0
E07000028,Carlisle,0,110000,0
E07000028,Carlisle,0,110000,0
E07000028,Carlisle,0,110000,0
E07000028,Carlisle,0,110000,0
E07000028,Carlisle,33829,110000,30.753636363636364
E07000028,Carlisle,32417,110000,29.47
E07000028,Carlisle,17378,110000,15.798181818181819
E07000028,Carlisle,1662,110000,1.510909090909091
E07000028,Carlisle,258,110000,0.23454545454545456
E07000028,Carlisle,0,110000,0
E07000028,Carlisle,36,110000,0.03272727272727273
E07000028,Carlisle,57,110000,0.05181818181818182
E07000028,Carlisle,66,110000,0.06
E07000028,Carlisle,4,110000,0.0036363636363636364
E07000028,Carlisle,4,110000,0.0036363636363636364
E07000028,Carlisle,0,110000,0
E07000028,Carlisle,16,110000,0.014545454545454545
E07000028,Carlisle,21,110000,0.019090909090909092
E07000028,Carlisle,25,110000,0.022727272727272728
E07000028,Carlisle,7,110000,0.006363636363636364
E07000028,Carlisle,0,110000,0
E07000028,Carlisle,0,110000,0
E07000028,Carlisle,15,110000,0.013636363636363636
E07000028,Carlisle,18,110000,0.016363636363636365
E07000028,Carlisle,24,110000,0.02181818181818182
E07000028,Carlisle,3,110000,0.0027272727272727275
E07000028,Carlisle,4,110000,0.0036363636363636364
E07000028,Carlisle,0,110000,0
E07000028,Carlisle,12,110000,0.01090909090909091
E07000028,Carlisle,32,110000,0.02909090909090909
E07000028,Carlisle,22,110000,0.02
E07000028,Carlisle,2,110000,0.0018181818181818182
E07000028,Carlisle,2,110000,0.0018181818181818182
E07000028,Carlisle,0,110000,0
E07000028,Carlisle,1493,110000,1.3572727272727272
E07000028,Carlisle,1634,110000,1.4854545454545454
E07000028,Carlisle,981,110000,0.8918181818181818
E07000028,Carlisle,96,110000,0.08727272727272728
E07000028,Carlisle,53,110000,0.04818181818181818
E07000029,Copeland,0,67100,0
E07000029,Copeland,0,67100,0
E07000029,Copeland,0,67100,0
E07000029,Copeland,0,67100,0
E07000029,Copeland,0,67100,0
E07000029,Copeland,0,67100,0
E07000029,Copeland,0,67100,0
E07000029,Copeland,23110,67100,34.44113263785395
E07000029,Copeland,19776,67100,29.472429210134127
E07000029,Copeland,8663,67100,12.910581222056631
E07000029,Copeland,959,67100,1.4292101341281669
E07000029,Copeland,84,67100,0.12518628912071536
E07000029,Copeland,0,67100,0
E07000029,Copeland,22,67100,0.03278688524590164
E07000029,Copeland,35,67100,0.05216095380029806
E07000029,Copeland,22,67100,0.03278688524590164
E07000029,Copeland,0,67100,0
E07000029,Copeland,0,67100,0
E07000029,Copeland,0,67100,0
E07000029,Copeland,12,67100,0.01788375558867362
E07000029,Copeland,8,67100,0.011922503725782414
E07000029,Copeland,11,67100,0.01639344262295082
E07000029,Copeland,1,67100,0.0014903129657228018
E07000029,Copeland,0,67100,0
E07000029,Copeland,0,67100,0
E07000029,Copeland,13,67100,0.019374068554396422
E07000029,Copeland,22,67100,0.03278688524590164
E07000029,Copeland,3,67100,0.004470938897168405
E07000029,Copeland,1,67100,0.0014903129657228018
E07000029,Copeland,0,67100,0
E07000029,Copeland,0,67100,0
E07000029,Copeland,6,67100,0.00894187779433681
E07000029,Copeland,16,67100,0.02384500745156483
E07000029,Copeland,14,67100,0.020864381520119227
E07000029,Copeland,0,67100,0
E07000029,Copeland,0,67100,0
E07000029,Copeland,0,67100,0
E07000029,Copeland,1075,67100,1.602086438152012
E07000029,Copeland,984,67100,1.466467958271237
E07000029,Copeland,441,67100,0.6572280178837556
E07000029,Copeland,40,67100,0.05961251862891207
E07000029,Copeland,3,67100,0.004470938897168405
E07000030,Eden,0,54700,0
E07000030,Eden,0,54700,0
E07000030,Eden,0,54700,0
E07000030,Eden,0,54700,0
E07000030,Eden,0,54700,0
E07000030,Eden,0,54700,0
E07000030,Eden,0,54700,0
E07000030,Eden,21018,54700,38.424131627056674
E07000030,Eden,14776,54700,27.012797074954296
E07000030,Eden,7045,54700,12.879341864716636
E07000030,Eden,728,54700,1.3308957952468008
E07000030,Eden,207,54700,0.37842778793418647
E07000030,Eden,0,54700,0
E07000030,Eden,18,54700,0.03290676416819013
E07000030,Eden,20,54700,0.03656307129798903
E07000030,Eden,11,54700,0.02010968921389397
E07000030,Eden,5,54700,0.009140767824497258
E07000030,Eden,2,54700,0.003656307129798903
E07000030,Eden,0,54700,0
E07000030,Eden,7,54700,0.012797074954296161
E07000030,Eden,7,54700,0.012797074954296161
E07000030,Eden,6,54700,0.010968921389396709
E07000030,Eden,1,54700,0.0018281535648994515
E07000030,Eden,0,54700,0
E07000030,Eden,0,54700,0
E07000030,Eden,11,54700,0.02010968921389397
E07000030,Eden,5,54700,0.009140767824497258
E07000030,Eden,6,54700,0.010968921389396709
E07000030,Eden,5,54700,0.009140767824497258
E07000030,Eden,0,54700,0
E07000030,Eden,0,54700,0
E07000030,Eden,15,54700,0.027422303473491772
E07000030,Eden,10,54700,0.018281535648994516
E07000030,Eden,14,54700,0.025594149908592323
E07000030,Eden,1,54700,0.0018281535648994515
E07000030,Eden,0,54700,0
E07000030,Eden,0,54700,0
E07000030,Eden,1038,54700,1.8976234003656307
E07000030,Eden,795,54700,1.453382084095064
E07000030,Eden,495,54700,0.9049360146252285
E07000030,Eden,65,54700,0.11882998171846434
E07000030,Eden,17,54700,0.031078610603290677
E07000031,South Lakeland,0,104500,0
E07000031,South Lakeland,0,104500,0
E07000031,South Lakeland,0,104500,0
E07000031,South Lakeland,0,104500,0
E07000031,South Lakeland,0,104500,0
E07000031,South Lakeland,0,104500,0
E07000031,South Lakeland,0,104500,0
E07000031,South Lakeland,37541,104500,35.9244019138756
E07000031,South Lakeland,28952,104500,27.705263157894738
E07000031,South Lakeland,15101,104500,14.450717703349282
E07000031,South Lakeland,1396,104500,1.3358851674641148
E07000031,South Lakeland,105,104500,0.10047846889952153
E07000031,South Lakeland,0,104500,0
E07000031,South Lakeland,26,104500,0.024880382775119617
E07000031,South Lakeland,35,104500,0.03349282296650718
E07000031,South Lakeland,19,104500,0.01818181818181818
E07000031,South Lakeland,5,104500,0.004784688995215311
E07000031,South Lakeland,1,104500,9.569377990430622e-4
E07000031,South Lakeland,0,104500,0
E07000031,South Lakeland,16,104500,0.015311004784688996
E07000031,South Lakeland,18,104500,0.01722488038277512
E07000031,South Lakeland,16,104500,0.015311004784688996
E07000031,South Lakeland,4,104500,0.003827751196172249
E07000031,South Lakeland,0,104500,0
E07000031,South Lakeland,0,104500,0
E07000031,South Lakeland,14,104500,0.013397129186602871
E07000031,South Lakeland,14,104500,0.013397129186602871
E07000031,South Lakeland,22,104500,0.021052631578947368
E07000031,South Lakeland,1,104500,9.569377990430622e-4
E07000031,South Lakeland,0,104500,0
E07000031,South Lakeland,0,104500,0
E07000031,South Lakeland,9,104500,0.00861244019138756
E07000031,South Lakeland,26,104500,0.024880382775119617
E07000031,South Lakeland,23,104500,0.02200956937799043
E07000031,South Lakeland,2,104500,0.0019138755980861245
E07000031,South Lakeland,0,104500,0
E07000031,South Lakeland,0,104500,0
E07000031,South Lakeland,1701,104500,1.6277511961722488
E07000031,South Lakeland,1482,104500,1.4181818181818182
E07000031,South Lakeland,894,104500,0.8555023923444977
E07000031,South Lakeland,126,104500,0.12057416267942583
E07000031,South Lakeland,14,104500,0.013397129186602871
E07000032,Amber Valley,0,126200,0
E07000032,Amber Valley,0,126200,0
E07000032,Amber Valley,0,126200,0
E07000032,Amber Valley,0,126200,0
E07000032,Amber Valley,0,126200,0
E07000032,Amber Valley,0,126200,0
E07000032,Amber Valley,0,126200,0
E07000032,Amber Valley,39273,126200,31.119651347068146
E07000032,Amber Valley,36840,126200,29.19175911251981
E07000032,Amber Valley,19791,126200,15.682250396196514
E07000032,Amber Valley,2257,126200,1.7884310618066561
E07000032,Amber Valley,297,126200,0.2353407290015848
E07000032,Amber Valley,0,126200,0
E07000032,Amber Valley,27,126200,0.021394611727416798
E07000032,Amber Valley,43,126200,0.03407290015847861
E07000032,Amber Valley,37,126200,0.029318541996830427
E07000032,Amber Valley,9,126200,0.0071315372424722665
E07000032,Amber Valley,8,126200,0.006339144215530904
E07000032,Amber Valley,0,126200,0
E07000032,Amber Valley,12,126200,0.009508716323296355
E07000032,Amber Valley,23,126200,0.018225039619651346
E07000032,Amber Valley,11,126200,0.008716323296354992
E07000032,Amber Valley,1,126200,7.92393026941363e-4
E07000032,Amber Valley,0,126200,0
E07000032,Amber Valley,0,126200,0
E07000032,Amber Valley,17,126200,0.01347068145800317
E07000032,Amber Valley,18,126200,0.014263074484944533
E07000032,Amber Valley,22,126200,0.017432646592709985
E07000032,Amber Valley,1,126200,7.92393026941363e-4
E07000032,Amber Valley,0,126200,0
E07000032,Amber Valley,0,126200,0
E07000032,Amber Valley,18,126200,0.014263074484944533
E07000032,Amber Valley,28,126200,0.022187004754358162
E07000032,Amber Valley,31,126200,0.02456418383518225
E07000032,Amber Valley,0,126200,0
E07000032,Amber Valley,0,126200,0
E07000032,Amber Valley,0,126200,0
E07000032,Amber Valley,1821,126200,1.442947702060222
E07000032,Amber Valley,2072,126200,1.641838351822504
E07000032,Amber Valley,1237,126200,0.9801901743264659
E07000032,Amber Valley,156,126200,0.12361331220285261
E07000032,Amber Valley,17,126200,0.01347068145800317
E07000033,Bolsover,0,80300,0
E07000033,Bolsover,0,80300,0
E07000033,Bolsover,0,80300,0
E07000033,Bolsover,0,80300,0
E07000033,Bolsover,0,80300,0
E07000033,Bolsover,0,80300,0
E07000033,Bolsover,0,80300,0
E07000033,Bolsover,22160,80300,27.59651307596513
E07000033,Bolsover,24890,80300,30.99626400996264
E07000033,Bolsover,13020,80300,16.214196762141967
E07000033,Bolsover,1675,80300,2.0859277708592776
E07000033,Bolsover,287,80300,0.3574097135740971
E07000033,Bolsover,0,80300,0
E07000033,Bolsover,26,80300,0.0323785803237858
E07000033,Bolsover,32,80300,0.039850560398505604
E07000033,Bolsover,16,80300,0.019925280199252802
E07000033,Bolsover,5,80300,0.0062266500622665
E07000033,Bolsover,0,80300,0
E07000033,Bolsover,0,80300,0
E07000033,Bolsover,13,80300,0.0161892901618929
E07000033,Bolsover,19,80300,0.023661270236612703
E07000033,Bolsover,10,80300,0.012453300124533
E07000033,Bolsover,2,80300,0.0024906600249066002
E07000033,Bolsover,1,80300,0.0012453300124533001
E07000033,Bolsover,0,80300,0
E07000033,Bolsover,12,80300,0.014943960149439602
E07000033,Bolsover,14,80300,0.017434620174346202
E07000033,Bolsover,9,80300,0.0112079701120797
E07000033,Bolsover,1,80300,0.0012453300124533001
E07000033,Bolsover,0,80300,0
E07000033,Bolsover,0,80300,0
E07000033,Bolsover,5,80300,0.0062266500622665
E07000033,Bolsover,25,80300,0.031133250311332503
E07000033,Bolsover,10,80300,0.012453300124533
E07000033,Bolsover,3,80300,0.0037359900373599006
E07000033,Bolsover,0,80300,0
E07000033,Bolsover,0,80300,0
E07000033,Bolsover,1047,80300,1.3038605230386053
E07000033,Bolsover,1482,80300,1.8455790784557908
E07000033,Bolsover,719,80300,0.8953922789539228
E07000033,Bolsover,130,80300,0.16189290161892902
E07000033,Bolsover,23,80300,0.028642590286425903
E07000034,Chesterfield,0,103600,0
E07000034,Chesterfield,0,103600,0
E07000034,Chesterfield,0,103600,0
E07000034,Chesterfield,0,103600,0
E07000034,Chesterfield,0,103600,0
E07000034,Chesterfield,0,103600,0
E07000034,Chesterfield,0,103600,0
E07000034,Chesterfield,28097,103600,27.12065637065637
E07000034,Chesterfield,30091,103600,29.045366795366796
E07000034,Chesterfield,19712,103600,19.027027027027028
E07000034,Chesterfield,2198,103600,2.1216216216216215
E07000034,Chesterfield,315,103600,0.30405405405405406
E07000034,Chesterfield,0,103600,0
E07000034,Chesterfield,26,103600,0.025096525096525095
E07000034,Chesterfield,41,103600,0.03957528957528957
E07000034,Chesterfield,32,103600,0.03088803088803089
E07000034,Chesterfield,11,103600,0.010617760617760617
E07000034,Chesterfield,0,103600,0
E07000034,Chesterfield,0,103600,0
E07000034,Chesterfield,17,103600,0.016409266409266408
E07000034,Chesterfield,16,103600,0.015444015444015444
E07000034,Chesterfield,25,103600,0.02413127413127413
E07000034,Chesterfield,6,103600,0.005791505791505791
E07000034,Chesterfield,0,103600,0
E07000034,Chesterfield,0,103600,0
E07000034,Chesterfield,13,103600,0.012548262548262547
E07000034,Chesterfield,17,103600,0.016409266409266408
E07000034,Chesterfield,22,103600,0.021235521235521235
E07000034,Chesterfield,1,103600,9.652509652509653e-4
E07000034,Chesterfield,0,103600,0
E07000034,Chesterfield,0,103600,0
E07000034,Chesterfield,14,103600,0.013513513513513514
E07000034,Chesterfield,26,103600,0.025096525096525095
E07000034,Chesterfield,29,103600,0.027992277992277992
E07000034,Chesterfield,4,103600,0.003861003861003861
E07000034,Chesterfield,0,103600,0
E07000034,Chesterfield,0,103600,0
E07000034,Chesterfield,1459,103600,1.4083011583011582
E07000034,Chesterfield,1585,103600,1.52992277992278
E07000034,Chesterfield,1184,103600,1.1428571428571428
E07000034,Chesterfield,130,103600,0.12548262548262548
E07000034,Chesterfield,11,103600,0.010617760617760617
E07000035,Derbyshire Dales,0,71500,0
E07000035,Derbyshire Dales,0,71500,0
E07000035,Derbyshire Dales,0,71500,0
E07000035,Derbyshire Dales,0,71500,0
E07000035,Derbyshire Dales,0,71500,0
E07000035,Derbyshire Dales,0,71500,0
E07000035,Derbyshire Dales,0,71500,0
E07000035,Derbyshire Dales,27501,71500,38.462937062937065
E07000035,Derbyshire Dales,18988,71500,26.556643356643356
E07000035,Derbyshire Dales,9640,71500,13.482517482517483
E07000035,Derbyshire Dales,793,71500,1.1090909090909091
E07000035,Derbyshire Dales,105,71500,0.14685314685314685
E07000035,Derbyshire Dales,0,71500,0
E07000035,Derbyshire Dales,14,71500,0.019580419580419582
E07000035,Derbyshire Dales,20,71500,0.027972027972027972
E07000035,Derbyshire Dales,9,71500,0.012587412587412588
E07000035,Derbyshire Dales,1,71500,0.0013986013986013986
E07000035,Derbyshire Dales,1,71500,0.0013986013986013986
E07000035,Derbyshire Dales,0,71500,0
E07000035,Derbyshire Dales,6,71500,0.008391608391608392
E07000035,Derbyshire Dales,8,71500,0.011188811188811189
E07000035,Derbyshire Dales,3,71500,0.004195804195804196
E07000035,Derbyshire Dales,0,71500,0
E07000035,Derbyshire Dales,0,71500,0
E07000035,Derbyshire Dales,0,71500,0
E07000035,Derbyshire Dales,9,71500,0.012587412587412588
E07000035,Derbyshire Dales,8,71500,0.011188811188811189
E07000035,Derbyshire Dales,8,71500,0.011188811188811189
E07000035,Derbyshire Dales,0,71500,0
E07000035,Derbyshire Dales,0,71500,0
E07000035,Derbyshire Dales,0,71500,0
E07000035,Derbyshire Dales,10,71500,0.013986013986013986
E07000035,Derbyshire Dales,10,71500,0.013986013986013986
E07000035,Derbyshire Dales,10,71500,0.013986013986013986
E07000035,Derbyshire Dales,0,71500,0
E07000035,Derbyshire Dales,0,71500,0
E07000035,Derbyshire Dales,0,71500,0
E07000035,Derbyshire Dales,1207,71500,1.6881118881118882
E07000035,Derbyshire Dales,964,71500,1.3482517482517482
E07000035,Derbyshire Dales,583,71500,0.8153846153846154
E07000035,Derbyshire Dales,85,71500,0.11888111888111888
E07000035,Derbyshire Dales,12,71500,0.016783216783216783
E07000036,Erewash,0,112900,0
E07000036,Erewash,0,112900,0
E07000036,Erewash,0,112900,0
E07000036,Erewash,0,112900,0
E07000036,Erewash,0,112900,0
E07000036,Erewash,0,112900,0
E07000036,Erewash,0,112900,0
E07000036,Erewash,32727,112900,28.98759964570416
E07000036,Erewash,33642,112900,29.798051372896367
E07000036,Erewash,19194,112900,17.000885739592558
E07000036,Erewash,2232,112900,1.9769707705934456
E07000036,Erewash,260,112900,0.23029229406554472
E07000036,Erewash,0,112900,0
E07000036,Erewash,22,112900,0.019486271036315322
E07000036,Erewash,34,112900,0.030115146147032774
E07000036,Erewash,48,112900,0.042515500442869794
E07000036,Erewash,5,112900,0.0044286979627989375
E07000036,Erewash,0,112900,0
E07000036,Erewash,0,112900,0
E07000036,Erewash,9,112900,0.007971656333038087
E07000036,Erewash,31,112900,0.02745792736935341
E07000036,Erewash,11,112900,0.0097431355181576609
E07000036,Erewash,1,112900,0.00088573959255978745
E07000036,Erewash,1,112900,0.00088573959255978745
E07000036,Erewash,0,112900,0
E07000036,Erewash,9,112900,0.007971656333038087
E07000036,Erewash,18,112900,0.015943312666076175
E07000036,Erewash,36,112900,0.03188662533215235
E07000036,Erewash,4,112900,0.00354295837023915
E07000036,Erewash,0,112900,0
E07000036,Erewash,0,112900,0
E07000036,Erewash,14,112900,0.012400354295837024
E07000036,Erewash,40,112900,0.0354295837023915
E07000036,Erewash,41,112900,0.03631532329495128
E07000036,Erewash,0,112900,0
E07000036,Erewash,0,112900,0
E07000036,Erewash,0,112900,0
E07000036,Erewash,1473,112900,1.3046944198405668
E07000036,Erewash,1674,112900,1.4827280779450842
E07000036,Erewash,1099,112900,0.9734278122232064
E07000036,Erewash,132,112900,0.11691762621789194
E07000036,Erewash,20,112900,0.01771479185119575
E07000037,High Peak,0,90900,0
E07000037,High Peak,0,90900,0
E07000037,High Peak,0,90900,0
E07000037,High Peak,0,90900,0
E07000037,High Peak,0,90900,0
E07000037,High Peak,0,90900,0
E07000037,High Peak,0,90900,0
E07000037,High Peak,28312,90900,31.146314631463145
E07000037,High Peak,25885,90900,28.476347634763478
E07000037,High Peak,15252,90900,16.778877887788777
E07000037,High Peak,1661,90900,1.8272827282728272
E07000037,High Peak,249,90900,0.2739273927392739
E07000037,High Peak,0,90900,0
E07000037,High Peak,16,90900,0.0176017601760176
E07000037,High Peak,32,90900,0.0352035203520352
E07000037,High Peak,33,90900,0.036303630363036306
E07000037,High Peak,5,90900,0.005500550055005501
E07000037,High Peak,0,90900,0
E07000037,High Peak,0,90900,0
E07000037,High Peak,17,90900,0.0187018701870187
E07000037,High Peak,13,90900,0.014301430143014302
E07000037,High Peak,19,90900,0.020902090209020903
E07000037,High Peak,4,90900,0.0044004400440044
E07000037,High Peak,1,90900,0.0011001100110011
E07000037,High Peak,0,90900,0
E07000037,High Peak,9,90900,0.009900990099009901
E07000037,High Peak,18,90900,0.019801980198019802
E07000037,High Peak,17,90900,0.0187018701870187
E07000037,High Peak,3,90900,0.0033003300330033004
E07000037,High Peak,0,90900,0
E07000037,High Peak,0,90900,0
E07000037,High Peak,22,90900,0.0242024202420242
E07000037,High Peak,26,90900,0.028602860286028604
E07000037,High Peak,19,90900,0.020902090209020903
E07000037,High Peak,3,90900,0.0033003300330033004
E07000037,High Peak,0,90900,0
E07000037,High Peak,0,90900,0
E07000037,High Peak,1256,90900,1.3817381738173817
E07000037,High Peak,1177,90900,1.294829482948295
E07000037,High Peak,873,90900,0.9603960396039604
E07000037,High Peak,91,90900,0.1001100110011001
E07000037,High Peak,13,90900,0.014301430143014302
E07000038,North East Derbyshire,0,102000,0
E07000038,North East Derbyshire,0,102000,0
E07000038,North East Derbyshire,0,102000,0
E07000038,North East Derbyshire,0,102000,0
E07000038,North East Derbyshire,0,102000,0
E07000038,North East Derbyshire,0,102000,0
E07000038,North East Derbyshire,0,102000,0
E07000038,North East Derbyshire,33520,102000,32.86274509803921
E07000038,North East Derbyshire,30198,102000,29.605882352941176
E07000038,North East Derbyshire,15094,102000,14.798039215686275
E07000038,North East Derbyshire,1476,102000,1.4470588235294117
E07000038,North East Derbyshire,169,102000,0.16568627450980392
E07000038,North East Derbyshire,0,102000,0
E07000038,North East Derbyshire,13,102000,0.012745098039215686
E07000038,North East Derbyshire,25,102000,0.024509803921568627
E07000038,North East Derbyshire,23,102000,0.022549019607843137
E07000038,North East Derbyshire,2,102000,0.00196078431372549
E07000038,North East Derbyshire,1,102000,9.80392156862745e-4
E07000038,North East Derbyshire,0,102000,0
E07000038,North East Derbyshire,12,102000,0.011764705882352941
E07000038,North East Derbyshire,19,102000,0.018627450980392157
E07000038,North East Derbyshire,7,102000,0.006862745098039216
E07000038,North East Derbyshire,1,102000,9.80392156862745e-4
E07000038,North East Derbyshire,0,102000,0
E07000038,North East Derbyshire,0,102000,0
E07000038,North East Derbyshire,15,102000,0.014705882352941176
E07000038,North East Derbyshire,11,102000,0.010784313725490196
E07000038,North East Derbyshire,14,102000,0.013725490196078431
E07000038,North East Derbyshire,1,102000,9.80392156862745e-4
E07000038,North East Derbyshire,0,102000,0
E07000038,North East Derbyshire,0,102000,0
E07000038,North East Derbyshire,11,102000,0.010784313725490196
E07000038,North East Derbyshire,18,102000,0.01764705882352941
E07000038,North East Derbyshire,10,102000,0.00980392156862745
E07000038,North East Derbyshire,0,102000,0
E07000038,North East Derbyshire,0,102000,0
E07000038,North East Derbyshire,0,102000,0
E07000038,North East Derbyshire,1489,102000,1.4598039215686274
E07000038,North East Derbyshire,1543,102000,1.5127450980392156
E07000038,North East Derbyshire,788,102000,0.7725490196078432
E07000038,North East Derbyshire,93,102000,0.09117647058823529
E07000038,North East Derbyshire,11,102000,0.010784313725490196
E07000039,South Derbyshire,0,107200,0
E07000039,South Derbyshire,0,107200,0
E07000039,South Derbyshire,0,107200,0
E07000039,South Derbyshire,0,107200,0
E07000039,South Derbyshire,0,107200,0
E07000039,South Derbyshire,0,107200,0
E07000039,South Derbyshire,0,107200,0
E07000039,South Derbyshire,36775,107200,34.305037313432834
E07000039,South Derbyshire,28687,107200,26.76026119402985
E07000039,South Derbyshire,14352,107200,13.388059701492537
E07000039,South Derbyshire,1713,107200,1.5979477611940298
E07000039,South Derbyshire,264,107200,0.2462686567164179
E07000039,South Derbyshire,0,107200,0
E07000039,South Derbyshire,26,107200,0.024253731343283583
E07000039,South Derbyshire,24,107200,0.022388059701492536
E07000039,South Derbyshire,29,107200,0.027052238805970148
E07000039,South Derbyshire,4,107200,0.0037313432835820895
E07000039,South Derbyshire,0,107200,0
E07000039,South Derbyshire,0,107200,0
E07000039,South Derbyshire,21,107200,0.01958955223880597
E07000039,South Derbyshire,10,107200,0.009328358208955223
E07000039,South Derbyshire,11,107200,0.010261194029850746
E07000039,South Derbyshire,1,107200,9.328358208955224e-4
E07000039,South Derbyshire,0,107200,0
E07000039,South Derbyshire,0,107200,0
E07000039,South Derbyshire,13,107200,0.012126865671641791
E07000039,South Derbyshire,10,107200,0.009328358208955223
E07000039,South Derbyshire,12,107200,0.011194029850746268
E07000039,South Derbyshire,0,107200,0
E07000039,South Derbyshire,0,107200,0
E07000039,South Derbyshire,0,107200,0
E07000039,South Derbyshire,11,107200,0.010261194029850746
E07000039,South Derbyshire,18,107200,0.016791044776119403
E07000039,South Derbyshire,11,107200,0.010261194029850746
E07000039,South Derbyshire,1,107200,9.328358208955224e-4
E07000039,South Derbyshire,0,107200,0
E07000039,South Derbyshire,0,107200,0
E07000039,South Derbyshire,1545,107200,1.4412313432835822
E07000039,South Derbyshire,1428,107200,1.3320895522388059
E07000039,South Derbyshire,766,107200,0.7145522388059702
E07000039,South Derbyshire,81,107200,0.07555970149253731
E07000039,South Derbyshire,17,107200,0.01585820895522388
E07000040,East Devon,0,150800,0
E07000040,East Devon,0,150800,0
E07000040,East Devon,0,150800,0
E07000040,East Devon,0,150800,0
E07000040,East Devon,0,150800,0
E07000040,East Devon,0,150800,0
E07000040,East Devon,0,150800,0
E07000040,East Devon,51847,150800,34.38129973474801
E07000040,East Devon,41136,150800,27.278514588859416
E07000040,East Devon,22106,150800,14.659151193633953
E07000040,East Devon,2419,150800,1.6041114058355437
E07000040,East Devon,635,150800,0.42108753315649866
E07000040,East Devon,0,150800,0
E07000040,East Devon,30,150800,0.01989389920424403
E07000040,East Devon,37,150800,0.02453580901856764
E07000040,East Devon,42,150800,0.027851458885941646
E07000040,East Devon,4,150800,0.002652519893899204
E07000040,East Devon,1,150800,6.63129973474801e-4
E07000040,East Devon,0,150800,0
E07000040,East Devon,15,150800,0.009946949602122016
E07000040,East Devon,15,150800,0.009946949602122016
E07000040,East Devon,23,150800,0.015251989389920425
E07000040,East Devon,1,150800,6.63129973474801e-4
E07000040,East Devon,0,150800,0
E07000040,East Devon,0,150800,0
E07000040,East Devon,15,150800,0.009946949602122016
E07000040,East Devon,19,150800,0.012599469496021221
E07000040,East Devon,18,150800,0.011936339522546418
E07000040,East Devon,3,150800,0.001989389920424403
E07000040,East Devon,0,150800,0
E07000040,East Devon,0,150800,0
E07000040,East Devon,22,150800,0.014588859416445624
E07000040,East Devon,22,150800,0.014588859416445624
E07000040,East Devon,35,150800,0.023209549071618037
E07000040,East Devon,2,150800,0.001326259946949602
E07000040,East Devon,1,150800,6.63129973474801e-4
E07000040,East Devon,0,150800,0
E07000040,East Devon,2424,150800,1.6074270557029178
E07000040,East Devon,2436,150800,1.6153846153846154
E07000040,East Devon,1422,150800,0.9429708222811671
E07000040,East Devon,168,150800,0.11140583554376658
E07000040,East Devon,60,150800,0.03978779840848806
E07000041,Exeter,0,130800,0
E07000041,Exeter,0,130800,0
E07000041,Exeter,0,130800,0
E07000041,Exeter,0,130800,0
E07000041,Exeter,0,130800,0
E07000041,Exeter,0,130800,0
E07000041,Exeter,0,130800,0
E07000041,Exeter,32129,130800,24.563455657492355
E07000041,Exeter,32341,130800,24.72553516819572
E07000041,Exeter,27110,130800,20.726299694189603
E07000041,Exeter,2939,130800,2.246941896024465
E07000041,Exeter,525,130800,0.4013761467889908
E07000041,Exeter,0,130800,0
E07000041,Exeter,27,130800,0.020642201834862386
E07000041,Exeter,55,130800,0.04204892966360856
E07000041,Exeter,67,130800,0.05122324159021407
E07000041,Exeter,24,130800,0.01834862385321101
E07000041,Exeter,8,130800,0.0061162079510703364
E07000041,Exeter,0,130800,0
E07000041,Exeter,17,130800,0.012996941896024464
E07000041,Exeter,24,130800,0.01834862385321101
E07000041,Exeter,54,130800,0.04128440366972477
E07000041,Exeter,7,130800,0.005351681957186544
E07000041,Exeter,0,130800,0
E07000041,Exeter,0,130800,0
E07000041,Exeter,14,130800,0.010703363914373088
E07000041,Exeter,19,130800,0.01452599388379205
E07000041,Exeter,48,130800,0.03669724770642202
E07000041,Exeter,5,130800,0.00382262996941896
E07000041,Exeter,0,130800,0
E07000041,Exeter,0,130800,0
E07000041,Exeter,39,130800,0.02981651376146789
E07000041,Exeter,66,130800,0.05045871559633028
E07000041,Exeter,97,130800,0.07415902140672782
E07000041,Exeter,3,130800,0.0022935779816513763
E07000041,Exeter,3,130800,0.0022935779816513763
E07000041,Exeter,0,130800,0
E07000041,Exeter,1648,130800,1.2599388379204892
E07000041,Exeter,1937,130800,1.480886850152905
E07000041,Exeter,1937,130800,1.480886850152905
E07000041,Exeter,367,130800,0.2805810397553517
E07000041,Exeter,74,130800,0.05657492354740061
E07000042,Mid Devon,0,82800,0
E07000042,Mid Devon,0,82800,0
E07000042,Mid Devon,0,82800,0
E07000042,Mid Devon,0,82800,0
E07000042,Mid Devon,0,82800,0
E07000042,Mid Devon,0,82800,0
E07000042,Mid Devon,0,82800,0
E07000042,Mid Devon,28508,82800,34.429951690821255
E07000042,Mid Devon,20717,82800,25.020531400966185
E07000042,Mid Devon,12714,82800,15.355072463768115
E07000042,Mid Devon,1554,82800,1.8768115942028984
E07000042,Mid Devon,214,82800,0.2584541062801932
E07000042,Mid Devon,0,82800,0
E07000042,Mid Devon,23,82800,0.027777777777777776
E07000042,Mid Devon,37,82800,0.04468599033816425
E07000042,Mid Devon,47,82800,0.05676328502415459
E07000042,Mid Devon,9,82800,0.010869565217391304
E07000042,Mid Devon,0,82800,0
E07000042,Mid Devon,0,82800,0
E07000042,Mid Devon,13,82800,0.01570048309178744
E07000042,Mid Devon,16,82800,0.01932367149758454
E07000042,Mid Devon,14,82800,0.016908212560386472
E07000042,Mid Devon,2,82800,0.0024154589371980675
E07000042,Mid Devon,1,82800,0.0012077294685990338
E07000042,Mid Devon,0,82800,0
E07000042,Mid Devon,11,82800,0.013285024154589372
E07000042,Mid Devon,13,82800,0.01570048309178744
E07000042,Mid Devon,13,82800,0.01570048309178744
E07000042,Mid Devon,0,82800,0
E07000042,Mid Devon,0,82800,0
E07000042,Mid Devon,0,82800,0
E07000042,Mid Devon,9,82800,0.010869565217391304
E07000042,Mid Devon,20,82800,0.024154589371980676
E07000042,Mid Devon,12,82800,0.014492753623188406
E07000042,Mid Devon,1,82800,0.0012077294685990338
E07000042,Mid Devon,0,82800,0
E07000042,Mid Devon,0,82800,0
E07000042,Mid Devon,1439,82800,1.7379227053140096
E07000042,Mid Devon,1181,82800,1.4263285024154588
E07000042,Mid Devon,869,82800,1.0495169082125604
E07000042,Mid Devon,119,82800,0.14371980676328502
E07000042,Mid Devon,50,82800,0.06038647342995169
E07000043,North Devon,0,98600,0
E07000043,North Devon,0,98600,0
E07000043,North Devon,0,98600,0
E07000043,North Devon,0,98600,0
E07000043,North Devon,0,98600,0
E07000043,North Devon,0,98600,0
E07000043,North Devon,0,98600,0
E07000043,North Devon,32405,98600,32.86511156186612
E07000043,North Devon,25921,98600,26.289046653144016
E07000043,North Devon,15917,98600,16.143002028397564
E07000043,North Devon,1602,98600,1.6247464503042597
E07000043,North Devon,287,98600,0.29107505070993916
E07000043,North Devon,0,98600,0
E07000043,North Devon,31,98600,0.03144016227180527
E07000043,North Devon,22,98600,0.02231237322515213
E07000043,North Devon,35,98600,0.035496957403651115
E07000043,North Devon,9,98600,0.009127789046653144
E07000043,North Devon,0,98600,0
E07000043,North Devon,0,98600,0
E07000043,North Devon,17,98600,0.017241379310344827
E07000043,North Devon,26,98600,0.02636916835699797
E07000043,North Devon,18,98600,0.018255578093306288
E07000043,North Devon,1,98600,0.0010141987829614604
E07000043,North Devon,0,98600,0
E07000043,North Devon,0,98600,0
E07000043,North Devon,9,98600,0.009127789046653144
E07000043,North Devon,18,98600,0.018255578093306288
E07000043,North Devon,25,98600,0.02535496957403651
E07000043,North Devon,3,98600,0.0030425963488843813
E07000043,North Devon,0,98600,0
E07000043,North Devon,0,98600,0
E07000043,North Devon,11,98600,0.011156186612576065
E07000043,North Devon,19,98600,0.019269776876267748
E07000043,North Devon,25,98600,0.02535496957403651
E07000043,North Devon,2,98600,0.002028397565922921
E07000043,North Devon,0,98600,0
E07000043,North Devon,0,98600,0
E07000043,North Devon,1699,98600,1.7231237322515214
E07000043,North Devon,1499,98600,1.5202839756592292
E07000043,North Devon,977,98600,0.9908722109533469
E07000043,North Devon,131,98600,0.1328600405679513
E07000043,North Devon,30,98600,0.030425963488843813
E07000044,South Hams,0,88600,0
E07000044,South Hams,0,88600,0
E07000044,South Hams,0,88600,0
E07000044,South Hams,0,88600,0
E07000044,South Hams,0,88600,0
E07000044,South Hams,0,88600,0
E07000044,South Hams,0,88600,0
E07000044,South Hams,32964,88600,37.205417607223474
E07000044,South Hams,22844,88600,25.783295711060948
E07000044,South Hams,12960,88600,14.627539503386005
E07000044,South Hams,1203,88600,1.357787810383747
E07000044,South Hams,247,88600,0.27878103837471785
E07000044,South Hams,0,88600,0
E07000044,South Hams,21,88600,0.023702031602708805
E07000044,South Hams,18,88600,0.020316027088036117
E07000044,South Hams,21,88600,0.023702031602708805
E07000044,South Hams,5,88600,0.0056433408577878106
E07000044,South Hams,0,88600,0
E07000044,South Hams,0,88600,0
E07000044,South Hams,20,88600,0.022573363431151242
E07000044,South Hams,14,88600,0.01580135440180587
E07000044,South Hams,20,88600,0.022573363431151242
E07000044,South Hams,5,88600,0.0056433408577878106
E07000044,South Hams,0,88600,0
E07000044,South Hams,0,88600,0
E07000044,South Hams,9,88600,0.010158013544018058
E07000044,South Hams,15,88600,0.016930022573363433
E07000044,South Hams,14,88600,0.01580135440180587
E07000044,South Hams,3,88600,0.003386004514672686
E07000044,South Hams,0,88600,0
E07000044,South Hams,0,88600,0
E07000044,South Hams,14,88600,0.01580135440180587
E07000044,South Hams,16,88600,0.01805869074492099
E07000044,South Hams,30,88600,0.033860045146726865
E07000044,South Hams,4,88600,0.004514672686230248
E07000044,South Hams,0,88600,0
E07000044,South Hams,0,88600,0
E07000044,South Hams,1482,88600,1.672686230248307
E07000044,South Hams,1164,88600,1.3137697516930023
E07000044,South Hams,868,88600,0.9796839729119639
E07000044,South Hams,81,88600,0.09142212189616253
E07000044,South Hams,25,88600,0.028216704288939052
E07000045,Teignbridge,0,134800,0
E07000045,Teignbridge,0,134800,0
E07000045,Teignbridge,0,134800,0
E07000045,Teignbridge,0,134800,0
E07000045,Teignbridge,0,134800,0
E07000045,Teignbridge,0,134800,0
E07000045,Teignbridge,0,134800,0
E07000045,Teignbridge,43443,134800,32.22774480712166
E07000045,Teignbridge,37625,134800,27.911721068249257
E07000045,Teignbridge,21645,134800,16.05712166172107
E07000045,Teignbridge,2083,134800,1.5452522255192878
E07000045,Teignbridge,355,134800,0.263353115727003
E07000045,Teignbridge,0,134800,0
E07000045,Teignbridge,22,134800,0.016320474777448073
E07000045,Teignbridge,28,134800,0.020771513353115726
E07000045,Teignbridge,30,134800,0.02225519287833828
E07000045,Teignbridge,14,134800,0.010385756676557863
E07000045,Teignbridge,6,134800,0.004451038575667656
E07000045,Teignbridge,0,134800,0
E07000045,Teignbridge,15,134800,0.01112759643916914
E07000045,Teignbridge,28,134800,0.020771513353115726
E07000045,Teignbridge,27,134800,0.020029673590504452
E07000045,Teignbridge,2,134800,0.001483679525222552
E07000045,Teignbridge,0,134800,0
E07000045,Teignbridge,0,134800,0
E07000045,Teignbridge,11,134800,0.008160237388724036
E07000045,Teignbridge,26,134800,0.019287833827893175
E07000045,Teignbridge,21,134800,0.015578635014836795
E07000045,Teignbridge,4,134800,0.002967359050445104
E07000045,Teignbridge,1,134800,7.41839762611276e-4
E07000045,Teignbridge,0,134800,0
E07000045,Teignbridge,21,134800,0.015578635014836795
E07000045,Teignbridge,37,134800,0.02744807121661721
E07000045,Teignbridge,34,134800,0.025222551928783383
E07000045,Teignbridge,6,134800,0.004451038575667656
E07000045,Teignbridge,0,134800,0
E07000045,Teignbridge,0,134800,0
E07000045,Teignbridge,2207,134800,1.6372403560830862
E07000045,Teignbridge,2120,134800,1.572700296735905
E07000045,Teignbridge,1413,134800,1.0482195845697329
E07000045,Teignbridge,136,134800,0.10089020771513353
E07000045,Teignbridge,38,134800,0.028189910979228485
E07000046,Torridge,0,68100,0
E07000046,Torridge,0,68100,0
E07000046,Torridge,0,68100,0
E07000046,Torridge,0,68100,0
E07000046,Torridge,0,68100,0
E07000046,Torridge,0,68100,0
E07000046,Torridge,0,68100,0
E07000046,Torridge,23793,68100,34.93832599118943
E07000046,Torridge,18642,68100,27.374449339207047
E07000046,Torridge,9800,68100,14.390602055800294
E07000046,Torridge,1091,68100,1.6020558002936858
E07000046,Torridge,178,68100,0.26138032305433184
E07000046,Torridge,0,68100,0
E07000046,Torridge,16,68100,0.023494860499265784
E07000046,Torridge,22,68100,0.032305433186490456
E07000046,Torridge,15,68100,0.022026431718061675
E07000046,Torridge,0,68100,0
E07000046,Torridge,0,68100,0
E07000046,Torridge,0,68100,0
E07000046,Torridge,15,68100,0.022026431718061675
E07000046,Torridge,16,68100,0.023494860499265784
E07000046,Torridge,9,68100,0.013215859030837005
E07000046,Torridge,0,68100,0
E07000046,Torridge,0,68100,0
E07000046,Torridge,0,68100,0
E07000046,Torridge,7,68100,0.010279001468428781
E07000046,Torridge,14,68100,0.020558002936857563
E07000046,Torridge,10,68100,0.014684287812041116
E07000046,Torridge,2,68100,0.002936857562408223
E07000046,Torridge,0,68100,0
E07000046,Torridge,0,68100,0
E07000046,Torridge,13,68100,0.01908957415565345
E07000046,Torridge,17,68100,0.024963289280469897
E07000046,Torridge,19,68100,0.027900146842878122
E07000046,Torridge,1,68100,0.0014684287812041115
E07000046,Torridge,1,68100,0.0014684287812041115
E07000046,Torridge,0,68100,0
E07000046,Torridge,1278,68100,1.8766519823788546
E07000046,Torridge,1106,68100,1.6240822320117474
E07000046,Torridge,665,68100,0.9765051395007343
E07000046,Torridge,70,68100,0.1027900146842878
E07000046,Torridge,21,68100,0.030837004405286344
E07000047,West Devon,0,57100,0
E07000047,West Devon,0,57100,0
E07000047,West Devon,0,57100,0
E07000047,West Devon,0,57100,0
E07000047,West Devon,0,57100,0
E07000047,West Devon,0,57100,0
E07000047,West Devon,0,57100,0
E07000047,West Devon,20998,57100,36.774080560420316
E07000047,West Devon,14342,57100,25.117338003502628
E07000047,West Devon,8067,57100,14.12784588441331
E07000047,West Devon,860,57100,1.5061295971978985
E07000047,West Devon,226,57100,0.3957968476357268
E07000047,West Devon,0,57100,0
E07000047,West Devon,11,57100,0.01926444833625219
E07000047,West Devon,15,57100,0.02626970227670753
E07000047,West Devon,5,57100,0.008756567425569177
E07000047,West Devon,0,57100,0
E07000047,West Devon,0,57100,0
E07000047,West Devon,0,57100,0
E07000047,West Devon,6,57100,0.010507880910683012
E07000047,West Devon,7,57100,0.012259194395796848
E07000047,West Devon,4,57100,0.0070052539404553416
E07000047,West Devon,0,57100,0
E07000047,West Devon,0,57100,0
E07000047,West Devon,0,57100,0
E07000047,West Devon,5,57100,0.008756567425569177
E07000047,West Devon,9,57100,0.01576182136602452
E07000047,West Devon,8,57100,0.014010507880910683
E07000047,West Devon,3,57100,0.005253940455341506
E07000047,West Devon,0,57100,0
E07000047,West Devon,0,57100,0
E07000047,West Devon,12,57100,0.021015761821366025
E07000047,West Devon,6,57100,0.010507880910683012
E07000047,West Devon,11,57100,0.01926444833625219
E07000047,West Devon,2,57100,0.0035026269702276708
E07000047,West Devon,0,57100,0
E07000047,West Devon,0,57100,0
E07000047,West Devon,1034,57100,1.8108581436077058
E07000047,West Devon,779,57100,1.3642732049036776
E07000047,West Devon,529,57100,0.9264448336252189
E07000047,West Devon,57,57100,0.09982486865148861
E07000047,West Devon,41,57100,0.07180385288966724
E07000061,Eastbourne,0,101700,0
E07000061,Eastbourne,0,101700,0
E07000061,Eastbourne,0,101700,0
E07000061,Eastbourne,0,101700,0
E07000061,Eastbourne,0,101700,0
E07000061,Eastbourne,0,101700,0
E07000061,Eastbourne,0,101700,0
E07000061,Eastbourne,22059,101700,21.690265486725664
E07000061,Eastbourne,27294,101700,26.837758112094395
E07000061,Eastbourne,23738,101700,23.34119960668633
E07000061,Eastbourne,3890,101700,3.824975417895772
E07000061,Eastbourne,644,101700,0.6332350049164208
E07000061,Eastbourne,0,101700,0
E07000061,Eastbourne,28,101700,0.02753195673549656
E07000061,Eastbourne,27,101700,0.02654867256637168
E07000061,Eastbourne,62,101700,0.06096361848574238
E07000061,Eastbourne,19,101700,0.018682399213372666
E07000061,Eastbourne,2,101700,0.0019665683382497543
E07000061,Eastbourne,0,101700,0
E07000061,Eastbourne,16,101700,0.015732546705998034
E07000061,Eastbourne,21,101700,0.02064896755162242
E07000061,Eastbourne,44,101700,0.043264503441494594
E07000061,Eastbourne,2,101700,0.0019665683382497543
E07000061,Eastbourne,2,101700,0.0019665683382497543
E07000061,Eastbourne,0,101700,0
E07000061,Eastbourne,12,101700,0.011799410029498525
E07000061,Eastbourne,22,101700,0.021632251720747297
E07000061,Eastbourne,31,101700,0.03048180924287119
E07000061,Eastbourne,5,101700,0.004916420845624385
E07000061,Eastbourne,7,101700,0.00688298918387414
E07000061,Eastbourne,0,101700,0
E07000061,Eastbourne,8,101700,0.007866273352999017
E07000061,Eastbourne,26,101700,0.025565388397246803
E07000061,Eastbourne,45,101700,0.04424778761061947
E07000061,Eastbourne,2,101700,0.0019665683382497543
E07000061,Eastbourne,2,101700,0.0019665683382497543
E07000061,Eastbourne,0,101700,0
E07000061,Eastbourne,1176,101700,1.1563421828908556
E07000061,Eastbourne,1572,101700,1.5457227138643068
E07000061,Eastbourne,1562,101700,1.535889872173058
E07000061,Eastbourne,269,101700,0.26450344149459193
E07000061,Eastbourne,105,101700,0.10324483775811209
E07000062,Hastings,0,91100,0
E07000062,Hastings,0,91100,0
E07000062,Hastings,0,91100,0
E07000062,Hastings,0,91100,0
E07000062,Hastings,0,91100,0
E07000062,Hastings,0,91100,0
E07000062,Hastings,0,91100,0
E07000062,Hastings,19743,91100,21.67178924259056
E07000062,Hastings,23511,91100,25.807903402854006
E07000062,Hastings,21502,91100,23.602634467618003
E07000062,Hastings,3288,91100,3.6092206366630077
E07000062,Hastings,626,91100,0.6871569703622393
E07000062,Hastings,0,91100,0
E07000062,Hastings,13,91100,0.014270032930845226
E07000062,Hastings,44,91100,0.048298572996706916
E07000062,Hastings,66,91100,0.07244785949506037
E07000062,Hastings,11,91100,0.012074643249176729
E07000062,Hastings,0,91100,0
E07000062,Hastings,0,91100,0
E07000062,Hastings,14,91100,0.015367727771679473
E07000062,Hastings,16,91100,0.01756311745334797
E07000062,Hastings,25,91100,0.027442371020856202
E07000062,Hastings,7,91100,0.007683863885839737
E07000062,Hastings,1,91100,0.0010976948408342481
E07000062,Hastings,0,91100,0
E07000062,Hastings,8,91100,0.008781558726673985
E07000062,Hastings,26,91100,0.02854006586169045
E07000062,Hastings,31,91100,0.03402854006586169
E07000062,Hastings,5,91100,0.005488474204171241
E07000062,Hastings,1,91100,0.0010976948408342481
E07000062,Hastings,0,91100,0
E07000062,Hastings,15,91100,0.01646542261251372
E07000062,Hastings,35,91100,0.038419319429198684
E07000062,Hastings,56,91100,0.06147091108671789
E07000062,Hastings,3,91100,0.003293084522502744
E07000062,Hastings,0,91100,0
E07000062,Hastings,0,91100,0
E07000062,Hastings,1077,91100,1.1822173435784853
E07000062,Hastings,1441,91100,1.5817782656421515
E07000062,Hastings,1449,91100,1.5905598243688255
E07000062,Hastings,300,91100,0.32930845225027444
E07000062,Hastings,60,91100,0.06586169045005488
E07000063,Lewes,0,99900,0
E07000063,Lewes,0,99900,0
E07000063,Lewes,0,99900,0
E07000063,Lewes,0,99900,0
E07000063,Lewes,0,99900,0
E07000063,Lewes,0,99900,0
E07000063,Lewes,0,99900,0
E07000063,Lewes,29442,99900,29.47147147147147
E07000063,Lewes,26899,99900,26.925925925925927
E07000063,Lewes,18306,99900,18.324324324324323
E07000063,Lewes,2406,99900,2.4084084084084085
E07000063,Lewes,312,99900,0.3123123123123123
E07000063,Lewes,0,99900,0
E07000063,Lewes,23,99900,0.023023023023023025
E07000063,Lewes,29,99900,0.02902902902902903
E07000063,Lewes,28,99900,0.028028028028028028
E07000063,Lewes,11,99900,0.011011011011011011
E07000063,Lewes,0,99900,0
E07000063,Lewes,0,99900,0
E07000063,Lewes,15,99900,0.015015015015015015
E07000063,Lewes,20,99900,0.02002002002002002
E07000063,Lewes,21,99900,0.021021021021021023
E07000063,Lewes,2,99900,0.002002002002002002
E07000063,Lewes,0,99900,0
E07000063,Lewes,0,99900,0
E07000063,Lewes,14,99900,0.014014014014014014
E07000063,Lewes,26,99900,0.026026026026026026
E07000063,Lewes,16,99900,0.016016016016016016
E07000063,Lewes,2,99900,0.002002002002002002
E07000063,Lewes,1,99900,0.001001001001001001
E07000063,Lewes,0,99900,0
E07000063,Lewes,27,99900,0.02702702702702703
E07000063,Lewes,25,99900,0.025025025025025027
E07000063,Lewes,47,99900,0.04704704704704705
E07000063,Lewes,3,99900,0.003003003003003003
E07000063,Lewes,0,99900,0
E07000063,Lewes,0,99900,0
E07000063,Lewes,1360,99900,1.3613613613613613
E07000063,Lewes,1401,99900,1.4024024024024024
E07000063,Lewes,1127,99900,1.1281281281281281
E07000063,Lewes,132,99900,0.13213213213213212
E07000063,Lewes,44,99900,0.044044044044044044
E07000064,Rother,0,93100,0
E07000064,Rother,0,93100,0
E07000064,Rother,0,93100,0
E07000064,Rother,0,93100,0
E07000064,Rother,0,93100,0
E07000064,Rother,0,93100,0
E07000064,Rother,0,93100,0
E07000064,Rother,29764,93100,31.969924812030076
E07000064,Rother,25393,93100,27.2749731471536
E07000064,Rother,15686,93100,16.84854994629431
E07000064,Rother,2358,93100,2.5327604726100965
E07000064,Rother,342,93100,0.3673469387755102
E07000064,Rother,0,93100,0
E07000064,Rother,22,93100,0.023630504833512353
E07000064,Rother,13,93100,0.013963480128893663
E07000064,Rother,27,93100,0.02900107411385607
E07000064,Rother,11,93100,0.011815252416756176
E07000064,Rother,0,93100,0
E07000064,Rother,0,93100,0
E07000064,Rother,14,93100,0.015037593984962405
E07000064,Rother,18,93100,0.01933404940923738
E07000064,Rother,16,93100,0.017185821697099892
E07000064,Rother,1,93100,0.0010741138560687433
E07000064,Rother,5,93100,0.0053705692803437165
E07000064,Rother,0,93100,0
E07000064,Rother,11,93100,0.011815252416756176
E07000064,Rother,20,93100,0.021482277121374866
E07000064,Rother,21,93100,0.022556390977443608
E07000064,Rother,0,93100,0
E07000064,Rother,2,93100,0.0021482277121374865
E07000064,Rother,0,93100,0
E07000064,Rother,9,93100,0.00966702470461869
E07000064,Rother,18,93100,0.01933404940923738
E07000064,Rother,16,93100,0.017185821697099892
E07000064,Rother,3,93100,0.00322234156820623
E07000064,Rother,0,93100,0
E07000064,Rother,0,93100,0
E07000064,Rother,1466,93100,1.5746509129967776
E07000064,Rother,1460,93100,1.5682062298603652
E07000064,Rother,956,93100,1.0268528464017186
E07000064,Rother,160,93100,0.17185821697099893
E07000064,Rother,53,93100,0.05692803437164339
E07000065,Wealden,0,160100,0
E07000065,Wealden,0,160100,0
E07000065,Wealden,0,160100,0
E07000065,Wealden,0,160100,0
E07000065,Wealden,0,160100,0
E07000065,Wealden,0,160100,0
E07000065,Wealden,0,160100,0
E07000065,Wealden,55615,160100,34.73766396002498
E07000065,Wealden,42175,160100,26.342910680824485
E07000065,Wealden,24153,160100,15.086196127420362
E07000065,Wealden,2692,160100,1.6814490943160525
E07000065,Wealden,399,160100,0.24921923797626483
E07000065,Wealden,0,160100,0
E07000065,Wealden,30,160100,0.018738288569643973
E07000065,Wealden,50,160100,0.03123048094940662
E07000065,Wealden,34,160100,0.021236727045596503
E07000065,Wealden,8,160100,0.004996876951905059
E07000065,Wealden,0,160100,0
E07000065,Wealden,0,160100,0
E07000065,Wealden,30,160100,0.018738288569643973
E07000065,Wealden,22,160100,0.013741411617738912
E07000065,Wealden,10,160100,0.006246096189881324
E07000065,Wealden,3,160100,0.0018738288569643974
E07000065,Wealden,0,160100,0
E07000065,Wealden,0,160100,0
E07000065,Wealden,13,160100,0.008119925046845722
E07000065,Wealden,18,160100,0.011242973141786383
E07000065,Wealden,15,160100,0.009369144284821987
E07000065,Wealden,1,160100,6.246096189881324e-4
E07000065,Wealden,0,160100,0
E07000065,Wealden,0,160100,0
E07000065,Wealden,15,160100,0.009369144284821987
E07000065,Wealden,39,160100,0.024359775140537165
E07000065,Wealden,30,160100,0.018738288569643973
E07000065,Wealden,3,160100,0.0018738288569643974
E07000065,Wealden,0,160100,0
E07000065,Wealden,0,160100,0
E07000065,Wealden,2367,160100,1.4784509681449094
E07000065,Wealden,2184,160100,1.3641474078700813
E07000065,Wealden,1403,160100,0.8763272954403498
E07000065,Wealden,173,160100,0.1080574640849469
E07000065,Wealden,43,160100,0.026858213616489695
E07000066,Basildon,0,187600,0
E07000066,Basildon,0,187600,0
E07000066,Basildon,0,187600,0
E07000066,Basildon,0,187600,0
E07000066,Basildon,0,187600,0
E07000066,Basildon,0,187600,0
E07000066,Basildon,0,187600,0
E07000066,Basildon,45385,187600,24.192430703624733
E07000066,Basildon,45872,187600,24.452025586353944
E07000066,Basildon,40223,187600,21.4408315565032
E07000066,Basildon,7388,187600,3.9381663113006398
E07000066,Basildon,1408,187600,0.7505330490405118
E07000066,Basildon,0,187600,0
E07000066,Basildon,32,187600,0.017057569296375266
E07000066,Basildon,76,187600,0.04051172707889126
E07000066,Basildon,111,187600,0.059168443496801705
E07000066,Basildon,27,187600,0.014392324093816631
E07000066,Basildon,7,187600,0.0037313432835820895
E07000066,Basildon,0,187600,0
E07000066,Basildon,15,187600,0.007995735607675906
E07000066,Basildon,44,187600,0.023454157782515993
E07000066,Basildon,46,187600,0.024520255863539446
E07000066,Basildon,8,187600,0.0042643923240938165
E07000066,Basildon,5,187600,0.0026652452025586353
E07000066,Basildon,0,187600,0
E07000066,Basildon,15,187600,0.007995735607675906
E07000066,Basildon,41,187600,0.02185501066098081
E07000066,Basildon,33,187600,0.017590618336886993
E07000066,Basildon,10,187600,0.005330490405117271
E07000066,Basildon,2,187600,0.0010660980810234541
E07000066,Basildon,0,187600,0
E07000066,Basildon,14,187600,0.007462686567164179
E07000066,Basildon,23,187600,0.012260127931769723
E07000066,Basildon,25,187600,0.013326226012793176
E07000066,Basildon,7,187600,0.0037313432835820895
E07000066,Basildon,0,187600,0
E07000066,Basildon,0,187600,0
E07000066,Basildon,2155,187600,1.1487206823027718
E07000066,Basildon,2212,187600,1.1791044776119404
E07000066,Basildon,2101,187600,1.1199360341151385
E07000066,Basildon,490,187600,0.26119402985074625
E07000066,Basildon,107,187600,0.0570362473347548
E07000067,Braintree,0,155200,0
E07000067,Braintree,0,155200,0
E07000067,Braintree,0,155200,0
E07000067,Braintree,0,155200,0
E07000067,Braintree,0,155200,0
E07000067,Braintree,0,155200,0
E07000067,Braintree,0,155200,0
E07000067,Braintree,46336,155200,29.855670103092784
E07000067,Braintree,40520,155200,26.108247422680414
E07000067,Braintree,28189,155200,18.163015463917525
E07000067,Braintree,3617,155200,2.330541237113402
E07000067,Braintree,565,155200,0.3640463917525773
E07000067,Braintree,0,155200,0
E07000067,Braintree,42,155200,0.027061855670103094
E07000067,Braintree,51,155200,0.03286082474226804
E07000067,Braintree,62,155200,0.03994845360824742
E07000067,Braintree,9,155200,0.005798969072164949
E07000067,Braintree,2,155200,0.001288659793814433
E07000067,Braintree,0,155200,0
E07000067,Braintree,20,155200,0.01288659793814433
E07000067,Braintree,35,155200,0.022551546391752577
E07000067,Braintree,24,155200,0.015463917525773196
E07000067,Braintree,3,155200,0.0019329896907216496
E07000067,Braintree,0,155200,0
E07000067,Braintree,0,155200,0
E07000067,Braintree,27,155200,0.017396907216494846
E07000067,Braintree,21,155200,0.013530927835051547
E07000067,Braintree,21,155200,0.013530927835051547
E07000067,Braintree,4,155200,0.002577319587628866
E07000067,Braintree,1,155200,6.443298969072165e-4
E07000067,Braintree,0,155200,0
E07000067,Braintree,23,155200,0.014819587628865979
E07000067,Braintree,23,155200,0.014819587628865979
E07000067,Braintree,26,155200,0.01675257731958763
E07000067,Braintree,4,155200,0.002577319587628866
E07000067,Braintree,0,155200,0
E07000067,Braintree,0,155200,0
E07000067,Braintree,1911,155200,1.2313144329896908
E07000067,Braintree,1976,155200,1.2731958762886597
E07000067,Braintree,1558,155200,1.0038659793814433
E07000067,Braintree,227,155200,0.14626288659793815
E07000067,Braintree,53,155200,0.03414948453608247
E07000068,Brentwood,0,77000,0
E07000068,Brentwood,0,77000,0
E07000068,Brentwood,0,77000,0
E07000068,Brentwood,0,77000,0
E07000068,Brentwood,0,77000,0
E07000068,Brentwood,0,77000,0
E07000068,Brentwood,0,77000,0
E07000068,Brentwood,24416,77000,31.70909090909091
E07000068,Brentwood,19072,77000,24.76883116883117
E07000068,Brentwood,13245,77000,17.2012987012987
E07000068,Brentwood,2182,77000,2.8337662337662337
E07000068,Brentwood,401,77000,0.5207792207792208
E07000068,Brentwood,0,77000,0
E07000068,Brentwood,12,77000,0.015584415584415584
E07000068,Brentwood,19,77000,0.024675324675324677
E07000068,Brentwood,31,77000,0.04025974025974026
E07000068,Brentwood,4,77000,0.005194805194805195
E07000068,Brentwood,1,77000,0.0012987012987012987
E07000068,Brentwood,0,77000,0
E07000068,Brentwood,6,77000,0.007792207792207792
E07000068,Brentwood,13,77000,0.016883116883116882
E07000068,Brentwood,11,77000,0.014285714285714285
E07000068,Brentwood,2,77000,0.0025974025974025974
E07000068,Brentwood,1,77000,0.0012987012987012987
E07000068,Brentwood,0,77000,0
E07000068,Brentwood,7,77000,0.00909090909090909
E07000068,Brentwood,13,77000,0.016883116883116882
E07000068,Brentwood,14,77000,0.01818181818181818
E07000068,Brentwood,0,77000,0
E07000068,Brentwood,1,77000,0.0012987012987012987
E07000068,Brentwood,0,77000,0
E07000068,Brentwood,7,77000,0.00909090909090909
E07000068,Brentwood,14,77000,0.01818181818181818
E07000068,Brentwood,7,77000,0.00909090909090909
E07000068,Brentwood,0,77000,0
E07000068,Brentwood,0,77000,0
E07000068,Brentwood,0,77000,0
E07000068,Brentwood,986,77000,1.2805194805194806
E07000068,Brentwood,899,77000,1.1675324675324674
E07000068,Brentwood,718,77000,0.9324675324675324
E07000068,Brentwood,156,77000,0.2025974025974026
E07000068,Brentwood,21,77000,0.02727272727272727
E07000069,Castle Point,0,89600,0
E07000069,Castle Point,0,89600,0
E07000069,Castle Point,0,89600,0
E07000069,Castle Point,0,89600,0
E07000069,Castle Point,0,89600,0
E07000069,Castle Point,0,89600,0
E07000069,Castle Point,0,89600,0
E07000069,Castle Point,24754,89600,27.627232142857142
E07000069,Castle Point,26463,89600,29.534598214285715
E07000069,Castle Point,16294,89600,18.185267857142858
E07000069,Castle Point,2378,89600,2.654017857142857
E07000069,Castle Point,462,89600,0.515625
E07000069,Castle Point,0,89600,0
E07000069,Castle Point,13,89600,0.014508928571428572
E07000069,Castle Point,28,89600,0.03125
E07000069,Castle Point,20,89600,0.022321428571428572
E07000069,Castle Point,14,89600,0.015625
E07000069,Castle Point,7,89600,0.0078125
E07000069,Castle Point,0,89600,0
E07000069,Castle Point,9,89600,0.010044642857142858
E07000069,Castle Point,22,89600,0.024553571428571428
E07000069,Castle Point,6,89600,0.006696428571428571
E07000069,Castle Point,2,89600,0.002232142857142857
E07000069,Castle Point,1,89600,0.0011160714285714285
E07000069,Castle Point,0,89600,0
E07000069,Castle Point,8,89600,0.008928571428571428
E07000069,Castle Point,20,89600,0.022321428571428572
E07000069,Castle Point,7,89600,0.0078125
E07000069,Castle Point,5,89600,0.005580357142857143
E07000069,Castle Point,1,89600,0.0011160714285714285
E07000069,Castle Point,0,89600,0
E07000069,Castle Point,6,89600,0.006696428571428571
E07000069,Castle Point,6,89600,0.006696428571428571
E07000069,Castle Point,10,89600,0.011160714285714286
E07000069,Castle Point,5,89600,0.005580357142857143
E07000069,Castle Point,1,89600,0.0011160714285714285
E07000069,Castle Point,0,89600,0
E07000069,Castle Point,990,89600,1.1049107142857142
E07000069,Castle Point,1306,89600,1.4575892857142858
E07000069,Castle Point,966,89600,1.078125
E07000069,Castle Point,151,89600,0.16852678571428573
E07000069,Castle Point,19,89600,0.021205357142857144
E07000070,Chelmsford,0,181500,0
E07000070,Chelmsford,0,181500,0
E07000070,Chelmsford,0,181500,0
E07000070,Chelmsford,0,181500,0
E07000070,Chelmsford,0,181500,0
E07000070,Chelmsford,0,181500,0
E07000070,Chelmsford,0,181500,0
E07000070,Chelmsford,56536,181500,31.14931129476584
E07000070,Chelmsford,44356,181500,24.43856749311295
E07000070,Chelmsford,31876,181500,17.562534435261707
E07000070,Chelmsford,4582,181500,2.5245179063360883
E07000070,Chelmsford,728,181500,0.40110192837465564
E07000070,Chelmsford,0,181500,0
E07000070,Chelmsford,28,181500,0.015426997245179064
E07000070,Chelmsford,60,181500,0.03305785123966942
E07000070,Chelmsford,79,181500,0.04352617079889807
E07000070,Chelmsford,12,181500,0.006611570247933884
E07000070,Chelmsford,5,181500,0.0027548209366391185
E07000070,Chelmsford,0,181500,0
E07000070,Chelmsford,17,181500,0.009366391184573003
E07000070,Chelmsford,28,181500,0.015426997245179064
E07000070,Chelmsford,41,181500,0.022589531680440773
E07000070,Chelmsford,8,181500,0.004407713498622589
E07000070,Chelmsford,1,181500,5.509641873278236e-4
E07000070,Chelmsford,0,181500,0
E07000070,Chelmsford,21,181500,0.011570247933884297
E07000070,Chelmsford,25,181500,0.013774104683195593
E07000070,Chelmsford,25,181500,0.013774104683195593
E07000070,Chelmsford,9,181500,0.0049586776859504135
E07000070,Chelmsford,3,181500,0.001652892561983471
E07000070,Chelmsford,0,181500,0
E07000070,Chelmsford,19,181500,0.01046831955922865
E07000070,Chelmsford,27,181500,0.01487603305785124
E07000070,Chelmsford,22,181500,0.012121212121212121
E07000070,Chelmsford,5,181500,0.0027548209366391185
E07000070,Chelmsford,1,181500,5.509641873278236e-4
E07000070,Chelmsford,0,181500,0
E07000070,Chelmsford,2448,181500,1.3487603305785123
E07000070,Chelmsford,2136,181500,1.1768595041322314
E07000070,Chelmsford,1872,181500,1.031404958677686
E07000070,Chelmsford,326,181500,0.1796143250688705
E07000070,Chelmsford,113,181500,0.06225895316804408
E07000071,Colchester,0,192700,0
E07000071,Colchester,0,192700,0
E07000071,Colchester,0,192700,0
E07000071,Colchester,0,192700,0
E07000071,Colchester,0,192700,0
E07000071,Colchester,0,192700,0
E07000071,Colchester,0,192700,0
E07000071,Colchester,52389,192700,27.186818889465492
E07000071,Colchester,48469,192700,25.15256875973015
E07000071,Colchester,36230,192700,18.801245459263104
E07000071,Colchester,5081,192700,2.6367410482615465
E07000071,Colchester,800,192700,0.4151530877010898
E07000071,Colchester,0,192700,0
E07000071,Colchester,50,192700,0.02594706798131811
E07000071,Colchester,78,192700,0.040477426050856254
E07000071,Colchester,100,192700,0.05189413596263622
E07000071,Colchester,14,192700,0.007265179034769071
E07000071,Colchester,8,192700,0.0041515308770108976
E07000071,Colchester,0,192700,0
E07000071,Colchester,29,192700,0.015049299429164505
E07000071,Colchester,43,192700,0.022314478463933574
E07000071,Colchester,63,192700,0.03269330565646082
E07000071,Colchester,22,192700,0.011416709911779968
E07000071,Colchester,3,192700,0.0015568240788790867
E07000071,Colchester,0,192700,0
E07000071,Colchester,29,192700,0.015049299429164505
E07000071,Colchester,44,192700,0.022833419823559936
E07000071,Colchester,75,192700,0.038920601971977165
E07000071,Colchester,17,192700,0.008822003113648157
E07000071,Colchester,4,192700,0.0020757654385054488
E07000071,Colchester,0,192700,0
E07000071,Colchester,24,192700,0.012454592631032694
E07000071,Colchester,60,192700,0.031136481577581733
E07000071,Colchester,76,192700,0.03943954333160353
E07000071,Colchester,5,192700,0.002594706798131811
E07000071,Colchester,0,192700,0
E07000071,Colchester,0,192700,0
E07000071,Colchester,2254,192700,1.1696938245978203
E07000071,Colchester,2500,192700,1.2973533990659056
E07000071,Colchester,2243,192700,1.1639854696419305
E07000071,Colchester,434,192700,0.2252205500778412
E07000071,Colchester,118,192700,0.06123508043591074
E07000072,Epping Forest,0,135000,0
E07000072,Epping Forest,0,135000,0
E07000072,Epping Forest,0,135000,0
E07000072,Epping Forest,0,135000,0
E07000072,Epping Forest,0,135000,0
E07000072,Epping Forest,0,135000,0
E07000072,Epping Forest,0,135000,0
E07000072,Epping Forest,38627,135000,28.61259259259259
E07000072,Epping Forest,32492,135000,24.068148148148147
E07000072,Epping Forest,25889,135000,19.17703703703704
E07000072,Epping Forest,5025,135000,3.7222222222222223
E07000072,Epping Forest,1046,135000,0.7748148148148148
E07000072,Epping Forest,0,135000,0
E07000072,Epping Forest,39,135000,0.028888888888888888
E07000072,Epping Forest,43,135000,0.03185185185185185
E07000072,Epping Forest,61,135000,0.04518518518518518
E07000072,Epping Forest,22,135000,0.016296296296296295
E07000072,Epping Forest,6,135000,0.0044444444444444444
E07000072,Epping Forest,0,135000,0
E07000072,Epping Forest,20,135000,0.014814814814814815
E07000072,Epping Forest,23,135000,0.017037037037037038
E07000072,Epping Forest,23,135000,0.017037037037037038
E07000072,Epping Forest,8,135000,0.005925925925925926
E07000072,Epping Forest,2,135000,0.0014814814814814814
E07000072,Epping Forest,0,135000,0
E07000072,Epping Forest,14,135000,0.01037037037037037
E07000072,Epping Forest,24,135000,0.017777777777777778
E07000072,Epping Forest,20,135000,0.014814814814814815
E07000072,Epping Forest,9,135000,0.006666666666666667
E07000072,Epping Forest,5,135000,0.003703703703703704
E07000072,Epping Forest,0,135000,0
E07000072,Epping Forest,12,135000,0.008888888888888889
E07000072,Epping Forest,14,135000,0.01037037037037037
E07000072,Epping Forest,11,135000,0.008148148148148147
E07000072,Epping Forest,2,135000,0.0014814814814814814
E07000072,Epping Forest,2,135000,0.0014814814814814814
E07000072,Epping Forest,0,135000,0
E07000072,Epping Forest,1868,135000,1.3837037037037037
E07000072,Epping Forest,1649,135000,1.2214814814814814
E07000072,Epping Forest,1540,135000,1.1407407407407408
E07000072,Epping Forest,361,135000,0.2674074074074074
E07000072,Epping Forest,107,135000,0.07925925925925927
E07000073,Harlow,0,93300,0
E07000073,Harlow,0,93300,0
E07000073,Harlow,0,93300,0
E07000073,Harlow,0,93300,0
E07000073,Harlow,0,93300,0
E07000073,Harlow,0,93300,0
E07000073,Harlow,0,93300,0
E07000073,Harlow,15487,93300,16.59914255091104
E07000073,Harlow,21450,93300,22.990353697749196
E07000073,Harlow,24474,93300,26.231511254019292
E07000073,Harlow,5877,93300,6.29903536977492
E07000073,Harlow,1018,93300,1.0911039657020365
E07000073,Harlow,0,93300,0
E07000073,Harlow,26,93300,0.027867095391211148
E07000073,Harlow,54,93300,0.05787781350482315
E07000073,Harlow,84,93300,0.09003215434083602
E07000073,Harlow,34,93300,0.03644158628081458
E07000073,Harlow,8,93300,0.00857449088960343
E07000073,Harlow,0,93300,0
E07000073,Harlow,11,93300,0.011789924973204717
E07000073,Harlow,26,93300,0.027867095391211148
E07000073,Harlow,36,93300,0.03858520900321544
E07000073,Harlow,18,93300,0.01929260450160772
E07000073,Harlow,1,93300,0.0010718113612004287
E07000073,Harlow,0,93300,0
E07000073,Harlow,10,93300,0.010718113612004287
E07000073,Harlow,15,93300,0.01607717041800643
E07000073,Harlow,37,93300,0.03965702036441586
E07000073,Harlow,14,93300,0.015005359056806002
E07000073,Harlow,1,93300,0.0010718113612004287
E07000073,Harlow,0,93300,0
E07000073,Harlow,1,93300,0.0010718113612004287
E07000073,Harlow,6,93300,0.006430868167202572
E07000073,Harlow,18,93300,0.01929260450160772
E07000073,Harlow,4,93300,0.004287245444801715
E07000073,Harlow,2,93300,0.0021436227224008574
E07000073,Harlow,0,93300,0
E07000073,Harlow,765,93300,0.819935691318328
E07000073,Harlow,1206,93300,1.292604501607717
E07000073,Harlow,1473,93300,1.5787781350482315
E07000073,Harlow,464,93300,0.49732047159699894
E07000073,Harlow,126,93300,0.13504823151125403
E07000074,Maldon,0,66200,0
E07000074,Maldon,0,66200,0
E07000074,Maldon,0,66200,0
E07000074,Maldon,0,66200,0
E07000074,Maldon,0,66200,0
E07000074,Maldon,0,66200,0
E07000074,Maldon,0,66200,0
E07000074,Maldon,24031,66200,36.30060422960725
E07000074,Maldon,17025,66200,25.71752265861027
E07000074,Maldon,9837,66200,14.859516616314199
E07000074,Maldon,1401,66200,2.1163141993957706
E07000074,Maldon,252,66200,0.3806646525679758
E07000074,Maldon,0,66200,0
E07000074,Maldon,20,66200,0.030211480362537766
E07000074,Maldon,13,66200,0.019637462235649546
E07000074,Maldon,19,66200,0.028700906344410877
E07000074,Maldon,1,66200,0.0015105740181268882
E07000074,Maldon,0,66200,0
E07000074,Maldon,0,66200,0
E07000074,Maldon,13,66200,0.019637462235649546
E07000074,Maldon,6,66200,0.00906344410876133
E07000074,Maldon,9,66200,0.013595166163141994
E07000074,Maldon,3,66200,0.004531722054380665
E07000074,Maldon,0,66200,0
E07000074,Maldon,0,66200,0
E07000074,Maldon,16,66200,0.02416918429003021
E07000074,Maldon,7,66200,0.010574018126888218
E07000074,Maldon,4,66200,0.006042296072507553
E07000074,Maldon,1,66200,0.0015105740181268882
E07000074,Maldon,0,66200,0
E07000074,Maldon,0,66200,0
E07000074,Maldon,7,66200,0.010574018126888218
E07000074,Maldon,8,66200,0.012084592145015106
E07000074,Maldon,17,66200,0.0256797583081571
E07000074,Maldon,0,66200,0
E07000074,Maldon,0,66200,0
E07000074,Maldon,0,66200,0
E07000074,Maldon,977,66200,1.4758308157099698
E07000074,Maldon,728,66200,1.0996978851963746
E07000074,Maldon,476,66200,0.7190332326283988
E07000074,Maldon,53,66200,0.08006042296072508
E07000074,Maldon,15,66200,0.022658610271903322
E07000075,Rochford,0,85600,0
E07000075,Rochford,0,85600,0
E07000075,Rochford,0,85600,0
E07000075,Rochford,0,85600,0
E07000075,Rochford,0,85600,0
E07000075,Rochford,0,85600,0
E07000075,Rochford,0,85600,0
E07000075,Rochford,26531,85600,30.994158878504674
E07000075,Rochford,24525,85600,28.65070093457944
E07000075,Rochford,14284,85600,16.686915887850468
E07000075,Rochford,1816,85600,2.121495327102804
E07000075,Rochford,272,85600,0.3177570093457944
E07000075,Rochford,0,85600,0
E07000075,Rochford,14,85600,0.016355140186915886
E07000075,Rochford,32,85600,0.037383177570093455
E07000075,Rochford,8,85600,0.009345794392523364
E07000075,Rochford,4,85600,0.004672897196261682
E07000075,Rochford,3,85600,0.0035046728971962616
E07000075,Rochford,0,85600,0
E07000075,Rochford,10,85600,0.011682242990654205
E07000075,Rochford,12,85600,0.014018691588785047
E07000075,Rochford,12,85600,0.014018691588785047
E07000075,Rochford,1,85600,0.0011682242990654205
E07000075,Rochford,0,85600,0
E07000075,Rochford,0,85600,0
E07000075,Rochford,9,85600,0.010514018691588784
E07000075,Rochford,3,85600,0.0035046728971962616
E07000075,Rochford,6,85600,0.007009345794392523
E07000075,Rochford,0,85600,0
E07000075,Rochford,0,85600,0
E07000075,Rochford,0,85600,0
E07000075,Rochford,7,85600,0.008177570093457943
E07000075,Rochford,13,85600,0.015186915887850467
E07000075,Rochford,8,85600,0.009345794392523364
E07000075,Rochford,0,85600,0
E07000075,Rochford,0,85600,0
E07000075,Rochford,0,85600,0
E07000075,Rochford,1048,85600,1.2242990654205608
E07000075,Rochford,1005,85600,1.1740654205607477
E07000075,Rochford,685,85600,0.8002336448598131
E07000075,Rochford,95,85600,0.11098130841121495
E07000075,Rochford,14,85600,0.016355140186915886
E07000076,Tendring,0,148100,0
E07000076,Tendring,0,148100,0
E07000076,Tendring,0,148100,0
E07000076,Tendring,0,148100,0
E07000076,Tendring,0,148100,0
E07000076,Tendring,0,148100,0
E07000076,Tendring,0,148100,0
E07000076,Tendring,38512,148100,26.00405131667792
E07000076,Tendring,44943,148100,30.346387575962186
E07000076,Tendring,27809,148100,18.777177582714383
E07000076,Tendring,3917,148100,2.6448345712356516
E07000076,Tendring,653,148100,0.44091829844699526
E07000076,Tendring,0,148100,0
E07000076,Tendring,25,148100,0.01688048615800135
E07000076,Tendring,60,148100,0.04051316677920324
E07000076,Tendring,50,148100,0.0337609723160027
E07000076,Tendring,16,148100,0.010803511141120865
E07000076,Tendring,1,148100,6.752194463200541e-4
E07000076,Tendring,0,148100,0
E07000076,Tendring,41,148100,0.027683997299122215
E07000076,Tendring,63,148100,0.042538825118163405
E07000076,Tendring,39,148100,0.02633355840648211
E07000076,Tendring,3,148100,0.002025658338960162
E07000076,Tendring,1,148100,6.752194463200541e-4
E07000076,Tendring,0,148100,0
E07000076,Tendring,13,148100,0.008777852802160702
E07000076,Tendring,25,148100,0.01688048615800135
E07000076,Tendring,29,148100,0.019581363943281565
E07000076,Tendring,2,148100,0.0013504388926401081
E07000076,Tendring,0,148100,0
E07000076,Tendring,0,148100,0
E07000076,Tendring,14,148100,0.009453072248480757
E07000076,Tendring,20,148100,0.01350438892640108
E07000076,Tendring,18,148100,0.012153950033760972
E07000076,Tendring,5,148100,0.00337609723160027
E07000076,Tendring,0,148100,0
E07000076,Tendring,0,148100,0
E07000076,Tendring,1972,148100,1.3315327481431465
E07000076,Tendring,2937,148100,1.9831195138419986
E07000076,Tendring,1774,148100,1.1978392977717758
E07000076,Tendring,260,148100,0.17555705604321403
E07000076,Tendring,39,148100,0.02633355840648211
E07000077,Uttlesford,0,91300,0
E07000077,Uttlesford,0,91300,0
E07000077,Uttlesford,0,91300,0
E07000077,Uttlesford,0,91300,0
E07000077,Uttlesford,0,91300,0
E07000077,Uttlesford,0,91300,0
E07000077,Uttlesford,0,91300,0
E07000077,Uttlesford,34033,91300,37.27601314348302
E07000077,Uttlesford,21338,91300,23.37130339539978
E07000077,Uttlesford,12647,91300,13.852135815991238
E07000077,Uttlesford,1226,91300,1.3428258488499452
E07000077,Uttlesford,187,91300,0.20481927710843373
E07000077,Uttlesford,0,91300,0
E07000077,Uttlesford,13,91300,0.014238773274917854
E07000077,Uttlesford,15,91300,0.01642935377875137
E07000077,Uttlesford,19,91300,0.0208105147864184
E07000077,Uttlesford,3,91300,0.0032858707557502738
E07000077,Uttlesford,1,91300,0.001095290251916758
E07000077,Uttlesford,0,91300,0
E07000077,Uttlesford,15,91300,0.01642935377875137
E07000077,Uttlesford,13,91300,0.014238773274917854
E07000077,Uttlesford,7,91300,0.0076670317634173054
E07000077,Uttlesford,6,91300,0.0065717415115005475
E07000077,Uttlesford,0,91300,0
E07000077,Uttlesford,0,91300,0
E07000077,Uttlesford,12,91300,0.013143483023001095
E07000077,Uttlesford,13,91300,0.014238773274917854
E07000077,Uttlesford,10,91300,0.01095290251916758
E07000077,Uttlesford,3,91300,0.0032858707557502738
E07000077,Uttlesford,0,91300,0
E07000077,Uttlesford,0,91300,0
E07000077,Uttlesford,6,91300,0.0065717415115005475
E07000077,Uttlesford,16,91300,0.017524644030668127
E07000077,Uttlesford,17,91300,0.018619934282584884
E07000077,Uttlesford,0,91300,0
E07000077,Uttlesford,0,91300,0
E07000077,Uttlesford,0,91300,0
E07000077,Uttlesford,1337,91300,1.4644030668127053
E07000077,Uttlesford,1001,91300,1.0963855421686748
E07000077,Uttlesford,689,91300,0.7546549835706462
E07000077,Uttlesford,77,91300,0.08433734939759036
E07000077,Uttlesford,13,91300,0.014238773274917854
E07000078,Cheltenham,0,118800,0
E07000078,Cheltenham,0,118800,0
E07000078,Cheltenham,0,118800,0
E07000078,Cheltenham,0,118800,0
E07000078,Cheltenham,0,118800,0
E07000078,Cheltenham,0,118800,0
E07000078,Cheltenham,0,118800,0
E07000078,Cheltenham,34130,118800,28.72895622895623
E07000078,Cheltenham,30847,118800,25.965488215488215
E07000078,Cheltenham,22773,118800,19.16919191919192
E07000078,Cheltenham,2308,118800,1.9427609427609427
E07000078,Cheltenham,331,118800,0.2786195286195286
E07000078,Cheltenham,0,118800,0
E07000078,Cheltenham,23,118800,0.01936026936026936
E07000078,Cheltenham,44,118800,0.037037037037037035
E07000078,Cheltenham,57,118800,0.047979797979797977
E07000078,Cheltenham,4,118800,0.003367003367003367
E07000078,Cheltenham,5,118800,0.004208754208754209
E07000078,Cheltenham,0,118800,0
E07000078,Cheltenham,13,118800,0.010942760942760943
E07000078,Cheltenham,32,118800,0.026936026936026935
E07000078,Cheltenham,42,118800,0.03535353535353535
E07000078,Cheltenham,3,118800,0.0025252525252525255
E07000078,Cheltenham,0,118800,0
E07000078,Cheltenham,0,118800,0
E07000078,Cheltenham,19,118800,0.015993265993265993
E07000078,Cheltenham,26,118800,0.021885521885521887
E07000078,Cheltenham,32,118800,0.026936026936026935
E07000078,Cheltenham,8,118800,0.006734006734006734
E07000078,Cheltenham,0,118800,0
E07000078,Cheltenham,0,118800,0
E07000078,Cheltenham,34,118800,0.02861952861952862
E07000078,Cheltenham,54,118800,0.045454545454545456
E07000078,Cheltenham,77,118800,0.06481481481481481
E07000078,Cheltenham,6,118800,0.005050505050505051
E07000078,Cheltenham,0,118800,0
E07000078,Cheltenham,0,118800,0
E07000078,Cheltenham,1404,118800,1.1818181818181819
E07000078,Cheltenham,1568,118800,1.3198653198653199
E07000078,Cheltenham,1490,118800,1.254208754208754
E07000078,Cheltenham,201,118800,0.1691919191919192
E07000078,Cheltenham,62,118800,0.05218855218855219
E07000079,Cotswold,0,90800,0
E07000079,Cotswold,0,90800,0
E07000079,Cotswold,0,90800,0
E07000079,Cotswold,0,90800,0
E07000079,Cotswold,0,90800,0
E07000079,Cotswold,0,90800,0
E07000079,Cotswold,0,90800,0
E07000079,Cotswold,36026,90800,39.67621145374449
E07000079,Cotswold,21648,90800,23.841409691629956
E07000079,Cotswold,12773,90800,14.067180616740089
E07000079,Cotswold,1173,90800,1.2918502202643172
E07000079,Cotswold,183,90800,0.20154185022026433
E07000079,Cotswold,0,90800,0
E07000079,Cotswold,18,90800,0.019823788546255508
E07000079,Cotswold,18,90800,0.019823788546255508
E07000079,Cotswold,19,90800,0.02092511013215859
E07000079,Cotswold,0,90800,0
E07000079,Cotswold,0,90800,0
E07000079,Cotswold,0,90800,0
E07000079,Cotswold,10,90800,0.011013215859030838
E07000079,Cotswold,17,90800,0.018722466960352423
E07000079,Cotswold,20,90800,0.022026431718061675
E07000079,Cotswold,4,90800,0.004405286343612335
E07000079,Cotswold,0,90800,0
E07000079,Cotswold,0,90800,0
E07000079,Cotswold,17,90800,0.018722466960352423
E07000079,Cotswold,12,90800,0.013215859030837005
E07000079,Cotswold,21,90800,0.023127753303964757
E07000079,Cotswold,1,90800,0.0011013215859030838
E07000079,Cotswold,0,90800,0
E07000079,Cotswold,0,90800,0
E07000079,Cotswold,14,90800,0.015418502202643172
E07000079,Cotswold,22,90800,0.024229074889867842
E07000079,Cotswold,17,90800,0.018722466960352423
E07000079,Cotswold,1,90800,0.0011013215859030838
E07000079,Cotswold,1,90800,0.0011013215859030838
E07000079,Cotswold,0,90800,0
E07000079,Cotswold,1463,90800,1.6112334801762114
E07000079,Cotswold,1028,90800,1.13215859030837
E07000079,Cotswold,706,90800,0.7775330396475771
E07000079,Cotswold,85,90800,0.09361233480176212
E07000079,Cotswold,15,90800,0.016519823788546256
E07000080,Forest of Dean,0,87000,0
E07000080,Forest of Dean,0,87000,0
E07000080,Forest of Dean,0,87000,0
E07000080,Forest of Dean,0,87000,0
E07000080,Forest of Dean,0,87000,0
E07000080,Forest of Dean,0,87000,0
E07000080,Forest of Dean,0,87000,0
E07000080,Forest of Dean,29335,87000,33.7183908045977
E07000080,Forest of Dean,22412,87000,25.760919540229885
E07000080,Forest of Dean,13607,87000,15.64022988505747
E07000080,Forest of Dean,1564,87000,1.7977011494252872
E07000080,Forest of Dean,271,87000,0.3114942528735632
E07000080,Forest of Dean,0,87000,0
E07000080,Forest of Dean,31,87000,0.035632183908045977
E07000080,Forest of Dean,25,87000,0.028735632183908046
E07000080,Forest of Dean,39,87000,0.04482758620689655
E07000080,Forest of Dean,6,87000,0.006896551724137931
E07000080,Forest of Dean,8,87000,0.009195402298850575
E07000080,Forest of Dean,0,87000,0
E07000080,Forest of Dean,14,87000,0.016091954022988506
E07000080,Forest of Dean,11,87000,0.01264367816091954
E07000080,Forest of Dean,14,87000,0.016091954022988506
E07000080,Forest of Dean,0,87000,0
E07000080,Forest of Dean,0,87000,0
E07000080,Forest of Dean,0,87000,0
E07000080,Forest of Dean,10,87000,0.011494252873563218
E07000080,Forest of Dean,11,87000,0.01264367816091954
E07000080,Forest of Dean,11,87000,0.01264367816091954
E07000080,Forest of Dean,1,87000,0.0011494252873563218
E07000080,Forest of Dean,0,87000,0
E07000080,Forest of Dean,0,87000,0
E07000080,Forest of Dean,14,87000,0.016091954022988506
E07000080,Forest of Dean,13,87000,0.014942528735632184
E07000080,Forest of Dean,18,87000,0.020689655172413793
E07000080,Forest of Dean,2,87000,0.0022988505747126436
E07000080,Forest of Dean,0,87000,0
E07000080,Forest of Dean,0,87000,0
E07000080,Forest of Dean,1473,87000,1.693103448275862
E07000080,Forest of Dean,1242,87000,1.4275862068965517
E07000080,Forest of Dean,864,87000,0.993103448275862
E07000080,Forest of Dean,122,87000,0.14022988505747128
E07000080,Forest of Dean,35,87000,0.040229885057471264
E07000081,Gloucester,0,132500,0
E07000081,Gloucester,0,132500,0
E07000081,Gloucester,0,132500,0
E07000081,Gloucester,0,132500,0
E07000081,Gloucester,0,132500,0
E07000081,Gloucester,0,132500,0
E07000081,Gloucester,0,132500,0
E07000081,Gloucester,33910,132500,25.59245283018868
E07000081,Gloucester,34056,132500,25.702641509433963
E07000081,Gloucester,25826,132500,19.49132075471698
E07000081,Gloucester,4104,132500,3.097358490566038
E07000081,Gloucester,860,132500,0.6490566037735849
E07000081,Gloucester,0,132500,0
E07000081,Gloucester,41,132500,0.030943396226415093
E07000081,Gloucester,70,132500,0.052830188679245285
E07000081,Gloucester,114,132500,0.0860377358490566
E07000081,Gloucester,38,132500,0.028679245283018868
E07000081,Gloucester,16,132500,0.012075471698113207
E07000081,Gloucester,0,132500,0
E07000081,Gloucester,29,132500,0.02188679245283019
E07000081,Gloucester,32,132500,0.024150943396226414
E07000081,Gloucester,43,132500,0.03245283018867925
E07000081,Gloucester,8,132500,0.0060377358490566035
E07000081,Gloucester,1,132500,7.547169811320754e-4
E07000081,Gloucester,0,132500,0
E07000081,Gloucester,27,132500,0.020377358490566037
E07000081,Gloucester,36,132500,0.027169811320754716
E07000081,Gloucester,40,132500,0.03018867924528302
E07000081,Gloucester,1,132500,7.547169811320754e-4
E07000081,Gloucester,3,132500,0.0022641509433962265
E07000081,Gloucester,0,132500,0
E07000081,Gloucester,26,132500,0.019622641509433963
E07000081,Gloucester,33,132500,0.02490566037735849
E07000081,Gloucester,30,132500,0.022641509433962263
E07000081,Gloucester,5,132500,0.0037735849056603774
E07000081,Gloucester,0,132500,0
E07000081,Gloucester,0,132500,0
E07000081,Gloucester,1575,132500,1.1886792452830188
E07000081,Gloucester,1917,132500,1.4467924528301888
E07000081,Gloucester,1763,132500,1.330566037735849
E07000081,Gloucester,400,132500,0.3018867924528302
E07000081,Gloucester,144,132500,0.10867924528301887
E07000082,Stroud,0,121100,0
E07000082,Stroud,0,121100,0
E07000082,Stroud,0,121100,0
E07000082,Stroud,0,121100,0
E07000082,Stroud,0,121100,0
E07000082,Stroud,0,121100,0
E07000082,Stroud,0,121100,0
E07000082,Stroud,43430,121100,35.86292320396367
E07000082,Stroud,29970,121100,24.748142031379025
E07000082,Stroud,18213,121100,15.03963666391412
E07000082,Stroud,1970,121100,1.6267547481420315
E07000082,Stroud,217,121100,0.1791907514450867
E07000082,Stroud,0,121100,0
E07000082,Stroud,23,121100,0.018992568125516102
E07000082,Stroud,44,121100,0.03633360858794385
E07000082,Stroud,38,121100,0.03137902559867878
E07000082,Stroud,7,121100,0.005780346820809248
E07000082,Stroud,1,121100,8.257638315441783e-4
E07000082,Stroud,0,121100,0
E07000082,Stroud,33,121100,0.027250206440957887
E07000082,Stroud,11,121100,0.009083402146985962
E07000082,Stroud,21,121100,0.017341040462427744
E07000082,Stroud,5,121100,0.004128819157720892
E07000082,Stroud,0,121100,0
E07000082,Stroud,0,121100,0
E07000082,Stroud,15,121100,0.012386457473162676
E07000082,Stroud,22,121100,0.018166804293971925
E07000082,Stroud,20,121100,0.016515276630883566
E07000082,Stroud,1,121100,8.257638315441783e-4
E07000082,Stroud,1,121100,8.257638315441783e-4
E07000082,Stroud,0,121100,0
E07000082,Stroud,34,121100,0.028075970272502065
E07000082,Stroud,42,121100,0.03468208092485549
E07000082,Stroud,50,121100,0.04128819157720892
E07000082,Stroud,2,121100,0.0016515276630883566
E07000082,Stroud,0,121100,0
E07000082,Stroud,0,121100,0
E07000082,Stroud,1956,121100,1.6151940545004129
E07000082,Stroud,1680,121100,1.3872832369942196
E07000082,Stroud,1139,121100,0.9405450041288191
E07000082,Stroud,143,121100,0.1180842279108175
E07000082,Stroud,26,121100,0.021469859620148638
E07000083,Tewkesbury,0,94900,0
E07000083,Tewkesbury,0,94900,0
E07000083,Tewkesbury,0,94900,0
E07000083,Tewkesbury,0,94900,0
E07000083,Tewkesbury,0,94900,0
E07000083,Tewkesbury,0,94900,0
E07000083,Tewkesbury,0,94900,0
E07000083,Tewkesbury,33574,94900,35.37829293993678
E07000083,Tewkesbury,24317,94900,25.62381454162276
E07000083,Tewkesbury,13468,94900,14.191780821917808
E07000083,Tewkesbury,1360,94900,1.4330874604847208
E07000083,Tewkesbury,233,94900,0.24552160168598525
E07000083,Tewkesbury,0,94900,0
E07000083,Tewkesbury,20,94900,0.02107481559536354
E07000083,Tewkesbury,21,94900,0.022128556375131718
E07000083,Tewkesbury,20,94900,0.02107481559536354
E07000083,Tewkesbury,5,94900,0.005268703898840885
E07000083,Tewkesbury,1,94900,0.001053740779768177
E07000083,Tewkesbury,0,94900,0
E07000083,Tewkesbury,19,94900,0.020021074815595362
E07000083,Tewkesbury,22,94900,0.023182297154899896
E07000083,Tewkesbury,18,94900,0.018967334035827187
E07000083,Tewkesbury,1,94900,0.001053740779768177
E07000083,Tewkesbury,0,94900,0
E07000083,Tewkesbury,0,94900,0
E07000083,Tewkesbury,10,94900,0.01053740779768177
E07000083,Tewkesbury,17,94900,0.01791359325605901
E07000083,Tewkesbury,12,94900,0.012644889357218124
E07000083,Tewkesbury,1,94900,0.001053740779768177
E07000083,Tewkesbury,1,94900,0.001053740779768177
E07000083,Tewkesbury,0,94900,0
E07000083,Tewkesbury,12,94900,0.012644889357218124
E07000083,Tewkesbury,19,94900,0.020021074815595362
E07000083,Tewkesbury,15,94900,0.015806111696522657
E07000083,Tewkesbury,2,94900,0.002107481559536354
E07000083,Tewkesbury,2,94900,0.002107481559536354
E07000083,Tewkesbury,0,94900,0
E07000083,Tewkesbury,1431,94900,1.5079030558482613
E07000083,Tewkesbury,1212,94900,1.2771338250790305
E07000083,Tewkesbury,827,94900,0.8714436248682824
E07000083,Tewkesbury,77,94900,0.08113804004214963
E07000083,Tewkesbury,26,94900,0.0273972602739726
E07000084,Basingstoke and Deane,0,185200,0
E07000084,Basingstoke and Deane,0,185200,0
E07000084,Basingstoke and Deane,0,185200,0
E07000084,Basingstoke and Deane,0,185200,0
E07000084,Basingstoke and Deane,0,185200,0
E07000084,Basingstoke and Deane,0,185200,0
E07000084,Basingstoke and Deane,0,185200,0
E07000084,Basingstoke and Deane,57337,185200,30.95950323974082
E07000084,Basingstoke and Deane,46009,185200,24.842872570194384
E07000084,Basingstoke and Deane,32565,185200,17.583693304535636
E07000084,Basingstoke and Deane,4641,185200,2.5059395248380127
E07000084,Basingstoke and Deane,923,185200,0.49838012958963285
E07000084,Basingstoke and Deane,0,185200,0
E07000084,Basingstoke and Deane,42,185200,0.02267818574514039
E07000084,Basingstoke and Deane,50,185200,0.026997840172786176
E07000084,Basingstoke and Deane,77,185200,0.041576673866090715
E07000084,Basingstoke and Deane,25,185200,0.013498920086393088
E07000084,Basingstoke and Deane,13,185200,0.007019438444924406
E07000084,Basingstoke and Deane,0,185200,0
E07000084,Basingstoke and Deane,24,185200,0.012958963282937365
E07000084,Basingstoke and Deane,48,185200,0.02591792656587473
E07000084,Basingstoke and Deane,47,185200,0.025377969762419007
E07000084,Basingstoke and Deane,16,185200,0.008639308855291577
E07000084,Basingstoke and Deane,1,185200,5.399568034557236e-4
E07000084,Basingstoke and Deane,0,185200,0
E07000084,Basingstoke and Deane,29,185200,0.01565874730021598
E07000084,Basingstoke and Deane,58,185200,0.03131749460043196
E07000084,Basingstoke and Deane,53,185200,0.028617710583153346
E07000084,Basingstoke and Deane,12,185200,0.0064794816414686825
E07000084,Basingstoke and Deane,1,185200,5.399568034557236e-4
E07000084,Basingstoke and Deane,0,185200,0
E07000084,Basingstoke and Deane,27,185200,0.014578833693304536
E07000084,Basingstoke and Deane,45,185200,0.02429805615550756
E07000084,Basingstoke and Deane,56,185200,0.03023758099352052
E07000084,Basingstoke and Deane,5,185200,0.0026997840172786176
E07000084,Basingstoke and Deane,0,185200,0
E07000084,Basingstoke and Deane,0,185200,0
E07000084,Basingstoke and Deane,2181,185200,1.1776457883369331
E07000084,Basingstoke and Deane,2026,185200,1.093952483801296
E07000084,Basingstoke and Deane,1842,185200,0.9946004319654428
E07000084,Basingstoke and Deane,375,185200,0.20248380129589633
E07000084,Basingstoke and Deane,113,185200,0.06101511879049676
E07000085,East Hampshire,0,125700,0
E07000085,East Hampshire,0,125700,0
E07000085,East Hampshire,0,125700,0
E07000085,East Hampshire,0,125700,0
E07000085,East Hampshire,0,125700,0
E07000085,East Hampshire,0,125700,0
E07000085,East Hampshire,0,125700,0
E07000085,East Hampshire,46035,125700,36.62291169451074
E07000085,East Hampshire,30226,125700,24.046141607000795
E07000085,East Hampshire,18706,125700,14.881463802704852
E07000085,East Hampshire,2281,125700,1.8146380270485283
E07000085,East Hampshire,355,125700,0.2824184566428003
E07000085,East Hampshire,0,125700,0
E07000085,East Hampshire,29,125700,0.023070803500397773
E07000085,East Hampshire,19,125700,0.015115354017501989
E07000085,East Hampshire,38,125700,0.030230708035003977
E07000085,East Hampshire,8,125700,0.006364359586316627
E07000085,East Hampshire,4,125700,0.0031821797931583136
E07000085,East Hampshire,0,125700,0
E07000085,East Hampshire,19,125700,0.015115354017501989
E07000085,East Hampshire,20,125700,0.015910898965791568
E07000085,East Hampshire,27,125700,0.021479713603818614
E07000085,East Hampshire,2,125700,0.0015910898965791568
E07000085,East Hampshire,1,125700,7.955449482895784e-4
E07000085,East Hampshire,0,125700,0
E07000085,East Hampshire,6,125700,0.00477326968973747
E07000085,East Hampshire,27,125700,0.021479713603818614
E07000085,East Hampshire,23,125700,0.018297533810660304
E07000085,East Hampshire,3,125700,0.002386634844868735
E07000085,East Hampshire,0,125700,0
E07000085,East Hampshire,0,125700,0
E07000085,East Hampshire,33,125700,0.026252983293556086
E07000085,East Hampshire,27,125700,0.021479713603818614
E07000085,East Hampshire,31,125700,0.024661893396976928
E07000085,East Hampshire,5,125700,0.003977724741447892
E07000085,East Hampshire,0,125700,0
E07000085,East Hampshire,0,125700,0
E07000085,East Hampshire,1764,125700,1.4033412887828163
E07000085,East Hampshire,1414,125700,1.1249005568814638
E07000085,East Hampshire,1054,125700,0.8385043754972156
E07000085,East Hampshire,137,125700,0.10898965791567224
E07000085,East Hampshire,26,125700,0.020684168655529037
E07000086,Eastleigh,0,136400,0
E07000086,Eastleigh,0,136400,0
E07000086,Eastleigh,0,136400,0
E07000086,Eastleigh,0,136400,0
E07000086,Eastleigh,0,136400,0
E07000086,Eastleigh,0,136400,0
E07000086,Eastleigh,0,136400,0
E07000086,Eastleigh,41623,136400,30.515395894428153
E07000086,Eastleigh,36725,136400,26.924486803519063
E07000086,Eastleigh,23227,136400,17.028592375366568
E07000086,Eastleigh,2662,136400,1.9516129032258065
E07000086,Eastleigh,396,136400,0.2903225806451613
E07000086,Eastleigh,0,136400,0
E07000086,Eastleigh,25,136400,0.018328445747800588
E07000086,Eastleigh,36,136400,0.026392961876832845
E07000086,Eastleigh,43,136400,0.03152492668621701
E07000086,Eastleigh,5,136400,0.0036656891495601175
E07000086,Eastleigh,0,136400,0
E07000086,Eastleigh,0,136400,0
E07000086,Eastleigh,22,136400,0.016129032258064516
E07000086,Eastleigh,24,136400,0.017595307917888565
E07000086,Eastleigh,23,136400,0.01686217008797654
E07000086,Eastleigh,3,136400,0.0021994134897360706
E07000086,Eastleigh,0,136400,0
E07000086,Eastleigh,0,136400,0
E07000086,Eastleigh,19,136400,0.013929618768328446
E07000086,Eastleigh,25,136400,0.018328445747800588
E07000086,Eastleigh,24,136400,0.017595307917888565
E07000086,Eastleigh,2,136400,0.001466275659824047
E07000086,Eastleigh,2,136400,0.001466275659824047
E07000086,Eastleigh,0,136400,0
E07000086,Eastleigh,18,136400,0.013196480938416423
E07000086,Eastleigh,32,136400,0.02346041055718475
E07000086,Eastleigh,25,136400,0.018328445747800588
E07000086,Eastleigh,1,136400,7.331378299120235e-4
E07000086,Eastleigh,0,136400,0
E07000086,Eastleigh,0,136400,0
E07000086,Eastleigh,1494,136400,1.095307917888563
E07000086,Eastleigh,1523,136400,1.1165689149560116
E07000086,Eastleigh,1188,136400,0.8709677419354839
E07000086,Eastleigh,149,136400,0.1092375366568915
E07000086,Eastleigh,34,136400,0.024926686217008796
E07000087,Fareham,0,114500,0
E07000087,Fareham,0,114500,0
E07000087,Fareham,0,114500,0
E07000087,Fareham,0,114500,0
E07000087,Fareham,0,114500,0
E07000087,Fareham,0,114500,0
E07000087,Fareham,0,114500,0
E07000087,Fareham,40312,114500,35.20698689956332
E07000087,Fareham,30916,114500,27.000873362445414
E07000087,Fareham,16773,114500,14.648908296943231
E07000087,Fareham,1774,114500,1.549344978165939
E07000087,Fareham,214,114500,0.1868995633187773
E07000087,Fareham,0,114500,0
E07000087,Fareham,31,114500,0.027074235807860263
E07000087,Fareham,21,114500,0.01834061135371179
E07000087,Fareham,18,114500,0.01572052401746725
E07000087,Fareham,12,114500,0.010480349344978166
E07000087,Fareham,1,114500,8.733624454148472e-4
E07000087,Fareham,0,114500,0
E07000087,Fareham,18,114500,0.01572052401746725
E07000087,Fareham,17,114500,0.014847161572052401
E07000087,Fareham,20,114500,0.017467248908296942
E07000087,Fareham,2,114500,0.0017467248908296944
E07000087,Fareham,0,114500,0
E07000087,Fareham,0,114500,0
E07000087,Fareham,16,114500,0.013973799126637555
E07000087,Fareham,19,114500,0.016593886462882096
E07000087,Fareham,13,114500,0.011353711790393014
E07000087,Fareham,4,114500,0.0034934497816593887
E07000087,Fareham,0,114500,0
E07000087,Fareham,0,114500,0
E07000087,Fareham,16,114500,0.013973799126637555
E07000087,Fareham,22,114500,0.01921397379912664
E07000087,Fareham,20,114500,0.017467248908296942
E07000087,Fareham,4,114500,0.0034934497816593887
E07000087,Fareham,0,114500,0
E07000087,Fareham,0,114500,0
E07000087,Fareham,1496,114500,1.3065502183406112
E07000087,Fareham,1276,114500,1.1144104803493449
E07000087,Fareham,805,114500,0.7030567685589519
E07000087,Fareham,79,114500,0.06899563318777292
E07000087,Fareham,14,114500,0.01222707423580786
E07000088,Gosport,0,81900,0
E07000088,Gosport,0,81900,0
E07000088,Gosport,0,81900,0
E07000088,Gosport,0,81900,0
E07000088,Gosport,0,81900,0
E07000088,Gosport,0,81900,0
E07000088,Gosport,0,81900,0
E07000088,Gosport,20087,81900,24.526251526251528
E07000088,Gosport,22947,81900,28.01831501831502
E07000088,Gosport,17615,81900,21.50793650793651
E07000088,Gosport,2173,81900,2.653235653235653
E07000088,Gosport,330,81900,0.40293040293040294
E07000088,Gosport,0,81900,0
E07000088,Gosport,12,81900,0.014652014652014652
E07000088,Gosport,34,81900,0.04151404151404151
E07000088,Gosport,31,81900,0.03785103785103785
E07000088,Gosport,10,81900,0.01221001221001221
E07000088,Gosport,1,81900,0.001221001221001221
E07000088,Gosport,0,81900,0
E07000088,Gosport,8,81900,0.009768009768009768
E07000088,Gosport,22,81900,0.026862026862026864
E07000088,Gosport,29,81900,0.03540903540903541
E07000088,Gosport,3,81900,0.003663003663003663
E07000088,Gosport,8,81900,0.009768009768009768
E07000088,Gosport,0,81900,0
E07000088,Gosport,5,81900,0.006105006105006105
E07000088,Gosport,16,81900,0.019536019536019536
E07000088,Gosport,14,81900,0.017094017094017096
E07000088,Gosport,1,81900,0.001221001221001221
E07000088,Gosport,0,81900,0
E07000088,Gosport,0,81900,0
E07000088,Gosport,2,81900,0.002442002442002442
E07000088,Gosport,18,81900,0.02197802197802198
E07000088,Gosport,22,81900,0.026862026862026864
E07000088,Gosport,6,81900,0.007326007326007326
E07000088,Gosport,1,81900,0.001221001221001221
E07000088,Gosport,0,81900,0
E07000088,Gosport,728,81900,0.8888888888888888
E07000088,Gosport,959,81900,1.170940170940171
E07000088,Gosport,839,81900,1.0244200244200243
E07000088,Gosport,133,81900,0.1623931623931624
E07000088,Gosport,52,81900,0.06349206349206349
E07000089,Hart,0,99400,0
E07000089,Hart,0,99400,0
E07000089,Hart,0,99400,0
E07000089,Hart,0,99400,0
E07000089,Hart,0,99400,0
E07000089,Hart,0,99400,0
E07000089,Hart,0,99400,0
E07000089,Hart,37112,99400,37.33601609657948
E07000089,Hart,23519,99400,23.66096579476861
E07000089,Hart,13240,99400,13.319919517102615
E07000089,Hart,1355,99400,1.36317907444668
E07000089,Hart,196,99400,0.19718309859154928
E07000089,Hart,0,99400,0
E07000089,Hart,17,99400,0.01710261569416499
E07000089,Hart,20,99400,0.02012072434607646
E07000089,Hart,22,99400,0.022132796780684104
E07000089,Hart,6,99400,0.006036217303822937
E07000089,Hart,0,99400,0
E07000089,Hart,0,99400,0
E07000089,Hart,10,99400,0.01006036217303823
E07000089,Hart,16,99400,0.01609657947686117
E07000089,Hart,17,99400,0.01710261569416499
E07000089,Hart,2,99400,0.002012072434607646
E07000089,Hart,1,99400,0.001006036217303823
E07000089,Hart,0,99400,0
E07000089,Hart,10,99400,0.01006036217303823
E07000089,Hart,7,99400,0.007042253521126761
E07000089,Hart,17,99400,0.01710261569416499
E07000089,Hart,0,99400,0
E07000089,Hart,0,99400,0
E07000089,Hart,0,99400,0
E07000089,Hart,13,99400,0.013078470824949699
E07000089,Hart,24,99400,0.02414486921529175
E07000089,Hart,12,99400,0.012072434607645875
E07000089,Hart,0,99400,0
E07000089,Hart,0,99400,0
E07000089,Hart,0,99400,0
E07000089,Hart,1329,99400,1.3370221327967806
E07000089,Hart,918,99400,0.9235412474849095
E07000089,Hart,675,99400,0.6790744466800804
E07000089,Hart,85,99400,0.08551307847082495
E07000089,Hart,16,99400,0.01609657947686117
E07000090,Havant,0,124200,0
E07000090,Havant,0,124200,0
E07000090,Havant,0,124200,0
E07000090,Havant,0,124200,0
E07000090,Havant,0,124200,0
E07000090,Havant,0,124200,0
E07000090,Havant,0,124200,0
E07000090,Havant,35445,124200,28.53864734299517
E07000090,Havant,32911,124200,26.49838969404187
E07000090,Havant,24146,124200,19.44122383252818
E07000090,Havant,3775,124200,3.0394524959742353
E07000090,Havant,586,124200,0.4718196457326892
E07000090,Havant,0,124200,0
E07000090,Havant,24,124200,0.01932367149758454
E07000090,Havant,35,124200,0.02818035426731079
E07000090,Havant,58,124200,0.04669887278582931
E07000090,Havant,5,124200,0.004025764895330112
E07000090,Havant,1,124200,8.051529790660225e-4
E07000090,Havant,0,124200,0
E07000090,Havant,14,124200,0.011272141706924315
E07000090,Havant,25,124200,0.020128824476650563
E07000090,Havant,34,124200,0.027375201288244767
E07000090,Havant,4,124200,0.00322061191626409
E07000090,Havant,3,124200,0.0024154589371980675
E07000090,Havant,0,124200,0
E07000090,Havant,9,124200,0.007246376811594203
E07000090,Havant,29,124200,0.023349436392914653
E07000090,Havant,31,124200,0.0249597423510467
E07000090,Havant,7,124200,0.005636070853462158
E07000090,Havant,0,124200,0
E07000090,Havant,0,124200,0
E07000090,Havant,11,124200,0.008856682769726247
E07000090,Havant,21,124200,0.016908212560386472
E07000090,Havant,33,124200,0.026570048309178744
E07000090,Havant,4,124200,0.00322061191626409
E07000090,Havant,0,124200,0
E07000090,Havant,0,124200,0
E07000090,Havant,1532,124200,1.2334943639291465
E07000090,Havant,1525,124200,1.2278582930756843
E07000090,Havant,1230,124200,0.9903381642512077
E07000090,Havant,225,124200,0.18115942028985507
E07000090,Havant,49,124200,0.039452495974235106
E07000091,New Forest,0,175800,0
E07000091,New Forest,0,175800,0
E07000091,New Forest,0,175800,0
E07000091,New Forest,0,175800,0
E07000091,New Forest,0,175800,0
E07000091,New Forest,0,175800,0
E07000091,New Forest,0,175800,0
E07000091,New Forest,60442,175800,34.381114903299206
E07000091,New Forest,46655,175800,26.5386803185438
E07000091,New Forest,28369,175800,16.137087599544937
E07000091,New Forest,3234,175800,1.8395904436860069
E07000091,New Forest,489,175800,0.2781569965870307
E07000091,New Forest,0,175800,0
E07000091,New Forest,35,175800,0.019908987485779295
E07000091,New Forest,38,175800,0.02161547212741752
E07000091,New Forest,35,175800,0.019908987485779295
E07000091,New Forest,2,175800,0.0011376564277588168
E07000091,New Forest,0,175800,0
E07000091,New Forest,0,175800,0
E07000091,New Forest,19,175800,0.01080773606370876
E07000091,New Forest,30,175800,0.017064846416382253
E07000091,New Forest,22,175800,0.012514220705346985
E07000091,New Forest,0,175800,0
E07000091,New Forest,0,175800,0
E07000091,New Forest,0,175800,0
E07000091,New Forest,13,175800,0.00739476678043231
E07000091,New Forest,26,175800,0.01478953356086462
E07000091,New Forest,35,175800,0.019908987485779295
E07000091,New Forest,2,175800,0.0011376564277588168
E07000091,New Forest,1,175800,5.688282138794084e-4
E07000091,New Forest,0,175800,0
E07000091,New Forest,12,175800,0.006825938566552901
E07000091,New Forest,26,175800,0.01478953356086462
E07000091,New Forest,34,175800,0.019340159271899887
E07000091,New Forest,2,175800,0.0011376564277588168
E07000091,New Forest,1,175800,5.688282138794084e-4
E07000091,New Forest,0,175800,0
E07000091,New Forest,2789,175800,1.5864618885096702
E07000091,New Forest,2386,175800,1.3572241183162685
E07000091,New Forest,1529,175800,0.8697383390216155
E07000091,New Forest,240,175800,0.13651877133105803
E07000091,New Forest,18,175800,0.010238907849829351
E07000092,Rushmoor,0,99800,0
E07000092,Rushmoor,0,99800,0
E07000092,Rushmoor,0,99800,0
E07000092,Rushmoor,0,99800,0
E07000092,Rushmoor,0,99800,0
E07000092,Rushmoor,0,99800,0
E07000092,Rushmoor,0,99800,0
E07000092,Rushmoor,19933,99800,19.972945891783567
E07000092,Rushmoor,24031,99800,24.079158316633265
E07000092,Rushmoor,24156,99800,24.204408817635272
E07000092,Rushmoor,4974,99800,4.9839679358717435
E07000092,Rushmoor,1619,99800,1.622244488977956
E07000092,Rushmoor,0,99800,0
E07000092,Rushmoor,21,99800,0.021042084168336674
E07000092,Rushmoor,69,99800,0.06913827655310621
E07000092,Rushmoor,115,99800,0.11523046092184369
E07000092,Rushmoor,56,99800,0.056112224448897796
E07000092,Rushmoor,27,99800,0.027054108216432865
E07000092,Rushmoor,0,99800,0
E07000092,Rushmoor,15,99800,0.01503006012024048
E07000092,Rushmoor,27,99800,0.027054108216432865
E07000092,Rushmoor,53,99800,0.0531062124248497
E07000092,Rushmoor,14,99800,0.014028056112224449
E07000092,Rushmoor,10,99800,0.01002004008016032
E07000092,Rushmoor,0,99800,0
E07000092,Rushmoor,16,99800,0.01603206412825651
E07000092,Rushmoor,35,99800,0.03507014028056112
E07000092,Rushmoor,39,99800,0.03907815631262525
E07000092,Rushmoor,14,99800,0.014028056112224449
E07000092,Rushmoor,9,99800,0.009018036072144289
E07000092,Rushmoor,0,99800,0
E07000092,Rushmoor,13,99800,0.013026052104208416
E07000092,Rushmoor,27,99800,0.027054108216432865
E07000092,Rushmoor,32,99800,0.03206412825651302
E07000092,Rushmoor,7,99800,0.0070140280561122245
E07000092,Rushmoor,1,99800,0.001002004008016032
E07000092,Rushmoor,0,99800,0
E07000092,Rushmoor,910,99800,0.9118236472945892
E07000092,Rushmoor,1199,99800,1.2014028056112225
E07000092,Rushmoor,1449,99800,1.4519038076152304
E07000092,Rushmoor,398,99800,0.39879759519038077
E07000092,Rushmoor,153,99800,0.1533066132264529
E07000093,Test Valley,0,130500,0
E07000093,Test Valley,0,130500,0
E07000093,Test Valley,0,130500,0
E07000093,Test Valley,0,130500,0
E07000093,Test Valley,0,130500,0
E07000093,Test Valley,0,130500,0
E07000093,Test Valley,0,130500,0
E07000093,Test Valley,45446,130500,34.824521072796934
E07000093,Test Valley,32325,130500,24.770114942528735
E07000093,Test Valley,19967,130500,15.300383141762453
E07000093,Test Valley,2184,130500,1.6735632183908047
E07000093,Test Valley,383,130500,0.2934865900383142
E07000093,Test Valley,0,130500,0
E07000093,Test Valley,26,130500,0.01992337164750958
E07000093,Test Valley,38,130500,0.029118773946360154
E07000093,Test Valley,46,130500,0.03524904214559387
E07000093,Test Valley,10,130500,0.007662835249042145
E07000093,Test Valley,3,130500,0.0022988505747126436
E07000093,Test Valley,0,130500,0
E07000093,Test Valley,19,130500,0.014559386973180077
E07000093,Test Valley,17,130500,0.013026819923371647
E07000093,Test Valley,15,130500,0.011494252873563218
E07000093,Test Valley,0,130500,0
E07000093,Test Valley,1,130500,7.662835249042146e-4
E07000093,Test Valley,0,130500,0
E07000093,Test Valley,12,130500,0.009195402298850575
E07000093,Test Valley,21,130500,0.016091954022988506
E07000093,Test Valley,17,130500,0.013026819923371647
E07000093,Test Valley,3,130500,0.0022988505747126436
E07000093,Test Valley,2,130500,0.0015325670498084292
E07000093,Test Valley,0,130500,0
E07000093,Test Valley,17,130500,0.013026819923371647
E07000093,Test Valley,24,130500,0.01839080459770115
E07000093,Test Valley,32,130500,0.024521072796934867
E07000093,Test Valley,0,130500,0
E07000093,Test Valley,1,130500,7.662835249042146e-4
E07000093,Test Valley,0,130500,0
E07000093,Test Valley,1789,130500,1.3708812260536398
E07000093,Test Valley,1566,130500,1.2
E07000093,Test Valley,1126,130500,0.8628352490421456
E07000093,Test Valley,171,130500,0.1310344827586207
E07000093,Test Valley,42,130500,0.03218390804597701
E07000094,Winchester,0,127500,0
E07000094,Winchester,0,127500,0
E07000094,Winchester,0,127500,0
E07000094,Winchester,0,127500,0
E07000094,Winchester,0,127500,0
E07000094,Winchester,0,127500,0
E07000094,Winchester,0,127500,0
E07000094,Winchester,44129,127500,34.61098039215686
E07000094,Winchester,29230,127500,22.92549019607843
E07000094,Winchester,19462,127500,15.264313725490195
E07000094,Winchester,1984,127500,1.556078431372549
E07000094,Winchester,290,127500,0.22745098039215686
E07000094,Winchester,0,127500,0
E07000094,Winchester,15,127500,0.011764705882352941
E07000094,Winchester,27,127500,0.021176470588235293
E07000094,Winchester,39,127500,0.03058823529411765
E07000094,Winchester,19,127500,0.014901960784313726
E07000094,Winchester,3,127500,0.002352941176470588
E07000094,Winchester,0,127500,0
E07000094,Winchester,36,127500,0.02823529411764706
E07000094,Winchester,26,127500,0.0203921568627451
E07000094,Winchester,24,127500,0.018823529411764704
E07000094,Winchester,0,127500,0
E07000094,Winchester,0,127500,0
E07000094,Winchester,0,127500,0
E07000094,Winchester,20,127500,0.01568627450980392
E07000094,Winchester,14,127500,0.010980392156862745
E07000094,Winchester,30,127500,0.023529411764705882
E07000094,Winchester,1,127500,7.84313725490196e-4
E07000094,Winchester,1,127500,7.84313725490196e-4
E07000094,Winchester,0,127500,0
E07000094,Winchester,26,127500,0.0203921568627451
E07000094,Winchester,51,127500,0.04
E07000094,Winchester,38,127500,0.02980392156862745
E07000094,Winchester,3,127500,0.002352941176470588
E07000094,Winchester,0,127500,0
E07000094,Winchester,0,127500,0
E07000094,Winchester,1577,127500,1.2368627450980392
E07000094,Winchester,1416,127500,1.1105882352941177
E07000094,Winchester,1028,127500,0.8062745098039216
E07000094,Winchester,151,127500,0.11843137254901961
E07000094,Winchester,32,127500,0.025098039215686273
E07000095,Broxbourne,0,99000,0
E07000095,Broxbourne,0,99000,0
E07000095,Broxbourne,0,99000,0
E07000095,Broxbourne,0,99000,0
E07000095,Broxbourne,0,99000,0
E07000095,Broxbourne,0,99000,0
E07000095,Broxbourne,0,99000,0
E07000095,Broxbourne,23066,99000,23.2989898989899
E07000095,Broxbourne,23418,99000,23.654545454545456
E07000095,Broxbourne,21875,99000,22.095959595959595
E07000095,Broxbourne,5066,99000,5.1171717171717175
E07000095,Broxbourne,1003,99000,1.013131313131313
E07000095,Broxbourne,0,99000,0
E07000095,Broxbourne,24,99000,0.024242424242424242
E07000095,Broxbourne,48,99000,0.048484848484848485
E07000095,Broxbourne,60,99000,0.06060606060606061
E07000095,Broxbourne,26,99000,0.026262626262626262
E07000095,Broxbourne,13,99000,0.013131313131313131
E07000095,Broxbourne,0,99000,0
E07000095,Broxbourne,11,99000,0.011111111111111112
E07000095,Broxbourne,24,99000,0.024242424242424242
E07000095,Broxbourne,25,99000,0.025252525252525252
E07000095,Broxbourne,13,99000,0.013131313131313131
E07000095,Broxbourne,1,99000,0.00101010101010101
E07000095,Broxbourne,0,99000,0
E07000095,Broxbourne,11,99000,0.011111111111111112
E07000095,Broxbourne,21,99000,0.021212121212121213
E07000095,Broxbourne,29,99000,0.029292929292929294
E07000095,Broxbourne,24,99000,0.024242424242424242
E07000095,Broxbourne,1,99000,0.00101010101010101
E07000095,Broxbourne,0,99000,0
E07000095,Broxbourne,8,99000,0.00808080808080808
E07000095,Broxbourne,12,99000,0.012121212121212121
E07000095,Broxbourne,10,99000,0.010101010101010102
E07000095,Broxbourne,1,99000,0.00101010101010101
E07000095,Broxbourne,1,99000,0.00101010101010101
E07000095,Broxbourne,0,99000,0
E07000095,Broxbourne,1144,99000,1.1555555555555554
E07000095,Broxbourne,1258,99000,1.2707070707070707
E07000095,Broxbourne,1448,99000,1.4626262626262627
E07000095,Broxbourne,446,99000,0.4505050505050505
E07000095,Broxbourne,119,99000,0.1202020202020202
E07000096,Dacorum,0,155100,0
E07000096,Dacorum,0,155100,0
E07000096,Dacorum,0,155100,0
E07000096,Dacorum,0,155100,0
E07000096,Dacorum,0,155100,0
E07000096,Dacorum,0,155100,0
E07000096,Dacorum,0,155100,0
E07000096,Dacorum,42377,155100,27.322372662798195
E07000096,Dacorum,36615,155100,23.607350096711798
E07000096,Dacorum,30958,155100,19.960025789813024
E07000096,Dacorum,4441,155100,2.8633139909735656
E07000096,Dacorum,753,155100,0.48549323017408125
E07000096,Dacorum,0,155100,0
E07000096,Dacorum,33,155100,0.02127659574468085
E07000096,Dacorum,46,155100,0.029658284977433915
E07000096,Dacorum,89,155100,0.05738233397807866
E07000096,Dacorum,18,155100,0.01160541586073501
E07000096,Dacorum,3,155100,0.0019342359767891683
E07000096,Dacorum,0,155100,0
E07000096,Dacorum,19,155100,0.012250161186331399
E07000096,Dacorum,21,155100,0.013539651837524178
E07000096,Dacorum,36,155100,0.02321083172147002
E07000096,Dacorum,14,155100,0.009026434558349452
E07000096,Dacorum,3,155100,0.0019342359767891683
E07000096,Dacorum,0,155100,0
E07000096,Dacorum,11,155100,0.0070921985815602835
E07000096,Dacorum,28,155100,0.018052869116698903
E07000096,Dacorum,34,155100,0.02192134107027724
E07000096,Dacorum,13,155100,0.008381689232753063
E07000096,Dacorum,3,155100,0.0019342359767891683
E07000096,Dacorum,0,155100,0
E07000096,Dacorum,26,155100,0.016763378465506126
E07000096,Dacorum,31,155100,0.019987105093488073
E07000096,Dacorum,32,155100,0.020631850419084462
E07000096,Dacorum,1,155100,6.447453255963894e-4
E07000096,Dacorum,1,155100,6.447453255963894e-4
E07000096,Dacorum,0,155100,0
E07000096,Dacorum,1853,155100,1.1947130883301096
E07000096,Dacorum,1786,155100,1.1515151515151516
E07000096,Dacorum,1959,155100,1.263056092843327
E07000096,Dacorum,374,155100,0.24113475177304963
E07000096,Dacorum,74,155100,0.04771115409413282
E07000098,Hertsmere,0,107800,0
E07000098,Hertsmere,0,107800,0
E07000098,Hertsmere,0,107800,0
E07000098,Hertsmere,0,107800,0
E07000098,Hertsmere,0,107800,0
E07000098,Hertsmere,0,107800,0
E07000098,Hertsmere,0,107800,0
E07000098,Hertsmere,26268,107800,24.367346938775512
E07000098,Hertsmere,25565,107800,23.7152133580705
E07000098,Hertsmere,22386,107800,20.766233766233768
E07000098,Hertsmere,4805,107800,4.457328385899815
E07000098,Hertsmere,1007,107800,0.9341372912801484
E07000098,Hertsmere,0,107800,0
E07000098,Hertsmere,21,107800,0.01948051948051948
E07000098,Hertsmere,38,107800,0.03525046382189239
E07000098,Hertsmere,66,107800,0.061224489795918366
E07000098,Hertsmere,19,107800,0.017625231910946195
E07000098,Hertsmere,8,107800,0.0074211502782931356
E07000098,Hertsmere,0,107800,0
E07000098,Hertsmere,14,107800,0.012987012987012988
E07000098,Hertsmere,23,107800,0.021335807050092765
E07000098,Hertsmere,35,107800,0.032467532467532464
E07000098,Hertsmere,12,107800,0.011131725417439703
E07000098,Hertsmere,1,107800,9.276437847866419e-4
E07000098,Hertsmere,0,107800,0
E07000098,Hertsmere,15,107800,0.013914656771799629
E07000098,Hertsmere,18,107800,0.016697588126159554
E07000098,Hertsmere,33,107800,0.030612244897959183
E07000098,Hertsmere,13,107800,0.012059369202226345
E07000098,Hertsmere,2,107800,0.0018552875695732839
E07000098,Hertsmere,0,107800,0
E07000098,Hertsmere,12,107800,0.011131725417439703
E07000098,Hertsmere,13,107800,0.012059369202226345
E07000098,Hertsmere,22,107800,0.02040816326530612
E07000098,Hertsmere,4,107800,0.0037105751391465678
E07000098,Hertsmere,2,107800,0.0018552875695732839
E07000098,Hertsmere,0,107800,0
E07000098,Hertsmere,1212,107800,1.12430426716141
E07000098,Hertsmere,1515,107800,1.4053803339517625
E07000098,Hertsmere,1547,107800,1.4350649350649352
E07000098,Hertsmere,430,107800,0.39888682745825604
E07000098,Hertsmere,133,107800,0.12337662337662338
E07000099,North Hertfordshire,0,133200,0
E07000099,North Hertfordshire,0,133200,0
E07000099,North Hertfordshire,0,133200,0
E07000099,North Hertfordshire,0,133200,0
E07000099,North Hertfordshire,0,133200,0
E07000099,North Hertfordshire,0,133200,0
E07000099,North Hertfordshire,0,133200,0
E07000099,North Hertfordshire,39991,133200,30.023273273273272
E07000099,North Hertfordshire,33608,133200,25.23123123123123
E07000099,North Hertfordshire,24588,133200,18.45945945945946
E07000099,North Hertfordshire,2858,133200,2.145645645645646
E07000099,North Hertfordshire,435,133200,0.32657657657657657
E07000099,North Hertfordshire,0,133200,0
E07000099,North Hertfordshire,27,133200,0.02027027027027027
E07000099,North Hertfordshire,30,133200,0.02252252252252252
E07000099,North Hertfordshire,51,133200,0.038288288288288286
E07000099,North Hertfordshire,4,133200,0.003003003003003003
E07000099,North Hertfordshire,5,133200,0.0037537537537537537
E07000099,North Hertfordshire,0,133200,0
E07000099,North Hertfordshire,21,133200,0.015765765765765764
E07000099,North Hertfordshire,28,133200,0.021021021021021023
E07000099,North Hertfordshire,19,133200,0.014264264264264264
E07000099,North Hertfordshire,1,133200,7.507507507507507e-4
E07000099,North Hertfordshire,2,133200,0.0015015015015015015
E07000099,North Hertfordshire,0,133200,0
E07000099,North Hertfordshire,22,133200,0.016516516516516516
E07000099,North Hertfordshire,29,133200,0.02177177177177177
E07000099,North Hertfordshire,30,133200,0.02252252252252252
E07000099,North Hertfordshire,12,133200,0.009009009009009009
E07000099,North Hertfordshire,0,133200,0
E07000099,North Hertfordshire,0,133200,0
E07000099,North Hertfordshire,21,133200,0.015765765765765764
E07000099,North Hertfordshire,36,133200,0.02702702702702703
E07000099,North Hertfordshire,30,133200,0.02252252252252252
E07000099,North Hertfordshire,3,133200,0.0022522522522522522
E07000099,North Hertfordshire,0,133200,0
E07000099,North Hertfordshire,0,133200,0
E07000099,North Hertfordshire,1614,133200,1.2117117117117118
E07000099,North Hertfordshire,1613,133200,1.210960960960961
E07000099,North Hertfordshire,1413,133200,1.0608108108108107
E07000099,North Hertfordshire,196,133200,0.14714714714714713
E07000099,North Hertfordshire,29,133200,0.02177177177177177
E07000102,Three Rivers,0,93800,0
E07000102,Three Rivers,0,93800,0
E07000102,Three Rivers,0,93800,0
E07000102,Three Rivers,0,93800,0
E07000102,Three Rivers,0,93800,0
E07000102,Three Rivers,0,93800,0
E07000102,Three Rivers,0,93800,0
E07000102,Three Rivers,26784,93800,28.554371002132196
E07000102,Three Rivers,22479,93800,23.964818763326225
E07000102,Three Rivers,17683,93800,18.85181236673774
E07000102,Three Rivers,2872,93800,3.0618336886993602
E07000102,Three Rivers,616,93800,0.6567164179104478
E07000102,Three Rivers,0,93800,0
E07000102,Three Rivers,21,93800,0.022388059701492536
E07000102,Three Rivers,22,93800,0.023454157782515993
E07000102,Three Rivers,34,93800,0.03624733475479744
E07000102,Three Rivers,9,93800,0.009594882729211088
E07000102,Three Rivers,2,93800,0.0021321961620469083
E07000102,Three Rivers,0,93800,0
E07000102,Three Rivers,20,93800,0.021321961620469083
E07000102,Three Rivers,23,93800,0.024520255863539446
E07000102,Three Rivers,19,93800,0.02025586353944563
E07000102,Three Rivers,4,93800,0.0042643923240938165
E07000102,Three Rivers,2,93800,0.0021321961620469083
E07000102,Three Rivers,0,93800,0
E07000102,Three Rivers,10,93800,0.010660980810234541
E07000102,Three Rivers,16,93800,0.017057569296375266
E07000102,Three Rivers,24,93800,0.0255863539445629
E07000102,Three Rivers,6,93800,0.006396588486140725
E07000102,Three Rivers,4,93800,0.0042643923240938165
E07000102,Three Rivers,0,93800,0
E07000102,Three Rivers,14,93800,0.014925373134328358
E07000102,Three Rivers,19,93800,0.02025586353944563
E07000102,Three Rivers,21,93800,0.022388059701492536
E07000102,Three Rivers,1,93800,0.0010660980810234541
E07000102,Three Rivers,2,93800,0.0021321961620469083
E07000102,Three Rivers,0,93800,0
E07000102,Three Rivers,1196,93800,1.275053304904051
E07000102,Three Rivers,1145,93800,1.220682302771855
E07000102,Three Rivers,1035,93800,1.103411513859275
E07000102,Three Rivers,220,93800,0.2345415778251599
E07000102,Three Rivers,61,93800,0.0650319829424307
E07000103,Watford,0,102300,0
E07000103,Watford,0,102300,0
E07000103,Watford,0,102300,0
E07000103,Watford,0,102300,0
E07000103,Watford,0,102300,0
E07000103,Watford,0,102300,0
E07000103,Watford,0,102300,0
E07000103,Watford,17768,102300,17.36852394916911
E07000103,Watford,21107,102300,20.63245356793744
E07000103,Watford,26009,102300,25.424242424242426
E07000103,Watford,7149,102300,6.988269794721408
E07000103,Watford,2172,102300,2.12316715542522
E07000103,Watford,0,102300,0
E07000103,Watford,35,102300,0.03421309872922776
E07000103,Watford,47,102300,0.04594330400782014
E07000103,Watford,101,102300,0.09872922776148582
E07000103,Watford,47,102300,0.04594330400782014
E07000103,Watford,16,102300,0.015640273704789834
E07000103,Watford,0,102300,0
E07000103,Watford,15,102300,0.01466275659824047
E07000103,Watford,23,102300,0.022482893450635387
E07000103,Watford,41,102300,0.04007820136852395
E07000103,Watford,26,102300,0.02541544477028348
E07000103,Watford,10,102300,0.009775171065493646
E07000103,Watford,0,102300,0
E07000103,Watford,14,102300,0.013685239491691105
E07000103,Watford,17,102300,0.016617790811339198
E07000103,Watford,48,102300,0.0469208211143695
E07000103,Watford,23,102300,0.022482893450635387
E07000103,Watford,6,102300,0.005865102639296188
E07000103,Watford,0,102300,0
E07000103,Watford,13,102300,0.01270772238514174
E07000103,Watford,23,102300,0.022482893450635387
E07000103,Watford,36,102300,0.03519061583577713
E07000103,Watford,5,102300,0.004887585532746823
E07000103,Watford,2,102300,0.0019550342130987292
E07000103,Watford,0,102300,0
E07000103,Watford,1075,102300,1.050830889540567
E07000103,Watford,1393,102300,1.3616813294232648
E07000103,Watford,1985,102300,1.9403714565004888
E07000103,Watford,742,102300,0.7253176930596286
E07000103,Watford,303,102300,0.2961876832844575
E07000105,Ashford,0,132700,0
E07000105,Ashford,0,132700,0
E07000105,Ashford,0,132700,0
E07000105,Ashford,0,132700,0
E07000105,Ashford,0,132700,0
E07000105,Ashford,0,132700,0
E07000105,Ashford,0,132700,0
E07000105,Ashford,38272,132700,28.84099472494348
E07000105,Ashford,33009,132700,24.87490580256217
E07000105,Ashford,23689,132700,17.851544837980406
E07000105,Ashford,4225,132700,3.183873398643557
E07000105,Ashford,1131,132700,0.8522984174830445
E07000105,Ashford,0,132700,0
E07000105,Ashford,34,132700,0.02562170308967596
E07000105,Ashford,54,132700,0.04069329314242653
E07000105,Ashford,80,132700,0.06028636021100226
E07000105,Ashford,37,132700,0.027882441597588545
E07000105,Ashford,29,132700,0.02185380557648832
E07000105,Ashford,0,132700,0
E07000105,Ashford,21,132700,0.015825169555388093
E07000105,Ashford,27,132700,0.020346646571213264
E07000105,Ashford,40,132700,0.03014318010550113
E07000105,Ashford,7,132700,0.0052750565184626974
E07000105,Ashford,3,132700,0.002260738507912585
E07000105,Ashford,0,132700,0
E07000105,Ashford,15,132700,0.011303692539562924
E07000105,Ashford,34,132700,0.02562170308967596
E07000105,Ashford,45,132700,0.03391107761868877
E07000105,Ashford,8,132700,0.006028636021100226
E07000105,Ashford,2,132700,0.0015071590052750565
E07000105,Ashford,0,132700,0
E07000105,Ashford,17,132700,0.01281085154483798
E07000105,Ashford,20,132700,0.015071590052750565
E07000105,Ashford,17,132700,0.01281085154483798
E07000105,Ashford,4,132700,0.003014318010550113
E07000105,Ashford,2,132700,0.0015071590052750565
E07000105,Ashford,0,132700,0
E07000105,Ashford,1622,132700,1.222305953278071
E07000105,Ashford,1714,132700,1.2916352675207234
E07000105,Ashford,1346,132700,1.014318010550113
E07000105,Ashford,249,132700,0.18764129615674455
E07000105,Ashford,118,132700,0.08892238131122833
E07000106,Canterbury,0,157400,0
E07000106,Canterbury,0,157400,0
E07000106,Canterbury,0,157400,0
E07000106,Canterbury,0,157400,0
E07000106,Canterbury,0,157400,0
E07000106,Canterbury,0,157400,0
E07000106,Canterbury,0,157400,0
E07000106,Canterbury,40543,157400,25.757941550190598
E07000106,Canterbury,41245,157400,26.203939008894537
E07000106,Canterbury,29590,157400,18.799237611181702
E07000106,Canterbury,4392,157400,2.790343074968234
E07000106,Canterbury,815,157400,0.5177890724269377
E07000106,Canterbury,0,157400,0
E07000106,Canterbury,35,157400,0.022236340533672173
E07000106,Canterbury,67,157400,0.042566709021601014
E07000106,Canterbury,80,157400,0.05082592121982211
E07000106,Canterbury,18,157400,0.011435832274459974
E07000106,Canterbury,12,157400,0.007623888182973317
E07000106,Canterbury,0,157400,0
E07000106,Canterbury,27,157400,0.017153748411689963
E07000106,Canterbury,29,157400,0.018424396442185513
E07000106,Canterbury,45,157400,0.028589580686149935
E07000106,Canterbury,4,157400,0.0025412960609911056
E07000106,Canterbury,2,157400,0.0012706480304955528
E07000106,Canterbury,0,157400,0
E07000106,Canterbury,26,157400,0.016518424396442185
E07000106,Canterbury,22,157400,0.01397712833545108
E07000106,Canterbury,61,157400,0.03875476493011436
E07000106,Canterbury,7,157400,0.0044472681067344345
E07000106,Canterbury,1,157400,6.353240152477764e-4
E07000106,Canterbury,0,157400,0
E07000106,Canterbury,41,157400,0.026048284625158832
E07000106,Canterbury,83,157400,0.05273189326556544
E07000106,Canterbury,72,157400,0.045743329097839895
E07000106,Canterbury,6,157400,0.0038119440914866584
E07000106,Canterbury,1,157400,6.353240152477764e-4
E07000106,Canterbury,0,157400,0
E07000106,Canterbury,2028,157400,1.2884371029224904
E07000106,Canterbury,2347,157400,1.491105463786531
E07000106,Canterbury,1825,157400,1.159466327827192
E07000106,Canterbury,398,157400,0.25285895806861497
E07000106,Canterbury,102,157400,0.06480304955527319
E07000107,Dartford,0,116800,0
E07000107,Dartford,0,116800,0
E07000107,Dartford,0,116800,0
E07000107,Dartford,0,116800,0
E07000107,Dartford,0,116800,0
E07000107,Dartford,0,116800,0
E07000107,Dartford,0,116800,0
E07000107,Dartford,23344,116800,19.986301369863014
E07000107,Dartford,28691,116800,24.564212328767123
E07000107,Dartford,26490,116800,22.679794520547944
E07000107,Dartford,5280,116800,4.52054794520548
E07000107,Dartford,1081,116800,0.925513698630137
E07000107,Dartford,0,116800,0
E07000107,Dartford,29,116800,0.02482876712328767
E07000107,Dartford,57,116800,0.0488013698630137
E07000107,Dartford,96,116800,0.0821917808219178
E07000107,Dartford,29,116800,0.02482876712328767
E07000107,Dartford,8,116800,0.00684931506849315
E07000107,Dartford,0,116800,0
E07000107,Dartford,14,116800,0.011986301369863013
E07000107,Dartford,34,116800,0.02910958904109589
E07000107,Dartford,42,116800,0.03595890410958904
E07000107,Dartford,14,116800,0.011986301369863013
E07000107,Dartford,1,116800,8.561643835616438e-4
E07000107,Dartford,0,116800,0
E07000107,Dartford,11,116800,0.009417808219178082
E07000107,Dartford,29,116800,0.02482876712328767
E07000107,Dartford,36,116800,0.030821917808219176
E07000107,Dartford,8,116800,0.00684931506849315
E07000107,Dartford,1,116800,8.561643835616438e-4
E07000107,Dartford,0,116800,0
E07000107,Dartford,10,116800,0.008561643835616438
E07000107,Dartford,14,116800,0.011986301369863013
E07000107,Dartford,29,116800,0.02482876712328767
E07000107,Dartford,5,116800,0.004280821917808219
E07000107,Dartford,0,116800,0
E07000107,Dartford,0,116800,0
E07000107,Dartford,1078,116800,0.922945205479452
E07000107,Dartford,1485,116800,1.2714041095890412
E07000107,Dartford,1519,116800,1.3005136986301369
E07000107,Dartford,422,116800,0.3613013698630137
E07000107,Dartford,127,116800,0.10873287671232877
E07000108,Dover,0,116400,0
E07000108,Dover,0,116400,0
E07000108,Dover,0,116400,0
E07000108,Dover,0,116400,0
E07000108,Dover,0,116400,0
E07000108,Dover,0,116400,0
E07000108,Dover,0,116400,0
E07000108,Dover,31480,116400,27.0446735395189
E07000108,Dover,31813,116400,27.330756013745706
E07000108,Dover,21919,116400,18.830756013745706
E07000108,Dover,3567,116400,3.064432989690722
E07000108,Dover,721,116400,0.6194158075601375
E07000108,Dover,0,116400,0
E07000108,Dover,30,116400,0.02577319587628866
E07000108,Dover,40,116400,0.03436426116838488
E07000108,Dover,53,116400,0.045532646048109963
E07000108,Dover,19,116400,0.01632302405498282
E07000108,Dover,13,116400,0.011168384879725086
E07000108,Dover,0,116400,0
E07000108,Dover,21,116400,0.01804123711340206
E07000108,Dover,24,116400,0.020618556701030927
E07000108,Dover,31,116400,0.02663230240549828
E07000108,Dover,5,116400,0.00429553264604811
E07000108,Dover,1,116400,8.59106529209622e-4
E07000108,Dover,0,116400,0
E07000108,Dover,11,116400,0.009450171821305841
E07000108,Dover,10,116400,0.00859106529209622
E07000108,Dover,32,116400,0.027491408934707903
E07000108,Dover,5,116400,0.00429553264604811
E07000108,Dover,3,116400,0.002577319587628866
E07000108,Dover,0,116400,0
E07000108,Dover,15,116400,0.01288659793814433
E07000108,Dover,21,116400,0.01804123711340206
E07000108,Dover,23,116400,0.019759450171821305
E07000108,Dover,3,116400,0.002577319587628866
E07000108,Dover,0,116400,0
E07000108,Dover,0,116400,0
E07000108,Dover,1455,116400,1.25
E07000108,Dover,1577,116400,1.354810996563574
E07000108,Dover,1305,116400,1.1211340206185567
E07000108,Dover,240,116400,0.20618556701030927
E07000108,Dover,57,116400,0.04896907216494845
E07000109,Gravesham,0,106900,0
E07000109,Gravesham,0,106900,0
E07000109,Gravesham,0,106900,0
E07000109,Gravesham,0,106900,0
E07000109,Gravesham,0,106900,0
E07000109,Gravesham,0,106900,0
E07000109,Gravesham,0,106900,0
E07000109,Gravesham,23583,106900,22.060804490177738
E07000109,Gravesham,25466,106900,23.822263797942004
E07000109,Gravesham,23151,106900,21.65668849391955
E07000109,Gravesham,5449,106900,5.097287184284378
E07000109,Gravesham,1409,106900,1.3180542563143125
E07000109,Gravesham,0,106900,0
E07000109,Gravesham,37,106900,0.03461178671655753
E07000109,Gravesham,62,106900,0.057998129092609915
E07000109,Gravesham,109,106900,0.1019644527595884
E07000109,Gravesham,63,106900,0.05893358278765201
E07000109,Gravesham,14,106900,0.013096351730589336
E07000109,Gravesham,0,106900,0
E07000109,Gravesham,16,106900,0.014967259120673527
E07000109,Gravesham,42,106900,0.03928905519176801
E07000109,Gravesham,34,106900,0.031805425631431246
E07000109,Gravesham,17,106900,0.015902712815715623
E07000109,Gravesham,4,106900,0.0037418147801683817
E07000109,Gravesham,0,106900,0
E07000109,Gravesham,21,106900,0.019644527595884004
E07000109,Gravesham,33,106900,0.03086997193638915
E07000109,Gravesham,41,106900,0.03835360149672591
E07000109,Gravesham,20,106900,0.018709073900841908
E07000109,Gravesham,2,106900,0.0018709073900841909
E07000109,Gravesham,0,106900,0
E07000109,Gravesham,10,106900,0.009354536950420954
E07000109,Gravesham,14,106900,0.013096351730589336
E07000109,Gravesham,32,106900,0.029934518241347054
E07000109,Gravesham,0,106900,0
E07000109,Gravesham,0,106900,0
E07000109,Gravesham,0,106900,0
E07000109,Gravesham,1112,106900,1.04022450888681
E07000109,Gravesham,1396,106900,1.3058933582787653
E07000109,Gravesham,1391,106900,1.3012160898035547
E07000109,Gravesham,415,106900,0.3882132834424696
E07000109,Gravesham,128,106900,0.11973807296538821
E07000110,Maidstone,0,175800,0
E07000110,Maidstone,0,175800,0
E07000110,Maidstone,0,175800,0
E07000110,Maidstone,0,175800,0
E07000110,Maidstone,0,175800,0
E07000110,Maidstone,0,175800,0
E07000110,Maidstone,0,175800,0
E07000110,Maidstone,48263,175800,27.453356086461888
E07000110,Maidstone,44423,175800,25.26905574516496
E07000110,Maidstone,32653,175800,18.573947667804322
E07000110,Maidstone,5396,175800,3.069397042093288
E07000110,Maidstone,1600,175800,0.9101251422070534
E07000110,Maidstone,0,175800,0
E07000110,Maidstone,41,175800,0.023321956769055744
E07000110,Maidstone,80,175800,0.04550625711035267
E07000110,Maidstone,107,175800,0.0608646188850967
E07000110,Maidstone,28,175800,0.015927189988623434
E07000110,Maidstone,26,175800,0.01478953356086462
E07000110,Maidstone,0,175800,0
E07000110,Maidstone,29,175800,0.016496018202502846
E07000110,Maidstone,34,175800,0.019340159271899887
E07000110,Maidstone,39,175800,0.02218430034129693
E07000110,Maidstone,7,175800,0.003981797497155859
E07000110,Maidstone,0,175800,0
E07000110,Maidstone,0,175800,0
E07000110,Maidstone,22,175800,0.012514220705346985
E07000110,Maidstone,33,175800,0.01877133105802048
E07000110,Maidstone,42,175800,0.023890784982935155
E07000110,Maidstone,8,175800,0.004550625711035267
E07000110,Maidstone,0,175800,0
E07000110,Maidstone,0,175800,0
E07000110,Maidstone,16,175800,0.009101251422070534
E07000110,Maidstone,27,175800,0.015358361774744027
E07000110,Maidstone,40,175800,0.022753128555176336
E07000110,Maidstone,3,175800,0.0017064846416382253
E07000110,Maidstone,0,175800,0
E07000110,Maidstone,0,175800,0
E07000110,Maidstone,2115,175800,1.2030716723549488
E07000110,Maidstone,2136,175800,1.2150170648464165
E07000110,Maidstone,2012,175800,1.1444823663253698
E07000110,Maidstone,467,175800,0.2656427758816837
E07000110,Maidstone,195,175800,0.11092150170648464
E07000111,Sevenoaks,0,120500,0
E07000111,Sevenoaks,0,120500,0
E07000111,Sevenoaks,0,120500,0
E07000111,Sevenoaks,0,120500,0
E07000111,Sevenoaks,0,120500,0
E07000111,Sevenoaks,0,120500,0
E07000111,Sevenoaks,0,120500,0
E07000111,Sevenoaks,39871,120500,33.08796680497925
E07000111,Sevenoaks,28304,120500,23.488796680497924
E07000111,Sevenoaks,19486,120500,16.170954356846472
E07000111,Sevenoaks,2852,120500,2.366804979253112
E07000111,Sevenoaks,509,120500,0.4224066390041494
E07000111,Sevenoaks,0,120500,0
E07000111,Sevenoaks,23,120500,0.019087136929460582
E07000111,Sevenoaks,30,120500,0.024896265560165973
E07000111,Sevenoaks,36,120500,0.02987551867219917
E07000111,Sevenoaks,4,120500,0.0033195020746887966
E07000111,Sevenoaks,3,120500,0.0024896265560165973
E07000111,Sevenoaks,0,120500,0
E07000111,Sevenoaks,22,120500,0.018257261410788383
E07000111,Sevenoaks,19,120500,0.015767634854771784
E07000111,Sevenoaks,21,120500,0.017427385892116183
E07000111,Sevenoaks,0,120500,0
E07000111,Sevenoaks,0,120500,0
E07000111,Sevenoaks,0,120500,0
E07000111,Sevenoaks,21,120500,0.017427385892116183
E07000111,Sevenoaks,12,120500,0.00995850622406639
E07000111,Sevenoaks,20,120500,0.016597510373443983
E07000111,Sevenoaks,3,120500,0.0024896265560165973
E07000111,Sevenoaks,1,120500,8.298755186721991e-4
E07000111,Sevenoaks,0,120500,0
E07000111,Sevenoaks,10,120500,0.008298755186721992
E07000111,Sevenoaks,20,120500,0.016597510373443983
E07000111,Sevenoaks,20,120500,0.016597510373443983
E07000111,Sevenoaks,3,120500,0.0024896265560165973
E07000111,Sevenoaks,0,120500,0
E07000111,Sevenoaks,0,120500,0
E07000111,Sevenoaks,1730,120500,1.4356846473029046
E07000111,Sevenoaks,1343,120500,1.1145228215767635
E07000111,Sevenoaks,1066,120500,0.8846473029045643
E07000111,Sevenoaks,166,120500,0.13775933609958507
E07000111,Sevenoaks,49,120500,0.04066390041493776
E07000112,Folkestone and Hythe,0,109800,0
E07000112,Folkestone and Hythe,0,109800,0
E07000112,Folkestone and Hythe,0,109800,0
E07000112,Folkestone and Hythe,0,109800,0
E07000112,Folkestone and Hythe,0,109800,0
E07000112,Folkestone and Hythe,0,109800,0
E07000112,Folkestone and Hythe,0,109800,0
E07000112,Folkestone and Hythe,30280,109800,27.577413479052822
E07000112,Folkestone and Hythe,29473,109800,26.842440801457194
E07000112,Folkestone and Hythe,21181,109800,19.290528233151186
E07000112,Folkestone and Hythe,3299,109800,3.004553734061931
E07000112,Folkestone and Hythe,806,109800,0.7340619307832422
E07000112,Folkestone and Hythe,0,109800,0
E07000112,Folkestone and Hythe,24,109800,0.02185792349726776
E07000112,Folkestone and Hythe,53,109800,0.0482695810564663
E07000112,Folkestone and Hythe,58,109800,0.052823315118397086
E07000112,Folkestone and Hythe,13,109800,0.011839708561020037
E07000112,Folkestone and Hythe,7,109800,0.006375227686703097
E07000112,Folkestone and Hythe,0,109800,0
E07000112,Folkestone and Hythe,14,109800,0.012750455373406194
E07000112,Folkestone and Hythe,19,109800,0.017304189435336976
E07000112,Folkestone and Hythe,29,109800,0.026411657559198543
E07000112,Folkestone and Hythe,4,109800,0.0036429872495446266
E07000112,Folkestone and Hythe,0,109800,0
E07000112,Folkestone and Hythe,0,109800,0
E07000112,Folkestone and Hythe,11,109800,0.010018214936247723
E07000112,Folkestone and Hythe,19,109800,0.017304189435336976
E07000112,Folkestone and Hythe,40,109800,0.03642987249544627
E07000112,Folkestone and Hythe,6,109800,0.00546448087431694
E07000112,Folkestone and Hythe,2,109800,0.0018214936247723133
E07000112,Folkestone and Hythe,0,109800,0
E07000112,Folkestone and Hythe,13,109800,0.011839708561020037
E07000112,Folkestone and Hythe,34,109800,0.030965391621129327
E07000112,Folkestone and Hythe,31,109800,0.028233151183970857
E07000112,Folkestone and Hythe,6,109800,0.00546448087431694
E07000112,Folkestone and Hythe,0,109800,0
E07000112,Folkestone and Hythe,0,109800,0
E07000112,Folkestone and Hythe,1263,109800,1.150273224043716
E07000112,Folkestone and Hythe,1478,109800,1.3460837887067396
E07000112,Folkestone and Hythe,1201,109800,1.0938069216757742
E07000112,Folkestone and Hythe,246,109800,0.22404371584699453
E07000112,Folkestone and Hythe,61,109800,0.05555555555555555
E07000113,Swale,0,151700,0
E07000113,Swale,0,151700,0
E07000113,Swale,0,151700,0
E07000113,Swale,0,151700,0
E07000113,Swale,0,151700,0
E07000113,Swale,0,151700,0
E07000113,Swale,0,151700,0
E07000113,Swale,37556,151700,24.756756756756758
E07000113,Swale,39144,151700,25.803559657218194
E07000113,Swale,29265,151700,19.291364535266975
E07000113,Swale,5648,151700,3.72313777191826
E07000113,Swale,1455,151700,0.9591298615688859
E07000113,Swale,0,151700,0
E07000113,Swale,27,151700,0.017798286090969017
E07000113,Swale,59,151700,0.03889255108767304
E07000113,Swale,70,151700,0.04614370468029005
E07000113,Swale,29,151700,0.01911667765326302
E07000113,Swale,16,151700,0.01054713249835201
E07000113,Swale,0,151700,0
E07000113,Swale,23,151700,0.015161502966381015
E07000113,Swale,28,151700,0.01845748187211602
E07000113,Swale,36,151700,0.023731048121292023
E07000113,Swale,4,151700,0.0026367831245880024
E07000113,Swale,0,151700,0
E07000113,Swale,0,151700,0
E07000113,Swale,12,151700,0.007910349373764008
E07000113,Swale,29,151700,0.01911667765326302
E07000113,Swale,45,151700,0.02966381015161503
E07000113,Swale,6,151700,0.003955174686882004
E07000113,Swale,2,151700,0.0013183915622940012
E07000113,Swale,0,151700,0
E07000113,Swale,18,151700,0.011865524060646011
E07000113,Swale,29,151700,0.01911667765326302
E07000113,Swale,35,151700,0.023071852340145024
E07000113,Swale,5,151700,0.0032959789057350032
E07000113,Swale,0,151700,0
E07000113,Swale,0,151700,0
E07000113,Swale,1622,151700,1.0692155570204351
E07000113,Swale,1828,151700,1.2050098879367173
E07000113,Swale,1584,151700,1.044166117336849
E07000113,Swale,311,151700,0.2050098879367172
E07000113,Swale,118,151700,0.07778510217534608
E07000114,Thanet,0,140600,0
E07000114,Thanet,0,140600,0
E07000114,Thanet,0,140600,0
E07000114,Thanet,0,140600,0
E07000114,Thanet,0,140600,0
E07000114,Thanet,0,140600,0
E07000114,Thanet,0,140600,0
E07000114,Thanet,32816,140600,23.339971550497868
E07000114,Thanet,38149,140600,27.133001422475107
E07000114,Thanet,30805,140600,21.909672830725462
E07000114,Thanet,4925,140600,3.502844950213371
E07000114,Thanet,802,140600,0.5704125177809388
E07000114,Thanet,0,140600,0
E07000114,Thanet,41,140600,0.029160739687055477
E07000114,Thanet,66,140600,0.04694167852062589
E07000114,Thanet,109,140600,0.077524893314367
E07000114,Thanet,48,140600,0.034139402560455195
E07000114,Thanet,17,140600,0.01209103840682788
E07000114,Thanet,0,140600,0
E07000114,Thanet,17,140600,0.01209103840682788
E07000114,Thanet,29,140600,0.020625889046941678
E07000114,Thanet,42,140600,0.029871977240398292
E07000114,Thanet,6,140600,0.004267425320056899
E07000114,Thanet,0,140600,0
E07000114,Thanet,0,140600,0
E07000114,Thanet,18,140600,0.012802275960170697
E07000114,Thanet,27,140600,0.019203413940256046
E07000114,Thanet,28,140600,0.01991465149359886
E07000114,Thanet,11,140600,0.007823613086770981
E07000114,Thanet,1,140600,7.112375533428165e-4
E07000114,Thanet,0,140600,0
E07000114,Thanet,20,140600,0.01422475106685633
E07000114,Thanet,37,140600,0.02631578947368421
E07000114,Thanet,50,140600,0.03556187766714083
E07000114,Thanet,4,140600,0.002844950213371266
E07000114,Thanet,6,140600,0.004267425320056899
E07000114,Thanet,0,140600,0
E07000114,Thanet,1429,140600,1.0163584637268848
E07000114,Thanet,2083,140600,1.4815078236130867
E07000114,Thanet,1832,140600,1.30298719772404
E07000114,Thanet,352,140600,0.2503556187766714
E07000114,Thanet,89,140600,0.06330014224751067
E07000115,Tonbridge and Malling,0,132200,0
E07000115,Tonbridge and Malling,0,132200,0
E07000115,Tonbridge and Malling,0,132200,0
E07000115,Tonbridge and Malling,0,132200,0
E07000115,Tonbridge and Malling,0,132200,0
E07000115,Tonbridge and Malling,0,132200,0
E07000115,Tonbridge and Malling,0,132200,0
E07000115,Tonbridge and Malling,40841,132200,30.893343419062028
E07000115,Tonbridge and Malling,33074,132200,25.018154311649017
E07000115,Tonbridge and Malling,22262,132200,16.83963691376702
E07000115,Tonbridge and Malling,3078,132200,2.3282904689863844
E07000115,Tonbridge and Malling,523,132200,0.3956127080181543
E07000115,Tonbridge and Malling,0,132200,0
E07000115,Tonbridge and Malling,31,132200,0.023449319213313162
E07000115,Tonbridge and Malling,36,132200,0.02723146747352496
E07000115,Tonbridge and Malling,25,132200,0.018910741301059002
E07000115,Tonbridge and Malling,5,132200,0.0037821482602118004
E07000115,Tonbridge and Malling,3,132200,0.0022692889561270802
E07000115,Tonbridge and Malling,0,132200,0
E07000115,Tonbridge and Malling,11,132200,0.00832072617246596
E07000115,Tonbridge and Malling,27,132200,0.02042360060514372
E07000115,Tonbridge and Malling,18,132200,0.01361573373676248
E07000115,Tonbridge and Malling,5,132200,0.0037821482602118004
E07000115,Tonbridge and Malling,1,132200,7.564296520423601e-4
E07000115,Tonbridge and Malling,0,132200,0
E07000115,Tonbridge and Malling,14,132200,0.01059001512859304
E07000115,Tonbridge and Malling,24,132200,0.018154311649016642
E07000115,Tonbridge and Malling,16,132200,0.012102874432677761
E07000115,Tonbridge and Malling,2,132200,0.0015128593040847202
E07000115,Tonbridge and Malling,0,132200,0
E07000115,Tonbridge and Malling,0,132200,0
E07000115,Tonbridge and Malling,12,132200,0.009077155824508321
E07000115,Tonbridge and Malling,15,132200,0.0113464447806354
E07000115,Tonbridge and Malling,21,132200,0.01588502269288956
E07000115,Tonbridge and Malling,2,132200,0.0015128593040847202
E07000115,Tonbridge and Malling,0,132200,0
E07000115,Tonbridge and Malling,0,132200,0
E07000115,Tonbridge and Malling,1717,132200,1.2987897125567323
E07000115,Tonbridge and Malling,1467,132200,1.1096822995461422
E07000115,Tonbridge and Malling,1106,132200,0.8366111951588502
E07000115,Tonbridge and Malling,222,132200,0.16792738275340394
E07000115,Tonbridge and Malling,41,132200,0.031013615733736764
E07000116,Tunbridge Wells,0,115300,0
E07000116,Tunbridge Wells,0,115300,0
E07000116,Tunbridge Wells,0,115300,0
E07000116,Tunbridge Wells,0,115300,0
E07000116,Tunbridge Wells,0,115300,0
E07000116,Tunbridge Wells,0,115300,0
E07000116,Tunbridge Wells,0,115300,0
E07000116,Tunbridge Wells,34933,115300,30.29748482220295
E07000116,Tunbridge Wells,26126,115300,22.659150043365134
E07000116,Tunbridge Wells,21640,115300,18.768430182133564
E07000116,Tunbridge Wells,2907,115300,2.5212489158716394
E07000116,Tunbridge Wells,476,115300,0.41283607979184733
E07000116,Tunbridge Wells,0,115300,0
E07000116,Tunbridge Wells,32,115300,0.027753686036426712
E07000116,Tunbridge Wells,22,115300,0.019080659150043366
E07000116,Tunbridge Wells,44,115300,0.03816131830008673
E07000116,Tunbridge Wells,12,115300,0.010407632263660017
E07000116,Tunbridge Wells,3,115300,0.0026019080659150044
E07000116,Tunbridge Wells,0,115300,0
E07000116,Tunbridge Wells,16,115300,0.013876843018213356
E07000116,Tunbridge Wells,19,115300,0.01647875108412836
E07000116,Tunbridge Wells,37,115300,0.032090199479618386
E07000116,Tunbridge Wells,2,115300,0.0017346053772766695
E07000116,Tunbridge Wells,0,115300,0
E07000116,Tunbridge Wells,0,115300,0
E07000116,Tunbridge Wells,7,115300,0.006071118820468344
E07000116,Tunbridge Wells,13,115300,0.011274934952298352
E07000116,Tunbridge Wells,31,115300,0.026886383347788378
E07000116,Tunbridge Wells,4,115300,0.003469210754553339
E07000116,Tunbridge Wells,1,115300,8.673026886383347e-4
E07000116,Tunbridge Wells,0,115300,0
E07000116,Tunbridge Wells,19,115300,0.01647875108412836
E07000116,Tunbridge Wells,16,115300,0.013876843018213356
E07000116,Tunbridge Wells,35,115300,0.030355594102341718
E07000116,Tunbridge Wells,5,115300,0.004336513443191674
E07000116,Tunbridge Wells,0,115300,0
E07000116,Tunbridge Wells,0,115300,0
E07000116,Tunbridge Wells,1563,115300,1.3555941023417173
E07000116,Tunbridge Wells,1255,115300,1.08846487424111
E07000116,Tunbridge Wells,1394,115300,1.2090199479618386
E07000116,Tunbridge Wells,218,115300,0.18907198612315698
E07000116,Tunbridge Wells,52,115300,0.045099739809193407
E07000117,Burnley,0,94700,0
E07000117,Burnley,0,94700,0
E07000117,Burnley,0,94700,0
E07000117,Burnley,0,94700,0
E07000117,Burnley,0,94700,0
E07000117,Burnley,0,94700,0
E07000117,Burnley,0,94700,0
E07000117,Burnley,17905,94700,18.907074973600846
E07000117,Burnley,26030,94700,27.486800422386484
E07000117,Burnley,19533,94700,20.626187961985217
E07000117,Burnley,4174,94700,4.407602956705386
E07000117,Burnley,1623,94700,1.7138331573389651
E07000117,Burnley,0,94700,0
E07000117,Burnley,21,94700,0.022175290390707498
E07000117,Burnley,71,94700,0.07497360084477296
E07000117,Burnley,90,94700,0.09503695881731784
E07000117,Burnley,15,94700,0.01583949313621964
E07000117,Burnley,29,94700,0.030623020063357972
E07000117,Burnley,0,94700,0
E07000117,Burnley,13,94700,0.013727560718057022
E07000117,Burnley,34,94700,0.03590285110876452
E07000117,Burnley,24,94700,0.025343189017951427
E07000117,Burnley,3,94700,0.0031678986272439284
E07000117,Burnley,6,94700,0.006335797254487857
E07000117,Burnley,0,94700,0
E07000117,Burnley,6,94700,0.006335797254487857
E07000117,Burnley,27,94700,0.028511087645195353
E07000117,Burnley,21,94700,0.022175290390707498
E07000117,Burnley,6,94700,0.006335797254487857
E07000117,Burnley,5,94700,0.005279831045406547
E07000117,Burnley,0,94700,0
E07000117,Burnley,4,94700,0.004223864836325237
E07000117,Burnley,21,94700,0.022175290390707498
E07000117,Burnley,14,94700,0.014783526927138331
E07000117,Burnley,5,94700,0.005279831045406547
E07000117,Burnley,0,94700,0
E07000117,Burnley,0,94700,0
E07000117,Burnley,838,94700,0.8848996832101372
E07000117,Burnley,1592,94700,1.6810982048574445
E07000117,Burnley,1499,94700,1.5828933474128828
E07000117,Burnley,466,94700,0.49208025343189016
E07000117,Burnley,233,94700,0.24604012671594508
E07000118,Chorley,0,117800,0
E07000118,Chorley,0,117800,0
E07000118,Chorley,0,117800,0
E07000118,Chorley,0,117800,0
E07000118,Chorley,0,117800,0
E07000118,Chorley,0,117800,0
E07000118,Chorley,0,117800,0
E07000118,Chorley,38424,117800,32.61799660441426
E07000118,Chorley,31768,117800,26.967741935483872
E07000118,Chorley,17185,117800,14.588285229202038
E07000118,Chorley,1799,117800,1.5271646859083192
E07000118,Chorley,280,117800,0.23769100169779286
E07000118,Chorley,0,117800,0
E07000118,Chorley,33,117800,0.02801358234295416
E07000118,Chorley,37,117800,0.031409168081494056
E07000118,Chorley,42,117800,0.035653650254668934
E07000118,Chorley,10,117800,0.008488964346349746
E07000118,Chorley,3,117800,0.0025466893039049238
E07000118,Chorley,0,117800,0
E07000118,Chorley,10,117800,0.008488964346349746
E07000118,Chorley,18,117800,0.015280135823429542
E07000118,Chorley,20,117800,0.01697792869269949
E07000118,Chorley,2,117800,0.001697792869269949
E07000118,Chorley,0,117800,0
E07000118,Chorley,0,117800,0
E07000118,Chorley,15,117800,0.012733446519524618
E07000118,Chorley,27,117800,0.022920203735144314
E07000118,Chorley,23,117800,0.019524617996604415
E07000118,Chorley,2,117800,0.001697792869269949
E07000118,Chorley,0,117800,0
E07000118,Chorley,0,117800,0
E07000118,Chorley,14,117800,0.011884550084889643
E07000118,Chorley,12,117800,0.010186757215619695
E07000118,Chorley,20,117800,0.01697792869269949
E07000118,Chorley,0,117800,0
E07000118,Chorley,2,117800,0.001697792869269949
E07000118,Chorley,0,117800,0
E07000118,Chorley,1416,117800,1.202037351443124
E07000118,Chorley,1391,117800,1.1808149405772497
E07000118,Chorley,961,117800,0.8157894736842105
E07000118,Chorley,131,117800,0.11120543293718166
E07000118,Chorley,31,117800,0.02631578947368421
E07000119,Fylde,0,81400,0
E07000119,Fylde,0,81400,0
E07000119,Fylde,0,81400,0
E07000119,Fylde,0,81400,0
E07000119,Fylde,0,81400,0
E07000119,Fylde,0,81400,0
E07000119,Fylde,0,81400,0
E07000119,Fylde,27723,81400,34.05773955773956
E07000119,Fylde,23681,81400,29.092137592137593
E07000119,Fylde,11997,81400,14.738329238329237
E07000119,Fylde,1026,81400,1.2604422604422605
E07000119,Fylde,180,81400,0.22113022113022113
E07000119,Fylde,0,81400,0
E07000119,Fylde,20,81400,0.02457002457002457
E07000119,Fylde,32,81400,0.03931203931203931
E07000119,Fylde,29,81400,0.03562653562653563
E07000119,Fylde,2,81400,0.002457002457002457
E07000119,Fylde,0,81400,0
E07000119,Fylde,0,81400,0
E07000119,Fylde,12,81400,0.014742014742014743
E07000119,Fylde,20,81400,0.02457002457002457
E07000119,Fylde,17,81400,0.020884520884520884
E07000119,Fylde,1,81400,0.0012285012285012285
E07000119,Fylde,0,81400,0
E07000119,Fylde,0,81400,0
E07000119,Fylde,17,81400,0.020884520884520884
E07000119,Fylde,13,81400,0.01597051597051597
E07000119,Fylde,9,81400,0.011056511056511056
E07000119,Fylde,1,81400,0.0012285012285012285
E07000119,Fylde,0,81400,0
E07000119,Fylde,0,81400,0
E07000119,Fylde,11,81400,0.013513513513513514
E07000119,Fylde,14,81400,0.0171990171990172
E07000119,Fylde,12,81400,0.014742014742014743
E07000119,Fylde,1,81400,0.0012285012285012285
E07000119,Fylde,0,81400,0
E07000119,Fylde,0,81400,0
E07000119,Fylde,1061,81400,1.3034398034398034
E07000119,Fylde,1011,81400,1.242014742014742
E07000119,Fylde,700,81400,0.85995085995086
E07000119,Fylde,79,81400,0.09705159705159705
E07000119,Fylde,5,81400,0.006142506142506142
E07000120,Hyndburn,0,82200,0
E07000120,Hyndburn,0,82200,0
E07000120,Hyndburn,0,82200,0
E07000120,Hyndburn,0,82200,0
E07000120,Hyndburn,0,82200,0
E07000120,Hyndburn,0,82200,0
E07000120,Hyndburn,0,82200,0
E07000120,Hyndburn,15176,82200,18.46228710462287
E07000120,Hyndburn,23731,82200,28.869829683698295
E07000120,Hyndburn,17052,82200,20.744525547445257
E07000120,Hyndburn,3493,82200,4.249391727493918
E07000120,Hyndburn,1255,82200,1.52676399026764
E07000120,Hyndburn,0,82200,0
E07000120,Hyndburn,16,82200,0.019464720194647202
E07000120,Hyndburn,48,82200,0.058394160583941604
E07000120,Hyndburn,54,82200,0.06569343065693431
E07000120,Hyndburn,13,82200,0.015815085158150853
E07000120,Hyndburn,9,82200,0.010948905109489052
E07000120,Hyndburn,0,82200,0
E07000120,Hyndburn,8,82200,0.009732360097323601
E07000120,Hyndburn,22,82200,0.0267639902676399
E07000120,Hyndburn,20,82200,0.024330900243309004
E07000120,Hyndburn,7,82200,0.00851581508515815
E07000120,Hyndburn,2,82200,0.0024330900243309003
E07000120,Hyndburn,0,82200,0
E07000120,Hyndburn,5,82200,0.006082725060827251
E07000120,Hyndburn,25,82200,0.030413625304136254
E07000120,Hyndburn,30,82200,0.0364963503649635
E07000120,Hyndburn,10,82200,0.012165450121654502
E07000120,Hyndburn,2,82200,0.0024330900243309003
E07000120,Hyndburn,0,82200,0
E07000120,Hyndburn,2,82200,0.0024330900243309003
E07000120,Hyndburn,20,82200,0.024330900243309004
E07000120,Hyndburn,16,82200,0.019464720194647202
E07000120,Hyndburn,3,82200,0.0036496350364963502
E07000120,Hyndburn,0,82200,0
E07000120,Hyndburn,0,82200,0
E07000120,Hyndburn,755,82200,0.9184914841849149
E07000120,Hyndburn,1453,82200,1.767639902676399
E07000120,Hyndburn,1163,82200,1.4148418491484185
E07000120,Hyndburn,337,82200,0.4099756690997567
E07000120,Hyndburn,152,82200,0.18491484184914841
E07000121,Lancaster,0,142900,0
E07000121,Lancaster,0,142900,0
E07000121,Lancaster,0,142900,0
E07000121,Lancaster,0,142900,0
E07000121,Lancaster,0,142900,0
E07000121,Lancaster,0,142900,0
E07000121,Lancaster,0,142900,0
E07000121,Lancaster,38608,142900,27.017494751574528
E07000121,Lancaster,39621,142900,27.72638208537439
E07000121,Lancaster,23743,142900,16.615115465360393
E07000121,Lancaster,2708,142900,1.895031490552834
E07000121,Lancaster,533,142900,0.3729881035689293
E07000121,Lancaster,0,142900,0
E07000121,Lancaster,36,142900,0.025192442267319804
E07000121,Lancaster,58,142900,0.04058782365290413
E07000121,Lancaster,43,142900,0.030090972708187544
E07000121,Lancaster,12,142900,0.008397480755773267
E07000121,Lancaster,2,142900,0.0013995801259622112
E07000121,Lancaster,0,142900,0
E07000121,Lancaster,22,142900,0.015395381385584325
E07000121,Lancaster,34,142900,0.023792862141357594
E07000121,Lancaster,26,142900,0.01819454163750875
E07000121,Lancaster,0,142900,0
E07000121,Lancaster,0,142900,0
E07000121,Lancaster,0,142900,0
E07000121,Lancaster,23,142900,0.01609517144856543
E07000121,Lancaster,20,142900,0.013995801259622114
E07000121,Lancaster,30,142900,0.02099370188943317
E07000121,Lancaster,3,142900,0.002099370188943317
E07000121,Lancaster,1,142900,6.997900629811056e-4
E07000121,Lancaster,0,142900,0
E07000121,Lancaster,52,142900,0.0363890832750175
E07000121,Lancaster,60,142900,0.04198740377886634
E07000121,Lancaster,54,142900,0.03778866340097971
E07000121,Lancaster,4,142900,0.0027991602519244225
E07000121,Lancaster,0,142900,0
E07000121,Lancaster,0,142900,0
E07000121,Lancaster,1899,142900,1.3289013296011196
E07000121,Lancaster,2153,142900,1.5066480055983205
E07000121,Lancaster,1565,142900,1.0951714485654305
E07000121,Lancaster,303,142900,0.21203638908327502
E07000121,Lancaster,67,142900,0.04688593421973408
E07000122,Pendle,0,95800,0
E07000122,Pendle,0,95800,0
E07000122,Pendle,0,95800,0
E07000122,Pendle,0,95800,0
E07000122,Pendle,0,95800,0
E07000122,Pendle,0,95800,0
E07000122,Pendle,0,95800,0
E07000122,Pendle,18597,95800,19.41231732776618
E07000122,Pendle,24499,95800,25.573068893528184
E07000122,Pendle,18262,95800,19.062630480167016
E07000122,Pendle,4730,95800,4.937369519832985
E07000122,Pendle,2751,95800,2.87160751565762
E07000122,Pendle,0,95800,0
E07000122,Pendle,22,95800,0.022964509394572025
E07000122,Pendle,77,95800,0.08037578288100208
E07000122,Pendle,99,95800,0.10334029227557412
E07000122,Pendle,62,95800,0.06471816283924843
E07000122,Pendle,25,95800,0.026096033402922755
E07000122,Pendle,0,95800,0
E07000122,Pendle,14,95800,0.014613778705636743
E07000122,Pendle,22,95800,0.022964509394572025
E07000122,Pendle,22,95800,0.022964509394572025
E07000122,Pendle,4,95800,0.0041753653444676405
E07000122,Pendle,3,95800,0.003131524008350731
E07000122,Pendle,0,95800,0
E07000122,Pendle,9,95800,0.009394572025052192
E07000122,Pendle,26,95800,0.027139874739039668
E07000122,Pendle,32,95800,0.033402922755741124
E07000122,Pendle,5,95800,0.005219206680584551
E07000122,Pendle,7,95800,0.007306889352818371
E07000122,Pendle,0,95800,0
E07000122,Pendle,4,95800,0.0041753653444676405
E07000122,Pendle,11,95800,0.011482254697286013
E07000122,Pendle,10,95800,0.010438413361169102
E07000122,Pendle,0,95800,0
E07000122,Pendle,0,95800,0
E07000122,Pendle,0,95800,0
E07000122,Pendle,954,95800,0.9958246346555324
E07000122,Pendle,1657,95800,1.7296450939457202
E07000122,Pendle,1646,95800,1.7181628392484343
E07000122,Pendle,682,95800,0.7118997912317327
E07000122,Pendle,454,95800,0.47390396659707723
E07000123,Preston,0,147900,0
E07000123,Preston,0,147900,0
E07000123,Preston,0,147900,0
E07000123,Preston,0,147900,0
E07000123,Preston,0,147900,0
E07000123,Preston,0,147900,0
E07000123,Preston,0,147900,0
E07000123,Preston,33665,147900,22.762001352265045
E07000123,Preston,35795,147900,24.20216362407032
E07000123,Preston,28358,147900,19.173766058147397
E07000123,Preston,5496,147900,3.716024340770791
E07000123,Preston,1555,147900,1.0513860716700474
E07000123,Preston,0,147900,0
E07000123,Preston,72,147900,0.0486815415821501
E07000123,Preston,121,147900,0.08181203515889114
E07000123,Preston,140,147900,0.09465855307640297
E07000123,Preston,36,147900,0.02434077079107505
E07000123,Preston,15,147900,0.010141987829614604
E07000123,Preston,0,147900,0
E07000123,Preston,25,147900,0.016903313049357674
E07000123,Preston,60,147900,0.04056795131845842
E07000123,Preston,43,147900,0.0290736984448952
E07000123,Preston,16,147900,0.010818120351588911
E07000123,Preston,3,147900,0.002028397565922921
E07000123,Preston,0,147900,0
E07000123,Preston,31,147900,0.020960108181203516
E07000123,Preston,43,147900,0.0290736984448952
E07000123,Preston,45,147900,0.030425963488843813
E07000123,Preston,17,147900,0.011494252873563218
E07000123,Preston,4,147900,0.002704530087897228
E07000123,Preston,0,147900,0
E07000123,Preston,32,147900,0.021636240703177823
E07000123,Preston,42,147900,0.028397565922920892
E07000123,Preston,51,147900,0.034482758620689655
E07000123,Preston,8,147900,0.005409060175794456
E07000123,Preston,0,147900,0
E07000123,Preston,0,147900,0
E07000123,Preston,1713,147900,1.158215010141988
E07000123,Preston,2309,147900,1.5611899932386748
E07000123,Preston,2248,147900,1.5199459093982421
E07000123,Preston,580,147900,0.39215686274509803
E07000123,Preston,177,147900,0.11967545638945233
E07000124,Ribble Valley,0,61500,0
E07000124,Ribble Valley,0,61500,0
E07000124,Ribble Valley,0,61500,0
E07000124,Ribble Valley,0,61500,0
E07000124,Ribble Valley,0,61500,0
E07000124,Ribble Valley,0,61500,0
E07000124,Ribble Valley,0,61500,0
E07000124,Ribble Valley,22355,61500,36.34959349593496
E07000124,Ribble Valley,17100,61500,27.804878048780488
E07000124,Ribble Valley,8255,61500,13.422764227642276
E07000124,Ribble Valley,741,61500,1.2048780487804878
E07000124,Ribble Valley,108,61500,0.17560975609756097
E07000124,Ribble Valley,0,61500,0
E07000124,Ribble Valley,14,61500,0.022764227642276424
E07000124,Ribble Valley,14,61500,0.022764227642276424
E07000124,Ribble Valley,13,61500,0.02113821138211382
E07000124,Ribble Valley,2,61500,0.0032520325203252032
E07000124,Ribble Valley,0,61500,0
E07000124,Ribble Valley,0,61500,0
E07000124,Ribble Valley,9,61500,0.014634146341463415
E07000124,Ribble Valley,4,61500,0.0065040650406504065
E07000124,Ribble Valley,2,61500,0.0032520325203252032
E07000124,Ribble Valley,0,61500,0
E07000124,Ribble Valley,0,61500,0
E07000124,Ribble Valley,0,61500,0
E07000124,Ribble Valley,10,61500,0.016260162601626018
E07000124,Ribble Valley,7,61500,0.011382113821138212
E07000124,Ribble Valley,2,61500,0.0032520325203252032
E07000124,Ribble Valley,0,61500,0
E07000124,Ribble Valley,0,61500,0
E07000124,Ribble Valley,0,61500,0
E07000124,Ribble Valley,3,61500,0.004878048780487805
E07000124,Ribble Valley,3,61500,0.004878048780487805
E07000124,Ribble Valley,5,61500,0.008130081300813009
E07000124,Ribble Valley,1,61500,0.0016260162601626016
E07000124,Ribble Valley,0,61500,0
E07000124,Ribble Valley,0,61500,0
E07000124,Ribble Valley,788,61500,1.28130081300813
E07000124,Ribble Valley,718,61500,1.167479674796748
E07000124,Ribble Valley,427,61500,0.6943089430894309
E07000124,Ribble Valley,70,61500,0.11382113821138211
E07000124,Ribble Valley,16,61500,0.026016260162601626
E07000125,Rossendale,0,70800,0
E07000125,Rossendale,0,70800,0
E07000125,Rossendale,0,70800,0
E07000125,Rossendale,0,70800,0
E07000125,Rossendale,0,70800,0
E07000125,Rossendale,0,70800,0
E07000125,Rossendale,0,70800,0
E07000125,Rossendale,18293,70800,25.837570621468927
E07000125,Rossendale,20001,70800,28.25
E07000125,Rossendale,13012,70800,18.37853107344633
E07000125,Rossendale,1837,70800,2.5946327683615817
E07000125,Rossendale,493,70800,0.6963276836158192
E07000125,Rossendale,0,70800,0
E07000125,Rossendale,17,70800,0.02401129943502825
E07000125,Rossendale,16,70800,0.022598870056497175
E07000125,Rossendale,36,70800,0.05084745762711865
E07000125,Rossendale,4,70800,0.005649717514124294
E07000125,Rossendale,0,70800,0
E07000125,Rossendale,0,70800,0
E07000125,Rossendale,6,70800,0.00847457627118644
E07000125,Rossendale,7,70800,0.009887005649717515
E07000125,Rossendale,16,70800,0.022598870056497175
E07000125,Rossendale,0,70800,0
E07000125,Rossendale,0,70800,0
E07000125,Rossendale,0,70800,0
E07000125,Rossendale,5,70800,0.007062146892655367
E07000125,Rossendale,6,70800,0.00847457627118644
E07000125,Rossendale,9,70800,0.012711864406779662
E07000125,Rossendale,0,70800,0
E07000125,Rossendale,0,70800,0
E07000125,Rossendale,0,70800,0
E07000125,Rossendale,10,70800,0.014124293785310734
E07000125,Rossendale,8,70800,0.011299435028248588
E07000125,Rossendale,6,70800,0.00847457627118644
E07000125,Rossendale,2,70800,0.002824858757062147
E07000125,Rossendale,0,70800,0
E07000125,Rossendale,0,70800,0
E07000125,Rossendale,774,70800,1.0932203389830508
E07000125,Rossendale,998,70800,1.4096045197740112
E07000125,Rossendale,797,70800,1.1257062146892656
E07000125,Rossendale,151,70800,0.2132768361581921
E07000125,Rossendale,38,70800,0.05367231638418079
E07000126,South Ribble,0,111000,0
E07000126,South Ribble,0,111000,0
E07000126,South Ribble,0,111000,0
E07000126,South Ribble,0,111000,0
E07000126,South Ribble,0,111000,0
E07000126,South Ribble,0,111000,0
E07000126,South Ribble,0,111000,0
E07000126,South Ribble,36800,111000,33.153153153153156
E07000126,South Ribble,32309,111000,29.107207207207207
E07000126,South Ribble,15754,111000,14.192792792792792
E07000126,South Ribble,1710,111000,1.5405405405405406
E07000126,South Ribble,193,111000,0.17387387387387387
E07000126,South Ribble,0,111000,0
E07000126,South Ribble,24,111000,0.021621621621621623
E07000126,South Ribble,31,111000,0.027927927927927927
E07000126,South Ribble,27,111000,0.024324324324324326
E07000126,South Ribble,4,111000,0.0036036036036036037
E07000126,South Ribble,0,111000,0
E07000126,South Ribble,0,111000,0
E07000126,South Ribble,12,111000,0.010810810810810811
E07000126,South Ribble,25,111000,0.02252252252252252
E07000126,South Ribble,16,111000,0.014414414414414415
E07000126,South Ribble,0,111000,0
E07000126,South Ribble,0,111000,0
E07000126,South Ribble,0,111000,0
E07000126,South Ribble,16,111000,0.014414414414414415
E07000126,South Ribble,23,111000,0.02072072072072072
E07000126,South Ribble,14,111000,0.012612612612612612
E07000126,South Ribble,1,111000,9.009009009009009e-4
E07000126,South Ribble,0,111000,0
E07000126,South Ribble,0,111000,0
E07000126,South Ribble,8,111000,0.007207207207207207
E07000126,South Ribble,21,111000,0.01891891891891892
E07000126,South Ribble,21,111000,0.01891891891891892
E07000126,South Ribble,0,111000,0
E07000126,South Ribble,0,111000,0
E07000126,South Ribble,0,111000,0
E07000126,South Ribble,1462,111000,1.3171171171171172
E07000126,South Ribble,1302,111000,1.172972972972973
E07000126,South Ribble,878,111000,0.790990990990991
E07000126,South Ribble,64,111000,0.05765765765765766
E07000126,South Ribble,16,111000,0.014414414414414415
E07000127,West Lancashire,0,117400,0
E07000127,West Lancashire,0,117400,0
E07000127,West Lancashire,0,117400,0
E07000127,West Lancashire,0,117400,0
E07000127,West Lancashire,0,117400,0
E07000127,West Lancashire,0,117400,0
E07000127,West Lancashire,0,117400,0
E07000127,West Lancashire,37607,117400,32.03321976149915
E07000127,West Lancashire,31586,117400,26.904599659284496
E07000127,West Lancashire,17571,117400,14.966780238500851
E07000127,West Lancashire,1995,117400,1.6993185689948893
E07000127,West Lancashire,339,117400,0.2887563884156729
E07000127,West Lancashire,0,117400,0
E07000127,West Lancashire,26,117400,0.022146507666098807
E07000127,West Lancashire,53,117400,0.04514480408858603
E07000127,West Lancashire,44,117400,0.03747870528109029
E07000127,West Lancashire,8,117400,0.0068143100511073255
E07000127,West Lancashire,3,117400,0.002555366269165247
E07000127,West Lancashire,0,117400,0
E07000127,West Lancashire,15,117400,0.012776831345826235
E07000127,West Lancashire,27,117400,0.022998296422487224
E07000127,West Lancashire,12,117400,0.010221465076660987
E07000127,West Lancashire,2,117400,0.0017035775127768314
E07000127,West Lancashire,0,117400,0
E07000127,West Lancashire,0,117400,0
E07000127,West Lancashire,16,117400,0.013628620102214651
E07000127,West Lancashire,20,117400,0.017035775127768313
E07000127,West Lancashire,17,117400,0.014480408858603067
E07000127,West Lancashire,4,117400,0.0034071550255536627
E07000127,West Lancashire,1,117400,8.517887563884157e-4
E07000127,West Lancashire,0,117400,0
E07000127,West Lancashire,12,117400,0.010221465076660987
E07000127,West Lancashire,25,117400,0.02129471890971039
E07000127,West Lancashire,33,117400,0.028109028960817718
E07000127,West Lancashire,1,117400,8.517887563884157e-4
E07000127,West Lancashire,0,117400,0
E07000127,West Lancashire,0,117400,0
E07000127,West Lancashire,1578,117400,1.34412265758092
E07000127,West Lancashire,1563,117400,1.3313458262350937
E07000127,West Lancashire,974,117400,0.8296422487223168
E07000127,West Lancashire,153,117400,0.1303236797274276
E07000127,West Lancashire,50,117400,0.04258943781942078
E07000128,Wyre,0,111900,0
E07000128,Wyre,0,111900,0
E07000128,Wyre,0,111900,0
E07000128,Wyre,0,111900,0
E07000128,Wyre,0,111900,0
E07000128,Wyre,0,111900,0
E07000128,Wyre,0,111900,0
E07000128,Wyre,34028,111900,30.40929401251117
E07000128,Wyre,35514,111900,31.737265415549597
E07000128,Wyre,17071,111900,15.255585344057193
E07000128,Wyre,1728,111900,1.5442359249329758
E07000128,Wyre,234,111900,0.20911528150134048
E07000128,Wyre,0,111900,0
E07000128,Wyre,30,111900,0.02680965147453083
E07000128,Wyre,30,111900,0.02680965147453083
E07000128,Wyre,23,111900,0.020554066130473638
E07000128,Wyre,3,111900,0.002680965147453083
E07000128,Wyre,3,111900,0.002680965147453083
E07000128,Wyre,0,111900,0
E07000128,Wyre,17,111900,0.01519213583556747
E07000128,Wyre,26,111900,0.02323503127792672
E07000128,Wyre,14,111900,0.012511170688114389
E07000128,Wyre,2,111900,0.0017873100983020554
E07000128,Wyre,0,111900,0
E07000128,Wyre,0,111900,0
E07000128,Wyre,9,111900,0.00804289544235925
E07000128,Wyre,21,111900,0.01876675603217158
E07000128,Wyre,14,111900,0.012511170688114389
E07000128,Wyre,2,111900,0.0017873100983020554
E07000128,Wyre,0,111900,0
E07000128,Wyre,0,111900,0
E07000128,Wyre,9,111900,0.00804289544235925
E07000128,Wyre,27,111900,0.024128686327077747
E07000128,Wyre,13,111900,0.01161751563896336
E07000128,Wyre,1,111900,8.936550491510277e-4
E07000128,Wyre,0,111900,0
E07000128,Wyre,0,111900,0
E07000128,Wyre,1334,111900,1.192135835567471
E07000128,Wyre,1673,111900,1.4950848972296693
E07000128,Wyre,889,111900,0.7944593386952636
E07000128,Wyre,77,111900,0.06881143878462913
E07000128,Wyre,16,111900,0.014298480786416443
E07000129,Blaby,0,102900,0
E07000129,Blaby,0,102900,0
E07000129,Blaby,0,102900,0
E07000129,Blaby,0,102900,0
E07000129,Blaby,0,102900,0
E07000129,Blaby,0,102900,0
E07000129,Blaby,0,102900,0
E07000129,Blaby,34503,102900,33.53061224489796
E07000129,Blaby,27802,102900,27.01846452866861
E07000129,Blaby,14572,102900,14.161321671525753
E07000129,Blaby,1905,102900,1.8513119533527698
E07000129,Blaby,347,102900,0.337220602526725
E07000129,Blaby,0,102900,0
E07000129,Blaby,25,102900,0.024295432458697766
E07000129,Blaby,52,102900,0.05053449951409135
E07000129,Blaby,22,102900,0.021379980563654033
E07000129,Blaby,3,102900,0.0029154518950437317
E07000129,Blaby,0,102900,0
E07000129,Blaby,0,102900,0
E07000129,Blaby,19,102900,0.0184645286686103
E07000129,Blaby,16,102900,0.015549076773566569
E07000129,Blaby,8,102900,0.007774538386783284
E07000129,Blaby,9,102900,0.008746355685131196
E07000129,Blaby,2,102900,0.001943634596695821
E07000129,Blaby,0,102900,0
E07000129,Blaby,18,102900,0.01749271137026239
E07000129,Blaby,20,102900,0.019436345966958212
E07000129,Blaby,8,102900,0.007774538386783284
E07000129,Blaby,4,102900,0.003887269193391642
E07000129,Blaby,0,102900,0
E07000129,Blaby,0,102900,0
E07000129,Blaby,20,102900,0.019436345966958212
E07000129,Blaby,22,102900,0.021379980563654033
E07000129,Blaby,14,102900,0.013605442176870748
E07000129,Blaby,3,102900,0.0029154518950437317
E07000129,Blaby,0,102900,0
E07000129,Blaby,0,102900,0
E07000129,Blaby,1644,102900,1.597667638483965
E07000129,Blaby,1287,102900,1.250728862973761
E07000129,Blaby,755,102900,0.7337220602526725
E07000129,Blaby,148,102900,0.14382896015549076
E07000129,Blaby,20,102900,0.019436345966958212
E07000130,Charnwood,0,183900,0
E07000130,Charnwood,0,183900,0
E07000130,Charnwood,0,183900,0
E07000130,Charnwood,0,183900,0
E07000130,Charnwood,0,183900,0
E07000130,Charnwood,0,183900,0
E07000130,Charnwood,0,183900,0
E07000130,Charnwood,55487,183900,30.17237629146275
E07000130,Charnwood,45988,183900,25.007069059271345
E07000130,Charnwood,29775,183900,16.190864600326265
E07000130,Charnwood,4295,183900,2.3355084284937466
E07000130,Charnwood,979,183900,0.5323545405111474
E07000130,Charnwood,0,183900,0
E07000130,Charnwood,41,183900,0.022294725394236
E07000130,Charnwood,62,183900,0.03371397498640565
E07000130,Charnwood,79,183900,0.042958129418162044
E07000130,Charnwood,11,183900,0.005981511691136488
E07000130,Charnwood,3,183900,0.0016313213703099511
E07000130,Charnwood,0,183900,0
E07000130,Charnwood,25,183900,0.013594344752582926
E07000130,Charnwood,23,183900,0.012506797172376292
E07000130,Charnwood,38,183900,0.02066340402392605
E07000130,Charnwood,0,183900,0
E07000130,Charnwood,1,183900,5.43773790103317e-4
E07000130,Charnwood,0,183900,0
E07000130,Charnwood,16,183900,0.008700380641653072
E07000130,Charnwood,37,183900,0.02011963023382273
E07000130,Charnwood,38,183900,0.02066340402392605
E07000130,Charnwood,9,183900,0.004893964110929853
E07000130,Charnwood,1,183900,5.43773790103317e-4
E07000130,Charnwood,0,183900,0
E07000130,Charnwood,34,183900,0.018488308863512777
E07000130,Charnwood,38,183900,0.02066340402392605
E07000130,Charnwood,43,183900,0.023382272974442633
E07000130,Charnwood,5,183900,0.0027188689505165853
E07000130,Charnwood,1,183900,5.43773790103317e-4
E07000130,Charnwood,0,183900,0
E07000130,Charnwood,2615,183900,1.421968461120174
E07000130,Charnwood,2395,183900,1.3023382272974442
E07000130,Charnwood,1948,183900,1.0592713431212615
E07000130,Charnwood,343,183900,0.18651441000543773
E07000130,Charnwood,110,183900,0.059815116911364874
E07000131,Harborough,0,97600,0
E07000131,Harborough,0,97600,0
E07000131,Harborough,0,97600,0
E07000131,Harborough,0,97600,0
E07000131,Harborough,0,97600,0
E07000131,Harborough,0,97600,0
E07000131,Harborough,0,97600,0
E07000131,Harborough,38107,97600,39.04405737704918
E07000131,Harborough,23651,97600,24.232581967213115
E07000131,Harborough,11806,97600,12.096311475409836
E07000131,Harborough,1524,97600,1.5614754098360655
E07000131,Harborough,449,97600,0.4600409836065574
E07000131,Harborough,0,97600,0
E07000131,Harborough,36,97600,0.036885245901639344
E07000131,Harborough,18,97600,0.018442622950819672
E07000131,Harborough,15,97600,0.015368852459016393
E07000131,Harborough,0,97600,0
E07000131,Harborough,0,97600,0
E07000131,Harborough,0,97600,0
E07000131,Harborough,11,97600,0.011270491803278689
E07000131,Harborough,14,97600,0.014344262295081968
E07000131,Harborough,13,97600,0.01331967213114754
E07000131,Harborough,1,97600,0.0010245901639344263
E07000131,Harborough,0,97600,0
E07000131,Harborough,0,97600,0
E07000131,Harborough,11,97600,0.011270491803278689
E07000131,Harborough,12,97600,0.012295081967213115
E07000131,Harborough,12,97600,0.012295081967213115
E07000131,Harborough,2,97600,0.0020491803278688526
E07000131,Harborough,0,97600,0
E07000131,Harborough,0,97600,0
E07000131,Harborough,8,97600,0.00819672131147541
E07000131,Harborough,17,97600,0.017418032786885244
E07000131,Harborough,6,97600,0.006147540983606557
E07000131,Harborough,4,97600,0.004098360655737705
E07000131,Harborough,0,97600,0
E07000131,Harborough,0,97600,0
E07000131,Harborough,1509,97600,1.5461065573770492
E07000131,Harborough,1135,97600,1.1629098360655739
E07000131,Harborough,649,97600,0.6649590163934426
E07000131,Harborough,102,97600,0.10450819672131148
E07000131,Harborough,18,97600,0.018442622950819672
E07000132,Hinckley and Bosworth,0,113600,0
E07000132,Hinckley and Bosworth,0,113600,0
E07000132,Hinckley and Bosworth,0,113600,0
E07000132,Hinckley and Bosworth,0,113600,0
E07000132,Hinckley and Bosworth,0,113600,0
E07000132,Hinckley and Bosworth,0,113600,0
E07000132,Hinckley and Bosworth,0,113600,0
E07000132,Hinckley and Bosworth,38677,113600,34.046654929577464
E07000132,Hinckley and Bosworth,31720,113600,27.922535211267604
E07000132,Hinckley and Bosworth,16298,113600,14.346830985915492
E07000132,Hinckley and Bosworth,1813,113600,1.595950704225352
E07000132,Hinckley and Bosworth,280,113600,0.24647887323943662
E07000132,Hinckley and Bosworth,0,113600,0
E07000132,Hinckley and Bosworth,38,113600,0.03345070422535211
E07000132,Hinckley and Bosworth,47,113600,0.04137323943661972
E07000132,Hinckley and Bosworth,37,113600,0.032570422535211266
E07000132,Hinckley and Bosworth,3,113600,0.002640845070422535
E07000132,Hinckley and Bosworth,5,113600,0.0044014084507042256
E07000132,Hinckley and Bosworth,0,113600,0
E07000132,Hinckley and Bosworth,11,113600,0.009683098591549295
E07000132,Hinckley and Bosworth,25,113600,0.022007042253521125
E07000132,Hinckley and Bosworth,15,113600,0.013204225352112676
E07000132,Hinckley and Bosworth,1,113600,8.802816901408451e-4
E07000132,Hinckley and Bosworth,1,113600,8.802816901408451e-4
E07000132,Hinckley and Bosworth,0,113600,0
E07000132,Hinckley and Bosworth,10,113600,0.008802816901408451
E07000132,Hinckley and Bosworth,19,113600,0.016725352112676055
E07000132,Hinckley and Bosworth,10,113600,0.008802816901408451
E07000132,Hinckley and Bosworth,7,113600,0.006161971830985915
E07000132,Hinckley and Bosworth,0,113600,0
E07000132,Hinckley and Bosworth,0,113600,0
E07000132,Hinckley and Bosworth,13,113600,0.011443661971830986
E07000132,Hinckley and Bosworth,33,113600,0.029049295774647887
E07000132,Hinckley and Bosworth,20,113600,0.017605633802816902
E07000132,Hinckley and Bosworth,3,113600,0.002640845070422535
E07000132,Hinckley and Bosworth,0,113600,0
E07000132,Hinckley and Bosworth,0,113600,0
E07000132,Hinckley and Bosworth,1586,113600,1.3961267605633803
E07000132,Hinckley and Bosworth,1563,113600,1.3758802816901408
E07000132,Hinckley and Bosworth,814,113600,0.7165492957746479
E07000132,Hinckley and Bosworth,114,113600,0.10035211267605634
E07000132,Hinckley and Bosworth,14,113600,0.01232394366197183
E07000133,Melton,0,51800,0
E07000133,Melton,0,51800,0
E07000133,Melton,0,51800,0
E07000133,Melton,0,51800,0
E07000133,Melton,0,51800,0
E07000133,Melton,0,51800,0
E07000133,Melton,0,51800,0
E07000133,Melton,19415,51800,37.48069498069498
E07000133,Melton,13344,51800,25.76061776061776
E07000133,Melton,6848,51800,13.22007722007722
E07000133,Melton,706,51800,1.3629343629343629
E07000133,Melton,119,51800,0.22972972972972974
E07000133,Melton,0,51800,0
E07000133,Melton,20,51800,0.03861003861003861
E07000133,Melton,15,51800,0.02895752895752896
E07000133,Melton,16,51800,0.03088803088803089
E07000133,Melton,4,51800,0.007722007722007722
E07000133,Melton,0,51800,0
E07000133,Melton,0,51800,0
E07000133,Melton,5,51800,0.009652509652509652
E07000133,Melton,7,51800,0.013513513513513514
E07000133,Melton,16,51800,0.03088803088803089
E07000133,Melton,2,51800,0.003861003861003861
E07000133,Melton,0,51800,0
E07000133,Melton,0,51800,0
E07000133,Melton,5,51800,0.009652509652509652
E07000133,Melton,7,51800,0.013513513513513514
E07000133,Melton,11,51800,0.021235521235521235
E07000133,Melton,1,51800,0.0019305019305019305
E07000133,Melton,0,51800,0
E07000133,Melton,0,51800,0
E07000133,Melton,5,51800,0.009652509652509652
E07000133,Melton,8,51800,0.015444015444015444
E07000133,Melton,15,51800,0.02895752895752896
E07000133,Melton,0,51800,0
E07000133,Melton,0,51800,0
E07000133,Melton,0,51800,0
E07000133,Melton,849,51800,1.638996138996139
E07000133,Melton,695,51800,1.3416988416988418
E07000133,Melton,427,51800,0.8243243243243243
E07000133,Melton,41,51800,0.07915057915057915
E07000133,Melton,7,51800,0.013513513513513514
E07000134,North West Leicestershire,0,104700,0
E07000134,North West Leicestershire,0,104700,0
E07000134,North West Leicestershire,0,104700,0
E07000134,North West Leicestershire,0,104700,0
E07000134,North West Leicestershire,0,104700,0
E07000134,North West Leicestershire,0,104700,0
E07000134,North West Leicestershire,0,104700,0
E07000134,North West Leicestershire,37105,104700,35.43935052531041
E07000134,North West Leicestershire,27671,104700,26.428844317096466
E07000134,North West Leicestershire,14749,104700,14.08691499522445
E07000134,North West Leicestershire,1704,104700,1.6275071633237823
E07000134,North West Leicestershire,272,104700,0.2597898758357211
E07000134,North West Leicestershire,0,104700,0
E07000134,North West Leicestershire,19,104700,0.018147086914995225
E07000134,North West Leicestershire,44,104700,0.04202483285577841
E07000134,North West Leicestershire,30,104700,0.02865329512893983
E07000134,North West Leicestershire,8,104700,0.007640878701050621
E07000134,North West Leicestershire,2,104700,0.0019102196752626551
E07000134,North West Leicestershire,0,104700,0
E07000134,North West Leicestershire,12,104700,0.011461318051575931
E07000134,North West Leicestershire,22,104700,0.021012416427889206
E07000134,North West Leicestershire,17,104700,0.01623686723973257
E07000134,North West Leicestershire,7,104700,0.0066857688634192934
E07000134,North West Leicestershire,4,104700,0.0038204393505253103
E07000134,North West Leicestershire,0,104700,0
E07000134,North West Leicestershire,15,104700,0.014326647564469915
E07000134,North West Leicestershire,23,104700,0.021967526265520534
E07000134,North West Leicestershire,17,104700,0.01623686723973257
E07000134,North West Leicestershire,3,104700,0.0028653295128939827
E07000134,North West Leicestershire,2,104700,0.0019102196752626551
E07000134,North West Leicestershire,0,104700,0
E07000134,North West Leicestershire,15,104700,0.014326647564469915
E07000134,North West Leicestershire,13,104700,0.012416427889207259
E07000134,North West Leicestershire,18,104700,0.017191977077363897
E07000134,North West Leicestershire,0,104700,0
E07000134,North West Leicestershire,2,104700,0.0019102196752626551
E07000134,North West Leicestershire,0,104700,0
E07000134,North West Leicestershire,1544,104700,1.4746895893027698
E07000134,North West Leicestershire,1422,104700,1.3581661891117478
E07000134,North West Leicestershire,846,104700,0.8080229226361032
E07000134,North West Leicestershire,104,104700,0.09933142311365807
E07000134,North West Leicestershire,31,104700,0.029608404966571154
E07000135,Oadby and Wigston,0,57700,0
E07000135,Oadby and Wigston,0,57700,0
E07000135,Oadby and Wigston,0,57700,0
E07000135,Oadby and Wigston,0,57700,0
E07000135,Oadby and Wigston,0,57700,0
E07000135,Oadby and Wigston,0,57700,0
E07000135,Oadby and Wigston,0,57700,0
E07000135,Oadby and Wigston,15945,57700,27.63431542461005
E07000135,Oadby and Wigston,15303,57700,26.52166377816291
E07000135,Oadby and Wigston,9330,57700,16.16984402079723
E07000135,Oadby and Wigston,1689,57700,2.927209705372617
E07000135,Oadby and Wigston,422,57700,0.7313691507798961
E07000135,Oadby and Wigston,0,57700,0
E07000135,Oadby and Wigston,18,57700,0.03119584055459272
E07000135,Oadby and Wigston,28,57700,0.04852686308492201
E07000135,Oadby and Wigston,14,57700,0.024263431542461005
E07000135,Oadby and Wigston,8,57700,0.01386481802426343
E07000135,Oadby and Wigston,3,57700,0.005199306759098787
E07000135,Oadby and Wigston,0,57700,0
E07000135,Oadby and Wigston,7,57700,0.012131715771230503
E07000135,Oadby and Wigston,9,57700,0.01559792027729636
E07000135,Oadby and Wigston,9,57700,0.01559792027729636
E07000135,Oadby and Wigston,7,57700,0.012131715771230503
E07000135,Oadby and Wigston,0,57700,0
E07000135,Oadby and Wigston,0,57700,0
E07000135,Oadby and Wigston,8,57700,0.01386481802426343
E07000135,Oadby and Wigston,11,57700,0.019064124783362217
E07000135,Oadby and Wigston,8,57700,0.01386481802426343
E07000135,Oadby and Wigston,2,57700,0.0034662045060658577
E07000135,Oadby and Wigston,0,57700,0
E07000135,Oadby and Wigston,0,57700,0
E07000135,Oadby and Wigston,8,57700,0.01386481802426343
E07000135,Oadby and Wigston,13,57700,0.022530329289428077
E07000135,Oadby and Wigston,8,57700,0.01386481802426343
E07000135,Oadby and Wigston,0,57700,0
E07000135,Oadby and Wigston,0,57700,0
E07000135,Oadby and Wigston,0,57700,0
E07000135,Oadby and Wigston,874,57700,1.51473136915078
E07000135,Oadby and Wigston,895,57700,1.5511265164644714
E07000135,Oadby and Wigston,571,57700,0.9896013864818024
E07000135,Oadby and Wigston,162,57700,0.2807625649913345
E07000135,Oadby and Wigston,29,57700,0.05025996533795494
E07000136,Boston,0,70500,0
E07000136,Boston,0,70500,0
E07000136,Boston,0,70500,0
E07000136,Boston,0,70500,0
E07000136,Boston,0,70500,0
E07000136,Boston,0,70500,0
E07000136,Boston,0,70500,0
E07000136,Boston,16977,70500,24.080851063829787
E07000136,Boston,17526,70500,24.859574468085107
E07000136,Boston,13827,70500,19.612765957446808
E07000136,Boston,2598,70500,3.6851063829787236
E07000136,Boston,510,70500,0.723404255319149
E07000136,Boston,0,70500,0
E07000136,Boston,37,70500,0.0524822695035461
E07000136,Boston,54,70500,0.07659574468085106
E07000136,Boston,103,70500,0.14609929078014183
E07000136,Boston,19,70500,0.02695035460992908
E07000136,Boston,8,70500,0.011347517730496455
E07000136,Boston,0,70500,0
E07000136,Boston,12,70500,0.01702127659574468
E07000136,Boston,14,70500,0.019858156028368795
E07000136,Boston,20,70500,0.028368794326241134
E07000136,Boston,7,70500,0.009929078014184398
E07000136,Boston,0,70500,0
E07000136,Boston,0,70500,0
E07000136,Boston,4,70500,0.005673758865248227
E07000136,Boston,19,70500,0.02695035460992908
E07000136,Boston,19,70500,0.02695035460992908
E07000136,Boston,7,70500,0.009929078014184398
E07000136,Boston,0,70500,0
E07000136,Boston,0,70500,0
E07000136,Boston,9,70500,0.01276595744680851
E07000136,Boston,9,70500,0.01276595744680851
E07000136,Boston,17,70500,0.024113475177304965
E07000136,Boston,1,70500,0.0014184397163120568
E07000136,Boston,0,70500,0
E07000136,Boston,0,70500,0
E07000136,Boston,1330,70500,1.8865248226950355
E07000136,Boston,1742,70500,2.4709219858156026
E07000136,Boston,1516,70500,2.150354609929078
E07000136,Boston,350,70500,0.49645390070921985
E07000136,Boston,78,70500,0.11063829787234042
E07000137,East Lindsey,0,142300,0
E07000137,East Lindsey,0,142300,0
E07000137,East Lindsey,0,142300,0
E07000137,East Lindsey,0,142300,0
E07000137,East Lindsey,0,142300,0
E07000137,East Lindsey,0,142300,0
E07000137,East Lindsey,0,142300,0
E07000137,East Lindsey,43867,142300,30.827125790583274
E07000137,East Lindsey,42825,142300,30.094869992972594
E07000137,East Lindsey,21730,142300,15.270555165144062
E07000137,East Lindsey,2690,142300,1.8903724525650034
E07000137,East Lindsey,351,142300,0.2466619817287421
E07000137,East Lindsey,0,142300,0
E07000137,East Lindsey,46,142300,0.03232607167955025
E07000137,East Lindsey,57,142300,0.04005621925509487
E07000137,East Lindsey,36,142300,0.025298664792691498
E07000137,East Lindsey,10,142300,0.007027406886858749
E07000137,East Lindsey,0,142300,0
E07000137,East Lindsey,0,142300,0
E07000137,East Lindsey,15,142300,0.010541110330288124
E07000137,East Lindsey,28,142300,0.019676739283204497
E07000137,East Lindsey,15,142300,0.010541110330288124
E07000137,East Lindsey,2,142300,0.0014054813773717498
E07000137,East Lindsey,0,142300,0
E07000137,East Lindsey,0,142300,0
E07000137,East Lindsey,18,142300,0.012649332396345749
E07000137,East Lindsey,36,142300,0.025298664792691498
E07000137,East Lindsey,22,142300,0.015460295151089248
E07000137,East Lindsey,3,142300,0.0021082220660576245
E07000137,East Lindsey,1,142300,7.027406886858749e-4
E07000137,East Lindsey,0,142300,0
E07000137,East Lindsey,13,142300,0.009135628952916374
E07000137,East Lindsey,21,142300,0.014757554462403373
E07000137,East Lindsey,12,142300,0.008432888264230498
E07000137,East Lindsey,3,142300,0.0021082220660576245
E07000137,East Lindsey,0,142300,0
E07000137,East Lindsey,0,142300,0
E07000137,East Lindsey,2479,142300,1.7420941672522838
E07000137,East Lindsey,2995,142300,2.1047083626141956
E07000137,East Lindsey,1550,142300,1.0892480674631062
E07000137,East Lindsey,210,142300,0.14757554462403374
E07000137,East Lindsey,37,142300,0.02600140548137737
E07000138,Lincoln,0,103900,0
E07000138,Lincoln,0,103900,0
E07000138,Lincoln,0,103900,0
E07000138,Lincoln,0,103900,0
E07000138,Lincoln,0,103900,0
E07000138,Lincoln,0,103900,0
E07000138,Lincoln,0,103900,0
E07000138,Lincoln,22453,103900,21.610202117420595
E07000138,Lincoln,25957,103900,24.982675649663136
E07000138,Lincoln,21159,103900,20.364773820981714
E07000138,Lincoln,3383,103900,3.256015399422522
E07000138,Lincoln,843,103900,0.8113570741097209
E07000138,Lincoln,0,103900,0
E07000138,Lincoln,38,103900,0.03657362848893166
E07000138,Lincoln,70,103900,0.06737247353224254
E07000138,Lincoln,106,103900,0.10202117420596728
E07000138,Lincoln,44,103900,0.04234841193455245
E07000138,Lincoln,48,103900,0.04619826756496631
E07000138,Lincoln,0,103900,0
E07000138,Lincoln,19,103900,0.01828681424446583
E07000138,Lincoln,29,103900,0.02791145332050048
E07000138,Lincoln,49,103900,0.04716073147256978
E07000138,Lincoln,7,103900,0.006737247353224254
E07000138,Lincoln,31,103900,0.029836381135707413
E07000138,Lincoln,0,103900,0
E07000138,Lincoln,15,103900,0.014436958614051972
E07000138,Lincoln,42,103900,0.04042348411934552
E07000138,Lincoln,53,103900,0.05101058710298364
E07000138,Lincoln,12,103900,0.011549566891241578
E07000138,Lincoln,13,103900,0.012512030798845043
E07000138,Lincoln,0,103900,0
E07000138,Lincoln,47,103900,0.04523580365736285
E07000138,Lincoln,69,103900,0.06641000962463908
E07000138,Lincoln,73,103900,0.07025986525505294
E07000138,Lincoln,1,103900,9.624639076034649e-4
E07000138,Lincoln,6,103900,0.005774783445620789
E07000138,Lincoln,0,103900,0
E07000138,Lincoln,1261,103900,1.2136669874879693
E07000138,Lincoln,1609,103900,1.548604427333975
E07000138,Lincoln,1697,103900,1.6333012512030798
E07000138,Lincoln,404,103900,0.3888354186717998
E07000138,Lincoln,299,103900,0.287776708373436
E07000139,North Kesteven,0,118000,0
E07000139,North Kesteven,0,118000,0
E07000139,North Kesteven,0,118000,0
E07000139,North Kesteven,0,118000,0
E07000139,North Kesteven,0,118000,0
E07000139,North Kesteven,0,118000,0
E07000139,North Kesteven,0,118000,0
E07000139,North Kesteven,44432,118000,37.65423728813559
E07000139,North Kesteven,32442,118000,27.49322033898305
E07000139,North Kesteven,13167,118000,11.158474576271187
E07000139,North Kesteven,1220,118000,1.0338983050847457
E07000139,North Kesteven,111,118000,0.0940677966101695
E07000139,North Kesteven,0,118000,0
E07000139,North Kesteven,40,118000,0.03389830508474576
E07000139,North Kesteven,46,118000,0.03898305084745763
E07000139,North Kesteven,25,118000,0.0211864406779661
E07000139,North Kesteven,1,118000,8.47457627118644e-4
E07000139,North Kesteven,0,118000,0
E07000139,North Kesteven,0,118000,0
E07000139,North Kesteven,13,118000,0.011016949152542373
E07000139,North Kesteven,17,118000,0.01440677966101695
E07000139,North Kesteven,13,118000,0.011016949152542373
E07000139,North Kesteven,0,118000,0
E07000139,North Kesteven,0,118000,0
E07000139,North Kesteven,0,118000,0
E07000139,North Kesteven,20,118000,0.01694915254237288
E07000139,North Kesteven,20,118000,0.01694915254237288
E07000139,North Kesteven,8,118000,0.006779661016949152
E07000139,North Kesteven,0,118000,0
E07000139,North Kesteven,0,118000,0
E07000139,North Kesteven,0,118000,0
E07000139,North Kesteven,10,118000,0.00847457627118644
E07000139,North Kesteven,22,118000,0.01864406779661017
E07000139,North Kesteven,22,118000,0.01864406779661017
E07000139,North Kesteven,3,118000,0.002542372881355932
E07000139,North Kesteven,1,118000,8.47457627118644e-4
E07000139,North Kesteven,0,118000,0
E07000139,North Kesteven,1848,118000,1.5661016949152542
E07000139,North Kesteven,1662,118000,1.4084745762711866
E07000139,North Kesteven,720,118000,0.6101694915254238
E07000139,North Kesteven,92,118000,0.07796610169491526
E07000139,North Kesteven,48,118000,0.04067796610169491
E07000140,South Holland,0,95100,0
E07000140,South Holland,0,95100,0
E07000140,South Holland,0,95100,0
E07000140,South Holland,0,95100,0
E07000140,South Holland,0,95100,0
E07000140,South Holland,0,95100,0
E07000140,South Holland,0,95100,0
E07000140,South Holland,28724,95100,30.203995793901157
E07000140,South Holland,25962,95100,27.29968454258675
E07000140,South Holland,14989,95100,15.76130389064143
E07000140,South Holland,2263,95100,2.379600420609884
E07000140,South Holland,425,95100,0.4468980021030494
E07000140,South Holland,0,95100,0
E07000140,South Holland,27,95100,0.028391167192429023
E07000140,South Holland,58,95100,0.060988433228180865
E07000140,South Holland,67,95100,0.07045215562565721
E07000140,South Holland,18,95100,0.01892744479495268
E07000140,South Holland,8,95100,0.008412197686645636
E07000140,South Holland,0,95100,0
E07000140,South Holland,11,95100,0.011566771819137749
E07000140,South Holland,17,95100,0.017875920084121977
E07000140,South Holland,24,95100,0.025236593059936908
E07000140,South Holland,3,95100,0.0031545741324921135
E07000140,South Holland,0,95100,0
E07000140,South Holland,0,95100,0
E07000140,South Holland,10,95100,0.010515247108307046
E07000140,South Holland,18,95100,0.01892744479495268
E07000140,South Holland,19,95100,0.019978969505783387
E07000140,South Holland,6,95100,0.006309148264984227
E07000140,South Holland,0,95100,0
E07000140,South Holland,0,95100,0
E07000140,South Holland,11,95100,0.011566771819137749
E07000140,South Holland,11,95100,0.011566771819137749
E07000140,South Holland,8,95100,0.008412197686645636
E07000140,South Holland,3,95100,0.0031545741324921135
E07000140,South Holland,1,95100,0.0010515247108307045
E07000140,South Holland,0,95100,0
E07000140,South Holland,1767,95100,1.8580441640378549
E07000140,South Holland,2078,95100,2.185068349106204
E07000140,South Holland,1374,95100,1.444794952681388
E07000140,South Holland,261,95100,0.2744479495268139
E07000140,South Holland,64,95100,0.06729758149316509
E07000141,South Kesteven,0,143400,0
E07000141,South Kesteven,0,143400,0
E07000141,South Kesteven,0,143400,0
E07000141,South Kesteven,0,143400,0
E07000141,South Kesteven,0,143400,0
E07000141,South Kesteven,0,143400,0
E07000141,South Kesteven,0,143400,0
E07000141,South Kesteven,52242,143400,36.43096234309623
E07000141,South Kesteven,37543,143400,26.180613668061365
E07000141,South Kesteven,18929,143400,13.200139470013948
E07000141,South Kesteven,2046,143400,1.4267782426778242
E07000141,South Kesteven,275,143400,0.19177126917712692
E07000141,South Kesteven,0,143400,0
E07000141,South Kesteven,42,143400,0.029288702928870293
E07000141,South Kesteven,57,143400,0.0397489539748954
E07000141,South Kesteven,48,143400,0.03347280334728033
E07000141,South Kesteven,7,143400,0.0048814504881450485
E07000141,South Kesteven,2,143400,0.001394700139470014
E07000141,South Kesteven,0,143400,0
E07000141,South Kesteven,23,143400,0.01603905160390516
E07000141,South Kesteven,32,143400,0.022315202231520222
E07000141,South Kesteven,27,143400,0.01882845188284519
E07000141,South Kesteven,2,143400,0.001394700139470014
E07000141,South Kesteven,0,143400,0
E07000141,South Kesteven,0,143400,0
E07000141,South Kesteven,16,143400,0.011157601115760111
E07000141,South Kesteven,26,143400,0.01813110181311018
E07000141,South Kesteven,24,143400,0.016736401673640166
E07000141,South Kesteven,4,143400,0.002789400278940028
E07000141,South Kesteven,0,143400,0
E07000141,South Kesteven,0,143400,0
E07000141,South Kesteven,18,143400,0.012552301255230125
E07000141,South Kesteven,32,143400,0.022315202231520222
E07000141,South Kesteven,18,143400,0.012552301255230125
E07000141,South Kesteven,3,143400,0.0020920502092050207
E07000141,South Kesteven,0,143400,0
E07000141,South Kesteven,0,143400,0
E07000141,South Kesteven,2246,143400,1.5662482566248257
E07000141,South Kesteven,1978,143400,1.379358437935844
E07000141,South Kesteven,1107,143400,0.7719665271966527
E07000141,South Kesteven,151,143400,0.10529986052998605
E07000141,South Kesteven,12,143400,0.008368200836820083
E07000142,West Lindsey,0,95200,0
E07000142,West Lindsey,0,95200,0
E07000142,West Lindsey,0,95200,0
E07000142,West Lindsey,0,95200,0
E07000142,West Lindsey,0,95200,0
E07000142,West Lindsey,0,95200,0
E07000142,West Lindsey,0,95200,0
E07000142,West Lindsey,35667,95200,37.46533613445378
E07000142,West Lindsey,25904,95200,27.210084033613445
E07000142,West Lindsey,11242,95200,11.808823529411764
E07000142,West Lindsey,1266,95200,1.3298319327731092
E07000142,West Lindsey,150,95200,0.15756302521008403
E07000142,West Lindsey,0,95200,0
E07000142,West Lindsey,28,95200,0.029411764705882353
E07000142,West Lindsey,30,95200,0.031512605042016806
E07000142,West Lindsey,15,95200,0.015756302521008403
E07000142,West Lindsey,3,95200,0.0031512605042016808
E07000142,West Lindsey,4,95200,0.004201680672268907
E07000142,West Lindsey,0,95200,0
E07000142,West Lindsey,24,95200,0.025210084033613446
E07000142,West Lindsey,11,95200,0.011554621848739496
E07000142,West Lindsey,12,95200,0.012605042016806723
E07000142,West Lindsey,1,95200,0.0010504201680672268
E07000142,West Lindsey,0,95200,0
E07000142,West Lindsey,0,95200,0
E07000142,West Lindsey,14,95200,0.014705882352941176
E07000142,West Lindsey,15,95200,0.015756302521008403
E07000142,West Lindsey,12,95200,0.012605042016806723
E07000142,West Lindsey,0,95200,0
E07000142,West Lindsey,0,95200,0
E07000142,West Lindsey,0,95200,0
E07000142,West Lindsey,16,95200,0.01680672268907563
E07000142,West Lindsey,20,95200,0.02100840336134454
E07000142,West Lindsey,17,95200,0.017857142857142856
E07000142,West Lindsey,2,95200,0.0021008403361344537
E07000142,West Lindsey,0,95200,0
E07000142,West Lindsey,0,95200,0
E07000142,West Lindsey,1540,95200,1.6176470588235294
E07000142,West Lindsey,1295,95200,1.3602941176470589
E07000142,West Lindsey,632,95200,0.6638655462184874
E07000142,West Lindsey,64,95200,0.06722689075630252
E07000142,West Lindsey,25,95200,0.026260504201680673
E07000143,Breckland,0,141500,0
E07000143,Breckland,0,141500,0
E07000143,Breckland,0,141500,0
E07000143,Breckland,0,141500,0
E07000143,Breckland,0,141500,0
E07000143,Breckland,0,141500,0
E07000143,Breckland,0,141500,0
E07000143,Breckland,45831,141500,32.38939929328622
E07000143,Breckland,37212,141500,26.298233215547704
E07000143,Breckland,21899,141500,15.476325088339223
E07000143,Breckland,3064,141500,2.1653710247349824
E07000143,Breckland,528,141500,0.37314487632508836
E07000143,Breckland,0,141500,0
E07000143,Breckland,43,141500,0.0303886925795053
E07000143,Breckland,69,141500,0.04876325088339223
E07000143,Breckland,87,141500,0.06148409893992933
E07000143,Breckland,18,141500,0.012720848056537103
E07000143,Breckland,1,141500,7.067137809187279e-4
E07000143,Breckland,0,141500,0
E07000143,Breckland,17,141500,0.012014134275618375
E07000143,Breckland,30,141500,0.02120141342756184
E07000143,Breckland,19,141500,0.01342756183745583
E07000143,Breckland,3,141500,0.0021201413427561835
E07000143,Breckland,1,141500,7.067137809187279e-4
E07000143,Breckland,0,141500,0
E07000143,Breckland,24,141500,0.01696113074204947
E07000143,Breckland,27,141500,0.019081272084805655
E07000143,Breckland,22,141500,0.015547703180212015
E07000143,Breckland,8,141500,0.005653710247349823
E07000143,Breckland,3,141500,0.0021201413427561835
E07000143,Breckland,0,141500,0
E07000143,Breckland,14,141500,0.009893992932862191
E07000143,Breckland,22,141500,0.015547703180212015
E07000143,Breckland,25,141500,0.0176678445229682
E07000143,Breckland,1,141500,7.067137809187279e-4
E07000143,Breckland,0,141500,0
E07000143,Breckland,0,141500,0
E07000143,Breckland,2305,141500,1.6289752650176679
E07000143,Breckland,2420,141500,1.7102473498233215
E07000143,Breckland,1394,141500,0.9851590106007068
E07000143,Breckland,305,141500,0.21554770318021202
E07000143,Breckland,60,141500,0.04240282685512368
E07000144,Broadland,0,131700,0
E07000144,Broadland,0,131700,0
E07000144,Broadland,0,131700,0
E07000144,Broadland,0,131700,0
E07000144,Broadland,0,131700,0
E07000144,Broadland,0,131700,0
E07000144,Broadland,0,131700,0
E07000144,Broadland,48408,131700,36.75626423690205
E07000144,Broadland,36350,131700,27.60060744115414
E07000144,Broadland,17492,131700,13.281700835231588
E07000144,Broadland,1584,131700,1.2027334851936218
E07000144,Broadland,228,131700,0.17312072892938496
E07000144,Broadland,0,131700,0
E07000144,Broadland,39,131700,0.029612756264236904
E07000144,Broadland,41,131700,0.031131359149582385
E07000144,Broadland,25,131700,0.018982536066818528
E07000144,Broadland,2,131700,0.0015186028853454822
E07000144,Broadland,1,131700,7.593014426727411e-4
E07000144,Broadland,0,131700,0
E07000144,Broadland,20,131700,0.015186028853454821
E07000144,Broadland,18,131700,0.01366742596810934
E07000144,Broadland,22,131700,0.016704631738800303
E07000144,Broadland,2,131700,0.0015186028853454822
E07000144,Broadland,0,131700,0
E07000144,Broadland,0,131700,0
E07000144,Broadland,19,131700,0.01442672741078208
E07000144,Broadland,15,131700,0.011389521640091117
E07000144,Broadland,13,131700,0.009870918754745633
E07000144,Broadland,2,131700,0.0015186028853454822
E07000144,Broadland,0,131700,0
E07000144,Broadland,0,131700,0
E07000144,Broadland,14,131700,0.010630220197418374
E07000144,Broadland,32,131700,0.024297646165527716
E07000144,Broadland,16,131700,0.012148823082763858
E07000144,Broadland,1,131700,7.593014426727411e-4
E07000144,Broadland,0,131700,0
E07000144,Broadland,0,131700,0
E07000144,Broadland,2026,131700,1.5383447228549734
E07000144,Broadland,1781,131700,1.3523158694001518
E07000144,Broadland,936,131700,0.7107061503416856
E07000144,Broadland,96,131700,0.07289293849658314
E07000144,Broadland,11,131700,0.008352315869400152
E07000145,Great Yarmouth,0,99800,0
E07000145,Great Yarmouth,0,99800,0
E07000145,Great Yarmouth,0,99800,0
E07000145,Great Yarmouth,0,99800,0
E07000145,Great Yarmouth,0,99800,0
E07000145,Great Yarmouth,0,99800,0
E07000145,Great Yarmouth,0,99800,0
E07000145,Great Yarmouth,25373,99800,25.42384769539078
E07000145,Great Yarmouth,27335,99800,27.389779559118235
E07000145,Great Yarmouth,20230,99800,20.27054108216433
E07000145,Great Yarmouth,2992,99800,2.997995991983968
E07000145,Great Yarmouth,464,99800,0.4649298597194389
E07000145,Great Yarmouth,0,99800,0
E07000145,Great Yarmouth,35,99800,0.03507014028056112
E07000145,Great Yarmouth,50,99800,0.050100200400801605
E07000145,Great Yarmouth,111,99800,0.11122244488977956
E07000145,Great Yarmouth,36,99800,0.036072144288577156
E07000145,Great Yarmouth,3,99800,0.003006012024048096
E07000145,Great Yarmouth,0,99800,0
E07000145,Great Yarmouth,19,99800,0.01903807615230461
E07000145,Great Yarmouth,23,99800,0.023046092184368736
E07000145,Great Yarmouth,50,99800,0.050100200400801605
E07000145,Great Yarmouth,6,99800,0.006012024048096192
E07000145,Great Yarmouth,4,99800,0.004008016032064128
E07000145,Great Yarmouth,0,99800,0
E07000145,Great Yarmouth,16,99800,0.01603206412825651
E07000145,Great Yarmouth,30,99800,0.03006012024048096
E07000145,Great Yarmouth,40,99800,0.04008016032064128
E07000145,Great Yarmouth,12,99800,0.012024048096192385
E07000145,Great Yarmouth,4,99800,0.004008016032064128
E07000145,Great Yarmouth,0,99800,0
E07000145,Great Yarmouth,10,99800,0.01002004008016032
E07000145,Great Yarmouth,25,99800,0.025050100200400802
E07000145,Great Yarmouth,23,99800,0.023046092184368736
E07000145,Great Yarmouth,6,99800,0.006012024048096192
E07000145,Great Yarmouth,2,99800,0.002004008016032064
E07000145,Great Yarmouth,0,99800,0
E07000145,Great Yarmouth,1420,99800,1.4228456913827656
E07000145,Great Yarmouth,1663,99800,1.6663326653306614
E07000145,Great Yarmouth,1467,99800,1.4699398797595191
E07000145,Great Yarmouth,257,99800,0.2575150300601202
E07000145,Great Yarmouth,64,99800,0.06412825651302605
E07000146,King's Lynn and West Norfolk,0,154300,0
E07000146,King's Lynn and West Norfolk,0,154300,0
E07000146,King's Lynn and West Norfolk,0,154300,0
E07000146,King's Lynn and West Norfolk,0,154300,0
E07000146,King's Lynn and West Norfolk,0,154300,0
E07000146,King's Lynn and West Norfolk,0,154300,0
E07000146,King's Lynn and West Norfolk,0,154300,0
E07000146,King's Lynn and West Norfolk,47502,154300,30.78548282566429
E07000146,King's Lynn and West Norfolk,42286,154300,27.4050550874919
E07000146,King's Lynn and West Norfolk,25126,154300,16.283862605314322
E07000146,King's Lynn and West Norfolk,3391,154300,2.197666882696047
E07000146,King's Lynn and West Norfolk,652,154300,0.4225534672715489
E07000146,King's Lynn and West Norfolk,0,154300,0
E07000146,King's Lynn and West Norfolk,45,154300,0.02916396629941672
E07000146,King's Lynn and West Norfolk,73,154300,0.047310434219053794
E07000146,King's Lynn and West Norfolk,75,154300,0.04860661049902787
E07000146,King's Lynn and West Norfolk,20,154300,0.012961762799740765
E07000146,King's Lynn and West Norfolk,5,154300,0.0032404406999351912
E07000146,King's Lynn and West Norfolk,0,154300,0
E07000146,King's Lynn and West Norfolk,16,154300,0.010369410239792612
E07000146,King's Lynn and West Norfolk,29,154300,0.018794556059624108
E07000146,King's Lynn and West Norfolk,33,154300,0.02138690861957226
E07000146,King's Lynn and West Norfolk,2,154300,0.0012961762799740765
E07000146,King's Lynn and West Norfolk,0,154300,0
E07000146,King's Lynn and West Norfolk,0,154300,0
E07000146,King's Lynn and West Norfolk,17,154300,0.01101749837977965
E07000146,King's Lynn and West Norfolk,31,154300,0.020090732339598186
E07000146,King's Lynn and West Norfolk,40,154300,0.02592352559948153
E07000146,King's Lynn and West Norfolk,5,154300,0.0032404406999351912
E07000146,King's Lynn and West Norfolk,4,154300,0.002592352559948153
E07000146,King's Lynn and West Norfolk,0,154300,0
E07000146,King's Lynn and West Norfolk,13,154300,0.008425145819831496
E07000146,King's Lynn and West Norfolk,27,154300,0.017498379779650033
E07000146,King's Lynn and West Norfolk,28,154300,0.01814646791963707
E07000146,King's Lynn and West Norfolk,5,154300,0.0032404406999351912
E07000146,King's Lynn and West Norfolk,1,154300,6.480881399870382e-4
E07000146,King's Lynn and West Norfolk,0,154300,0
E07000146,King's Lynn and West Norfolk,2606,154300,1.6889176928062217
E07000146,King's Lynn and West Norfolk,2782,154300,1.8029812054439405
E07000146,King's Lynn and West Norfolk,1934,154300,1.253402462734932
E07000146,King's Lynn and West Norfolk,323,154300,0.20933246921581336
E07000146,King's Lynn and West Norfolk,88,154300,0.057031756318859365
E07000147,North Norfolk,0,103000,0
E07000147,North Norfolk,0,103000,0
E07000147,North Norfolk,0,103000,0
E07000147,North Norfolk,0,103000,0
E07000147,North Norfolk,0,103000,0
E07000147,North Norfolk,0,103000,0
E07000147,North Norfolk,0,103000,0
E07000147,North Norfolk,35275,103000,34.24757281553398
E07000147,North Norfolk,29082,103000,28.23495145631068
E07000147,North Norfolk,15394,103000,14.945631067961164
E07000147,North Norfolk,1868,103000,1.8135922330097087
E07000147,North Norfolk,255,103000,0.24757281553398058
E07000147,North Norfolk,0,103000,0
E07000147,North Norfolk,21,103000,0.020388349514563107
E07000147,North Norfolk,24,103000,0.02330097087378641
E07000147,North Norfolk,22,103000,0.021359223300970873
E07000147,North Norfolk,1,103000,9.70873786407767e-4
E07000147,North Norfolk,0,103000,0
E07000147,North Norfolk,0,103000,0
E07000147,North Norfolk,18,103000,0.017475728155339806
E07000147,North Norfolk,9,103000,0.008737864077669903
E07000147,North Norfolk,5,103000,0.0048543689320388345
E07000147,North Norfolk,1,103000,9.70873786407767e-4
E07000147,North Norfolk,0,103000,0
E07000147,North Norfolk,0,103000,0
E07000147,North Norfolk,20,103000,0.019417475728155338
E07000147,North Norfolk,13,103000,0.01262135922330097
E07000147,North Norfolk,14,103000,0.013592233009708738
E07000147,North Norfolk,3,103000,0.002912621359223301
E07000147,North Norfolk,0,103000,0
E07000147,North Norfolk,0,103000,0
E07000147,North Norfolk,13,103000,0.01262135922330097
E07000147,North Norfolk,21,103000,0.020388349514563107
E07000147,North Norfolk,16,103000,0.015533980582524271
E07000147,North Norfolk,1,103000,9.70873786407767e-4
E07000147,North Norfolk,0,103000,0
E07000147,North Norfolk,0,103000,0
E07000147,North Norfolk,1915,103000,1.8592233009708738
E07000147,North Norfolk,1970,103000,1.912621359223301
E07000147,North Norfolk,1091,103000,1.0592233009708738
E07000147,North Norfolk,114,103000,0.11067961165048544
E07000147,North Norfolk,28,103000,0.027184466019417475
E07000148,Norwich,0,144000,0
E07000148,Norwich,0,144000,0
E07000148,Norwich,0,144000,0
E07000148,Norwich,0,144000,0
E07000148,Norwich,0,144000,0
E07000148,Norwich,0,144000,0
E07000148,Norwich,0,144000,0
E07000148,Norwich,29044,144000,20.169444444444444
E07000148,Norwich,36317,144000,25.22013888888889
E07000148,Norwich,36113,144000,25.07847222222222
E07000148,Norwich,3875,144000,2.6909722222222223
E07000148,Norwich,595,144000,0.4131944444444444
E07000148,Norwich,0,144000,0
E07000148,Norwich,38,144000,0.02638888888888889
E07000148,Norwich,89,144000,0.06180555555555556
E07000148,Norwich,142,144000,0.09861111111111111
E07000148,Norwich,24,144000,0.016666666666666666
E07000148,Norwich,9,144000,0.00625
E07000148,Norwich,0,144000,0
E07000148,Norwich,22,144000,0.015277777777777777
E07000148,Norwich,64,144000,0.044444444444444446
E07000148,Norwich,87,144000,0.06041666666666667
E07000148,Norwich,14,144000,0.009722222222222222
E07000148,Norwich,2,144000,0.001388888888888889
E07000148,Norwich,0,144000,0
E07000148,Norwich,24,144000,0.016666666666666666
E07000148,Norwich,52,144000,0.03611111111111111
E07000148,Norwich,133,144000,0.09236111111111112
E07000148,Norwich,9,144000,0.00625
E07000148,Norwich,2,144000,0.001388888888888889
E07000148,Norwich,0,144000,0
E07000148,Norwich,93,144000,0.06458333333333334
E07000148,Norwich,171,144000,0.11875
E07000148,Norwich,195,144000,0.13541666666666666
E07000148,Norwich,9,144000,0.00625
E07000148,Norwich,1,144000,6.944444444444445e-4
E07000148,Norwich,0,144000,0
E07000148,Norwich,1727,144000,1.1993055555555556
E07000148,Norwich,2253,144000,1.5645833333333334
E07000148,Norwich,2761,144000,1.917361111111111
E07000148,Norwich,394,144000,0.27361111111111114
E07000148,Norwich,101,144000,0.07013888888888889
E07000149,South Norfolk,0,141900,0
E07000149,South Norfolk,0,141900,0
E07000149,South Norfolk,0,141900,0
E07000149,South Norfolk,0,141900,0
E07000149,South Norfolk,0,141900,0
E07000149,South Norfolk,0,141900,0
E07000149,South Norfolk,0,141900,0
E07000149,South Norfolk,52532,141900,37.02043692741367
E07000149,South Norfolk,37083,141900,26.133192389006343
E07000149,South Norfolk,18317,141900,12.908386187455955
E07000149,South Norfolk,1968,141900,1.386892177589852
E07000149,South Norfolk,261,141900,0.1839323467230444
E07000149,South Norfolk,0,141900,0
E07000149,South Norfolk,35,141900,0.02466525722339676
E07000149,South Norfolk,37,141900,0.026074700493305146
E07000149,South Norfolk,29,141900,0.0204369274136716
E07000149,South Norfolk,8,141900,0.005637773079633545
E07000149,South Norfolk,3,141900,0.0021141649048625794
E07000149,South Norfolk,0,141900,0
E07000149,South Norfolk,19,141900,0.013389711064129669
E07000149,South Norfolk,32,141900,0.02255109231853418
E07000149,South Norfolk,20,141900,0.014094432699083862
E07000149,South Norfolk,0,141900,0
E07000149,South Norfolk,0,141900,0
E07000149,South Norfolk,0,141900,0
E07000149,South Norfolk,18,141900,0.012684989429175475
E07000149,South Norfolk,36,141900,0.02536997885835095
E07000149,South Norfolk,23,141900,0.01620859760394644
E07000149,South Norfolk,3,141900,0.0021141649048625794
E07000149,South Norfolk,1,141900,7.047216349541931e-4
E07000149,South Norfolk,0,141900,0
E07000149,South Norfolk,16,141900,0.01127554615926709
E07000149,South Norfolk,27,141900,0.019027484143763214
E07000149,South Norfolk,38,141900,0.026779422128259338
E07000149,South Norfolk,3,141900,0.0021141649048625794
E07000149,South Norfolk,0,141900,0
E07000149,South Norfolk,0,141900,0
E07000149,South Norfolk,2264,141900,1.5954897815362932
E07000149,South Norfolk,1794,141900,1.2642706131078225
E07000149,South Norfolk,1062,141900,0.7484143763213531
E07000149,South Norfolk,112,141900,0.07892882311486962
E07000149,South Norfolk,26,141900,0.018322762508809022
E07000163,Craven,0,56900,0
E07000163,Craven,0,56900,0
E07000163,Craven,0,56900,0
E07000163,Craven,0,56900,0
E07000163,Craven,0,56900,0
E07000163,Craven,0,56900,0
E07000163,Craven,0,56900,0
E07000163,Craven,20041,56900,35.22144112478032
E07000163,Craven,16668,56900,29.293497363796135
E07000163,Craven,7950,56900,13.971880492091389
E07000163,Craven,650,56900,1.1423550087873462
E07000163,Craven,123,56900,0.21616871704745166
E07000163,Craven,0,56900,0
E07000163,Craven,15,56900,0.026362038664323375
E07000163,Craven,13,56900,0.022847100175746926
E07000163,Craven,6,56900,0.01054481546572935
E07000163,Craven,0,56900,0
E07000163,Craven,0,56900,0
E07000163,Craven,0,56900,0
E07000163,Craven,11,56900,0.019332161687170474
E07000163,Craven,10,56900,0.01757469244288225
E07000163,Craven,9,56900,0.015817223198594025
E07000163,Craven,0,56900,0
E07000163,Craven,0,56900,0
E07000163,Craven,0,56900,0
E07000163,Craven,5,56900,0.008787346221441126
E07000163,Craven,8,56900,0.014059753954305799
E07000163,Craven,10,56900,0.01757469244288225
E07000163,Craven,0,56900,0
E07000163,Craven,0,56900,0
E07000163,Craven,0,56900,0
E07000163,Craven,6,56900,0.01054481546572935
E07000163,Craven,17,56900,0.029876977152899824
E07000163,Craven,6,56900,0.01054481546572935
E07000163,Craven,0,56900,0
E07000163,Craven,0,56900,0
E07000163,Craven,0,56900,0
E07000163,Craven,851,56900,1.4956063268892794
E07000163,Craven,758,56900,1.3321616871704745
E07000163,Craven,446,56900,0.7838312829525483
E07000163,Craven,28,56900,0.0492091388400703
E07000163,Craven,20,56900,0.0351493848857645
E07000164,Hambleton,0,90700,0
E07000164,Hambleton,0,90700,0
E07000164,Hambleton,0,90700,0
E07000164,Hambleton,0,90700,0
E07000164,Hambleton,0,90700,0
E07000164,Hambleton,0,90700,0
E07000164,Hambleton,0,90700,0
E07000164,Hambleton,36532,90700,40.277839029768465
E07000164,Hambleton,23540,90700,25.95369349503859
E07000164,Hambleton,11128,90700,12.26901874310915
E07000164,Hambleton,1007,90700,1.1102535832414553
E07000164,Hambleton,140,90700,0.1543550165380375
E07000164,Hambleton,0,90700,0
E07000164,Hambleton,19,90700,0.020948180815876516
E07000164,Hambleton,25,90700,0.027563395810363836
E07000164,Hambleton,22,90700,0.024255788313120176
E07000164,Hambleton,3,90700,0.0033076074972436605
E07000164,Hambleton,0,90700,0
E07000164,Hambleton,0,90700,0
E07000164,Hambleton,15,90700,0.016538037486218304
E07000164,Hambleton,15,90700,0.016538037486218304
E07000164,Hambleton,14,90700,0.015435501653803748
E07000164,Hambleton,0,90700,0
E07000164,Hambleton,0,90700,0
E07000164,Hambleton,0,90700,0
E07000164,Hambleton,7,90700,0.007717750826901874
E07000164,Hambleton,11,90700,0.012127894156560088
E07000164,Hambleton,10,90700,0.011025358324145534
E07000164,Hambleton,0,90700,0
E07000164,Hambleton,0,90700,0
E07000164,Hambleton,0,90700,0
E07000164,Hambleton,7,90700,0.007717750826901874
E07000164,Hambleton,15,90700,0.016538037486218304
E07000164,Hambleton,9,90700,0.009922822491730982
E07000164,Hambleton,1,90700,0.0011025358324145535
E07000164,Hambleton,0,90700,0
E07000164,Hambleton,0,90700,0
E07000164,Hambleton,1479,90700,1.6306504961411246
E07000164,Hambleton,1124,90700,1.239250275633958
E07000164,Hambleton,670,90700,0.7386990077177509
E07000164,Hambleton,69,90700,0.07607497243660419
E07000164,Hambleton,16,90700,0.017640573318632856
E07000165,Harrogate,0,162700,0
E07000165,Harrogate,0,162700,0
E07000165,Harrogate,0,162700,0
E07000165,Harrogate,0,162700,0
E07000165,Harrogate,0,162700,0
E07000165,Harrogate,0,162700,0
E07000165,Harrogate,0,162700,0
E07000165,Harrogate,58916,162700,36.21143208358943
E07000165,Harrogate,41225,162700,25.338045482483096
E07000165,Harrogate,23004,162700,14.138905961893055
E07000165,Harrogate,1932,162700,1.187461585740627
E07000165,Harrogate,229,162700,0.1407498463429625
E07000165,Harrogate,0,162700,0
E07000165,Harrogate,40,162700,0.024585125998770743
E07000165,Harrogate,41,162700,0.02519975414874001
E07000165,Harrogate,51,162700,0.0313460356484327
E07000165,Harrogate,10,162700,0.006146281499692686
E07000165,Harrogate,1,162700,6.146281499692685e-4
E07000165,Harrogate,0,162700,0
E07000165,Harrogate,20,162700,0.012292562999385371
E07000165,Harrogate,24,162700,0.014751075599262446
E07000165,Harrogate,37,162700,0.022741241548862937
E07000165,Harrogate,3,162700,0.0018438844499078057
E07000165,Harrogate,0,162700,0
E07000165,Harrogate,0,162700,0
E07000165,Harrogate,10,162700,0.006146281499692686
E07000165,Harrogate,21,162700,0.01290719114935464
E07000165,Harrogate,34,162700,0.02089735709895513
E07000165,Harrogate,4,162700,0.002458512599877074
E07000165,Harrogate,1,162700,6.146281499692685e-4
E07000165,Harrogate,0,162700,0
E07000165,Harrogate,20,162700,0.012292562999385371
E07000165,Harrogate,24,162700,0.014751075599262446
E07000165,Harrogate,22,162700,0.013521819299323909
E07000165,Harrogate,2,162700,0.001229256299938537
E07000165,Harrogate,0,162700,0
E07000165,Harrogate,0,162700,0
E07000165,Harrogate,2216,162700,1.3620159803318992
E07000165,Harrogate,1938,162700,1.1911493546404426
E07000165,Harrogate,1303,162700,0.800860479409957
E07000165,Harrogate,162,162700,0.09956976029502151
E07000165,Harrogate,24,162700,0.014751075599262446
E07000166,Richmondshire,0,49700,0
E07000166,Richmondshire,0,49700,0
E07000166,Richmondshire,0,49700,0
E07000166,Richmondshire,0,49700,0
E07000166,Richmondshire,0,49700,0
E07000166,Richmondshire,0,49700,0
E07000166,Richmondshire,0,49700,0
E07000166,Richmondshire,16556,49700,33.311871227364186
E07000166,Richmondshire,13412,49700,26.985915492957748
E07000166,Richmondshire,6522,49700,13.122736418511066
E07000166,Richmondshire,600,49700,1.2072434607645874
E07000166,Richmondshire,162,49700,0.32595573440643866
E07000166,Richmondshire,0,49700,0
E07000166,Richmondshire,7,49700,0.014084507042253521
E07000166,Richmondshire,17,49700,0.03420523138832998
E07000166,Richmondshire,11,49700,0.022132796780684104
E07000166,Richmondshire,0,49700,0
E07000166,Richmondshire,2,49700,0.004024144869215292
E07000166,Richmondshire,0,49700,0
E07000166,Richmondshire,6,49700,0.012072434607645875
E07000166,Richmondshire,8,49700,0.01609657947686117
E07000166,Richmondshire,10,49700,0.02012072434607646
E07000166,Richmondshire,0,49700,0
E07000166,Richmondshire,0,49700,0
E07000166,Richmondshire,0,49700,0
E07000166,Richmondshire,6,49700,0.012072434607645875
E07000166,Richmondshire,8,49700,0.01609657947686117
E07000166,Richmondshire,6,49700,0.012072434607645875
E07000166,Richmondshire,0,49700,0
E07000166,Richmondshire,1,49700,0.002012072434607646
E07000166,Richmondshire,0,49700,0
E07000166,Richmondshire,6,49700,0.012072434607645875
E07000166,Richmondshire,8,49700,0.01609657947686117
E07000166,Richmondshire,6,49700,0.012072434607645875
E07000166,Richmondshire,0,49700,0
E07000166,Richmondshire,0,49700,0
E07000166,Richmondshire,0,49700,0
E07000166,Richmondshire,689,49700,1.386317907444668
E07000166,Richmondshire,595,49700,1.1971830985915493
E07000166,Richmondshire,357,49700,0.7183098591549296
E07000166,Richmondshire,16,49700,0.03219315895372234
E07000166,Richmondshire,13,49700,0.026156941649899398
E07000167,Ryedale,0,54700,0
E07000167,Ryedale,0,54700,0
E07000167,Ryedale,0,54700,0
E07000167,Ryedale,0,54700,0
E07000167,Ryedale,0,54700,0
E07000167,Ryedale,0,54700,0
E07000167,Ryedale,0,54700,0
E07000167,Ryedale,20389,54700,37.274223034734916
E07000167,Ryedale,14972,54700,27.37111517367459
E07000167,Ryedale,7186,54700,13.137111517367458
E07000167,Ryedale,714,54700,1.3053016453382085
E07000167,Ryedale,77,54700,0.14076782449725778
E07000167,Ryedale,0,54700,0
E07000167,Ryedale,13,54700,0.02376599634369287
E07000167,Ryedale,19,54700,0.03473491773308958
E07000167,Ryedale,13,54700,0.02376599634369287
E07000167,Ryedale,5,54700,0.009140767824497258
E07000167,Ryedale,0,54700,0
E07000167,Ryedale,0,54700,0
E07000167,Ryedale,17,54700,0.031078610603290677
E07000167,Ryedale,8,54700,0.014625228519195612
E07000167,Ryedale,10,54700,0.018281535648994516
E07000167,Ryedale,0,54700,0
E07000167,Ryedale,0,54700,0
E07000167,Ryedale,0,54700,0
E07000167,Ryedale,7,54700,0.012797074954296161
E07000167,Ryedale,5,54700,0.009140767824497258
E07000167,Ryedale,8,54700,0.014625228519195612
E07000167,Ryedale,1,54700,0.0018281535648994515
E07000167,Ryedale,0,54700,0
E07000167,Ryedale,0,54700,0
E07000167,Ryedale,4,54700,0.007312614259597806
E07000167,Ryedale,6,54700,0.010968921389396709
E07000167,Ryedale,15,54700,0.027422303473491772
E07000167,Ryedale,1,54700,0.0018281535648994515
E07000167,Ryedale,0,54700,0
E07000167,Ryedale,0,54700,0
E07000167,Ryedale,889,54700,1.6252285191956124
E07000167,Ryedale,834,54700,1.5246800731261425
E07000167,Ryedale,452,54700,0.8263254113345521
E07000167,Ryedale,53,54700,0.09689213893967093
E07000167,Ryedale,5,54700,0.009140767824497258
E07000168,Scarborough,0,108800,0
E07000168,Scarborough,0,108800,0
E07000168,Scarborough,0,108800,0
E07000168,Scarborough,0,108800,0
E07000168,Scarborough,0,108800,0
E07000168,Scarborough,0,108800,0
E07000168,Scarborough,0,108800,0
E07000168,Scarborough,32192,108800,29.58823529411765
E07000168,Scarborough,31814,108800,29.240808823529413
E07000168,Scarborough,19321,108800,17.75827205882353
E07000168,Scarborough,1967,108800,1.8079044117647058
E07000168,Scarborough,210,108800,0.19301470588235295
E07000168,Scarborough,0,108800,0
E07000168,Scarborough,37,108800,0.03400735294117647
E07000168,Scarborough,42,108800,0.03860294117647059
E07000168,Scarborough,41,108800,0.03768382352941176
E07000168,Scarborough,14,108800,0.012867647058823529
E07000168,Scarborough,4,108800,0.003676470588235294
E07000168,Scarborough,0,108800,0
E07000168,Scarborough,11,108800,0.01011029411764706
E07000168,Scarborough,21,108800,0.019301470588235295
E07000168,Scarborough,19,108800,0.017463235294117647
E07000168,Scarborough,3,108800,0.0027573529411764708
E07000168,Scarborough,1,108800,9.191176470588235e-4
E07000168,Scarborough,0,108800,0
E07000168,Scarborough,10,108800,0.009191176470588236
E07000168,Scarborough,14,108800,0.012867647058823529
E07000168,Scarborough,28,108800,0.025735294117647058
E07000168,Scarborough,1,108800,9.191176470588235e-4
E07000168,Scarborough,3,108800,0.0027573529411764708
E07000168,Scarborough,0,108800,0
E07000168,Scarborough,21,108800,0.019301470588235295
E07000168,Scarborough,22,108800,0.02022058823529412
E07000168,Scarborough,29,108800,0.02665441176470588
E07000168,Scarborough,3,108800,0.0027573529411764708
E07000168,Scarborough,5,108800,0.004595588235294118
E07000168,Scarborough,0,108800,0
E07000168,Scarborough,1583,108800,1.4549632352941178
E07000168,Scarborough,1797,108800,1.6516544117647058
E07000168,Scarborough,1332,108800,1.224264705882353
E07000168,Scarborough,146,108800,0.13419117647058823
E07000168,Scarborough,32,108800,0.029411764705882353
E07000169,Selby,0,92000,0
E07000169,Selby,0,92000,0
E07000169,Selby,0,92000,0
E07000169,Selby,0,92000,0
E07000169,Selby,0,92000,0
E07000169,Selby,0,92000,0
E07000169,Selby,0,92000,0
E07000169,Selby,34427,92000,37.42065217391304
E07000169,Selby,23912,92000,25.991304347826087
E07000169,Selby,11959,92000,12.998913043478261
E07000169,Selby,1206,92000,1.3108695652173914
E07000169,Selby,129,92000,0.14021739130434782
E07000169,Selby,0,92000,0
E07000169,Selby,32,92000,0.034782608695652174
E07000169,Selby,27,92000,0.029347826086956522
E07000169,Selby,35,92000,0.03804347826086957
E07000169,Selby,3,92000,0.003260869565217391
E07000169,Selby,2,92000,0.002173913043478261
E07000169,Selby,0,92000,0
E07000169,Selby,15,92000,0.016304347826086956
E07000169,Selby,21,92000,0.02282608695652174
E07000169,Selby,6,92000,0.006521739130434782
E07000169,Selby,4,92000,0.004347826086956522
E07000169,Selby,1,92000,0.0010869565217391304
E07000169,Selby,0,92000,0
E07000169,Selby,10,92000,0.010869565217391304
E07000169,Selby,10,92000,0.010869565217391304
E07000169,Selby,6,92000,0.006521739130434782
E07000169,Selby,0,92000,0
E07000169,Selby,0,92000,0
E07000169,Selby,0,92000,0
E07000169,Selby,16,92000,0.017391304347826087
E07000169,Selby,7,92000,0.007608695652173913
E07000169,Selby,18,92000,0.01956521739130435
E07000169,Selby,3,92000,0.003260869565217391
E07000169,Selby,0,92000,0
E07000169,Selby,0,92000,0
E07000169,Selby,1306,92000,1.4195652173913043
E07000169,Selby,1021,92000,1.1097826086956522
E07000169,Selby,623,92000,0.6771739130434783
E07000169,Selby,83,92000,0.09021739130434783
E07000169,Selby,5,92000,0.005434782608695652
E07000170,Ashfield,0,126300,0
E07000170,Ashfield,0,126300,0
E07000170,Ashfield,0,126300,0
E07000170,Ashfield,0,126300,0
E07000170,Ashfield,0,126300,0
E07000170,Ashfield,0,126300,0
E07000170,Ashfield,0,126300,0
E07000170,Ashfield,33895,126300,26.836896278701506
E07000170,Ashfield,37177,126300,29.435471100554235
E07000170,Ashfield,21280,126300,16.848772763262076
E07000170,Ashfield,2966,126300,2.348376880443389
E07000170,Ashfield,472,126300,0.3737133808392716
E07000170,Ashfield,0,126300,0
E07000170,Ashfield,33,126300,0.026128266033254157
E07000170,Ashfield,57,126300,0.04513064133016627
E07000170,Ashfield,42,126300,0.0332541567695962
E07000170,Ashfield,9,126300,0.007125890736342043
E07000170,Ashfield,7,126300,0.0055423594615993665
E07000170,Ashfield,0,126300,0
E07000170,Ashfield,15,126300,0.011876484560570071
E07000170,Ashfield,27,126300,0.021377672209026127
E07000170,Ashfield,16,126300,0.012668250197941409
E07000170,Ashfield,2,126300,0.001583531274742676
E07000170,Ashfield,1,126300,7.91765637371338e-4
E07000170,Ashfield,0,126300,0
E07000170,Ashfield,7,126300,0.0055423594615993665
E07000170,Ashfield,31,126300,0.02454473475851148
E07000170,Ashfield,25,126300,0.01979414093428345
E07000170,Ashfield,0,126300,0
E07000170,Ashfield,0,126300,0
E07000170,Ashfield,0,126300,0
E07000170,Ashfield,17,126300,0.013460015835312747
E07000170,Ashfield,29,126300,0.022961203483768806
E07000170,Ashfield,15,126300,0.011876484560570071
E07000170,Ashfield,3,126300,0.0023752969121140144
E07000170,Ashfield,2,126300,0.001583531274742676
E07000170,Ashfield,0,126300,0
E07000170,Ashfield,1846,126300,1.46159936658749
E07000170,Ashfield,2178,126300,1.7244655581947743
E07000170,Ashfield,1336,126300,1.0577988915281076
E07000170,Ashfield,172,126300,0.13618368962787014
E07000170,Ashfield,74,126300,0.05859065716547902
E07000171,Bassetlaw,0,117800,0
E07000171,Bassetlaw,0,117800,0
E07000171,Bassetlaw,0,117800,0
E07000171,Bassetlaw,0,117800,0
E07000171,Bassetlaw,0,117800,0
E07000171,Bassetlaw,0,117800,0
E07000171,Bassetlaw,0,117800,0
E07000171,Bassetlaw,39844,117800,33.82342954159593
E07000171,Bassetlaw,31660,117800,26.876061120543294
E07000171,Bassetlaw,16152,117800,13.711375212224109
E07000171,Bassetlaw,2035,117800,1.727504244482173
E07000171,Bassetlaw,328,117800,0.27843803056027167
E07000171,Bassetlaw,0,117800,0
E07000171,Bassetlaw,26,117800,0.022071307300509338
E07000171,Bassetlaw,44,117800,0.03735144312393888
E07000171,Bassetlaw,39,117800,0.03310696095076401
E07000171,Bassetlaw,15,117800,0.012733446519524618
E07000171,Bassetlaw,0,117800,0
E07000171,Bassetlaw,0,117800,0
E07000171,Bassetlaw,18,117800,0.015280135823429542
E07000171,Bassetlaw,17,117800,0.014431239388794566
E07000171,Bassetlaw,18,117800,0.015280135823429542
E07000171,Bassetlaw,0,117800,0
E07000171,Bassetlaw,1,117800,8.488964346349745e-4
E07000171,Bassetlaw,0,117800,0
E07000171,Bassetlaw,12,117800,0.010186757215619695
E07000171,Bassetlaw,13,117800,0.011035653650254669
E07000171,Bassetlaw,12,117800,0.010186757215619695
E07000171,Bassetlaw,0,117800,0
E07000171,Bassetlaw,0,117800,0
E07000171,Bassetlaw,0,117800,0
E07000171,Bassetlaw,10,117800,0.008488964346349746
E07000171,Bassetlaw,26,117800,0.022071307300509338
E07000171,Bassetlaw,23,117800,0.019524617996604415
E07000171,Bassetlaw,0,117800,0
E07000171,Bassetlaw,0,117800,0
E07000171,Bassetlaw,0,117800,0
E07000171,Bassetlaw,1862,117800,1.5806451612903225
E07000171,Bassetlaw,1775,117800,1.5067911714770799
E07000171,Bassetlaw,1065,117800,0.9040747028862479
E07000171,Bassetlaw,125,117800,0.10611205432937182
E07000171,Bassetlaw,29,117800,0.02461799660441426
E07000172,Broxtowe,0,110900,0
E07000172,Broxtowe,0,110900,0
E07000172,Broxtowe,0,110900,0
E07000172,Broxtowe,0,110900,0
E07000172,Broxtowe,0,110900,0
E07000172,Broxtowe,0,110900,0
E07000172,Broxtowe,0,110900,0
E07000172,Broxtowe,35433,110900,31.95040577096483
E07000172,Broxtowe,30834,110900,27.803426510369704
E07000172,Broxtowe,17174,110900,15.486023444544635
E07000172,Broxtowe,2095,110900,1.8890892696122632
E07000172,Broxtowe,335,110900,0.30207394048692515
E07000172,Broxtowe,0,110900,0
E07000172,Broxtowe,53,110900,0.047790802524797116
E07000172,Broxtowe,44,110900,0.03967538322813345
E07000172,Broxtowe,36,110900,0.032461677186654644
E07000172,Broxtowe,9,110900,0.008115419296663661
E07000172,Broxtowe,5,110900,0.004508566275924256
E07000172,Broxtowe,0,110900,0
E07000172,Broxtowe,31,110900,0.027953110910730387
E07000172,Broxtowe,21,110900,0.018935978358881875
E07000172,Broxtowe,20,110900,0.018034265103697024
E07000172,Broxtowe,2,110900,0.0018034265103697023
E07000172,Broxtowe,0,110900,0
E07000172,Broxtowe,0,110900,0
E07000172,Broxtowe,12,110900,0.010820559062218215
E07000172,Broxtowe,21,110900,0.018935978358881875
E07000172,Broxtowe,28,110900,0.025247971145175834
E07000172,Broxtowe,1,110900,9.017132551848512e-4
E07000172,Broxtowe,0,110900,0
E07000172,Broxtowe,0,110900,0
E07000172,Broxtowe,37,110900,0.033363390441839495
E07000172,Broxtowe,43,110900,0.0387736699729486
E07000172,Broxtowe,48,110900,0.04328223624887286
E07000172,Broxtowe,2,110900,0.0018034265103697023
E07000172,Broxtowe,0,110900,0
E07000172,Broxtowe,0,110900,0
E07000172,Broxtowe,1574,110900,1.4192966636609559
E07000172,Broxtowe,1465,110900,1.321009918845807
E07000172,Broxtowe,988,110900,0.890892696122633
E07000172,Broxtowe,195,110900,0.17583408476104598
E07000172,Broxtowe,23,110900,0.020739404869251576
E07000173,Gedling,0,117300,0
E07000173,Gedling,0,117300,0
E07000173,Gedling,0,117300,0
E07000173,Gedling,0,117300,0
E07000173,Gedling,0,117300,0
E07000173,Gedling,0,117300,0
E07000173,Gedling,0,117300,0
E07000173,Gedling,37902,117300,32.312020460358056
E07000173,Gedling,33197,117300,28.30093776641091
E07000173,Gedling,17479,117300,14.901108269394715
E07000173,Gedling,2192,117300,1.8687127024722934
E07000173,Gedling,377,117300,0.3213981244671782
E07000173,Gedling,0,117300,0
E07000173,Gedling,42,117300,0.03580562659846547
E07000173,Gedling,45,117300,0.03836317135549872
E07000173,Gedling,30,117300,0.02557544757033248
E07000173,Gedling,2,117300,0.0017050298380221654
E07000173,Gedling,1,117300,8.525149190110827e-4
E07000173,Gedling,0,117300,0
E07000173,Gedling,14,117300,0.011935208866155157
E07000173,Gedling,22,117300,0.01875532821824382
E07000173,Gedling,24,117300,0.020460358056265986
E07000173,Gedling,0,117300,0
E07000173,Gedling,0,117300,0
E07000173,Gedling,0,117300,0
E07000173,Gedling,20,117300,0.017050298380221655
E07000173,Gedling,25,117300,0.021312872975277068
E07000173,Gedling,26,117300,0.02216538789428815
E07000173,Gedling,2,117300,0.0017050298380221654
E07000173,Gedling,0,117300,0
E07000173,Gedling,0,117300,0
E07000173,Gedling,12,117300,0.010230179028132993
E07000173,Gedling,21,117300,0.017902813299232736
E07000173,Gedling,25,117300,0.021312872975277068
E07000173,Gedling,2,117300,0.0017050298380221654
E07000173,Gedling,1,117300,8.525149190110827e-4
E07000173,Gedling,0,117300,0
E07000173,Gedling,1661,117300,1.4160272804774083
E07000173,Gedling,1645,117300,1.402387041773231
E07000173,Gedling,898,117300,0.7655583972719523
E07000173,Gedling,145,117300,0.12361466325660699
E07000173,Gedling,41,117300,0.03495311167945439
E07000174,Mansfield,0,110500,0
E07000174,Mansfield,0,110500,0
E07000174,Mansfield,0,110500,0
E07000174,Mansfield,0,110500,0
E07000174,Mansfield,0,110500,0
E07000174,Mansfield,0,110500,0
E07000174,Mansfield,0,110500,0
E07000174,Mansfield,30405,110500,27.5158371040724
E07000174,Mansfield,30784,110500,27.858823529411765
E07000174,Mansfield,19429,110500,17.582805429864255
E07000174,Mansfield,2954,110500,2.6733031674208143
E07000174,Mansfield,570,110500,0.5158371040723982
E07000174,Mansfield,0,110500,0
E07000174,Mansfield,36,110500,0.03257918552036199
E07000174,Mansfield,63,110500,0.05701357466063348
E07000174,Mansfield,57,110500,0.051583710407239816
E07000174,Mansfield,8,110500,0.007239819004524887
E07000174,Mansfield,17,110500,0.015384615384615385
E07000174,Mansfield,0,110500,0
E07000174,Mansfield,15,110500,0.013574660633484163
E07000174,Mansfield,29,110500,0.026244343891402715
E07000174,Mansfield,39,110500,0.03529411764705882
E07000174,Mansfield,8,110500,0.007239819004524887
E07000174,Mansfield,2,110500,0.0018099547511312218
E07000174,Mansfield,0,110500,0
E07000174,Mansfield,22,110500,0.019909502262443438
E07000174,Mansfield,27,110500,0.024434389140271493
E07000174,Mansfield,36,110500,0.03257918552036199
E07000174,Mansfield,15,110500,0.013574660633484163
E07000174,Mansfield,2,110500,0.0018099547511312218
E07000174,Mansfield,0,110500,0
E07000174,Mansfield,8,110500,0.007239819004524887
E07000174,Mansfield,25,110500,0.02262443438914027
E07000174,Mansfield,18,110500,0.016289592760180997
E07000174,Mansfield,3,110500,0.0027149321266968325
E07000174,Mansfield,0,110500,0
E07000174,Mansfield,0,110500,0
E07000174,Mansfield,1454,110500,1.3158371040723982
E07000174,Mansfield,1768,110500,1.6
E07000174,Mansfield,1291,110500,1.1683257918552037
E07000174,Mansfield,251,110500,0.22714932126696832
E07000174,Mansfield,48,110500,0.04343891402714932
E07000175,Newark and Sherwood,0,122900,0
E07000175,Newark and Sherwood,0,122900,0
E07000175,Newark and Sherwood,0,122900,0
E07000175,Newark and Sherwood,0,122900,0
E07000175,Newark and Sherwood,0,122900,0
E07000175,Newark and Sherwood,0,122900,0
E07000175,Newark and Sherwood,0,122900,0
E07000175,Newark and Sherwood,42416,122900,34.512611879576895
E07000175,Newark and Sherwood,32439,122900,26.394629780309195
E07000175,Newark and Sherwood,17186,122900,13.983726606997559
E07000175,Newark and Sherwood,1947,122900,1.5842148087876322
E07000175,Newark and Sherwood,371,122900,0.3018714401952807
E07000175,Newark and Sherwood,0,122900,0
E07000175,Newark and Sherwood,33,122900,0.026851098454027666
E07000175,Newark and Sherwood,52,122900,0.04231082180634662
E07000175,Newark and Sherwood,38,122900,0.030919446704637917
E07000175,Newark and Sherwood,14,122900,0.011391375101708706
E07000175,Newark and Sherwood,4,122900,0.0032546786004882017
E07000175,Newark and Sherwood,0,122900,0
E07000175,Newark and Sherwood,25,122900,0.02034174125305126
E07000175,Newark and Sherwood,14,122900,0.011391375101708706
E07000175,Newark and Sherwood,22,122900,0.01790073230268511
E07000175,Newark and Sherwood,0,122900,0
E07000175,Newark and Sherwood,0,122900,0
E07000175,Newark and Sherwood,0,122900,0
E07000175,Newark and Sherwood,19,122900,0.015459723352318959
E07000175,Newark and Sherwood,15,122900,0.012205044751830757
E07000175,Newark and Sherwood,20,122900,0.01627339300244101
E07000175,Newark and Sherwood,5,122900,0.0040683482506102524
E07000175,Newark and Sherwood,0,122900,0
E07000175,Newark and Sherwood,0,122900,0
E07000175,Newark and Sherwood,17,122900,0.013832384052074858
E07000175,Newark and Sherwood,27,122900,0.021969080553295363
E07000175,Newark and Sherwood,23,122900,0.01871440195280716
E07000175,Newark and Sherwood,2,122900,0.0016273393002441008
E07000175,Newark and Sherwood,0,122900,0
E07000175,Newark and Sherwood,0,122900,0
E07000175,Newark and Sherwood,1856,122900,1.5101708706265256
E07000175,Newark and Sherwood,1760,122900,1.4320585842148088
E07000175,Newark and Sherwood,1131,122900,0.9202603742880391
E07000175,Newark and Sherwood,172,122900,0.13995117982099267
E07000175,Newark and Sherwood,51,122900,0.04149715215622457
E07000176,Rushcliffe,0,119000,0
E07000176,Rushcliffe,0,119000,0
E07000176,Rushcliffe,0,119000,0
E07000176,Rushcliffe,0,119000,0
E07000176,Rushcliffe,0,119000,0
E07000176,Rushcliffe,0,119000,0
E07000176,Rushcliffe,0,119000,0
E07000176,Rushcliffe,47408,119000,39.838655462184875
E07000176,Rushcliffe,29310,119000,24.630252100840337
E07000176,Rushcliffe,12807,119000,10.76218487394958
E07000176,Rushcliffe,1157,119000,0.9722689075630252
E07000176,Rushcliffe,264,119000,0.2218487394957983
E07000176,Rushcliffe,0,119000,0
E07000176,Rushcliffe,36,119000,0.030252100840336135
E07000176,Rushcliffe,35,119000,0.029411764705882353
E07000176,Rushcliffe,16,119000,0.013445378151260505
E07000176,Rushcliffe,0,119000,0
E07000176,Rushcliffe,0,119000,0
E07000176,Rushcliffe,0,119000,0
E07000176,Rushcliffe,24,119000,0.020168067226890758
E07000176,Rushcliffe,16,119000,0.013445378151260505
E07000176,Rushcliffe,12,119000,0.010084033613445379
E07000176,Rushcliffe,0,119000,0
E07000176,Rushcliffe,0,119000,0
E07000176,Rushcliffe,0,119000,0
E07000176,Rushcliffe,23,119000,0.019327731092436976
E07000176,Rushcliffe,22,119000,0.018487394957983194
E07000176,Rushcliffe,7,119000,0.0058823529411764705
E07000176,Rushcliffe,1,119000,8.403361344537816e-4
E07000176,Rushcliffe,0,119000,0
E07000176,Rushcliffe,0,119000,0
E07000176,Rushcliffe,32,119000,0.02689075630252101
E07000176,Rushcliffe,41,119000,0.034453781512605045
E07000176,Rushcliffe,20,119000,0.01680672268907563
E07000176,Rushcliffe,4,119000,0.0033613445378151263
E07000176,Rushcliffe,1,119000,8.403361344537816e-4
E07000176,Rushcliffe,0,119000,0
E07000176,Rushcliffe,1765,119000,1.4831932773109244
E07000176,Rushcliffe,1314,119000,1.104201680672269
E07000176,Rushcliffe,744,119000,0.6252100840336134
E07000176,Rushcliffe,71,119000,0.05966386554621849
E07000176,Rushcliffe,46,119000,0.03865546218487395
E07000177,Cherwell,0,161000,0
E07000177,Cherwell,0,161000,0
E07000177,Cherwell,0,161000,0
E07000177,Cherwell,0,161000,0
E07000177,Cherwell,0,161000,0
E07000177,Cherwell,0,161000,0
E07000177,Cherwell,0,161000,0
E07000177,Cherwell,48058,161000,29.84968944099379
E07000177,Cherwell,39325,161000,24.425465838509318
E07000177,Cherwell,29018,161000,18.02360248447205
E07000177,Cherwell,4047,161000,2.513664596273292
E07000177,Cherwell,888,161000,0.5515527950310559
E07000177,Cherwell,0,161000,0
E07000177,Cherwell,46,161000,0.02857142857142857
E07000177,Cherwell,84,161000,0.05217391304347826
E07000177,Cherwell,89,161000,0.055279503105590065
E07000177,Cherwell,23,161000,0.014285714285714285
E07000177,Cherwell,33,161000,0.020496894409937887
E07000177,Cherwell,0,161000,0
E07000177,Cherwell,23,161000,0.014285714285714285
E07000177,Cherwell,39,161000,0.02422360248447205
E07000177,Cherwell,42,161000,0.02608695652173913
E07000177,Cherwell,10,161000,0.006211180124223602
E07000177,Cherwell,3,161000,0.0018633540372670807
E07000177,Cherwell,0,161000,0
E07000177,Cherwell,27,161000,0.016770186335403725
E07000177,Cherwell,36,161000,0.02236024844720497
E07000177,Cherwell,45,161000,0.027950310559006212
E07000177,Cherwell,11,161000,0.0068322981366459624
E07000177,Cherwell,5,161000,0.003105590062111801
E07000177,Cherwell,0,161000,0
E07000177,Cherwell,36,161000,0.02236024844720497
E07000177,Cherwell,47,161000,0.029192546583850933
E07000177,Cherwell,42,161000,0.02608695652173913
E07000177,Cherwell,3,161000,0.0018633540372670807
E07000177,Cherwell,1,161000,6.211180124223603e-4
E07000177,Cherwell,0,161000,0
E07000177,Cherwell,2156,161000,1.3391304347826087
E07000177,Cherwell,2124,161000,1.3192546583850933
E07000177,Cherwell,1941,161000,1.2055900621118012
E07000177,Cherwell,351,161000,0.21801242236024845
E07000177,Cherwell,117,161000,0.07267080745341616
E07000178,Oxford,0,162100,0
E07000178,Oxford,0,162100,0
E07000178,Oxford,0,162100,0
E07000178,Oxford,0,162100,0
E07000178,Oxford,0,162100,0
E07000178,Oxford,0,162100,0
E07000178,Oxford,0,162100,0
E07000178,Oxford,28602,162100,17.64466378778532
E07000178,Oxford,31292,162100,19.30413325107958
E07000178,Oxford,34774,162100,21.452190006169033
E07000178,Oxford,7484,162100,4.616903146206045
E07000178,Oxford,3524,162100,2.173966687230105
E07000178,Oxford,0,162100,0
E07000178,Oxford,60,162100,0.03701418877236274
E07000178,Oxford,80,162100,0.049352251696483655
E07000178,Oxford,190,162100,0.11721159777914868
E07000178,Oxford,84,162100,0.05181986428130783
E07000178,Oxford,307,162100,0.189389265885256
E07000178,Oxford,0,162100,0
E07000178,Oxford,34,162100,0.020974706971005553
E07000178,Oxford,32,162100,0.01974090067859346
E07000178,Oxford,57,162100,0.0351634793337446
E07000178,Oxford,19,162100,0.011721159777914868
E07000178,Oxford,49,162100,0.030228254164096236
E07000178,Oxford,0,162100,0
E07000178,Oxford,17,162100,0.010487353485502776
E07000178,Oxford,41,162100,0.025293028994447873
E07000178,Oxford,79,162100,0.048735348550277606
E07000178,Oxford,16,162100,0.00987045033929673
E07000178,Oxford,78,162100,0.048118445404071564
E07000178,Oxford,0,162100,0
E07000178,Oxford,67,162100,0.04133251079580506
E07000178,Oxford,81,162100,0.0499691548426897
E07000178,Oxford,133,162100,0.08204811844540408
E07000178,Oxford,7,162100,0.00431832202344232
E07000178,Oxford,14,162100,0.00863664404688464
E07000178,Oxford,0,162100,0
E07000178,Oxford,1854,162100,1.1437384330660085
E07000178,Oxford,2376,162100,1.4657618753855646
E07000178,Oxford,3034,162100,1.8716841455891424
E07000178,Oxford,849,162100,0.5237507711289328
E07000178,Oxford,1044,162100,0.6440468846391116
E07000179,South Oxfordshire,0,149100,0
E07000179,South Oxfordshire,0,149100,0
E07000179,South Oxfordshire,0,149100,0
E07000179,South Oxfordshire,0,149100,0
E07000179,South Oxfordshire,0,149100,0
E07000179,South Oxfordshire,0,149100,0
E07000179,South Oxfordshire,0,149100,0
E07000179,South Oxfordshire,50705,149100,34.007377598926894
E07000179,South Oxfordshire,37182,149100,24.93762575452716
E07000179,South Oxfordshire,22332,149100,14.977867203219317
E07000179,South Oxfordshire,2622,149100,1.7585513078470825
E07000179,South Oxfordshire,493,149100,0.3306505700871898
E07000179,South Oxfordshire,0,149100,0
E07000179,South Oxfordshire,36,149100,0.02414486921529175
E07000179,South Oxfordshire,39,149100,0.026156941649899398
E07000179,South Oxfordshire,55,149100,0.03688799463447351
E07000179,South Oxfordshire,14,149100,0.009389671361502348
E07000179,South Oxfordshire,5,149100,0.00335345405767941
E07000179,South Oxfordshire,0,149100,0
E07000179,South Oxfordshire,17,149100,0.011401743796109993
E07000179,South Oxfordshire,24,149100,0.01609657947686117
E07000179,South Oxfordshire,25,149100,0.01676727028839705
E07000179,South Oxfordshire,11,149100,0.007377598926894702
E07000179,South Oxfordshire,2,149100,0.0013413816230717639
E07000179,South Oxfordshire,0,149100,0
E07000179,South Oxfordshire,17,149100,0.011401743796109993
E07000179,South Oxfordshire,18,149100,0.012072434607645875
E07000179,South Oxfordshire,32,149100,0.021462105969148222
E07000179,South Oxfordshire,6,149100,0.004024144869215292
E07000179,South Oxfordshire,8,149100,0.0053655264922870555
E07000179,South Oxfordshire,0,149100,0
E07000179,South Oxfordshire,27,149100,0.018108651911468814
E07000179,South Oxfordshire,54,149100,0.03621730382293763
E07000179,South Oxfordshire,31,149100,0.02079141515761234
E07000179,South Oxfordshire,4,149100,0.0026827632461435278
E07000179,South Oxfordshire,0,149100,0
E07000179,South Oxfordshire,0,149100,0
E07000179,South Oxfordshire,2189,149100,1.4681421864520456
E07000179,South Oxfordshire,1787,149100,1.198524480214621
E07000179,South Oxfordshire,1358,149100,0.9107981220657277
E07000179,South Oxfordshire,154,149100,0.10328638497652583
E07000179,South Oxfordshire,47,149100,0.031522468142186455
E07000180,Vale of White Horse,0,138900,0
E07000180,Vale of White Horse,0,138900,0
E07000180,Vale of White Horse,0,138900,0
E07000180,Vale of White Horse,0,138900,0
E07000180,Vale of White Horse,0,138900,0
E07000180,Vale of White Horse,0,138900,0
E07000180,Vale of White Horse,0,138900,0
E07000180,Vale of White Horse,48940,138900,35.23398128149748
E07000180,Vale of White Horse,32426,138900,23.344852411807054
E07000180,Vale of White Horse,20637,138900,14.857451403887689
E07000180,Vale of White Horse,2199,138900,1.5831533477321815
E07000180,Vale of White Horse,301,138900,0.21670266378689704
E07000180,Vale of White Horse,0,138900,0
E07000180,Vale of White Horse,25,138900,0.017998560115190784
E07000180,Vale of White Horse,37,138900,0.02663786897048236
E07000180,Vale of White Horse,51,138900,0.0367170626349892
E07000180,Vale of White Horse,10,138900,0.007199424046076314
E07000180,Vale of White Horse,3,138900,0.0021598272138228943
E07000180,Vale of White Horse,0,138900,0
E07000180,Vale of White Horse,11,138900,0.007919366450683946
E07000180,Vale of White Horse,24,138900,0.017278617710583154
E07000180,Vale of White Horse,21,138900,0.01511879049676026
E07000180,Vale of White Horse,6,138900,0.004319654427645789
E07000180,Vale of White Horse,1,138900,7.199424046076314e-4
E07000180,Vale of White Horse,0,138900,0
E07000180,Vale of White Horse,21,138900,0.01511879049676026
E07000180,Vale of White Horse,26,138900,0.018718502519798418
E07000180,Vale of White Horse,26,138900,0.018718502519798418
E07000180,Vale of White Horse,3,138900,0.0021598272138228943
E07000180,Vale of White Horse,1,138900,7.199424046076314e-4
E07000180,Vale of White Horse,0,138900,0
E07000180,Vale of White Horse,22,138900,0.01583873290136789
E07000180,Vale of White Horse,46,138900,0.03311735061195104
E07000180,Vale of White Horse,38,138900,0.027357811375089993
E07000180,Vale of White Horse,4,138900,0.0028797696184305254
E07000180,Vale of White Horse,0,138900,0
E07000180,Vale of White Horse,0,138900,0
E07000180,Vale of White Horse,2133,138900,1.5356371490280778
E07000180,Vale of White Horse,1628,138900,1.1720662347012238
E07000180,Vale of White Horse,1254,138900,0.9028077753779697
E07000180,Vale of White Horse,178,138900,0.12814974802015838
E07000180,Vale of White Horse,44,138900,0.03167746580273578
E07000181,West Oxfordshire,0,114200,0
E07000181,West Oxfordshire,0,114200,0
E07000181,West Oxfordshire,0,114200,0
E07000181,West Oxfordshire,0,114200,0
E07000181,West Oxfordshire,0,114200,0
E07000181,West Oxfordshire,0,114200,0
E07000181,West Oxfordshire,0,114200,0
E07000181,West Oxfordshire,38591,114200,33.79246935201401
E07000181,West Oxfordshire,29419,114200,25.760945709281962
E07000181,West Oxfordshire,17130,114200,15
E07000181,West Oxfordshire,1954,114200,1.7110332749562172
E07000181,West Oxfordshire,227,114200,0.1987740805604203
E07000181,West Oxfordshire,0,114200,0
E07000181,West Oxfordshire,22,114200,0.01926444833625219
E07000181,West Oxfordshire,28,114200,0.024518388791593695
E07000181,West Oxfordshire,41,114200,0.03590192644483362
E07000181,West Oxfordshire,9,114200,0.00788091068301226
E07000181,West Oxfordshire,0,114200,0
E07000181,West Oxfordshire,0,114200,0
E07000181,West Oxfordshire,22,114200,0.01926444833625219
E07000181,West Oxfordshire,19,114200,0.016637478108581436
E07000181,West Oxfordshire,21,114200,0.01838879159369527
E07000181,West Oxfordshire,3,114200,0.002626970227670753
E07000181,West Oxfordshire,3,114200,0.002626970227670753
E07000181,West Oxfordshire,0,114200,0
E07000181,West Oxfordshire,19,114200,0.016637478108581436
E07000181,West Oxfordshire,14,114200,0.012259194395796848
E07000181,West Oxfordshire,15,114200,0.013134851138353765
E07000181,West Oxfordshire,2,114200,0.0017513134851138354
E07000181,West Oxfordshire,1,114200,8.756567425569177e-4
E07000181,West Oxfordshire,0,114200,0
E07000181,West Oxfordshire,15,114200,0.013134851138353765
E07000181,West Oxfordshire,23,114200,0.020140105078809107
E07000181,West Oxfordshire,15,114200,0.013134851138353765
E07000181,West Oxfordshire,3,114200,0.002626970227670753
E07000181,West Oxfordshire,0,114200,0
E07000181,West Oxfordshire,0,114200,0
E07000181,West Oxfordshire,1505,114200,1.317863397548161
E07000181,West Oxfordshire,1387,114200,1.2145359019264448
E07000181,West Oxfordshire,900,114200,0.7880910683012259
E07000181,West Oxfordshire,116,114200,0.10157618213660245
E07000181,West Oxfordshire,23,114200,0.020140105078809107
E07000187,Mendip,0,116100,0
E07000187,Mendip,0,116100,0
E07000187,Mendip,0,116100,0
E07000187,Mendip,0,116100,0
E07000187,Mendip,0,116100,0
E07000187,Mendip,0,116100,0
E07000187,Mendip,0,116100,0
E07000187,Mendip,39165,116100,33.73385012919896
E07000187,Mendip,29013,116100,24.989664082687337
E07000187,Mendip,18174,116100,15.65374677002584
E07000187,Mendip,2180,116100,1.8776916451335055
E07000187,Mendip,355,116100,0.305770887166236
E07000187,Mendip,0,116100,0
E07000187,Mendip,27,116100,0.023255813953488372
E07000187,Mendip,38,116100,0.03273040482342808
E07000187,Mendip,40,116100,0.034453057708871665
E07000187,Mendip,3,116100,0.002583979328165375
E07000187,Mendip,3,116100,0.002583979328165375
E07000187,Mendip,0,116100,0
E07000187,Mendip,18,116100,0.015503875968992248
E07000187,Mendip,27,116100,0.023255813953488372
E07000187,Mendip,20,116100,0.017226528854435832
E07000187,Mendip,1,116100,8.613264427217916e-4
E07000187,Mendip,0,116100,0
E07000187,Mendip,0,116100,0
E07000187,Mendip,11,116100,0.009474590869939707
E07000187,Mendip,24,116100,0.020671834625323
E07000187,Mendip,23,116100,0.019810508182601206
E07000187,Mendip,4,116100,0.0034453057708871662
E07000187,Mendip,0,116100,0
E07000187,Mendip,0,116100,0
E07000187,Mendip,10,116100,0.008613264427217916
E07000187,Mendip,30,116100,0.025839793281653745
E07000187,Mendip,21,116100,0.01808785529715762
E07000187,Mendip,3,116100,0.002583979328165375
E07000187,Mendip,0,116100,0
E07000187,Mendip,0,116100,0
E07000187,Mendip,1866,116100,1.607235142118863
E07000187,Mendip,1706,116100,1.4694229112833763
E07000187,Mendip,1399,116100,1.2049956933677863
E07000187,Mendip,187,116100,0.16106804478897502
E07000187,Mendip,32,116100,0.02756244616709733
E07000188,Sedgemoor,0,125400,0
E07000188,Sedgemoor,0,125400,0
E07000188,Sedgemoor,0,125400,0
E07000188,Sedgemoor,0,125400,0
E07000188,Sedgemoor,0,125400,0
E07000188,Sedgemoor,0,125400,0
E07000188,Sedgemoor,0,125400,0
E07000188,Sedgemoor,40667,125400,32.42982456140351
E07000188,Sedgemoor,32190,125400,25.669856459330145
E07000188,Sedgemoor,20457,125400,16.3133971291866
E07000188,Sedgemoor,2658,125400,2.1196172248803826
E07000188,Sedgemoor,656,125400,0.5231259968102073
E07000188,Sedgemoor,0,125400,0
E07000188,Sedgemoor,38,125400,0.030303030303030304
E07000188,Sedgemoor,64,125400,0.051036682615629984
E07000188,Sedgemoor,68,125400,0.05422647527910686
E07000188,Sedgemoor,24,125400,0.019138755980861243
E07000188,Sedgemoor,44,125400,0.03508771929824561
E07000188,Sedgemoor,0,125400,0
E07000188,Sedgemoor,19,125400,0.015151515151515152
E07000188,Sedgemoor,23,125400,0.018341307814992026
E07000188,Sedgemoor,30,125400,0.023923444976076555
E07000188,Sedgemoor,3,125400,0.0023923444976076554
E07000188,Sedgemoor,1,125400,7.974481658692185e-4
E07000188,Sedgemoor,0,125400,0
E07000188,Sedgemoor,22,125400,0.017543859649122806
E07000188,Sedgemoor,27,125400,0.0215311004784689
E07000188,Sedgemoor,33,125400,0.02631578947368421
E07000188,Sedgemoor,7,125400,0.0055821371610845294
E07000188,Sedgemoor,2,125400,0.001594896331738437
E07000188,Sedgemoor,0,125400,0
E07000188,Sedgemoor,21,125400,0.01674641148325359
E07000188,Sedgemoor,25,125400,0.019936204146730464
E07000188,Sedgemoor,22,125400,0.017543859649122806
E07000188,Sedgemoor,6,125400,0.004784688995215311
E07000188,Sedgemoor,0,125400,0
E07000188,Sedgemoor,0,125400,0
E07000188,Sedgemoor,1889,125400,1.5063795853269537
E07000188,Sedgemoor,1829,125400,1.4585326953748006
E07000188,Sedgemoor,1375,125400,1.0964912280701755
E07000188,Sedgemoor,242,125400,0.19298245614035087
E07000188,Sedgemoor,38,125400,0.030303030303030304
E07000189,South Somerset,0,172700,0
E07000189,South Somerset,0,172700,0
E07000189,South Somerset,0,172700,0
E07000189,South Somerset,0,172700,0
E07000189,South Somerset,0,172700,0
E07000189,South Somerset,0,172700,0
E07000189,South Somerset,0,172700,0
E07000189,South Somerset,57341,172700,33.202663578459756
E07000189,South Somerset,44407,172700,25.713375796178344
E07000189,South Somerset,27672,172700,16.02316155182397
E07000189,South Somerset,3218,172700,1.863346844238564
E07000189,South Somerset,447,172700,0.2588303416328894
E07000189,South Somerset,0,172700,0
E07000189,South Somerset,39,172700,0.0225825130283729
E07000189,South Somerset,52,172700,0.030110017371163866
E07000189,South Somerset,61,172700,0.03532136653155762
E07000189,South Somerset,13,172700,0.007527504342790967
E07000189,South Somerset,0,172700,0
E07000189,South Somerset,0,172700,0
E07000189,South Somerset,15,172700,0.008685581933989578
E07000189,South Somerset,26,172700,0.015055008685581933
E07000189,South Somerset,27,172700,0.01563404748118124
E07000189,South Somerset,6,172700,0.003474232773595831
E07000189,South Somerset,0,172700,0
E07000189,South Somerset,0,172700,0
E07000189,South Somerset,22,172700,0.012738853503184714
E07000189,South Somerset,24,172700,0.013896931094383324
E07000189,South Somerset,31,172700,0.01795020266357846
E07000189,South Somerset,2,172700,0.0011580775911986102
E07000189,South Somerset,0,172700,0
E07000189,South Somerset,0,172700,0
E07000189,South Somerset,18,172700,0.010422698320787493
E07000189,South Somerset,36,172700,0.020845396641574986
E07000189,South Somerset,34,172700,0.019687319050376375
E07000189,South Somerset,12,172700,0.006948465547191662
E07000189,South Somerset,0,172700,0
E07000189,South Somerset,0,172700,0
E07000189,South Somerset,3002,172700,1.7382744643891141
E07000189,South Somerset,2679,172700,1.5512449334105385
E07000189,South Somerset,1912,172700,1.1071221771858715
E07000189,South Somerset,273,172700,0.1580775911986103
E07000189,South Somerset,66,172700,0.03821656050955414
E07000192,Cannock Chase,0,100500,0
E07000192,Cannock Chase,0,100500,0
E07000192,Cannock Chase,0,100500,0
E07000192,Cannock Chase,0,100500,0
E07000192,Cannock Chase,0,100500,0
E07000192,Cannock Chase,0,100500,0
E07000192,Cannock Chase,0,100500,0
E07000192,Cannock Chase,28436,100500,28.29452736318408
E07000192,Cannock Chase,27953,100500,27.813930348258708
E07000192,Cannock Chase,19291,100500,19.19502487562189
E07000192,Cannock Chase,2289,100500,2.2776119402985073
E07000192,Cannock Chase,334,100500,0.33233830845771145
E07000192,Cannock Chase,0,100500,0
E07000192,Cannock Chase,16,100500,0.015920398009950248
E07000192,Cannock Chase,41,100500,0.04079601990049751
E07000192,Cannock Chase,43,100500,0.042786069651741296
E07000192,Cannock Chase,4,100500,0.003980099502487562
E07000192,Cannock Chase,5,100500,0.004975124378109453
E07000192,Cannock Chase,0,100500,0
E07000192,Cannock Chase,11,100500,0.010945273631840797
E07000192,Cannock Chase,22,100500,0.021890547263681594
E07000192,Cannock Chase,20,100500,0.01990049751243781
E07000192,Cannock Chase,4,100500,0.003980099502487562
E07000192,Cannock Chase,0,100500,0
E07000192,Cannock Chase,0,100500,0
E07000192,Cannock Chase,8,100500,0.007960199004975124
E07000192,Cannock Chase,18,100500,0.01791044776119403
E07000192,Cannock Chase,21,100500,0.020895522388059702
E07000192,Cannock Chase,4,100500,0.003980099502487562
E07000192,Cannock Chase,1,100500,9.950248756218905e-4
E07000192,Cannock Chase,0,100500,0
E07000192,Cannock Chase,10,100500,0.009950248756218905
E07000192,Cannock Chase,21,100500,0.020895522388059702
E07000192,Cannock Chase,17,100500,0.01691542288557214
E07000192,Cannock Chase,1,100500,9.950248756218905e-4
E07000192,Cannock Chase,2,100500,0.001990049751243781
E07000192,Cannock Chase,0,100500,0
E07000192,Cannock Chase,1062,100500,1.0567164179104478
E07000192,Cannock Chase,1232,100500,1.225870646766169
E07000192,Cannock Chase,997,100500,0.9920398009950249
E07000192,Cannock Chase,109,100500,0.10845771144278607
E07000192,Cannock Chase,18,100500,0.01791044776119403
E07000193,East Staffordshire,0,124000,0
E07000193,East Staffordshire,0,124000,0
E07000193,East Staffordshire,0,124000,0
E07000193,East Staffordshire,0,124000,0
E07000193,East Staffordshire,0,124000,0
E07000193,East Staffordshire,0,124000,0
E07000193,East Staffordshire,0,124000,0
E07000193,East Staffordshire,36479,124000,29.418548387096774
E07000193,East Staffordshire,30607,124000,24.683064516129033
E07000193,East Staffordshire,20739,124000,16.725
E07000193,East Staffordshire,3527,124000,2.8443548387096773
E07000193,East Staffordshire,1022,124000,0.8241935483870968
E07000193,East Staffordshire,0,124000,0
E07000193,East Staffordshire,44,124000,0.035483870967741936
E07000193,East Staffordshire,74,124000,0.05967741935483871
E07000193,East Staffordshire,87,124000,0.07016129032258064
E07000193,East Staffordshire,20,124000,0.016129032258064516
E07000193,East Staffordshire,12,124000,0.00967741935483871
E07000193,East Staffordshire,0,124000,0
E07000193,East Staffordshire,24,124000,0.01935483870967742
E07000193,East Staffordshire,24,124000,0.01935483870967742
E07000193,East Staffordshire,30,124000,0.024193548387096774
E07000193,East Staffordshire,9,124000,0.007258064516129033
E07000193,East Staffordshire,4,124000,0.0032258064516129032
E07000193,East Staffordshire,0,124000,0
E07000193,East Staffordshire,24,124000,0.01935483870967742
E07000193,East Staffordshire,32,124000,0.025806451612903226
E07000193,East Staffordshire,32,124000,0.025806451612903226
E07000193,East Staffordshire,4,124000,0.0032258064516129032
E07000193,East Staffordshire,4,124000,0.0032258064516129032
E07000193,East Staffordshire,0,124000,0
E07000193,East Staffordshire,17,124000,0.013709677419354839
E07000193,East Staffordshire,15,124000,0.012096774193548387
E07000193,East Staffordshire,17,124000,0.013709677419354839
E07000193,East Staffordshire,4,124000,0.0032258064516129032
E07000193,East Staffordshire,0,124000,0
E07000193,East Staffordshire,0,124000,0
E07000193,East Staffordshire,1690,124000,1.3629032258064515
E07000193,East Staffordshire,1857,124000,1.4975806451612903
E07000193,East Staffordshire,1659,124000,1.3379032258064516
E07000193,East Staffordshire,423,124000,0.3411290322580645
E07000193,East Staffordshire,123,124000,0.09919354838709678
E07000194,Lichfield,0,106400,0
E07000194,Lichfield,0,106400,0
E07000194,Lichfield,0,106400,0
E07000194,Lichfield,0,106400,0
E07000194,Lichfield,0,106400,0
E07000194,Lichfield,0,106400,0
E07000194,Lichfield,0,106400,0
E07000194,Lichfield,38952,106400,36.609022556390975
E07000194,Lichfield,27462,106400,25.81015037593985
E07000194,Lichfield,15131,106400,14.220864661654135
E07000194,Lichfield,1610,106400,1.513157894736842
E07000194,Lichfield,293,106400,0.27537593984962405
E07000194,Lichfield,0,106400,0
E07000194,Lichfield,23,106400,0.021616541353383457
E07000194,Lichfield,36,106400,0.03383458646616541
E07000194,Lichfield,36,106400,0.03383458646616541
E07000194,Lichfield,5,106400,0.004699248120300752
E07000194,Lichfield,0,106400,0
E07000194,Lichfield,0,106400,0
E07000194,Lichfield,9,106400,0.008458646616541353
E07000194,Lichfield,16,106400,0.015037593984962405
E07000194,Lichfield,14,106400,0.013157894736842105
E07000194,Lichfield,1,106400,9.398496240601503e-4
E07000194,Lichfield,0,106400,0
E07000194,Lichfield,0,106400,0
E07000194,Lichfield,13,106400,0.012218045112781954
E07000194,Lichfield,19,106400,0.017857142857142856
E07000194,Lichfield,10,106400,0.009398496240601503
E07000194,Lichfield,1,106400,9.398496240601503e-4
E07000194,Lichfield,0,106400,0
E07000194,Lichfield,0,106400,0
E07000194,Lichfield,8,106400,0.007518796992481203
E07000194,Lichfield,11,106400,0.010338345864661654
E07000194,Lichfield,13,106400,0.012218045112781954
E07000194,Lichfield,1,106400,9.398496240601503e-4
E07000194,Lichfield,0,106400,0
E07000194,Lichfield,0,106400,0
E07000194,Lichfield,1437,106400,1.3505639097744362
E07000194,Lichfield,1203,106400,1.130639097744361
E07000194,Lichfield,803,106400,0.7546992481203008
E07000194,Lichfield,94,106400,0.08834586466165413
E07000194,Lichfield,9,106400,0.008458646616541353
E07000195,Newcastle-under-Lyme,0,123300,0
E07000195,Newcastle-under-Lyme,0,123300,0
E07000195,Newcastle-under-Lyme,0,123300,0
E07000195,Newcastle-under-Lyme,0,123300,0
E07000195,Newcastle-under-Lyme,0,123300,0
E07000195,Newcastle-under-Lyme,0,123300,0
E07000195,Newcastle-under-Lyme,0,123300,0
E07000195,Newcastle-under-Lyme,34688,123300,28.133008921330088
E07000195,Newcastle-under-Lyme,34620,123300,28.07785888077859
E07000195,Newcastle-under-Lyme,22138,123300,17.954582319545825
E07000195,Newcastle-under-Lyme,2656,123300,2.154095701540957
E07000195,Newcastle-under-Lyme,438,123300,0.35523114355231145
E07000195,Newcastle-under-Lyme,0,123300,0
E07000195,Newcastle-under-Lyme,38,123300,0.030819140308191405
E07000195,Newcastle-under-Lyme,41,123300,0.0332522303325223
E07000195,Newcastle-under-Lyme,56,123300,0.0454176804541768
E07000195,Newcastle-under-Lyme,10,123300,0.008110300081103
E07000195,Newcastle-under-Lyme,6,123300,0.004866180048661801
E07000195,Newcastle-under-Lyme,0,123300,0
E07000195,Newcastle-under-Lyme,14,123300,0.0113544201135442
E07000195,Newcastle-under-Lyme,32,123300,0.025952960259529603
E07000195,Newcastle-under-Lyme,22,123300,0.017842660178426603
E07000195,Newcastle-under-Lyme,3,123300,0.0024330900243309003
E07000195,Newcastle-under-Lyme,0,123300,0
E07000195,Newcastle-under-Lyme,0,123300,0
E07000195,Newcastle-under-Lyme,24,123300,0.019464720194647202
E07000195,Newcastle-under-Lyme,34,123300,0.027575020275750203
E07000195,Newcastle-under-Lyme,31,123300,0.025141930251419302
E07000195,Newcastle-under-Lyme,3,123300,0.0024330900243309003
E07000195,Newcastle-under-Lyme,1,123300,8.110300081103001e-4
E07000195,Newcastle-under-Lyme,0,123300,0
E07000195,Newcastle-under-Lyme,14,123300,0.0113544201135442
E07000195,Newcastle-under-Lyme,50,123300,0.040551500405515
E07000195,Newcastle-under-Lyme,42,123300,0.0340632603406326
E07000195,Newcastle-under-Lyme,4,123300,0.0032441200324412004
E07000195,Newcastle-under-Lyme,0,123300,0
E07000195,Newcastle-under-Lyme,0,123300,0
E07000195,Newcastle-under-Lyme,1675,123300,1.3584752635847526
E07000195,Newcastle-under-Lyme,1867,123300,1.5141930251419302
E07000195,Newcastle-under-Lyme,1272,123300,1.0316301703163018
E07000195,Newcastle-under-Lyme,162,123300,0.13138686131386862
E07000195,Newcastle-under-Lyme,36,123300,0.029197080291970802
E07000196,South Staffordshire,0,110500,0
E07000196,South Staffordshire,0,110500,0
E07000196,South Staffordshire,0,110500,0
E07000196,South Staffordshire,0,110500,0
E07000196,South Staffordshire,0,110500,0
E07000196,South Staffordshire,0,110500,0
E07000196,South Staffordshire,0,110500,0
E07000196,South Staffordshire,38328,110500,34.68597285067873
E07000196,South Staffordshire,29837,110500,27.00180995475113
E07000196,South Staffordshire,15580,110500,14.099547511312217
E07000196,South Staffordshire,1722,110500,1.558371040723982
E07000196,South Staffordshire,248,110500,0.2244343891402715
E07000196,South Staffordshire,0,110500,0
E07000196,South Staffordshire,27,110500,0.024434389140271493
E07000196,South Staffordshire,25,110500,0.02262443438914027
E07000196,South Staffordshire,27,110500,0.024434389140271493
E07000196,South Staffordshire,3,110500,0.0027149321266968325
E07000196,South Staffordshire,1,110500,9.049773755656109e-4
E07000196,South Staffordshire,0,110500,0
E07000196,South Staffordshire,10,110500,0.00904977375565611
E07000196,South Staffordshire,9,110500,0.008144796380090498
E07000196,South Staffordshire,18,110500,0.016289592760180997
E07000196,South Staffordshire,0,110500,0
E07000196,South Staffordshire,0,110500,0
E07000196,South Staffordshire,0,110500,0
E07000196,South Staffordshire,16,110500,0.014479638009049774
E07000196,South Staffordshire,7,110500,0.006334841628959276
E07000196,South Staffordshire,14,110500,0.012669683257918552
E07000196,South Staffordshire,0,110500,0
E07000196,South Staffordshire,0,110500,0
E07000196,South Staffordshire,0,110500,0
E07000196,South Staffordshire,3,110500,0.0027149321266968325
E07000196,South Staffordshire,18,110500,0.016289592760180997
E07000196,South Staffordshire,8,110500,0.007239819004524887
E07000196,South Staffordshire,0,110500,0
E07000196,South Staffordshire,0,110500,0
E07000196,South Staffordshire,0,110500,0
E07000196,South Staffordshire,1440,110500,1.3031674208144797
E07000196,South Staffordshire,1318,110500,1.192760180995475
E07000196,South Staffordshire,761,110500,0.6886877828054299
E07000196,South Staffordshire,115,110500,0.10407239819004525
E07000196,South Staffordshire,28,110500,0.025339366515837104
E07000197,Stafford,0,136800,0
E07000197,Stafford,0,136800,0
E07000197,Stafford,0,136800,0
E07000197,Stafford,0,136800,0
E07000197,Stafford,0,136800,0
E07000197,Stafford,0,136800,0
E07000197,Stafford,0,136800,0
E07000197,Stafford,49279,136800,36.02266081871345
E07000197,Stafford,35073,136800,25.638157894736842
E07000197,Stafford,19445,136800,14.214181286549708
E07000197,Stafford,1871,136800,1.3676900584795322
E07000197,Stafford,343,136800,0.2507309941520468
E07000197,Stafford,0,136800,0
E07000197,Stafford,31,136800,0.02266081871345029
E07000197,Stafford,38,136800,0.027777777777777776
E07000197,Stafford,38,136800,0.027777777777777776
E07000197,Stafford,11,136800,0.00804093567251462
E07000197,Stafford,0,136800,0
E07000197,Stafford,0,136800,0
E07000197,Stafford,20,136800,0.014619883040935672
E07000197,Stafford,29,136800,0.021198830409356724
E07000197,Stafford,22,136800,0.01608187134502924
E07000197,Stafford,1,136800,7.309941520467836e-4
E07000197,Stafford,0,136800,0
E07000197,Stafford,0,136800,0
E07000197,Stafford,15,136800,0.010964912280701754
E07000197,Stafford,27,136800,0.019736842105263157
E07000197,Stafford,21,136800,0.015350877192982455
E07000197,Stafford,2,136800,0.0014619883040935672
E07000197,Stafford,0,136800,0
E07000197,Stafford,0,136800,0
E07000197,Stafford,34,136800,0.024853801169590642
E07000197,Stafford,36,136800,0.02631578947368421
E07000197,Stafford,28,136800,0.02046783625730994
E07000197,Stafford,0,136800,0
E07000197,Stafford,0,136800,0
E07000197,Stafford,0,136800,0
E07000197,Stafford,2063,136800,1.5080409356725146
E07000197,Stafford,1754,136800,1.2821637426900585
E07000197,Stafford,1054,136800,0.77046783625731
E07000197,Stafford,155,136800,0.11330409356725146
E07000197,Stafford,31,136800,0.02266081871345029
E07000198,Staffordshire Moorlands,0,95800,0
E07000198,Staffordshire Moorlands,0,95800,0
E07000198,Staffordshire Moorlands,0,95800,0
E07000198,Staffordshire Moorlands,0,95800,0
E07000198,Staffordshire Moorlands,0,95800,0
E07000198,Staffordshire Moorlands,0,95800,0
E07000198,Staffordshire Moorlands,0,95800,0
E07000198,Staffordshire Moorlands,31802,95800,33.19624217118998
E07000198,Staffordshire Moorlands,28221,95800,29.458246346555324
E07000198,Staffordshire Moorlands,14228,95800,14.851774530271399
E07000198,Staffordshire Moorlands,1492,95800,1.55741127348643
E07000198,Staffordshire Moorlands,316,95800,0.3298538622129436
E07000198,Staffordshire Moorlands,0,95800,0
E07000198,Staffordshire Moorlands,25,95800,0.026096033402922755
E07000198,Staffordshire Moorlands,21,95800,0.021920668058455117
E07000198,Staffordshire Moorlands,17,95800,0.017745302713987474
E07000198,Staffordshire Moorlands,1,95800,0.0010438413361169101
E07000198,Staffordshire Moorlands,1,95800,0.0010438413361169101
E07000198,Staffordshire Moorlands,0,95800,0
E07000198,Staffordshire Moorlands,15,95800,0.015657620041753653
E07000198,Staffordshire Moorlands,15,95800,0.015657620041753653
E07000198,Staffordshire Moorlands,15,95800,0.015657620041753653
E07000198,Staffordshire Moorlands,0,95800,0
E07000198,Staffordshire Moorlands,1,95800,0.0010438413361169101
E07000198,Staffordshire Moorlands,0,95800,0
E07000198,Staffordshire Moorlands,6,95800,0.006263048016701462
E07000198,Staffordshire Moorlands,15,95800,0.015657620041753653
E07000198,Staffordshire Moorlands,8,95800,0.008350730688935281
E07000198,Staffordshire Moorlands,2,95800,0.0020876826722338203
E07000198,Staffordshire Moorlands,0,95800,0
E07000198,Staffordshire Moorlands,0,95800,0
E07000198,Staffordshire Moorlands,10,95800,0.010438413361169102
E07000198,Staffordshire Moorlands,15,95800,0.015657620041753653
E07000198,Staffordshire Moorlands,10,95800,0.010438413361169102
E07000198,Staffordshire Moorlands,1,95800,0.0010438413361169101
E07000198,Staffordshire Moorlands,1,95800,0.0010438413361169101
E07000198,Staffordshire Moorlands,0,95800,0
E07000198,Staffordshire Moorlands,1432,95800,1.4947807933194155
E07000198,Staffordshire Moorlands,1409,95800,1.4707724425887265
E07000198,Staffordshire Moorlands,770,95800,0.8037578288100209
E07000198,Staffordshire Moorlands,117,95800,0.12212943632567849
E07000198,Staffordshire Moorlands,16,95800,0.016701461377870562
E07000199,Tamworth,0,78600,0
E07000199,Tamworth,0,78600,0
E07000199,Tamworth,0,78600,0
E07000199,Tamworth,0,78600,0
E07000199,Tamworth,0,78600,0
E07000199,Tamworth,0,78600,0
E07000199,Tamworth,0,78600,0
E07000199,Tamworth,22810,78600,29.020356234096692
E07000199,Tamworth,20717,78600,26.357506361323153
E07000199,Tamworth,14658,78600,18.64885496183206
E07000199,Tamworth,1909,78600,2.4287531806615776
E07000199,Tamworth,320,78600,0.4071246819338422
E07000199,Tamworth,0,78600,0
E07000199,Tamworth,15,78600,0.019083969465648856
E07000199,Tamworth,21,78600,0.026717557251908396
E07000199,Tamworth,41,78600,0.05216284987277354
E07000199,Tamworth,8,78600,0.010178117048346057
E07000199,Tamworth,0,78600,0
E07000199,Tamworth,0,78600,0
E07000199,Tamworth,6,78600,0.007633587786259542
E07000199,Tamworth,10,78600,0.01272264631043257
E07000199,Tamworth,16,78600,0.020356234096692113
E07000199,Tamworth,3,78600,0.003816793893129771
E07000199,Tamworth,0,78600,0
E07000199,Tamworth,0,78600,0
E07000199,Tamworth,8,78600,0.010178117048346057
E07000199,Tamworth,12,78600,0.015267175572519083
E07000199,Tamworth,12,78600,0.015267175572519083
E07000199,Tamworth,3,78600,0.003816793893129771
E07000199,Tamworth,0,78600,0
E07000199,Tamworth,0,78600,0
E07000199,Tamworth,7,78600,0.008905852417302799
E07000199,Tamworth,10,78600,0.01272264631043257
E07000199,Tamworth,9,78600,0.011450381679389313
E07000199,Tamworth,4,78600,0.005089058524173028
E07000199,Tamworth,0,78600,0
E07000199,Tamworth,0,78600,0
E07000199,Tamworth,976,78600,1.2417302798982188
E07000199,Tamworth,909,78600,1.1564885496183206
E07000199,Tamworth,818,78600,1.0407124681933841
E07000199,Tamworth,138,78600,0.17557251908396945
E07000199,Tamworth,25,78600,0.031806615776081425
E07000200,Babergh,0,92300,0
E07000200,Babergh,0,92300,0
E07000200,Babergh,0,92300,0
E07000200,Babergh,0,92300,0
E07000200,Babergh,0,92300,0
E07000200,Babergh,0,92300,0
E07000200,Babergh,0,92300,0
E07000200,Babergh,33149,92300,35.91440953412784
E07000200,Babergh,24215,92300,26.23510292524377
E07000200,Babergh,13461,92300,14.583965330444205
E07000200,Babergh,1499,92300,1.6240520043336946
E07000200,Babergh,210,92300,0.2275189599133261
E07000200,Babergh,0,92300,0
E07000200,Babergh,18,92300,0.01950162513542795
E07000200,Babergh,19,92300,0.020585048754062838
E07000200,Babergh,24,92300,0.02600216684723727
E07000200,Babergh,2,92300,0.0021668472372697724
E07000200,Babergh,1,92300,0.0010834236186348862
E07000200,Babergh,0,92300,0
E07000200,Babergh,14,92300,0.015167930660888408
E07000200,Babergh,11,92300,0.011917659804983749
E07000200,Babergh,8,92300,0.00866738894907909
E07000200,Babergh,0,92300,0
E07000200,Babergh,0,92300,0
E07000200,Babergh,0,92300,0
E07000200,Babergh,16,92300,0.01733477789815818
E07000200,Babergh,18,92300,0.01950162513542795
E07000200,Babergh,14,92300,0.015167930660888408
E07000200,Babergh,2,92300,0.0021668472372697724
E07000200,Babergh,0,92300,0
E07000200,Babergh,0,92300,0
E07000200,Babergh,13,92300,0.014084507042253521
E07000200,Babergh,16,92300,0.01733477789815818
E07000200,Babergh,18,92300,0.01950162513542795
E07000200,Babergh,3,92300,0.0032502708559046588
E07000200,Babergh,0,92300,0
E07000200,Babergh,0,92300,0
E07000200,Babergh,1529,92300,1.6565547128927411
E07000200,Babergh,1294,92300,1.4019501625135429
E07000200,Babergh,771,92300,0.8353196099674973
E07000200,Babergh,80,92300,0.0866738894907909
E07000200,Babergh,16,92300,0.01733477789815818
E07000202,Ipswich,0,139700,0
E07000202,Ipswich,0,139700,0
E07000202,Ipswich,0,139700,0
E07000202,Ipswich,0,139700,0
E07000202,Ipswich,0,139700,0
E07000202,Ipswich,0,139700,0
E07000202,Ipswich,0,139700,0
E07000202,Ipswich,31471,139700,22.52755905511811
E07000202,Ipswich,34558,139700,24.737294201861133
E07000202,Ipswich,30306,139700,21.693629205440228
E07000202,Ipswich,5313,139700,3.8031496062992125
E07000202,Ipswich,1096,139700,0.7845382963493199
E07000202,Ipswich,0,139700,0
E07000202,Ipswich,39,139700,0.02791696492483894
E07000202,Ipswich,97,139700,0.06943450250536864
E07000202,Ipswich,194,139700,0.1388690050107373
E07000202,Ipswich,68,139700,0.048675733715103794
E07000202,Ipswich,21,139700,0.015032211882605583
E07000202,Ipswich,0,139700,0
E07000202,Ipswich,19,139700,0.013600572655690766
E07000202,Ipswich,30,139700,0.021474588403722263
E07000202,Ipswich,68,139700,0.048675733715103794
E07000202,Ipswich,18,139700,0.012884753042233358
E07000202,Ipswich,3,139700,0.0021474588403722263
E07000202,Ipswich,0,139700,0
E07000202,Ipswich,23,139700,0.0164638511095204
E07000202,Ipswich,39,139700,0.02791696492483894
E07000202,Ipswich,53,139700,0.03793843951324266
E07000202,Ipswich,26,139700,0.018611309949892626
E07000202,Ipswich,9,139700,0.006442376521116679
E07000202,Ipswich,0,139700,0
E07000202,Ipswich,18,139700,0.012884753042233358
E07000202,Ipswich,39,139700,0.02791696492483894
E07000202,Ipswich,52,139700,0.03722261989978525
E07000202,Ipswich,11,139700,0.007874015748031496
E07000202,Ipswich,8,139700,0.00572655690765927
E07000202,Ipswich,0,139700,0
E07000202,Ipswich,1754,139700,1.2555476020042948
E07000202,Ipswich,1934,139700,1.3843951324266286
E07000202,Ipswich,2253,139700,1.6127415891195418
E07000202,Ipswich,523,139700,0.3743736578382248
E07000202,Ipswich,170,139700,0.12168933428775948
E07000203,Mid Suffolk,0,102700,0
E07000203,Mid Suffolk,0,102700,0
E07000203,Mid Suffolk,0,102700,0
E07000203,Mid Suffolk,0,102700,0
E07000203,Mid Suffolk,0,102700,0
E07000203,Mid Suffolk,0,102700,0
E07000203,Mid Suffolk,0,102700,0
E07000203,Mid Suffolk,38262,102700,37.25608568646543
E07000203,Mid Suffolk,27071,102700,26.35929892891918
E07000203,Mid Suffolk,13964,102700,13.596884128529698
E07000203,Mid Suffolk,1647,102700,1.6037000973709834
E07000203,Mid Suffolk,193,102700,0.18792599805258034
E07000203,Mid Suffolk,0,102700,0
E07000203,Mid Suffolk,19,102700,0.018500486854917234
E07000203,Mid Suffolk,26,102700,0.02531645569620253
E07000203,Mid Suffolk,13,102700,0.012658227848101266
E07000203,Mid Suffolk,0,102700,0
E07000203,Mid Suffolk,2,102700,0.0019474196689386564
E07000203,Mid Suffolk,0,102700,0
E07000203,Mid Suffolk,8,102700,0.007789678675754625
E07000203,Mid Suffolk,16,102700,0.01557935735150925
E07000203,Mid Suffolk,11,102700,0.010710808179162609
E07000203,Mid Suffolk,2,102700,0.0019474196689386564
E07000203,Mid Suffolk,0,102700,0
E07000203,Mid Suffolk,0,102700,0
E07000203,Mid Suffolk,9,102700,0.008763388510223954
E07000203,Mid Suffolk,11,102700,0.010710808179162609
E07000203,Mid Suffolk,14,102700,0.013631937682570594
E07000203,Mid Suffolk,1,102700,9.737098344693282e-4
E07000203,Mid Suffolk,0,102700,0
E07000203,Mid Suffolk,0,102700,0
E07000203,Mid Suffolk,14,102700,0.013631937682570594
E07000203,Mid Suffolk,20,102700,0.019474196689386564
E07000203,Mid Suffolk,16,102700,0.01557935735150925
E07000203,Mid Suffolk,1,102700,9.737098344693282e-4
E07000203,Mid Suffolk,2,102700,0.0019474196689386564
E07000203,Mid Suffolk,0,102700,0
E07000203,Mid Suffolk,1605,102700,1.5628042843232717
E07000203,Mid Suffolk,1326,102700,1.2911392405063291
E07000203,Mid Suffolk,719,102700,0.7000973709834469
E07000203,Mid Suffolk,116,102700,0.11295034079844206
E07000203,Mid Suffolk,29,102700,0.028237585199610515
E07000207,Elmbridge,0,138800,0
E07000207,Elmbridge,0,138800,0
E07000207,Elmbridge,0,138800,0
E07000207,Elmbridge,0,138800,0
E07000207,Elmbridge,0,138800,0
E07000207,Elmbridge,0,138800,0
E07000207,Elmbridge,0,138800,0
E07000207,Elmbridge,48013,138800,34.59149855907781
E07000207,Elmbridge,29342,138800,21.139769452449567
E07000207,Elmbridge,20779,138800,14.970461095100864
E07000207,Elmbridge,3143,138800,2.2644092219020173
E07000207,Elmbridge,496,138800,0.3573487031700288
E07000207,Elmbridge,0,138800,0
E07000207,Elmbridge,36,138800,0.025936599423631124
E07000207,Elmbridge,29,138800,0.02089337175792507
E07000207,Elmbridge,60,138800,0.043227665706051875
E07000207,Elmbridge,19,138800,0.013688760806916427
E07000207,Elmbridge,0,138800,0
E07000207,Elmbridge,0,138800,0
E07000207,Elmbridge,30,138800,0.021613832853025938
E07000207,Elmbridge,23,138800,0.016570605187319884
E07000207,Elmbridge,22,138800,0.01585014409221902
E07000207,Elmbridge,4,138800,0.002881844380403458
E07000207,Elmbridge,2,138800,0.001440922190201729
E07000207,Elmbridge,0,138800,0
E07000207,Elmbridge,18,138800,0.012968299711815562
E07000207,Elmbridge,16,138800,0.011527377521613832
E07000207,Elmbridge,21,138800,0.015129682997118156
E07000207,Elmbridge,3,138800,0.002161383285302594
E07000207,Elmbridge,0,138800,0
E07000207,Elmbridge,0,138800,0
E07000207,Elmbridge,20,138800,0.01440922190201729
E07000207,Elmbridge,18,138800,0.012968299711815562
E07000207,Elmbridge,22,138800,0.01585014409221902
E07000207,Elmbridge,1,138800,7.204610951008645e-4
E07000207,Elmbridge,0,138800,0
E07000207,Elmbridge,0,138800,0
E07000207,Elmbridge,2043,138800,1.4719020172910662
E07000207,Elmbridge,1518,138800,1.0936599423631124
E07000207,Elmbridge,1410,138800,1.015850144092219
E07000207,Elmbridge,245,138800,0.1765129682997118
E07000207,Elmbridge,51,138800,0.03674351585014409
E07000208,Epsom and Ewell,0,80900,0
E07000208,Epsom and Ewell,0,80900,0
E07000208,Epsom and Ewell,0,80900,0
E07000208,Epsom and Ewell,0,80900,0
E07000208,Epsom and Ewell,0,80900,0
E07000208,Epsom and Ewell,0,80900,0
E07000208,Epsom and Ewell,0,80900,0
E07000208,Epsom and Ewell,22934,80900,28.34857849196539
E07000208,Epsom and Ewell,19690,80900,24.33868974042027
E07000208,Epsom and Ewell,14578,80900,18.019777503090236
E07000208,Epsom and Ewell,2476,80900,3.060568603213844
E07000208,Epsom and Ewell,711,80900,0.8788627935723115
E07000208,Epsom and Ewell,0,80900,0
E07000208,Epsom and Ewell,11,80900,0.013597033374536464
E07000208,Epsom and Ewell,17,80900,0.021013597033374538
E07000208,Epsom and Ewell,30,80900,0.037082818294190356
E07000208,Epsom and Ewell,16,80900,0.019777503090234856
E07000208,Epsom and Ewell,7,80900,0.00865265760197775
E07000208,Epsom and Ewell,0,80900,0
E07000208,Epsom and Ewell,14,80900,0.0173053152039555
E07000208,Epsom and Ewell,13,80900,0.016069221260815822
E07000208,Epsom and Ewell,23,80900,0.02843016069221261
E07000208,Epsom and Ewell,5,80900,0.006180469715698393
E07000208,Epsom and Ewell,2,80900,0.002472187886279357
E07000208,Epsom and Ewell,0,80900,0
E07000208,Epsom and Ewell,22,80900,0.027194066749072928
E07000208,Epsom and Ewell,20,80900,0.024721878862793572
E07000208,Epsom and Ewell,15,80900,0.018541409147095178
E07000208,Epsom and Ewell,1,80900,0.0012360939431396785
E07000208,Epsom and Ewell,0,80900,0
E07000208,Epsom and Ewell,0,80900,0
E07000208,Epsom and Ewell,5,80900,0.006180469715698393
E07000208,Epsom and Ewell,12,80900,0.014833127317676144
E07000208,Epsom and Ewell,13,80900,0.016069221260815822
E07000208,Epsom and Ewell,0,80900,0
E07000208,Epsom and Ewell,1,80900,0.0012360939431396785
E07000208,Epsom and Ewell,0,80900,0
E07000208,Epsom and Ewell,1057,80900,1.3065512978986402
E07000208,Epsom and Ewell,987,80900,1.2200247218788627
E07000208,Epsom and Ewell,840,80900,1.03831891223733
E07000208,Epsom and Ewell,208,80900,0.25710754017305315
E07000208,Epsom and Ewell,125,80900,0.15451174289245984
E07000209,Guildford,0,143600,0
E07000209,Guildford,0,143600,0
E07000209,Guildford,0,143600,0
E07000209,Guildford,0,143600,0
E07000209,Guildford,0,143600,0
E07000209,Guildford,0,143600,0
E07000209,Guildford,0,143600,0
E07000209,Guildford,42780,143600,29.79108635097493
E07000209,Guildford,32479,143600,22.617688022284124
E07000209,Guildford,25566,143600,17.803621169916436
E07000209,Guildford,3661,143600,2.549442896935933
E07000209,Guildford,607,143600,0.42270194986072424
E07000209,Guildford,0,143600,0
E07000209,Guildford,32,143600,0.022284122562674095
E07000209,Guildford,34,143600,0.023676880222841225
E07000209,Guildford,73,143600,0.05083565459610028
E07000209,Guildford,13,143600,0.009052924791086351
E07000209,Guildford,6,143600,0.004178272980501393
E07000209,Guildford,0,143600,0
E07000209,Guildford,27,143600,0.018802228412256268
E07000209,Guildford,26,143600,0.018105849582172703
E07000209,Guildford,33,143600,0.02298050139275766
E07000209,Guildford,4,143600,0.002785515320334262
E07000209,Guildford,1,143600,6.963788300835655e-4
E07000209,Guildford,0,143600,0
E07000209,Guildford,17,143600,0.011838440111420613
E07000209,Guildford,20,143600,0.013927576601671309
E07000209,Guildford,28,143600,0.019498607242339833
E07000209,Guildford,6,143600,0.004178272980501393
E07000209,Guildford,1,143600,6.963788300835655e-4
E07000209,Guildford,0,143600,0
E07000209,Guildford,23,143600,0.016016713091922007
E07000209,Guildford,55,143600,0.0383008356545961
E07000209,Guildford,50,143600,0.034818941504178275
E07000209,Guildford,6,143600,0.004178272980501393
E07000209,Guildford,0,143600,0
E07000209,Guildford,0,143600,0
E07000209,Guildford,1835,143600,1.2778551532033426
E07000209,Guildford,1688,143600,1.1754874651810585
E07000209,Guildford,1558,143600,1.084958217270195
E07000209,Guildford,337,143600,0.23467966573816157
E07000209,Guildford,93,143600,0.06476323119777158
E07000210,Mole Valley,0,87400,0
E07000210,Mole Valley,0,87400,0
E07000210,Mole Valley,0,87400,0
E07000210,Mole Valley,0,87400,0
E07000210,Mole Valley,0,87400,0
E07000210,Mole Valley,0,87400,0
E07000210,Mole Valley,0,87400,0
E07000210,Mole Valley,30492,87400,34.88787185354691
E07000210,Mole Valley,20205,87400,23.117848970251718
E07000210,Mole Valley,14830,87400,16.96796338672769
E07000210,Mole Valley,1933,87400,2.211670480549199
E07000210,Mole Valley,271,87400,0.3100686498855835
E07000210,Mole Valley,0,87400,0
E07000210,Mole Valley,9,87400,0.010297482837528604
E07000210,Mole Valley,18,87400,0.020594965675057208
E07000210,Mole Valley,45,87400,0.05148741418764302
E07000210,Mole Valley,3,87400,0.003432494279176201
E07000210,Mole Valley,0,87400,0
E07000210,Mole Valley,0,87400,0
E07000210,Mole Valley,20,87400,0.02288329519450801
E07000210,Mole Valley,13,87400,0.014874141876430207
E07000210,Mole Valley,17,87400,0.019450800915331808
E07000210,Mole Valley,3,87400,0.003432494279176201
E07000210,Mole Valley,0,87400,0
E07000210,Mole Valley,0,87400,0
E07000210,Mole Valley,12,87400,0.013729977116704805
E07000210,Mole Valley,11,87400,0.012585812356979404
E07000210,Mole Valley,16,87400,0.018306636155606407
E07000210,Mole Valley,6,87400,0.006864988558352402
E07000210,Mole Valley,0,87400,0
E07000210,Mole Valley,0,87400,0
E07000210,Mole Valley,16,87400,0.018306636155606407
E07000210,Mole Valley,15,87400,0.017162471395881007
E07000210,Mole Valley,16,87400,0.018306636155606407
E07000210,Mole Valley,1,87400,0.0011441647597254005
E07000210,Mole Valley,0,87400,0
E07000210,Mole Valley,0,87400,0
E07000210,Mole Valley,1235,87400,1.4130434782608696
E07000210,Mole Valley,984,87400,1.125858123569794
E07000210,Mole Valley,864,87400,0.988558352402746
E07000210,Mole Valley,127,87400,0.14530892448512586
E07000210,Mole Valley,28,87400,0.032036613272311214
E07000211,Reigate and Banstead,0,150900,0
E07000211,Reigate and Banstead,0,150900,0
E07000211,Reigate and Banstead,0,150900,0
E07000211,Reigate and Banstead,0,150900,0
E07000211,Reigate and Banstead,0,150900,0
E07000211,Reigate and Banstead,0,150900,0
E07000211,Reigate and Banstead,0,150900,0
E07000211,Reigate and Banstead,43444,150900,28.789927104042413
E07000211,Reigate and Banstead,35350,150900,23.426110006626907
E07000211,Reigate and Banstead,26970,150900,17.8727634194831
E07000211,Reigate and Banstead,4560,150900,3.021868787276342
E07000211,Reigate and Banstead,719,150900,0.47647448641484424
E07000211,Reigate and Banstead,0,150900,0
E07000211,Reigate and Banstead,19,150900,0.012591119946984758
E07000211,Reigate and Banstead,38,150900,0.025182239893969515
E07000211,Reigate and Banstead,66,150900,0.0437375745526839
E07000211,Reigate and Banstead,29,150900,0.019218025182239893
E07000211,Reigate and Banstead,2,150900,0.0013253810470510272
E07000211,Reigate and Banstead,0,150900,0
E07000211,Reigate and Banstead,26,150900,0.017229953611663355
E07000211,Reigate and Banstead,21,150900,0.013916500994035786
E07000211,Reigate and Banstead,42,150900,0.027833001988071572
E07000211,Reigate and Banstead,11,150900,0.00728959575878065
E07000211,Reigate and Banstead,0,150900,0
E07000211,Reigate and Banstead,0,150900,0
E07000211,Reigate and Banstead,18,150900,0.011928429423459244
E07000211,Reigate and Banstead,26,150900,0.017229953611663355
E07000211,Reigate and Banstead,30,150900,0.019880715705765408
E07000211,Reigate and Banstead,9,150900,0.005964214711729622
E07000211,Reigate and Banstead,2,150900,0.0013253810470510272
E07000211,Reigate and Banstead,0,150900,0
E07000211,Reigate and Banstead,10,150900,0.0066269052352551355
E07000211,Reigate and Banstead,31,150900,0.02054340622929092
E07000211,Reigate and Banstead,21,150900,0.013916500994035786
E07000211,Reigate and Banstead,2,150900,0.0013253810470510272
E07000211,Reigate and Banstead,4,150900,0.0026507620941020544
E07000211,Reigate and Banstead,0,150900,0
E07000211,Reigate and Banstead,1866,150900,1.2365805168986084
E07000211,Reigate and Banstead,1739,150900,1.152418820410868
E07000211,Reigate and Banstead,1631,150900,1.0808482438701126
E07000211,Reigate and Banstead,355,150900,0.23525513585155733
E07000211,Reigate and Banstead,65,150900,0.043074884029158385
E07000212,Runnymede,0,88100,0
E07000212,Runnymede,0,88100,0
E07000212,Runnymede,0,88100,0
E07000212,Runnymede,0,88100,0
E07000212,Runnymede,0,88100,0
E07000212,Runnymede,0,88100,0
E07000212,Runnymede,0,88100,0
E07000212,Runnymede,22329,88100,25.34506242905789
E07000212,Runnymede,20886,88100,23.707150964812712
E07000212,Runnymede,18332,88100,20.808172531214527
E07000212,Runnymede,2865,88100,3.2519863791146424
E07000212,Runnymede,484,88100,0.5493757094211124
E07000212,Runnymede,0,88100,0
E07000212,Runnymede,19,88100,0.021566401816118047
E07000212,Runnymede,31,88100,0.03518728717366629
E07000212,Runnymede,53,88100,0.060158910329171394
E07000212,Runnymede,11,88100,0.012485811577752554
E07000212,Runnymede,2,88100,0.0022701475595913734
E07000212,Runnymede,0,88100,0
E07000212,Runnymede,9,88100,0.01021566401816118
E07000212,Runnymede,8,88100,0.009080590238365494
E07000212,Runnymede,16,88100,0.018161180476730987
E07000212,Runnymede,11,88100,0.012485811577752554
E07000212,Runnymede,4,88100,0.004540295119182747
E07000212,Runnymede,0,88100,0
E07000212,Runnymede,10,88100,0.011350737797956867
E07000212,Runnymede,20,88100,0.022701475595913734
E07000212,Runnymede,27,88100,0.03064699205448354
E07000212,Runnymede,7,88100,0.007945516458569807
E07000212,Runnymede,3,88100,0.00340522133938706
E07000212,Runnymede,0,88100,0
E07000212,Runnymede,19,88100,0.021566401816118047
E07000212,Runnymede,27,88100,0.03064699205448354
E07000212,Runnymede,27,88100,0.03064699205448354
E07000212,Runnymede,1,88100,0.0011350737797956867
E07000212,Runnymede,1,88100,0.0011350737797956867
E07000212,Runnymede,0,88100,0
E07000212,Runnymede,1130,88100,1.282633371169126
E07000212,Runnymede,1195,88100,1.3564131668558457
E07000212,Runnymede,1096,88100,1.2440408626560726
E07000212,Runnymede,232,88100,0.2633371169125993
E07000212,Runnymede,52,88100,0.05902383654937571
E07000213,Spelthorne,0,103000,0
E07000213,Spelthorne,0,103000,0
E07000213,Spelthorne,0,103000,0
E07000213,Spelthorne,0,103000,0
E07000213,Spelthorne,0,103000,0
E07000213,Spelthorne,0,103000,0
E07000213,Spelthorne,0,103000,0
E07000213,Spelthorne,23584,103000,22.897087378640776
E07000213,Spelthorne,25647,103000,24.9
E07000213,Spelthorne,22894,103000,22.227184466019416
E07000213,Spelthorne,4642,103000,4.506796116504854
E07000213,Spelthorne,955,103000,0.9271844660194175
E07000213,Spelthorne,0,103000,0
E07000213,Spelthorne,23,103000,0.02233009708737864
E07000213,Spelthorne,39,103000,0.037864077669902914
E07000213,Spelthorne,62,103000,0.06019417475728155
E07000213,Spelthorne,20,103000,0.019417475728155338
E07000213,Spelthorne,9,103000,0.008737864077669903
E07000213,Spelthorne,0,103000,0
E07000213,Spelthorne,18,103000,0.017475728155339806
E07000213,Spelthorne,20,103000,0.019417475728155338
E07000213,Spelthorne,33,103000,0.03203883495145631
E07000213,Spelthorne,7,103000,0.006796116504854369
E07000213,Spelthorne,0,103000,0
E07000213,Spelthorne,0,103000,0
E07000213,Spelthorne,12,103000,0.011650485436893204
E07000213,Spelthorne,21,103000,0.020388349514563107
E07000213,Spelthorne,31,103000,0.030097087378640777
E07000213,Spelthorne,9,103000,0.008737864077669903
E07000213,Spelthorne,4,103000,0.003883495145631068
E07000213,Spelthorne,0,103000,0
E07000213,Spelthorne,4,103000,0.003883495145631068
E07000213,Spelthorne,9,103000,0.008737864077669903
E07000213,Spelthorne,15,103000,0.014563106796116505
E07000213,Spelthorne,2,103000,0.001941747572815534
E07000213,Spelthorne,0,103000,0
E07000213,Spelthorne,0,103000,0
E07000213,Spelthorne,1153,103000,1.1194174757281554
E07000213,Spelthorne,1385,103000,1.3446601941747574
E07000213,Spelthorne,1538,103000,1.4932038834951455
E07000213,Spelthorne,354,103000,0.34368932038834954
E07000213,Spelthorne,108,103000,0.10485436893203884
E07000214,Surrey Heath,0,90500,0
E07000214,Surrey Heath,0,90500,0
E07000214,Surrey Heath,0,90500,0
E07000214,Surrey Heath,0,90500,0
E07000214,Surrey Heath,0,90500,0
E07000214,Surrey Heath,0,90500,0
E07000214,Surrey Heath,0,90500,0
E07000214,Surrey Heath,32181,90500,35.559116022099445
E07000214,Surrey Heath,20307,90500,22.438674033149173
E07000214,Surrey Heath,14021,90500,15.49281767955801
E07000214,Surrey Heath,1995,90500,2.2044198895027622
E07000214,Surrey Heath,468,90500,0.5171270718232044
E07000214,Surrey Heath,0,90500,0
E07000214,Surrey Heath,29,90500,0.032044198895027624
E07000214,Surrey Heath,26,90500,0.028729281767955802
E07000214,Surrey Heath,37,90500,0.04088397790055249
E07000214,Surrey Heath,10,90500,0.011049723756906077
E07000214,Surrey Heath,6,90500,0.0066298342541436465
E07000214,Surrey Heath,0,90500,0
E07000214,Surrey Heath,10,90500,0.011049723756906077
E07000214,Surrey Heath,17,90500,0.01878453038674033
E07000214,Surrey Heath,13,90500,0.014364640883977901
E07000214,Surrey Heath,2,90500,0.0022099447513812156
E07000214,Surrey Heath,0,90500,0
E07000214,Surrey Heath,0,90500,0
E07000214,Surrey Heath,10,90500,0.011049723756906077
E07000214,Surrey Heath,12,90500,0.013259668508287293
E07000214,Surrey Heath,21,90500,0.023204419889502764
E07000214,Surrey Heath,8,90500,0.008839779005524863
E07000214,Surrey Heath,0,90500,0
E07000214,Surrey Heath,0,90500,0
E07000214,Surrey Heath,18,90500,0.019889502762430938
E07000214,Surrey Heath,13,90500,0.014364640883977901
E07000214,Surrey Heath,16,90500,0.017679558011049725
E07000214,Surrey Heath,4,90500,0.004419889502762431
E07000214,Surrey Heath,1,90500,0.0011049723756906078
E07000214,Surrey Heath,0,90500,0
E07000214,Surrey Heath,1253,90500,1.3845303867403316
E07000214,Surrey Heath,891,90500,0.9845303867403314
E07000214,Surrey Heath,746,90500,0.8243093922651934
E07000214,Surrey Heath,183,90500,0.2022099447513812
E07000214,Surrey Heath,60,90500,0.06629834254143646
E07000215,Tandridge,0,87900,0
E07000215,Tandridge,0,87900,0
E07000215,Tandridge,0,87900,0
E07000215,Tandridge,0,87900,0
E07000215,Tandridge,0,87900,0
E07000215,Tandridge,0,87900,0
E07000215,Tandridge,0,87900,0
E07000215,Tandridge,28422,87900,32.334470989761094
E07000215,Tandridge,20362,87900,23.164960182025027
E07000215,Tandridge,14752,87900,16.782707622298066
E07000215,Tandridge,2273,87900,2.5858930602957906
E07000215,Tandridge,307,87900,0.3492605233219568
E07000215,Tandridge,0,87900,0
E07000215,Tandridge,12,87900,0.013651877133105802
E07000215,Tandridge,17,87900,0.019340159271899887
E07000215,Tandridge,33,87900,0.03754266211604096
E07000215,Tandridge,5,87900,0.005688282138794084
E07000215,Tandridge,0,87900,0
E07000215,Tandridge,0,87900,0
E07000215,Tandridge,6,87900,0.006825938566552901
E07000215,Tandridge,14,87900,0.015927189988623434
E07000215,Tandridge,13,87900,0.01478953356086462
E07000215,Tandridge,0,87900,0
E07000215,Tandridge,0,87900,0
E07000215,Tandridge,0,87900,0
E07000215,Tandridge,5,87900,0.005688282138794084
E07000215,Tandridge,15,87900,0.017064846416382253
E07000215,Tandridge,14,87900,0.015927189988623434
E07000215,Tandridge,4,87900,0.004550625711035267
E07000215,Tandridge,0,87900,0
E07000215,Tandridge,0,87900,0
E07000215,Tandridge,21,87900,0.023890784982935155
E07000215,Tandridge,10,87900,0.011376564277588168
E07000215,Tandridge,17,87900,0.019340159271899887
E07000215,Tandridge,0,87900,0
E07000215,Tandridge,0,87900,0
E07000215,Tandridge,0,87900,0
E07000215,Tandridge,1143,87900,1.3003412969283277
E07000215,Tandridge,1005,87900,1.1433447098976108
E07000215,Tandridge,810,87900,0.9215017064846417
E07000215,Tandridge,163,87900,0.18543799772468714
E07000215,Tandridge,40,87900,0.04550625711035267
E07000216,Waverley,0,128200,0
E07000216,Waverley,0,128200,0
E07000216,Waverley,0,128200,0
E07000216,Waverley,0,128200,0
E07000216,Waverley,0,128200,0
E07000216,Waverley,0,128200,0
E07000216,Waverley,0,128200,0
E07000216,Waverley,44586,128200,34.77847113884555
E07000216,Waverley,28970,128200,22.597503900156006
E07000216,Waverley,19450,128200,15.17160686427457
E07000216,Waverley,2255,128200,1.7589703588143526
E07000216,Waverley,398,128200,0.31045241809672386
E07000216,Waverley,0,128200,0
E07000216,Waverley,24,128200,0.0187207488299532
E07000216,Waverley,28,128200,0.0218408736349454
E07000216,Waverley,43,128200,0.033541341653666144
E07000216,Waverley,7,128200,0.00546021840873635
E07000216,Waverley,4,128200,0.0031201248049922
E07000216,Waverley,0,128200,0
E07000216,Waverley,17,128200,0.013260530421216849
E07000216,Waverley,16,128200,0.0124804992199688
E07000216,Waverley,27,128200,0.02106084243369735
E07000216,Waverley,1,128200,7.8003120124805e-4
E07000216,Waverley,2,128200,0.0015600624024961
E07000216,Waverley,0,128200,0
E07000216,Waverley,22,128200,0.0171606864274571
E07000216,Waverley,14,128200,0.0109204368174727
E07000216,Waverley,29,128200,0.02262090483619345
E07000216,Waverley,2,128200,0.0015600624024961
E07000216,Waverley,4,128200,0.0031201248049922
E07000216,Waverley,0,128200,0
E07000216,Waverley,24,128200,0.0187207488299532
E07000216,Waverley,34,128200,0.026521060842433698
E07000216,Waverley,46,128200,0.0358814352574103
E07000216,Waverley,2,128200,0.0015600624024961
E07000216,Waverley,1,128200,7.8003120124805e-4
E07000216,Waverley,0,128200,0
E07000216,Waverley,1701,128200,1.326833073322933
E07000216,Waverley,1385,128200,1.0803432137285491
E07000216,Waverley,1164,128200,0.9079563182527302
E07000216,Waverley,202,128200,0.15756630265210608
E07000216,Waverley,29,128200,0.02262090483619345
E07000217,Woking,0,103900,0
E07000217,Woking,0,103900,0
E07000217,Woking,0,103900,0
E07000217,Woking,0,103900,0
E07000217,Woking,0,103900,0
E07000217,Woking,0,103900,0
E07000217,Woking,0,103900,0
E07000217,Woking,29310,103900,28.209817131857555
E07000217,Woking,22901,103900,22.04138594802695
E07000217,Woking,20303,103900,19.540904716073147
E07000217,Woking,3962,103900,3.813282001924928
E07000217,Woking,1215,103900,1.1693936477382099
E07000217,Woking,0,103900,0
E07000217,Woking,21,103900,0.02021174205967276
E07000217,Woking,21,103900,0.02021174205967276
E07000217,Woking,70,103900,0.06737247353224254
E07000217,Woking,30,103900,0.028873917228103944
E07000217,Woking,17,103900,0.016361886429258902
E07000217,Woking,0,103900,0
E07000217,Woking,20,103900,0.019249278152069296
E07000217,Woking,25,103900,0.02406159769008662
E07000217,Woking,23,103900,0.02213666987487969
E07000217,Woking,5,103900,0.004812319538017324
E07000217,Woking,13,103900,0.012512030798845043
E07000217,Woking,0,103900,0
E07000217,Woking,17,103900,0.016361886429258902
E07000217,Woking,18,103900,0.017324350336862367
E07000217,Woking,23,103900,0.02213666987487969
E07000217,Woking,10,103900,0.009624639076034648
E07000217,Woking,6,103900,0.005774783445620789
E07000217,Woking,0,103900,0
E07000217,Woking,10,103900,0.009624639076034648
E07000217,Woking,18,103900,0.017324350336862367
E07000217,Woking,28,103900,0.026948989412897015
E07000217,Woking,4,103900,0.0038498556304138597
E07000217,Woking,1,103900,9.624639076034649e-4
E07000217,Woking,0,103900,0
E07000217,Woking,1210,103900,1.1645813282001924
E07000217,Woking,1102,103900,1.0606352261790184
E07000217,Woking,1364,103900,1.3128007699711262
E07000217,Woking,348,103900,0.33493743984600577
E07000217,Woking,181,103900,0.17420596727622714
E07000218,North Warwickshire,0,65000,0
E07000218,North Warwickshire,0,65000,0
E07000218,North Warwickshire,0,65000,0
E07000218,North Warwickshire,0,65000,0
E07000218,North Warwickshire,0,65000,0
E07000218,North Warwickshire,0,65000,0
E07000218,North Warwickshire,0,65000,0
E07000218,North Warwickshire,20138,65000,30.981538461538463
E07000218,North Warwickshire,17958,65000,27.627692307692307
E07000218,North Warwickshire,11075,65000,17.03846153846154
E07000218,North Warwickshire,1377,65000,2.1184615384615384
E07000218,North Warwickshire,241,65000,0.3707692307692308
E07000218,North Warwickshire,0,65000,0
E07000218,North Warwickshire,17,65000,0.026153846153846153
E07000218,North Warwickshire,17,65000,0.026153846153846153
E07000218,North Warwickshire,12,65000,0.018461538461538463
E07000218,North Warwickshire,5,65000,0.007692307692307693
E07000218,North Warwickshire,0,65000,0
E07000218,North Warwickshire,0,65000,0
E07000218,North Warwickshire,8,65000,0.012307692307692308
E07000218,North Warwickshire,10,65000,0.015384615384615385
E07000218,North Warwickshire,11,65000,0.016923076923076923
E07000218,North Warwickshire,1,65000,0.0015384615384615385
E07000218,North Warwickshire,0,65000,0
E07000218,North Warwickshire,0,65000,0
E07000218,North Warwickshire,6,65000,0.009230769230769232
E07000218,North Warwickshire,12,65000,0.018461538461538463
E07000218,North Warwickshire,17,65000,0.026153846153846153
E07000218,North Warwickshire,1,65000,0.0015384615384615385
E07000218,North Warwickshire,0,65000,0
E07000218,North Warwickshire,0,65000,0
E07000218,North Warwickshire,9,65000,0.013846153846153847
E07000218,North Warwickshire,7,65000,0.010769230769230769
E07000218,North Warwickshire,11,65000,0.016923076923076923
E07000218,North Warwickshire,1,65000,0.0015384615384615385
E07000218,North Warwickshire,0,65000,0
E07000218,North Warwickshire,0,65000,0
E07000218,North Warwickshire,825,65000,1.2692307692307692
E07000218,North Warwickshire,840,65000,1.2923076923076924
E07000218,North Warwickshire,571,65000,0.8784615384615385
E07000218,North Warwickshire,69,65000,0.10615384615384615
E07000218,North Warwickshire,5,65000,0.007692307692307693
E07000219,Nuneaton and Bedworth,0,134200,0
E07000219,Nuneaton and Bedworth,0,134200,0
E07000219,Nuneaton and Bedworth,0,134200,0
E07000219,Nuneaton and Bedworth,0,134200,0
E07000219,Nuneaton and Bedworth,0,134200,0
E07000219,Nuneaton and Bedworth,0,134200,0
E07000219,Nuneaton and Bedworth,0,134200,0
E07000219,Nuneaton and Bedworth,35760,134200,26.646795827123697
E07000219,Nuneaton and Bedworth,36504,134200,27.20119225037258
E07000219,Nuneaton and Bedworth,24853,134200,18.519374068554395
E07000219,Nuneaton and Bedworth,3909,134200,2.912816691505216
E07000219,Nuneaton and Bedworth,859,134200,0.6400894187779433
E07000219,Nuneaton and Bedworth,0,134200,0
E07000219,Nuneaton and Bedworth,42,134200,0.03129657228017884
E07000219,Nuneaton and Bedworth,63,134200,0.04694485842026826
E07000219,Nuneaton and Bedworth,71,134200,0.05290611028315946
E07000219,Nuneaton and Bedworth,8,134200,0.005961251862891207
E07000219,Nuneaton and Bedworth,0,134200,0
E07000219,Nuneaton and Bedworth,0,134200,0
E07000219,Nuneaton and Bedworth,16,134200,0.011922503725782414
E07000219,Nuneaton and Bedworth,30,134200,0.022354694485842028
E07000219,Nuneaton and Bedworth,31,134200,0.023099850968703428
E07000219,Nuneaton and Bedworth,4,134200,0.0029806259314456036
E07000219,Nuneaton and Bedworth,1,134200,7.451564828614009e-4
E07000219,Nuneaton and Bedworth,0,134200,0
E07000219,Nuneaton and Bedworth,18,134200,0.013412816691505217
E07000219,Nuneaton and Bedworth,33,134200,0.02459016393442623
E07000219,Nuneaton and Bedworth,34,134200,0.02533532041728763
E07000219,Nuneaton and Bedworth,2,134200,0.0014903129657228018
E07000219,Nuneaton and Bedworth,1,134200,7.451564828614009e-4
E07000219,Nuneaton and Bedworth,0,134200,0
E07000219,Nuneaton and Bedworth,8,134200,0.005961251862891207
E07000219,Nuneaton and Bedworth,31,134200,0.023099850968703428
E07000219,Nuneaton and Bedworth,22,134200,0.01639344262295082
E07000219,Nuneaton and Bedworth,2,134200,0.0014903129657228018
E07000219,Nuneaton and Bedworth,4,134200,0.0029806259314456036
E07000219,Nuneaton and Bedworth,0,134200,0
E07000219,Nuneaton and Bedworth,1689,134200,1.258569299552906
E07000219,Nuneaton and Bedworth,2007,134200,1.4955290611028316
E07000219,Nuneaton and Bedworth,1554,134200,1.157973174366617
E07000219,Nuneaton and Bedworth,232,134200,0.17287630402384502
E07000219,Nuneaton and Bedworth,81,134200,0.06035767511177347
E07000220,Rugby,0,114400,0
E07000220,Rugby,0,114400,0
E07000220,Rugby,0,114400,0
E07000220,Rugby,0,114400,0
E07000220,Rugby,0,114400,0
E07000220,Rugby,0,114400,0
E07000220,Rugby,0,114400,0
E07000220,Rugby,34933,114400,30.53583916083916
E07000220,Rugby,28130,114400,24.58916083916084
E07000220,Rugby,18584,114400,16.244755244755243
E07000220,Rugby,2963,114400,2.590034965034965
E07000220,Rugby,743,114400,0.6494755244755245
E07000220,Rugby,0,114400,0
E07000220,Rugby,28,114400,0.024475524475524476
E07000220,Rugby,43,114400,0.037587412587412584
E07000220,Rugby,74,114400,0.06468531468531469
E07000220,Rugby,21,114400,0.018356643356643356
E07000220,Rugby,12,114400,0.01048951048951049
E07000220,Rugby,0,114400,0
E07000220,Rugby,18,114400,0.015734265734265736
E07000220,Rugby,26,114400,0.022727272727272728
E07000220,Rugby,22,114400,0.019230769230769232
E07000220,Rugby,5,114400,0.004370629370629371
E07000220,Rugby,1,114400,8.741258741258741e-4
E07000220,Rugby,0,114400,0
E07000220,Rugby,12,114400,0.01048951048951049
E07000220,Rugby,26,114400,0.022727272727272728
E07000220,Rugby,28,114400,0.024475524475524476
E07000220,Rugby,1,114400,8.741258741258741e-4
E07000220,Rugby,3,114400,0.0026223776223776225
E07000220,Rugby,0,114400,0
E07000220,Rugby,20,114400,0.017482517482517484
E07000220,Rugby,21,114400,0.018356643356643356
E07000220,Rugby,18,114400,0.015734265734265736
E07000220,Rugby,1,114400,8.741258741258741e-4
E07000220,Rugby,0,114400,0
E07000220,Rugby,0,114400,0
E07000220,Rugby,1579,114400,1.3802447552447552
E07000220,Rugby,1574,114400,1.3758741258741258
E07000220,Rugby,1427,114400,1.2473776223776223
E07000220,Rugby,315,114400,0.27534965034965037
E07000220,Rugby,139,114400,0.1215034965034965
E07000221,Stratford-on-Avon,0,134700,0
E07000221,Stratford-on-Avon,0,134700,0
E07000221,Stratford-on-Avon,0,134700,0
E07000221,Stratford-on-Avon,0,134700,0
E07000221,Stratford-on-Avon,0,134700,0
E07000221,Stratford-on-Avon,0,134700,0
E07000221,Stratford-on-Avon,0,134700,0
E07000221,Stratford-on-Avon,51710,134700,38.389012620638454
E07000221,Stratford-on-Avon,34485,134700,25.601336302895323
E07000221,Stratford-on-Avon,18225,134700,13.530066815144766
E07000221,Stratford-on-Avon,1576,134700,1.170007423904974
E07000221,Stratford-on-Avon,226,134700,0.16778025241276912
E07000221,Stratford-on-Avon,0,134700,0
E07000221,Stratford-on-Avon,24,134700,0.017817371937639197
E07000221,Stratford-on-Avon,29,134700,0.021529324424647365
E07000221,Stratford-on-Avon,29,134700,0.021529324424647365
E07000221,Stratford-on-Avon,4,134700,0.002969561989606533
E07000221,Stratford-on-Avon,4,134700,0.002969561989606533
E07000221,Stratford-on-Avon,0,134700,0
E07000221,Stratford-on-Avon,23,134700,0.017074981440237565
E07000221,Stratford-on-Avon,16,134700,0.011878247958426132
E07000221,Stratford-on-Avon,18,134700,0.013363028953229399
E07000221,Stratford-on-Avon,1,134700,7.423904974016332e-4
E07000221,Stratford-on-Avon,0,134700,0
E07000221,Stratford-on-Avon,0,134700,0
E07000221,Stratford-on-Avon,12,134700,0.008908685968819599
E07000221,Stratford-on-Avon,13,134700,0.009651076466221232
E07000221,Stratford-on-Avon,22,134700,0.016332590942835932
E07000221,Stratford-on-Avon,3,134700,0.0022271714922048997
E07000221,Stratford-on-Avon,0,134700,0
E07000221,Stratford-on-Avon,0,134700,0
E07000221,Stratford-on-Avon,23,134700,0.017074981440237565
E07000221,Stratford-on-Avon,22,134700,0.016332590942835932
E07000221,Stratford-on-Avon,30,134700,0.022271714922048998
E07000221,Stratford-on-Avon,3,134700,0.0022271714922048997
E07000221,Stratford-on-Avon,1,134700,7.423904974016332e-4
E07000221,Stratford-on-Avon,0,134700,0
E07000221,Stratford-on-Avon,2094,134700,1.55456570155902
E07000221,Stratford-on-Avon,1671,134700,1.2405345211581291
E07000221,Stratford-on-Avon,1064,134700,0.7899034892353378
E07000221,Stratford-on-Avon,145,134700,0.10764662212323682
E07000221,Stratford-on-Avon,29,134700,0.021529324424647365
E07000222,Warwick,0,148500,0
E07000222,Warwick,0,148500,0
E07000222,Warwick,0,148500,0
E07000222,Warwick,0,148500,0
E07000222,Warwick,0,148500,0
E07000222,Warwick,0,148500,0
E07000222,Warwick,0,148500,0
E07000222,Warwick,46223,148500,31.126599326599326
E07000222,Warwick,38514,148500,25.935353535353535
E07000222,Warwick,25189,148500,16.962289562289563
E07000222,Warwick,2514,148500,1.692929292929293
E07000222,Warwick,646,148500,0.435016835016835
E07000222,Warwick,0,148500,0
E07000222,Warwick,41,148500,0.027609427609427608
E07000222,Warwick,37,148500,0.024915824915824916
E07000222,Warwick,58,148500,0.039057239057239054
E07000222,Warwick,18,148500,0.012121212121212121
E07000222,Warwick,0,148500,0
E07000222,Warwick,0,148500,0
E07000222,Warwick,22,148500,0.014814814814814815
E07000222,Warwick,28,148500,0.018855218855218854
E07000222,Warwick,45,148500,0.030303030303030304
E07000222,Warwick,4,148500,0.0026936026936026937
E07000222,Warwick,0,148500,0
E07000222,Warwick,0,148500,0
E07000222,Warwick,19,148500,0.012794612794612794
E07000222,Warwick,28,148500,0.018855218855218854
E07000222,Warwick,28,148500,0.018855218855218854
E07000222,Warwick,9,148500,0.006060606060606061
E07000222,Warwick,0,148500,0
E07000222,Warwick,0,148500,0
E07000222,Warwick,34,148500,0.022895622895622896
E07000222,Warwick,45,148500,0.030303030303030304
E07000222,Warwick,48,148500,0.03232323232323232
E07000222,Warwick,2,148500,0.0013468013468013469
E07000222,Warwick,0,148500,0
E07000222,Warwick,0,148500,0
E07000222,Warwick,1918,148500,1.2915824915824916
E07000222,Warwick,2088,148500,1.406060606060606
E07000222,Warwick,1534,148500,1.032996632996633
E07000222,Warwick,243,148500,0.16363636363636364
E07000222,Warwick,83,148500,0.05589225589225589
E07000223,Adur,0,64500,0
E07000223,Adur,0,64500,0
E07000223,Adur,0,64500,0
E07000223,Adur,0,64500,0
E07000223,Adur,0,64500,0
E07000223,Adur,0,64500,0
E07000223,Adur,0,64500,0
E07000223,Adur,14803,64500,22.950387596899226
E07000223,Adur,19071,64500,29.567441860465117
E07000223,Adur,13702,64500,21.24341085271318
E07000223,Adur,1939,64500,3.0062015503875967
E07000223,Adur,368,64500,0.5705426356589147
E07000223,Adur,0,64500,0
E07000223,Adur,10,64500,0.015503875968992248
E07000223,Adur,20,64500,0.031007751937984496
E07000223,Adur,21,64500,0.03255813953488372
E07000223,Adur,7,64500,0.010852713178294573
E07000223,Adur,0,64500,0
E07000223,Adur,0,64500,0
E07000223,Adur,9,64500,0.013953488372093023
E07000223,Adur,13,64500,0.020155038759689922
E07000223,Adur,15,64500,0.023255813953488372
E07000223,Adur,0,64500,0
E07000223,Adur,0,64500,0
E07000223,Adur,0,64500,0
E07000223,Adur,5,64500,0.007751937984496124
E07000223,Adur,16,64500,0.024806201550387597
E07000223,Adur,4,64500,0.006201550387596899
E07000223,Adur,1,64500,0.0015503875968992248
E07000223,Adur,0,64500,0
E07000223,Adur,0,64500,0
E07000223,Adur,4,64500,0.006201550387596899
E07000223,Adur,18,64500,0.027906976744186046
E07000223,Adur,16,64500,0.024806201550387597
E07000223,Adur,0,64500,0
E07000223,Adur,0,64500,0
E07000223,Adur,0,64500,0
E07000223,Adur,582,64500,0.9023255813953488
E07000223,Adur,908,64500,1.407751937984496
E07000223,Adur,739,64500,1.1457364341085272
E07000223,Adur,85,64500,0.13178294573643412
E07000223,Adur,35,64500,0.05426356589147287
E07000224,Arun,0,164800,0
E07000224,Arun,0,164800,0
E07000224,Arun,0,164800,0
E07000224,Arun,0,164800,0
E07000224,Arun,0,164800,0
E07000224,Arun,0,164800,0
E07000224,Arun,0,164800,0
E07000224,Arun,44760,164800,27.160194174757283
E07000224,Arun,46586,164800,28.268203883495147
E07000224,Arun,31667,164800,19.215412621359224
E07000224,Arun,4718,164800,2.862864077669903
E07000224,Arun,802,164800,0.4866504854368932
E07000224,Arun,0,164800,0
E07000224,Arun,35,164800,0.021237864077669904
E07000224,Arun,74,164800,0.044902912621359224
E07000224,Arun,99,164800,0.060072815533980584
E07000224,Arun,19,164800,0.011529126213592233
E07000224,Arun,8,164800,0.0048543689320388345
E07000224,Arun,0,164800,0
E07000224,Arun,15,164800,0.009101941747572815
E07000224,Arun,29,164800,0.017597087378640776
E07000224,Arun,36,164800,0.021844660194174758
E07000224,Arun,5,164800,0.003033980582524272
E07000224,Arun,2,164800,0.0012135922330097086
E07000224,Arun,0,164800,0
E07000224,Arun,16,164800,0.009708737864077669
E07000224,Arun,33,164800,0.020024271844660196
E07000224,Arun,36,164800,0.021844660194174758
E07000224,Arun,2,164800,0.0012135922330097086
E07000224,Arun,2,164800,0.0012135922330097086
E07000224,Arun,0,164800,0
E07000224,Arun,8,164800,0.0048543689320388345
E07000224,Arun,32,164800,0.019417475728155338
E07000224,Arun,38,164800,0.023058252427184466
E07000224,Arun,3,164800,0.0018203883495145632
E07000224,Arun,1,164800,6.067961165048543e-4
E07000224,Arun,0,164800,0
E07000224,Arun,1973,164800,1.1972087378640777
E07000224,Arun,2545,164800,1.5442961165048543
E07000224,Arun,2089,164800,1.2675970873786409
E07000224,Arun,385,164800,0.23361650485436894
E07000224,Arun,97,164800,0.058859223300970875
E07000225,Chichester,0,124100,0
E07000225,Chichester,0,124100,0
E07000225,Chichester,0,124100,0
E07000225,Chichester,0,124100,0
E07000225,Chichester,0,124100,0
E07000225,Chichester,0,124100,0
E07000225,Chichester,0,124100,0
E07000225,Chichester,40862,124100,32.92667203867848
E07000225,Chichester,30859,124100,24.86623690572119
E07000225,Chichester,21502,124100,17.32634971796938
E07000225,Chichester,2338,124100,1.8839645447219984
E07000225,Chichester,368,124100,0.29653505237711525
E07000225,Chichester,0,124100,0
E07000225,Chichester,27,124100,0.021756647864625302
E07000225,Chichester,31,124100,0.0249798549556809
E07000225,Chichester,32,124100,0.0257856567284448
E07000225,Chichester,16,124100,0.0128928283642224
E07000225,Chichester,1,124100,8.058017727639e-4
E07000225,Chichester,0,124100,0
E07000225,Chichester,18,124100,0.014504431909750202
E07000225,Chichester,13,124100,0.010475423045930701
E07000225,Chichester,20,124100,0.016116035455278
E07000225,Chichester,3,124100,0.0024174053182917004
E07000225,Chichester,0,124100,0
E07000225,Chichester,0,124100,0
E07000225,Chichester,22,124100,0.017727639000805803
E07000225,Chichester,20,124100,0.016116035455278
E07000225,Chichester,29,124100,0.023368251410153102
E07000225,Chichester,9,124100,0.007252215954875101
E07000225,Chichester,0,124100,0
E07000225,Chichester,0,124100,0
E07000225,Chichester,22,124100,0.017727639000805803
E07000225,Chichester,16,124100,0.0128928283642224
E07000225,Chichester,24,124100,0.019339242546333603
E07000225,Chichester,1,124100,8.058017727639e-4
E07000225,Chichester,1,124100,8.058017727639e-4
E07000225,Chichester,0,124100,0
E07000225,Chichester,1733,124100,1.3964544721998389
E07000225,Chichester,1598,124100,1.2876712328767124
E07000225,Chichester,1221,124100,0.983883964544722
E07000225,Chichester,180,124100,0.145044319097502
E07000225,Chichester,43,124100,0.0346494762288477
E07000226,Crawley,0,118500,0
E07000226,Crawley,0,118500,0
E07000226,Crawley,0,118500,0
E07000226,Crawley,0,118500,0
E07000226,Crawley,0,118500,0
E07000226,Crawley,0,118500,0
E07000226,Crawley,0,118500,0
E07000226,Crawley,22578,118500,19.053164556962024
E07000226,Crawley,26586,118500,22.435443037974682
E07000226,Crawley,29213,118500,24.652320675105486
E07000226,Crawley,6819,118500,5.754430379746835
E07000226,Crawley,1779,118500,1.5012658227848101
E07000226,Crawley,0,118500,0
E07000226,Crawley,38,118500,0.032067510548523206
E07000226,Crawley,52,118500,0.04388185654008439
E07000226,Crawley,107,118500,0.09029535864978903
E07000226,Crawley,48,118500,0.04050632911392405
E07000226,Crawley,20,118500,0.016877637130801686
E07000226,Crawley,0,118500,0
E07000226,Crawley,18,118500,0.015189873417721518
E07000226,Crawley,24,118500,0.020253164556962026
E07000226,Crawley,41,118500,0.03459915611814346
E07000226,Crawley,22,118500,0.018565400843881856
E07000226,Crawley,2,118500,0.0016877637130801688
E07000226,Crawley,0,118500,0
E07000226,Crawley,17,118500,0.014345991561181435
E07000226,Crawley,23,118500,0.019409282700421943
E07000226,Crawley,61,118500,0.05147679324894515
E07000226,Crawley,28,118500,0.02362869198312236
E07000226,Crawley,14,118500,0.01181434599156118
E07000226,Crawley,0,118500,0
E07000226,Crawley,7,118500,0.00590717299578059
E07000226,Crawley,23,118500,0.019409282700421943
E07000226,Crawley,29,118500,0.024472573839662448
E07000226,Crawley,1,118500,8.438818565400844e-4
E07000226,Crawley,2,118500,0.0016877637130801688
E07000226,Crawley,0,118500,0
E07000226,Crawley,1200,118500,1.0126582278481013
E07000226,Crawley,1501,118500,1.2666666666666666
E07000226,Crawley,1998,118500,1.6860759493670887
E07000226,Crawley,601,118500,0.5071729957805907
E07000226,Crawley,164,118500,0.13839662447257384
E07000227,Horsham,0,146800,0
E07000227,Horsham,0,146800,0
E07000227,Horsham,0,146800,0
E07000227,Horsham,0,146800,0
E07000227,Horsham,0,146800,0
E07000227,Horsham,0,146800,0
E07000227,Horsham,0,146800,0
E07000227,Horsham,50564,146800,34.444141689373296
E07000227,Horsham,36251,146800,24.694141689373296
E07000227,Horsham,23862,146800,16.254768392370572
E07000227,Horsham,2411,146800,1.6423705722070845
E07000227,Horsham,308,146800,0.2098092643051771
E07000227,Horsham,0,146800,0
E07000227,Horsham,22,146800,0.014986376021798364
E07000227,Horsham,28,146800,0.01907356948228883
E07000227,Horsham,41,146800,0.027929155313351498
E07000227,Horsham,5,146800,0.0034059945504087193
E07000227,Horsham,1,146800,6.811989100817438e-4
E07000227,Horsham,0,146800,0
E07000227,Horsham,19,146800,0.012942779291553134
E07000227,Horsham,22,146800,0.014986376021798364
E07000227,Horsham,19,146800,0.012942779291553134
E07000227,Horsham,4,146800,0.0027247956403269754
E07000227,Horsham,0,146800,0
E07000227,Horsham,0,146800,0
E07000227,Horsham,8,146800,0.005449591280653951
E07000227,Horsham,21,146800,0.01430517711171662
E07000227,Horsham,32,146800,0.021798365122615803
E07000227,Horsham,2,146800,0.0013623978201634877
E07000227,Horsham,1,146800,6.811989100817438e-4
E07000227,Horsham,0,146800,0
E07000227,Horsham,28,146800,0.01907356948228883
E07000227,Horsham,29,146800,0.019754768392370572
E07000227,Horsham,37,146800,0.025204359673024524
E07000227,Horsham,0,146800,0
E07000227,Horsham,0,146800,0
E07000227,Horsham,0,146800,0
E07000227,Horsham,2031,146800,1.3835149863760219
E07000227,Horsham,1636,146800,1.1144414168937329
E07000227,Horsham,1319,146800,0.8985013623978202
E07000227,Horsham,157,146800,0.10694822888283378
E07000227,Horsham,34,146800,0.02316076294277929
E07000228,Mid Sussex,0,152600,0
E07000228,Mid Sussex,0,152600,0
E07000228,Mid Sussex,0,152600,0
E07000228,Mid Sussex,0,152600,0
E07000228,Mid Sussex,0,152600,0
E07000228,Mid Sussex,0,152600,0
E07000228,Mid Sussex,0,152600,0
E07000228,Mid Sussex,50109,152600,32.836828309305375
E07000228,Mid Sussex,37224,152600,24.39318479685452
E07000228,Mid Sussex,25134,152600,16.47051114023591
E07000228,Mid Sussex,2926,152600,1.9174311926605505
E07000228,Mid Sussex,517,152600,0.33879423328964614
E07000228,Mid Sussex,0,152600,0
E07000228,Mid Sussex,28,152600,0.01834862385321101
E07000228,Mid Sussex,35,152600,0.022935779816513763
E07000228,Mid Sussex,51,152600,0.033420707732634336
E07000228,Mid Sussex,18,152600,0.011795543905635648
E07000228,Mid Sussex,6,152600,0.003931847968545216
E07000228,Mid Sussex,0,152600,0
E07000228,Mid Sussex,21,152600,0.013761467889908258
E07000228,Mid Sussex,29,152600,0.019003931847968544
E07000228,Mid Sussex,31,152600,0.020314547837483616
E07000228,Mid Sussex,4,152600,0.002621231979030144
E07000228,Mid Sussex,0,152600,0
E07000228,Mid Sussex,0,152600,0
E07000228,Mid Sussex,20,152600,0.01310615989515072
E07000228,Mid Sussex,20,152600,0.01310615989515072
E07000228,Mid Sussex,22,152600,0.014416775884665793
E07000228,Mid Sussex,1,152600,6.55307994757536e-4
E07000228,Mid Sussex,3,152600,0.001965923984272608
E07000228,Mid Sussex,0,152600,0
E07000228,Mid Sussex,22,152600,0.014416775884665793
E07000228,Mid Sussex,34,152600,0.022280471821756225
E07000228,Mid Sussex,31,152600,0.020314547837483616
E07000228,Mid Sussex,1,152600,6.55307994757536e-4
E07000228,Mid Sussex,0,152600,0
E07000228,Mid Sussex,0,152600,0
E07000228,Mid Sussex,2099,152600,1.375491480996068
E07000228,Mid Sussex,1669,152600,1.0937090432503276
E07000228,Mid Sussex,1384,152600,0.9069462647444299
E07000228,Mid Sussex,212,152600,0.13892529488859764
E07000228,Mid Sussex,41,152600,0.026867627785058978
E07000229,Worthing,0,111400,0
E07000229,Worthing,0,111400,0
E07000229,Worthing,0,111400,0
E07000229,Worthing,0,111400,0
E07000229,Worthing,0,111400,0
E07000229,Worthing,0,111400,0
E07000229,Worthing,0,111400,0
E07000229,Worthing,25069,111400,22.503590664272892
E07000229,Worthing,31064,111400,27.885098743267505
E07000229,Worthing,25491,111400,22.882405745062837
E07000229,Worthing,3496,111400,3.1382405745062836
E07000229,Worthing,471,111400,0.4228007181328546
E07000229,Worthing,0,111400,0
E07000229,Worthing,27,111400,0.02423698384201077
E07000229,Worthing,38,111400,0.03411131059245961
E07000229,Worthing,57,111400,0.05116696588868941
E07000229,Worthing,19,111400,0.017055655296229804
E07000229,Worthing,1,111400,8.976660682226212e-4
E07000229,Worthing,0,111400,0
E07000229,Worthing,18,111400,0.01615798922800718
E07000229,Worthing,17,111400,0.01526032315978456
E07000229,Worthing,38,111400,0.03411131059245961
E07000229,Worthing,7,111400,0.0062836624775583485
E07000229,Worthing,1,111400,8.976660682226212e-4
E07000229,Worthing,0,111400,0
E07000229,Worthing,12,111400,0.010771992818671455
E07000229,Worthing,18,111400,0.01615798922800718
E07000229,Worthing,34,111400,0.03052064631956912
E07000229,Worthing,6,111400,0.005385996409335727
E07000229,Worthing,4,111400,0.003590664272890485
E07000229,Worthing,0,111400,0
E07000229,Worthing,19,111400,0.017055655296229804
E07000229,Worthing,42,111400,0.03770197486535009
E07000229,Worthing,47,111400,0.0421903052064632
E07000229,Worthing,7,111400,0.0062836624775583485
E07000229,Worthing,0,111400,0
E07000229,Worthing,0,111400,0
E07000229,Worthing,1202,111400,1.0789946140035906
E07000229,Worthing,1565,111400,1.404847396768402
E07000229,Worthing,1563,111400,1.4030520646319569
E07000229,Worthing,301,111400,0.27019748653500897
E07000229,Worthing,56,111400,0.05026929982046679
E07000234,Bromsgrove,0,99200,0
E07000234,Bromsgrove,0,99200,0
E07000234,Bromsgrove,0,99200,0
E07000234,Bromsgrove,0,99200,0
E07000234,Bromsgrove,0,99200,0
E07000234,Bromsgrove,0,99200,0
E07000234,Bromsgrove,0,99200,0
E07000234,Bromsgrove,36601,99200,36.89616935483871
E07000234,Bromsgrove,24313,99200,24.50907258064516
E07000234,Bromsgrove,13246,99200,13.352822580645162
E07000234,Bromsgrove,1421,99200,1.4324596774193548
E07000234,Bromsgrove,163,99200,0.16431451612903225
E07000234,Bromsgrove,0,99200,0
E07000234,Bromsgrove,25,99200,0.025201612903225805
E07000234,Bromsgrove,15,99200,0.015120967741935484
E07000234,Bromsgrove,19,99200,0.019153225806451613
E07000234,Bromsgrove,3,99200,0.0030241935483870967
E07000234,Bromsgrove,0,99200,0
E07000234,Bromsgrove,0,99200,0
E07000234,Bromsgrove,9,99200,0.009072580645161291
E07000234,Bromsgrove,10,99200,0.010080645161290322
E07000234,Bromsgrove,15,99200,0.015120967741935484
E07000234,Bromsgrove,4,99200,0.004032258064516129
E07000234,Bromsgrove,0,99200,0
E07000234,Bromsgrove,0,99200,0
E07000234,Bromsgrove,12,99200,0.012096774193548387
E07000234,Bromsgrove,10,99200,0.010080645161290322
E07000234,Bromsgrove,15,99200,0.015120967741935484
E07000234,Bromsgrove,2,99200,0.0020161290322580645
E07000234,Bromsgrove,0,99200,0
E07000234,Bromsgrove,0,99200,0
E07000234,Bromsgrove,11,99200,0.011088709677419355
E07000234,Bromsgrove,21,99200,0.021169354838709676
E07000234,Bromsgrove,11,99200,0.011088709677419355
E07000234,Bromsgrove,0,99200,0
E07000234,Bromsgrove,0,99200,0
E07000234,Bromsgrove,0,99200,0
E07000234,Bromsgrove,1487,99200,1.498991935483871
E07000234,Bromsgrove,1067,99200,1.0756048387096775
E07000234,Bromsgrove,739,99200,0.7449596774193549
E07000234,Bromsgrove,85,99200,0.08568548387096774
E07000234,Bromsgrove,13,99200,0.01310483870967742
E07000235,Malvern Hills,0,79400,0
E07000235,Malvern Hills,0,79400,0
E07000235,Malvern Hills,0,79400,0
E07000235,Malvern Hills,0,79400,0
E07000235,Malvern Hills,0,79400,0
E07000235,Malvern Hills,0,79400,0
E07000235,Malvern Hills,0,79400,0
E07000235,Malvern Hills,29288,79400,36.886649874055415
E07000235,Malvern Hills,20179,79400,25.41435768261965
E07000235,Malvern Hills,11302,79400,14.23425692695214
E07000235,Malvern Hills,1159,79400,1.4596977329974812
E07000235,Malvern Hills,179,79400,0.22544080604534006
E07000235,Malvern Hills,0,79400,0
E07000235,Malvern Hills,21,79400,0.02644836272040302
E07000235,Malvern Hills,19,79400,0.023929471032745592
E07000235,Malvern Hills,18,79400,0.022670025188916875
E07000235,Malvern Hills,5,79400,0.006297229219143577
E07000235,Malvern Hills,0,79400,0
E07000235,Malvern Hills,0,79400,0
E07000235,Malvern Hills,14,79400,0.017632241813602016
E07000235,Malvern Hills,12,79400,0.015113350125944584
E07000235,Malvern Hills,7,79400,0.008816120906801008
E07000235,Malvern Hills,0,79400,0
E07000235,Malvern Hills,0,79400,0
E07000235,Malvern Hills,0,79400,0
E07000235,Malvern Hills,14,79400,0.017632241813602016
E07000235,Malvern Hills,12,79400,0.015113350125944584
E07000235,Malvern Hills,16,79400,0.020151133501259445
E07000235,Malvern Hills,1,79400,0.0012594458438287153
E07000235,Malvern Hills,1,79400,0.0012594458438287153
E07000235,Malvern Hills,0,79400,0
E07000235,Malvern Hills,10,79400,0.012594458438287154
E07000235,Malvern Hills,23,79400,0.028967254408060455
E07000235,Malvern Hills,10,79400,0.012594458438287154
E07000235,Malvern Hills,1,79400,0.0012594458438287153
E07000235,Malvern Hills,2,79400,0.0025188916876574307
E07000235,Malvern Hills,0,79400,0
E07000235,Malvern Hills,1254,79400,1.579345088161209
E07000235,Malvern Hills,1211,79400,1.5251889168765742
E07000235,Malvern Hills,790,79400,0.9949622166246851
E07000235,Malvern Hills,95,79400,0.11964735516372796
E07000235,Malvern Hills,20,79400,0.02518891687657431
E07000236,Redditch,0,87000,0
E07000236,Redditch,0,87000,0
E07000236,Redditch,0,87000,0
E07000236,Redditch,0,87000,0
E07000236,Redditch,0,87000,0
E07000236,Redditch,0,87000,0
E07000236,Redditch,0,87000,0
E07000236,Redditch,24765,87000,28.46551724137931
E07000236,Redditch,21293,87000,24.47471264367816
E07000236,Redditch,16809,87000,19.320689655172412
E07000236,Redditch,2661,87000,3.0586206896551724
E07000236,Redditch,508,87000,0.5839080459770115
E07000236,Redditch,0,87000,0
E07000236,Redditch,22,87000,0.02528735632183908
E07000236,Redditch,37,87000,0.04252873563218391
E07000236,Redditch,45,87000,0.05172413793103448
E07000236,Redditch,4,87000,0.004597701149425287
E07000236,Redditch,5,87000,0.005747126436781609
E07000236,Redditch,0,87000,0
E07000236,Redditch,7,87000,0.008045977011494253
E07000236,Redditch,14,87000,0.016091954022988506
E07000236,Redditch,23,87000,0.026436781609195402
E07000236,Redditch,5,87000,0.005747126436781609
E07000236,Redditch,1,87000,0.0011494252873563218
E07000236,Redditch,0,87000,0
E07000236,Redditch,11,87000,0.01264367816091954
E07000236,Redditch,19,87000,0.021839080459770115
E07000236,Redditch,21,87000,0.02413793103448276
E07000236,Redditch,0,87000,0
E07000236,Redditch,0,87000,0
E07000236,Redditch,0,87000,0
E07000236,Redditch,13,87000,0.014942528735632184
E07000236,Redditch,9,87000,0.010344827586206896
E07000236,Redditch,17,87000,0.01954022988505747
E07000236,Redditch,3,87000,0.0034482758620689655
E07000236,Redditch,0,87000,0
E07000236,Redditch,0,87000,0
E07000236,Redditch,1035,87000,1.1896551724137931
E07000236,Redditch,1111,87000,1.2770114942528736
E07000236,Redditch,1122,87000,1.289655172413793
E07000236,Redditch,289,87000,0.33218390804597703
E07000236,Redditch,78,87000,0.0896551724137931
E07000237,Worcester,0,103900,0
E07000237,Worcester,0,103900,0
E07000237,Worcester,0,103900,0
E07000237,Worcester,0,103900,0
E07000237,Worcester,0,103900,0
E07000237,Worcester,0,103900,0
E07000237,Worcester,0,103900,0
E07000237,Worcester,27984,103900,26.93358999037536
E07000237,Worcester,27192,103900,26.171318575553418
E07000237,Worcester,20420,103900,19.65351299326275
E07000237,Worcester,2584,103900,2.4870067372473534
E07000237,Worcester,510,103900,0.49085659287776706
E07000237,Worcester,0,103900,0
E07000237,Worcester,32,103900,0.030798845043310877
E07000237,Worcester,33,103900,0.03176130895091434
E07000237,Worcester,64,103900,0.061597690086621755
E07000237,Worcester,11,103900,0.010587102983638113
E07000237,Worcester,9,103900,0.008662175168431183
E07000237,Worcester,0,103900,0
E07000237,Worcester,20,103900,0.019249278152069296
E07000237,Worcester,25,103900,0.02406159769008662
E07000237,Worcester,21,103900,0.02021174205967276
E07000237,Worcester,1,103900,9.624639076034649e-4
E07000237,Worcester,2,103900,0.0019249278152069298
E07000237,Worcester,0,103900,0
E07000237,Worcester,14,103900,0.013474494706448507
E07000237,Worcester,17,103900,0.016361886429258902
E07000237,Worcester,27,103900,0.02598652550529355
E07000237,Worcester,2,103900,0.0019249278152069298
E07000237,Worcester,2,103900,0.0019249278152069298
E07000237,Worcester,0,103900,0
E07000237,Worcester,22,103900,0.021174205967276226
E07000237,Worcester,29,103900,0.02791145332050048
E07000237,Worcester,43,103900,0.04138594802694899
E07000237,Worcester,5,103900,0.004812319538017324
E07000237,Worcester,1,103900,9.624639076034649e-4
E07000237,Worcester,0,103900,0
E07000237,Worcester,1353,103900,1.302213666987488
E07000237,Worcester,1607,103900,1.546679499518768
E07000237,Worcester,1465,103900,1.410009624639076
E07000237,Worcester,272,103900,0.26179018286814243
E07000237,Worcester,63,103900,0.06063522617901829
E07000238,Wychavon,0,132500,0
E07000238,Wychavon,0,132500,0
E07000238,Wychavon,0,132500,0
E07000238,Wychavon,0,132500,0
E07000238,Wychavon,0,132500,0
E07000238,Wychavon,0,132500,0
E07000238,Wychavon,0,132500,0
E07000238,Wychavon,48313,132500,36.462641509433965
E07000238,Wychavon,32645,132500,24.637735849056604
E07000238,Wychavon,20092,132500,15.16377358490566
E07000238,Wychavon,2381,132500,1.7969811320754716
E07000238,Wychavon,386,132500,0.29132075471698116
E07000238,Wychavon,0,132500,0
E07000238,Wychavon,46,132500,0.03471698113207547
E07000238,Wychavon,41,132500,0.030943396226415093
E07000238,Wychavon,45,132500,0.033962264150943396
E07000238,Wychavon,18,132500,0.013584905660377358
E07000238,Wychavon,5,132500,0.0037735849056603774
E07000238,Wychavon,0,132500,0
E07000238,Wychavon,14,132500,0.010566037735849057
E07000238,Wychavon,17,132500,0.012830188679245283
E07000238,Wychavon,13,132500,0.009811320754716982
E07000238,Wychavon,3,132500,0.0022641509433962265
E07000238,Wychavon,1,132500,7.547169811320754e-4
E07000238,Wychavon,0,132500,0
E07000238,Wychavon,10,132500,0.007547169811320755
E07000238,Wychavon,19,132500,0.014339622641509434
E07000238,Wychavon,17,132500,0.012830188679245283
E07000238,Wychavon,2,132500,0.0015094339622641509
E07000238,Wychavon,2,132500,0.0015094339622641509
E07000238,Wychavon,0,132500,0
E07000238,Wychavon,18,132500,0.013584905660377358
E07000238,Wychavon,15,132500,0.011320754716981131
E07000238,Wychavon,19,132500,0.014339622641509434
E07000238,Wychavon,1,132500,7.547169811320754e-4
E07000238,Wychavon,0,132500,0
E07000238,Wychavon,0,132500,0
E07000238,Wychavon,1902,132500,1.4354716981132076
E07000238,Wychavon,1691,132500,1.2762264150943397
E07000238,Wychavon,1312,132500,0.990188679245283
E07000238,Wychavon,189,132500,0.14264150943396225
E07000238,Wychavon,37,132500,0.027924528301886794
E07000239,Wyre Forest,0,101600,0
E07000239,Wyre Forest,0,101600,0
E07000239,Wyre Forest,0,101600,0
E07000239,Wyre Forest,0,101600,0
E07000239,Wyre Forest,0,101600,0
E07000239,Wyre Forest,0,101600,0
E07000239,Wyre Forest,0,101600,0
E07000239,Wyre Forest,30710,101600,30.226377952755904
E07000239,Wyre Forest,28047,101600,27.605314960629922
E07000239,Wyre Forest,17644,101600,17.366141732283463
E07000239,Wyre Forest,2114,101600,2.0807086614173227
E07000239,Wyre Forest,347,101600,0.34153543307086615
E07000239,Wyre Forest,0,101600,0
E07000239,Wyre Forest,29,101600,0.028543307086614175
E07000239,Wyre Forest,23,101600,0.022637795275590553
E07000239,Wyre Forest,30,101600,0.02952755905511811
E07000239,Wyre Forest,8,101600,0.007874015748031496
E07000239,Wyre Forest,0,101600,0
E07000239,Wyre Forest,0,101600,0
E07000239,Wyre Forest,12,101600,0.011811023622047244
E07000239,Wyre Forest,13,101600,0.012795275590551181
E07000239,Wyre Forest,26,101600,0.025590551181102362
E07000239,Wyre Forest,2,101600,0.001968503937007874
E07000239,Wyre Forest,0,101600,0
E07000239,Wyre Forest,0,101600,0
E07000239,Wyre Forest,5,101600,0.004921259842519685
E07000239,Wyre Forest,19,101600,0.018700787401574805
E07000239,Wyre Forest,27,101600,0.0265748031496063
E07000239,Wyre Forest,0,101600,0
E07000239,Wyre Forest,0,101600,0
E07000239,Wyre Forest,0,101600,0
E07000239,Wyre Forest,8,101600,0.007874015748031496
E07000239,Wyre Forest,20,101600,0.01968503937007874
E07000239,Wyre Forest,19,101600,0.018700787401574805
E07000239,Wyre Forest,1,101600,9.84251968503937e-4
E07000239,Wyre Forest,0,101600,0
E07000239,Wyre Forest,0,101600,0
E07000239,Wyre Forest,1589,101600,1.563976377952756
E07000239,Wyre Forest,1608,101600,1.5826771653543308
E07000239,Wyre Forest,1191,101600,1.172244094488189
E07000239,Wyre Forest,185,101600,0.18208661417322836
E07000239,Wyre Forest,17,101600,0.01673228346456693
E07000240,St Albans,0,148200,0
E07000240,St Albans,0,148200,0
E07000240,St Albans,0,148200,0
E07000240,St Albans,0,148200,0
E07000240,St Albans,0,148200,0
E07000240,St Albans,0,148200,0
E07000240,St Albans,0,148200,0
E07000240,St Albans,47465,148200,32.027665317139004
E07000240,St Albans,33509,148200,22.610661268556004
E07000240,St Albans,23465,148200,15.833333333333334
E07000240,St Albans,3745,148200,2.5269905533063426
E07000240,St Albans,869,148200,0.5863697705802969
E07000240,St Albans,0,148200,0
E07000240,St Albans,31,148200,0.020917678812415654
E07000240,St Albans,36,148200,0.024291497975708502
E07000240,St Albans,53,148200,0.03576248313090418
E07000240,St Albans,11,148200,0.007422402159244264
E07000240,St Albans,11,148200,0.007422402159244264
E07000240,St Albans,0,148200,0
E07000240,St Albans,20,148200,0.01349527665317139
E07000240,St Albans,22,148200,0.014844804318488529
E07000240,St Albans,34,148200,0.022941970310391364
E07000240,St Albans,11,148200,0.007422402159244264
E07000240,St Albans,2,148200,0.001349527665317139
E07000240,St Albans,0,148200,0
E07000240,St Albans,18,148200,0.012145748987854251
E07000240,St Albans,23,148200,0.0155195681511471
E07000240,St Albans,28,148200,0.018893387314439947
E07000240,St Albans,8,148200,0.005398110661268556
E07000240,St Albans,1,148200,6.747638326585695e-4
E07000240,St Albans,0,148200,0
E07000240,St Albans,26,148200,0.017543859649122806
E07000240,St Albans,22,148200,0.014844804318488529
E07000240,St Albans,33,148200,0.022267206477732792
E07000240,St Albans,2,148200,0.001349527665317139
E07000240,St Albans,0,148200,0
E07000240,St Albans,0,148200,0
E07000240,St Albans,1854,148200,1.2510121457489878
E07000240,St Albans,1669,148200,1.1261808367071524
E07000240,St Albans,1482,148200,1
E07000240,St Albans,377,148200,0.2543859649122807
E07000240,St Albans,110,148200,0.07422402159244265
E07000241,Welwyn Hatfield,0,119900,0
E07000241,Welwyn Hatfield,0,119900,0
E07000241,Welwyn Hatfield,0,119900,0
E07000241,Welwyn Hatfield,0,119900,0
E07000241,Welwyn Hatfield,0,119900,0
E07000241,Welwyn Hatfield,0,119900,0
E07000241,Welwyn Hatfield,0,119900,0
E07000241,Welwyn Hatfield,28390,119900,23.678065054211842
E07000241,Welwyn Hatfield,27636,119900,23.049207673060884
E07000241,Welwyn Hatfield,24896,119900,20.763969974979148
E07000241,Welwyn Hatfield,4406,119900,3.6747289407839867
E07000241,Welwyn Hatfield,1369,119900,1.1417848206839032
E07000241,Welwyn Hatfield,0,119900,0
E07000241,Welwyn Hatfield,33,119900,0.027522935779816515
E07000241,Welwyn Hatfield,42,119900,0.03502919099249374
E07000241,Welwyn Hatfield,71,119900,0.05921601334445371
E07000241,Welwyn Hatfield,13,119900,0.010842368640533779
E07000241,Welwyn Hatfield,27,119900,0.022518765638031693
E07000241,Welwyn Hatfield,0,119900,0
E07000241,Welwyn Hatfield,27,119900,0.022518765638031693
E07000241,Welwyn Hatfield,26,119900,0.021684737281067557
E07000241,Welwyn Hatfield,40,119900,0.03336113427856547
E07000241,Welwyn Hatfield,9,119900,0.007506255212677231
E07000241,Welwyn Hatfield,4,119900,0.003336113427856547
E07000241,Welwyn Hatfield,0,119900,0
E07000241,Welwyn Hatfield,26,119900,0.021684737281067557
E07000241,Welwyn Hatfield,16,119900,0.013344453711426188
E07000241,Welwyn Hatfield,33,119900,0.027522935779816515
E07000241,Welwyn Hatfield,12,119900,0.010008340283569641
E07000241,Welwyn Hatfield,2,119900,0.0016680567139282735
E07000241,Welwyn Hatfield,0,119900,0
E07000241,Welwyn Hatfield,3,119900,0.0025020850708924102
E07000241,Welwyn Hatfield,31,119900,0.02585487906588824
E07000241,Welwyn Hatfield,44,119900,0.03669724770642202
E07000241,Welwyn Hatfield,6,119900,0.0050041701417848205
E07000241,Welwyn Hatfield,4,119900,0.003336113427856547
E07000241,Welwyn Hatfield,0,119900,0
E07000241,Welwyn Hatfield,1432,119900,1.1943286071726438
E07000241,Welwyn Hatfield,1659,119900,1.3836530442035029
E07000241,Welwyn Hatfield,1569,119900,1.3085904920767306
E07000241,Welwyn Hatfield,384,119900,0.3202668890742285
E07000241,Welwyn Hatfield,223,119900,0.1859883236030025
E07000242,East Hertfordshire,0,150100,0
E07000242,East Hertfordshire,0,150100,0
E07000242,East Hertfordshire,0,150100,0
E07000242,East Hertfordshire,0,150100,0
E07000242,East Hertfordshire,0,150100,0
E07000242,East Hertfordshire,0,150100,0
E07000242,East Hertfordshire,0,150100,0
E07000242,East Hertfordshire,46570,150100,31.025982678214525
E07000242,East Hertfordshire,36893,150100,24.57894736842105
E07000242,East Hertfordshire,26556,150100,17.692205196535642
E07000242,East Hertfordshire,3473,150100,2.3137908061292474
E07000242,East Hertfordshire,507,150100,0.33777481678880744
E07000242,East Hertfordshire,0,150100,0
E07000242,East Hertfordshire,21,150100,0.013990672884743505
E07000242,East Hertfordshire,33,150100,0.021985343104596936
E07000242,East Hertfordshire,39,150100,0.02598267821452365
E07000242,East Hertfordshire,7,150100,0.004663557628247834
E07000242,East Hertfordshire,2,150100,0.0013324450366422385
E07000242,East Hertfordshire,0,150100,0
E07000242,East Hertfordshire,19,150100,0.012658227848101266
E07000242,East Hertfordshire,18,150100,0.011992005329780146
E07000242,East Hertfordshire,26,150100,0.017321785476349102
E07000242,East Hertfordshire,4,150100,0.002664890073284477
E07000242,East Hertfordshire,0,150100,0
E07000242,East Hertfordshire,0,150100,0
E07000242,East Hertfordshire,11,150100,0.0073284477015323115
E07000242,East Hertfordshire,14,150100,0.009327115256495669
E07000242,East Hertfordshire,22,150100,0.014656895403064623
E07000242,East Hertfordshire,6,150100,0.003997335109926716
E07000242,East Hertfordshire,1,150100,6.662225183211193e-4
E07000242,East Hertfordshire,0,150100,0
E07000242,East Hertfordshire,14,150100,0.009327115256495669
E07000242,East Hertfordshire,25,150100,0.016655562958027982
E07000242,East Hertfordshire,37,150100,0.02465023317788141
E07000242,East Hertfordshire,3,150100,0.001998667554963358
E07000242,East Hertfordshire,2,150100,0.0013324450366422385
E07000242,East Hertfordshire,0,150100,0
E07000242,East Hertfordshire,1779,150100,1.1852098600932712
E07000242,East Hertfordshire,1708,150100,1.1379080612924717
E07000242,East Hertfordshire,1606,150100,1.0699533644237176
E07000242,East Hertfordshire,216,150100,0.14390406395736177
E07000242,East Hertfordshire,46,150100,0.030646235842771485
E07000243,Stevenage,0,89500,0
E07000243,Stevenage,0,89500,0
E07000243,Stevenage,0,89500,0
E07000243,Stevenage,0,89500,0
E07000243,Stevenage,0,89500,0
E07000243,Stevenage,0,89500,0
E07000243,Stevenage,0,89500,0
E07000243,Stevenage,18989,89500,21.216759776536314
E07000243,Stevenage,21411,89500,23.92290502793296
E07000243,Stevenage,21703,89500,24.249162011173183
E07000243,Stevenage,3876,89500,4.33072625698324
E07000243,Stevenage,638,89500,0.7128491620111732
E07000243,Stevenage,0,89500,0
E07000243,Stevenage,27,89500,0.030167597765363128
E07000243,Stevenage,35,89500,0.03910614525139665
E07000243,Stevenage,55,89500,0.061452513966480445
E07000243,Stevenage,5,89500,0.00558659217877095
E07000243,Stevenage,5,89500,0.00558659217877095
E07000243,Stevenage,0,89500,0
E07000243,Stevenage,12,89500,0.013407821229050279
E07000243,Stevenage,24,89500,0.026815642458100558
E07000243,Stevenage,33,89500,0.03687150837988827
E07000243,Stevenage,8,89500,0.008938547486033519
E07000243,Stevenage,2,89500,0.0022346368715083797
E07000243,Stevenage,0,89500,0
E07000243,Stevenage,10,89500,0.0111731843575419
E07000243,Stevenage,20,89500,0.0223463687150838
E07000243,Stevenage,39,89500,0.04357541899441341
E07000243,Stevenage,5,89500,0.00558659217877095
E07000243,Stevenage,3,89500,0.0033519553072625698
E07000243,Stevenage,0,89500,0
E07000243,Stevenage,12,89500,0.013407821229050279
E07000243,Stevenage,24,89500,0.026815642458100558
E07000243,Stevenage,22,89500,0.024581005586592177
E07000243,Stevenage,6,89500,0.0067039106145251395
E07000243,Stevenage,0,89500,0
E07000243,Stevenage,0,89500,0
E07000243,Stevenage,901,89500,1.0067039106145252
E07000243,Stevenage,1108,89500,1.2379888268156425
E07000243,Stevenage,1235,89500,1.3798882681564246
E07000243,Stevenage,298,89500,0.3329608938547486
E07000243,Stevenage,70,89500,0.0782122905027933
E07000244,East Suffolk,0,245900,0
E07000244,East Suffolk,0,245900,0
E07000244,East Suffolk,0,245900,0
E07000244,East Suffolk,0,245900,0
E07000244,East Suffolk,0,245900,0
E07000244,East Suffolk,0,245900,0
E07000244,East Suffolk,0,245900,0
E07000244,East Suffolk,83919,245900,34.1272875152501
E07000244,East Suffolk,65641,245900,26.69418462789752
E07000244,East Suffolk,37690,245900,15.32736884912566
E07000244,East Suffolk,4074,245900,1.656771045140301
E07000244,East Suffolk,555,245900,0.22570150467669783
E07000244,East Suffolk,0,245900,0
E07000244,East Suffolk,50,245900,0.020333468889792598
E07000244,East Suffolk,56,245900,0.02277348515656771
E07000244,East Suffolk,93,245900,0.037820252135014235
E07000244,East Suffolk,13,245900,0.005286701911346075
E07000244,East Suffolk,3,245900,0.0012200081333875558
E07000244,East Suffolk,0,245900,0
E07000244,East Suffolk,34,245900,0.013826758845058967
E07000244,East Suffolk,44,245900,0.017893452623017485
E07000244,East Suffolk,46,245900,0.01870679137860919
E07000244,East Suffolk,9,245900,0.0036600244001626678
E07000244,East Suffolk,0,245900,0
E07000244,East Suffolk,0,245900,0
E07000244,East Suffolk,29,245900,0.011793411956079707
E07000244,East Suffolk,39,245900,0.015860105734038225
E07000244,East Suffolk,53,245900,0.021553477023180154
E07000244,East Suffolk,9,245900,0.0036600244001626678
E07000244,East Suffolk,0,245900,0
E07000244,East Suffolk,0,245900,0
E07000244,East Suffolk,42,245900,0.01708011386742578
E07000244,East Suffolk,45,245900,0.018300122000813338
E07000244,East Suffolk,50,245900,0.020333468889792598
E07000244,East Suffolk,8,245900,0.0032533550223668157
E07000244,East Suffolk,3,245900,0.0012200081333875558
E07000244,East Suffolk,0,245900,0
E07000244,East Suffolk,4103,245900,1.6685644570963807
E07000244,East Suffolk,3843,245900,1.562830418869459
E07000244,East Suffolk,2518,245900,1.0239934932899553
E07000244,East Suffolk,284,245900,0.11549410329402196
E07000244,East Suffolk,26,245900,0.01057340382269215
E07000245,West Suffolk,0,179800,0
E07000245,West Suffolk,0,179800,0
E07000245,West Suffolk,0,179800,0
E07000245,West Suffolk,0,179800,0
E07000245,West Suffolk,0,179800,0
E07000245,West Suffolk,0,179800,0
E07000245,West Suffolk,0,179800,0
E07000245,West Suffolk,54647,179800,30.39321468298109
E07000245,West Suffolk,47030,179800,26.156840934371523
E07000245,West Suffolk,30170,179800,16.779755283648498
E07000245,West Suffolk,3423,179800,1.9037819799777531
E07000245,West Suffolk,503,179800,0.27975528364849833
E07000245,West Suffolk,0,179800,0
E07000245,West Suffolk,45,179800,0.02502780867630701
E07000245,West Suffolk,76,179800,0.042269187986651836
E07000245,West Suffolk,87,179800,0.04838709677419355
E07000245,West Suffolk,18,179800,0.010011123470522803
E07000245,West Suffolk,4,179800,0.002224694104560623
E07000245,West Suffolk,0,179800,0
E07000245,West Suffolk,26,179800,0.014460511679644048
E07000245,West Suffolk,34,179800,0.018909899888765295
E07000245,West Suffolk,20,179800,0.011123470522803115
E07000245,West Suffolk,6,179800,0.0033370411568409346
E07000245,West Suffolk,0,179800,0
E07000245,West Suffolk,0,179800,0
E07000245,West Suffolk,19,179800,0.010567296996662959
E07000245,West Suffolk,41,179800,0.022803114571746386
E07000245,West Suffolk,29,179800,0.016129032258064516
E07000245,West Suffolk,4,179800,0.002224694104560623
E07000245,West Suffolk,1,179800,5.561735261401557e-4
E07000245,West Suffolk,0,179800,0
E07000245,West Suffolk,29,179800,0.016129032258064516
E07000245,West Suffolk,37,179800,0.020578420467185762
E07000245,West Suffolk,34,179800,0.018909899888765295
E07000245,West Suffolk,1,179800,5.561735261401557e-4
E07000245,West Suffolk,1,179800,5.561735261401557e-4
E07000245,West Suffolk,0,179800,0
E07000245,West Suffolk,2660,179800,1.4794215795328143
E07000245,West Suffolk,2711,179800,1.5077864293659622
E07000245,West Suffolk,1847,179800,1.0272525027808677
E07000245,West Suffolk,211,179800,0.11735261401557286
E07000245,West Suffolk,56,179800,0.03114571746384872
E07000246,Somerset West and Taunton,0,157400,0
E07000246,Somerset West and Taunton,0,157400,0
E07000246,Somerset West and Taunton,0,157400,0
E07000246,Somerset West and Taunton,0,157400,0
E07000246,Somerset West and Taunton,0,157400,0
E07000246,Somerset West and Taunton,0,157400,0
E07000246,Somerset West and Taunton,0,157400,0
E07000246,Somerset West and Taunton,51128,157400,32.48284625158831
E07000246,Somerset West and Taunton,40034,157400,25.434561626429478
E07000246,Somerset West and Taunton,26319,157400,16.721092757306227
E07000246,Somerset West and Taunton,3022,157400,1.9199491740787802
E07000246,Somerset West and Taunton,404,157400,0.25667090216010163
E07000246,Somerset West and Taunton,0,157400,0
E07000246,Somerset West and Taunton,30,157400,0.01905972045743329
E07000246,Somerset West and Taunton,40,157400,0.025412960609911054
E07000246,Somerset West and Taunton,61,157400,0.03875476493011436
E07000246,Somerset West and Taunton,8,157400,0.005082592121982211
E07000246,Somerset West and Taunton,4,157400,0.0025412960609911056
E07000246,Somerset West and Taunton,0,157400,0
E07000246,Somerset West and Taunton,24,157400,0.015247776365946633
E07000246,Somerset West and Taunton,29,157400,0.018424396442185513
E07000246,Somerset West and Taunton,25,157400,0.01588310038119441
E07000246,Somerset West and Taunton,8,157400,0.005082592121982211
E07000246,Somerset West and Taunton,1,157400,6.353240152477764e-4
E07000246,Somerset West and Taunton,0,157400,0
E07000246,Somerset West and Taunton,22,157400,0.01397712833545108
E07000246,Somerset West and Taunton,23,157400,0.014612452350698857
E07000246,Somerset West and Taunton,28,157400,0.017789072426937738
E07000246,Somerset West and Taunton,3,157400,0.0019059720457433292
E07000246,Somerset West and Taunton,0,157400,0
E07000246,Somerset West and Taunton,0,157400,0
E07000246,Somerset West and Taunton,21,157400,0.013341804320203304
E07000246,Somerset West and Taunton,42,157400,0.026683608640406607
E07000246,Somerset West and Taunton,32,157400,0.020330368487928845
E07000246,Somerset West and Taunton,3,157400,0.0019059720457433292
E07000246,Somerset West and Taunton,3,157400,0.0019059720457433292
E07000246,Somerset West and Taunton,0,157400,0
E07000246,Somerset West and Taunton,2792,157400,1.7738246505717916
E07000246,Somerset West and Taunton,2364,157400,1.5019059720457433
E07000246,Somerset West and Taunton,1784,157400,1.133418043202033
E07000246,Somerset West and Taunton,214,157400,0.13595933926302414
E07000246,Somerset West and Taunton,62,157400,0.03939008894536213
E08000001,Bolton,0,296000,0
E08000001,Bolton,0,296000,0
E08000001,Bolton,0,296000,0
E08000001,Bolton,0,296000,0
E08000001,Bolton,0,296000,0
E08000001,Bolton,0,296000,0
E08000001,Bolton,0,296000,0
E08000001,Bolton,59822,296000,20.210135135135136
E08000001,Bolton,75144,296000,25.386486486486486
E08000001,Bolton,60431,296000,20.415878378378377
E08000001,Bolton,14066,296000,4.752027027027027
E08000001,Bolton,5990,296000,2.0236486486486487
E08000001,Bolton,0,296000,0
E08000001,Bolton,97,296000,0.03277027027027027
E08000001,Bolton,172,296000,0.05810810810810811
E08000001,Bolton,282,296000,0.09527027027027027
E08000001,Bolton,122,296000,0.04121621621621622
E08000001,Bolton,47,296000,0.01587837837837838
E08000001,Bolton,0,296000,0
E08000001,Bolton,31,296000,0.010472972972972974
E08000001,Bolton,83,296000,0.028040540540540542
E08000001,Bolton,121,296000,0.04087837837837838
E08000001,Bolton,48,296000,0.016216216216216217
E08000001,Bolton,9,296000,0.0030405405405405407
E08000001,Bolton,0,296000,0
E08000001,Bolton,38,296000,0.012837837837837839
E08000001,Bolton,102,296000,0.03445945945945946
E08000001,Bolton,121,296000,0.04087837837837838
E08000001,Bolton,44,296000,0.014864864864864866
E08000001,Bolton,7,296000,0.002364864864864865
E08000001,Bolton,0,296000,0
E08000001,Bolton,15,296000,0.005067567567567568
E08000001,Bolton,55,296000,0.018581081081081082
E08000001,Bolton,46,296000,0.015540540540540541
E08000001,Bolton,8,296000,0.002702702702702703
E08000001,Bolton,1,296000,3.3783783783783786e-4
E08000001,Bolton,0,296000,0
E08000001,Bolton,2695,296000,0.910472972972973
E08000001,Bolton,4063,296000,1.3726351351351351
E08000001,Bolton,3941,296000,1.331418918918919
E08000001,Bolton,1349,296000,0.4557432432432432
E08000001,Bolton,1147,296000,0.3875
E08000002,Bury,0,193800,0
E08000002,Bury,0,193800,0
E08000002,Bury,0,193800,0
E08000002,Bury,0,193800,0
E08000002,Bury,0,193800,0
E08000002,Bury,0,193800,0
E08000002,Bury,0,193800,0
E08000002,Bury,47939,193800,24.736326109391126
E08000002,Bury,51332,193800,26.487100103199175
E08000002,Bury,36695,193800,18.934468524251805
E08000002,Bury,6811,193800,3.5144478844169247
E08000002,Bury,2045,193800,1.0552115583075334
E08000002,Bury,0,193800,0
E08000002,Bury,44,193800,0.022703818369453045
E08000002,Bury,80,193800,0.0412796697626419
E08000002,Bury,129,193800,0.06656346749226007
E08000002,Bury,45,193800,0.02321981424148607
E08000002,Bury,24,193800,0.01238390092879257
E08000002,Bury,0,193800,0
E08000002,Bury,26,193800,0.013415892672858616
E08000002,Bury,47,193800,0.024251805985552117
E08000002,Bury,66,193800,0.034055727554179564
E08000002,Bury,18,193800,0.009287925696594427
E08000002,Bury,4,193800,0.0020639834881320948
E08000002,Bury,0,193800,0
E08000002,Bury,34,193800,0.017543859649122806
E08000002,Bury,47,193800,0.024251805985552117
E08000002,Bury,56,193800,0.02889576883384933
E08000002,Bury,6,193800,0.0030959752321981426
E08000002,Bury,2,193800,0.0010319917440660474
E08000002,Bury,0,193800,0
E08000002,Bury,17,193800,0.008771929824561403
E08000002,Bury,40,193800,0.02063983488132095
E08000002,Bury,32,193800,0.016511867905056758
E08000002,Bury,10,193800,0.005159958720330237
E08000002,Bury,1,193800,5.159958720330237e-4
E08000002,Bury,0,193800,0
E08000002,Bury,2067,193800,1.0665634674922602
E08000002,Bury,2507,193800,1.2936016511867905
E08000002,Bury,2248,193800,1.1599587203302373
E08000002,Bury,565,193800,0.2915376676986584
E08000002,Bury,224,193800,0.11558307533539731
E08000003,Manchester,0,552000,0
E08000003,Manchester,0,552000,0
E08000003,Manchester,0,552000,0
E08000003,Manchester,0,552000,0
E08000003,Manchester,0,552000,0
E08000003,Manchester,0,552000,0
E08000003,Manchester,0,552000,0
E08000003,Manchester,72035,552000,13.04981884057971
E08000003,Manchester,119253,552000,21.603804347826088
E08000003,Manchester,142898,552000,25.88731884057971
E08000003,Manchester,35533,552000,6.43713768115942
E08000003,Manchester,13605,552000,2.464673913043478
E08000003,Manchester,0,552000,0
E08000003,Manchester,205,552000,0.03713768115942029
E08000003,Manchester,498,552000,0.09021739130434783
E08000003,Manchester,802,552000,0.14528985507246378
E08000003,Manchester,298,552000,0.05398550724637681
E08000003,Manchester,147,552000,0.026630434782608695
E08000003,Manchester,0,552000,0
E08000003,Manchester,75,552000,0.01358695652173913
E08000003,Manchester,170,552000,0.030797101449275364
E08000003,Manchester,311,552000,0.05634057971014493
E08000003,Manchester,97,552000,0.017572463768115942
E08000003,Manchester,41,552000,0.007427536231884058
E08000003,Manchester,0,552000,0
E08000003,Manchester,81,552000,0.014673913043478261
E08000003,Manchester,177,552000,0.03206521739130435
E08000003,Manchester,296,552000,0.0536231884057971
E08000003,Manchester,103,552000,0.018659420289855073
E08000003,Manchester,48,552000,0.008695652173913044
E08000003,Manchester,0,552000,0
E08000003,Manchester,112,552000,0.020289855072463767
E08000003,Manchester,280,552000,0.050724637681159424
E08000003,Manchester,423,552000,0.0766304347826087
E08000003,Manchester,38,552000,0.006884057971014493
E08000003,Manchester,5,552000,9.057971014492754e-4
E08000003,Manchester,0,552000,0
E08000003,Manchester,4786,552000,0.8670289855072464
E08000003,Manchester,8020,552000,1.4528985507246377
E08000003,Manchester,10759,552000,1.9490942028985507
E08000003,Manchester,3502,552000,0.6344202898550725
E08000003,Manchester,1656,552000,0.3
E08000004,Oldham,0,242100,0
E08000004,Oldham,0,242100,0
E08000004,Oldham,0,242100,0
E08000004,Oldham,0,242100,0
E08000004,Oldham,0,242100,0
E08000004,Oldham,0,242100,0
E08000004,Oldham,0,242100,0
E08000004,Oldham,41824,242100,17.275505989260637
E08000004,Oldham,58904,242100,24.330441966129698
E08000004,Oldham,50829,242100,20.995043370508053
E08000004,Oldham,14272,242100,5.895084675753821
E08000004,Oldham,7235,242100,2.9884345311854608
E08000004,Oldham,0,242100,0
E08000004,Oldham,72,242100,0.02973977695167286
E08000004,Oldham,159,242100,0.06567534076827757
E08000004,Oldham,324,242100,0.13382899628252787
E08000004,Oldham,149,242100,0.06154481619165634
E08000004,Oldham,25,242100,0.010326311441553077
E08000004,Oldham,0,242100,0
E08000004,Oldham,24,242100,0.009913258983890954
E08000004,Oldham,64,242100,0.02643535729037588
E08000004,Oldham,75,242100,0.030978934324659233
E08000004,Oldham,47,242100,0.019413465510119784
E08000004,Oldham,21,242100,0.008674101610904586
E08000004,Oldham,0,242100,0
E08000004,Oldham,23,242100,0.00950020652622883
E08000004,Oldham,61,242100,0.025196199917389507
E08000004,Oldham,98,242100,0.040479140850888065
E08000004,Oldham,46,242100,0.01900041305245766
E08000004,Oldham,14,242100,0.0057827344072697235
E08000004,Oldham,0,242100,0
E08000004,Oldham,12,242100,0.004956629491945477
E08000004,Oldham,26,242100,0.0107393638992152
E08000004,Oldham,33,242100,0.013630731102850062
E08000004,Oldham,8,242100,0.003304419661296985
E08000004,Oldham,5,242100,0.0020652622883106154
E08000004,Oldham,0,242100,0
E08000004,Oldham,1959,242100,0.8091697645600991
E08000004,Oldham,3307,242100,1.365964477488641
E08000004,Oldham,3628,242100,1.4985543163981825
E08000004,Oldham,1454,242100,0.600578273440727
E08000004,Oldham,921,242100,0.38042131350681535
E08000005,Rochdale,0,223800,0
E08000005,Rochdale,0,223800,0
E08000005,Rochdale,0,223800,0
E08000005,Rochdale,0,223800,0
E08000005,Rochdale,0,223800,0
E08000005,Rochdale,0,223800,0
E08000005,Rochdale,0,223800,0
E08000005,Rochdale,45200,223800,20.196604110813226
E08000005,Rochdale,55384,223800,24.74709562109026
E08000005,Rochdale,47065,223800,21.029937444146558
E08000005,Rochdale,11138,223800,4.976764968722073
E08000005,Rochdale,4086,223800,1.8257372654155497
E08000005,Rochdale,0,223800,0
E08000005,Rochdale,68,223800,0.03038427167113494
E08000005,Rochdale,127,223800,0.05674709562109026
E08000005,Rochdale,184,223800,0.08221626452189455
E08000005,Rochdale,67,223800,0.02993744414655943
E08000005,Rochdale,43,223800,0.019213583556747096
E08000005,Rochdale,0,223800,0
E08000005,Rochdale,24,223800,0.010723860589812333
E08000005,Rochdale,55,223800,0.024575513851653262
E08000005,Rochdale,67,223800,0.02993744414655943
E08000005,Rochdale,20,223800,0.008936550491510277
E08000005,Rochdale,13,223800,0.00580875781948168
E08000005,Rochdale,0,223800,0
E08000005,Rochdale,29,223800,0.012957998212689902
E08000005,Rochdale,74,223800,0.03306523681858802
E08000005,Rochdale,70,223800,0.03127792672028597
E08000005,Rochdale,9,223800,0.004021447721179625
E08000005,Rochdale,11,223800,0.004915102770330653
E08000005,Rochdale,0,223800,0
E08000005,Rochdale,14,223800,0.006255585344057194
E08000005,Rochdale,29,223800,0.012957998212689902
E08000005,Rochdale,33,223800,0.014745308310991957
E08000005,Rochdale,9,223800,0.004021447721179625
E08000005,Rochdale,3,223800,0.0013404825737265416
E08000005,Rochdale,0,223800,0
E08000005,Rochdale,1977,223800,0.8833780160857909
E08000005,Rochdale,3016,223800,1.3476318141197499
E08000005,Rochdale,2935,223800,1.311438784629133
E08000005,Rochdale,895,223800,0.3999106344950849
E08000005,Rochdale,424,223800,0.18945487042001788
E08000006,Salford,0,269900,0
E08000006,Salford,0,269900,0
E08000006,Salford,0,269900,0
E08000006,Salford,0,269900,0
E08000006,Salford,0,269900,0
E08000006,Salford,0,269900,0
E08000006,Salford,0,269900,0
E08000006,Salford,48741,269900,18.058910707669508
E08000006,Salford,68448,269900,25.360503890329753
E08000006,Salford,65513,269900,24.273064097814004
E08000006,Salford,11212,269900,4.154131159688774
E08000006,Salford,2959,269900,1.0963319748054836
E08000006,Salford,0,269900,0
E08000006,Salford,68,269900,0.025194516487587994
E08000006,Salford,145,269900,0.053723601333827344
E08000006,Salford,323,269900,0.11967395331604298
E08000006,Salford,105,269900,0.03890329751759911
E08000006,Salford,14,269900,0.005187106335679882
E08000006,Salford,0,269900,0
E08000006,Salford,19,269900,0.007039644312708411
E08000006,Salford,82,269900,0.030381622823267878
E08000006,Salford,105,269900,0.03890329751759911
E08000006,Salford,18,269900,0.006669136717302705
E08000006,Salford,5,269900,0.001852537977028529
E08000006,Salford,0,269900,0
E08000006,Salford,30,269900,0.011115227862171175
E08000006,Salford,71,269900,0.026306039273805114
E08000006,Salford,126,269900,0.04668395702111893
E08000006,Salford,39,269900,0.014449796220822526
E08000006,Salford,4,269900,0.0014820303816228233
E08000006,Salford,0,269900,0
E08000006,Salford,35,269900,0.012967765839199704
E08000006,Salford,98,269900,0.03630974434975917
E08000006,Salford,165,269900,0.06113375324194146
E08000006,Salford,18,269900,0.006669136717302705
E08000006,Salford,4,269900,0.0014820303816228233
E08000006,Salford,0,269900,0
E08000006,Salford,2748,269900,1.0181548721748797
E08000006,Salford,4023,269900,1.4905520563171546
E08000006,Salford,4412,269900,1.634679510929974
E08000006,Salford,1218,269900,0.45127825120414966
E08000006,Salford,513,269900,0.1900703964431271
E08000007,Stockport,0,294800,0
E08000007,Stockport,0,294800,0
E08000007,Stockport,0,294800,0
E08000007,Stockport,0,294800,0
E08000007,Stockport,0,294800,0
E08000007,Stockport,0,294800,0
E08000007,Stockport,0,294800,0
E08000007,Stockport,84484,294800,28.658073270013567
E08000007,Stockport,79385,294800,26.92842605156038
E08000007,Stockport,52470,294800,17.79850746268657
E08000007,Stockport,7510,294800,2.5474898236092267
E08000007,Stockport,1516,294800,0.514246947082768
E08000007,Stockport,0,294800,0
E08000007,Stockport,53,294800,0.01797829036635007
E08000007,Stockport,98,294800,0.03324287652645862
E08000007,Stockport,126,294800,0.042740841248303935
E08000007,Stockport,26,294800,0.008819538670284939
E08000007,Stockport,10,294800,0.0033921302578018998
E08000007,Stockport,0,294800,0
E08000007,Stockport,40,294800,0.013568521031207599
E08000007,Stockport,60,294800,0.0203527815468114
E08000007,Stockport,61,294800,0.020691994572591587
E08000007,Stockport,16,294800,0.005427408412483039
E08000007,Stockport,0,294800,0
E08000007,Stockport,0,294800,0
E08000007,Stockport,37,294800,0.012550881953867029
E08000007,Stockport,41,294800,0.013907734056987787
E08000007,Stockport,67,294800,0.022727272727272728
E08000007,Stockport,13,294800,0.004409769335142469
E08000007,Stockport,2,294800,6.784260515603799e-4
E08000007,Stockport,0,294800,0
E08000007,Stockport,41,294800,0.013907734056987787
E08000007,Stockport,76,294800,0.025780189959294438
E08000007,Stockport,74,294800,0.025101763907734057
E08000007,Stockport,8,294800,0.0027137042062415195
E08000007,Stockport,0,294800,0
E08000007,Stockport,0,294800,0
E08000007,Stockport,3253,294800,1.103459972862958
E08000007,Stockport,3736,294800,1.2672998643147897
E08000007,Stockport,2930,294800,0.9938941655359566
E08000007,Stockport,500,294800,0.16960651289009498
E08000007,Stockport,147,294800,0.049864314789687926
E08000008,Tameside,0,231100,0
E08000008,Tameside,0,231100,0
E08000008,Tameside,0,231100,0
E08000008,Tameside,0,231100,0
E08000008,Tameside,0,231100,0
E08000008,Tameside,0,231100,0
E08000008,Tameside,0,231100,0
E08000008,Tameside,47091,231100,20.37689311986153
E08000008,Tameside,64845,231100,28.059281696235395
E08000008,Tameside,50992,231100,22.06490696668109
E08000008,Tameside,8945,231100,3.8706187797490266
E08000008,Tameside,2388,231100,1.0333189095629598
E08000008,Tameside,0,231100,0
E08000008,Tameside,60,231100,0.025962786672436174
E08000008,Tameside,121,231100,0.05235828645607962
E08000008,Tameside,170,231100,0.07356122890523582
E08000008,Tameside,81,231100,0.03504976200778884
E08000008,Tameside,17,231100,0.0073561228905235825
E08000008,Tameside,0,231100,0
E08000008,Tameside,21,231100,0.009086975335352661
E08000008,Tameside,56,231100,0.024231934227607096
E08000008,Tameside,68,231100,0.02942449156209433
E08000008,Tameside,21,231100,0.009086975335352661
E08000008,Tameside,13,231100,0.005625270445694505
E08000008,Tameside,0,231100,0
E08000008,Tameside,26,231100,0.01125054089138901
E08000008,Tameside,51,231100,0.02206836867157075
E08000008,Tameside,56,231100,0.024231934227607096
E08000008,Tameside,17,231100,0.0073561228905235825
E08000008,Tameside,7,231100,0.003028991778450887
E08000008,Tameside,0,231100,0
E08000008,Tameside,29,231100,0.012548680225010819
E08000008,Tameside,59,231100,0.025530073561228904
E08000008,Tameside,64,231100,0.027693639117265252
E08000008,Tameside,14,231100,0.006057983556901774
E08000008,Tameside,0,231100,0
E08000008,Tameside,0,231100,0
E08000008,Tameside,2010,231100,0.8697533535266119
E08000008,Tameside,3057,231100,1.3228039809606231
E08000008,Tameside,2615,231100,1.13154478580701
E08000008,Tameside,612,231100,0.264820424058849
E08000008,Tameside,288,231100,0.12462137602769364
E08000009,Trafford,0,235100,0
E08000009,Trafford,0,235100,0
E08000009,Trafford,0,235100,0
E08000009,Trafford,0,235100,0
E08000009,Trafford,0,235100,0
E08000009,Trafford,0,235100,0
E08000009,Trafford,0,235100,0
E08000009,Trafford,65655,235100,27.926414291790728
E08000009,Trafford,60549,235100,25.754572522330925
E08000009,Trafford,41035,235100,17.45427477669077
E08000009,Trafford,6687,235100,2.8443215652913656
E08000009,Trafford,1533,235100,0.6520629519353467
E08000009,Trafford,0,235100,0
E08000009,Trafford,66,235100,0.028073160357294766
E08000009,Trafford,80,235100,0.034028073160357296
E08000009,Trafford,102,235100,0.04338579327945555
E08000009,Trafford,23,235100,0.009783071033602722
E08000009,Trafford,7,235100,0.0029774564015312634
E08000009,Trafford,0,235100,0
E08000009,Trafford,33,235100,0.014036580178647383
E08000009,Trafford,51,235100,0.021692896639727774
E08000009,Trafford,61,235100,0.025946405784772437
E08000009,Trafford,19,235100,0.008081667375584857
E08000009,Trafford,1,235100,4.253509145044662e-4
E08000009,Trafford,0,235100,0
E08000009,Trafford,28,235100,0.011909825606125054
E08000009,Trafford,55,235100,0.02339430029774564
E08000009,Trafford,58,235100,0.02467035304125904
E08000009,Trafford,17,235100,0.007230965546575925
E08000009,Trafford,0,235100,0
E08000009,Trafford,0,235100,0
E08000009,Trafford,47,235100,0.01999149298170991
E08000009,Trafford,64,235100,0.027222458528285837
E08000009,Trafford,45,235100,0.019140791152700978
E08000009,Trafford,3,235100,0.0012760527435133986
E08000009,Trafford,3,235100,0.0012760527435133986
E08000009,Trafford,0,235100,0
E08000009,Trafford,2846,235100,1.2105487026797108
E08000009,Trafford,2727,235100,1.1599319438536793
E08000009,Trafford,2324,235100,0.9885155253083794
E08000009,Trafford,475,235100,0.20204168438962145
E08000009,Trafford,178,235100,0.07571246278179498
E08000010,Wigan,0,329300,0
E08000010,Wigan,0,329300,0
E08000010,Wigan,0,329300,0
E08000010,Wigan,0,329300,0
E08000010,Wigan,0,329300,0
E08000010,Wigan,0,329300,0
E08000010,Wigan,0,329300,0
E08000010,Wigan,87632,329300,26.61160036440935
E08000010,Wigan,96828,329300,29.404190707561494
E08000010,Wigan,59855,329300,18.17643486182812
E08000010,Wigan,8108,329300,2.46219252960826
E08000010,Wigan,1287,329300,0.39082903127846946
E08000010,Wigan,0,329300,0
E08000010,Wigan,95,329300,0.028849073792894017
E08000010,Wigan,150,329300,0.045551169146674765
E08000010,Wigan,173,329300,0.0525356817491649
E08000010,Wigan,30,329300,0.009110233829334954
E08000010,Wigan,17,329300,0.00516246583662314
E08000010,Wigan,0,329300,0
E08000010,Wigan,27,329300,0.008199210446401458
E08000010,Wigan,60,329300,0.018220467658669907
E08000010,Wigan,55,329300,0.016702095353780748
E08000010,Wigan,13,329300,0.0039477679927118125
E08000010,Wigan,1,329300,3.036744609778318e-4
E08000010,Wigan,0,329300,0
E08000010,Wigan,40,329300,0.012146978439113271
E08000010,Wigan,80,329300,0.024293956878226542
E08000010,Wigan,84,329300,0.02550865472213787
E08000010,Wigan,11,329300,0.0033404190707561495
E08000010,Wigan,1,329300,3.036744609778318e-4
E08000010,Wigan,0,329300,0
E08000010,Wigan,20,329300,0.0060734892195566355
E08000010,Wigan,42,329300,0.012754327361068934
E08000010,Wigan,54,329300,0.016398420892802915
E08000010,Wigan,4,329300,0.0012146978439113271
E08000010,Wigan,2,329300,6.073489219556636e-4
E08000010,Wigan,0,329300,0
E08000010,Wigan,3370,329300,1.023382933495293
E08000010,Wigan,4385,329300,1.3316125113877924
E08000010,Wigan,3104,329300,0.9426055268751898
E08000010,Wigan,570,329300,0.1730944427573641
E08000010,Wigan,133,329300,0.04038870331005162
E08000011,Knowsley,0,154500,0
E08000011,Knowsley,0,154500,0
E08000011,Knowsley,0,154500,0
E08000011,Knowsley,0,154500,0
E08000011,Knowsley,0,154500,0
E08000011,Knowsley,0,154500,0
E08000011,Knowsley,0,154500,0
E08000011,Knowsley,38535,154500,24.941747572815533
E08000011,Knowsley,43503,154500,28.157281553398057
E08000011,Knowsley,29672,154500,19.205177993527506
E08000011,Knowsley,5020,154500,3.249190938511327
E08000011,Knowsley,783,154500,0.5067961165048543
E08000011,Knowsley,0,154500,0
E08000011,Knowsley,43,154500,0.027831715210355986
E08000011,Knowsley,61,154500,0.039482200647249194
E08000011,Knowsley,70,154500,0.045307443365695796
E08000011,Knowsley,10,154500,0.006472491909385114
E08000011,Knowsley,11,154500,0.007119741100323625
E08000011,Knowsley,0,154500,0
E08000011,Knowsley,12,154500,0.007766990291262136
E08000011,Knowsley,19,154500,0.012297734627831715
E08000011,Knowsley,28,154500,0.018122977346278317
E08000011,Knowsley,4,154500,0.0025889967637540453
E08000011,Knowsley,0,154500,0
E08000011,Knowsley,0,154500,0
E08000011,Knowsley,22,154500,0.01423948220064725
E08000011,Knowsley,30,154500,0.019417475728155338
E08000011,Knowsley,20,154500,0.012944983818770227
E08000011,Knowsley,13,154500,0.008414239482200648
E08000011,Knowsley,1,154500,6.472491909385113e-4
E08000011,Knowsley,0,154500,0
E08000011,Knowsley,8,154500,0.005177993527508091
E08000011,Knowsley,14,154500,0.009061488673139158
E08000011,Knowsley,16,154500,0.010355987055016181
E08000011,Knowsley,4,154500,0.0025889967637540453
E08000011,Knowsley,0,154500,0
E08000011,Knowsley,0,154500,0
E08000011,Knowsley,1778,154500,1.1508090614886732
E08000011,Knowsley,1930,154500,1.249190938511327
E08000011,Knowsley,1542,154500,0.9980582524271845
E08000011,Knowsley,287,154500,0.18576051779935276
E08000011,Knowsley,41,154500,0.026537216828478965
E08000012,Liverpool,0,486100,0
E08000012,Liverpool,0,486100,0
E08000012,Liverpool,0,486100,0
E08000012,Liverpool,0,486100,0
E08000012,Liverpool,0,486100,0
E08000012,Liverpool,0,486100,0
E08000012,Liverpool,0,486100,0
E08000012,Liverpool,104297,486100,21.45587327710348
E08000012,Liverpool,128274,486100,26.38839744908455
E08000012,Liverpool,103817,486100,21.35712816292944
E08000012,Liverpool,16886,486100,3.473770829047521
E08000012,Liverpool,4413,486100,0.9078378934375643
E08000012,Liverpool,0,486100,0
E08000012,Liverpool,180,486100,0.03702941781526435
E08000012,Liverpool,405,486100,0.08331619008434478
E08000012,Liverpool,531,486100,0.10923678255502983
E08000012,Liverpool,139,486100,0.028594939312898582
E08000012,Liverpool,46,486100,0.009463073441678667
E08000012,Liverpool,0,486100,0
E08000012,Liverpool,96,486100,0.01974902283480765
E08000012,Liverpool,129,486100,0.026537749434272784
E08000012,Liverpool,171,486100,0.03517794692450113
E08000012,Liverpool,33,486100,0.0067887265994651304
E08000012,Liverpool,7,486100,0.001440032915038058
E08000012,Liverpool,0,486100,0
E08000012,Liverpool,76,486100,0.01563464307755606
E08000012,Liverpool,124,486100,0.025509154494959885
E08000012,Liverpool,166,486100,0.03414935198518823
E08000012,Liverpool,49,486100,0.010080230405266406
E08000012,Liverpool,3,486100,6.171569635877391e-4
E08000012,Liverpool,0,486100,0
E08000012,Liverpool,74,486100,0.0152232051018309
E08000012,Liverpool,162,486100,0.033326476033737916
E08000012,Liverpool,183,486100,0.03764657477885209
E08000012,Liverpool,24,486100,0.004937255708701913
E08000012,Liverpool,7,486100,0.001440032915038058
E08000012,Liverpool,0,486100,0
E08000012,Liverpool,5463,486100,1.123842830693273
E08000012,Liverpool,6785,486100,1.3958033326476034
E08000012,Liverpool,6441,486100,1.3250360008228759
E08000012,Liverpool,1337,486100,0.27504628677226906
E08000012,Liverpool,556,486100,0.11437975725159433
E08000013,St. Helens,0,183200,0
E08000013,St. Helens,0,183200,0
E08000013,St. Helens,0,183200,0
E08000013,St. Helens,0,183200,0
E08000013,St. Helens,0,183200,0
E08000013,St. Helens,0,183200,0
E08000013,St. Helens,0,183200,0
E08000013,St. Helens,49960,183200,27.270742358078603
E08000013,St. Helens,54392,183200,29.689956331877728
E08000013,St. Helens,33013,183200,18.020196506550217
E08000013,St. Helens,4681,183200,2.555131004366812
E08000013,St. Helens,708,183200,0.3864628820960699
E08000013,St. Helens,0,183200,0
E08000013,St. Helens,58,183200,0.03165938864628821
E08000013,St. Helens,93,183200,0.05076419213973799
E08000013,St. Helens,80,183200,0.043668122270742356
E08000013,St. Helens,14,183200,0.007641921397379912
E08000013,St. Helens,7,183200,0.003820960698689956
E08000013,St. Helens,0,183200,0
E08000013,St. Helens,25,183200,0.013646288209606987
E08000013,St. Helens,39,183200,0.0212882096069869
E08000013,St. Helens,25,183200,0.013646288209606987
E08000013,St. Helens,4,183200,0.002183406113537118
E08000013,St. Helens,2,183200,0.001091703056768559
E08000013,St. Helens,0,183200,0
E08000013,St. Helens,31,183200,0.016921397379912665
E08000013,St. Helens,45,183200,0.024563318777292575
E08000013,St. Helens,37,183200,0.02019650655021834
E08000013,St. Helens,7,183200,0.003820960698689956
E08000013,St. Helens,0,183200,0
E08000013,St. Helens,0,183200,0
E08000013,St. Helens,13,183200,0.007096069868995633
E08000013,St. Helens,24,183200,0.013100436681222707
E08000013,St. Helens,26,183200,0.014192139737991267
E08000013,St. Helens,5,183200,0.0027292576419213972
E08000013,St. Helens,0,183200,0
E08000013,St. Helens,0,183200,0
E08000013,St. Helens,2006,183200,1.0949781659388647
E08000013,St. Helens,2238,183200,1.2216157205240175
E08000013,St. Helens,1533,183200,0.8367903930131004
E08000013,St. Helens,261,183200,0.14246724890829696
E08000013,St. Helens,36,183200,0.019650655021834062
E08000014,Sefton,0,279300,0
E08000014,Sefton,0,279300,0
E08000014,Sefton,0,279300,0
E08000014,Sefton,0,279300,0
E08000014,Sefton,0,279300,0
E08000014,Sefton,0,279300,0
E08000014,Sefton,0,279300,0
E08000014,Sefton,83130,279300,29.763694951664878
E08000014,Sefton,77255,279300,27.660221983530253
E08000014,Sefton,49644,279300,17.774436090225564
E08000014,Sefton,6586,279300,2.358037952022914
E08000014,Sefton,1682,279300,0.6022198353025421
E08000014,Sefton,0,279300,0
E08000014,Sefton,63,279300,0.022556390977443608
E08000014,Sefton,108,279300,0.03866809881847476
E08000014,Sefton,140,279300,0.05012531328320802
E08000014,Sefton,24,279300,0.008592910848549946
E08000014,Sefton,3,279300,0.0010741138560687433
E08000014,Sefton,0,279300,0
E08000014,Sefton,35,279300,0.012531328320802004
E08000014,Sefton,50,279300,0.01790189760114572
E08000014,Sefton,59,279300,0.021124239169351952
E08000014,Sefton,5,279300,0.0017901897601145722
E08000014,Sefton,1,279300,3.5803795202291446e-4
E08000014,Sefton,0,279300,0
E08000014,Sefton,32,279300,0.011457214464733263
E08000014,Sefton,54,279300,0.01933404940923738
E08000014,Sefton,63,279300,0.022556390977443608
E08000014,Sefton,10,279300,0.0035803795202291443
E08000014,Sefton,2,279300,7.160759040458289e-4
E08000014,Sefton,0,279300,0
E08000014,Sefton,28,279300,0.010025062656641603
E08000014,Sefton,47,279300,0.016827783745076978
E08000014,Sefton,49,279300,0.017543859649122806
E08000014,Sefton,8,279300,0.0028643036161833156
E08000014,Sefton,1,279300,3.5803795202291446e-4
E08000014,Sefton,0,279300,0
E08000014,Sefton,3271,279300,1.1711421410669531
E08000014,Sefton,3397,279300,1.2162549230218402
E08000014,Sefton,2543,279300,0.9104905119942714
E08000014,Sefton,370,279300,0.13247404224847834
E08000014,Sefton,244,279300,0.08736126029359112
E08000015,Wirral,0,320200,0
E08000015,Wirral,0,320200,0
E08000015,Wirral,0,320200,0
E08000015,Wirral,0,320200,0
E08000015,Wirral,0,320200,0
E08000015,Wirral,0,320200,0
E08000015,Wirral,0,320200,0
E08000015,Wirral,99384,320200,31.038101186758276
E08000015,Wirral,87683,320200,27.383822610868208
E08000015,Wirral,52480,320200,16.389756402248594
E08000015,Wirral,5847,320200,1.8260462211118051
E08000015,Wirral,977,320200,0.3051217988757027
E08000015,Wirral,0,320200,0
E08000015,Wirral,85,320200,0.026545908806995627
E08000015,Wirral,123,320200,0.038413491567770144
E08000015,Wirral,115,320200,0.03591505309181761
E08000015,Wirral,18,320200,0.005621486570893191
E08000015,Wirral,4,320200,0.0012492192379762648
E08000015,Wirral,0,320200,0
E08000015,Wirral,64,320200,0.019987507807620236
E08000015,Wirral,65,320200,0.020299812617114305
E08000015,Wirral,65,320200,0.020299812617114305
E08000015,Wirral,15,320200,0.004684572142410993
E08000015,Wirral,0,320200,0
E08000015,Wirral,0,320200,0
E08000015,Wirral,52,320200,0.016239850093691444
E08000015,Wirral,65,320200,0.020299812617114305
E08000015,Wirral,52,320200,0.016239850093691444
E08000015,Wirral,10,320200,0.003123048094940662
E08000015,Wirral,2,320200,6.246096189881324e-4
E08000015,Wirral,0,320200,0
E08000015,Wirral,43,320200,0.013429106808244847
E08000015,Wirral,78,320200,0.024359775140537165
E08000015,Wirral,74,320200,0.0231105559025609
E08000015,Wirral,14,320200,0.004372267332916927
E08000015,Wirral,0,320200,0
E08000015,Wirral,0,320200,0
E08000015,Wirral,4343,320200,1.3563397876327294
E08000015,Wirral,4365,320200,1.363210493441599
E08000015,Wirral,2875,320200,0.8978763272954403
E08000015,Wirral,370,320200,0.1155527795128045
E08000015,Wirral,66,320200,0.02061211742660837
E08000016,Barnsley,0,244600,0
E08000016,Barnsley,0,244600,0
E08000016,Barnsley,0,244600,0
E08000016,Barnsley,0,244600,0
E08000016,Barnsley,0,244600,0
E08000016,Barnsley,0,244600,0
E08000016,Barnsley,0,244600,0
E08000016,Barnsley,66537,244600,27.202371218315616
E08000016,Barnsley,73409,244600,30.011856091578085
E08000016,Barnsley,42223,244600,17.26206050695012
E08000016,Barnsley,5308,244600,2.170073589533933
E08000016,Barnsley,795,244600,0.3250204415372036
E08000016,Barnsley,0,244600,0
E08000016,Barnsley,76,244600,0.03107113654946852
E08000016,Barnsley,131,244600,0.053556827473426
E08000016,Barnsley,134,244600,0.05478331970564186
E08000016,Barnsley,26,244600,0.01062959934587081
E08000016,Barnsley,4,244600,0.001635322976287817
E08000016,Barnsley,0,244600,0
E08000016,Barnsley,44,244600,0.017988552739165987
E08000016,Barnsley,50,244600,0.02044153720359771
E08000016,Barnsley,39,244600,0.015944399018806215
E08000016,Barnsley,4,244600,0.001635322976287817
E08000016,Barnsley,0,244600,0
E08000016,Barnsley,0,244600,0
E08000016,Barnsley,32,244600,0.013082583810302535
E08000016,Barnsley,62,244600,0.025347506132461162
E08000016,Barnsley,56,244600,0.022894521668029435
E08000016,Barnsley,3,244600,0.0012264922322158627
E08000016,Barnsley,0,244600,0
E08000016,Barnsley,0,244600,0
E08000016,Barnsley,24,244600,0.009811937857726901
E08000016,Barnsley,43,244600,0.01757972199509403
E08000016,Barnsley,27,244600,0.011038430089942763
E08000016,Barnsley,4,244600,0.001635322976287817
E08000016,Barnsley,0,244600,0
E08000016,Barnsley,0,244600,0
E08000016,Barnsley,2809,244600,1.1484055600981193
E08000016,Barnsley,3544,244600,1.4488961569910057
E08000016,Barnsley,2299,244600,0.9399018806214228
E08000016,Barnsley,354,244600,0.14472608340147178
E08000016,Barnsley,61,244600,0.024938675388389207
E08000017,Doncaster,0,308100,0
E08000017,Doncaster,0,308100,0
E08000017,Doncaster,0,308100,0
E08000017,Doncaster,0,308100,0
E08000017,Doncaster,0,308100,0
E08000017,Doncaster,0,308100,0
E08000017,Doncaster,0,308100,0
E08000017,Doncaster,86933,308100,28.215839013307367
E08000017,Doncaster,84133,308100,27.30704316780266
E08000017,Doncaster,51581,308100,16.741642323920804
E08000017,Doncaster,7800,308100,2.5316455696202533
E08000017,Doncaster,1388,308100,0.4505030834144758
E08000017,Doncaster,0,308100,0
E08000017,Doncaster,133,308100,0.04316780266147355
E08000017,Doncaster,201,308100,0.06523855890944498
E08000017,Doncaster,217,308100,0.07043167802661474
E08000017,Doncaster,68,308100,0.02207075624797144
E08000017,Doncaster,22,308100,0.007140538786108407
E08000017,Doncaster,0,308100,0
E08000017,Doncaster,45,308100,0.014605647517039922
E08000017,Doncaster,80,308100,0.02596559558584875
E08000017,Doncaster,68,308100,0.02207075624797144
E08000017,Doncaster,18,308100,0.005842259006815969
E08000017,Doncaster,4,308100,0.0012982797792924375
E08000017,Doncaster,0,308100,0
E08000017,Doncaster,43,308100,0.013956507627393703
E08000017,Doncaster,80,308100,0.02596559558584875
E08000017,Doncaster,83,308100,0.02693930542031808
E08000017,Doncaster,16,308100,0.00519311911716975
E08000017,Doncaster,5,308100,0.0016228497241155468
E08000017,Doncaster,0,308100,0
E08000017,Doncaster,19,308100,0.006166828951639078
E08000017,Doncaster,49,308100,0.01590392729633236
E08000017,Doncaster,43,308100,0.013956507627393703
E08000017,Doncaster,3,308100,9.737098344693282e-4
E08000017,Doncaster,2,308100,6.491398896462187e-4
E08000017,Doncaster,0,308100,0
E08000017,Doncaster,4183,308100,1.3576760791950666
E08000017,Doncaster,4604,308100,1.4943200259655955
E08000017,Doncaster,3434,308100,1.1145731905225575
E08000017,Doncaster,643,308100,0.20869847452125934
E08000017,Doncaster,133,308100,0.04316780266147355
E08000018,Rotherham,0,265800,0
E08000018,Rotherham,0,265800,0
E08000018,Rotherham,0,265800,0
E08000018,Rotherham,0,265800,0
E08000018,Rotherham,0,265800,0
E08000018,Rotherham,0,265800,0
E08000018,Rotherham,0,265800,0
E08000018,Rotherham,73651,265800,27.709179834462002
E08000018,Rotherham,74985,265800,28.211060948081265
E08000018,Rotherham,44963,265800,16.916102332580888
E08000018,Rotherham,6961,265800,2.6188863807373965
E08000018,Rotherham,1735,265800,0.6527464258841233
E08000018,Rotherham,0,265800,0
E08000018,Rotherham,82,265800,0.030850263355906696
E08000018,Rotherham,177,265800,0.06659142212189616
E08000018,Rotherham,185,265800,0.06960120391271633
E08000018,Rotherham,81,265800,0.030474040632054177
E08000018,Rotherham,72,265800,0.02708803611738149
E08000018,Rotherham,0,265800,0
E08000018,Rotherham,19,265800,0.0071482317531978935
E08000018,Rotherham,54,265800,0.020316027088036117
E08000018,Rotherham,75,265800,0.028216704288939052
E08000018,Rotherham,5,265800,0.0018811136192626034
E08000018,Rotherham,6,265800,0.002257336343115124
E08000018,Rotherham,0,265800,0
E08000018,Rotherham,40,265800,0.015048908954100828
E08000018,Rotherham,57,265800,0.02144469525959368
E08000018,Rotherham,83,265800,0.031226486079759218
E08000018,Rotherham,10,265800,0.003762227238525207
E08000018,Rotherham,7,265800,0.0026335590669676447
E08000018,Rotherham,0,265800,0
E08000018,Rotherham,20,265800,0.007524454477050414
E08000018,Rotherham,43,265800,0.01617757712565839
E08000018,Rotherham,46,265800,0.01730624529721595
E08000018,Rotherham,6,265800,0.002257336343115124
E08000018,Rotherham,0,265800,0
E08000018,Rotherham,0,265800,0
E08000018,Rotherham,3120,265800,1.1738148984198646
E08000018,Rotherham,3731,265800,1.4036869826937548
E08000018,Rotherham,2753,265800,1.0357411587659895
E08000018,Rotherham,528,265800,0.1986455981941309
E08000018,Rotherham,233,265800,0.08765989465763732
E08000019,Sheffield,0,556500,0
E08000019,Sheffield,0,556500,0
E08000019,Sheffield,0,556500,0
E08000019,Sheffield,0,556500,0
E08000019,Sheffield,0,556500,0
E08000019,Sheffield,0,556500,0
E08000019,Sheffield,0,556500,0
E08000019,Sheffield,137939,556500,24.786882300089847
E08000019,Sheffield,134649,556500,24.195687331536387
E08000019,Sheffield,109959,556500,19.759029649595686
E08000019,Sheffield,18777,556500,3.374123989218329
E08000019,Sheffield,5428,556500,0.975381850853549
E08000019,Sheffield,0,556500,0
E08000019,Sheffield,195,556500,0.03504043126684636
E08000019,Sheffield,336,556500,0.06037735849056604
E08000019,Sheffield,583,556500,0.10476190476190476
E08000019,Sheffield,203,556500,0.03647798742138365
E08000019,Sheffield,169,556500,0.03036837376460018
E08000019,Sheffield,0,556500,0
E08000019,Sheffield,113,556500,0.020305480682839175
E08000019,Sheffield,135,556500,0.02425876010781671
E08000019,Sheffield,204,556500,0.036657681940700806
E08000019,Sheffield,44,556500,0.007906558849955076
E08000019,Sheffield,21,556500,0.0037735849056603774
E08000019,Sheffield,0,556500,0
E08000019,Sheffield,76,556500,0.013656783468104223
E08000019,Sheffield,119,556500,0.021383647798742137
E08000019,Sheffield,216,556500,0.03881401617250674
E08000019,Sheffield,40,556500,0.0071877807726864335
E08000019,Sheffield,21,556500,0.0037735849056603774
E08000019,Sheffield,0,556500,0
E08000019,Sheffield,145,556500,0.02605570530098832
E08000019,Sheffield,248,556500,0.044564240790655886
E08000019,Sheffield,308,556500,0.055345911949685536
E08000019,Sheffield,35,556500,0.006289308176100629
E08000019,Sheffield,2,556500,3.5938903863432165e-4
E08000019,Sheffield,0,556500,0
E08000019,Sheffield,7005,556500,1.2587601078167117
E08000019,Sheffield,8062,556500,1.4486972147349506
E08000019,Sheffield,8122,556500,1.4594788858939802
E08000019,Sheffield,1853,556500,0.332973944294699
E08000019,Sheffield,659,556500,0.11841868823000898
E08000021,Newcastle upon Tyne,0,300200,0
E08000021,Newcastle upon Tyne,0,300200,0
E08000021,Newcastle upon Tyne,0,300200,0
E08000021,Newcastle upon Tyne,0,300200,0
E08000021,Newcastle upon Tyne,0,300200,0
E08000021,Newcastle upon Tyne,0,300200,0
E08000021,Newcastle upon Tyne,0,300200,0
E08000021,Newcastle upon Tyne,65194,300200,21.716855429713526
E08000021,Newcastle upon Tyne,77810,300200,25.919387075283144
E08000021,Newcastle upon Tyne,61650,300200,20.5363091272485
E08000021,Newcastle upon Tyne,9366,300200,3.1199200532978013
E08000021,Newcastle upon Tyne,2513,300200,0.8371085942704863
E08000021,Newcastle upon Tyne,0,300200,0
E08000021,Newcastle upon Tyne,111,300200,0.03697534976682212
E08000021,Newcastle upon Tyne,274,300200,0.09127248500999334
E08000021,Newcastle upon Tyne,414,300200,0.13790806129247168
E08000021,Newcastle upon Tyne,86,300200,0.028647568287808126
E08000021,Newcastle upon Tyne,26,300200,0.008660892738174551
E08000021,Newcastle upon Tyne,0,300200,0
E08000021,Newcastle upon Tyne,58,300200,0.019320453031312457
E08000021,Newcastle upon Tyne,100,300200,0.033311125916055964
E08000021,Newcastle upon Tyne,152,300200,0.05063291139240506
E08000021,Newcastle upon Tyne,21,300200,0.0069953364423717525
E08000021,Newcastle upon Tyne,1,300200,3.3311125916055963e-4
E08000021,Newcastle upon Tyne,0,300200,0
E08000021,Newcastle upon Tyne,51,300200,0.01698867421718854
E08000021,Newcastle upon Tyne,121,300200,0.04030646235842771
E08000021,Newcastle upon Tyne,127,300200,0.042305129913391075
E08000021,Newcastle upon Tyne,30,300200,0.009993337774816789
E08000021,Newcastle upon Tyne,9,300200,0.0029980013324450365
E08000021,Newcastle upon Tyne,0,300200,0
E08000021,Newcastle upon Tyne,90,300200,0.029980013324450366
E08000021,Newcastle upon Tyne,173,300200,0.05762824783477682
E08000021,Newcastle upon Tyne,161,300200,0.0536309127248501
E08000021,Newcastle upon Tyne,9,300200,0.0029980013324450365
E08000021,Newcastle upon Tyne,1,300200,3.3311125916055963e-4
E08000021,Newcastle upon Tyne,0,300200,0
E08000021,Newcastle upon Tyne,3122,300200,1.0399733510992673
E08000021,Newcastle upon Tyne,4176,300200,1.391072618254497
E08000021,Newcastle upon Tyne,4213,300200,1.4033977348434377
E08000021,Newcastle upon Tyne,795,300200,0.26482345103264493
E08000021,Newcastle upon Tyne,411,300200,0.13690872751499
E08000022,North Tyneside,0,209000,0
E08000022,North Tyneside,0,209000,0
E08000022,North Tyneside,0,209000,0
E08000022,North Tyneside,0,209000,0
E08000022,North Tyneside,0,209000,0
E08000022,North Tyneside,0,209000,0
E08000022,North Tyneside,0,209000,0
E08000022,North Tyneside,58308,209000,27.898564593301437
E08000022,North Tyneside,63896,209000,30.57224880382775
E08000022,North Tyneside,36983,209000,17.695215311004784
E08000022,North Tyneside,3529,209000,1.6885167464114832
E08000022,North Tyneside,477,209000,0.22822966507177034
E08000022,North Tyneside,0,209000,0
E08000022,North Tyneside,53,209000,0.025358851674641147
E08000022,North Tyneside,107,209000,0.05119617224880383
E08000022,North Tyneside,86,209000,0.04114832535885168
E08000022,North Tyneside,7,209000,0.0033492822966507177
E08000022,North Tyneside,4,209000,0.0019138755980861245
E08000022,North Tyneside,0,209000,0
E08000022,North Tyneside,26,209000,0.012440191387559809
E08000022,North Tyneside,49,209000,0.023444976076555026
E08000022,North Tyneside,43,209000,0.02057416267942584
E08000022,North Tyneside,3,209000,0.0014354066985645933
E08000022,North Tyneside,1,209000,4.784688995215311e-4
E08000022,North Tyneside,0,209000,0
E08000022,North Tyneside,37,209000,0.01770334928229665
E08000022,North Tyneside,45,209000,0.0215311004784689
E08000022,North Tyneside,45,209000,0.0215311004784689
E08000022,North Tyneside,8,209000,0.003827751196172249
E08000022,North Tyneside,0,209000,0
E08000022,North Tyneside,0,209000,0
E08000022,North Tyneside,28,209000,0.013397129186602871
E08000022,North Tyneside,70,209000,0.03349282296650718
E08000022,North Tyneside,47,209000,0.022488038277511963
E08000022,North Tyneside,5,209000,0.0023923444976076554
E08000022,North Tyneside,0,209000,0
E08000022,North Tyneside,0,209000,0
E08000022,North Tyneside,1986,209000,0.9502392344497608
E08000022,North Tyneside,2474,209000,1.183732057416268
E08000022,North Tyneside,1726,209000,0.8258373205741627
E08000022,North Tyneside,189,209000,0.09043062200956938
E08000022,North Tyneside,32,209000,0.015311004784688996
E08000023,South Tyneside,0,147800,0
E08000023,South Tyneside,0,147800,0
E08000023,South Tyneside,0,147800,0
E08000023,South Tyneside,0,147800,0
E08000023,South Tyneside,0,147800,0
E08000023,South Tyneside,0,147800,0
E08000023,South Tyneside,0,147800,0
E08000023,South Tyneside,35231,147800,23.836941813261163
E08000023,South Tyneside,45831,147800,31.008795669824085
E08000023,South Tyneside,30005,147800,20.30108254397835
E08000023,South Tyneside,3171,147800,2.1454668470906633
E08000023,South Tyneside,433,147800,0.2929634641407307
E08000023,South Tyneside,0,147800,0
E08000023,South Tyneside,39,147800,0.02638700947225981
E08000023,South Tyneside,67,147800,0.04533152909336942
E08000023,South Tyneside,59,147800,0.039918809201623814
E08000023,South Tyneside,13,147800,0.008795669824086604
E08000023,South Tyneside,2,147800,0.0013531799729364006
E08000023,South Tyneside,0,147800,0
E08000023,South Tyneside,19,147800,0.012855209742895805
E08000023,South Tyneside,23,147800,0.015561569688768605
E08000023,South Tyneside,29,147800,0.01962110960757781
E08000023,South Tyneside,2,147800,0.0013531799729364006
E08000023,South Tyneside,3,147800,0.0020297699594046007
E08000023,South Tyneside,0,147800,0
E08000023,South Tyneside,21,147800,0.014208389715832206
E08000023,South Tyneside,35,147800,0.02368064952638701
E08000023,South Tyneside,51,147800,0.03450608930987822
E08000023,South Tyneside,1,147800,6.765899864682003e-4
E08000023,South Tyneside,4,147800,0.0027063599458728013
E08000023,South Tyneside,0,147800,0
E08000023,South Tyneside,20,147800,0.013531799729364006
E08000023,South Tyneside,37,147800,0.02503382949932341
E08000023,South Tyneside,31,147800,0.02097428958051421
E08000023,South Tyneside,3,147800,0.0020297699594046007
E08000023,South Tyneside,0,147800,0
E08000023,South Tyneside,0,147800,0
E08000023,South Tyneside,1358,147800,0.918809201623816
E08000023,South Tyneside,2003,147800,1.3552097428958052
E08000023,South Tyneside,1374,147800,0.9296346414073072
E08000023,South Tyneside,199,147800,0.13464140730717186
E08000023,South Tyneside,55,147800,0.03721244925575101
E08000024,Sunderland,0,274200,0
E08000024,Sunderland,0,274200,0
E08000024,Sunderland,0,274200,0
E08000024,Sunderland,0,274200,0
E08000024,Sunderland,0,274200,0
E08000024,Sunderland,0,274200,0
E08000024,Sunderland,0,274200,0
E08000024,Sunderland,66314,274200,24.184536834427426
E08000024,Sunderland,83947,274200,30.61524434719183
E08000024,Sunderland,54289,274200,19.799051787016776
E08000024,Sunderland,6768,274200,2.4682713347921226
E08000024,Sunderland,1173,274200,0.42778993435448576
E08000024,Sunderland,0,274200,0
E08000024,Sunderland,68,274200,0.024799416484318017
E08000024,Sunderland,131,274200,0.047775346462436176
E08000024,Sunderland,164,274200,0.05981035740335521
E08000024,Sunderland,25,274200,0.00911743253099927
E08000024,Sunderland,2,274200,7.293946024799417e-4
E08000024,Sunderland,0,274200,0
E08000024,Sunderland,34,274200,0.012399708242159009
E08000024,Sunderland,54,274200,0.019693654266958426
E08000024,Sunderland,54,274200,0.019693654266958426
E08000024,Sunderland,12,274200,0.00437636761487965
E08000024,Sunderland,3,274200,0.0010940919037199124
E08000024,Sunderland,0,274200,0
E08000024,Sunderland,52,274200,0.018964259664478483
E08000024,Sunderland,77,274200,0.028081692195477754
E08000024,Sunderland,73,274200,0.02662290299051787
E08000024,Sunderland,12,274200,0.00437636761487965
E08000024,Sunderland,5,274200,0.0018234865061998542
E08000024,Sunderland,0,274200,0
E08000024,Sunderland,17,274200,0.006199854121079504
E08000024,Sunderland,63,274200,0.022975929978118162
E08000024,Sunderland,43,274200,0.015681983953318747
E08000024,Sunderland,4,274200,0.0014587892049598833
E08000024,Sunderland,0,274200,0
E08000024,Sunderland,0,274200,0
E08000024,Sunderland,2445,274200,0.8916849015317286
E08000024,Sunderland,3527,274200,1.286287381473377
E08000024,Sunderland,2451,274200,0.8938730853391685
E08000024,Sunderland,400,274200,0.14587892049598833
E08000024,Sunderland,100,274200,0.03646973012399708
E08000025,Birmingham,0,1144900,0
E08000025,Birmingham,0,1144900,0
E08000025,Birmingham,0,1144900,0
E08000025,Birmingham,0,1144900,0
E08000025,Birmingham,0,1144900,0
E08000025,Birmingham,0,1144900,0
E08000025,Birmingham,0,1144900,0
E08000025,Birmingham,189056,1144900,16.51288322124203
E08000025,Birmingham,227670,1144900,19.88557952659621
E08000025,Birmingham,248710,1144900,21.72329461088305
E08000025,Birmingham,81485,1144900,7.117215477334265
E08000025,Birmingham,39635,1144900,3.4618743995108745
E08000025,Birmingham,0,1144900,0
E08000025,Birmingham,522,1144900,0.04559350161586165
E08000025,Birmingham,859,1144900,0.07502838675866888
E08000025,Birmingham,1614,1144900,0.14097301074329635
E08000025,Birmingham,789,1144900,0.0689143156607564
E08000025,Birmingham,290,1144900,0.025329723119923136
E08000025,Birmingham,0,1144900,0
E08000025,Birmingham,185,1144900,0.016158616473054416
E08000025,Birmingham,333,1144900,0.02908550965149795
E08000025,Birmingham,548,1144900,0.047864442309372
E08000025,Birmingham,180,1144900,0.01572189710891781
E08000025,Birmingham,56,1144900,0.004891256878329985
E08000025,Birmingham,0,1144900,0
E08000025,Birmingham,195,1144900,0.017032055201327626
E08000025,Birmingham,348,1144900,0.030395667743907766
E08000025,Birmingham,554,1144900,0.048388505546335926
E08000025,Birmingham,181,1144900,0.015809240981745132
E08000025,Birmingham,86,1144900,0.00751157306314962
E08000025,Birmingham,0,1144900,0
E08000025,Birmingham,165,1144900,0.014411739016507993
E08000025,Birmingham,241,1144900,0.0210498733513844
E08000025,Birmingham,356,1144900,0.031094418726526334
E08000025,Birmingham,43,1144900,0.00375578653157481
E08000025,Birmingham,14,1144900,0.0012228142195824963
E08000025,Birmingham,0,1144900,0
E08000025,Birmingham,13428,1144900,1.1728535243252687
E08000025,Birmingham,17608,1144900,1.537950912743471
E08000025,Birmingham,23468,1144900,2.0497860075115732
E08000025,Birmingham,9359,1144900,0.8174513057908988
E08000025,Birmingham,5249,1144900,0.45846798847060877
E08000026,Coventry,0,345300,0
E08000026,Coventry,0,345300,0
E08000026,Coventry,0,345300,0
E08000026,Coventry,0,345300,0
E08000026,Coventry,0,345300,0
E08000026,Coventry,0,345300,0
E08000026,Coventry,0,345300,0
E08000026,Coventry,69522,345300,20.133796698523025
E08000026,Coventry,80838,345300,23.41094700260643
E08000026,Coventry,70552,345300,20.43208803938604
E08000026,Coventry,16936,345300,4.904720532869968
E08000026,Coventry,5229,345300,1.5143353605560381
E08000026,Coventry,0,345300,0
E08000026,Coventry,166,345300,0.04807413843035042
E08000026,Coventry,281,345300,0.08137851143932812
E08000026,Coventry,430,345300,0.12452939472922096
E08000026,Coventry,161,345300,0.04662612221256878
E08000026,Coventry,74,345300,0.02143064002316826
E08000026,Coventry,0,345300,0
E08000026,Coventry,48,345300,0.013900955690703735
E08000026,Coventry,95,345300,0.027512308137851143
E08000026,Coventry,154,345300,0.04459889950767448
E08000026,Coventry,42,345300,0.01216333622936577
E08000026,Coventry,14,345300,0.00405444540978859
E08000026,Coventry,0,345300,0
E08000026,Coventry,51,345300,0.014769765421372719
E08000026,Coventry,109,345300,0.031566753547639735
E08000026,Coventry,141,345300,0.04083405734144222
E08000026,Coventry,45,345300,0.013032145960034752
E08000026,Coventry,12,345300,0.0034752389226759338
E08000026,Coventry,0,345300,0
E08000026,Coventry,52,345300,0.015059368664929048
E08000026,Coventry,112,345300,0.03243556327830872
E08000026,Coventry,92,345300,0.02664349840718216
E08000026,Coventry,7,345300,0.002027222704894295
E08000026,Coventry,2,345300,5.792064871126556e-4
E08000026,Coventry,0,345300,0
E08000026,Coventry,4759,345300,1.3782218360845642
E08000026,Coventry,5918,345300,1.7138719953663482
E08000026,Coventry,5986,345300,1.7335650159281784
E08000026,Coventry,1752,345300,0.5073848827106864
E08000026,Coventry,584,345300,0.16912829423689546
E08000027,Dudley,0,323500,0
E08000027,Dudley,0,323500,0
E08000027,Dudley,0,323500,0
E08000027,Dudley,0,323500,0
E08000027,Dudley,0,323500,0
E08000027,Dudley,0,323500,0
E08000027,Dudley,0,323500,0
E08000027,Dudley,80918,323500,25.013292117465223
E08000027,Dudley,87267,323500,26.975888717156106
E08000027,Dudley,63254,323500,19.553013910355485
E08000027,Dudley,10234,323500,3.1635239567233384
E08000027,Dudley,2808,323500,0.8680061823802164
E08000027,Dudley,0,323500,0
E08000027,Dudley,112,323500,0.03462132921174652
E08000027,Dudley,142,323500,0.04389489953632148
E08000027,Dudley,192,323500,0.059350850077279756
E08000027,Dudley,59,323500,0.018238021638330756
E08000027,Dudley,22,323500,0.0068006182380216385
E08000027,Dudley,0,323500,0
E08000027,Dudley,30,323500,0.00927357032457496
E08000027,Dudley,57,323500,0.017619783616692426
E08000027,Dudley,86,323500,0.026584234930448224
E08000027,Dudley,21,323500,0.006491499227202473
E08000027,Dudley,5,323500,0.0015455950540958269
E08000027,Dudley,0,323500,0
E08000027,Dudley,35,323500,0.010819165378670788
E08000027,Dudley,52,323500,0.0160741885625966
E08000027,Dudley,90,323500,0.027820710973724884
E08000027,Dudley,15,323500,0.00463678516228748
E08000027,Dudley,5,323500,0.0015455950540958269
E08000027,Dudley,0,323500,0
E08000027,Dudley,26,323500,0.0080370942812983
E08000027,Dudley,54,323500,0.01669242658423493
E08000027,Dudley,49,323500,0.015146831530139104
E08000027,Dudley,7,323500,0.0021638330757341576
E08000027,Dudley,1,323500,3.091190108191654e-4
E08000027,Dudley,0,323500,0
E08000027,Dudley,4583,323500,1.4166924265842349
E08000027,Dudley,4983,323500,1.540340030911901
E08000027,Dudley,4223,323500,1.3054095826893355
E08000027,Dudley,937,323500,0.28964451313755796
E08000027,Dudley,340,323500,0.10510046367851623
E08000028,Sandwell,0,341900,0
E08000028,Sandwell,0,341900,0
E08000028,Sandwell,0,341900,0
E08000028,Sandwell,0,341900,0
E08000028,Sandwell,0,341900,0
E08000028,Sandwell,0,341900,0
E08000028,Sandwell,0,341900,0
E08000028,Sandwell,54289,341900,15.878619479379935
E08000028,Sandwell,79666,341900,23.300965194501316
E08000028,Sandwell,78105,341900,22.844398947060544
E08000028,Sandwell,21537,341900,6.299210295408014
E08000028,Sandwell,9404,341900,2.7505118455688797
E08000028,Sandwell,0,341900,0
E08000028,Sandwell,168,341900,0.04913717461245978
E08000028,Sandwell,292,341900,0.08540508920737058
E08000028,Sandwell,412,341900,0.12050307107341328
E08000028,Sandwell,173,341900,0.050599590523544895
E08000028,Sandwell,79,341900,0.02310617139514478
E08000028,Sandwell,0,341900,0
E08000028,Sandwell,64,341900,0.01871892366188944
E08000028,Sandwell,98,341900,0.028663351857268208
E08000028,Sandwell,144,341900,0.04211757823925124
E08000028,Sandwell,39,341900,0.011406844106463879
E08000028,Sandwell,10,341900,0.0029248318221702253
E08000028,Sandwell,0,341900,0
E08000028,Sandwell,61,341900,0.017841474115238374
E08000028,Sandwell,96,341900,0.028078385492834163
E08000028,Sandwell,114,341900,0.03334308277274057
E08000028,Sandwell,56,341900,0.016379058204153262
E08000028,Sandwell,18,341900,0.005264697279906405
E08000028,Sandwell,0,341900,0
E08000028,Sandwell,20,341900,0.0058496636443404505
E08000028,Sandwell,46,341900,0.013454226381983035
E08000028,Sandwell,39,341900,0.011406844106463879
E08000028,Sandwell,13,341900,0.0038022813688212928
E08000028,Sandwell,2,341900,5.84966364434045e-4
E08000028,Sandwell,0,341900,0
E08000028,Sandwell,3716,341900,1.0868675051184558
E08000028,Sandwell,5857,341900,1.7130739982451009
E08000028,Sandwell,6574,341900,1.922784439894706
E08000028,Sandwell,1976,341900,0.5779467680608364
E08000028,Sandwell,977,341900,0.285756069026031
E08000029,Solihull,0,216200,0
E08000029,Solihull,0,216200,0
E08000029,Solihull,0,216200,0
E08000029,Solihull,0,216200,0
E08000029,Solihull,0,216200,0
E08000029,Solihull,0,216200,0
E08000029,Solihull,0,216200,0
E08000029,Solihull,70226,216200,32.48196114708603
E08000029,Solihull,52587,216200,24.32331174838113
E08000029,Solihull,35136,216200,16.251618871415356
E08000029,Solihull,5538,216200,2.561517113783534
E08000029,Solihull,1092,216200,0.5050878815911193
E08000029,Solihull,0,216200,0
E08000029,Solihull,72,216200,0.03330249768732655
E08000029,Solihull,62,216200,0.028677150786308975
E08000029,Solihull,67,216200,0.030989824236817762
E08000029,Solihull,22,216200,0.010175763182238668
E08000029,Solihull,5,216200,0.002312673450508788
E08000029,Solihull,0,216200,0
E08000029,Solihull,30,216200,0.013876040703052728
E08000029,Solihull,37,216200,0.017113783533765033
E08000029,Solihull,38,216200,0.01757631822386679
E08000029,Solihull,5,216200,0.002312673450508788
E08000029,Solihull,2,216200,9.250693802035153e-4
E08000029,Solihull,0,216200,0
E08000029,Solihull,30,216200,0.013876040703052728
E08000029,Solihull,35,216200,0.016188714153561518
E08000029,Solihull,36,216200,0.016651248843663275
E08000029,Solihull,7,216200,0.0032377428307123032
E08000029,Solihull,3,216200,0.0013876040703052729
E08000029,Solihull,0,216200,0
E08000029,Solihull,24,216200,0.011100832562442183
E08000029,Solihull,32,216200,0.014801110083256245
E08000029,Solihull,27,216200,0.012488436632747455
E08000029,Solihull,3,216200,0.0013876040703052729
E08000029,Solihull,1,216200,4.6253469010175765e-4
E08000029,Solihull,0,216200,0
E08000029,Solihull,3063,216200,1.4167437557816835
E08000029,Solihull,2593,216200,1.1993524514338576
E08000029,Solihull,2028,216200,0.9380203515263644
E08000029,Solihull,369,216200,0.17067530064754857
E08000029,Solihull,65,216200,0.030064754856614247
E08000030,Walsall,0,284100,0
E08000030,Walsall,0,284100,0
E08000030,Walsall,0,284100,0
E08000030,Walsall,0,284100,0
E08000030,Walsall,0,284100,0
E08000030,Walsall,0,284100,0
E08000030,Walsall,0,284100,0
E08000030,Walsall,59549,284100,20.960577261527632
E08000030,Walsall,70096,284100,24.673002463921154
E08000030,Walsall,58606,284100,20.62865188313974
E08000030,Walsall,13402,284100,4.71735304470257
E08000030,Walsall,4247,284100,1.4948961633227738
E08000030,Walsall,0,284100,0
E08000030,Walsall,90,284100,0.03167898627243928
E08000030,Walsall,148,284100,0.052094332981344596
E08000030,Walsall,246,284100,0.08658922914466737
E08000030,Walsall,81,284100,0.028511087645195353
E08000030,Walsall,21,284100,0.007391763463569166
E08000030,Walsall,0,284100,0
E08000030,Walsall,35,284100,0.012319605772615276
E08000030,Walsall,63,284100,0.022175290390707498
E08000030,Walsall,71,284100,0.024991200281590988
E08000030,Walsall,18,284100,0.006335797254487857
E08000030,Walsall,7,284100,0.0024639211545230554
E08000030,Walsall,0,284100,0
E08000030,Walsall,44,284100,0.015487504399859204
E08000030,Walsall,60,284100,0.021119324181626188
E08000030,Walsall,73,284100,0.025695177754311863
E08000030,Walsall,21,284100,0.007391763463569166
E08000030,Walsall,5,284100,0.0017599436818021823
E08000030,Walsall,0,284100,0
E08000030,Walsall,8,284100,0.0028159098908834917
E08000030,Walsall,30,284100,0.010559662090813094
E08000030,Walsall,41,284100,0.014431538190777896
E08000030,Walsall,7,284100,0.0024639211545230554
E08000030,Walsall,0,284100,0
E08000030,Walsall,0,284100,0
E08000030,Walsall,3744,284100,1.3178458289334742
E08000030,Walsall,4497,284100,1.5828933474128828
E08000030,Walsall,4416,284100,1.5543822597676875
E08000030,Walsall,1251,284100,0.440337909186906
E08000030,Walsall,512,284100,0.18021823301654347
E08000031,Wolverhampton,0,263700,0
E08000031,Wolverhampton,0,263700,0
E08000031,Wolverhampton,0,263700,0
E08000031,Wolverhampton,0,263700,0
E08000031,Wolverhampton,0,263700,0
E08000031,Wolverhampton,0,263700,0
E08000031,Wolverhampton,0,263700,0
E08000031,Wolverhampton,49786,263700,18.87978763746682
E08000031,Wolverhampton,62546,263700,23.718619643534318
E08000031,Wolverhampton,59218,263700,22.456579446340537
E08000031,Wolverhampton,13785,263700,5.2275312855517635
E08000031,Wolverhampton,3629,263700,1.3761850587789155
E08000031,Wolverhampton,0,263700,0
E08000031,Wolverhampton,113,263700,0.0428517254455821
E08000031,Wolverhampton,237,263700,0.08987485779294653
E08000031,Wolverhampton,350,263700,0.13272658323852862
E08000031,Wolverhampton,89,263700,0.03375047402351156
E08000031,Wolverhampton,30,263700,0.011376564277588168
E08000031,Wolverhampton,0,263700,0
E08000031,Wolverhampton,45,263700,0.017064846416382253
E08000031,Wolverhampton,92,263700,0.034888130451270385
E08000031,Wolverhampton,107,263700,0.04057641259006447
E08000031,Wolverhampton,42,263700,0.015927189988623434
E08000031,Wolverhampton,18,263700,0.006825938566552901
E08000031,Wolverhampton,0,263700,0
E08000031,Wolverhampton,77,263700,0.0291998483124763
E08000031,Wolverhampton,111,263700,0.04209328782707622
E08000031,Wolverhampton,131,263700,0.049677664012135005
E08000031,Wolverhampton,37,263700,0.014031095942358742
E08000031,Wolverhampton,35,263700,0.013272658323852863
E08000031,Wolverhampton,0,263700,0
E08000031,Wolverhampton,20,263700,0.0075843761850587785
E08000031,Wolverhampton,56,263700,0.02123625331816458
E08000031,Wolverhampton,47,263700,0.01782328403488813
E08000031,Wolverhampton,12,263700,0.004550625711035267
E08000031,Wolverhampton,0,263700,0
E08000031,Wolverhampton,0,263700,0
E08000031,Wolverhampton,3488,263700,1.3227152066742511
E08000031,Wolverhampton,4621,263700,1.7523701175578308
E08000031,Wolverhampton,4681,263700,1.7751232461130073
E08000031,Wolverhampton,1242,263700,0.4709897610921502
E08000031,Wolverhampton,445,263700,0.16875237011755784
E08000032,Bradford,0,546400,0
E08000032,Bradford,0,546400,0
E08000032,Bradford,0,546400,0
E08000032,Bradford,0,546400,0
E08000032,Bradford,0,546400,0
E08000032,Bradford,0,546400,0
E08000032,Bradford,0,546400,0
E08000032,Bradford,113745,546400,20.81716691068814
E08000032,Bradford,126904,546400,23.225475841874086
E08000032,Bradford,105128,546400,19.240117130307468
E08000032,Bradford,25886,546400,4.737554904831625
E08000032,Bradford,10764,546400,1.9699853587115665
E08000032,Bradford,0,546400,0
E08000032,Bradford,278,546400,0.05087847730600293
E08000032,Bradford,448,546400,0.08199121522693997
E08000032,Bradford,615,546400,0.11255490483162518
E08000032,Bradford,207,546400,0.03788433382137628
E08000032,Bradford,145,546400,0.026537335285505125
E08000032,Bradford,0,546400,0
E08000032,Bradford,90,546400,0.016471449487554905
E08000032,Bradford,136,546400,0.024890190336749635
E08000032,Bradford,203,546400,0.03715226939970717
E08000032,Bradford,49,546400,0.00896778916544656
E08000032,Bradford,28,546400,0.005124450951683748
E08000032,Bradford,0,546400,0
E08000032,Bradford,100,546400,0.018301610541727673
E08000032,Bradford,117,546400,0.021412884333821377
E08000032,Bradford,228,546400,0.04172767203513909
E08000032,Bradford,44,546400,0.008052708638360176
E08000032,Bradford,27,546400,0.004941434846266472
E08000032,Bradford,0,546400,0
E08000032,Bradford,48,546400,0.008784773060029283
E08000032,Bradford,83,546400,0.015190336749633968
E08000032,Bradford,119,546400,0.02177891654465593
E08000032,Bradford,10,546400,0.0018301610541727673
E08000032,Bradford,3,546400,5.490483162518302e-4
E08000032,Bradford,0,546400,0
E08000032,Bradford,6984,546400,1.2781844802342606
E08000032,Bradford,9273,546400,1.697108345534407
E08000032,Bradford,9475,546400,1.734077598828697
E08000032,Bradford,3234,546400,0.5918740849194729
E08000032,Bradford,1794,546400,0.3283308931185944
E08000033,Calderdale,0,206600,0
E08000033,Calderdale,0,206600,0
E08000033,Calderdale,0,206600,0
E08000033,Calderdale,0,206600,0
E08000033,Calderdale,0,206600,0
E08000033,Calderdale,0,206600,0
E08000033,Calderdale,0,206600,0
E08000033,Calderdale,51873,206600,25.107938044530492
E08000033,Calderdale,57023,206600,27.600677637947726
E08000033,Calderdale,39820,206600,19.273959341723135
E08000033,Calderdale,5787,206600,2.8010648596321395
E08000033,Calderdale,1373,206600,0.6645692158760891
E08000033,Calderdale,0,206600,0
E08000033,Calderdale,55,206600,0.026621490803484995
E08000033,Calderdale,93,206600,0.04501452081316554
E08000033,Calderdale,125,206600,0.060503388189738626
E08000033,Calderdale,55,206600,0.026621490803484995
E08000033,Calderdale,5,206600,0.002420135527589545
E08000033,Calderdale,0,206600,0
E08000033,Calderdale,31,206600,0.015004840271055178
E08000033,Calderdale,54,206600,0.026137463697967087
E08000033,Calderdale,53,206600,0.025653436592449178
E08000033,Calderdale,16,206600,0.007744433688286544
E08000033,Calderdale,2,206600,9.68054211035818e-4
E08000033,Calderdale,0,206600,0
E08000033,Calderdale,26,206600,0.012584704743465635
E08000033,Calderdale,41,206600,0.01984511132623427
E08000033,Calderdale,45,206600,0.021781219748305904
E08000033,Calderdale,14,206600,0.006776379477250726
E08000033,Calderdale,6,206600,0.002904162633107454
E08000033,Calderdale,0,206600,0
E08000033,Calderdale,39,206600,0.01887705711519845
E08000033,Calderdale,61,206600,0.02952565343659245
E08000033,Calderdale,51,206600,0.024685382381413358
E08000033,Calderdale,2,206600,9.68054211035818e-4
E08000033,Calderdale,0,206600,0
E08000033,Calderdale,0,206600,0
E08000033,Calderdale,2223,206600,1.0759922555663117
E08000033,Calderdale,3142,206600,1.52081316553727
E08000033,Calderdale,2646,206600,1.2807357212003871
E08000033,Calderdale,537,206600,0.2599225556631171
E08000033,Calderdale,183,206600,0.08857696030977735
E08000034,Kirklees,0,433300,0
E08000034,Kirklees,0,433300,0
E08000034,Kirklees,0,433300,0
E08000034,Kirklees,0,433300,0
E08000034,Kirklees,0,433300,0
E08000034,Kirklees,0,433300,0
E08000034,Kirklees,0,433300,0
E08000034,Kirklees,105165,433300,24.270713131779367
E08000034,Kirklees,108106,433300,24.949457650588506
E08000034,Kirklees,83181,433300,19.197092084006464
E08000034,Kirklees,17297,433300,3.991922455573506
E08000034,Kirklees,5235,433300,1.20816985921994
E08000034,Kirklees,0,433300,0
E08000034,Kirklees,122,433300,0.028156012000923148
E08000034,Kirklees,200,433300,0.04615739672282483
E08000034,Kirklees,280,433300,0.06462035541195477
E08000034,Kirklees,108,433300,0.02492499423032541
E08000034,Kirklees,39,433300,0.009000692360950842
E08000034,Kirklees,0,433300,0
E08000034,Kirklees,69,433300,0.015924301869374567
E08000034,Kirklees,82,433300,0.01892453265635818
E08000034,Kirklees,112,433300,0.025848142164781908
E08000034,Kirklees,21,433300,0.004846526655896607
E08000034,Kirklees,5,433300,0.0011539349180706207
E08000034,Kirklees,0,433300,0
E08000034,Kirklees,51,433300,0.011770136164320332
E08000034,Kirklees,77,433300,0.017770597738287562
E08000034,Kirklees,139,433300,0.03207939072236326
E08000034,Kirklees,27,433300,0.006231248557581353
E08000034,Kirklees,11,433300,0.002538656819755366
E08000034,Kirklees,0,433300,0
E08000034,Kirklees,48,433300,0.011077775213477959
E08000034,Kirklees,87,433300,0.020078467574428802
E08000034,Kirklees,87,433300,0.020078467574428802
E08000034,Kirklees,10,433300,0.0023078698361412415
E08000034,Kirklees,1,433300,2.3078698361412417e-4
E08000034,Kirklees,0,433300,0
E08000034,Kirklees,4908,433300,1.1327025155781214
E08000034,Kirklees,6502,433300,1.5005769674590352
E08000034,Kirklees,6195,433300,1.4297253634894993
E08000034,Kirklees,1934,433300,0.44634202630971614
E08000034,Kirklees,715,433300,0.1650126932840988
E08000035,Leeds,0,812000,0
E08000035,Leeds,0,812000,0
E08000035,Leeds,0,812000,0
E08000035,Leeds,0,812000,0
E08000035,Leeds,0,812000,0
E08000035,Leeds,0,812000,0
E08000035,Leeds,0,812000,0
E08000035,Leeds,198382,812000,24.43128078817734
E08000035,Leeds,203658,812000,25.08103448275862
E08000035,Leeds,161662,812000,19.90911330049261
E08000035,Leeds,26524,812000,3.266502463054187
E08000035,Leeds,6212,812000,0.765024630541872
E08000035,Leeds,0,812000,0
E08000035,Leeds,307,812000,0.03780788177339901
E08000035,Leeds,504,812000,0.06206896551724138
E08000035,Leeds,896,812000,0.1103448275862069
E08000035,Leeds,267,812000,0.032881773399014776
E08000035,Leeds,72,812000,0.008866995073891626
E08000035,Leeds,0,812000,0
E08000035,Leeds,148,812000,0.018226600985221674
E08000035,Leeds,221,812000,0.027216748768472906
E08000035,Leeds,284,812000,0.034975369458128076
E08000035,Leeds,82,812000,0.010098522167487686
E08000035,Leeds,18,812000,0.0022167487684729066
E08000035,Leeds,0,812000,0
E08000035,Leeds,127,812000,0.015640394088669952
E08000035,Leeds,211,812000,0.025985221674876848
E08000035,Leeds,288,812000,0.035467980295566505
E08000035,Leeds,68,812000,0.008374384236453201
E08000035,Leeds,23,812000,0.002832512315270936
E08000035,Leeds,0,812000,0
E08000035,Leeds,224,812000,0.027586206896551724
E08000035,Leeds,307,812000,0.03780788177339901
E08000035,Leeds,412,812000,0.05073891625615764
E08000035,Leeds,48,812000,0.005911330049261084
E08000035,Leeds,8,812000,9.852216748768472e-4
E08000035,Leeds,0,812000,0
E08000035,Leeds,9595,812000,1.1816502463054188
E08000035,Leeds,11701,812000,1.4410098522167487
E08000035,Leeds,11305,812000,1.3922413793103448
E08000035,Leeds,2716,812000,0.33448275862068966
E08000035,Leeds,897,812000,0.11046798029556651
E08000036,Wakefield,0,353300,0
E08000036,Wakefield,0,353300,0
E08000036,Wakefield,0,353300,0
E08000036,Wakefield,0,353300,0
E08000036,Wakefield,0,353300,0
E08000036,Wakefield,0,353300,0
E08000036,Wakefield,0,353300,0
E08000036,Wakefield,95283,353300,26.969431078403623
E08000036,Wakefield,101883,353300,28.837531842626664
E08000036,Wakefield,61675,353300,17.456835550523635
E08000036,Wakefield,8615,353300,2.4384375884517406
E08000036,Wakefield,1712,353300,0.4845740164166431
E08000036,Wakefield,0,353300,0
E08000036,Wakefield,102,353300,0.02887064817435607
E08000036,Wakefield,191,353300,0.054061703934333426
E08000036,Wakefield,209,353300,0.059156524200396264
E08000036,Wakefield,50,353300,0.014152278516841211
E08000036,Wakefield,17,353300,0.004811774695726012
E08000036,Wakefield,0,353300,0
E08000036,Wakefield,62,353300,0.0175488253608831
E08000036,Wakefield,69,353300,0.019530144353240873
E08000036,Wakefield,76,353300,0.02151146334559864
E08000036,Wakefield,13,353300,0.003679592414378715
E08000036,Wakefield,2,353300,5.660911406736484e-4
E08000036,Wakefield,0,353300,0
E08000036,Wakefield,37,353300,0.010472686102462497
E08000036,Wakefield,90,353300,0.02547410133031418
E08000036,Wakefield,91,353300,0.025757146900651003
E08000036,Wakefield,7,353300,0.0019813189923577695
E08000036,Wakefield,2,353300,5.660911406736484e-4
E08000036,Wakefield,0,353300,0
E08000036,Wakefield,26,353300,0.00735918482875743
E08000036,Wakefield,63,353300,0.017831870931219927
E08000036,Wakefield,70,353300,0.019813189923577695
E08000036,Wakefield,6,353300,0.0016982734220209455
E08000036,Wakefield,2,353300,5.660911406736484e-4
E08000036,Wakefield,0,353300,0
E08000036,Wakefield,4079,353300,1.154542881403906
E08000036,Wakefield,5137,353300,1.454005094820266
E08000036,Wakefield,3618,353300,1.02405887347863
E08000036,Wakefield,656,353300,0.1856778941409567
E08000036,Wakefield,201,353300,0.05689215963770167
E08000037,Gateshead,0,196100,0
E08000037,Gateshead,0,196100,0
E08000037,Gateshead,0,196100,0
E08000037,Gateshead,0,196100,0
E08000037,Gateshead,0,196100,0
E08000037,Gateshead,0,196100,0
E08000037,Gateshead,0,196100,0
E08000037,Gateshead,46224,196100,23.57164711881693
E08000037,Gateshead,61728,196100,31.47781744008159
E08000037,Gateshead,38477,196100,19.62111167771545
E08000037,Gateshead,4661,196100,2.3768485466598674
E08000037,Gateshead,745,196100,0.37990821009688935
E08000037,Gateshead,0,196100,0
E08000037,Gateshead,52,196100,0.026517083120856707
E08000037,Gateshead,127,196100,0.0647628760836308
E08000037,Gateshead,132,196100,0.06731259561448241
E08000037,Gateshead,30,196100,0.015298317185109638
E08000037,Gateshead,10,196100,0.005099439061703213
E08000037,Gateshead,0,196100,0
E08000037,Gateshead,18,196100,0.009178990311065782
E08000037,Gateshead,40,196100,0.02039775624681285
E08000037,Gateshead,41,196100,0.020907700152983173
E08000037,Gateshead,9,196100,0.004589495155532891
E08000037,Gateshead,0,196100,0
E08000037,Gateshead,0,196100,0
E08000037,Gateshead,23,196100,0.011728709841917389
E08000037,Gateshead,48,196100,0.02447730749617542
E08000037,Gateshead,44,196100,0.022437531871494134
E08000037,Gateshead,7,196100,0.0035696073431922487
E08000037,Gateshead,1,196100,5.099439061703213e-4
E08000037,Gateshead,0,196100,0
E08000037,Gateshead,22,196100,0.011218765935747067
E08000037,Gateshead,67,196100,0.034166241713411524
E08000037,Gateshead,41,196100,0.020907700152983173
E08000037,Gateshead,2,196100,0.0010198878123406426
E08000037,Gateshead,0,196100,0
E08000037,Gateshead,0,196100,0
E08000037,Gateshead,1743,196100,0.88883222845487
E08000037,Gateshead,2594,196100,1.3227944926058133
E08000037,Gateshead,1868,196100,0.9525752167261601
E08000037,Gateshead,345,196100,0.17593064762876084
E08000037,Gateshead,113,196100,0.057623661397246305
E09000001,City of London,0,8600,0
E09000001,City of London,0,8600,0
E09000001,City of London,0,8600,0
E09000001,City of London,0,8600,0
E09000001,City of London,0,8600,0
E09000001,City of London,0,8600,0
E09000001,City of London,0,8600,0
E09000001,City of London,626,8600,7.27906976744186
E09000001,City of London,1724,8600,20.046511627906977
E09000001,City of London,4264,8600,49.58139534883721
E09000001,City of London,486,8600,5.651162790697675
E09000001,City of London,97,8600,1.127906976744186
E09000001,City of London,0,8600,0
E09000001,City of London,0,8600,0
E09000001,City of London,1,8600,0.011627906976744186
E09000001,City of London,7,8600,0.08139534883720931
E09000001,City of London,1,8600,0.011627906976744186
E09000001,City of London,0,8600,0
E09000001,City of London,0,8600,0
E09000001,City of London,1,8600,0.011627906976744186
E09000001,City of London,0,8600,0
E09000001,City of London,11,8600,0.12790697674418605
E09000001,City of London,0,8600,0
E09000001,City of London,0,8600,0
E09000001,City of London,0,8600,0
E09000001,City of London,0,8600,0
E09000001,City of London,1,8600,0.011627906976744186
E09000001,City of London,4,8600,0.046511627906976744
E09000001,City of London,0,8600,0
E09000001,City of London,0,8600,0
E09000001,City of London,0,8600,0
E09000001,City of London,0,8600,0
E09000001,City of London,3,8600,0.03488372093023256
E09000001,City of London,8,8600,0.09302325581395349
E09000001,City of London,2,8600,0.023255813953488372
E09000001,City of London,0,8600,0
E09000001,City of London,0,8600,0
E09000001,City of London,52,8600,0.6046511627906976
E09000001,City of London,118,8600,1.372093023255814
E09000001,City of London,342,8600,3.9767441860465116
E09000001,City of London,46,8600,0.5348837209302325
E09000001,City of London,29,8600,0.3372093023255814
E09000002,Barking and Dagenham,0,218900,0
E09000002,Barking and Dagenham,0,218900,0
E09000002,Barking and Dagenham,0,218900,0
E09000002,Barking and Dagenham,0,218900,0
E09000002,Barking and Dagenham,0,218900,0
E09000002,Barking and Dagenham,0,218900,0
E09000002,Barking and Dagenham,0,218900,0
E09000002,Barking and Dagenham,16031,218900,7.323435358611238
E09000002,Barking and Dagenham,34113,218900,15.583828232069438
E09000002,Barking and Dagenham,59276,218900,27.079031521242577
E09000002,Barking and Dagenham,26400,218900,12.06030150753769
E09000002,Barking and Dagenham,9767,218900,4.4618547281863865
E09000002,Barking and Dagenham,0,218900,0
E09000002,Barking and Dagenham,97,218900,0.04431247144814984
E09000002,Barking and Dagenham,171,218900,0.07811786203746003
E09000002,Barking and Dagenham,425,218900,0.19415258108725444
E09000002,Barking and Dagenham,245,218900,0.11192325262677022
E09000002,Barking and Dagenham,77,218900,0.035175879396984924
E09000002,Barking and Dagenham,0,218900,0
E09000002,Barking and Dagenham,24,218900,0.0109639104613979
E09000002,Barking and Dagenham,71,218900,0.03243490178163545
E09000002,Barking and Dagenham,178,218900,0.08131566925536775
E09000002,Barking and Dagenham,109,218900,0.04979442667884879
E09000002,Barking and Dagenham,24,218900,0.0109639104613979
E09000002,Barking and Dagenham,0,218900,0
E09000002,Barking and Dagenham,27,218900,0.012334399269072635
E09000002,Barking and Dagenham,78,218900,0.03563270899954317
E09000002,Barking and Dagenham,155,218900,0.0708085883965281
E09000002,Barking and Dagenham,92,218900,0.04202832343535861
E09000002,Barking and Dagenham,33,218900,0.01507537688442211
E09000002,Barking and Dagenham,0,218900,0
E09000002,Barking and Dagenham,8,218900,0.003654636820465966
E09000002,Barking and Dagenham,16,218900,0.007309273640931932
E09000002,Barking and Dagenham,31,218900,0.01416171767930562
E09000002,Barking and Dagenham,7,218900,0.0031978072179077205
E09000002,Barking and Dagenham,7,218900,0.0031978072179077205
E09000002,Barking and Dagenham,0,218900,0
E09000002,Barking and Dagenham,1305,218900,0.5961626313385108
E09000002,Barking and Dagenham,2920,218900,1.3339424394700776
E09000002,Barking and Dagenham,5176,218900,2.36455002284148
E09000002,Barking and Dagenham,2799,218900,1.27866605756053
E09000002,Barking and Dagenham,1210,218900,0.5527638190954773
E09000003,Barnet,0,389300,0
E09000003,Barnet,0,389300,0
E09000003,Barnet,0,389300,0
E09000003,Barnet,0,389300,0
E09000003,Barnet,0,389300,0
E09000003,Barnet,0,389300,0
E09000003,Barnet,0,389300,0
E09000003,Barnet,77341,389300,19.8666837914205
E09000003,Barnet,74276,389300,19.07937323400976
E09000003,Barnet,90054,389300,23.132288723349603
E09000003,Barnet,28216,389300,7.2478808117133315
E09000003,Barnet,8783,389300,2.25610069355253
E09000003,Barnet,0,389300,0
E09000003,Barnet,149,389300,0.0382738248137683
E09000003,Barnet,215,389300,0.055227331107115335
E09000003,Barnet,539,389300,0.13845363472900077
E09000003,Barnet,309,389300,0.07937323400976111
E09000003,Barnet,148,389300,0.03801695350629335
E09000003,Barnet,0,389300,0
E09000003,Barnet,67,389300,0.01721037760082199
E09000003,Barnet,116,389300,0.029797071667094787
E09000003,Barnet,189,389300,0.0485486771127665
E09000003,Barnet,70,389300,0.017980991523246854
E09000003,Barnet,19,389300,0.004880554842024146
E09000003,Barnet,0,389300,0
E09000003,Barnet,72,389300,0.018494734138196762
E09000003,Barnet,72,389300,0.018494734138196762
E09000003,Barnet,202,389300,0.05188800410994092
E09000003,Barnet,73,389300,0.01875160544567172
E09000003,Barnet,22,389300,0.005651168764449011
E09000003,Barnet,0,389300,0
E09000003,Barnet,62,389300,0.01592602106344721
E09000003,Barnet,67,389300,0.01721037760082199
E09000003,Barnet,114,389300,0.029283329052144876
E09000003,Barnet,20,389300,0.005137426149499101
E09000003,Barnet,1,389300,2.5687130747495504e-4
E09000003,Barnet,0,389300,0
E09000003,Barnet,5526,389300,1.4194708451066016
E09000003,Barnet,5690,389300,1.4615977395324942
E09000003,Barnet,8856,389300,2.274852298998202
E09000003,Barnet,3417,389300,0.8777292576419214
E09000003,Barnet,1355,389300,0.3480606216285641
E09000004,Bexley,0,246500,0
E09000004,Bexley,0,246500,0
E09000004,Bexley,0,246500,0
E09000004,Bexley,0,246500,0
E09000004,Bexley,0,246500,0
E09000004,Bexley,0,246500,0
E09000004,Bexley,0,246500,0
E09000004,Bexley,52810,246500,21.42393509127789
E09000004,Bexley,60729,246500,24.63651115618661
E09000004,Bexley,53195,246500,21.580121703853955
E09000004,Bexley,12561,246500,5.095740365111562
E09000004,Bexley,3325,246500,1.3488843813387423
E09000004,Bexley,0,246500,0
E09000004,Bexley,81,246500,0.03286004056795132
E09000004,Bexley,125,246500,0.05070993914807302
E09000004,Bexley,226,246500,0.09168356997971602
E09000004,Bexley,66,246500,0.026774847870182555
E09000004,Bexley,32,246500,0.012981744421906694
E09000004,Bexley,0,246500,0
E09000004,Bexley,36,246500,0.01460446247464503
E09000004,Bexley,51,246500,0.020689655172413793
E09000004,Bexley,66,246500,0.026774847870182555
E09000004,Bexley,26,246500,0.010547667342799188
E09000004,Bexley,6,246500,0.002434077079107505
E09000004,Bexley,0,246500,0
E09000004,Bexley,35,246500,0.014198782961460446
E09000004,Bexley,45,246500,0.018255578093306288
E09000004,Bexley,84,246500,0.03407707910750507
E09000004,Bexley,32,246500,0.012981744421906694
E09000004,Bexley,14,246500,0.005679513184584178
E09000004,Bexley,0,246500,0
E09000004,Bexley,19,246500,0.007707910750507099
E09000004,Bexley,34,246500,0.013793103448275862
E09000004,Bexley,48,246500,0.01947261663286004
E09000004,Bexley,15,246500,0.006085192697768763
E09000004,Bexley,4,246500,0.0016227180527383367
E09000004,Bexley,0,246500,0
E09000004,Bexley,2767,246500,1.1225152129817444
E09000004,Bexley,3514,246500,1.4255578093306287
E09000004,Bexley,3299,246500,1.3383367139959432
E09000004,Bexley,996,246500,0.40405679513184584
E09000004,Bexley,385,246500,0.15618661257606492
E09000005,Brent,0,339800,0
E09000005,Brent,0,339800,0
E09000005,Brent,0,339800,0
E09000005,Brent,0,339800,0
E09000005,Brent,0,339800,0
E09000005,Brent,0,339800,0
E09000005,Brent,0,339800,0
E09000005,Brent,38517,339800,11.33519717480871
E09000005,Brent,52198,339800,15.361389052383755
E09000005,Brent,88589,339800,26.07092407298411
E09000005,Brent,38815,339800,11.422895821071219
E09000005,Brent,22534,339800,6.631547969393761
E09000005,Brent,0,339800,0
E09000005,Brent,196,339800,0.05768098881695115
E09000005,Brent,246,339800,0.07239552678045909
E09000005,Brent,765,339800,0.22513243084167156
E09000005,Brent,393,339800,0.11565626839317246
E09000005,Brent,335,339800,0.09858740435550324
E09000005,Brent,0,339800,0
E09000005,Brent,61,339800,0.017951736315479694
E09000005,Brent,112,339800,0.0329605650382578
E09000005,Brent,235,339800,0.06915832842848735
E09000005,Brent,137,339800,0.040317834020011774
E09000005,Brent,66,339800,0.01942319011183049
E09000005,Brent,0,339800,0
E09000005,Brent,82,339800,0.02413184226015303
E09000005,Brent,123,339800,0.036197763390229544
E09000005,Brent,336,339800,0.09888169511477339
E09000005,Brent,138,339800,0.04061212477928193
E09000005,Brent,93,339800,0.02736904061212478
E09000005,Brent,0,339800,0
E09000005,Brent,18,339800,0.00529723366686286
E09000005,Brent,48,339800,0.014125956444967627
E09000005,Brent,104,339800,0.030606238964096526
E09000005,Brent,56,339800,0.0164802825191289
E09000005,Brent,16,339800,0.004708652148322542
E09000005,Brent,0,339800,0
E09000005,Brent,3581,339800,1.053855208946439
E09000005,Brent,5452,339800,1.6044732195409064
E09000005,Brent,9500,339800,2.7957622130665096
E09000005,Brent,4820,339800,1.418481459682166
E09000005,Brent,3588,339800,1.0559152442613302
E09000006,Bromley,0,330000,0
E09000006,Bromley,0,330000,0
E09000006,Bromley,0,330000,0
E09000006,Bromley,0,330000,0
E09000006,Bromley,0,330000,0
E09000006,Bromley,0,330000,0
E09000006,Bromley,0,330000,0
E09000006,Bromley,88910,330000,26.94242424242424
E09000006,Bromley,78469,330000,23.778484848484847
E09000006,Bromley,65461,330000,19.836666666666666
E09000006,Bromley,12626,330000,3.826060606060606
E09000006,Bromley,2491,330000,0.7548484848484849
E09000006,Bromley,0,330000,0
E09000006,Bromley,70,330000,0.021212121212121213
E09000006,Bromley,123,330000,0.03727272727272727
E09000006,Bromley,179,330000,0.054242424242424245
E09000006,Bromley,54,330000,0.016363636363636365
E09000006,Bromley,7,330000,0.0021212121212121214
E09000006,Bromley,0,330000,0
E09000006,Bromley,52,330000,0.01575757575757576
E09000006,Bromley,52,330000,0.01575757575757576
E09000006,Bromley,72,330000,0.02181818181818182
E09000006,Bromley,18,330000,0.005454545454545455
E09000006,Bromley,3,330000,9.090909090909091e-4
E09000006,Bromley,0,330000,0
E09000006,Bromley,37,330000,0.011212121212121211
E09000006,Bromley,44,330000,0.013333333333333334
E09000006,Bromley,100,330000,0.030303030303030304
E09000006,Bromley,16,330000,0.0048484848484848485
E09000006,Bromley,6,330000,0.0018181818181818182
E09000006,Bromley,0,330000,0
E09000006,Bromley,41,330000,0.012424242424242424
E09000006,Bromley,77,330000,0.023333333333333334
E09000006,Bromley,84,330000,0.025454545454545455
E09000006,Bromley,13,330000,0.00393939393939394
E09000006,Bromley,5,330000,0.0015151515151515152
E09000006,Bromley,0,330000,0
E09000006,Bromley,4342,330000,1.3157575757575757
E09000006,Bromley,4189,330000,1.2693939393939393
E09000006,Bromley,4558,330000,1.3812121212121211
E09000006,Bromley,1039,330000,0.3148484848484848
E09000006,Bromley,311,330000,0.09424242424242424
E09000007,Camden,0,210100,0
E09000007,Camden,0,210100,0
E09000007,Camden,0,210100,0
E09000007,Camden,0,210100,0
E09000007,Camden,0,210100,0
E09000007,Camden,0,210100,0
E09000007,Camden,0,210100,0
E09000007,Camden,22913,210100,10.905759162303665
E09000007,Camden,39996,210100,19.036649214659686
E09000007,Camden,70302,210100,33.461208948119946
E09000007,Camden,16371,210100,7.792003807710614
E09000007,Camden,5978,210100,2.8453117563065207
E09000007,Camden,0,210100,0
E09000007,Camden,51,210100,0.02427415516420752
E09000007,Camden,70,210100,0.03331746787244169
E09000007,Camden,290,210100,0.13802950975725845
E09000007,Camden,104,210100,0.04950023798191337
E09000007,Camden,72,210100,0.03426939552594003
E09000007,Camden,0,210100,0
E09000007,Camden,14,210100,0.006663493574488339
E09000007,Camden,37,210100,0.017610661589719183
E09000007,Camden,131,210100,0.062351261304140884
E09000007,Camden,37,210100,0.017610661589719183
E09000007,Camden,11,210100,0.005235602094240838
E09000007,Camden,0,210100,0
E09000007,Camden,16,210100,0.007615421227986673
E09000007,Camden,35,210100,0.016658733936220846
E09000007,Camden,112,210100,0.053307948595906714
E09000007,Camden,36,210100,0.017134697762970014
E09000007,Camden,9,210100,0.004283674440742504
E09000007,Camden,0,210100,0
E09000007,Camden,27,210100,0.01285102332222751
E09000007,Camden,86,210100,0.04093288910042837
E09000007,Camden,184,210100,0.08757734412184674
E09000007,Camden,20,210100,0.00951927653498334
E09000007,Camden,4,210100,0.0019038553069966682
E09000007,Camden,0,210100,0
E09000007,Camden,1495,210100,0.7115659209900047
E09000007,Camden,3119,210100,1.484531175630652
E09000007,Camden,6407,210100,3.0495002379819134
E09000007,Camden,1820,210100,0.866254164683484
E09000007,Camden,785,210100,0.37363160399809614
E09000008,Croydon,0,390800,0
E09000008,Croydon,0,390800,0
E09000008,Croydon,0,390800,0
E09000008,Croydon,0,390800,0
E09000008,Croydon,0,390800,0
E09000008,Croydon,0,390800,0
E09000008,Croydon,0,390800,0
E09000008,Croydon,69030,390800,17.66376663254862
E09000008,Croydon,76526,390800,19.581883316274308
E09000008,Croydon,96438,390800,24.677072671443195
E09000008,Croydon,30916,390800,7.9109518935516885
E09000008,Croydon,8746,390800,2.237973387922211
E09000008,Croydon,0,390800,0
E09000008,Croydon,154,390800,0.03940634595701126
E09000008,Croydon,239,390800,0.06115660184237462
E09000008,Croydon,634,390800,0.16223132036847493
E09000008,Croydon,272,390800,0.06960081883316274
E09000008,Croydon,101,390800,0.02584442169907881
E09000008,Croydon,0,390800,0
E09000008,Croydon,59,390800,0.015097236438075742
E09000008,Croydon,125,390800,0.031985670419651994
E09000008,Croydon,225,390800,0.05757420675537359
E09000008,Croydon,88,390800,0.022517911975435005
E09000008,Croydon,16,390800,0.0040941658137154556
E09000008,Croydon,0,390800,0
E09000008,Croydon,74,390800,0.018935516888433982
E09000008,Croydon,113,390800,0.028915046059365405
E09000008,Croydon,232,390800,0.0593654042988741
E09000008,Croydon,97,390800,0.02482088024564995
E09000008,Croydon,39,390800,0.009979529170931423
E09000008,Croydon,0,390800,0
E09000008,Croydon,48,390800,0.012282497441146366
E09000008,Croydon,70,390800,0.01791197543500512
E09000008,Croydon,119,390800,0.0304503582395087
E09000008,Croydon,20,390800,0.00511770726714432
E09000008,Croydon,8,390800,0.0020470829068577278
E09000008,Croydon,0,390800,0
E09000008,Croydon,4420,390800,1.1310133060388945
E09000008,Croydon,5723,390800,1.464431934493347
E09000008,Croydon,8252,390800,2.1115660184237464
E09000008,Croydon,3237,390800,0.8283009211873081
E09000008,Croydon,1088,390800,0.27840327533265097
E09000009,Ealing,0,367100,0
E09000009,Ealing,0,367100,0
E09000009,Ealing,0,367100,0
E09000009,Ealing,0,367100,0
E09000009,Ealing,0,367100,0
E09000009,Ealing,0,367100,0
E09000009,Ealing,0,367100,0
E09000009,Ealing,51618,367100,14.061018795968401
E09000009,Ealing,62791,367100,17.104603650231546
E09000009,Ealing,97112,367100,26.45382729501498
E09000009,Ealing,35526,367100,9.677472078452737
E09000009,Ealing,15980,367100,4.353037319531463
E09000009,Ealing,0,367100,0
E09000009,Ealing,192,367100,0.05230182511577227
E09000009,Ealing,254,367100,0.0691909561427404
E09000009,Ealing,708,367100,0.19286298011441025
E09000009,Ealing,347,367100,0.09452465268319259
E09000009,Ealing,145,367100,0.03949877417597385
E09000009,Ealing,0,367100,0
E09000009,Ealing,55,367100,0.014982293652955598
E09000009,Ealing,96,367100,0.026150912557886135
E09000009,Ealing,193,367100,0.052574230454916916
E09000009,Ealing,118,367100,0.03214383001906838
E09000009,Ealing,34,367100,0.009261781530918006
E09000009,Ealing,0,367100,0
E09000009,Ealing,71,367100,0.019340779079269954
E09000009,Ealing,103,367100,0.028057749931898666
E09000009,Ealing,215,367100,0.058567147916099155
E09000009,Ealing,121,367100,0.032961046036502316
E09000009,Ealing,70,367100,0.019068373740125308
E09000009,Ealing,0,367100,0
E09000009,Ealing,37,367100,0.010078997548351948
E09000009,Ealing,51,367100,0.01389267229637701
E09000009,Ealing,118,367100,0.03214383001906838
E09000009,Ealing,22,367100,0.0059929174611822395
E09000009,Ealing,9,367100,0.002451648052301825
E09000009,Ealing,0,367100,0
E09000009,Ealing,4051,367100,1.1035140288749659
E09000009,Ealing,5503,367100,1.4990465813129938
E09000009,Ealing,9475,367100,2.5810405883955325
E09000009,Ealing,4023,367100,1.095886679378916
E09000009,Ealing,2156,367100,0.5873059111958594
E09000010,Enfield,0,330000,0
E09000010,Enfield,0,330000,0
E09000010,Enfield,0,330000,0
E09000010,Enfield,0,330000,0
E09000010,Enfield,0,330000,0
E09000010,Enfield,0,330000,0
E09000010,Enfield,0,330000,0
E09000010,Enfield,51857,330000,15.714242424242425
E09000010,Enfield,59329,330000,17.978484848484847
E09000010,Enfield,77800,330000,23.575757575757574
E09000010,Enfield,29919,330000,9.066363636363636
E09000010,Enfield,12064,330000,3.6557575757575758
E09000010,Enfield,0,330000,0
E09000010,Enfield,202,330000,0.06121212121212121
E09000010,Enfield,262,330000,0.07939393939393939
E09000010,Enfield,700,330000,0.21212121212121213
E09000010,Enfield,349,330000,0.10575757575757576
E09000010,Enfield,120,330000,0.03636363636363636
E09000010,Enfield,0,330000,0
E09000010,Enfield,73,330000,0.02212121212121212
E09000010,Enfield,94,330000,0.028484848484848484
E09000010,Enfield,237,330000,0.07181818181818182
E09000010,Enfield,84,330000,0.025454545454545455
E09000010,Enfield,28,330000,0.008484848484848486
E09000010,Enfield,0,330000,0
E09000010,Enfield,68,330000,0.020606060606060607
E09000010,Enfield,85,330000,0.025757575757575757
E09000010,Enfield,199,330000,0.0603030303030303
E09000010,Enfield,91,330000,0.027575757575757576
E09000010,Enfield,42,330000,0.012727272727272728
E09000010,Enfield,0,330000,0
E09000010,Enfield,19,330000,0.005757575757575757
E09000010,Enfield,35,330000,0.010606060606060607
E09000010,Enfield,68,330000,0.020606060606060607
E09000010,Enfield,11,330000,0.0033333333333333335
E09000010,Enfield,1,330000,3.0303030303030303e-4
E09000010,Enfield,0,330000,0
E09000010,Enfield,3458,330000,1.0478787878787879
E09000010,Enfield,4818,330000,1.46
E09000010,Enfield,7888,330000,2.39030303030303
E09000010,Enfield,3655,330000,1.1075757575757577
E09000010,Enfield,1751,330000,0.5306060606060606
E09000011,Greenwich,0,289100,0
E09000011,Greenwich,0,289100,0
E09000011,Greenwich,0,289100,0
E09000011,Greenwich,0,289100,0
E09000011,Greenwich,0,289100,0
E09000011,Greenwich,0,289100,0
E09000011,Greenwich,0,289100,0
E09000011,Greenwich,36536,289100,12.63784157730889
E09000011,Greenwich,57629,289100,19.933932895191976
E09000011,Greenwich,80054,289100,27.69076444136977
E09000011,Greenwich,24222,289100,8.378415773088896
E09000011,Greenwich,9082,289100,3.1414735385679697
E09000011,Greenwich,0,289100,0
E09000011,Greenwich,92,289100,0.031822898650985816
E09000011,Greenwich,199,289100,0.0688343133863715
E09000011,Greenwich,425,289100,0.14700795572466274
E09000011,Greenwich,175,289100,0.06053268765133172
E09000011,Greenwich,82,289100,0.028363887928052577
E09000011,Greenwich,0,289100,0
E09000011,Greenwich,24,289100,0.008301625735039779
E09000011,Greenwich,85,289100,0.02940159114493255
E09000011,Greenwich,149,289100,0.051539259771705294
E09000011,Greenwich,67,289100,0.023175371843652714
E09000011,Greenwich,26,289100,0.008993427879626427
E09000011,Greenwich,0,289100,0
E09000011,Greenwich,45,289100,0.015565548253199585
E09000011,Greenwich,73,289100,0.02525077827741266
E09000011,Greenwich,180,289100,0.06226219301279834
E09000011,Greenwich,78,289100,0.02698028363887928
E09000011,Greenwich,26,289100,0.008993427879626427
E09000011,Greenwich,0,289100,0
E09000011,Greenwich,32,289100,0.011068834313386372
E09000011,Greenwich,73,289100,0.02525077827741266
E09000011,Greenwich,127,289100,0.04392943618125216
E09000011,Greenwich,21,289100,0.007263922518159807
E09000011,Greenwich,2,289100,6.918021445866483e-4
E09000011,Greenwich,0,289100,0
E09000011,Greenwich,2207,289100,0.7634036665513663
E09000011,Greenwich,4043,289100,1.3984780352819093
E09000011,Greenwich,6160,289100,2.1307506053268765
E09000011,Greenwich,2276,289100,0.7872708405396057
E09000011,Greenwich,1154,289100,0.39916983742649603
E09000012,Hackney,0,259200,0
E09000012,Hackney,0,259200,0
E09000012,Hackney,0,259200,0
E09000012,Hackney,0,259200,0
E09000012,Hackney,0,259200,0
E09000012,Hackney,0,259200,0
E09000012,Hackney,0,259200,0
E09000012,Hackney,19221,259200,7.4155092592592595
E09000012,Hackney,42456,259200,16.37962962962963
E09000012,Hackney,90502,259200,34.91589506172839
E09000012,Hackney,24494,259200,9.449845679012345
E09000012,Hackney,8426,259200,3.2507716049382718
E09000012,Hackney,0,259200,0
E09000012,Hackney,72,259200,0.027777777777777776
E09000012,Hackney,146,259200,0.05632716049382716
E09000012,Hackney,455,259200,0.17554012345679013
E09000012,Hackney,177,259200,0.06828703703703703
E09000012,Hackney,50,259200,0.019290123456790122
E09000012,Hackney,0,259200,0
E09000012,Hackney,26,259200,0.010030864197530864
E09000012,Hackney,64,259200,0.024691358024691357
E09000012,Hackney,177,259200,0.06828703703703703
E09000012,Hackney,62,259200,0.023919753086419752
E09000012,Hackney,22,259200,0.008487654320987654
E09000012,Hackney,0,259200,0
E09000012,Hackney,34,259200,0.013117283950617283
E09000012,Hackney,47,259200,0.018132716049382717
E09000012,Hackney,135,259200,0.052083333333333336
E09000012,Hackney,52,259200,0.020061728395061727
E09000012,Hackney,19,259200,0.0073302469135802465
E09000012,Hackney,0,259200,0
E09000012,Hackney,37,259200,0.01427469135802469
E09000012,Hackney,160,259200,0.06172839506172839
E09000012,Hackney,404,259200,0.1558641975308642
E09000012,Hackney,47,259200,0.018132716049382717
E09000012,Hackney,12,259200,0.004629629629629629
E09000012,Hackney,0,259200,0
E09000012,Hackney,2590,259200,0.9992283950617284
E09000012,Hackney,3936,259200,1.5185185185185186
E09000012,Hackney,8557,259200,3.3013117283950617
E09000012,Hackney,3406,259200,1.314043209876543
E09000012,Hackney,1356,259200,0.5231481481481481
E09000013,Hammersmith and Fulham,0,183200,0
E09000013,Hammersmith and Fulham,0,183200,0
E09000013,Hammersmith and Fulham,0,183200,0
E09000013,Hammersmith and Fulham,0,183200,0
E09000013,Hammersmith and Fulham,0,183200,0
E09000013,Hammersmith and Fulham,0,183200,0
E09000013,Hammersmith and Fulham,0,183200,0
E09000013,Hammersmith and Fulham,24434,183200,13.337336244541484
E09000013,Hammersmith and Fulham,33686,183200,18.387554585152838
E09000013,Hammersmith and Fulham,63050,183200,34.41593886462882
E09000013,Hammersmith and Fulham,14061,183200,7.675218340611353
E09000013,Hammersmith and Fulham,4203,183200,2.2942139737991267
E09000013,Hammersmith and Fulham,0,183200,0
E09000013,Hammersmith and Fulham,53,183200,0.028930131004366814
E09000013,Hammersmith and Fulham,67,183200,0.03657205240174673
E09000013,Hammersmith and Fulham,244,183200,0.1331877729257642
E09000013,Hammersmith and Fulham,111,183200,0.060589519650655024
E09000013,Hammersmith and Fulham,28,183200,0.015283842794759825
E09000013,Hammersmith and Fulham,0,183200,0
E09000013,Hammersmith and Fulham,29,183200,0.015829694323144104
E09000013,Hammersmith and Fulham,36,183200,0.019650655021834062
E09000013,Hammersmith and Fulham,99,183200,0.05403930131004367
E09000013,Hammersmith and Fulham,32,183200,0.017467248908296942
E09000013,Hammersmith and Fulham,16,183200,0.008733624454148471
E09000013,Hammersmith and Fulham,0,183200,0
E09000013,Hammersmith and Fulham,28,183200,0.015283842794759825
E09000013,Hammersmith and Fulham,24,183200,0.013100436681222707
E09000013,Hammersmith and Fulham,116,183200,0.06331877729257641
E09000013,Hammersmith and Fulham,28,183200,0.015283842794759825
E09000013,Hammersmith and Fulham,8,183200,0.004366812227074236
E09000013,Hammersmith and Fulham,0,183200,0
E09000013,Hammersmith and Fulham,20,183200,0.010917030567685589
E09000013,Hammersmith and Fulham,36,183200,0.019650655021834062
E09000013,Hammersmith and Fulham,92,183200,0.05021834061135371
E09000013,Hammersmith and Fulham,16,183200,0.008733624454148471
E09000013,Hammersmith and Fulham,1,183200,5.458515283842794e-4
E09000013,Hammersmith and Fulham,0,183200,0
E09000013,Hammersmith and Fulham,1530,183200,0.8351528384279476
E09000013,Hammersmith and Fulham,2573,183200,1.404475982532751
E09000013,Hammersmith and Fulham,5422,183200,2.9596069868995634
E09000013,Hammersmith and Fulham,1478,183200,0.8067685589519651
E09000013,Hammersmith and Fulham,549,183200,0.29967248908296945
E09000014,Haringey,0,264200,0
E09000014,Haringey,0,264200,0
E09000014,Haringey,0,264200,0
E09000014,Haringey,0,264200,0
E09000014,Haringey,0,264200,0
E09000014,Haringey,0,264200,0
E09000014,Haringey,0,264200,0
E09000014,Haringey,33714,264200,12.760787282361846
E09000014,Haringey,43833,264200,16.59084027252082
E09000014,Haringey,76368,264200,28.905374716124147
E09000014,Haringey,26076,264200,9.869795609386829
E09000014,Haringey,11341,264200,4.292581377744133
E09000014,Haringey,0,264200,0
E09000014,Haringey,111,264200,0.042013626040878126
E09000014,Haringey,208,264200,0.07872823618470856
E09000014,Haringey,599,264200,0.2267221801665405
E09000014,Haringey,290,264200,0.10976532929598788
E09000014,Haringey,158,264200,0.05980317940953823
E09000014,Haringey,0,264200,0
E09000014,Haringey,33,264200,0.012490537471612415
E09000014,Haringey,78,264200,0.029523088569265707
E09000014,Haringey,158,264200,0.05980317940953823
E09000014,Haringey,83,264200,0.03141559424678274
E09000014,Haringey,22,264200,0.008327024981074944
E09000014,Haringey,0,264200,0
E09000014,Haringey,45,264200,0.01703255109765329
E09000014,Haringey,60,264200,0.022710068130204392
E09000014,Haringey,183,264200,0.06926570779712339
E09000014,Haringey,62,264200,0.023467070401211203
E09000014,Haringey,31,264200,0.011733535200605601
E09000014,Haringey,0,264200,0
E09000014,Haringey,55,264200,0.020817562452687358
E09000014,Haringey,124,264200,0.046934140802422405
E09000014,Haringey,274,264200,0.10370931112793338
E09000014,Haringey,36,264200,0.013626040878122634
E09000014,Haringey,17,264200,0.006434519303557911
E09000014,Haringey,0,264200,0
E09000014,Haringey,2701,264200,1.022331566994701
E09000014,Haringey,3948,264200,1.4943224829674489
E09000014,Haringey,8081,264200,3.058667676003028
E09000014,Haringey,3353,264200,1.269114307342922
E09000014,Haringey,1800,264200,0.6813020439061317
E09000015,Harrow,0,261300,0
E09000015,Harrow,0,261300,0
E09000015,Harrow,0,261300,0
E09000015,Harrow,0,261300,0
E09000015,Harrow,0,261300,0
E09000015,Harrow,0,261300,0
E09000015,Harrow,0,261300,0
E09000015,Harrow,47908,261300,18.334481438959052
E09000015,Harrow,49507,261300,18.946421737466512
E09000015,Harrow,56925,261300,21.785304247990815
E09000015,Harrow,22752,261300,8.70723306544202
E09000015,Harrow,10195,261300,3.9016456180635286
E09000015,Harrow,0,261300,0
E09000015,Harrow,122,261300,0.046689628779181015
E09000015,Harrow,177,261300,0.0677382319173364
E09000015,Harrow,448,261300,0.17145044010715652
E09000015,Harrow,248,261300,0.09491006505931879
E09000015,Harrow,109,261300,0.041714504401071564
E09000015,Harrow,0,261300,0
E09000015,Harrow,59,261300,0.022579410639112132
E09000015,Harrow,69,261300,0.02640642939150402
E09000015,Harrow,96,261300,0.03673938002296211
E09000015,Harrow,58,261300,0.022196708763872943
E09000015,Harrow,35,261300,0.013394565633371604
E09000015,Harrow,0,261300,0
E09000015,Harrow,54,261300,0.02066590126291619
E09000015,Harrow,74,261300,0.028319938767699962
E09000015,Harrow,104,261300,0.03980099502487562
E09000015,Harrow,59,261300,0.022579410639112132
E09000015,Harrow,47,261300,0.017986988136241867
E09000015,Harrow,0,261300,0
E09000015,Harrow,20,261300,0.007654037504783774
E09000015,Harrow,24,261300,0.009184845005740528
E09000015,Harrow,40,261300,0.015308075009567547
E09000015,Harrow,26,261300,0.009950248756218905
E09000015,Harrow,6,261300,0.002296211251435132
E09000015,Harrow,0,261300,0
E09000015,Harrow,3551,261300,1.358974358974359
E09000015,Harrow,4325,261300,1.655185610409491
E09000015,Harrow,5813,261300,2.2246460007654036
E09000015,Harrow,3016,261300,1.154228855721393
E09000015,Harrow,1884,261300,0.7210103329506314
E09000016,Havering,0,262000,0
E09000016,Havering,0,262000,0
E09000016,Havering,0,262000,0
E09000016,Havering,0,262000,0
E09000016,Havering,0,262000,0
E09000016,Havering,0,262000,0
E09000016,Havering,0,262000,0
E09000016,Havering,58760,262000,22.427480916030536
E09000016,Havering,63241,262000,24.137786259541986
E09000016,Havering,56082,262000,21.405343511450383
E09000016,Havering,13754,262000,5.249618320610687
E09000016,Havering,3488,262000,1.331297709923664
E09000016,Havering,0,262000,0
E09000016,Havering,76,262000,0.02900763358778626
E09000016,Havering,129,262000,0.04923664122137405
E09000016,Havering,201,262000,0.0767175572519084
E09000016,Havering,88,262000,0.03358778625954199
E09000016,Havering,31,262000,0.01183206106870229
E09000016,Havering,0,262000,0
E09000016,Havering,44,262000,0.016793893129770993
E09000016,Havering,59,262000,0.02251908396946565
E09000016,Havering,89,262000,0.03396946564885496
E09000016,Havering,28,262000,0.010687022900763359
E09000016,Havering,8,262000,0.0030534351145038168
E09000016,Havering,0,262000,0
E09000016,Havering,31,262000,0.01183206106870229
E09000016,Havering,55,262000,0.02099236641221374
E09000016,Havering,78,262000,0.029770992366412213
E09000016,Havering,35,262000,0.013358778625954198
E09000016,Havering,9,262000,0.003435114503816794
E09000016,Havering,0,262000,0
E09000016,Havering,17,262000,0.0064885496183206106
E09000016,Havering,43,262000,0.016412213740458016
E09000016,Havering,31,262000,0.01183206106870229
E09000016,Havering,5,262000,0.0019083969465648854
E09000016,Havering,3,262000,0.0011450381679389313
E09000016,Havering,0,262000,0
E09000016,Havering,3114,262000,1.1885496183206108
E09000016,Havering,3540,262000,1.3511450381679388
E09000016,Havering,3658,262000,1.3961832061068702
E09000016,Havering,1194,262000,0.45572519083969465
E09000016,Havering,343,262000,0.13091603053435114
E09000017,Hillingdon,0,305900,0
E09000017,Hillingdon,0,305900,0
E09000017,Hillingdon,0,305900,0
E09000017,Hillingdon,0,305900,0
E09000017,Hillingdon,0,305900,0
E09000017,Hillingdon,0,305900,0
E09000017,Hillingdon,0,305900,0
E09000017,Hillingdon,47281,305900,15.456358287021903
E09000017,Hillingdon,61159,305900,19.993135011441648
E09000017,Hillingdon,73623,305900,24.06766917293233
E09000017,Hillingdon,25635,305900,8.380189604445897
E09000017,Hillingdon,9637,305900,3.1503759398496243
E09000017,Hillingdon,0,305900,0
E09000017,Hillingdon,114,305900,0.037267080745341616
E09000017,Hillingdon,208,305900,0.06799607714939522
E09000017,Hillingdon,415,305900,0.13566525008172606
E09000017,Hillingdon,257,305900,0.08401438378555083
E09000017,Hillingdon,118,305900,0.03857469761359922
E09000017,Hillingdon,0,305900,0
E09000017,Hillingdon,63,305900,0.020594965675057208
E09000017,Hillingdon,87,305900,0.02844066688460281
E09000017,Hillingdon,146,305900,0.04772801569140242
E09000017,Hillingdon,88,305900,0.02876757110166721
E09000017,Hillingdon,27,305900,0.008826413860738803
E09000017,Hillingdon,0,305900,0
E09000017,Hillingdon,48,305900,0.015691402419091206
E09000017,Hillingdon,110,305900,0.035959463877084014
E09000017,Hillingdon,156,305900,0.05099705786204642
E09000017,Hillingdon,95,305900,0.031055900621118012
E09000017,Hillingdon,28,305900,0.009153318077803204
E09000017,Hillingdon,0,305900,0
E09000017,Hillingdon,16,305900,0.005230467473030402
E09000017,Hillingdon,28,305900,0.009153318077803204
E09000017,Hillingdon,48,305900,0.015691402419091206
E09000017,Hillingdon,5,305900,0.0016345210853220007
E09000017,Hillingdon,5,305900,0.0016345210853220007
E09000017,Hillingdon,0,305900,0
E09000017,Hillingdon,3077,305900,1.0058842759071591
E09000017,Hillingdon,4274,305900,1.3971886237332463
E09000017,Hillingdon,5845,305900,1.9107551487414187
E09000017,Hillingdon,2648,305900,0.8656423667865315
E09000017,Hillingdon,1162,305900,0.37986270022883295
E09000018,Hounslow,0,288200,0
E09000018,Hounslow,0,288200,0
E09000018,Hounslow,0,288200,0
E09000018,Hounslow,0,288200,0
E09000018,Hounslow,0,288200,0
E09000018,Hounslow,0,288200,0
E09000018,Hounslow,0,288200,0
E09000018,Hounslow,36069,288200,12.51526717557252
E09000018,Hounslow,49371,288200,17.130811936155446
E09000018,Hounslow,75956,288200,26.35530881332408
E09000018,Hounslow,29892,288200,10.371963913948647
E09000018,Hounslow,14627,288200,5.07529493407356
E09000018,Hounslow,0,288200,0
E09000018,Hounslow,121,288200,0.04198473282442748
E09000018,Hounslow,198,288200,0.06870229007633588
E09000018,Hounslow,520,288200,0.18043025676613464
E09000018,Hounslow,313,288200,0.10860513532269257
E09000018,Hounslow,144,288200,0.04996530187369882
E09000018,Hounslow,0,288200,0
E09000018,Hounslow,42,288200,0.01457321304649549
E09000018,Hounslow,68,288200,0.02359472588480222
E09000018,Hounslow,162,288200,0.056210964607911175
E09000018,Hounslow,81,288200,0.028105482303955587
E09000018,Hounslow,38,288200,0.0131852879944483
E09000018,Hounslow,0,288200,0
E09000018,Hounslow,71,288200,0.024635669673837613
E09000018,Hounslow,94,288200,0.03261623872310895
E09000018,Hounslow,204,288200,0.07078417765440666
E09000018,Hounslow,92,288200,0.031922276197085354
E09000018,Hounslow,46,288200,0.015961138098542677
E09000018,Hounslow,0,288200,0
E09000018,Hounslow,13,288200,0.004510756419153366
E09000018,Hounslow,35,288200,0.012144344205412909
E09000018,Hounslow,55,288200,0.019083969465648856
E09000018,Hounslow,13,288200,0.004510756419153366
E09000018,Hounslow,3,288200,0.001040943789035392
E09000018,Hounslow,0,288200,0
E09000018,Hounslow,2738,288200,0.9500346981263011
E09000018,Hounslow,4054,288200,1.4066620402498264
E09000018,Hounslow,6916,288200,2.3997224149895904
E09000018,Hounslow,3148,288200,1.092297015961138
E09000018,Hounslow,1871,288200,0.6492019430950728
E09000019,Islington,0,216600,0
E09000019,Islington,0,216600,0
E09000019,Islington,0,216600,0
E09000019,Islington,0,216600,0
E09000019,Islington,0,216600,0
E09000019,Islington,0,216600,0
E09000019,Islington,0,216600,0
E09000019,Islington,19311,216600,8.915512465373961
E09000019,Islington,40492,216600,18.694367497691598
E09000019,Islington,81738,216600,37.73684210526316
E09000019,Islington,17199,216600,7.9404432132963985
E09000019,Islington,5160,216600,2.3822714681440442
E09000019,Islington,0,216600,0
E09000019,Islington,32,216600,0.014773776546629732
E09000019,Islington,87,216600,0.04016620498614958
E09000019,Islington,345,216600,0.1592797783933518
E09000019,Islington,125,216600,0.05771006463527239
E09000019,Islington,38,216600,0.017543859649122806
E09000019,Islington,0,216600,0
E09000019,Islington,20,216600,0.009233610341643583
E09000019,Islington,75,216600,0.03462603878116344
E09000019,Islington,182,216600,0.0840258541089566
E09000019,Islington,55,216600,0.025392428439519853
E09000019,Islington,8,216600,0.003693444136657433
E09000019,Islington,0,216600,0
E09000019,Islington,18,216600,0.008310249307479225
E09000019,Islington,43,216600,0.019852262234533704
E09000019,Islington,145,216600,0.06694367497691597
E09000019,Islington,52,216600,0.024007386888273315
E09000019,Islington,10,216600,0.0046168051708217915
E09000019,Islington,0,216600,0
E09000019,Islington,32,216600,0.014773776546629732
E09000019,Islington,88,216600,0.040627885503231764
E09000019,Islington,283,216600,0.1306555863342567
E09000019,Islington,26,216600,0.012003693444136657
E09000019,Islington,3,216600,0.0013850415512465374
E09000019,Islington,0,216600,0
E09000019,Islington,1128,216600,0.5207756232686981
E09000019,Islington,2739,216600,1.2645429362880887
E09000019,Islington,6548,216600,3.023084025854109
E09000019,Islington,1758,216600,0.8116343490304709
E09000019,Islington,633,216600,0.2922437673130194
E09000020,Kensington and Chelsea,0,143400,0
E09000020,Kensington and Chelsea,0,143400,0
E09000020,Kensington and Chelsea,0,143400,0
E09000020,Kensington and Chelsea,0,143400,0
E09000020,Kensington and Chelsea,0,143400,0
E09000020,Kensington and Chelsea,0,143400,0
E09000020,Kensington and Chelsea,0,143400,0
E09000020,Kensington and Chelsea,18626,143400,12.98884239888424
E09000020,Kensington and Chelsea,30052,143400,20.95676429567643
E09000020,Kensington and Chelsea,45154,143400,31.488145048814506
E09000020,Kensington and Chelsea,10346,143400,7.214783821478382
E09000020,Kensington and Chelsea,5799,143400,4.043933054393306
E09000020,Kensington and Chelsea,0,143400,0
E09000020,Kensington and Chelsea,24,143400,0.016736401673640166
E09000020,Kensington and Chelsea,59,143400,0.041143654114365415
E09000020,Kensington and Chelsea,152,143400,0.10599721059972106
E09000020,Kensington and Chelsea,42,143400,0.029288702928870293
E09000020,Kensington and Chelsea,7,143400,0.0048814504881450485
E09000020,Kensington and Chelsea,0,143400,0
E09000020,Kensington and Chelsea,19,143400,0.013249651324965132
E09000020,Kensington and Chelsea,38,143400,0.026499302649930265
E09000020,Kensington and Chelsea,74,143400,0.05160390516039052
E09000020,Kensington and Chelsea,19,143400,0.013249651324965132
E09000020,Kensington and Chelsea,12,143400,0.008368200836820083
E09000020,Kensington and Chelsea,0,143400,0
E09000020,Kensington and Chelsea,9,143400,0.006276150627615063
E09000020,Kensington and Chelsea,7,143400,0.0048814504881450485
E09000020,Kensington and Chelsea,73,143400,0.05090655509065551
E09000020,Kensington and Chelsea,10,143400,0.00697350069735007
E09000020,Kensington and Chelsea,4,143400,0.002789400278940028
E09000020,Kensington and Chelsea,0,143400,0
E09000020,Kensington and Chelsea,11,143400,0.007670850767085077
E09000020,Kensington and Chelsea,20,143400,0.01394700139470014
E09000020,Kensington and Chelsea,57,143400,0.0397489539748954
E09000020,Kensington and Chelsea,19,143400,0.013249651324965132
E09000020,Kensington and Chelsea,10,143400,0.00697350069735007
E09000020,Kensington and Chelsea,0,143400,0
E09000020,Kensington and Chelsea,1380,143400,0.9623430962343096
E09000020,Kensington and Chelsea,2449,143400,1.707810320781032
E09000020,Kensington and Chelsea,4399,143400,3.0676429567642955
E09000020,Kensington and Chelsea,1016,143400,0.708507670850767
E09000020,Kensington and Chelsea,924,143400,0.6443514644351465
E09000021,Kingston upon Thames,0,168000,0
E09000021,Kingston upon Thames,0,168000,0
E09000021,Kingston upon Thames,0,168000,0
E09000021,Kingston upon Thames,0,168000,0
E09000021,Kingston upon Thames,0,168000,0
E09000021,Kingston upon Thames,0,168000,0
E09000021,Kingston upon Thames,0,168000,0
E09000021,Kingston upon Thames,38038,168000,22.641666666666666
E09000021,Kingston upon Thames,37314,168000,22.210714285714285
E09000021,Kingston upon Thames,37178,168000,22.129761904761907
E09000021,Kingston upon Thames,8325,168000,4.955357142857143
E09000021,Kingston upon Thames,1907,168000,1.1351190476190476
E09000021,Kingston upon Thames,0,168000,0
E09000021,Kingston upon Thames,52,168000,0.030952380952380953
E09000021,Kingston upon Thames,89,168000,0.052976190476190475
E09000021,Kingston upon Thames,143,168000,0.08511904761904762
E09000021,Kingston upon Thames,61,168000,0.03630952380952381
E09000021,Kingston upon Thames,16,168000,0.009523809523809525
E09000021,Kingston upon Thames,0,168000,0
E09000021,Kingston upon Thames,23,168000,0.01369047619047619
E09000021,Kingston upon Thames,43,168000,0.025595238095238095
E09000021,Kingston upon Thames,58,168000,0.034523809523809526
E09000021,Kingston upon Thames,32,168000,0.01904761904761905
E09000021,Kingston upon Thames,9,168000,0.005357142857142857
E09000021,Kingston upon Thames,0,168000,0
E09000021,Kingston upon Thames,24,168000,0.014285714285714285
E09000021,Kingston upon Thames,37,168000,0.022023809523809525
E09000021,Kingston upon Thames,53,168000,0.03154761904761905
E09000021,Kingston upon Thames,32,168000,0.01904761904761905
E09000021,Kingston upon Thames,11,168000,0.006547619047619048
E09000021,Kingston upon Thames,0,168000,0
E09000021,Kingston upon Thames,28,168000,0.016666666666666666
E09000021,Kingston upon Thames,49,168000,0.029166666666666667
E09000021,Kingston upon Thames,77,168000,0.04583333333333333
E09000021,Kingston upon Thames,10,168000,0.005952380952380952
E09000021,Kingston upon Thames,1,168000,5.952380952380953e-4
E09000021,Kingston upon Thames,0,168000,0
E09000021,Kingston upon Thames,2112,168000,1.2571428571428571
E09000021,Kingston upon Thames,2309,168000,1.374404761904762
E09000021,Kingston upon Thames,2930,168000,1.744047619047619
E09000021,Kingston upon Thames,828,168000,0.4928571428571429
E09000021,Kingston upon Thames,321,168000,0.19107142857142856
E09000022,Lambeth,0,317600,0
E09000022,Lambeth,0,317600,0
E09000022,Lambeth,0,317600,0
E09000022,Lambeth,0,317600,0
E09000022,Lambeth,0,317600,0
E09000022,Lambeth,0,317600,0
E09000022,Lambeth,0,317600,0
E09000022,Lambeth,36324,317600,11.437027707808564
E09000022,Lambeth,58880,317600,18.53904282115869
E09000022,Lambeth,111291,317600,35.04124685138539
E09000022,Lambeth,26255,317600,8.266687657430731
E09000022,Lambeth,10513,317600,3.3101385390428213
E09000022,Lambeth,0,317600,0
E09000022,Lambeth,115,317600,0.03620906801007557
E09000022,Lambeth,156,317600,0.0491183879093199
E09000022,Lambeth,528,317600,0.16624685138539042
E09000022,Lambeth,155,317600,0.04880352644836272
E09000022,Lambeth,83,317600,0.026133501259445843
E09000022,Lambeth,0,317600,0
E09000022,Lambeth,42,317600,0.01322418136020151
E09000022,Lambeth,85,317600,0.0267632241813602
E09000022,Lambeth,253,317600,0.07965994962216624
E09000022,Lambeth,80,317600,0.02518891687657431
E09000022,Lambeth,47,317600,0.014798488664987406
E09000022,Lambeth,0,317600,0
E09000022,Lambeth,38,317600,0.011964735516372796
E09000022,Lambeth,80,317600,0.02518891687657431
E09000022,Lambeth,204,317600,0.06423173803526448
E09000022,Lambeth,59,317600,0.01857682619647355
E09000022,Lambeth,21,317600,0.006612090680100755
E09000022,Lambeth,0,317600,0
E09000022,Lambeth,41,317600,0.012909319899244332
E09000022,Lambeth,135,317600,0.04250629722921914
E09000022,Lambeth,317,317600,0.0998110831234257
E09000022,Lambeth,30,317600,0.009445843828715366
E09000022,Lambeth,6,317600,0.001889168765743073
E09000022,Lambeth,0,317600,0
E09000022,Lambeth,2463,317600,0.7755037783375315
E09000022,Lambeth,3994,317600,1.2575566750629723
E09000022,Lambeth,8446,317600,2.6593198992443323
E09000022,Lambeth,2704,317600,0.8513853904282116
E09000022,Lambeth,1241,317600,0.39074307304785894
E09000023,Lewisham,0,300600,0
E09000023,Lewisham,0,300600,0
E09000023,Lewisham,0,300600,0
E09000023,Lewisham,0,300600,0
E09000023,Lewisham,0,300600,0
E09000023,Lewisham,0,300600,0
E09000023,Lewisham,0,300600,0
E09000023,Lewisham,37317,300600,12.414171656686626
E09000023,Lewisham,57621,300600,19.168662674650697
E09000023,Lewisham,88128,300600,29.317365269461078
E09000023,Lewisham,25626,300600,8.5249500998004
E09000023,Lewisham,10585,300600,3.521290751829674
E09000023,Lewisham,0,300600,0
E09000023,Lewisham,89,300600,0.029607451763140388
E09000023,Lewisham,185,300600,0.061543579507651366
E09000023,Lewisham,470,300600,0.15635395874916833
E09000023,Lewisham,176,300600,0.05854956753160346
E09000023,Lewisham,88,300600,0.02927478376580173
E09000023,Lewisham,0,300600,0
E09000023,Lewisham,40,300600,0.01330671989354624
E09000023,Lewisham,77,300600,0.025615435795076514
E09000023,Lewisham,194,300600,0.06453759148369927
E09000023,Lewisham,88,300600,0.02927478376580173
E09000023,Lewisham,28,300600,0.009314703925482368
E09000023,Lewisham,0,300600,0
E09000023,Lewisham,39,300600,0.012974051896207584
E09000023,Lewisham,96,300600,0.031936127744510975
E09000023,Lewisham,176,300600,0.05854956753160346
E09000023,Lewisham,62,300600,0.020625415834996674
E09000023,Lewisham,26,300600,0.008649367930805056
E09000023,Lewisham,0,300600,0
E09000023,Lewisham,61,300600,0.020292747837658016
E09000023,Lewisham,136,300600,0.04524284763805722
E09000023,Lewisham,354,300600,0.11776447105788423
E09000023,Lewisham,37,300600,0.012308715901530274
E09000023,Lewisham,7,300600,0.002328675981370592
E09000023,Lewisham,0,300600,0
E09000023,Lewisham,2585,300600,0.8599467731204258
E09000023,Lewisham,4235,300600,1.4088489687292083
E09000023,Lewisham,7406,300600,2.4637391882900865
E09000023,Lewisham,2601,300600,0.8652694610778443
E09000023,Lewisham,1219,300600,0.4055222887558217
E09000024,Merton,0,215200,0
E09000024,Merton,0,215200,0
E09000024,Merton,0,215200,0
E09000024,Merton,0,215200,0
E09000024,Merton,0,215200,0
E09000024,Merton,0,215200,0
E09000024,Merton,0,215200,0
E09000024,Merton,40995,215200,19.04972118959108
E09000024,Merton,43928,215200,20.412639405204462
E09000024,Merton,51476,215200,23.92007434944238
E09000024,Merton,15511,215200,7.20771375464684
E09000024,Merton,5666,215200,2.632899628252788
E09000024,Merton,0,215200,0
E09000024,Merton,62,215200,0.028810408921933085
E09000024,Merton,115,215200,0.05343866171003717
E09000024,Merton,264,215200,0.12267657992565056
E09000024,Merton,113,215200,0.0525092936802974
E09000024,Merton,36,215200,0.016728624535315983
E09000024,Merton,0,215200,0
E09000024,Merton,26,215200,0.012081784386617101
E09000024,Merton,41,215200,0.019052044609665426
E09000024,Merton,81,215200,0.03763940520446097
E09000024,Merton,26,215200,0.012081784386617101
E09000024,Merton,19,215200,0.008828996282527882
E09000024,Merton,0,215200,0
E09000024,Merton,19,215200,0.008828996282527882
E09000024,Merton,37,215200,0.017193308550185873
E09000024,Merton,97,215200,0.04507434944237918
E09000024,Merton,29,215200,0.013475836431226766
E09000024,Merton,21,215200,0.009758364312267658
E09000024,Merton,0,215200,0
E09000024,Merton,28,215200,0.013011152416356878
E09000024,Merton,38,215200,0.017657992565055763
E09000024,Merton,70,215200,0.032527881040892194
E09000024,Merton,11,215200,0.005111524163568773
E09000024,Merton,7,215200,0.0032527881040892194
E09000024,Merton,0,215200,0
E09000024,Merton,2598,215200,1.2072490706319703
E09000024,Merton,3203,215200,1.4883828996282529
E09000024,Merton,4626,215200,2.149628252788104
E09000024,Merton,1780,215200,0.8271375464684015
E09000024,Merton,783,215200,0.3638475836431227
E09000025,Newham,0,351100,0
E09000025,Newham,0,351100,0
E09000025,Newham,0,351100,0
E09000025,Newham,0,351100,0
E09000025,Newham,0,351100,0
E09000025,Newham,0,351100,0
E09000025,Newham,0,351100,0
E09000025,Newham,22225,351100,6.330105383081743
E09000025,Newham,47804,351100,13.615494161207634
E09000025,Newham,96140,351100,27.382512104813443
E09000025,Newham,48354,351100,13.772144688123042
E09000025,Newham,27864,351100,7.936200512674452
E09000025,Newham,0,351100,0
E09000025,Newham,215,351100,0.061236115066932495
E09000025,Newham,394,351100,0.11221874109940189
E09000025,Newham,938,351100,0.2671603531757334
E09000025,Newham,598,351100,0.17032184562802621
E09000025,Newham,367,351100,0.10452862432355454
E09000025,Newham,0,351100,0
E09000025,Newham,64,351100,0.01822842495015665
E09000025,Newham,117,351100,0.03332383936200513
E09000025,Newham,243,351100,0.06921105098262603
E09000025,Newham,148,351100,0.04215323269723725
E09000025,Newham,71,351100,0.020222158929080036
E09000025,Newham,0,351100,0
E09000025,Newham,70,351100,0.019937339789233836
E09000025,Newham,116,351100,0.03303902022215893
E09000025,Newham,255,351100,0.07262888066078041
E09000025,Newham,132,351100,0.03759612645969809
E09000025,Newham,113,351100,0.03218456280262034
E09000025,Newham,0,351100,0
E09000025,Newham,32,351100,0.009114212475078326
E09000025,Newham,63,351100,0.017943605810310452
E09000025,Newham,136,351100,0.03873540301908288
E09000025,Newham,40,351100,0.011392765593847906
E09000025,Newham,19,351100,0.005411563657077755
E09000025,Newham,0,351100,0
E09000025,Newham,2511,351100,0.7151808601538023
E09000025,Newham,4664,351100,1.3283964682426659
E09000025,Newham,9403,351100,2.678154371973797
E09000025,Newham,5952,351100,1.6952435203645686
E09000025,Newham,4508,351100,1.283964682426659
E09000026,Redbridge,0,310300,0
E09000026,Redbridge,0,310300,0
E09000026,Redbridge,0,310300,0
E09000026,Redbridge,0,310300,0
E09000026,Redbridge,0,310300,0
E09000026,Redbridge,0,310300,0
E09000026,Redbridge,0,310300,0
E09000026,Redbridge,53178,310300,17.137608765710603
E09000026,Redbridge,57035,310300,18.38059941991621
E09000026,Redbridge,67392,310300,21.718337093135673
E09000026,Redbridge,29056,310300,9.3638414437641
E09000026,Redbridge,11120,310300,3.5836287463744765
E09000026,Redbridge,0,310300,0
E09000026,Redbridge,208,310300,0.06703190460844344
E09000026,Redbridge,219,310300,0.0705768611021592
E09000026,Redbridge,478,310300,0.15404447309055752
E09000026,Redbridge,367,310300,0.11827263938124395
E09000026,Redbridge,165,310300,0.053174347405736386
E09000026,Redbridge,0,310300,0
E09000026,Redbridge,64,310300,0.0206252014179826
E09000026,Redbridge,70,310300,0.022558814050918467
E09000026,Redbridge,150,310300,0.048340315823396714
E09000026,Redbridge,81,310300,0.026103770544634225
E09000026,Redbridge,35,310300,0.011279407025459234
E09000026,Redbridge,0,310300,0
E09000026,Redbridge,71,310300,0.022881082823074442
E09000026,Redbridge,72,310300,0.02320335159523042
E09000026,Redbridge,174,310300,0.056074766355140186
E09000026,Redbridge,114,310300,0.036738640025781505
E09000026,Redbridge,30,310300,0.009668063164679342
E09000026,Redbridge,0,310300,0
E09000026,Redbridge,22,310300,0.007089912987431518
E09000026,Redbridge,26,310300,0.00837898807605543
E09000026,Redbridge,65,310300,0.020947470190138574
E09000026,Redbridge,15,310300,0.004834031582339671
E09000026,Redbridge,3,310300,9.668063164679343e-4
E09000026,Redbridge,0,310300,0
E09000026,Redbridge,3802,310300,1.2252658717370286
E09000026,Redbridge,4662,310300,1.5024170157911698
E09000026,Redbridge,6413,310300,2.0667096358362875
E09000026,Redbridge,3359,310300,1.0825008056719303
E09000026,Redbridge,1828,310300,0.5891073155011279
E09000027,Richmond upon Thames,0,195200,0
E09000027,Richmond upon Thames,0,195200,0
E09000027,Richmond upon Thames,0,195200,0
E09000027,Richmond upon Thames,0,195200,0
E09000027,Richmond upon Thames,0,195200,0
E09000027,Richmond upon Thames,0,195200,0
E09000027,Richmond upon Thames,0,195200,0
E09000027,Richmond upon Thames,52739,195200,27.017930327868854
E09000027,Richmond upon Thames,44623,195200,22.860143442622952
E09000027,Richmond upon Thames,39354,195200,20.160860655737704
E09000027,Richmond upon Thames,6735,195200,3.4503073770491803
E09000027,Richmond upon Thames,1456,195200,0.7459016393442623
E09000027,Richmond upon Thames,0,195200,0
E09000027,Richmond upon Thames,35,195200,0.017930327868852458
E09000027,Richmond upon Thames,51,195200,0.02612704918032787
E09000027,Richmond upon Thames,96,195200,0.04918032786885246
E09000027,Richmond upon Thames,31,195200,0.015881147540983607
E09000027,Richmond upon Thames,8,195200,0.004098360655737705
E09000027,Richmond upon Thames,0,195200,0
E09000027,Richmond upon Thames,34,195200,0.017418032786885244
E09000027,Richmond upon Thames,35,195200,0.017930327868852458
E09000027,Richmond upon Thames,49,195200,0.025102459016393443
E09000027,Richmond upon Thames,14,195200,0.007172131147540984
E09000027,Richmond upon Thames,4,195200,0.0020491803278688526
E09000027,Richmond upon Thames,0,195200,0
E09000027,Richmond upon Thames,22,195200,0.011270491803278689
E09000027,Richmond upon Thames,26,195200,0.01331967213114754
E09000027,Richmond upon Thames,45,195200,0.02305327868852459
E09000027,Richmond upon Thames,16,195200,0.00819672131147541
E09000027,Richmond upon Thames,0,195200,0
E09000027,Richmond upon Thames,0,195200,0
E09000027,Richmond upon Thames,27,195200,0.013831967213114754
E09000027,Richmond upon Thames,37,195200,0.018954918032786885
E09000027,Richmond upon Thames,53,195200,0.027151639344262294
E09000027,Richmond upon Thames,15,195200,0.007684426229508197
E09000027,Richmond upon Thames,0,195200,0
E09000027,Richmond upon Thames,0,195200,0
E09000027,Richmond upon Thames,2443,195200,1.2515368852459017
E09000027,Richmond upon Thames,2385,195200,1.2218237704918034
E09000027,Richmond upon Thames,2880,195200,1.4754098360655739
E09000027,Richmond upon Thames,550,195200,0.2817622950819672
E09000027,Richmond upon Thames,247,195200,0.12653688524590165
E09000028,Southwark,0,307700,0
E09000028,Southwark,0,307700,0
E09000028,Southwark,0,307700,0
E09000028,Southwark,0,307700,0
E09000028,Southwark,0,307700,0
E09000028,Southwark,0,307700,0
E09000028,Southwark,0,307700,0
E09000028,Southwark,29116,307700,9.462463438414039
E09000028,Southwark,55662,307700,18.08969775755606
E09000028,Southwark,105383,307700,34.248618784530386
E09000028,Southwark,28412,307700,9.233669158271043
E09000028,Southwark,11240,307700,3.652908677283068
E09000028,Southwark,0,307700,0
E09000028,Southwark,79,307700,0.025674358141046474
E09000028,Southwark,150,307700,0.04874878128046799
E09000028,Southwark,522,307700,0.1696457588560286
E09000028,Southwark,233,307700,0.07572310692232694
E09000028,Southwark,612,307700,0.19889502762430938
E09000028,Southwark,0,307700,0
E09000028,Southwark,27,307700,0.008774780630484237
E09000028,Southwark,72,307700,0.023399415014624635
E09000028,Southwark,233,307700,0.07572310692232694
E09000028,Southwark,83,307700,0.026974325641858955
E09000028,Southwark,23,307700,0.007474813129671758
E09000028,Southwark,0,307700,0
E09000028,Southwark,49,307700,0.015924601884952875
E09000028,Southwark,65,307700,0.021124471888202795
E09000028,Southwark,234,307700,0.07604809879753006
E09000028,Southwark,77,307700,0.025024374390640234
E09000028,Southwark,29,307700,0.009424764380890478
E09000028,Southwark,0,307700,0
E09000028,Southwark,62,307700,0.020149496262593436
E09000028,Southwark,120,307700,0.03899902502437439
E09000028,Southwark,335,307700,0.10887227819304518
E09000028,Southwark,40,307700,0.012999675008124796
E09000028,Southwark,34,307700,0.011049723756906077
E09000028,Southwark,0,307700,0
E09000028,Southwark,1885,307700,0.612609684757881
E09000028,Southwark,3921,307700,1.2742931426714332
E09000028,Southwark,8091,307700,2.6295092622684435
E09000028,Southwark,2859,307700,0.9291517712057199
E09000028,Southwark,1385,307700,0.4501137471563211
E09000029,Sutton,0,209600,0
E09000029,Sutton,0,209600,0
E09000029,Sutton,0,209600,0
E09000029,Sutton,0,209600,0
E09000029,Sutton,0,209600,0
E09000029,Sutton,0,209600,0
E09000029,Sutton,0,209600,0
E09000029,Sutton,41653,209600,19.872614503816795
E09000029,Sutton,47062,209600,22.453244274809162
E09000029,Sutton,50302,209600,23.999045801526716
E09000029,Sutton,12546,209600,5.9856870229007635
E09000029,Sutton,2371,209600,1.1312022900763359
E09000029,Sutton,0,209600,0
E09000029,Sutton,49,209600,0.023377862595419848
E09000029,Sutton,97,209600,0.046278625954198474
E09000029,Sutton,157,209600,0.07490458015267176
E09000029,Sutton,52,209600,0.02480916030534351
E09000029,Sutton,22,209600,0.01049618320610687
E09000029,Sutton,0,209600,0
E09000029,Sutton,25,209600,0.011927480916030535
E09000029,Sutton,34,209600,0.016221374045801526
E09000029,Sutton,69,209600,0.032919847328244274
E09000029,Sutton,16,209600,0.007633587786259542
E09000029,Sutton,9,209600,0.004293893129770993
E09000029,Sutton,0,209600,0
E09000029,Sutton,26,209600,0.012404580152671756
E09000029,Sutton,38,209600,0.01812977099236641
E09000029,Sutton,86,209600,0.04103053435114504
E09000029,Sutton,19,209600,0.009064885496183206
E09000029,Sutton,3,209600,0.0014312977099236641
E09000029,Sutton,0,209600,0
E09000029,Sutton,16,209600,0.007633587786259542
E09000029,Sutton,38,209600,0.01812977099236641
E09000029,Sutton,49,209600,0.023377862595419848
E09000029,Sutton,7,209600,0.0033396946564885495
E09000029,Sutton,0,209600,0
E09000029,Sutton,0,209600,0
E09000029,Sutton,2186,209600,1.04293893129771
E09000029,Sutton,2737,209600,1.305820610687023
E09000029,Sutton,3464,209600,1.6526717557251909
E09000029,Sutton,1065,209600,0.5081106870229007
E09000029,Sutton,250,209600,0.11927480916030535
E09000030,Tower Hamlets,0,310300,0
E09000030,Tower Hamlets,0,310300,0
E09000030,Tower Hamlets,0,310300,0
E09000030,Tower Hamlets,0,310300,0
E09000030,Tower Hamlets,0,310300,0
E09000030,Tower Hamlets,0,310300,0
E09000030,Tower Hamlets,0,310300,0
E09000030,Tower Hamlets,13974,310300,4.503383822107637
E09000030,Tower Hamlets,47345,310300,15.257815017724782
E09000030,Tower Hamlets,107763,310300,34.728649693844666
E09000030,Tower Hamlets,37022,310300,11.931034482758621
E09000030,Tower Hamlets,17908,310300,5.771189171769255
E09000030,Tower Hamlets,0,310300,0
E09000030,Tower Hamlets,77,310300,0.024814695456010314
E09000030,Tower Hamlets,154,310300,0.04962939091202063
E09000030,Tower Hamlets,615,310300,0.19819529487592652
E09000030,Tower Hamlets,369,310300,0.11891717692555591
E09000030,Tower Hamlets,175,310300,0.056397035127296165
E09000030,Tower Hamlets,0,310300,0
E09000030,Tower Hamlets,21,310300,0.00676764421527554
E09000030,Tower Hamlets,43,310300,0.013857557202707057
E09000030,Tower Hamlets,182,310300,0.058652916532388015
E09000030,Tower Hamlets,69,310300,0.02223654527876249
E09000030,Tower Hamlets,18,310300,0.005800837898807605
E09000030,Tower Hamlets,0,310300,0
E09000030,Tower Hamlets,15,310300,0.004834031582339671
E09000030,Tower Hamlets,48,310300,0.015468901063486949
E09000030,Tower Hamlets,164,310300,0.05285207863358041
E09000030,Tower Hamlets,84,310300,0.02707057686110216
E09000030,Tower Hamlets,24,310300,0.007734450531743474
E09000030,Tower Hamlets,0,310300,0
E09000030,Tower Hamlets,26,310300,0.00837898807605543
E09000030,Tower Hamlets,125,310300,0.04028359651949726
E09000030,Tower Hamlets,294,310300,0.09474701901385756
E09000030,Tower Hamlets,29,310300,0.009345794392523364
E09000030,Tower Hamlets,12,310300,0.003867225265871737
E09000030,Tower Hamlets,0,310300,0
E09000030,Tower Hamlets,1192,310300,0.3841443764099259
E09000030,Tower Hamlets,3787,310300,1.220431840154689
E09000030,Tower Hamlets,9303,310300,2.9980663873670643
E09000030,Tower Hamlets,3763,310300,1.2126973896229456
E09000030,Tower Hamlets,2196,310300,0.7077022236545278
E09000031,Waltham Forest,0,278400,0
E09000031,Waltham Forest,0,278400,0
E09000031,Waltham Forest,0,278400,0
E09000031,Waltham Forest,0,278400,0
E09000031,Waltham Forest,0,278400,0
E09000031,Waltham Forest,0,278400,0
E09000031,Waltham Forest,0,278400,0
E09000031,Waltham Forest,36687,278400,13.17780172413793
E09000031,Waltham Forest,53009,278400,19.04058908045977
E09000031,Waltham Forest,71207,278400,25.57722701149425
E09000031,Waltham Forest,26843,278400,9.641882183908047
E09000031,Waltham Forest,12050,278400,4.328304597701149
E09000031,Waltham Forest,0,278400,0
E09000031,Waltham Forest,109,278400,0.03915229885057471
E09000031,Waltham Forest,214,278400,0.07686781609195402
E09000031,Waltham Forest,479,278400,0.17205459770114942
E09000031,Waltham Forest,294,278400,0.10560344827586207
E09000031,Waltham Forest,153,278400,0.05495689655172414
E09000031,Waltham Forest,0,278400,0
E09000031,Waltham Forest,54,278400,0.01939655172413793
E09000031,Waltham Forest,59,278400,0.021192528735632182
E09000031,Waltham Forest,152,278400,0.05459770114942529
E09000031,Waltham Forest,84,278400,0.03017241379310345
E09000031,Waltham Forest,32,278400,0.011494252873563218
E09000031,Waltham Forest,0,278400,0
E09000031,Waltham Forest,73,278400,0.02622126436781609
E09000031,Waltham Forest,65,278400,0.023347701149425287
E09000031,Waltham Forest,154,278400,0.05531609195402299
E09000031,Waltham Forest,84,278400,0.03017241379310345
E09000031,Waltham Forest,39,278400,0.014008620689655173
E09000031,Waltham Forest,0,278400,0
E09000031,Waltham Forest,34,278400,0.01221264367816092
E09000031,Waltham Forest,106,278400,0.03807471264367816
E09000031,Waltham Forest,166,278400,0.05962643678160919
E09000031,Waltham Forest,19,278400,0.006824712643678161
E09000031,Waltham Forest,11,278400,0.003951149425287357
E09000031,Waltham Forest,0,278400,0
E09000031,Waltham Forest,2618,278400,0.9403735632183908
E09000031,Waltham Forest,4129,278400,1.483117816091954
E09000031,Waltham Forest,6596,278400,2.3692528735632186
E09000031,Waltham Forest,2901,278400,1.0420258620689655
E09000031,Waltham Forest,2039,278400,0.7323994252873564
E09000032,Wandsworth,0,327500,0
E09000032,Wandsworth,0,327500,0
E09000032,Wandsworth,0,327500,0
E09000032,Wandsworth,0,327500,0
E09000032,Wandsworth,0,327500,0
E09000032,Wandsworth,0,327500,0
E09000032,Wandsworth,0,327500,0
E09000032,Wandsworth,53095,327500,16.212213740458015
E09000032,Wandsworth,65687,327500,20.05709923664122
E09000032,Wandsworth,105531,327500,32.22320610687023
E09000032,Wandsworth,20390,327500,6.225954198473282
E09000032,Wandsworth,5734,327500,1.7508396946564886
E09000032,Wandsworth,0,327500,0
E09000032,Wandsworth,71,327500,0.0216793893129771
E09000032,Wandsworth,124,327500,0.03786259541984733
E09000032,Wandsworth,326,327500,0.09954198473282443
E09000032,Wandsworth,121,327500,0.036946564885496185
E09000032,Wandsworth,63,327500,0.019236641221374046
E09000032,Wandsworth,0,327500,0
E09000032,Wandsworth,46,327500,0.014045801526717557
E09000032,Wandsworth,79,327500,0.024122137404580152
E09000032,Wandsworth,147,327500,0.04488549618320611
E09000032,Wandsworth,54,327500,0.01648854961832061
E09000032,Wandsworth,19,327500,0.005801526717557252
E09000032,Wandsworth,0,327500,0
E09000032,Wandsworth,34,327500,0.010381679389312977
E09000032,Wandsworth,57,327500,0.017404580152671757
E09000032,Wandsworth,138,327500,0.04213740458015267
E09000032,Wandsworth,36,327500,0.01099236641221374
E09000032,Wandsworth,19,327500,0.005801526717557252
E09000032,Wandsworth,0,327500,0
E09000032,Wandsworth,32,327500,0.009770992366412214
E09000032,Wandsworth,77,327500,0.02351145038167939
E09000032,Wandsworth,150,327500,0.04580152671755725
E09000032,Wandsworth,32,327500,0.009770992366412214
E09000032,Wandsworth,3,327500,9.16030534351145e-4
E09000032,Wandsworth,0,327500,0
E09000032,Wandsworth,2659,327500,0.8119083969465649
E09000032,Wandsworth,3940,327500,1.203053435114504
E09000032,Wandsworth,7294,327500,2.227175572519084
E09000032,Wandsworth,2280,327500,0.6961832061068702
E09000032,Wandsworth,833,327500,0.2543511450381679
E09000033,Westminster,0,204300,0
E09000033,Westminster,0,204300,0
E09000033,Westminster,0,204300,0
E09000033,Westminster,0,204300,0
E09000033,Westminster,0,204300,0
E09000033,Westminster,0,204300,0
E09000033,Westminster,0,204300,0
E09000033,Westminster,18804,204300,9.204111600587371
E09000033,Westminster,38474,204300,18.83210964268233
E09000033,Westminster,72093,204300,35.287812041116005
E09000033,Westminster,18320,204300,8.967205090553108
E09000033,Westminster,8602,204300,4.210474791972589
E09000033,Westminster,0,204300,0
E09000033,Westminster,32,204300,0.01566324033284386
E09000033,Westminster,82,204300,0.040137053352912386
E09000033,Westminster,366,204300,0.17914831130690162
E09000033,Westminster,118,204300,0.05775819872736172
E09000033,Westminster,47,204300,0.023005384238864415
E09000033,Westminster,0,204300,0
E09000033,Westminster,19,204300,0.00930004894762604
E09000033,Westminster,40,204300,0.01957905041605482
E09000033,Westminster,129,204300,0.0631424375917768
E09000033,Westminster,43,204300,0.021047479197258932
E09000033,Westminster,13,204300,0.006363191385217817
E09000033,Westminster,0,204300,0
E09000033,Westminster,33,204300,0.016152716593245228
E09000033,Westminster,38,204300,0.01860009789525208
E09000033,Westminster,101,204300,0.049437102300538424
E09000033,Westminster,31,204300,0.015173764072442487
E09000033,Westminster,22,204300,0.010768477728830151
E09000033,Westminster,0,204300,0
E09000033,Westminster,20,204300,0.00978952520802741
E09000033,Westminster,35,204300,0.017131669114047968
E09000033,Westminster,78,204300,0.0381791483113069
E09000033,Westminster,24,204300,0.011747430249632892
E09000033,Westminster,10,204300,0.004894762604013705
E09000033,Westminster,0,204300,0
E09000033,Westminster,1649,204300,0.80714635340186
E09000033,Westminster,3298,204300,1.61429270680372
E09000033,Westminster,7484,204300,3.663240332843857
E09000033,Westminster,2390,204300,1.1698482623592756
E09000033,Westminster,1001,204300,0.4899657366617719
W06000001,Isle of Anglesey,0,68900,0
W06000001,Isle of Anglesey,0,68900,0
W06000001,Isle of Anglesey,0,68900,0
W06000001,Isle of Anglesey,0,68900,0
W06000001,Isle of Anglesey,0,68900,0
W06000001,Isle of Anglesey,0,68900,0
W06000001,Isle of Anglesey,0,68900,0
W06000001,Isle of Anglesey,22763,68900,33.0377358490566
W06000001,Isle of Anglesey,18300,68900,26.560232220609578
W06000001,Isle of Anglesey,10191,68900,14.79100145137881
W06000001,Isle of Anglesey,1227,68900,1.7808417997097243
W06000001,Isle of Anglesey,195,68900,0.2830188679245283
W06000001,Isle of Anglesey,0,68900,0
W06000001,Isle of Anglesey,23,68900,0.033381712626995644
W06000001,Isle of Anglesey,24,68900,0.03483309143686502
W06000001,Isle of Anglesey,16,68900,0.023222060957910014
W06000001,Isle of Anglesey,1,68900,0.001451378809869376
W06000001,Isle of Anglesey,2,68900,0.002902757619738752
W06000001,Isle of Anglesey,0,68900,0
W06000001,Isle of Anglesey,14,68900,0.020319303338171262
W06000001,Isle of Anglesey,12,68900,0.01741654571843251
W06000001,Isle of Anglesey,7,68900,0.010159651669085631
W06000001,Isle of Anglesey,0,68900,0
W06000001,Isle of Anglesey,0,68900,0
W06000001,Isle of Anglesey,0,68900,0
W06000001,Isle of Anglesey,9,68900,0.013062409288824383
W06000001,Isle of Anglesey,9,68900,0.013062409288824383
W06000001,Isle of Anglesey,10,68900,0.01451378809869376
W06000001,Isle of Anglesey,2,68900,0.002902757619738752
W06000001,Isle of Anglesey,0,68900,0
W06000001,Isle of Anglesey,0,68900,0
W06000001,Isle of Anglesey,12,68900,0.01741654571843251
W06000001,Isle of Anglesey,12,68900,0.01741654571843251
W06000001,Isle of Anglesey,8,68900,0.011611030478955007
W06000001,Isle of Anglesey,0,68900,0
W06000001,Isle of Anglesey,0,68900,0
W06000001,Isle of Anglesey,0,68900,0
W06000001,Isle of Anglesey,1502,68900,2.1799709724238028
W06000001,Isle of Anglesey,1314,68900,1.90711175616836
W06000001,Isle of Anglesey,694,68900,1.007256894049347
W06000001,Isle of Anglesey,98,68900,0.14223512336719885
W06000001,Isle of Anglesey,17,68900,0.02467343976777939
W06000002,Gwynedd,0,117400,0
W06000002,Gwynedd,0,117400,0
W06000002,Gwynedd,0,117400,0
W06000002,Gwynedd,0,117400,0
W06000002,Gwynedd,0,117400,0
W06000002,Gwynedd,0,117400,0
W06000002,Gwynedd,0,117400,0
W06000002,Gwynedd,34979,117400,29.79471890971039
W06000002,Gwynedd,31264,117400,26.63032367972743
W06000002,Gwynedd,17616,117400,15.00511073253833
W06000002,Gwynedd,2505,117400,2.1337308347529813
W06000002,Gwynedd,383,117400,0.3262350936967632
W06000002,Gwynedd,0,117400,0
W06000002,Gwynedd,28,117400,0.02385008517887564
W06000002,Gwynedd,33,117400,0.028109028960817718
W06000002,Gwynedd,31,117400,0.026405451448040886
W06000002,Gwynedd,5,117400,0.004258943781942078
W06000002,Gwynedd,1,117400,8.517887563884157e-4
W06000002,Gwynedd,0,117400,0
W06000002,Gwynedd,12,117400,0.010221465076660987
W06000002,Gwynedd,24,117400,0.020442930153321975
W06000002,Gwynedd,21,117400,0.01788756388415673
W06000002,Gwynedd,1,117400,8.517887563884157e-4
W06000002,Gwynedd,0,117400,0
W06000002,Gwynedd,0,117400,0
W06000002,Gwynedd,6,117400,0.005110732538330494
W06000002,Gwynedd,17,117400,0.014480408858603067
W06000002,Gwynedd,19,117400,0.016183986371379896
W06000002,Gwynedd,7,117400,0.00596252129471891
W06000002,Gwynedd,0,117400,0
W06000002,Gwynedd,0,117400,0
W06000002,Gwynedd,32,117400,0.027257240204429302
W06000002,Gwynedd,42,117400,0.03577512776831346
W06000002,Gwynedd,32,117400,0.027257240204429302
W06000002,Gwynedd,7,117400,0.00596252129471891
W06000002,Gwynedd,0,117400,0
W06000002,Gwynedd,0,117400,0
W06000002,Gwynedd,2836,117400,2.4156729131175467
W06000002,Gwynedd,2606,117400,2.2197614991482113
W06000002,Gwynedd,1536,117400,1.3083475298126064
W06000002,Gwynedd,222,117400,0.1890971039182283
W06000002,Gwynedd,38,117400,0.03236797274275979
W06000003,Conwy,0,114800,0
W06000003,Conwy,0,114800,0
W06000003,Conwy,0,114800,0
W06000003,Conwy,0,114800,0
W06000003,Conwy,0,114800,0
W06000003,Conwy,0,114800,0
W06000003,Conwy,0,114800,0
W06000003,Conwy,32708,114800,28.49128919860627
W06000003,Conwy,32973,114800,28.722125435540068
W06000003,Conwy,19615,114800,17.08623693379791
W06000003,Conwy,2443,114800,2.1280487804878048
W06000003,Conwy,408,114800,0.3554006968641115
W06000003,Conwy,0,114800,0
W06000003,Conwy,28,114800,0.024390243902439025
W06000003,Conwy,29,114800,0.025261324041811847
W06000003,Conwy,26,114800,0.02264808362369338
W06000003,Conwy,6,114800,0.005226480836236934
W06000003,Conwy,1,114800,8.710801393728223e-4
W06000003,Conwy,0,114800,0
W06000003,Conwy,9,114800,0.0078397212543554
W06000003,Conwy,18,114800,0.0156794425087108
W06000003,Conwy,13,114800,0.01132404181184669
W06000003,Conwy,1,114800,8.710801393728223e-4
W06000003,Conwy,0,114800,0
W06000003,Conwy,0,114800,0
W06000003,Conwy,11,114800,0.009581881533101045
W06000003,Conwy,19,114800,0.016550522648083623
W06000003,Conwy,25,114800,0.02177700348432056
W06000003,Conwy,1,114800,8.710801393728223e-4
W06000003,Conwy,1,114800,8.710801393728223e-4
W06000003,Conwy,0,114800,0
W06000003,Conwy,11,114800,0.009581881533101045
W06000003,Conwy,20,114800,0.017421602787456445
W06000003,Conwy,30,114800,0.02613240418118467
W06000003,Conwy,1,114800,8.710801393728223e-4
W06000003,Conwy,0,114800,0
W06000003,Conwy,0,114800,0
W06000003,Conwy,2065,114800,1.798780487804878
W06000003,Conwy,2366,114800,2.0609756097560976
W06000003,Conwy,1540,114800,1.3414634146341464
W06000003,Conwy,206,114800,0.1794425087108014
W06000003,Conwy,22,114800,0.01916376306620209
W06000004,Denbighshire,0,95800,0
W06000004,Denbighshire,0,95800,0
W06000004,Denbighshire,0,95800,0
W06000004,Denbighshire,0,95800,0
W06000004,Denbighshire,0,95800,0
W06000004,Denbighshire,0,95800,0
W06000004,Denbighshire,0,95800,0
W06000004,Denbighshire,26030,95800,27.171189979123174
W06000004,Denbighshire,27250,95800,28.444676409185803
W06000004,Denbighshire,16302,95800,17.01670146137787
W06000004,Denbighshire,2137,95800,2.230688935281837
W06000004,Denbighshire,346,95800,0.36116910229645094
W06000004,Denbighshire,0,95800,0
W06000004,Denbighshire,17,95800,0.017745302713987474
W06000004,Denbighshire,38,95800,0.03966597077244259
W06000004,Denbighshire,25,95800,0.026096033402922755
W06000004,Denbighshire,2,95800,0.0020876826722338203
W06000004,Denbighshire,4,95800,0.0041753653444676405
W06000004,Denbighshire,0,95800,0
W06000004,Denbighshire,13,95800,0.013569937369519834
W06000004,Denbighshire,19,95800,0.019832985386221295
W06000004,Denbighshire,16,95800,0.016701461377870562
W06000004,Denbighshire,1,95800,0.0010438413361169101
W06000004,Denbighshire,0,95800,0
W06000004,Denbighshire,0,95800,0
W06000004,Denbighshire,7,95800,0.007306889352818371
W06000004,Denbighshire,11,95800,0.011482254697286013
W06000004,Denbighshire,7,95800,0.007306889352818371
W06000004,Denbighshire,1,95800,0.0010438413361169101
W06000004,Denbighshire,0,95800,0
W06000004,Denbighshire,0,95800,0
W06000004,Denbighshire,14,95800,0.014613778705636743
W06000004,Denbighshire,14,95800,0.014613778705636743
W06000004,Denbighshire,23,95800,0.024008350730688934
W06000004,Denbighshire,4,95800,0.0041753653444676405
W06000004,Denbighshire,2,95800,0.0020876826722338203
W06000004,Denbighshire,0,95800,0
W06000004,Denbighshire,1668,95800,1.7411273486430063
W06000004,Denbighshire,1981,95800,2.067849686847599
W06000004,Denbighshire,1289,95800,1.3455114822546972
W06000004,Denbighshire,116,95800,0.12108559498956159
W06000004,Denbighshire,32,95800,0.033402922755741124
W06000005,Flintshire,0,155000,0
W06000005,Flintshire,0,155000,0
W06000005,Flintshire,0,155000,0
W06000005,Flintshire,0,155000,0
W06000005,Flintshire,0,155000,0
W06000005,Flintshire,0,155000,0
W06000005,Flintshire,0,155000,0
W06000005,Flintshire,47728,155000,30.79225806451613
W06000005,Flintshire,42631,155000,27.503870967741936
W06000005,Flintshire,24639,155000,15.896129032258065
W06000005,Flintshire,3010,155000,1.9419354838709677
W06000005,Flintshire,548,155000,0.3535483870967742
W06000005,Flintshire,0,155000,0
W06000005,Flintshire,35,155000,0.02258064516129032
W06000005,Flintshire,67,155000,0.043225806451612905
W06000005,Flintshire,52,155000,0.03354838709677419
W06000005,Flintshire,19,155000,0.012258064516129033
W06000005,Flintshire,1,155000,6.451612903225806e-4
W06000005,Flintshire,0,155000,0
W06000005,Flintshire,21,155000,0.013548387096774193
W06000005,Flintshire,24,155000,0.015483870967741935
W06000005,Flintshire,27,155000,0.017419354838709676
W06000005,Flintshire,8,155000,0.005161290322580645
W06000005,Flintshire,2,155000,0.0012903225806451613
W06000005,Flintshire,0,155000,0
W06000005,Flintshire,17,155000,0.01096774193548387
W06000005,Flintshire,34,155000,0.02193548387096774
W06000005,Flintshire,22,155000,0.014193548387096775
W06000005,Flintshire,0,155000,0
W06000005,Flintshire,0,155000,0
W06000005,Flintshire,0,155000,0
W06000005,Flintshire,10,155000,0.0064516129032258064
W06000005,Flintshire,21,155000,0.013548387096774193
W06000005,Flintshire,16,155000,0.01032258064516129
W06000005,Flintshire,4,155000,0.0025806451612903226
W06000005,Flintshire,0,155000,0
W06000005,Flintshire,0,155000,0
W06000005,Flintshire,2820,155000,1.8193548387096774
W06000005,Flintshire,2767,155000,1.7851612903225806
W06000005,Flintshire,1795,155000,1.1580645161290322
W06000005,Flintshire,249,155000,0.16064516129032258
W06000005,Flintshire,50,155000,0.03225806451612903
W06000006,Wrexham,0,135100,0
W06000006,Wrexham,0,135100,0
W06000006,Wrexham,0,135100,0
W06000006,Wrexham,0,135100,0
W06000006,Wrexham,0,135100,0
W06000006,Wrexham,0,135100,0
W06000006,Wrexham,0,135100,0
W06000006,Wrexham,35627,135100,26.370836417468542
W06000006,Wrexham,35881,135100,26.558845299777943
W06000006,Wrexham,24294,135100,17.98223538119911
W06000006,Wrexham,3276,135100,2.4248704663212437
W06000006,Wrexham,595,135100,0.44041450777202074
W06000006,Wrexham,0,135100,0
W06000006,Wrexham,29,135100,0.02146558105107328
W06000006,Wrexham,64,135100,0.047372316802368614
W06000006,Wrexham,64,135100,0.047372316802368614
W06000006,Wrexham,9,135100,0.006661732050333087
W06000006,Wrexham,5,135100,0.003700962250185048
W06000006,Wrexham,0,135100,0
W06000006,Wrexham,15,135100,0.011102886750555145
W06000006,Wrexham,36,135100,0.026646928201332347
W06000006,Wrexham,21,135100,0.015544041450777202
W06000006,Wrexham,2,135100,0.0014803849000740192
W06000006,Wrexham,3,135100,0.0022205773501110288
W06000006,Wrexham,0,135100,0
W06000006,Wrexham,13,135100,0.009622501850481125
W06000006,Wrexham,29,135100,0.02146558105107328
W06000006,Wrexham,31,135100,0.0229459659511473
W06000006,Wrexham,5,135100,0.003700962250185048
W06000006,Wrexham,4,135100,0.0029607698001480384
W06000006,Wrexham,0,135100,0
W06000006,Wrexham,17,135100,0.012583271650629163
W06000006,Wrexham,23,135100,0.017024426350851222
W06000006,Wrexham,22,135100,0.01628423390081421
W06000006,Wrexham,7,135100,0.0051813471502590676
W06000006,Wrexham,6,135100,0.0044411547002220575
W06000006,Wrexham,0,135100,0
W06000006,Wrexham,2433,135100,1.8008882309400445
W06000006,Wrexham,2581,135100,1.9104367135455218
W06000006,Wrexham,1938,135100,1.4344929681717247
W06000006,Wrexham,270,135100,0.1998519615099926
W06000006,Wrexham,74,135100,0.05477424130273871
W06000008,Ceredigion,0,71500,0
W06000008,Ceredigion,0,71500,0
W06000008,Ceredigion,0,71500,0
W06000008,Ceredigion,0,71500,0
W06000008,Ceredigion,0,71500,0
W06000008,Ceredigion,0,71500,0
W06000008,Ceredigion,0,71500,0
W06000008,Ceredigion,24226,71500,33.882517482517486
W06000008,Ceredigion,17526,71500,24.511888111888112
W06000008,Ceredigion,9991,71500,13.973426573426574
W06000008,Ceredigion,996,71500,1.393006993006993
W06000008,Ceredigion,248,71500,0.34685314685314683
W06000008,Ceredigion,0,71500,0
W06000008,Ceredigion,25,71500,0.03496503496503497
W06000008,Ceredigion,25,71500,0.03496503496503497
W06000008,Ceredigion,27,71500,0.03776223776223776
W06000008,Ceredigion,3,71500,0.004195804195804196
W06000008,Ceredigion,0,71500,0
W06000008,Ceredigion,0,71500,0
W06000008,Ceredigion,19,71500,0.026573426573426574
W06000008,Ceredigion,20,71500,0.027972027972027972
W06000008,Ceredigion,17,71500,0.023776223776223775
W06000008,Ceredigion,1,71500,0.0013986013986013986
W06000008,Ceredigion,1,71500,0.0013986013986013986
W06000008,Ceredigion,0,71500,0
W06000008,Ceredigion,9,71500,0.012587412587412588
W06000008,Ceredigion,15,71500,0.02097902097902098
W06000008,Ceredigion,12,71500,0.016783216783216783
W06000008,Ceredigion,0,71500,0
W06000008,Ceredigion,0,71500,0
W06000008,Ceredigion,0,71500,0
W06000008,Ceredigion,31,71500,0.043356643356643354
W06000008,Ceredigion,39,71500,0.05454545454545454
W06000008,Ceredigion,48,71500,0.06713286713286713
W06000008,Ceredigion,5,71500,0.006993006993006993
W06000008,Ceredigion,4,71500,0.005594405594405594
W06000008,Ceredigion,0,71500,0
W06000008,Ceredigion,1848,71500,2.5846153846153848
W06000008,Ceredigion,1564,71500,2.1874125874125876
W06000008,Ceredigion,899,71500,1.2573426573426574
W06000008,Ceredigion,121,71500,0.16923076923076924
W06000008,Ceredigion,43,71500,0.06013986013986014
W06000009,Pembrokeshire,0,123400,0
W06000009,Pembrokeshire,0,123400,0
W06000009,Pembrokeshire,0,123400,0
W06000009,Pembrokeshire,0,123400,0
W06000009,Pembrokeshire,0,123400,0
W06000009,Pembrokeshire,0,123400,0
W06000009,Pembrokeshire,0,123400,0
W06000009,Pembrokeshire,41372,123400,33.52674230145867
W06000009,Pembrokeshire,31597,123400,25.605348460291733
W06000009,Pembrokeshire,18922,123400,15.33387358184765
W06000009,Pembrokeshire,2333,123400,1.8905996758508914
W06000009,Pembrokeshire,342,123400,0.2771474878444084
W06000009,Pembrokeshire,0,123400,0
W06000009,Pembrokeshire,29,123400,0.023500810372771474
W06000009,Pembrokeshire,45,123400,0.03646677471636953
W06000009,Pembrokeshire,36,123400,0.029173419773095625
W06000009,Pembrokeshire,6,123400,0.004862236628849271
W06000009,Pembrokeshire,3,123400,0.0024311183144246355
W06000009,Pembrokeshire,0,123400,0
W06000009,Pembrokeshire,14,123400,0.011345218800648298
W06000009,Pembrokeshire,28,123400,0.022690437601296597
W06000009,Pembrokeshire,17,123400,0.013776337115072933
W06000009,Pembrokeshire,2,123400,0.0016207455429497568
W06000009,Pembrokeshire,0,123400,0
W06000009,Pembrokeshire,0,123400,0
W06000009,Pembrokeshire,20,123400,0.01620745542949757
W06000009,Pembrokeshire,21,123400,0.017017828200972446
W06000009,Pembrokeshire,23,123400,0.018638573743922204
W06000009,Pembrokeshire,1,123400,8.103727714748784e-4
W06000009,Pembrokeshire,1,123400,8.103727714748784e-4
W06000009,Pembrokeshire,0,123400,0
W06000009,Pembrokeshire,19,123400,0.01539708265802269
W06000009,Pembrokeshire,25,123400,0.02025931928687196
W06000009,Pembrokeshire,26,123400,0.02106969205834684
W06000009,Pembrokeshire,2,123400,0.0016207455429497568
W06000009,Pembrokeshire,0,123400,0
W06000009,Pembrokeshire,0,123400,0
W06000009,Pembrokeshire,2617,123400,2.120745542949757
W06000009,Pembrokeshire,2047,123400,1.6588330632090762
W06000009,Pembrokeshire,1249,123400,1.0121555915721232
W06000009,Pembrokeshire,159,123400,0.12884927066450566
W06000009,Pembrokeshire,45,123400,0.03646677471636953
W06000010,Carmarthenshire,0,187900,0
W06000010,Carmarthenshire,0,187900,0
W06000010,Carmarthenshire,0,187900,0
W06000010,Carmarthenshire,0,187900,0
W06000010,Carmarthenshire,0,187900,0
W06000010,Carmarthenshire,0,187900,0
W06000010,Carmarthenshire,0,187900,0
W06000010,Carmarthenshire,62796,187900,33.41990420436402
W06000010,Carmarthenshire,48939,187900,26.04523682810005
W06000010,Carmarthenshire,27404,187900,14.584353379457157
W06000010,Carmarthenshire,3476,187900,1.8499201703033528
W06000010,Carmarthenshire,603,187900,0.320915380521554
W06000010,Carmarthenshire,0,187900,0
W06000010,Carmarthenshire,58,187900,0.030867482703565728
W06000010,Carmarthenshire,66,187900,0.03512506652474721
W06000010,Carmarthenshire,48,187900,0.025545502927088876
W06000010,Carmarthenshire,13,187900,0.006918573709419904
W06000010,Carmarthenshire,2,187900,0.0010643959552953698
W06000010,Carmarthenshire,0,187900,0
W06000010,Carmarthenshire,29,187900,0.015433741351782864
W06000010,Carmarthenshire,32,187900,0.017030335284725917
W06000010,Carmarthenshire,28,187900,0.014901543374135177
W06000010,Carmarthenshire,2,187900,0.0010643959552953698
W06000010,Carmarthenshire,2,187900,0.0010643959552953698
W06000010,Carmarthenshire,0,187900,0
W06000010,Carmarthenshire,22,187900,0.011708355508249068
W06000010,Carmarthenshire,36,187900,0.019159127195316657
W06000010,Carmarthenshire,27,187900,0.014369345396487493
W06000010,Carmarthenshire,4,187900,0.0021287919105907396
W06000010,Carmarthenshire,0,187900,0
W06000010,Carmarthenshire,0,187900,0
W06000010,Carmarthenshire,28,187900,0.014901543374135177
W06000010,Carmarthenshire,35,187900,0.018626929217668974
W06000010,Carmarthenshire,28,187900,0.014901543374135177
W06000010,Carmarthenshire,5,187900,0.0026609898882384245
W06000010,Carmarthenshire,0,187900,0
W06000010,Carmarthenshire,0,187900,0
W06000010,Carmarthenshire,4000,187900,2.12879191059074
W06000010,Carmarthenshire,3205,187900,1.7056945183608303
W06000010,Carmarthenshire,1988,187900,1.0580095795635978
W06000010,Carmarthenshire,304,187900,0.1617881852048962
W06000010,Carmarthenshire,45,187900,0.023948908994145823
W06000011,Swansea,0,238500,0
W06000011,Swansea,0,238500,0
W06000011,Swansea,0,238500,0
W06000011,Swansea,0,238500,0
W06000011,Swansea,0,238500,0
W06000011,Swansea,0,238500,0
W06000011,Swansea,0,238500,0
W06000011,Swansea,66878,238500,28.041090146750523
W06000011,Swansea,63147,238500,26.476729559748428
W06000011,Swansea,43787,238500,18.359329140461217
W06000011,Swansea,5644,238500,2.366457023060797
W06000011,Swansea,905,238500,0.37945492662473795
W06000011,Swansea,0,238500,0
W06000011,Swansea,75,238500,0.031446540880503145
W06000011,Swansea,100,238500,0.041928721174004195
W06000011,Swansea,110,238500,0.04612159329140461
W06000011,Swansea,19,238500,0.007966457023060796
W06000011,Swansea,4,238500,0.0016771488469601676
W06000011,Swansea,0,238500,0
W06000011,Swansea,29,238500,0.012159329140461216
W06000011,Swansea,50,238500,0.020964360587002098
W06000011,Swansea,50,238500,0.020964360587002098
W06000011,Swansea,5,238500,0.0020964360587002098
W06000011,Swansea,0,238500,0
W06000011,Swansea,0,238500,0
W06000011,Swansea,32,238500,0.013417190775681341
W06000011,Swansea,55,238500,0.023060796645702306
W06000011,Swansea,49,238500,0.020545073375262055
W06000011,Swansea,8,238500,0.0033542976939203353
W06000011,Swansea,0,238500,0
W06000011,Swansea,0,238500,0
W06000011,Swansea,55,238500,0.023060796645702306
W06000011,Swansea,56,238500,0.02348008385744235
W06000011,Swansea,79,238500,0.03312368972746331
W06000011,Swansea,9,238500,0.0037735849056603774
W06000011,Swansea,1,238500,4.192872117400419e-4
W06000011,Swansea,0,238500,0
W06000011,Swansea,3678,238500,1.5421383647798743
W06000011,Swansea,4036,238500,1.6922431865828091
W06000011,Swansea,3177,238500,1.3320754716981131
W06000011,Swansea,549,238500,0.23018867924528302
W06000011,Swansea,130,238500,0.05450733752620545
W06000012,Neath Port Talbot,0,142300,0
W06000012,Neath Port Talbot,0,142300,0
W06000012,Neath Port Talbot,0,142300,0
W06000012,Neath Port Talbot,0,142300,0
W06000012,Neath Port Talbot,0,142300,0
W06000012,Neath Port Talbot,0,142300,0
W06000012,Neath Port Talbot,0,142300,0
W06000012,Neath Port Talbot,41120,142300,28.896697118763175
W06000012,Neath Port Talbot,39122,142300,27.492621222768797
W06000012,Neath Port Talbot,24032,142300,16.888264230498947
W06000012,Neath Port Talbot,2812,142300,1.9761068165846802
W06000012,Neath Port Talbot,389,142300,0.2733661278988053
W06000012,Neath Port Talbot,0,142300,0
W06000012,Neath Port Talbot,45,142300,0.03162333099086437
W06000012,Neath Port Talbot,66,142300,0.046380885453267746
W06000012,Neath Port Talbot,48,142300,0.03373155305692199
W06000012,Neath Port Talbot,8,142300,0.005621925509486999
W06000012,Neath Port Talbot,1,142300,7.027406886858749e-4
W06000012,Neath Port Talbot,0,142300,0
W06000012,Neath Port Talbot,18,142300,0.012649332396345749
W06000012,Neath Port Talbot,25,142300,0.017568517217146872
W06000012,Neath Port Talbot,22,142300,0.015460295151089248
W06000012,Neath Port Talbot,1,142300,7.027406886858749e-4
W06000012,Neath Port Talbot,0,142300,0
W06000012,Neath Port Talbot,0,142300,0
W06000012,Neath Port Talbot,23,142300,0.016163035839775124
W06000012,Neath Port Talbot,32,142300,0.022487702037947997
W06000012,Neath Port Talbot,36,142300,0.025298664792691498
W06000012,Neath Port Talbot,4,142300,0.0028109627547434997
W06000012,Neath Port Talbot,0,142300,0
W06000012,Neath Port Talbot,0,142300,0
W06000012,Neath Port Talbot,17,142300,0.011946591707659873
W06000012,Neath Port Talbot,26,142300,0.018271257905832748
W06000012,Neath Port Talbot,26,142300,0.018271257905832748
W06000012,Neath Port Talbot,2,142300,0.0014054813773717498
W06000012,Neath Port Talbot,0,142300,0
W06000012,Neath Port Talbot,0,142300,0
W06000012,Neath Port Talbot,2448,142300,1.7203092059030218
W06000012,Neath Port Talbot,2103,142300,1.477863668306395
W06000012,Neath Port Talbot,1425,142300,1.0014054813773718
W06000012,Neath Port Talbot,173,142300,0.12157413914265636
W06000012,Neath Port Talbot,21,142300,0.014757554462403373
W06000013,Bridgend,0,145500,0
W06000013,Bridgend,0,145500,0
W06000013,Bridgend,0,145500,0
W06000013,Bridgend,0,145500,0
W06000013,Bridgend,0,145500,0
W06000013,Bridgend,0,145500,0
W06000013,Bridgend,0,145500,0
W06000013,Bridgend,45543,145500,31.30103092783505
W06000013,Bridgend,39118,145500,26.885223367697595
W06000013,Bridgend,22454,145500,15.432302405498282
W06000013,Bridgend,2916,145500,2.004123711340206
W06000013,Bridgend,547,145500,0.3759450171821306
W06000013,Bridgend,0,145500,0
W06000013,Bridgend,42,145500,0.0288659793814433
W06000013,Bridgend,47,145500,0.03230240549828179
W06000013,Bridgend,40,145500,0.027491408934707903
W06000013,Bridgend,2,145500,0.0013745704467353953
W06000013,Bridgend,1,145500,6.872852233676976e-4
W06000013,Bridgend,0,145500,0
W06000013,Bridgend,19,145500,0.013058419243986255
W06000013,Bridgend,25,145500,0.01718213058419244
W06000013,Bridgend,20,145500,0.013745704467353952
W06000013,Bridgend,0,145500,0
W06000013,Bridgend,1,145500,6.872852233676976e-4
W06000013,Bridgend,0,145500,0
W06000013,Bridgend,14,145500,0.009621993127147767
W06000013,Bridgend,22,145500,0.015120274914089347
W06000013,Bridgend,18,145500,0.012371134020618556
W06000013,Bridgend,5,145500,0.003436426116838488
W06000013,Bridgend,0,145500,0
W06000013,Bridgend,0,145500,0
W06000013,Bridgend,17,145500,0.01168384879725086
W06000013,Bridgend,23,145500,0.015807560137457044
W06000013,Bridgend,14,145500,0.009621993127147767
W06000013,Bridgend,1,145500,6.872852233676976e-4
W06000013,Bridgend,0,145500,0
W06000013,Bridgend,0,145500,0
W06000013,Bridgend,2303,145500,1.5828178694158075
W06000013,Bridgend,2220,145500,1.5257731958762886
W06000013,Bridgend,1245,145500,0.8556701030927835
W06000013,Bridgend,187,145500,0.12852233676975944
W06000013,Bridgend,52,145500,0.03573883161512027
W06000014,Vale of Glamorgan,0,131800,0
W06000014,Vale of Glamorgan,0,131800,0
W06000014,Vale of Glamorgan,0,131800,0
W06000014,Vale of Glamorgan,0,131800,0
W06000014,Vale of Glamorgan,0,131800,0
W06000014,Vale of Glamorgan,0,131800,0
W06000014,Vale of Glamorgan,0,131800,0
W06000014,Vale of Glamorgan,45059,131800,34.18740515933232
W06000014,Vale of Glamorgan,32910,131800,24.969650986342945
W06000014,Vale of Glamorgan,19916,131800,15.110773899848255
W06000014,Vale of Glamorgan,2153,131800,1.6335356600910471
W06000014,Vale of Glamorgan,295,131800,0.22382397572078908
W06000014,Vale of Glamorgan,0,131800,0
W06000014,Vale of Glamorgan,24,131800,0.018209408194233688
W06000014,Vale of Glamorgan,42,131800,0.03186646433990895
W06000014,Vale of Glamorgan,32,131800,0.024279210925644917
W06000014,Vale of Glamorgan,8,131800,0.006069802731411229
W06000014,Vale of Glamorgan,0,131800,0
W06000014,Vale of Glamorgan,0,131800,0
W06000014,Vale of Glamorgan,17,131800,0.012898330804248861
W06000014,Vale of Glamorgan,26,131800,0.019726858877086494
W06000014,Vale of Glamorgan,20,131800,0.015174506828528073
W06000014,Vale of Glamorgan,4,131800,0.0030349013657056147
W06000014,Vale of Glamorgan,0,131800,0
W06000014,Vale of Glamorgan,0,131800,0
W06000014,Vale of Glamorgan,18,131800,0.013657056145675266
W06000014,Vale of Glamorgan,54,131800,0.0409711684370258
W06000014,Vale of Glamorgan,32,131800,0.024279210925644917
W06000014,Vale of Glamorgan,3,131800,0.002276176024279211
W06000014,Vale of Glamorgan,1,131800,7.587253414264037e-4
W06000014,Vale of Glamorgan,0,131800,0
W06000014,Vale of Glamorgan,18,131800,0.013657056145675266
W06000014,Vale of Glamorgan,38,131800,0.028831562974203338
W06000014,Vale of Glamorgan,28,131800,0.021244309559939303
W06000014,Vale of Glamorgan,7,131800,0.005311077389984826
W06000014,Vale of Glamorgan,3,131800,0.002276176024279211
W06000014,Vale of Glamorgan,0,131800,0
W06000014,Vale of Glamorgan,2099,131800,1.5925644916540211
W06000014,Vale of Glamorgan,1636,131800,1.2412746585735963
W06000014,Vale of Glamorgan,1215,131800,0.9218512898330804
W06000014,Vale of Glamorgan,160,131800,0.12139605462822459
W06000014,Vale of Glamorgan,15,131800,0.011380880121396054
W06000015,Cardiff,0,362400,0
W06000015,Cardiff,0,362400,0
W06000015,Cardiff,0,362400,0
W06000015,Cardiff,0,362400,0
W06000015,Cardiff,0,362400,0
W06000015,Cardiff,0,362400,0
W06000015,Cardiff,0,362400,0
W06000015,Cardiff,87084,362400,24.02980132450331
W06000015,Cardiff,84121,362400,23.21219646799117
W06000015,Cardiff,75178,362400,20.74448123620309
W06000015,Cardiff,12626,362400,3.4839955849889623
W06000015,Cardiff,3089,362400,0.8523730684326711
W06000015,Cardiff,0,362400,0
W06000015,Cardiff,136,362400,0.037527593818984545
W06000015,Cardiff,162,362400,0.04470198675496689
W06000015,Cardiff,288,362400,0.07947019867549669
W06000015,Cardiff,73,362400,0.020143487858719646
W06000015,Cardiff,30,362400,0.008278145695364239
W06000015,Cardiff,0,362400,0
W06000015,Cardiff,72,362400,0.019867549668874173
W06000015,Cardiff,86,362400,0.023730684326710817
W06000015,Cardiff,152,362400,0.04194260485651214
W06000015,Cardiff,25,362400,0.006898454746136865
W06000015,Cardiff,6,362400,0.0016556291390728477
W06000015,Cardiff,0,362400,0
W06000015,Cardiff,48,362400,0.013245033112582781
W06000015,Cardiff,94,362400,0.025938189845474614
W06000015,Cardiff,132,362400,0.03642384105960265
W06000015,Cardiff,34,362400,0.009381898454746136
W06000015,Cardiff,8,362400,0.002207505518763797
W06000015,Cardiff,0,362400,0
W06000015,Cardiff,80,362400,0.02207505518763797
W06000015,Cardiff,175,362400,0.048289183222958054
W06000015,Cardiff,243,362400,0.06705298013245033
W06000015,Cardiff,23,362400,0.0063465783664459164
W06000015,Cardiff,4,362400,0.0011037527593818985
W06000015,Cardiff,0,362400,0
W06000015,Cardiff,4710,362400,1.2996688741721854
W06000015,Cardiff,5186,362400,1.4310154525386314
W06000015,Cardiff,5537,362400,1.5278697571743929
W06000015,Cardiff,1210,362400,0.33388520971302427
W06000015,Cardiff,375,362400,0.10347682119205298
W06000016,Rhondda Cynon Taf,0,237700,0
W06000016,Rhondda Cynon Taf,0,237700,0
W06000016,Rhondda Cynon Taf,0,237700,0
W06000016,Rhondda Cynon Taf,0,237700,0
W06000016,Rhondda Cynon Taf,0,237700,0
W06000016,Rhondda Cynon Taf,0,237700,0
W06000016,Rhondda Cynon Taf,0,237700,0
W06000016,Rhondda Cynon Taf,68445,237700,28.79469920067312
W06000016,Rhondda Cynon Taf,66196,237700,27.848548590660496
W06000016,Rhondda Cynon Taf,39509,237700,16.62137147665124
W06000016,Rhondda Cynon Taf,5020,237700,2.1119057635675222
W06000016,Rhondda Cynon Taf,735,237700,0.3092132940681531
W06000016,Rhondda Cynon Taf,0,237700,0
W06000016,Rhondda Cynon Taf,65,237700,0.027345393352965923
W06000016,Rhondda Cynon Taf,83,237700,0.034917963819941104
W06000016,Rhondda Cynon Taf,111,237700,0.04669751787968027
W06000016,Rhondda Cynon Taf,15,237700,0.006310475389145982
W06000016,Rhondda Cynon Taf,3,237700,0.0012620950778291964
W06000016,Rhondda Cynon Taf,0,237700,0
W06000016,Rhondda Cynon Taf,32,237700,0.013462347496844763
W06000016,Rhondda Cynon Taf,48,237700,0.020193521245267142
W06000016,Rhondda Cynon Taf,36,237700,0.015145140933950358
W06000016,Rhondda Cynon Taf,4,237700,0.0016827934371055953
W06000016,Rhondda Cynon Taf,0,237700,0
W06000016,Rhondda Cynon Taf,0,237700,0
W06000016,Rhondda Cynon Taf,38,237700,0.015986537652503154
W06000016,Rhondda Cynon Taf,58,237700,0.02440050483803113
W06000016,Rhondda Cynon Taf,28,237700,0.011779554059739168
W06000016,Rhondda Cynon Taf,7,237700,0.002944888514934792
W06000016,Rhondda Cynon Taf,2,237700,8.413967185527977e-4
W06000016,Rhondda Cynon Taf,0,237700,0
W06000016,Rhondda Cynon Taf,19,237700,0.007993268826251577
W06000016,Rhondda Cynon Taf,60,237700,0.02524190155658393
W06000016,Rhondda Cynon Taf,60,237700,0.02524190155658393
W06000016,Rhondda Cynon Taf,7,237700,0.002944888514934792
W06000016,Rhondda Cynon Taf,0,237700,0
W06000016,Rhondda Cynon Taf,0,237700,0
W06000016,Rhondda Cynon Taf,4309,237700,1.8127892301220025
W06000016,Rhondda Cynon Taf,3976,237700,1.6726966764829616
W06000016,Rhondda Cynon Taf,2543,237700,1.0698359276398821
W06000016,Rhondda Cynon Taf,344,237700,0.1447202355910812
W06000016,Rhondda Cynon Taf,64,237700,0.026924694993689526
W06000018,Caerphilly,0,175900,0
W06000018,Caerphilly,0,175900,0
W06000018,Caerphilly,0,175900,0
W06000018,Caerphilly,0,175900,0
W06000018,Caerphilly,0,175900,0
W06000018,Caerphilly,0,175900,0
W06000018,Caerphilly,0,175900,0
W06000018,Caerphilly,49225,175900,27.98465036952814
W06000018,Caerphilly,49988,175900,28.41841955656623
W06000018,Caerphilly,30292,175900,17.221148379761228
W06000018,Caerphilly,4169,175900,2.3700966458214894
W06000018,Caerphilly,697,175900,0.3962478681068789
W06000018,Caerphilly,0,175900,0
W06000018,Caerphilly,45,175900,0.025582717453098352
W06000018,Caerphilly,77,175900,0.04377487208641274
W06000018,Caerphilly,52,175900,0.029562251279135872
W06000018,Caerphilly,7,175900,0.003979533826037522
W06000018,Caerphilly,4,175900,0.0022740193291642978
W06000018,Caerphilly,0,175900,0
W06000018,Caerphilly,20,175900,0.01137009664582149
W06000018,Caerphilly,28,175900,0.015918135304150087
W06000018,Caerphilly,28,175900,0.015918135304150087
W06000018,Caerphilly,3,175900,0.0017055144968732233
W06000018,Caerphilly,1,175900,5.685048322910744e-4
W06000018,Caerphilly,0,175900,0
W06000018,Caerphilly,29,175900,0.01648664013644116
W06000018,Caerphilly,34,175900,0.019329164297896533
W06000018,Caerphilly,30,175900,0.017055144968732235
W06000018,Caerphilly,4,175900,0.0022740193291642978
W06000018,Caerphilly,3,175900,0.0017055144968732233
W06000018,Caerphilly,0,175900,0
W06000018,Caerphilly,24,175900,0.013644115974985787
W06000018,Caerphilly,41,175900,0.023308698123934053
W06000018,Caerphilly,28,175900,0.015918135304150087
W06000018,Caerphilly,3,175900,0.0017055144968732233
W06000018,Caerphilly,0,175900,0
W06000018,Caerphilly,0,175900,0
W06000018,Caerphilly,2851,175900,1.6208072768618533
W06000018,Caerphilly,2809,175900,1.5969300739056282
W06000018,Caerphilly,1785,175900,1.014781125639568
W06000018,Caerphilly,255,175900,0.144968732234224
W06000018,Caerphilly,66,175900,0.03752131893121091
W06000019,Blaenau Gwent,0,66900,0
W06000019,Blaenau Gwent,0,66900,0
W06000019,Blaenau Gwent,0,66900,0
W06000019,Blaenau Gwent,0,66900,0
W06000019,Blaenau Gwent,0,66900,0
W06000019,Blaenau Gwent,0,66900,0
W06000019,Blaenau Gwent,0,66900,0
W06000019,Blaenau Gwent,15948,66900,23.838565022421523
W06000019,Blaenau Gwent,20276,66900,30.307922272047833
W06000019,Blaenau Gwent,12955,66900,19.364723467862483
W06000019,Blaenau Gwent,1709,66900,2.554559043348281
W06000019,Blaenau Gwent,256,66900,0.38266068759342303
W06000019,Blaenau Gwent,0,66900,0
W06000019,Blaenau Gwent,13,66900,0.01943198804185351
W06000019,Blaenau Gwent,32,66900,0.04783258594917788
W06000019,Blaenau Gwent,19,66900,0.028400597907324365
W06000019,Blaenau Gwent,3,66900,0.004484304932735426
W06000019,Blaenau Gwent,1,66900,0.0014947683109118087
W06000019,Blaenau Gwent,0,66900,0
W06000019,Blaenau Gwent,7,66900,0.01046337817638266
W06000019,Blaenau Gwent,12,66900,0.017937219730941704
W06000019,Blaenau Gwent,15,66900,0.02242152466367713
W06000019,Blaenau Gwent,1,66900,0.0014947683109118087
W06000019,Blaenau Gwent,0,66900,0
W06000019,Blaenau Gwent,0,66900,0
W06000019,Blaenau Gwent,7,66900,0.01046337817638266
W06000019,Blaenau Gwent,21,66900,0.03139013452914798
W06000019,Blaenau Gwent,16,66900,0.02391629297458894
W06000019,Blaenau Gwent,0,66900,0
W06000019,Blaenau Gwent,0,66900,0
W06000019,Blaenau Gwent,0,66900,0
W06000019,Blaenau Gwent,3,66900,0.004484304932735426
W06000019,Blaenau Gwent,12,66900,0.017937219730941704
W06000019,Blaenau Gwent,6,66900,0.008968609865470852
W06000019,Blaenau Gwent,0,66900,0
W06000019,Blaenau Gwent,0,66900,0
W06000019,Blaenau Gwent,0,66900,0
W06000019,Blaenau Gwent,1132,66900,1.6920777279521675
W06000019,Blaenau Gwent,1409,66900,2.106128550074738
W06000019,Blaenau Gwent,815,66900,1.218236173393124
W06000019,Blaenau Gwent,112,66900,0.16741405082212257
W06000019,Blaenau Gwent,21,66900,0.03139013452914798
W06000020,Torfaen,0,92300,0
W06000020,Torfaen,0,92300,0
W06000020,Torfaen,0,92300,0
W06000020,Torfaen,0,92300,0
W06000020,Torfaen,0,92300,0
W06000020,Torfaen,0,92300,0
W06000020,Torfaen,0,92300,0
W06000020,Torfaen,25658,92300,27.798483206933913
W06000020,Torfaen,25281,92300,27.39003250270856
W06000020,Torfaen,16570,92300,17.952329360780066
W06000020,Torfaen,2161,92300,2.3412784398699893
W06000020,Torfaen,377,92300,0.4084507042253521
W06000020,Torfaen,0,92300,0
W06000020,Torfaen,25,92300,0.027085590465872156
W06000020,Torfaen,27,92300,0.02925243770314193
W06000020,Torfaen,37,92300,0.04008667388949079
W06000020,Torfaen,3,92300,0.0032502708559046588
W06000020,Torfaen,3,92300,0.0032502708559046588
W06000020,Torfaen,0,92300,0
W06000020,Torfaen,3,92300,0.0032502708559046588
W06000020,Torfaen,9,92300,0.009750812567713976
W06000020,Torfaen,22,92300,0.023835319609967497
W06000020,Torfaen,1,92300,0.0010834236186348862
W06000020,Torfaen,0,92300,0
W06000020,Torfaen,0,92300,0
W06000020,Torfaen,8,92300,0.00866738894907909
W06000020,Torfaen,18,92300,0.01950162513542795
W06000020,Torfaen,22,92300,0.023835319609967497
W06000020,Torfaen,2,92300,0.0021668472372697724
W06000020,Torfaen,1,92300,0.0010834236186348862
W06000020,Torfaen,0,92300,0
W06000020,Torfaen,6,92300,0.0065005417118093175
W06000020,Torfaen,18,92300,0.01950162513542795
W06000020,Torfaen,12,92300,0.013001083423618635
W06000020,Torfaen,4,92300,0.004333694474539545
W06000020,Torfaen,0,92300,0
W06000020,Torfaen,0,92300,0
W06000020,Torfaen,1477,92300,1.600216684723727
W06000020,Torfaen,1588,92300,1.7204767063921993
W06000020,Torfaen,1061,92300,1.1495124593716144
W06000020,Torfaen,143,92300,0.15492957746478872
W06000020,Torfaen,29,92300,0.0314192849404117
W06000021,Monmouthshire,0,93000,0
W06000021,Monmouthshire,0,93000,0
W06000021,Monmouthshire,0,93000,0
W06000021,Monmouthshire,0,93000,0
W06000021,Monmouthshire,0,93000,0
W06000021,Monmouthshire,0,93000,0
W06000021,Monmouthshire,0,93000,0
W06000021,Monmouthshire,36982,93000,39.76559139784946
W06000021,Monmouthshire,21612,93000,23.238709677419354
W06000021,Monmouthshire,12489,93000,13.429032258064517
W06000021,Monmouthshire,1361,93000,1.4634408602150537
W06000021,Monmouthshire,168,93000,0.18064516129032257
W06000021,Monmouthshire,0,93000,0
W06000021,Monmouthshire,28,93000,0.030107526881720432
W06000021,Monmouthshire,30,93000,0.03225806451612903
W06000021,Monmouthshire,28,93000,0.030107526881720432
W06000021,Monmouthshire,4,93000,0.004301075268817204
W06000021,Monmouthshire,0,93000,0
W06000021,Monmouthshire,0,93000,0
W06000021,Monmouthshire,19,93000,0.02043010752688172
W06000021,Monmouthshire,14,93000,0.015053763440860216
W06000021,Monmouthshire,20,93000,0.021505376344086023
W06000021,Monmouthshire,2,93000,0.002150537634408602
W06000021,Monmouthshire,0,93000,0
W06000021,Monmouthshire,0,93000,0
W06000021,Monmouthshire,12,93000,0.012903225806451613
W06000021,Monmouthshire,10,93000,0.010752688172043012
W06000021,Monmouthshire,8,93000,0.008602150537634409
W06000021,Monmouthshire,2,93000,0.002150537634408602
W06000021,Monmouthshire,0,93000,0
W06000021,Monmouthshire,0,93000,0
W06000021,Monmouthshire,9,93000,0.00967741935483871
W06000021,Monmouthshire,19,93000,0.02043010752688172
W06000021,Monmouthshire,10,93000,0.010752688172043012
W06000021,Monmouthshire,3,93000,0.0032258064516129032
W06000021,Monmouthshire,1,93000,0.001075268817204301
W06000021,Monmouthshire,0,93000,0
W06000021,Monmouthshire,1840,93000,1.978494623655914
W06000021,Monmouthshire,1237,93000,1.3301075268817204
W06000021,Monmouthshire,849,93000,0.9129032258064517
W06000021,Monmouthshire,120,93000,0.12903225806451613
W06000021,Monmouthshire,21,93000,0.02258064516129032
W06000022,Newport,0,159600,0
W06000022,Newport,0,159600,0
W06000022,Newport,0,159600,0
W06000022,Newport,0,159600,0
W06000022,Newport,0,159600,0
W06000022,Newport,0,159600,0
W06000022,Newport,0,159600,0
W06000022,Newport,43865,159600,27.484335839598998
W06000022,Newport,39747,159600,24.904135338345863
W06000022,Newport,27162,159600,17.018796992481203
W06000022,Newport,4933,159600,3.0908521303258145
W06000022,Newport,2197,159600,1.3765664160401003
W06000022,Newport,0,159600,0
W06000022,Newport,74,159600,0.046365914786967416
W06000022,Newport,113,159600,0.07080200501253132
W06000022,Newport,145,159600,0.09085213032581453
W06000022,Newport,90,159600,0.05639097744360902
W06000022,Newport,40,159600,0.02506265664160401
W06000022,Newport,0,159600,0
W06000022,Newport,25,159600,0.015664160401002505
W06000022,Newport,37,159600,0.023182957393483708
W06000022,Newport,54,159600,0.03383458646616541
W06000022,Newport,5,159600,0.003132832080200501
W06000022,Newport,0,159600,0
W06000022,Newport,0,159600,0
W06000022,Newport,30,159600,0.018796992481203006
W06000022,Newport,47,159600,0.02944862155388471
W06000022,Newport,39,159600,0.02443609022556391
W06000022,Newport,10,159600,0.006265664160401002
W06000022,Newport,2,159600,0.0012531328320802004
W06000022,Newport,0,159600,0
W06000022,Newport,20,159600,0.012531328320802004
W06000022,Newport,30,159600,0.018796992481203006
W06000022,Newport,24,159600,0.015037593984962405
W06000022,Newport,3,159600,0.0018796992481203006
W06000022,Newport,0,159600,0
W06000022,Newport,0,159600,0
W06000022,Newport,2334,159600,1.462406015037594
W06000022,Newport,2481,159600,1.5545112781954886
W06000022,Newport,2019,159600,1.2650375939849625
W06000022,Newport,375,159600,0.2349624060150376
W06000022,Newport,158,159600,0.09899749373433583
W06000023,Powys,0,133200,0
W06000023,Powys,0,133200,0
W06000023,Powys,0,133200,0
W06000023,Powys,0,133200,0
W06000023,Powys,0,133200,0
W06000023,Powys,0,133200,0
W06000023,Powys,0,133200,0
W06000023,Powys,48168,133200,36.16216216216216
W06000023,Powys,34931,133200,26.224474474474473
W06000023,Powys,17834,133200,13.38888888888889
W06000023,Powys,1917,133200,1.4391891891891893
W06000023,Powys,422,133200,0.31681681681681684
W06000023,Powys,0,133200,0
W06000023,Powys,35,133200,0.026276276276276277
W06000023,Powys,43,133200,0.03228228228228228
W06000023,Powys,43,133200,0.03228228228228228
W06000023,Powys,13,133200,0.00975975975975976
W06000023,Powys,6,133200,0.0045045045045045045
W06000023,Powys,0,133200,0
W06000023,Powys,22,133200,0.016516516516516516
W06000023,Powys,29,133200,0.02177177177177177
W06000023,Powys,19,133200,0.014264264264264264
W06000023,Powys,2,133200,0.0015015015015015015
W06000023,Powys,2,133200,0.0015015015015015015
W06000023,Powys,0,133200,0
W06000023,Powys,23,133200,0.017267267267267267
W06000023,Powys,11,133200,0.008258258258258258
W06000023,Powys,15,133200,0.01126126126126126
W06000023,Powys,1,133200,7.507507507507507e-4
W06000023,Powys,0,133200,0
W06000023,Powys,0,133200,0
W06000023,Powys,26,133200,0.01951951951951952
W06000023,Powys,38,133200,0.028528528528528527
W06000023,Powys,24,133200,0.018018018018018018
W06000023,Powys,3,133200,0.0022522522522522522
W06000023,Powys,0,133200,0
W06000023,Powys,0,133200,0
W06000023,Powys,3277,133200,2.46021021021021
W06000023,Powys,2607,133200,1.9572072072072073
W06000023,Powys,1410,133200,1.0585585585585586
W06000023,Powys,197,133200,0.1478978978978979
W06000023,Powys,48,133200,0.036036036036036036
W06000024,Merthyr Tydfil,0,58800,0
W06000024,Merthyr Tydfil,0,58800,0
W06000024,Merthyr Tydfil,0,58800,0
W06000024,Merthyr Tydfil,0,58800,0
W06000024,Merthyr Tydfil,0,58800,0
W06000024,Merthyr Tydfil,0,58800,0
W06000024,Merthyr Tydfil,0,58800,0
W06000024,Merthyr Tydfil,15406,58800,26.200680272108844
W06000024,Merthyr Tydfil,16158,58800,27.479591836734695
W06000024,Merthyr Tydfil,11061,58800,18.81122448979592
W06000024,Merthyr Tydfil,1638,58800,2.7857142857142856
W06000024,Merthyr Tydfil,266,58800,0.4523809523809524
W06000024,Merthyr Tydfil,0,58800,0
W06000024,Merthyr Tydfil,16,58800,0.027210884353741496
W06000024,Merthyr Tydfil,35,58800,0.05952380952380952
W06000024,Merthyr Tydfil,40,58800,0.06802721088435375
W06000024,Merthyr Tydfil,5,58800,0.008503401360544218
W06000024,Merthyr Tydfil,5,58800,0.008503401360544218
W06000024,Merthyr Tydfil,0,58800,0
W06000024,Merthyr Tydfil,9,58800,0.015306122448979591
W06000024,Merthyr Tydfil,10,58800,0.017006802721088437
W06000024,Merthyr Tydfil,8,58800,0.013605442176870748
W06000024,Merthyr Tydfil,2,58800,0.003401360544217687
W06000024,Merthyr Tydfil,0,58800,0
W06000024,Merthyr Tydfil,0,58800,0
W06000024,Merthyr Tydfil,2,58800,0.003401360544217687
W06000024,Merthyr Tydfil,17,58800,0.02891156462585034
W06000024,Merthyr Tydfil,12,58800,0.02040816326530612
W06000024,Merthyr Tydfil,2,58800,0.003401360544217687
W06000024,Merthyr Tydfil,0,58800,0
W06000024,Merthyr Tydfil,0,58800,0
W06000024,Merthyr Tydfil,6,58800,0.01020408163265306
W06000024,Merthyr Tydfil,5,58800,0.008503401360544218
W06000024,Merthyr Tydfil,5,58800,0.008503401360544218
W06000024,Merthyr Tydfil,1,58800,0.0017006802721088435
W06000024,Merthyr Tydfil,0,58800,0
W06000024,Merthyr Tydfil,0,58800,0
W06000024,Merthyr Tydfil,868,58800,1.4761904761904763
W06000024,Merthyr Tydfil,878,58800,1.4931972789115646
W06000024,Merthyr Tydfil,658,58800,1.119047619047619
W06000024,Merthyr Tydfil,109,58800,0.18537414965986396
W06000024,Merthyr Tydfil,14,58800,0.023809523809523808
