area_code,area_name,sexual_orientation,disability,n,population,percentage
E06000001,Hartlepool,Does not apply,Does not apply,0,92300,0
E06000001,Hartlepool,Does not apply,Disabled under the Equality Act: Day-to-day activities limited a lot,0,92300,0
E06000001,Hartlepool,Does not apply,Disabled under the Equality Act: Day-to-day activities limited a little,0,92300,0
E06000001,Hartlepool,Does not apply,Not disabled under the Equality Act,0,92300,0
E06000001,Hartlepool,Straight or Heterosexual,Does not apply,0,92300,0
E06000001,Hartlepool,Straight or Heterosexual,Disabled under the Equality Act: Day-to-day activities limited a lot,8787,92300,9.520043336944745
E06000001,Hartlepool,Straight or Heterosexual,Disabled under the Equality Act: Day-to-day activities limited a little,8782,92300,9.514626218851571
E06000001,Hartlepool,Straight or Heterosexual,Not disabled under the Equality Act,50501,92300,54.71397616468039
E06000001,Hartlepool,Gay or Lesbian,Does not apply,0,92300,0
E06000001,Hartlepool,Gay or Lesbian,Disabled under the Equality Act: Day-to-day activities limited a lot,163,92300,0.17659804983748645
E06000001,Hartlepool,Gay or Lesbian,Disabled under the Equality Act: Day-to-day activities limited a little,175,92300,0.18959913326110509
E06000001,Hartlepool,Gay or Lesbian,Not disabled under the Equality Act,783,92300,0.8483206933911159
E06000001,Hartlepool,Bisexual,Does not apply,0,92300,0
E06000001,Hartlepool,Bisexual,Disabled under the Equality Act: Day-to-day activities limited a lot,110,92300,0.11917659804983749
E06000001,Hartlepool,Bisexual,Disabled under the Equality Act: Day-to-day activities limited a little,208,92300,0.22535211267605634
E06000001,Hartlepool,Bisexual,Not disabled under the Equality Act,466,92300,0.504875406283857
E06000001,Hartlepool,All other sexual orientations,Does not apply,0,92300,0
E06000001,Hartlepool,All other sexual orientations,Disabled under the Equality Act: Day-to-day activities limited a lot,28,92300,0.030335861321776816
E06000001,Hartlepool,All other sexual orientations,Disabled under the Equality Act: Day-to-day activities limited a little,44,92300,0.047670639219934995
E06000001,Hartlepool,All other sexual orientations,Not disabled under the Equality Act,85,92300,0.09209100758396534
E06000001,Hartlepool,Not answered,Does not apply,0,92300,0
E06000001,Hartlepool,Not answered,Disabled under the Equality Act: Day-to-day activities limited a lot,854,92300,0.9252437703141928
E06000001,Hartlepool,Not answered,Disabled under the Equality Act: Day-to-day activities limited a little,598,92300,0.647887323943662
E06000001,Hartlepool,Not answered,Not disabled under the Equality Act,3102,92300,3.360780065005417
E06000002,Middlesbrough,Does not apply,Does not apply,0,143900,0
E06000002,Middlesbrough,Does not apply,Disabled under the Equality Act: Day-to-day activities limited a lot,0,143900,0
E06000002,Middlesbrough,Does not apply,Disabled under the Equality Act: Day-to-day activities limited a little,0,143900,0
E06000002,Middlesbrough,Does not apply,Not disabled under the Equality Act,0,143900,0
E06000002,Middlesbrough,Straight or Heterosexual,Does not apply,0,143900,0
E06000002,Middlesbrough,Straight or Heterosexual,Disabled under the Equality Act: Day-to-day activities limited a lot,11814,143900,8.209867963863795
E06000002,Middlesbrough,Straight or Heterosexual,Disabled under the Equality Act: Day-to-day activities limited a little,12162,143900,8.45170257123002
E06000002,Middlesbrough,Straight or Heterosexual,Not disabled under the Equality Act,78051,143900,54.239749826268245
E06000002,Middlesbrough,Gay or Lesbian,Does not apply,0,143900,0
E06000002,Middlesbrough,Gay or Lesbian,Disabled under the Equality Act: Day-to-day activities limited a lot,242,143900,0.16817234190410008
E06000002,Middlesbrough,Gay or Lesbian,Disabled under the Equality Act: Day-to-day activities limited a little,285,143900,0.19805420430854762
E06000002,Middlesbrough,Gay or Lesbian,Not disabled under the Equality Act,1260,143900,0.8756080611535789
E06000002,Middlesbrough,Bisexual,Does not apply,0,143900,0
E06000002,Middlesbrough,Bisexual,Disabled under the Equality Act: Day-to-day activities limited a lot,145,143900,0.10076441973592773
E06000002,Middlesbrough,Bisexual,Disabled under the Equality Act: Day-to-day activities limited a little,382,143900,0.26546212647671996
E06000002,Middlesbrough,Bisexual,Not disabled under the Equality Act,857,143900,0.595552466990966
E06000002,Middlesbrough,All other sexual orientations,Does not apply,0,143900,0
E06000002,Middlesbrough,All other sexual orientations,Disabled under the Equality Act: Day-to-day activities limited a lot,58,143900,0.04030576789437109
E06000002,Middlesbrough,All other sexual orientations,Disabled under the Equality Act: Day-to-day activities limited a little,91,143900,0.06323835997220292
E06000002,Middlesbrough,All other sexual orientations,Not disabled under the Equality Act,292,143900,0.2029186935371786
E06000002,Middlesbrough,Not answered,Does not apply,0,143900,0
E06000002,Middlesbrough,Not answered,Disabled under the Equality Act: Day-to-day activities limited a lot,1307,143900,0.9082696316886727
E06000002,Middlesbrough,Not answered,Disabled under the Equality Act: Day-to-day activities limited a little,1031,143900,0.7164697706740792
E06000002,Middlesbrough,Not answered,Not disabled under the Equality Act,5960,143900,4.14176511466296
E06000003,Redcar and Cleveland,Does not apply,Does not apply,0,136500,0
E06000003,Redcar and Cleveland,Does not apply,Disabled under the Equality Act: Day-to-day activities limited a lot,0,136500,0
E06000003,Redcar and Cleveland,Does not apply,Disabled under the Equality Act: Day-to-day activities limited a little,0,136500,0
E06000003,Redcar and Cleveland,Does not apply,Not disabled under the Equality Act,0,136500,0
E06000003,Redcar and Cleveland,Straight or Heterosexual,Does not apply,0,136500,0
E06000003,Redcar and Cleveland,Straight or Heterosexual,Disabled under the Equality Act: Day-to-day activities limited a lot,12101,136500,8.865201465201466
E06000003,Redcar and Cleveland,Straight or Heterosexual,Disabled under the Equality Act: Day-to-day activities limited a little,13235,136500,9.695970695970695
E06000003,Redcar and Cleveland,Straight or Heterosexual,Not disabled under the Equality Act,77225,136500,56.57509157509158
E06000003,Redcar and Cleveland,Gay or Lesbian,Does not apply,0,136500,0
E06000003,Redcar and Cleveland,Gay or Lesbian,Disabled under the Equality Act: Day-to-day activities limited a lot,193,136500,0.1413919413919414
E06000003,Redcar and Cleveland,Gay or Lesbian,Disabled under the Equality Act: Day-to-day activities limited a little,242,136500,0.1772893772893773
E06000003,Redcar and Cleveland,Gay or Lesbian,Not disabled under the Equality Act,1057,136500,0.7743589743589744
E06000003,Redcar and Cleveland,Bisexual,Does not apply,0,136500,0
E06000003,Redcar and Cleveland,Bisexual,Disabled under the Equality Act: Day-to-day activities limited a lot,162,136500,0.11868131868131868
E06000003,Redcar and Cleveland,Bisexual,Disabled under the Equality Act: Day-to-day activities limited a little,267,136500,0.1956043956043956
E06000003,Redcar and Cleveland,Bisexual,Not disabled under the Equality Act,567,136500,0.4153846153846154
E06000003,Redcar and Cleveland,All other sexual orientations,Does not apply,0,136500,0
E06000003,Redcar and Cleveland,All other sexual orientations,Disabled under the Equality Act: Day-to-day activities limited a lot,50,136500,0.03663003663003663
E06000003,Redcar and Cleveland,All other sexual orientations,Disabled under the Equality Act: Day-to-day activities limited a little,69,136500,0.05054945054945055
E06000003,Redcar and Cleveland,All other sexual orientations,Not disabled under the Equality Act,128,136500,0.09377289377289377
E06000003,Redcar and Cleveland,Not answered,Does not apply,0,136500,0
E06000003,Redcar and Cleveland,Not answered,Disabled under the Equality Act: Day-to-day activities limited a lot,1298,136500,0.9509157509157509
E06000003,Redcar and Cleveland,Not answered,Disabled under the Equality Act: Day-to-day activities limited a little,1040,136500,0.7619047619047619
E06000003,Redcar and Cleveland,Not answered,Not disabled under the Equality Act,4708,136500,3.4490842490842493
E06000004,Stockton-on-Tees,Does not apply,Does not apply,0,196600,0
E06000004,Stockton-on-Tees,Does not apply,Disabled under the Equality Act: Day-to-day activities limited a lot,0,196600,0
E06000004,Stockton-on-Tees,Does not apply,Disabled under the Equality Act: Day-to-day activities limited a little,0,196600,0
E06000004,Stockton-on-Tees,Does not apply,Not disabled under the Equality Act,0,196600,0
E06000004,Stockton-on-Tees,Straight or Heterosexual,Does not apply,0,196600,0
E06000004,Stockton-on-Tees,Straight or Heterosexual,Disabled under the Equality Act: Day-to-day activities limited a lot,14368,196600,7.30824008138352
E06000004,Stockton-on-Tees,Straight or Heterosexual,Disabled under the Equality Act: Day-to-day activities limited a little,17594,196600,8.94913530010173
E06000004,Stockton-on-Tees,Straight or Heterosexual,Not disabled under the Equality Act,112699,196600,57.324008138351985
E06000004,Stockton-on-Tees,Gay or Lesbian,Does not apply,0,196600,0
E06000004,Stockton-on-Tees,Gay or Lesbian,Disabled under the Equality Act: Day-to-day activities limited a lot,229,196600,0.11648016276703968
E06000004,Stockton-on-Tees,Gay or Lesbian,Disabled under the Equality Act: Day-to-day activities limited a little,376,196600,0.19125127161749747
E06000004,Stockton-on-Tees,Gay or Lesbian,Not disabled under the Equality Act,1677,196600,0.853001017293998
E06000004,Stockton-on-Tees,Bisexual,Does not apply,0,196600,0
E06000004,Stockton-on-Tees,Bisexual,Disabled under the Equality Act: Day-to-day activities limited a lot,208,196600,0.10579857578840285
E06000004,Stockton-on-Tees,Bisexual,Disabled under the Equality Act: Day-to-day activities limited a little,392,196600,0.19938962360122076
E06000004,Stockton-on-Tees,Bisexual,Not disabled under the Equality Act,870,196600,0.44252288911495424
E06000004,Stockton-on-Tees,All other sexual orientations,Does not apply,0,196600,0
E06000004,Stockton-on-Tees,All other sexual orientations,Disabled under the Equality Act: Day-to-day activities limited a lot,55,196600,0.02797558494404883
E06000004,Stockton-on-Tees,All other sexual orientations,Disabled under the Equality Act: Day-to-day activities limited a little,93,196600,0.04730417090539166
E06000004,Stockton-on-Tees,All other sexual orientations,Not disabled under the Equality Act,179,196600,0.09104781281790437
E06000004,Stockton-on-Tees,Not answered,Does not apply,0,196600,0
E06000004,Stockton-on-Tees,Not answered,Disabled under the Equality Act: Day-to-day activities limited a lot,1459,196600,0.742115971515768
E06000004,Stockton-on-Tees,Not answered,Disabled under the Equality Act: Day-to-day activities limited a little,1226,196600,0.6236012207527976
E06000004,Stockton-on-Tees,Not answered,Not disabled under the Equality Act,6584,196600,3.3489318413021363
E06000005,Darlington,Does not apply,Does not apply,0,107800,0
E06000005,Darlington,Does not apply,Disabled under the Equality Act: Day-to-day activities limited a lot,0,107800,0
E06000005,Darlington,Does not apply,Disabled under the Equality Act: Day-to-day activities limited a little,0,107800,0
E06000005,Darlington,Does not apply,Not disabled under the Equality Act,0,107800,0
E06000005,Darlington,Straight or Heterosexual,Does not apply,0,107800,0
E06000005,Darlington,Straight or Heterosexual,Disabled under the Equality Act: Day-to-day activities limited a lot,7570,107800,7.022263450834879
E06000005,Darlington,Straight or Heterosexual,Disabled under the Equality Act: Day-to-day activities limited a little,9787,107800,9.078849721706865
E06000005,Darlington,Straight or Heterosexual,Not disabled under the Equality Act,63192,107800,58.61966604823748
E06000005,Darlington,Gay or Lesbian,Does not apply,0,107800,0
E06000005,Darlington,Gay or Lesbian,Disabled under the Equality Act: Day-to-day activities limited a lot,142,107800,0.13172541743970315
E06000005,Darlington,Gay or Lesbian,Disabled under the Equality Act: Day-to-day activities limited a little,209,107800,0.19387755102040816
E06000005,Darlington,Gay or Lesbian,Not disabled under the Equality Act,984,107800,0.9128014842300557
E06000005,Darlington,Bisexual,Does not apply,0,107800,0
E06000005,Darlington,Bisexual,Disabled under the Equality Act: Day-to-day activities limited a lot,116,107800,0.10760667903525047
E06000005,Darlington,Bisexual,Disabled under the Equality Act: Day-to-day activities limited a little,289,107800,0.2680890538033395
E06000005,Darlington,Bisexual,Not disabled under the Equality Act,584,107800,0.5417439703153989
E06000005,Darlington,All other sexual orientations,Does not apply,0,107800,0
E06000005,Darlington,All other sexual orientations,Disabled under the Equality Act: Day-to-day activities limited a lot,43,107800,0.039888682745825604
E06000005,Darlington,All other sexual orientations,Disabled under the Equality Act: Day-to-day activities limited a little,64,107800,0.059369202226345084
E06000005,Darlington,All other sexual orientations,Not disabled under the Equality Act,117,107800,0.10853432282003711
E06000005,Darlington,Not answered,Does not apply,0,107800,0
E06000005,Darlington,Not answered,Disabled under the Equality Act: Day-to-day activities limited a lot,741,107800,0.6873840445269017
E06000005,Darlington,Not answered,Disabled under the Equality Act: Day-to-day activities limited a little,702,107800,0.6512059369202227
E06000005,Darlington,Not answered,Not disabled under the Equality Act,3569,107800,3.310760667903525
E06000006,Halton,Does not apply,Does not apply,0,128200,0
E06000006,Halton,Does not apply,Disabled under the Equality Act: Day-to-day activities limited a lot,0,128200,0
E06000006,Halton,Does not apply,Disabled under the Equality Act: Day-to-day activities limited a little,0,128200,0
E06000006,Halton,Does not apply,Not disabled under the Equality Act,0,128200,0
E06000006,Halton,Straight or Heterosexual,Does not apply,0,128200,0
E06000006,Halton,Straight or Heterosexual,Disabled under the Equality Act: Day-to-day activities limited a lot,11658,128200,9.093603744149766
E06000006,Halton,Straight or Heterosexual,Disabled under the Equality Act: Day-to-day activities limited a little,12146,128200,9.474258970358814
E06000006,Halton,Straight or Heterosexual,Not disabled under the Equality Act,71728,128200,55.950078003120126
E06000006,Halton,Gay or Lesbian,Does not apply,0,128200,0
E06000006,Halton,Gay or Lesbian,Disabled under the Equality Act: Day-to-day activities limited a lot,158,128200,0.12324492979719189
E06000006,Halton,Gay or Lesbian,Disabled under the Equality Act: Day-to-day activities limited a little,233,128200,0.18174726989079562
E06000006,Halton,Gay or Lesbian,Not disabled under the Equality Act,1164,128200,0.9079563182527302
E06000006,Halton,Bisexual,Does not apply,0,128200,0
E06000006,Halton,Bisexual,Disabled under the Equality Act: Day-to-day activities limited a lot,152,128200,0.11856474258970359
E06000006,Halton,Bisexual,Disabled under the Equality Act: Day-to-day activities limited a little,276,128200,0.21528861154446177
E06000006,Halton,Bisexual,Not disabled under the Equality Act,550,128200,0.4290171606864275
E06000006,Halton,All other sexual orientations,Does not apply,0,128200,0
E06000006,Halton,All other sexual orientations,Disabled under the Equality Act: Day-to-day activities limited a lot,42,128200,0.0327613104524181
E06000006,Halton,All other sexual orientations,Disabled under the Equality Act: Day-to-day activities limited a little,56,128200,0.0436817472698908
E06000006,Halton,All other sexual orientations,Not disabled under the Equality Act,109,128200,0.08502340093603744
E06000006,Halton,Not answered,Does not apply,0,128200,0
E06000006,Halton,Not answered,Disabled under the Equality Act: Day-to-day activities limited a lot,968,128200,0.7550702028081123
E06000006,Halton,Not answered,Disabled under the Equality Act: Day-to-day activities limited a little,777,128200,0.6060842433697348
E06000006,Halton,Not answered,Not disabled under the Equality Act,3931,128200,3.066302652106084
E06000007,Warrington,Does not apply,Does not apply,0,210900,0
E06000007,Warrington,Does not apply,Disabled under the Equality Act: Day-to-day activities limited a lot,0,210900,0
E06000007,Warrington,Does not apply,Disabled under the Equality Act: Day-to-day activities limited a little,0,210900,0
E06000007,Warrington,Does not apply,Not disabled under the Equality Act,0,210900,0
E06000007,Warrington,Straight or Heterosexual,Does not apply,0,210900,0
E06000007,Warrington,Straight or Heterosexual,Disabled under the Equality Act: Day-to-day activities limited a lot,13389,210900,6.34850640113798
E06000007,Warrington,Straight or Heterosexual,Disabled under the Equality Act: Day-to-day activities limited a little,17783,210900,8.431958274063538
E06000007,Warrington,Straight or Heterosexual,Not disabled under the Equality Act,127367,210900,60.39212897107634
E06000007,Warrington,Gay or Lesbian,Does not apply,0,210900,0
E06000007,Warrington,Gay or Lesbian,Disabled under the Equality Act: Day-to-day activities limited a lot,188,210900,0.08914177335229967
E06000007,Warrington,Gay or Lesbian,Disabled under the Equality Act: Day-to-day activities limited a little,343,210900,0.16263632053105737
E06000007,Warrington,Gay or Lesbian,Not disabled under the Equality Act,1724,210900,0.8174490279753438
E06000007,Warrington,Bisexual,Does not apply,0,210900,0
E06000007,Warrington,Bisexual,Disabled under the Equality Act: Day-to-day activities limited a lot,206,210900,0.09767662399241346
E06000007,Warrington,Bisexual,Disabled under the Equality Act: Day-to-day activities limited a little,438,210900,0.20768136557610242
E06000007,Warrington,Bisexual,Not disabled under the Equality Act,1060,210900,0.5026078710289237
E06000007,Warrington,All other sexual orientations,Does not apply,0,210900,0
E06000007,Warrington,All other sexual orientations,Disabled under the Equality Act: Day-to-day activities limited a lot,77,210900,0.036510194404931244
E06000007,Warrington,All other sexual orientations,Disabled under the Equality Act: Day-to-day activities limited a little,92,210900,0.04362256993835941
E06000007,Warrington,All other sexual orientations,Not disabled under the Equality Act,222,210900,0.10526315789473684
E06000007,Warrington,Not answered,Does not apply,0,210900,0
E06000007,Warrington,Not answered,Disabled under the Equality Act: Day-to-day activities limited a lot,1314,210900,0.6230440967283073
E06000007,Warrington,Not answered,Disabled under the Equality Act: Day-to-day activities limited a little,1149,210900,0.5448079658605974
E06000007,Warrington,Not answered,Not disabled under the Equality Act,7368,210900,3.4935988620199145
E06000008,Blackburn with Darwen,Does not apply,Does not apply,0,154800,0
E06000008,Blackburn with Darwen,Does not apply,Disabled under the Equality Act: Day-to-day activities limited a lot,0,154800,0
E06000008,Blackburn with Darwen,Does not apply,Disabled under the Equality Act: Day-to-day activities limited a little,0,154800,0
E06000008,Blackburn with Darwen,Does not apply,Not disabled under the Equality Act,0,154800,0
E06000008,Blackburn with Darwen,Straight or Heterosexual,Does not apply,0,154800,0
E06000008,Blackburn with Darwen,Straight or Heterosexual,Disabled under the Equality Act: Day-to-day activities limited a lot,11687,154800,7.549741602067184
E06000008,Blackburn with Darwen,Straight or Heterosexual,Disabled under the Equality Act: Day-to-day activities limited a little,11749,154800,7.589793281653747
E06000008,Blackburn with Darwen,Straight or Heterosexual,Not disabled under the Equality Act,83657,154800,54.041989664082685
E06000008,Blackburn with Darwen,Gay or Lesbian,Does not apply,0,154800,0
E06000008,Blackburn with Darwen,Gay or Lesbian,Disabled under the Equality Act: Day-to-day activities limited a lot,146,154800,0.09431524547803617
E06000008,Blackburn with Darwen,Gay or Lesbian,Disabled under the Equality Act: Day-to-day activities limited a little,208,154800,0.1343669250645995
E06000008,Blackburn with Darwen,Gay or Lesbian,Not disabled under the Equality Act,866,154800,0.5594315245478036
E06000008,Blackburn with Darwen,Bisexual,Does not apply,0,154800,0
E06000008,Blackburn with Darwen,Bisexual,Disabled under the Equality Act: Day-to-day activities limited a lot,146,154800,0.09431524547803617
E06000008,Blackburn with Darwen,Bisexual,Disabled under the Equality Act: Day-to-day activities limited a little,220,154800,0.1421188630490956
E06000008,Blackburn with Darwen,Bisexual,Not disabled under the Equality Act,615,154800,0.39728682170542634
E06000008,Blackburn with Darwen,All other sexual orientations,Does not apply,0,154800,0
E06000008,Blackburn with Darwen,All other sexual orientations,Disabled under the Equality Act: Day-to-day activities limited a lot,36,154800,0.023255813953488372
E06000008,Blackburn with Darwen,All other sexual orientations,Disabled under the Equality Act: Day-to-day activities limited a little,56,154800,0.03617571059431524
E06000008,Blackburn with Darwen,All other sexual orientations,Not disabled under the Equality Act,229,154800,0.1479328165374677
E06000008,Blackburn with Darwen,Not answered,Does not apply,0,154800,0
E06000008,Blackburn with Darwen,Not answered,Disabled under the Equality Act: Day-to-day activities limited a lot,1194,154800,0.7713178294573644
E06000008,Blackburn with Darwen,Not answered,Disabled under the Equality Act: Day-to-day activities limited a little,1039,154800,0.6711886304909561
E06000008,Blackburn with Darwen,Not answered,Not disabled under the Equality Act,7658,154800,4.947028423772609
E06000009,Blackpool,Does not apply,Does not apply,0,141100,0
E06000009,Blackpool,Does not apply,Disabled under the Equality Act: Day-to-day activities limited a lot,0,141100,0
E06000009,Blackpool,Does not apply,Disabled under the Equality Act: Day-to-day activities limited a little,0,141100,0
E06000009,Blackpool,Does not apply,Not disabled under the Equality Act,0,141100,0
E06000009,Blackpool,Straight or Heterosexual,Does not apply,0,141100,0
E06000009,Blackpool,Straight or Heterosexual,Disabled under the Equality Act: Day-to-day activities limited a lot,14075,141100,9.975194897236003
E06000009,Blackpool,Straight or Heterosexual,Disabled under the Equality Act: Day-to-day activities limited a little,14441,141100,10.23458540042523
E06000009,Blackpool,Straight or Heterosexual,Not disabled under the Equality Act,74380,141100,52.71438695960312
E06000009,Blackpool,Gay or Lesbian,Does not apply,0,141100,0
E06000009,Blackpool,Gay or Lesbian,Disabled under the Equality Act: Day-to-day activities limited a lot,613,141100,0.4344436569808646
E06000009,Blackpool,Gay or Lesbian,Disabled under the Equality Act: Day-to-day activities limited a little,738,141100,0.523033309709426
E06000009,Blackpool,Gay or Lesbian,Not disabled under the Equality Act,2444,141100,1.7321048901488305
E06000009,Blackpool,Bisexual,Does not apply,0,141100,0
E06000009,Blackpool,Bisexual,Disabled under the Equality Act: Day-to-day activities limited a lot,265,141100,0.18781006378454995
E06000009,Blackpool,Bisexual,Disabled under the Equality Act: Day-to-day activities limited a little,419,141100,0.2969525159461375
E06000009,Blackpool,Bisexual,Not disabled under the Equality Act,888,141100,0.6293408929836996
E06000009,Blackpool,All other sexual orientations,Does not apply,0,141100,0
E06000009,Blackpool,All other sexual orientations,Disabled under the Equality Act: Day-to-day activities limited a lot,62,141100,0.04394046775336641
E06000009,Blackpool,All other sexual orientations,Disabled under the Equality Act: Day-to-day activities limited a little,75,141100,0.05315379163713678
E06000009,Blackpool,All other sexual orientations,Not disabled under the Equality Act,189,141100,0.1339475549255847
E06000009,Blackpool,Not answered,Does not apply,0,141100,0
E06000009,Blackpool,Not answered,Disabled under the Equality Act: Day-to-day activities limited a lot,1479,141100,1.0481927710843373
E06000009,Blackpool,Not answered,Disabled under the Equality Act: Day-to-day activities limited a little,1209,141100,0.856839121190645
E06000009,Blackpool,Not answered,Not disabled under the Equality Act,5061,141100,3.58681785967399
E06000010,Kingston upon Hull,Does not apply,Does not apply,0,NA,NA
E06000010,Kingston upon Hull,Does not apply,Disabled under the Equality Act: Day-to-day activities limited a lot,0,NA,NA
E06000010,Kingston upon Hull,Does not apply,Disabled under the Equality Act: Day-to-day activities limited a little,0,NA,NA
E06000010,Kingston upon Hull,Does not apply,Not disabled under the Equality Act,0,NA,NA
E06000010,Kingston upon Hull,Straight or Heterosexual,Does not apply,0,NA,NA
E06000010,Kingston upon Hull,Straight or Heterosexual,Disabled under the Equality Act: Day-to-day activities limited a lot,19776,NA,NA
E06000010,Kingston upon Hull,Straight or Heterosexual,Disabled under the Equality Act: Day-to-day activities limited a little,22712,NA,NA
E06000010,Kingston upon Hull,Straight or Heterosexual,Not disabled under the Equality Act,145793,NA,NA
E06000010,Kingston upon Hull,Gay or Lesbian,Does not apply,0,NA,NA
E06000010,Kingston upon Hull,Gay or Lesbian,Disabled under the Equality Act: Day-to-day activities limited a lot,352,NA,NA
E06000010,Kingston upon Hull,Gay or Lesbian,Disabled under the Equality Act: Day-to-day activities limited a little,573,NA,NA
E06000010,Kingston upon Hull,Gay or Lesbian,Not disabled under the Equality Act,2732,NA,NA
E06000010,Kingston upon Hull,Bisexual,Does not apply,0,NA,NA
E06000010,Kingston upon Hull,Bisexual,Disabled under the Equality Act: Day-to-day activities limited a lot,401,NA,NA
E06000010,Kingston upon Hull,Bisexual,Disabled under the Equality Act: Day-to-day activities limited a little,824,NA,NA
E06000010,Kingston upon Hull,Bisexual,Not disabled under the Equality Act,2297,NA,NA
E06000010,Kingston upon Hull,All other sexual orientations,Does not apply,0,NA,NA
E06000010,Kingston upon Hull,All other sexual orientations,Disabled under the Equality Act: Day-to-day activities limited a lot,130,NA,NA
E06000010,Kingston upon Hull,All other sexual orientations,Disabled under the Equality Act: Day-to-day activities limited a little,224,NA,NA
E06000010,Kingston upon Hull,All other sexual orientations,Not disabled under the Equality Act,529,NA,NA
E06000010,Kingston upon Hull,Not answered,Does not apply,0,NA,NA
E06000010,Kingston upon Hull,Not answered,Disabled under the Equality Act: Day-to-day activities limited a lot,2518,NA,NA
E06000010,Kingston upon Hull,Not answered,Disabled under the Equality Act: Day-to-day activities limited a little,2385,NA,NA
E06000010,Kingston upon Hull,Not answered,Not disabled under the Equality Act,12636,NA,NA
E06000011,East Riding of Yorkshire,Does not apply,Does not apply,0,342200,0
E06000011,East Riding of Yorkshire,Does not apply,Disabled under the Equality Act: Day-to-day activities limited a lot,0,342200,0
E06000011,East Riding of Yorkshire,Does not apply,Disabled under the Equality Act: Day-to-day activities limited a little,0,342200,0
E06000011,East Riding of Yorkshire,Does not apply,Not disabled under the Equality Act,0,342200,0
E06000011,East Riding of Yorkshire,Straight or Heterosexual,Does not apply,0,342200,0
E06000011,East Riding of Yorkshire,Straight or Heterosexual,Disabled under the Equality Act: Day-to-day activities limited a lot,21785,342200,6.366160140268849
E06000011,East Riding of Yorkshire,Straight or Heterosexual,Disabled under the Equality Act: Day-to-day activities limited a little,31751,342200,9.278492109877265
E06000011,East Riding of Yorkshire,Straight or Heterosexual,Not disabled under the Equality Act,209311,342200,61.16627703097604
E06000011,East Riding of Yorkshire,Gay or Lesbian,Does not apply,0,342200,0
E06000011,East Riding of Yorkshire,Gay or Lesbian,Disabled under the Equality Act: Day-to-day activities limited a lot,244,342200,0.07130333138515488
E06000011,East Riding of Yorkshire,Gay or Lesbian,Disabled under the Equality Act: Day-to-day activities limited a little,426,342200,0.1244886031560491
E06000011,East Riding of Yorkshire,Gay or Lesbian,Not disabled under the Equality Act,2325,342200,0.679427235534775
E06000011,East Riding of Yorkshire,Bisexual,Does not apply,0,342200,0
E06000011,East Riding of Yorkshire,Bisexual,Disabled under the Equality Act: Day-to-day activities limited a lot,252,342200,0.07364114552893045
E06000011,East Riding of Yorkshire,Bisexual,Disabled under the Equality Act: Day-to-day activities limited a little,594,342200,0.17358270017533606
E06000011,East Riding of Yorkshire,Bisexual,Not disabled under the Equality Act,1478,342200,0.4319111630625365
E06000011,East Riding of Yorkshire,All other sexual orientations,Does not apply,0,342200,0
E06000011,East Riding of Yorkshire,All other sexual orientations,Disabled under the Equality Act: Day-to-day activities limited a lot,86,342200,0.025131502045587374
E06000011,East Riding of Yorkshire,All other sexual orientations,Disabled under the Equality Act: Day-to-day activities limited a little,124,342200,0.03623611922852133
E06000011,East Riding of Yorkshire,All other sexual orientations,Not disabled under the Equality Act,249,342200,0.0727644652250146
E06000011,East Riding of Yorkshire,Not answered,Does not apply,0,342200,0
E06000011,East Riding of Yorkshire,Not answered,Disabled under the Equality Act: Day-to-day activities limited a lot,2757,342200,0.8056691992986558
E06000011,East Riding of Yorkshire,Not answered,Disabled under the Equality Act: Day-to-day activities limited a little,2603,342200,0.760666277030976
E06000011,East Riding of Yorkshire,Not answered,Not disabled under the Equality Act,14153,342200,4.135885447106955
E06000012,North East Lincolnshire,Does not apply,Does not apply,0,156900,0
E06000012,North East Lincolnshire,Does not apply,Disabled under the Equality Act: Day-to-day activities limited a lot,0,156900,0
E06000012,North East Lincolnshire,Does not apply,Disabled under the Equality Act: Day-to-day activities limited a little,0,156900,0
E06000012,North East Lincolnshire,Does not apply,Not disabled under the Equality Act,0,156900,0
E06000012,North East Lincolnshire,Straight or Heterosexual,Does not apply,0,156900,0
E06000012,North East Lincolnshire,Straight or Heterosexual,Disabled under the Equality Act: Day-to-day activities limited a lot,12002,156900,7.649458253664754
E06000012,North East Lincolnshire,Straight or Heterosexual,Disabled under the Equality Act: Day-to-day activities limited a little,14577,156900,9.290630975143403
E06000012,North East Lincolnshire,Straight or Heterosexual,Not disabled under the Equality Act,89201,156900,56.8521351179095
E06000012,North East Lincolnshire,Gay or Lesbian,Does not apply,0,156900,0
E06000012,North East Lincolnshire,Gay or Lesbian,Disabled under the Equality Act: Day-to-day activities limited a lot,180,156900,0.1147227533460803
E06000012,North East Lincolnshire,Gay or Lesbian,Disabled under the Equality Act: Day-to-day activities limited a little,252,156900,0.16061185468451242
E06000012,North East Lincolnshire,Gay or Lesbian,Not disabled under the Equality Act,1132,156900,0.7214786488209051
E06000012,North East Lincolnshire,Bisexual,Does not apply,0,156900,0
E06000012,North East Lincolnshire,Bisexual,Disabled under the Equality Act: Day-to-day activities limited a lot,198,156900,0.12619502868068833
E06000012,North East Lincolnshire,Bisexual,Disabled under the Equality Act: Day-to-day activities limited a little,370,156900,0.23581899298916506
E06000012,North East Lincolnshire,Bisexual,Not disabled under the Equality Act,832,156900,0.5302740599107711
E06000012,North East Lincolnshire,All other sexual orientations,Does not apply,0,156900,0
E06000012,North East Lincolnshire,All other sexual orientations,Disabled under the Equality Act: Day-to-day activities limited a lot,59,156900,0.03760356915232632
E06000012,North East Lincolnshire,All other sexual orientations,Disabled under the Equality Act: Day-to-day activities limited a little,67,156900,0.042702358189929894
E06000012,North East Lincolnshire,All other sexual orientations,Not disabled under the Equality Act,174,156900,0.11089866156787763
E06000012,North East Lincolnshire,Not answered,Does not apply,0,156900,0
E06000012,North East Lincolnshire,Not answered,Disabled under the Equality Act: Day-to-day activities limited a lot,1134,156900,0.722753346080306
E06000012,North East Lincolnshire,Not answered,Disabled under the Equality Act: Day-to-day activities limited a little,1113,156900,0.7093690248565966
E06000012,North East Lincolnshire,Not answered,Not disabled under the Equality Act,6231,156900,3.9713193116634797
E06000013,North Lincolnshire,Does not apply,Does not apply,0,169700,0
E06000013,North Lincolnshire,Does not apply,Disabled under the Equality Act: Day-to-day activities limited a lot,0,169700,0
E06000013,North Lincolnshire,Does not apply,Disabled under the Equality Act: Day-to-day activities limited a little,0,169700,0
E06000013,North Lincolnshire,Does not apply,Not disabled under the Equality Act,0,169700,0
E06000013,North Lincolnshire,Straight or Heterosexual,Does not apply,0,169700,0
E06000013,North Lincolnshire,Straight or Heterosexual,Disabled under the Equality Act: Day-to-day activities limited a lot,11970,169700,7.053624042427813
E06000013,North Lincolnshire,Straight or Heterosexual,Disabled under the Equality Act: Day-to-day activities limited a little,15767,169700,9.291101944608132
E06000013,North Lincolnshire,Straight or Heterosexual,Not disabled under the Equality Act,98822,169700,58.233352975839715
E06000013,North Lincolnshire,Gay or Lesbian,Does not apply,0,169700,0
E06000013,North Lincolnshire,Gay or Lesbian,Disabled under the Equality Act: Day-to-day activities limited a lot,163,169700,0.09605185621685328
E06000013,North Lincolnshire,Gay or Lesbian,Disabled under the Equality Act: Day-to-day activities limited a little,246,169700,0.14496169711255155
E06000013,North Lincolnshire,Gay or Lesbian,Not disabled under the Equality Act,1156,169700,0.6812021213906895
E06000013,North Lincolnshire,Bisexual,Does not apply,0,169700,0
E06000013,North Lincolnshire,Bisexual,Disabled under the Equality Act: Day-to-day activities limited a lot,156,169700,0.09192692987625221
E06000013,North Lincolnshire,Bisexual,Disabled under the Equality Act: Day-to-day activities limited a little,294,169700,0.17324690630524456
E06000013,North Lincolnshire,Bisexual,Not disabled under the Equality Act,831,169700,0.48968768414849734
E06000013,North Lincolnshire,All other sexual orientations,Does not apply,0,169700,0
E06000013,North Lincolnshire,All other sexual orientations,Disabled under the Equality Act: Day-to-day activities limited a lot,35,169700,0.020624631703005304
E06000013,North Lincolnshire,All other sexual orientations,Disabled under the Equality Act: Day-to-day activities limited a little,65,169700,0.03830288744843842
E06000013,North Lincolnshire,All other sexual orientations,Not disabled under the Equality Act,292,169700,0.17206835592221567
E06000013,North Lincolnshire,Not answered,Does not apply,0,169700,0
E06000013,North Lincolnshire,Not answered,Disabled under the Equality Act: Day-to-day activities limited a lot,1436,169700,0.8461991750147319
E06000013,North Lincolnshire,Not answered,Disabled under the Equality Act: Day-to-day activities limited a little,1216,169700,0.7165586328815556
E06000013,North Lincolnshire,Not answered,Not disabled under the Equality Act,7018,169700,4.1355332940483205
E06000014,York,Does not apply,Does not apply,0,202800,0
E06000014,York,Does not apply,Disabled under the Equality Act: Day-to-day activities limited a lot,0,202800,0
E06000014,York,Does not apply,Disabled under the Equality Act: Day-to-day activities limited a little,0,202800,0
E06000014,York,Does not apply,Not disabled under the Equality Act,0,202800,0
E06000014,York,Straight or Heterosexual,Does not apply,0,202800,0
E06000014,York,Straight or Heterosexual,Disabled under the Equality Act: Day-to-day activities limited a lot,9190,202800,4.531558185404339
E06000014,York,Straight or Heterosexual,Disabled under the Equality Act: Day-to-day activities limited a little,17357,202800,8.558678500986193
E06000014,York,Straight or Heterosexual,Not disabled under the Equality Act,122374,202800,60.34220907297831
E06000014,York,Gay or Lesbian,Does not apply,0,202800,0
E06000014,York,Gay or Lesbian,Disabled under the Equality Act: Day-to-day activities limited a lot,233,202800,0.11489151873767259
E06000014,York,Gay or Lesbian,Disabled under the Equality Act: Day-to-day activities limited a little,596,202800,0.2938856015779093
E06000014,York,Gay or Lesbian,Not disabled under the Equality Act,2678,202800,1.3205128205128205
E06000014,York,Bisexual,Does not apply,0,202800,0
E06000014,York,Bisexual,Disabled under the Equality Act: Day-to-day activities limited a lot,356,202800,0.1755424063116371
E06000014,York,Bisexual,Disabled under the Equality Act: Day-to-day activities limited a little,1378,202800,0.6794871794871795
E06000014,York,Bisexual,Not disabled under the Equality Act,3170,202800,1.5631163708086786
E06000014,York,All other sexual orientations,Does not apply,0,202800,0
E06000014,York,All other sexual orientations,Disabled under the Equality Act: Day-to-day activities limited a lot,154,202800,0.07593688362919132
E06000014,York,All other sexual orientations,Disabled under the Equality Act: Day-to-day activities limited a little,347,202800,0.1711045364891519
E06000014,York,All other sexual orientations,Not disabled under the Equality Act,640,202800,0.3155818540433925
E06000014,York,Not answered,Does not apply,0,202800,0
E06000014,York,Not answered,Disabled under the Equality Act: Day-to-day activities limited a lot,1369,202800,0.6750493096646942
E06000014,York,Not answered,Disabled under the Equality Act: Day-to-day activities limited a little,1872,202800,0.9230769230769231
E06000014,York,Not answered,Not disabled under the Equality Act,10369,202800,5.1129191321499015
E06000015,Derby,Does not apply,Does not apply,0,261400,0
E06000015,Derby,Does not apply,Disabled under the Equality Act: Day-to-day activities limited a lot,0,261400,0
E06000015,Derby,Does not apply,Disabled under the Equality Act: Day-to-day activities limited a little,0,261400,0
E06000015,Derby,Does not apply,Not disabled under the Equality Act,0,261400,0
E06000015,Derby,Straight or Heterosexual,Does not apply,0,261400,0
E06000015,Derby,Straight or Heterosexual,Disabled under the Equality Act: Day-to-day activities limited a lot,16963,261400,6.48928844682479
E06000015,Derby,Straight or Heterosexual,Disabled under the Equality Act: Day-to-day activities limited a little,21834,261400,8.352716143840857
E06000015,Derby,Straight or Heterosexual,Not disabled under the Equality Act,145422,261400,55.63198163733741
E06000015,Derby,Gay or Lesbian,Does not apply,0,261400,0
E06000015,Derby,Gay or Lesbian,Disabled under the Equality Act: Day-to-day activities limited a lot,264,261400,0.1009946442234124
E06000015,Derby,Gay or Lesbian,Disabled under the Equality Act: Day-to-day activities limited a little,450,261400,0.17214996174445293
E06000015,Derby,Gay or Lesbian,Not disabled under the Equality Act,2050,261400,0.7842387146136189
E06000015,Derby,Bisexual,Does not apply,0,261400,0
E06000015,Derby,Bisexual,Disabled under the Equality Act: Day-to-day activities limited a lot,334,261400,0.12777352716143842
E06000015,Derby,Bisexual,Disabled under the Equality Act: Day-to-day activities limited a little,820,261400,0.3136954858454476
E06000015,Derby,Bisexual,Not disabled under the Equality Act,1886,261400,0.7214996174445295
E06000015,Derby,All other sexual orientations,Does not apply,0,261400,0
E06000015,Derby,All other sexual orientations,Disabled under the Equality Act: Day-to-day activities limited a lot,143,261400,0.05470543228768172
E06000015,Derby,All other sexual orientations,Disabled under the Equality Act: Day-to-day activities limited a little,221,261400,0.08454475899005356
E06000015,Derby,All other sexual orientations,Not disabled under the Equality Act,568,261400,0.21729150726855395
E06000015,Derby,Not answered,Does not apply,0,261400,0
E06000015,Derby,Not answered,Disabled under the Equality Act: Day-to-day activities limited a lot,2285,261400,0.8741392501912777
E06000015,Derby,Not answered,Disabled under the Equality Act: Day-to-day activities limited a little,2206,261400,0.8439173680183627
E06000015,Derby,Not answered,Not disabled under the Equality Act,13742,261400,5.25707727620505
E06000016,Leicester,Does not apply,Does not apply,0,368600,0
E06000016,Leicester,Does not apply,Disabled under the Equality Act: Day-to-day activities limited a lot,0,368600,0
E06000016,Leicester,Does not apply,Disabled under the Equality Act: Day-to-day activities limited a little,0,368600,0
E06000016,Leicester,Does not apply,Not disabled under the Equality Act,0,368600,0
E06000016,Leicester,Straight or Heterosexual,Does not apply,0,368600,0
E06000016,Leicester,Straight or Heterosexual,Disabled under the Equality Act: Day-to-day activities limited a lot,20235,368600,5.489690721649485
E06000016,Leicester,Straight or Heterosexual,Disabled under the Equality Act: Day-to-day activities limited a little,24442,368600,6.631036353771026
E06000016,Leicester,Straight or Heterosexual,Not disabled under the Equality Act,205476,368600,55.74498100922409
E06000016,Leicester,Gay or Lesbian,Does not apply,0,368600,0
E06000016,Leicester,Gay or Lesbian,Disabled under the Equality Act: Day-to-day activities limited a lot,290,368600,0.07867607162235486
E06000016,Leicester,Gay or Lesbian,Disabled under the Equality Act: Day-to-day activities limited a little,569,368600,0.15436787845903419
E06000016,Leicester,Gay or Lesbian,Not disabled under the Equality Act,2432,368600,0.6597938144329897
E06000016,Leicester,Bisexual,Does not apply,0,368600,0
E06000016,Leicester,Bisexual,Disabled under the Equality Act: Day-to-day activities limited a lot,421,368600,0.11421595225176343
E06000016,Leicester,Bisexual,Disabled under the Equality Act: Day-to-day activities limited a little,1013,368600,0.27482365708084644
E06000016,Leicester,Bisexual,Not disabled under the Equality Act,3870,368600,1.0499186109603906
E06000016,Leicester,All other sexual orientations,Does not apply,0,368600,0
E06000016,Leicester,All other sexual orientations,Disabled under the Equality Act: Day-to-day activities limited a lot,134,368600,0.0363537710255019
E06000016,Leicester,All other sexual orientations,Disabled under the Equality Act: Day-to-day activities limited a little,265,368600,0.07189365165491048
E06000016,Leicester,All other sexual orientations,Not disabled under the Equality Act,1020,368600,0.27672273467173086
E06000016,Leicester,Not answered,Does not apply,0,368600,0
E06000016,Leicester,Not answered,Disabled under the Equality Act: Day-to-day activities limited a lot,2900,368600,0.7867607162235486
E06000016,Leicester,Not answered,Disabled under the Equality Act: Day-to-day activities limited a little,2984,368600,0.8095496473141617
E06000016,Leicester,Not answered,Not disabled under the Equality Act,24963,368600,6.772381985892567
E06000017,Rutland,Does not apply,Does not apply,0,41000,0
E06000017,Rutland,Does not apply,Disabled under the Equality Act: Day-to-day activities limited a lot,0,41000,0
E06000017,Rutland,Does not apply,Disabled under the Equality Act: Day-to-day activities limited a little,0,41000,0
E06000017,Rutland,Does not apply,Not disabled under the Equality Act,0,41000,0
E06000017,Rutland,Straight or Heterosexual,Does not apply,0,41000,0
E06000017,Rutland,Straight or Heterosexual,Disabled under the Equality Act: Day-to-day activities limited a lot,1890,41000,4.609756097560975
E06000017,Rutland,Straight or Heterosexual,Disabled under the Equality Act: Day-to-day activities limited a little,3637,41000,8.8707317073170735
E06000017,Rutland,Straight or Heterosexual,Not disabled under the Equality Act,25943,41000,63.27560975609756
E06000017,Rutland,Gay or Lesbian,Does not apply,0,41000,0
E06000017,Rutland,Gay or Lesbian,Disabled under the Equality Act: Day-to-day activities limited a lot,27,41000,0.06585365853658537
E06000017,Rutland,Gay or Lesbian,Disabled under the Equality Act: Day-to-day activities limited a little,59,41000,0.14390243902439023
E06000017,Rutland,Gay or Lesbian,Not disabled under the Equality Act,296,41000,0.7219512195121951
E06000017,Rutland,Bisexual,Does not apply,0,41000,0
E06000017,Rutland,Bisexual,Disabled under the Equality Act: Day-to-day activities limited a lot,15,41000,0.036585365853658534
E06000017,Rutland,Bisexual,Disabled under the Equality Act: Day-to-day activities limited a little,67,41000,0.16341463414634147
E06000017,Rutland,Bisexual,Not disabled under the Equality Act,210,41000,0.5121951219512195
E06000017,Rutland,All other sexual orientations,Does not apply,0,41000,0
E06000017,Rutland,All other sexual orientations,Disabled under the Equality Act: Day-to-day activities limited a lot,12,41000,0.02926829268292683
E06000017,Rutland,All other sexual orientations,Disabled under the Equality Act: Day-to-day activities limited a little,19,41000,0.046341463414634146
E06000017,Rutland,All other sexual orientations,Not disabled under the Equality Act,42,41000,0.1024390243902439
E06000017,Rutland,Not answered,Does not apply,0,41000,0
E06000017,Rutland,Not answered,Disabled under the Equality Act: Day-to-day activities limited a lot,180,41000,0.43902439024390244
E06000017,Rutland,Not answered,Disabled under the Equality Act: Day-to-day activities limited a little,241,41000,0.5878048780487805
E06000017,Rutland,Not answered,Not disabled under the Equality Act,1663,41000,4.056097560975609
E06000018,Nottingham,Does not apply,Does not apply,0,323700,0
E06000018,Nottingham,Does not apply,Disabled under the Equality Act: Day-to-day activities limited a lot,0,323700,0
E06000018,Nottingham,Does not apply,Disabled under the Equality Act: Day-to-day activities limited a little,0,323700,0
E06000018,Nottingham,Does not apply,Not disabled under the Equality Act,0,323700,0
E06000018,Nottingham,Straight or Heterosexual,Does not apply,0,323700,0
E06000018,Nottingham,Straight or Heterosexual,Disabled under the Equality Act: Day-to-day activities limited a lot,20775,323700,6.417979610750695
E06000018,Nottingham,Straight or Heterosexual,Disabled under the Equality Act: Day-to-day activities limited a little,25537,323700,7.88909484090207
E06000018,Nottingham,Straight or Heterosexual,Not disabled under the Equality Act,179164,323700,55.3487797343219
E06000018,Nottingham,Gay or Lesbian,Does not apply,0,323700,0
E06000018,Nottingham,Gay or Lesbian,Disabled under the Equality Act: Day-to-day activities limited a lot,449,323700,0.13870868087735558
E06000018,Nottingham,Gay or Lesbian,Disabled under the Equality Act: Day-to-day activities limited a little,843,323700,0.26042632066728455
E06000018,Nottingham,Gay or Lesbian,Not disabled under the Equality Act,3465,323700,1.0704355885078776
E06000018,Nottingham,Bisexual,Does not apply,0,323700,0
E06000018,Nottingham,Bisexual,Disabled under the Equality Act: Day-to-day activities limited a lot,669,323700,0.20667284522706209
E06000018,Nottingham,Bisexual,Disabled under the Equality Act: Day-to-day activities limited a little,1724,323700,0.532591906085882
E06000018,Nottingham,Bisexual,Not disabled under the Equality Act,4350,323700,1.3438368860055607
E06000018,Nottingham,All other sexual orientations,Does not apply,0,323700,0
E06000018,Nottingham,All other sexual orientations,Disabled under the Equality Act: Day-to-day activities limited a lot,202,323700,0.062403459993821436
E06000018,Nottingham,All other sexual orientations,Disabled under the Equality Act: Day-to-day activities limited a little,395,323700,0.12202656780970034
E06000018,Nottingham,All other sexual orientations,Not disabled under the Equality Act,835,323700,0.25795489650911335
E06000018,Nottingham,Not answered,Does not apply,0,323700,0
E06000018,Nottingham,Not answered,Disabled under the Equality Act: Day-to-day activities limited a lot,2680,323700,0.8279270929873339
E06000018,Nottingham,Not answered,Disabled under the Equality Act: Day-to-day activities limited a little,3026,323700,0.9348161878282361
E06000018,Nottingham,Not answered,Not disabled under the Equality Act,20211,323700,6.2437442075996294
E06000019,Herefordshire,Does not apply,Does not apply,0,NA,NA
E06000019,Herefordshire,Does not apply,Disabled under the Equality Act: Day-to-day activities limited a lot,0,NA,NA
E06000019,Herefordshire,Does not apply,Disabled under the Equality Act: Day-to-day activities limited a little,0,NA,NA
E06000019,Herefordshire,Does not apply,Not disabled under the Equality Act,0,NA,NA
E06000019,Herefordshire,Straight or Heterosexual,Does not apply,0,NA,NA
E06000019,Herefordshire,Straight or Heterosexual,Disabled under the Equality Act: Day-to-day activities limited a lot,11386,NA,NA
E06000019,Herefordshire,Straight or Heterosexual,Disabled under the Equality Act: Day-to-day activities limited a little,17473,NA,NA
E06000019,Herefordshire,Straight or Heterosexual,Not disabled under the Equality Act,112089,NA,NA
E06000019,Herefordshire,Gay or Lesbian,Does not apply,0,NA,NA
E06000019,Herefordshire,Gay or Lesbian,Disabled under the Equality Act: Day-to-day activities limited a lot,134,NA,NA
E06000019,Herefordshire,Gay or Lesbian,Disabled under the Equality Act: Day-to-day activities limited a little,252,NA,NA
E06000019,Herefordshire,Gay or Lesbian,Not disabled under the Equality Act,1256,NA,NA
E06000019,Herefordshire,Bisexual,Does not apply,0,NA,NA
E06000019,Herefordshire,Bisexual,Disabled under the Equality Act: Day-to-day activities limited a lot,160,NA,NA
E06000019,Herefordshire,Bisexual,Disabled under the Equality Act: Day-to-day activities limited a little,373,NA,NA
E06000019,Herefordshire,Bisexual,Not disabled under the Equality Act,887,NA,NA
E06000019,Herefordshire,All other sexual orientations,Does not apply,0,NA,NA
E06000019,Herefordshire,All other sexual orientations,Disabled under the Equality Act: Day-to-day activities limited a lot,68,NA,NA
E06000019,Herefordshire,All other sexual orientations,Disabled under the Equality Act: Day-to-day activities limited a little,83,NA,NA
E06000019,Herefordshire,All other sexual orientations,Not disabled under the Equality Act,215,NA,NA
E06000019,Herefordshire,Not answered,Does not apply,0,NA,NA
E06000019,Herefordshire,Not answered,Disabled under the Equality Act: Day-to-day activities limited a lot,1625,NA,NA
E06000019,Herefordshire,Not answered,Disabled under the Equality Act: Day-to-day activities limited a little,1546,NA,NA
E06000019,Herefordshire,Not answered,Not disabled under the Equality Act,9586,NA,NA
E06000020,Telford and Wrekin,Does not apply,Does not apply,0,185600,0
E06000020,Telford and Wrekin,Does not apply,Disabled under the Equality Act: Day-to-day activities limited a lot,0,185600,0
E06000020,Telford and Wrekin,Does not apply,Disabled under the Equality Act: Day-to-day activities limited a little,0,185600,0
E06000020,Telford and Wrekin,Does not apply,Not disabled under the Equality Act,0,185600,0
E06000020,Telford and Wrekin,Straight or Heterosexual,Does not apply,0,185600,0
E06000020,Telford and Wrekin,Straight or Heterosexual,Disabled under the Equality Act: Day-to-day activities limited a lot,13010,185600,7.009698275862069
E06000020,Telford and Wrekin,Straight or Heterosexual,Disabled under the Equality Act: Day-to-day activities limited a little,16687,185600,8.990840517241379
E06000020,Telford and Wrekin,Straight or Heterosexual,Not disabled under the Equality Act,104375,185600,56.236530172413794
E06000020,Telford and Wrekin,Gay or Lesbian,Does not apply,0,185600,0
E06000020,Telford and Wrekin,Gay or Lesbian,Disabled under the Equality Act: Day-to-day activities limited a lot,236,185600,0.1271551724137931
E06000020,Telford and Wrekin,Gay or Lesbian,Disabled under the Equality Act: Day-to-day activities limited a little,327,185600,0.17618534482758622
E06000020,Telford and Wrekin,Gay or Lesbian,Not disabled under the Equality Act,1411,185600,0.7602370689655172
E06000020,Telford and Wrekin,Bisexual,Does not apply,0,185600,0
E06000020,Telford and Wrekin,Bisexual,Disabled under the Equality Act: Day-to-day activities limited a lot,229,185600,0.12338362068965517
E06000020,Telford and Wrekin,Bisexual,Disabled under the Equality Act: Day-to-day activities limited a little,436,185600,0.2349137931034483
E06000020,Telford and Wrekin,Bisexual,Not disabled under the Equality Act,1061,185600,0.5716594827586207
E06000020,Telford and Wrekin,All other sexual orientations,Does not apply,0,185600,0
E06000020,Telford and Wrekin,All other sexual orientations,Disabled under the Equality Act: Day-to-day activities limited a lot,69,185600,0.037176724137931036
E06000020,Telford and Wrekin,All other sexual orientations,Disabled under the Equality Act: Day-to-day activities limited a little,95,185600,0.05118534482758621
E06000020,Telford and Wrekin,All other sexual orientations,Not disabled under the Equality Act,244,185600,0.1314655172413793
E06000020,Telford and Wrekin,Not answered,Does not apply,0,185600,0
E06000020,Telford and Wrekin,Not answered,Disabled under the Equality Act: Day-to-day activities limited a lot,1408,185600,0.7586206896551724
E06000020,Telford and Wrekin,Not answered,Disabled under the Equality Act: Day-to-day activities limited a little,1384,185600,0.7456896551724138
E06000020,Telford and Wrekin,Not answered,Not disabled under the Equality Act,7705,185600,4.151400862068965
E06000021,Stoke-on-Trent,Does not apply,Does not apply,0,258400,0
E06000021,Stoke-on-Trent,Does not apply,Disabled under the Equality Act: Day-to-day activities limited a lot,0,258400,0
E06000021,Stoke-on-Trent,Does not apply,Disabled under the Equality Act: Day-to-day activities limited a little,0,258400,0
E06000021,Stoke-on-Trent,Does not apply,Not disabled under the Equality Act,0,258400,0
E06000021,Stoke-on-Trent,Straight or Heterosexual,Does not apply,0,258400,0
E06000021,Stoke-on-Trent,Straight or Heterosexual,Disabled under the Equality Act: Day-to-day activities limited a lot,20563,258400,7.9578173374613
E06000021,Stoke-on-Trent,Straight or Heterosexual,Disabled under the Equality Act: Day-to-day activities limited a little,23790,258400,9.206656346749226
E06000021,Stoke-on-Trent,Straight or Heterosexual,Not disabled under the Equality Act,138755,258400,53.69775541795666
E06000021,Stoke-on-Trent,Gay or Lesbian,Does not apply,0,258400,0
E06000021,Stoke-on-Trent,Gay or Lesbian,Disabled under the Equality Act: Day-to-day activities limited a lot,308,258400,0.11919504643962849
E06000021,Stoke-on-Trent,Gay or Lesbian,Disabled under the Equality Act: Day-to-day activities limited a little,510,258400,0.19736842105263158
E06000021,Stoke-on-Trent,Gay or Lesbian,Not disabled under the Equality Act,2138,258400,0.8273993808049536
E06000021,Stoke-on-Trent,Bisexual,Does not apply,0,258400,0
E06000021,Stoke-on-Trent,Bisexual,Disabled under the Equality Act: Day-to-day activities limited a lot,374,258400,0.14473684210526316
E06000021,Stoke-on-Trent,Bisexual,Disabled under the Equality Act: Day-to-day activities limited a little,771,258400,0.298374613003096
E06000021,Stoke-on-Trent,Bisexual,Not disabled under the Equality Act,1637,258400,0.6335139318885449
E06000021,Stoke-on-Trent,All other sexual orientations,Does not apply,0,258400,0
E06000021,Stoke-on-Trent,All other sexual orientations,Disabled under the Equality Act: Day-to-day activities limited a lot,105,258400,0.040634674922600617
E06000021,Stoke-on-Trent,All other sexual orientations,Disabled under the Equality Act: Day-to-day activities limited a little,170,258400,0.06578947368421052
E06000021,Stoke-on-Trent,All other sexual orientations,Not disabled under the Equality Act,402,258400,0.15557275541795665
E06000021,Stoke-on-Trent,Not answered,Does not apply,0,258400,0
E06000021,Stoke-on-Trent,Not answered,Disabled under the Equality Act: Day-to-day activities limited a lot,2538,258400,0.9821981424148607
E06000021,Stoke-on-Trent,Not answered,Disabled under the Equality Act: Day-to-day activities limited a little,2245,258400,0.8688080495356038
E06000021,Stoke-on-Trent,Not answered,Not disabled under the Equality Act,11594,258400,4.4868421052631575
E06000022,Bath and North East Somerset,Does not apply,Does not apply,0,193400,0
E06000022,Bath and North East Somerset,Does not apply,Disabled under the Equality Act: Day-to-day activities limited a lot,0,193400,0
E06000022,Bath and North East Somerset,Does not apply,Disabled under the Equality Act: Day-to-day activities limited a little,0,193400,0
E06000022,Bath and North East Somerset,Does not apply,Not disabled under the Equality Act,0,193400,0
E06000022,Bath and North East Somerset,Straight or Heterosexual,Does not apply,0,193400,0
E06000022,Bath and North East Somerset,Straight or Heterosexual,Disabled under the Equality Act: Day-to-day activities limited a lot,9194,193400,4.753877973112719
E06000022,Bath and North East Somerset,Straight or Heterosexual,Disabled under the Equality Act: Day-to-day activities limited a little,15697,193400,8.116339193381593
E06000022,Bath and North East Somerset,Straight or Heterosexual,Not disabled under the Equality Act,117805,193400,60.912616339193384
E06000022,Bath and North East Somerset,Gay or Lesbian,Does not apply,0,193400,0
E06000022,Bath and North East Somerset,Gay or Lesbian,Disabled under the Equality Act: Day-to-day activities limited a lot,161,193400,0.08324715615305067
E06000022,Bath and North East Somerset,Gay or Lesbian,Disabled under the Equality Act: Day-to-day activities limited a little,390,193400,0.20165460186142709
E06000022,Bath and North East Somerset,Gay or Lesbian,Not disabled under the Equality Act,1897,193400,0.9808686659772492
E06000022,Bath and North East Somerset,Bisexual,Does not apply,0,193400,0
E06000022,Bath and North East Somerset,Bisexual,Disabled under the Equality Act: Day-to-day activities limited a lot,270,193400,0.13960703205791106
E06000022,Bath and North East Somerset,Bisexual,Disabled under the Equality Act: Day-to-day activities limited a little,869,193400,0.44932781799379523
E06000022,Bath and North East Somerset,Bisexual,Not disabled under the Equality Act,2142,193400,1.107549120992761
E06000022,Bath and North East Somerset,All other sexual orientations,Does not apply,0,193400,0
E06000022,Bath and North East Somerset,All other sexual orientations,Disabled under the Equality Act: Day-to-day activities limited a lot,86,193400,0.04446742502585315
E06000022,Bath and North East Somerset,All other sexual orientations,Disabled under the Equality Act: Day-to-day activities limited a little,217,193400,0.11220268872802482
E06000022,Bath and North East Somerset,All other sexual orientations,Not disabled under the Equality Act,412,193400,0.21302998965873837
E06000022,Bath and North East Somerset,Not answered,Does not apply,0,193400,0
E06000022,Bath and North East Somerset,Not answered,Disabled under the Equality Act: Day-to-day activities limited a lot,1207,193400,0.6240951396070321
E06000022,Bath and North East Somerset,Not answered,Disabled under the Equality Act: Day-to-day activities limited a little,1604,193400,0.8293691830403309
E06000022,Bath and North East Somerset,Not answered,Not disabled under the Equality Act,9664,193400,4.996897621509825
E06000023,Bristol,Does not apply,Does not apply,0,NA,NA
E06000023,Bristol,Does not apply,Disabled under the Equality Act: Day-to-day activities limited a lot,0,NA,NA
E06000023,Bristol,Does not apply,Disabled under the Equality Act: Day-to-day activities limited a little,0,NA,NA
E06000023,Bristol,Does not apply,Not disabled under the Equality Act,0,NA,NA
E06000023,Bristol,Straight or Heterosexual,Does not apply,0,NA,NA
E06000023,Bristol,Straight or Heterosexual,Disabled under the Equality Act: Day-to-day activities limited a lot,25129,NA,NA
E06000023,Bristol,Straight or Heterosexual,Disabled under the Equality Act: Day-to-day activities limited a little,36514,NA,NA
E06000023,Bristol,Straight or Heterosexual,Not disabled under the Equality Act,271365,NA,NA
E06000023,Bristol,Gay or Lesbian,Does not apply,0,NA,NA
E06000023,Bristol,Gay or Lesbian,Disabled under the Equality Act: Day-to-day activities limited a lot,622,NA,NA
E06000023,Bristol,Gay or Lesbian,Disabled under the Equality Act: Day-to-day activities limited a little,1265,NA,NA
E06000023,Bristol,Gay or Lesbian,Not disabled under the Equality Act,6681,NA,NA
E06000023,Bristol,Bisexual,Does not apply,0,NA,NA
E06000023,Bristol,Bisexual,Disabled under the Equality Act: Day-to-day activities limited a lot,931,NA,NA
E06000023,Bristol,Bisexual,Disabled under the Equality Act: Day-to-day activities limited a little,3000,NA,NA
E06000023,Bristol,Bisexual,Not disabled under the Equality Act,8089,NA,NA
E06000023,Bristol,All other sexual orientations,Does not apply,0,NA,NA
E06000023,Bristol,All other sexual orientations,Disabled under the Equality Act: Day-to-day activities limited a lot,354,NA,NA
E06000023,Bristol,All other sexual orientations,Disabled under the Equality Act: Day-to-day activities limited a little,866,NA,NA
E06000023,Bristol,All other sexual orientations,Not disabled under the Equality Act,1841,NA,NA
E06000023,Bristol,Not answered,Does not apply,0,NA,NA
E06000023,Bristol,Not answered,Disabled under the Equality Act: Day-to-day activities limited a lot,3406,NA,NA
E06000023,Bristol,Not answered,Disabled under the Equality Act: Day-to-day activities limited a little,3995,NA,NA
E06000023,Bristol,Not answered,Not disabled under the Equality Act,25650,NA,NA
E06000024,North Somerset,Does not apply,Does not apply,0,216700,0
E06000024,North Somerset,Does not apply,Disabled under the Equality Act: Day-to-day activities limited a lot,0,216700,0
E06000024,North Somerset,Does not apply,Disabled under the Equality Act: Day-to-day activities limited a little,0,216700,0
E06000024,North Somerset,Does not apply,Not disabled under the Equality Act,0,216700,0
E06000024,North Somerset,Straight or Heterosexual,Does not apply,0,216700,0
E06000024,North Somerset,Straight or Heterosexual,Disabled under the Equality Act: Day-to-day activities limited a lot,13293,216700,6.13428703276419
E06000024,North Somerset,Straight or Heterosexual,Disabled under the Equality Act: Day-to-day activities limited a little,19982,216700,9.221042916474389
E06000024,North Somerset,Straight or Heterosexual,Not disabled under the Equality Act,128506,216700,59.30133825565298
E06000024,North Somerset,Gay or Lesbian,Does not apply,0,216700,0
E06000024,North Somerset,Gay or Lesbian,Disabled under the Equality Act: Day-to-day activities limited a lot,214,216700,0.09875403784033225
E06000024,North Somerset,Gay or Lesbian,Disabled under the Equality Act: Day-to-day activities limited a little,353,216700,0.16289801568989387
E06000024,North Somerset,Gay or Lesbian,Not disabled under the Equality Act,1697,216700,0.7831102907245039
E06000024,North Somerset,Bisexual,Does not apply,0,216700,0
E06000024,North Somerset,Bisexual,Disabled under the Equality Act: Day-to-day activities limited a lot,275,216700,0.12690355329949238
E06000024,North Somerset,Bisexual,Disabled under the Equality Act: Day-to-day activities limited a little,533,216700,0.24596215966774343
E06000024,North Somerset,Bisexual,Not disabled under the Equality Act,1204,216700,0.5556068297185048
E06000024,North Somerset,All other sexual orientations,Does not apply,0,216700,0
E06000024,North Somerset,All other sexual orientations,Disabled under the Equality Act: Day-to-day activities limited a lot,82,216700,0.03784033225657591
E06000024,North Somerset,All other sexual orientations,Disabled under the Equality Act: Day-to-day activities limited a little,129,216700,0.05952930318412552
E06000024,North Somerset,All other sexual orientations,Not disabled under the Equality Act,220,216700,0.10152284263959391
E06000024,North Somerset,Not answered,Does not apply,0,216700,0
E06000024,North Somerset,Not answered,Disabled under the Equality Act: Day-to-day activities limited a lot,1684,216700,0.777111213659437
E06000024,North Somerset,Not answered,Disabled under the Equality Act: Day-to-day activities limited a little,1662,216700,0.7669589293954776
E06000024,North Somerset,Not answered,Not disabled under the Equality Act,8733,216700,4.029995385325335
E06000025,South Gloucestershire,Does not apply,Does not apply,0,290400,0
E06000025,South Gloucestershire,Does not apply,Disabled under the Equality Act: Day-to-day activities limited a lot,0,290400,0
E06000025,South Gloucestershire,Does not apply,Disabled under the Equality Act: Day-to-day activities limited a little,0,290400,0
E06000025,South Gloucestershire,Does not apply,Not disabled under the Equality Act,0,290400,0
E06000025,South Gloucestershire,Straight or Heterosexual,Does not apply,0,290400,0
E06000025,South Gloucestershire,Straight or Heterosexual,Disabled under the Equality Act: Day-to-day activities limited a lot,14613,290400,5.0320247933884295
E06000025,South Gloucestershire,Straight or Heterosexual,Disabled under the Equality Act: Day-to-day activities limited a little,23839,290400,8.209022038567493
E06000025,South Gloucestershire,Straight or Heterosexual,Not disabled under the Equality Act,176705,290400,60.84882920110193
E06000025,South Gloucestershire,Gay or Lesbian,Does not apply,0,290400,0
E06000025,South Gloucestershire,Gay or Lesbian,Disabled under the Equality Act: Day-to-day activities limited a lot,217,290400,0.0747245179063361
E06000025,South Gloucestershire,Gay or Lesbian,Disabled under the Equality Act: Day-to-day activities limited a little,465,290400,0.16012396694214875
E06000025,South Gloucestershire,Gay or Lesbian,Not disabled under the Equality Act,2382,290400,0.8202479338842975
E06000025,South Gloucestershire,Bisexual,Does not apply,0,290400,0
E06000025,South Gloucestershire,Bisexual,Disabled under the Equality Act: Day-to-day activities limited a lot,282,290400,0.09710743801652892
E06000025,South Gloucestershire,Bisexual,Disabled under the Equality Act: Day-to-day activities limited a little,773,290400,0.26618457300275483
E06000025,South Gloucestershire,Bisexual,Not disabled under the Equality Act,1889,290400,0.6504820936639119
E06000025,South Gloucestershire,All other sexual orientations,Does not apply,0,290400,0
E06000025,South Gloucestershire,All other sexual orientations,Disabled under the Equality Act: Day-to-day activities limited a lot,93,290400,0.03202479338842975
E06000025,South Gloucestershire,All other sexual orientations,Disabled under the Equality Act: Day-to-day activities limited a little,201,290400,0.06921487603305786
E06000025,South Gloucestershire,All other sexual orientations,Not disabled under the Equality Act,397,290400,0.13670798898071626
E06000025,South Gloucestershire,Not answered,Does not apply,0,290400,0
E06000025,South Gloucestershire,Not answered,Disabled under the Equality Act: Day-to-day activities limited a lot,1633,290400,0.5623278236914601
E06000025,South Gloucestershire,Not answered,Disabled under the Equality Act: Day-to-day activities limited a little,1826,290400,0.6287878787878788
E06000025,South Gloucestershire,Not answered,Not disabled under the Equality Act,12051,290400,4.149793388429752
E06000026,Plymouth,Does not apply,Does not apply,0,264700,0
E06000026,Plymouth,Does not apply,Disabled under the Equality Act: Day-to-day activities limited a lot,0,264700,0
E06000026,Plymouth,Does not apply,Disabled under the Equality Act: Day-to-day activities limited a little,0,264700,0
E06000026,Plymouth,Does not apply,Not disabled under the Equality Act,0,264700,0
E06000026,Plymouth,Straight or Heterosexual,Does not apply,0,264700,0
E06000026,Plymouth,Straight or Heterosexual,Disabled under the Equality Act: Day-to-day activities limited a lot,20259,264700,7.653570079335096
E06000026,Plymouth,Straight or Heterosexual,Disabled under the Equality Act: Day-to-day activities limited a little,25588,264700,9.666792595391009
E06000026,Plymouth,Straight or Heterosexual,Not disabled under the Equality Act,148616,264700,56.14506989044201
E06000026,Plymouth,Gay or Lesbian,Does not apply,0,264700,0
E06000026,Plymouth,Gay or Lesbian,Disabled under the Equality Act: Day-to-day activities limited a lot,412,264700,0.1556479032867397
E06000026,Plymouth,Gay or Lesbian,Disabled under the Equality Act: Day-to-day activities limited a little,772,264700,0.29165092557612393
E06000026,Plymouth,Gay or Lesbian,Not disabled under the Equality Act,3113,264700,1.1760483566301474
E06000026,Plymouth,Bisexual,Does not apply,0,264700,0
E06000026,Plymouth,Bisexual,Disabled under the Equality Act: Day-to-day activities limited a lot,550,264700,0.207782395164337
E06000026,Plymouth,Bisexual,Disabled under the Equality Act: Day-to-day activities limited a little,1295,264700,0.4892330940687571
E06000026,Plymouth,Bisexual,Not disabled under the Equality Act,2664,264700,1.0064223649414432
E06000026,Plymouth,All other sexual orientations,Does not apply,0,264700,0
E06000026,Plymouth,All other sexual orientations,Disabled under the Equality Act: Day-to-day activities limited a lot,170,264700,0.06422364941443143
E06000026,Plymouth,All other sexual orientations,Disabled under the Equality Act: Day-to-day activities limited a little,295,264700,0.11144692104268984
E06000026,Plymouth,All other sexual orientations,Not disabled under the Equality Act,459,264700,0.17340385341896486
E06000026,Plymouth,Not answered,Does not apply,0,264700,0
E06000026,Plymouth,Not answered,Disabled under the Equality Act: Day-to-day activities limited a lot,2071,264700,0.7823951643369853
E06000026,Plymouth,Not answered,Disabled under the Equality Act: Day-to-day activities limited a little,2063,264700,0.7793728749527767
E06000026,Plymouth,Not answered,Not disabled under the Equality Act,10295,264700,3.889308651303362
E06000027,Torbay,Does not apply,Does not apply,0,139300,0
E06000027,Torbay,Does not apply,Disabled under the Equality Act: Day-to-day activities limited a lot,0,139300,0
E06000027,Torbay,Does not apply,Disabled under the Equality Act: Day-to-day activities limited a little,0,139300,0
E06000027,Torbay,Does not apply,Not disabled under the Equality Act,0,139300,0
E06000027,Torbay,Straight or Heterosexual,Does not apply,0,139300,0
E06000027,Torbay,Straight or Heterosexual,Disabled under the Equality Act: Day-to-day activities limited a lot,12278,139300,8.814070351758794
E06000027,Torbay,Straight or Heterosexual,Disabled under the Equality Act: Day-to-day activities limited a little,14760,139300,10.59583632447954
E06000027,Torbay,Straight or Heterosexual,Not disabled under the Equality Act,77691,139300,55.7724335965542
E06000027,Torbay,Gay or Lesbian,Does not apply,0,139300,0
E06000027,Torbay,Gay or Lesbian,Disabled under the Equality Act: Day-to-day activities limited a lot,236,139300,0.16941852117731515
E06000027,Torbay,Gay or Lesbian,Disabled under the Equality Act: Day-to-day activities limited a little,360,139300,0.25843503230437903
E06000027,Torbay,Gay or Lesbian,Not disabled under the Equality Act,1439,139300,1.0330222541277818
E06000027,Torbay,Bisexual,Does not apply,0,139300,0
E06000027,Torbay,Bisexual,Disabled under the Equality Act: Day-to-day activities limited a lot,209,139300,0.15003589375448673
E06000027,Torbay,Bisexual,Disabled under the Equality Act: Day-to-day activities limited a little,370,139300,0.2656137832017229
E06000027,Torbay,Bisexual,Not disabled under the Equality Act,765,139300,0.5491744436468055
E06000027,Torbay,All other sexual orientations,Does not apply,0,139300,0
E06000027,Torbay,All other sexual orientations,Disabled under the Equality Act: Day-to-day activities limited a lot,52,139300,0.03732950466618808
E06000027,Torbay,All other sexual orientations,Disabled under the Equality Act: Day-to-day activities limited a little,85,139300,0.061019382627422826
E06000027,Torbay,All other sexual orientations,Not disabled under the Equality Act,161,139300,0.11557788944723618
E06000027,Torbay,Not answered,Does not apply,0,139300,0
E06000027,Torbay,Not answered,Disabled under the Equality Act: Day-to-day activities limited a lot,1581,139300,1.1349605168700647
E06000027,Torbay,Not answered,Disabled under the Equality Act: Day-to-day activities limited a little,1235,139300,0.886575735821967
E06000027,Torbay,Not answered,Not disabled under the Equality Act,5810,139300,4.1708542713567835
E06000030,Swindon,Does not apply,Does not apply,0,233400,0
E06000030,Swindon,Does not apply,Disabled under the Equality Act: Day-to-day activities limited a lot,0,233400,0
E06000030,Swindon,Does not apply,Disabled under the Equality Act: Day-to-day activities limited a little,0,233400,0
E06000030,Swindon,Does not apply,Not disabled under the Equality Act,0,233400,0
E06000030,Swindon,Straight or Heterosexual,Does not apply,0,233400,0
E06000030,Swindon,Straight or Heterosexual,Disabled under the Equality Act: Day-to-day activities limited a lot,11858,233400,5.080548414738646
E06000030,Swindon,Straight or Heterosexual,Disabled under the Equality Act: Day-to-day activities limited a little,17864,233400,7.653813196229649
E06000030,Swindon,Straight or Heterosexual,Not disabled under the Equality Act,138920,233400,59.52013710368466
E06000030,Swindon,Gay or Lesbian,Does not apply,0,233400,0
E06000030,Swindon,Gay or Lesbian,Disabled under the Equality Act: Day-to-day activities limited a lot,180,233400,0.07712082262210797
E06000030,Swindon,Gay or Lesbian,Disabled under the Equality Act: Day-to-day activities limited a little,364,233400,0.155955441302485
E06000030,Swindon,Gay or Lesbian,Not disabled under the Equality Act,1870,233400,0.8011996572407883
E06000030,Swindon,Bisexual,Does not apply,0,233400,0
E06000030,Swindon,Bisexual,Disabled under the Equality Act: Day-to-day activities limited a lot,222,233400,0.09511568123393316
E06000030,Swindon,Bisexual,Disabled under the Equality Act: Day-to-day activities limited a little,537,233400,0.2300771208226221
E06000030,Swindon,Bisexual,Not disabled under the Equality Act,1594,233400,0.6829477292202228
E06000030,Swindon,All other sexual orientations,Does not apply,0,233400,0
E06000030,Swindon,All other sexual orientations,Disabled under the Equality Act: Day-to-day activities limited a lot,87,233400,0.037275064267352186
E06000030,Swindon,All other sexual orientations,Disabled under the Equality Act: Day-to-day activities limited a little,134,233400,0.05741216795201371
E06000030,Swindon,All other sexual orientations,Not disabled under the Equality Act,347,233400,0.14867180805484148
E06000030,Swindon,Not answered,Does not apply,0,233400,0
E06000030,Swindon,Not answered,Disabled under the Equality Act: Day-to-day activities limited a lot,1298,233400,0.5561268209083119
E06000030,Swindon,Not answered,Disabled under the Equality Act: Day-to-day activities limited a little,1506,233400,0.6452442159383034
E06000030,Swindon,Not answered,Not disabled under the Equality Act,10367,233400,4.441730934018851
E06000031,Peterborough,Does not apply,Does not apply,0,215700,0
E06000031,Peterborough,Does not apply,Disabled under the Equality Act: Day-to-day activities limited a lot,0,215700,0
E06000031,Peterborough,Does not apply,Disabled under the Equality Act: Day-to-day activities limited a little,0,215700,0
E06000031,Peterborough,Does not apply,Not disabled under the Equality Act,0,215700,0
E06000031,Peterborough,Straight or Heterosexual,Does not apply,0,215700,0
E06000031,Peterborough,Straight or Heterosexual,Disabled under the Equality Act: Day-to-day activities limited a lot,11832,215700,5.485396383866481
E06000031,Peterborough,Straight or Heterosexual,Disabled under the Equality Act: Day-to-day activities limited a little,16360,215700,7.584608252202132
E06000031,Peterborough,Straight or Heterosexual,Not disabled under the Equality Act,121250,215700,56.21233194251275
E06000031,Peterborough,Gay or Lesbian,Does not apply,0,215700,0
E06000031,Peterborough,Gay or Lesbian,Disabled under the Equality Act: Day-to-day activities limited a lot,166,215700,0.07695873898933704
E06000031,Peterborough,Gay or Lesbian,Disabled under the Equality Act: Day-to-day activities limited a little,288,215700,0.13351877607788595
E06000031,Peterborough,Gay or Lesbian,Not disabled under the Equality Act,1435,215700,0.665275846082522
E06000031,Peterborough,Bisexual,Does not apply,0,215700,0
E06000031,Peterborough,Bisexual,Disabled under the Equality Act: Day-to-day activities limited a lot,214,215700,0.09921186833565136
E06000031,Peterborough,Bisexual,Disabled under the Equality Act: Day-to-day activities limited a little,437,215700,0.20259619842373666
E06000031,Peterborough,Bisexual,Not disabled under the Equality Act,1316,215700,0.6101066295781178
E06000031,Peterborough,All other sexual orientations,Does not apply,0,215700,0
E06000031,Peterborough,All other sexual orientations,Disabled under the Equality Act: Day-to-day activities limited a lot,80,215700,0.03708854891052388
E06000031,Peterborough,All other sexual orientations,Disabled under the Equality Act: Day-to-day activities limited a little,113,215700,0.052387575336114975
E06000031,Peterborough,All other sexual orientations,Not disabled under the Equality Act,520,215700,0.2410755679184052
E06000031,Peterborough,Not answered,Does not apply,0,215700,0
E06000031,Peterborough,Not answered,Disabled under the Equality Act: Day-to-day activities limited a lot,1389,215700,0.6439499304589708
E06000031,Peterborough,Not answered,Disabled under the Equality Act: Day-to-day activities limited a little,1402,215700,0.6499768196569309
E06000031,Peterborough,Not answered,Not disabled under the Equality Act,10775,215700,4.995363931386184
E06000032,Luton,Does not apply,Does not apply,0,225300,0
E06000032,Luton,Does not apply,Disabled under the Equality Act: Day-to-day activities limited a lot,0,225300,0
E06000032,Luton,Does not apply,Disabled under the Equality Act: Day-to-day activities limited a little,0,225300,0
E06000032,Luton,Does not apply,Not disabled under the Equality Act,0,225300,0
E06000032,Luton,Straight or Heterosexual,Does not apply,0,225300,0
E06000032,Luton,Straight or Heterosexual,Disabled under the Equality Act: Day-to-day activities limited a lot,10958,225300,4.863737239236573
E06000032,Luton,Straight or Heterosexual,Disabled under the Equality Act: Day-to-day activities limited a little,13514,225300,5.998224589436307
E06000032,Luton,Straight or Heterosexual,Not disabled under the Equality Act,127268,225300,56.48823790501554
E06000032,Luton,Gay or Lesbian,Does not apply,0,225300,0
E06000032,Luton,Gay or Lesbian,Disabled under the Equality Act: Day-to-day activities limited a lot,115,225300,0.05104305370616955
E06000032,Luton,Gay or Lesbian,Disabled under the Equality Act: Day-to-day activities limited a little,227,225300,0.10075454948956947
E06000032,Luton,Gay or Lesbian,Not disabled under the Equality Act,1078,225300,0.47847314691522413
E06000032,Luton,Bisexual,Does not apply,0,225300,0
E06000032,Luton,Bisexual,Disabled under the Equality Act: Day-to-day activities limited a lot,120,225300,0.05326231691078562
E06000032,Luton,Bisexual,Disabled under the Equality Act: Day-to-day activities limited a little,255,225300,0.11318242343541944
E06000032,Luton,Bisexual,Not disabled under the Equality Act,1377,225300,0.611185086551265
E06000032,Luton,All other sexual orientations,Does not apply,0,225300,0
E06000032,Luton,All other sexual orientations,Disabled under the Equality Act: Day-to-day activities limited a lot,53,225300,0.023524189968930315
E06000032,Luton,All other sexual orientations,Disabled under the Equality Act: Day-to-day activities limited a little,91,225300,0.040390590324012425
E06000032,Luton,All other sexual orientations,Not disabled under the Equality Act,609,225300,0.27030625832223704
E06000032,Luton,Not answered,Does not apply,0,225300,0
E06000032,Luton,Not answered,Disabled under the Equality Act: Day-to-day activities limited a lot,1458,225300,0.6471371504660453
E06000032,Luton,Not answered,Disabled under the Equality Act: Day-to-day activities limited a little,1399,225300,0.6209498446515757
E06000032,Luton,Not answered,Not disabled under the Equality Act,14177,225300,6.292498890368398
E06000033,Southend-on-Sea,Does not apply,Does not apply,0,180700,0
E06000033,Southend-on-Sea,Does not apply,Disabled under the Equality Act: Day-to-day activities limited a lot,0,180700,0
E06000033,Southend-on-Sea,Does not apply,Disabled under the Equality Act: Day-to-day activities limited a little,0,180700,0
E06000033,Southend-on-Sea,Does not apply,Not disabled under the Equality Act,0,180700,0
E06000033,Southend-on-Sea,Straight or Heterosexual,Does not apply,0,180700,0
E06000033,Southend-on-Sea,Straight or Heterosexual,Disabled under the Equality Act: Day-to-day activities limited a lot,11411,180700,6.314886552296624
E06000033,Southend-on-Sea,Straight or Heterosexual,Disabled under the Equality Act: Day-to-day activities limited a little,15330,180700,8.483674598782512
E06000033,Southend-on-Sea,Straight or Heterosexual,Not disabled under the Equality Act,104718,180700,57.95130049806309
E06000033,Southend-on-Sea,Gay or Lesbian,Does not apply,0,180700,0
E06000033,Southend-on-Sea,Gay or Lesbian,Disabled under the Equality Act: Day-to-day activities limited a lot,209,180700,0.11566131710016603
E06000033,Southend-on-Sea,Gay or Lesbian,Disabled under the Equality Act: Day-to-day activities limited a little,368,180700,0.2036524626452684
E06000033,Southend-on-Sea,Gay or Lesbian,Not disabled under the Equality Act,1765,180700,0.9767570558937465
E06000033,Southend-on-Sea,Bisexual,Does not apply,0,180700,0
E06000033,Southend-on-Sea,Bisexual,Disabled under the Equality Act: Day-to-day activities limited a lot,244,180700,0.13503043718871058
E06000033,Southend-on-Sea,Bisexual,Disabled under the Equality Act: Day-to-day activities limited a little,482,180700,0.2667404537908135
E06000033,Southend-on-Sea,Bisexual,Not disabled under the Equality Act,1193,180700,0.6602102933038185
E06000033,Southend-on-Sea,All other sexual orientations,Does not apply,0,180700,0
E06000033,Southend-on-Sea,All other sexual orientations,Disabled under the Equality Act: Day-to-day activities limited a lot,98,180700,0.054233536247924735
E06000033,Southend-on-Sea,All other sexual orientations,Disabled under the Equality Act: Day-to-day activities limited a little,107,180700,0.05921416712783619
E06000033,Southend-on-Sea,All other sexual orientations,Not disabled under the Equality Act,263,180700,0.14554510237963475
E06000033,Southend-on-Sea,Not answered,Does not apply,0,180700,0
E06000033,Southend-on-Sea,Not answered,Disabled under the Equality Act: Day-to-day activities limited a lot,1164,180700,0.6441615938018815
E06000033,Southend-on-Sea,Not answered,Disabled under the Equality Act: Day-to-day activities limited a little,1356,180700,0.750415052573326
E06000033,Southend-on-Sea,Not answered,Not disabled under the Equality Act,7703,180700,4.262866629773105
E06000034,Thurrock,Does not apply,Does not apply,0,176000,0
E06000034,Thurrock,Does not apply,Disabled under the Equality Act: Day-to-day activities limited a lot,0,176000,0
E06000034,Thurrock,Does not apply,Disabled under the Equality Act: Day-to-day activities limited a little,0,176000,0
E06000034,Thurrock,Does not apply,Not disabled under the Equality Act,0,176000,0
E06000034,Thurrock,Straight or Heterosexual,Does not apply,0,176000,0
E06000034,Thurrock,Straight or Heterosexual,Disabled under the Equality Act: Day-to-day activities limited a lot,8755,176000,4.974431818181818
E06000034,Thurrock,Straight or Heterosexual,Disabled under the Equality Act: Day-to-day activities limited a little,12095,176000,6.872159090909091
E06000034,Thurrock,Straight or Heterosexual,Not disabled under the Equality Act,103833,176000,58.996022727272724
E06000034,Thurrock,Gay or Lesbian,Does not apply,0,176000,0
E06000034,Thurrock,Gay or Lesbian,Disabled under the Equality Act: Day-to-day activities limited a lot,99,176000,0.05625
E06000034,Thurrock,Gay or Lesbian,Disabled under the Equality Act: Day-to-day activities limited a little,166,176000,0.09431818181818181
E06000034,Thurrock,Gay or Lesbian,Not disabled under the Equality Act,993,176000,0.5642045454545455
E06000034,Thurrock,Bisexual,Does not apply,0,176000,0
E06000034,Thurrock,Bisexual,Disabled under the Equality Act: Day-to-day activities limited a lot,85,176000,0.048295454545454544
E06000034,Thurrock,Bisexual,Disabled under the Equality Act: Day-to-day activities limited a little,248,176000,0.1409090909090909
E06000034,Thurrock,Bisexual,Not disabled under the Equality Act,762,176000,0.4329545454545455
E06000034,Thurrock,All other sexual orientations,Does not apply,0,176000,0
E06000034,Thurrock,All other sexual orientations,Disabled under the Equality Act: Day-to-day activities limited a lot,37,176000,0.021022727272727273
E06000034,Thurrock,All other sexual orientations,Disabled under the Equality Act: Day-to-day activities limited a little,66,176000,0.0375
E06000034,Thurrock,All other sexual orientations,Not disabled under the Equality Act,272,176000,0.15454545454545454
E06000034,Thurrock,Not answered,Does not apply,0,176000,0
E06000034,Thurrock,Not answered,Disabled under the Equality Act: Day-to-day activities limited a lot,762,176000,0.4329545454545455
E06000034,Thurrock,Not answered,Disabled under the Equality Act: Day-to-day activities limited a little,849,176000,0.4823863636363636
E06000034,Thurrock,Not answered,Not disabled under the Equality Act,7343,176000,4.172159090909091
E06000035,Medway,Does not apply,Does not apply,0,279800,0
E06000035,Medway,Does not apply,Disabled under the Equality Act: Day-to-day activities limited a lot,0,279800,0
E06000035,Medway,Does not apply,Disabled under the Equality Act: Day-to-day activities limited a little,0,279800,0
E06000035,Medway,Does not apply,Not disabled under the Equality Act,0,279800,0
E06000035,Medway,Straight or Heterosexual,Does not apply,0,279800,0
E06000035,Medway,Straight or Heterosexual,Disabled under the Equality Act: Day-to-day activities limited a lot,16244,279800,5.805575411007863
E06000035,Medway,Straight or Heterosexual,Disabled under the Equality Act: Day-to-day activities limited a little,22808,279800,8.151536812008578
E06000035,Medway,Straight or Heterosexual,Not disabled under the Equality Act,162643,279800,58.12830593280915
E06000035,Medway,Gay or Lesbian,Does not apply,0,279800,0
E06000035,Medway,Gay or Lesbian,Disabled under the Equality Act: Day-to-day activities limited a lot,256,279800,0.091493924231594
E06000035,Medway,Gay or Lesbian,Disabled under the Equality Act: Day-to-day activities limited a little,429,279800,0.15332380271622587
E06000035,Medway,Gay or Lesbian,Not disabled under the Equality Act,2294,279800,0.8198713366690493
E06000035,Medway,Bisexual,Does not apply,0,279800,0
E06000035,Medway,Bisexual,Disabled under the Equality Act: Day-to-day activities limited a lot,309,279800,0.11043602573266618
E06000035,Medway,Bisexual,Disabled under the Equality Act: Day-to-day activities limited a little,645,279800,0.2305218012866333
E06000035,Medway,Bisexual,Not disabled under the Equality Act,1574,279800,0.5625446747676912
E06000035,Medway,All other sexual orientations,Does not apply,0,279800,0
E06000035,Medway,All other sexual orientations,Disabled under the Equality Act: Day-to-day activities limited a lot,107,279800,0.03824160114367405
E06000035,Medway,All other sexual orientations,Disabled under the Equality Act: Day-to-day activities limited a little,174,279800,0.062187276626161546
E06000035,Medway,All other sexual orientations,Not disabled under the Equality Act,393,279800,0.14045746962115796
E06000035,Medway,Not answered,Does not apply,0,279800,0
E06000035,Medway,Not answered,Disabled under the Equality Act: Day-to-day activities limited a lot,1555,279800,0.5557541100786276
E06000035,Medway,Not answered,Disabled under the Equality Act: Day-to-day activities limited a little,1751,279800,0.6258041458184418
E06000035,Medway,Not answered,Not disabled under the Equality Act,11577,279800,4.137598284488921
E06000036,Bracknell Forest,Does not apply,Does not apply,0,124600,0
E06000036,Bracknell Forest,Does not apply,Disabled under the Equality Act: Day-to-day activities limited a lot,0,124600,0
E06000036,Bracknell Forest,Does not apply,Disabled under the Equality Act: Day-to-day activities limited a little,0,124600,0
E06000036,Bracknell Forest,Does not apply,Not disabled under the Equality Act,0,124600,0
E06000036,Bracknell Forest,Straight or Heterosexual,Does not apply,0,124600,0
E06000036,Bracknell Forest,Straight or Heterosexual,Disabled under the Equality Act: Day-to-day activities limited a lot,4738,124600,3.802568218298555
E06000036,Bracknell Forest,Straight or Heterosexual,Disabled under the Equality Act: Day-to-day activities limited a little,8676,124600,6.963081861958266
E06000036,Bracknell Forest,Straight or Heterosexual,Not disabled under the Equality Act,77887,124600,62.509630818619584
E06000036,Bracknell Forest,Gay or Lesbian,Does not apply,0,124600,0
E06000036,Bracknell Forest,Gay or Lesbian,Disabled under the Equality Act: Day-to-day activities limited a lot,84,124600,0.06741573033707865
E06000036,Bracknell Forest,Gay or Lesbian,Disabled under the Equality Act: Day-to-day activities limited a little,170,124600,0.13643659711075443
E06000036,Bracknell Forest,Gay or Lesbian,Not disabled under the Equality Act,1069,124600,0.8579454253611557
E06000036,Bracknell Forest,Bisexual,Does not apply,0,124600,0
E06000036,Bracknell Forest,Bisexual,Disabled under the Equality Act: Day-to-day activities limited a lot,97,124600,0.07784911717495988
E06000036,Bracknell Forest,Bisexual,Disabled under the Equality Act: Day-to-day activities limited a little,246,124600,0.19743178170144463
E06000036,Bracknell Forest,Bisexual,Not disabled under the Equality Act,688,124600,0.5521669341894061
E06000036,Bracknell Forest,All other sexual orientations,Does not apply,0,124600,0
E06000036,Bracknell Forest,All other sexual orientations,Disabled under the Equality Act: Day-to-day activities limited a lot,33,124600,0.026484751203852328
E06000036,Bracknell Forest,All other sexual orientations,Disabled under the Equality Act: Day-to-day activities limited a little,55,124600,0.044141252006420544
E06000036,Bracknell Forest,All other sexual orientations,Not disabled under the Equality Act,173,124600,0.13884430176565007
E06000036,Bracknell Forest,Not answered,Does not apply,0,124600,0
E06000036,Bracknell Forest,Not answered,Disabled under the Equality Act: Day-to-day activities limited a lot,454,124600,0.36436597110754415
E06000036,Bracknell Forest,Not answered,Disabled under the Equality Act: Day-to-day activities limited a little,601,124600,0.4823434991974318
E06000036,Bracknell Forest,Not answered,Not disabled under the Equality Act,4960,124600,3.980738362760835
E06000037,West Berkshire,Does not apply,Does not apply,0,161400,0
E06000037,West Berkshire,Does not apply,Disabled under the Equality Act: Day-to-day activities limited a lot,0,161400,0
E06000037,West Berkshire,Does not apply,Disabled under the Equality Act: Day-to-day activities limited a little,0,161400,0
E06000037,West Berkshire,Does not apply,Not disabled under the Equality Act,0,161400,0
E06000037,West Berkshire,Straight or Heterosexual,Does not apply,0,161400,0
E06000037,West Berkshire,Straight or Heterosexual,Disabled under the Equality Act: Day-to-day activities limited a lot,6422,161400,3.9789343246592317
E06000037,West Berkshire,Straight or Heterosexual,Disabled under the Equality Act: Day-to-day activities limited a little,12661,161400,7.844485749690211
E06000037,West Berkshire,Straight or Heterosexual,Not disabled under the Equality Act,100175,161400,62.06629491945477
E06000037,West Berkshire,Gay or Lesbian,Does not apply,0,161400,0
E06000037,West Berkshire,Gay or Lesbian,Disabled under the Equality Act: Day-to-day activities limited a lot,81,161400,0.05018587360594796
E06000037,West Berkshire,Gay or Lesbian,Disabled under the Equality Act: Day-to-day activities limited a little,209,161400,0.1294919454770756
E06000037,West Berkshire,Gay or Lesbian,Not disabled under the Equality Act,1129,161400,0.6995043370508055
E06000037,West Berkshire,Bisexual,Does not apply,0,161400,0
E06000037,West Berkshire,Bisexual,Disabled under the Equality Act: Day-to-day activities limited a lot,115,161400,0.07125154894671623
E06000037,West Berkshire,Bisexual,Disabled under the Equality Act: Day-to-day activities limited a little,311,161400,0.1926889714993804
E06000037,West Berkshire,Bisexual,Not disabled under the Equality Act,868,161400,0.5377942998760843
E06000037,West Berkshire,All other sexual orientations,Does not apply,0,161400,0
E06000037,West Berkshire,All other sexual orientations,Disabled under the Equality Act: Day-to-day activities limited a lot,27,161400,0.016728624535315983
E06000037,West Berkshire,All other sexual orientations,Disabled under the Equality Act: Day-to-day activities limited a little,88,161400,0.05452292441140025
E06000037,West Berkshire,All other sexual orientations,Not disabled under the Equality Act,191,161400,0.11833952912019827
E06000037,West Berkshire,Not answered,Does not apply,0,161400,0
E06000037,West Berkshire,Not answered,Disabled under the Equality Act: Day-to-day activities limited a lot,858,161400,0.5315985130111525
E06000037,West Berkshire,Not answered,Disabled under the Equality Act: Day-to-day activities limited a little,965,161400,0.5978934324659232
E06000037,West Berkshire,Not answered,Not disabled under the Equality Act,6636,161400,4.111524163568773
E06000038,Reading,Does not apply,Does not apply,0,174200,0
E06000038,Reading,Does not apply,Disabled under the Equality Act: Day-to-day activities limited a lot,0,174200,0
E06000038,Reading,Does not apply,Disabled under the Equality Act: Day-to-day activities limited a little,0,174200,0
E06000038,Reading,Does not apply,Not disabled under the Equality Act,0,174200,0
E06000038,Reading,Straight or Heterosexual,Does not apply,0,174200,0
E06000038,Reading,Straight or Heterosexual,Disabled under the Equality Act: Day-to-day activities limited a lot,6683,174200,3.8363949483352466
E06000038,Reading,Straight or Heterosexual,Disabled under the Equality Act: Day-to-day activities limited a little,11432,174200,6.562571756601607
E06000038,Reading,Straight or Heterosexual,Not disabled under the Equality Act,104616,174200,60.05510907003444
E06000038,Reading,Gay or Lesbian,Does not apply,0,174200,0
E06000038,Reading,Gay or Lesbian,Disabled under the Equality Act: Day-to-day activities limited a lot,134,174200,0.07692307692307693
E06000038,Reading,Gay or Lesbian,Disabled under the Equality Act: Day-to-day activities limited a little,357,174200,0.20493685419058552
E06000038,Reading,Gay or Lesbian,Not disabled under the Equality Act,1804,174200,1.0355912743972446
E06000038,Reading,Bisexual,Does not apply,0,174200,0
E06000038,Reading,Bisexual,Disabled under the Equality Act: Day-to-day activities limited a lot,201,174200,0.11538461538461539
E06000038,Reading,Bisexual,Disabled under the Equality Act: Day-to-day activities limited a little,679,174200,0.38978185993111364
E06000038,Reading,Bisexual,Not disabled under the Equality Act,1911,174200,1.0970149253731343
E06000038,Reading,All other sexual orientations,Does not apply,0,174200,0
E06000038,Reading,All other sexual orientations,Disabled under the Equality Act: Day-to-day activities limited a lot,61,174200,0.03501722158438576
E06000038,Reading,All other sexual orientations,Disabled under the Equality Act: Day-to-day activities limited a little,188,174200,0.1079219288174512
E06000038,Reading,All other sexual orientations,Not disabled under the Equality Act,555,174200,0.3185993111366246
E06000038,Reading,Not answered,Does not apply,0,174200,0
E06000038,Reading,Not answered,Disabled under the Equality Act: Day-to-day activities limited a lot,1082,174200,0.6211251435132032
E06000038,Reading,Not answered,Disabled under the Equality Act: Day-to-day activities limited a little,1225,174200,0.7032146957520092
E06000038,Reading,Not answered,Not disabled under the Equality Act,10431,174200,5.987944890929966
E06000039,Slough,Does not apply,Does not apply,0,158500,0
E06000039,Slough,Does not apply,Disabled under the Equality Act: Day-to-day activities limited a lot,0,158500,0
E06000039,Slough,Does not apply,Disabled under the Equality Act: Day-to-day activities limited a little,0,158500,0
E06000039,Slough,Does not apply,Not disabled under the Equality Act,0,158500,0
E06000039,Slough,Straight or Heterosexual,Does not apply,0,158500,0
E06000039,Slough,Straight or Heterosexual,Disabled under the Equality Act: Day-to-day activities limited a lot,6158,158500,3.8851735015772872
E06000039,Slough,Straight or Heterosexual,Disabled under the Equality Act: Day-to-day activities limited a little,7979,158500,5.034069400630915
E06000039,Slough,Straight or Heterosexual,Not disabled under the Equality Act,90806,158500,57.29085173501577
E06000039,Slough,Gay or Lesbian,Does not apply,0,158500,0
E06000039,Slough,Gay or Lesbian,Disabled under the Equality Act: Day-to-day activities limited a lot,73,158500,0.04605678233438486
E06000039,Slough,Gay or Lesbian,Disabled under the Equality Act: Day-to-day activities limited a little,85,158500,0.05362776025236593
E06000039,Slough,Gay or Lesbian,Not disabled under the Equality Act,650,158500,0.41009463722397477
E06000039,Slough,Bisexual,Does not apply,0,158500,0
E06000039,Slough,Bisexual,Disabled under the Equality Act: Day-to-day activities limited a lot,63,158500,0.03974763406940063
E06000039,Slough,Bisexual,Disabled under the Equality Act: Day-to-day activities limited a little,162,158500,0.10220820189274447
E06000039,Slough,Bisexual,Not disabled under the Equality Act,870,158500,0.5488958990536278
E06000039,Slough,All other sexual orientations,Does not apply,0,158500,0
E06000039,Slough,All other sexual orientations,Disabled under the Equality Act: Day-to-day activities limited a lot,32,158500,0.02018927444794953
E06000039,Slough,All other sexual orientations,Disabled under the Equality Act: Day-to-day activities limited a little,48,158500,0.03028391167192429
E06000039,Slough,All other sexual orientations,Not disabled under the Equality Act,331,158500,0.2088328075709779
E06000039,Slough,Not answered,Does not apply,0,158500,0
E06000039,Slough,Not answered,Disabled under the Equality Act: Day-to-day activities limited a lot,793,158500,0.5003154574132492
E06000039,Slough,Not answered,Disabled under the Equality Act: Day-to-day activities limited a little,859,158500,0.5419558359621451
E06000039,Slough,Not answered,Not disabled under the Equality Act,10025,158500,6.3249211356466875
E06000040,Windsor and Maidenhead,Does not apply,Does not apply,0,153500,0
E06000040,Windsor and Maidenhead,Does not apply,Disabled under the Equality Act: Day-to-day activities limited a lot,0,153500,0
E06000040,Windsor and Maidenhead,Does not apply,Disabled under the Equality Act: Day-to-day activities limited a little,0,153500,0
E06000040,Windsor and Maidenhead,Does not apply,Not disabled under the Equality Act,0,153500,0
E06000040,Windsor and Maidenhead,Straight or Heterosexual,Does not apply,0,153500,0
E06000040,Windsor and Maidenhead,Straight or Heterosexual,Disabled under the Equality Act: Day-to-day activities limited a lot,5778,153500,3.7641693811074917
E06000040,Windsor and Maidenhead,Straight or Heterosexual,Disabled under the Equality Act: Day-to-day activities limited a little,9606,153500,6.257980456026059
E06000040,Windsor and Maidenhead,Straight or Heterosexual,Not disabled under the Equality Act,96827,153500,63.07947882736156
E06000040,Windsor and Maidenhead,Gay or Lesbian,Does not apply,0,153500,0
E06000040,Windsor and Maidenhead,Gay or Lesbian,Disabled under the Equality Act: Day-to-day activities limited a lot,65,153500,0.04234527687296417
E06000040,Windsor and Maidenhead,Gay or Lesbian,Disabled under the Equality Act: Day-to-day activities limited a little,175,153500,0.11400651465798045
E06000040,Windsor and Maidenhead,Gay or Lesbian,Not disabled under the Equality Act,1343,153500,0.8749185667752443
E06000040,Windsor and Maidenhead,Bisexual,Does not apply,0,153500,0
E06000040,Windsor and Maidenhead,Bisexual,Disabled under the Equality Act: Day-to-day activities limited a lot,71,153500,0.04625407166123779
E06000040,Windsor and Maidenhead,Bisexual,Disabled under the Equality Act: Day-to-day activities limited a little,222,153500,0.14462540716612377
E06000040,Windsor and Maidenhead,Bisexual,Not disabled under the Equality Act,717,153500,0.4671009771986971
E06000040,Windsor and Maidenhead,All other sexual orientations,Does not apply,0,153500,0
E06000040,Windsor and Maidenhead,All other sexual orientations,Disabled under the Equality Act: Day-to-day activities limited a lot,38,153500,0.024755700325732898
E06000040,Windsor and Maidenhead,All other sexual orientations,Disabled under the Equality Act: Day-to-day activities limited a little,52,153500,0.033876221498371335
E06000040,Windsor and Maidenhead,All other sexual orientations,Not disabled under the Equality Act,168,153500,0.10944625407166124
E06000040,Windsor and Maidenhead,Not answered,Does not apply,0,153500,0
E06000040,Windsor and Maidenhead,Not answered,Disabled under the Equality Act: Day-to-day activities limited a lot,732,153500,0.47687296416938113
E06000040,Windsor and Maidenhead,Not answered,Disabled under the Equality Act: Day-to-day activities limited a little,762,153500,0.49641693811074916
E06000040,Windsor and Maidenhead,Not answered,Not disabled under the Equality Act,7119,153500,4.637785016286645
E06000041,Wokingham,Does not apply,Does not apply,0,177500,0
E06000041,Wokingham,Does not apply,Disabled under the Equality Act: Day-to-day activities limited a lot,0,177500,0
E06000041,Wokingham,Does not apply,Disabled under the Equality Act: Day-to-day activities limited a little,0,177500,0
E06000041,Wokingham,Does not apply,Not disabled under the Equality Act,0,177500,0
E06000041,Wokingham,Straight or Heterosexual,Does not apply,0,177500,0
E06000041,Wokingham,Straight or Heterosexual,Disabled under the Equality Act: Day-to-day activities limited a lot,5946,177500,3.3498591549295775
E06000041,Wokingham,Straight or Heterosexual,Disabled under the Equality Act: Day-to-day activities limited a little,11902,177500,6.7053521126760565
E06000041,Wokingham,Straight or Heterosexual,Not disabled under the Equality Act,110578,177500,62.29746478873239
E06000041,Wokingham,Gay or Lesbian,Does not apply,0,177500,0
E06000041,Wokingham,Gay or Lesbian,Disabled under the Equality Act: Day-to-day activities limited a lot,52,177500,0.029295774647887324
E06000041,Wokingham,Gay or Lesbian,Disabled under the Equality Act: Day-to-day activities limited a little,199,177500,0.11211267605633803
E06000041,Wokingham,Gay or Lesbian,Not disabled under the Equality Act,1216,177500,0.6850704225352112
E06000041,Wokingham,Bisexual,Does not apply,0,177500,0
E06000041,Wokingham,Bisexual,Disabled under the Equality Act: Day-to-day activities limited a lot,103,177500,0.05802816901408451
E06000041,Wokingham,Bisexual,Disabled under the Equality Act: Day-to-day activities limited a little,301,177500,0.1695774647887324
E06000041,Wokingham,Bisexual,Not disabled under the Equality Act,907,177500,0.5109859154929578
E06000041,Wokingham,All other sexual orientations,Does not apply,0,177500,0
E06000041,Wokingham,All other sexual orientations,Disabled under the Equality Act: Day-to-day activities limited a lot,41,177500,0.023098591549295774
E06000041,Wokingham,All other sexual orientations,Disabled under the Equality Act: Day-to-day activities limited a little,80,177500,0.04507042253521127
E06000041,Wokingham,All other sexual orientations,Not disabled under the Equality Act,243,177500,0.13690140845070423
E06000041,Wokingham,Not answered,Does not apply,0,177500,0
E06000041,Wokingham,Not answered,Disabled under the Equality Act: Day-to-day activities limited a lot,764,177500,0.4304225352112676
E06000041,Wokingham,Not answered,Disabled under the Equality Act: Day-to-day activities limited a little,902,177500,0.508169014084507
E06000041,Wokingham,Not answered,Not disabled under the Equality Act,7587,177500,4.274366197183099
E06000042,Milton Keynes,Does not apply,Does not apply,0,287000,0
E06000042,Milton Keynes,Does not apply,Disabled under the Equality Act: Day-to-day activities limited a lot,0,287000,0
E06000042,Milton Keynes,Does not apply,Disabled under the Equality Act: Day-to-day activities limited a little,0,287000,0
E06000042,Milton Keynes,Does not apply,Not disabled under the Equality Act,0,287000,0
E06000042,Milton Keynes,Straight or Heterosexual,Does not apply,0,287000,0
E06000042,Milton Keynes,Straight or Heterosexual,Disabled under the Equality Act: Day-to-day activities limited a lot,13532,287000,4.714982578397213
E06000042,Milton Keynes,Straight or Heterosexual,Disabled under the Equality Act: Day-to-day activities limited a little,20523,287000,7.150871080139373
E06000042,Milton Keynes,Straight or Heterosexual,Not disabled under the Equality Act,168027,287000,58.54599303135888
E06000042,Milton Keynes,Gay or Lesbian,Does not apply,0,287000,0
E06000042,Milton Keynes,Gay or Lesbian,Disabled under the Equality Act: Day-to-day activities limited a lot,207,287000,0.07212543554006969
E06000042,Milton Keynes,Gay or Lesbian,Disabled under the Equality Act: Day-to-day activities limited a little,432,287000,0.1505226480836237
E06000042,Milton Keynes,Gay or Lesbian,Not disabled under the Equality Act,2117,287000,0.7376306620209059
E06000042,Milton Keynes,Bisexual,Does not apply,0,287000,0
E06000042,Milton Keynes,Bisexual,Disabled under the Equality Act: Day-to-day activities limited a lot,300,287000,0.10452961672473868
E06000042,Milton Keynes,Bisexual,Disabled under the Equality Act: Day-to-day activities limited a little,642,287000,0.22369337979094076
E06000042,Milton Keynes,Bisexual,Not disabled under the Equality Act,1864,287000,0.6494773519163763
E06000042,Milton Keynes,All other sexual orientations,Does not apply,0,287000,0
E06000042,Milton Keynes,All other sexual orientations,Disabled under the Equality Act: Day-to-day activities limited a lot,88,287000,0.030662020905923345
E06000042,Milton Keynes,All other sexual orientations,Disabled under the Equality Act: Day-to-day activities limited a little,173,287000,0.060278745644599306
E06000042,Milton Keynes,All other sexual orientations,Not disabled under the Equality Act,515,287000,0.1794425087108014
E06000042,Milton Keynes,Not answered,Does not apply,0,287000,0
E06000042,Milton Keynes,Not answered,Disabled under the Equality Act: Day-to-day activities limited a lot,1421,287000,0.4951219512195122
E06000042,Milton Keynes,Not answered,Disabled under the Equality Act: Day-to-day activities limited a little,1640,287000,0.5714285714285714
E06000042,Milton Keynes,Not answered,Not disabled under the Equality Act,13347,287000,4.650522648083624
E06000043,Brighton and Hove,Does not apply,Does not apply,0,277200,0
E06000043,Brighton and Hove,Does not apply,Disabled under the Equality Act: Day-to-day activities limited a lot,0,277200,0
E06000043,Brighton and Hove,Does not apply,Disabled under the Equality Act: Day-to-day activities limited a little,0,277200,0
E06000043,Brighton and Hove,Does not apply,Not disabled under the Equality Act,0,277200,0
E06000043,Brighton and Hove,Straight or Heterosexual,Does not apply,0,277200,0
E06000043,Brighton and Hove,Straight or Heterosexual,Disabled under the Equality Act: Day-to-day activities limited a lot,14565,277200,5.254329004329004
E06000043,Brighton and Hove,Straight or Heterosexual,Disabled under the Equality Act: Day-to-day activities limited a little,21776,277200,7.855699855699855
E06000043,Brighton and Hove,Straight or Heterosexual,Not disabled under the Equality Act,153404,277200,55.34054834054834
E06000043,Brighton and Hove,Gay or Lesbian,Does not apply,0,277200,0
E06000043,Brighton and Hove,Gay or Lesbian,Disabled under the Equality Act: Day-to-day activities limited a lot,1168,277200,0.4213564213564214
E06000043,Brighton and Hove,Gay or Lesbian,Disabled under the Equality Act: Day-to-day activities limited a little,2226,277200,0.803030303030303
E06000043,Brighton and Hove,Gay or Lesbian,Not disabled under the Equality Act,10332,277200,3.727272727272727
E06000043,Brighton and Hove,Bisexual,Does not apply,0,277200,0
E06000043,Brighton and Hove,Bisexual,Disabled under the Equality Act: Day-to-day activities limited a lot,879,277200,0.3170995670995671
E06000043,Brighton and Hove,Bisexual,Disabled under the Equality Act: Day-to-day activities limited a little,2430,277200,0.8766233766233766
E06000043,Brighton and Hove,Bisexual,Not disabled under the Equality Act,5607,277200,2.022727272727273
E06000043,Brighton and Hove,All other sexual orientations,Does not apply,0,277200,0
E06000043,Brighton and Hove,All other sexual orientations,Disabled under the Equality Act: Day-to-day activities limited a lot,374,277200,0.1349206349206349
E06000043,Brighton and Hove,All other sexual orientations,Disabled under the Equality Act: Day-to-day activities limited a little,759,277200,0.27380952380952384
E06000043,Brighton and Hove,All other sexual orientations,Not disabled under the Equality Act,1472,277200,0.5310245310245311
E06000043,Brighton and Hove,Not answered,Does not apply,0,277200,0
E06000043,Brighton and Hove,Not answered,Disabled under the Equality Act: Day-to-day activities limited a lot,2149,277200,0.7752525252525253
E06000043,Brighton and Hove,Not answered,Disabled under the Equality Act: Day-to-day activities limited a little,2553,277200,0.920995670995671
E06000043,Brighton and Hove,Not answered,Not disabled under the Equality Act,15673,277200,5.654040404040404
E06000044,Portsmouth,Does not apply,Does not apply,0,208100,0
E06000044,Portsmouth,Does not apply,Disabled under the Equality Act: Day-to-day activities limited a lot,0,208100,0
E06000044,Portsmouth,Does not apply,Disabled under the Equality Act: Day-to-day activities limited a little,0,208100,0
E06000044,Portsmouth,Does not apply,Not disabled under the Equality Act,0,208100,0
E06000044,Portsmouth,Straight or Heterosexual,Does not apply,0,208100,0
E06000044,Portsmouth,Straight or Heterosexual,Disabled under the Equality Act: Day-to-day activities limited a lot,11724,208100,5.633829889476213
E06000044,Portsmouth,Straight or Heterosexual,Disabled under the Equality Act: Day-to-day activities limited a little,16931,208100,8.135992311388755
E06000044,Portsmouth,Straight or Heterosexual,Not disabled under the Equality Act,121113,208100,58.19942335415666
E06000044,Portsmouth,Gay or Lesbian,Does not apply,0,208100,0
E06000044,Portsmouth,Gay or Lesbian,Disabled under the Equality Act: Day-to-day activities limited a lot,272,208100,0.13070639115809707
E06000044,Portsmouth,Gay or Lesbian,Disabled under the Equality Act: Day-to-day activities limited a little,499,208100,0.23978856319077366
E06000044,Portsmouth,Gay or Lesbian,Not disabled under the Equality Act,2617,208100,1.2575684766938973
E06000044,Portsmouth,Bisexual,Does not apply,0,208100,0
E06000044,Portsmouth,Bisexual,Disabled under the Equality Act: Day-to-day activities limited a lot,348,208100,0.1672272945699183
E06000044,Portsmouth,Bisexual,Disabled under the Equality Act: Day-to-day activities limited a little,912,208100,0.4382508409418549
E06000044,Portsmouth,Bisexual,Not disabled under the Equality Act,2410,208100,1.158097068716963
E06000044,Portsmouth,All other sexual orientations,Does not apply,0,208100,0
E06000044,Portsmouth,All other sexual orientations,Disabled under the Equality Act: Day-to-day activities limited a lot,99,208100,0.04757328207592504
E06000044,Portsmouth,All other sexual orientations,Disabled under the Equality Act: Day-to-day activities limited a little,238,208100,0.11436809226333494
E06000044,Portsmouth,All other sexual orientations,Not disabled under the Equality Act,543,208100,0.26093224411340704
E06000044,Portsmouth,Not answered,Does not apply,0,208100,0
E06000044,Portsmouth,Not answered,Disabled under the Equality Act: Day-to-day activities limited a lot,1341,208100,0.6444017299375301
E06000044,Portsmouth,Not answered,Disabled under the Equality Act: Day-to-day activities limited a little,1620,208100,0.7784718885151369
E06000044,Portsmouth,Not answered,Not disabled under the Equality Act,10153,208100,4.878904372897646
E06000045,Southampton,Does not apply,Does not apply,0,249000,0
E06000045,Southampton,Does not apply,Disabled under the Equality Act: Day-to-day activities limited a lot,0,249000,0
E06000045,Southampton,Does not apply,Disabled under the Equality Act: Day-to-day activities limited a little,0,249000,0
E06000045,Southampton,Does not apply,Not disabled under the Equality Act,0,249000,0
E06000045,Southampton,Straight or Heterosexual,Does not apply,0,249000,0
E06000045,Southampton,Straight or Heterosexual,Disabled under the Equality Act: Day-to-day activities limited a lot,13580,249000,5.453815261044177
E06000045,Southampton,Straight or Heterosexual,Disabled under the Equality Act: Day-to-day activities limited a little,19987,249000,8.02690763052209
E06000045,Southampton,Straight or Heterosexual,Not disabled under the Equality Act,143750,249000,57.730923694779115
E06000045,Southampton,Gay or Lesbian,Does not apply,0,249000,0
E06000045,Southampton,Gay or Lesbian,Disabled under the Equality Act: Day-to-day activities limited a lot,309,249000,0.12409638554216867
E06000045,Southampton,Gay or Lesbian,Disabled under the Equality Act: Day-to-day activities limited a little,695,249000,0.2791164658634538
E06000045,Southampton,Gay or Lesbian,Not disabled under the Equality Act,3070,249000,1.2329317269076305
E06000045,Southampton,Bisexual,Does not apply,0,249000,0
E06000045,Southampton,Bisexual,Disabled under the Equality Act: Day-to-day activities limited a lot,453,249000,0.1819277108433735
E06000045,Southampton,Bisexual,Disabled under the Equality Act: Day-to-day activities limited a little,1286,249000,0.5164658634538153
E06000045,Southampton,Bisexual,Not disabled under the Equality Act,3091,249000,1.2413654618473895
E06000045,Southampton,All other sexual orientations,Does not apply,0,249000,0
E06000045,Southampton,All other sexual orientations,Disabled under the Equality Act: Day-to-day activities limited a lot,166,249000,0.06666666666666667
E06000045,Southampton,All other sexual orientations,Disabled under the Equality Act: Day-to-day activities limited a little,344,249000,0.13815261044176708
E06000045,Southampton,All other sexual orientations,Not disabled under the Equality Act,671,249000,0.26947791164658635
E06000045,Southampton,Not answered,Does not apply,0,249000,0
E06000045,Southampton,Not answered,Disabled under the Equality Act: Day-to-day activities limited a lot,1584,249000,0.636144578313253
E06000045,Southampton,Not answered,Disabled under the Equality Act: Day-to-day activities limited a little,2071,249000,0.831726907630522
E06000045,Southampton,Not answered,Not disabled under the Equality Act,13314,249000,5.346987951807229
E06000046,Isle of Wight,Does not apply,Does not apply,0,140400,0
E06000046,Isle of Wight,Does not apply,Disabled under the Equality Act: Day-to-day activities limited a lot,0,140400,0
E06000046,Isle of Wight,Does not apply,Disabled under the Equality Act: Day-to-day activities limited a little,0,140400,0
E06000046,Isle of Wight,Does not apply,Not disabled under the Equality Act,0,140400,0
E06000046,Isle of Wight,Straight or Heterosexual,Does not apply,0,140400,0
E06000046,Isle of Wight,Straight or Heterosexual,Disabled under the Equality Act: Day-to-day activities limited a lot,11074,140400,7.887464387464387
E06000046,Isle of Wight,Straight or Heterosexual,Disabled under the Equality Act: Day-to-day activities limited a little,15479,140400,11.024928774928775
E06000046,Isle of Wight,Straight or Heterosexual,Not disabled under the Equality Act,80442,140400,57.294871794871796
E06000046,Isle of Wight,Gay or Lesbian,Does not apply,0,140400,0
E06000046,Isle of Wight,Gay or Lesbian,Disabled under the Equality Act: Day-to-day activities limited a lot,160,140400,0.11396011396011396
E06000046,Isle of Wight,Gay or Lesbian,Disabled under the Equality Act: Day-to-day activities limited a little,282,140400,0.20085470085470086
E06000046,Isle of Wight,Gay or Lesbian,Not disabled under the Equality Act,1108,140400,0.7891737891737892
E06000046,Isle of Wight,Bisexual,Does not apply,0,140400,0
E06000046,Isle of Wight,Bisexual,Disabled under the Equality Act: Day-to-day activities limited a lot,217,140400,0.15455840455840456
E06000046,Isle of Wight,Bisexual,Disabled under the Equality Act: Day-to-day activities limited a little,423,140400,0.30128205128205127
E06000046,Isle of Wight,Bisexual,Not disabled under the Equality Act,775,140400,0.551994301994302
E06000046,Isle of Wight,All other sexual orientations,Does not apply,0,140400,0
E06000046,Isle of Wight,All other sexual orientations,Disabled under the Equality Act: Day-to-day activities limited a lot,64,140400,0.045584045584045586
E06000046,Isle of Wight,All other sexual orientations,Disabled under the Equality Act: Day-to-day activities limited a little,89,140400,0.0633903133903134
E06000046,Isle of Wight,All other sexual orientations,Not disabled under the Equality Act,167,140400,0.11894586894586895
E06000046,Isle of Wight,Not answered,Does not apply,0,140400,0
E06000046,Isle of Wight,Not answered,Disabled under the Equality Act: Day-to-day activities limited a lot,1572,140400,1.1196581196581197
E06000046,Isle of Wight,Not answered,Disabled under the Equality Act: Day-to-day activities limited a little,1504,140400,1.0712250712250713
E06000046,Isle of Wight,Not answered,Not disabled under the Equality Act,6230,140400,4.437321937321937
E06000047,County Durham,Does not apply,Does not apply,0,522100,0
E06000047,County Durham,Does not apply,Disabled under the Equality Act: Day-to-day activities limited a lot,0,522100,0
E06000047,County Durham,Does not apply,Disabled under the Equality Act: Day-to-day activities limited a little,0,522100,0
E06000047,County Durham,Does not apply,Not disabled under the Equality Act,0,522100,0
E06000047,County Durham,Straight or Heterosexual,Does not apply,0,522100,0
E06000047,County Durham,Straight or Heterosexual,Disabled under the Equality Act: Day-to-day activities limited a lot,47271,522100,9.054012641256465
E06000047,County Durham,Straight or Heterosexual,Disabled under the Equality Act: Day-to-day activities limited a little,53231,522100,10.195556406818618
E06000047,County Durham,Straight or Heterosexual,Not disabled under the Equality Act,296051,522100,56.70388814403371
E06000047,County Durham,Gay or Lesbian,Does not apply,0,522100,0
E06000047,County Durham,Gay or Lesbian,Disabled under the Equality Act: Day-to-day activities limited a lot,739,522100,0.14154376556215284
E06000047,County Durham,Gay or Lesbian,Disabled under the Equality Act: Day-to-day activities limited a little,1045,522100,0.20015322735108218
E06000047,County Durham,Gay or Lesbian,Not disabled under the Equality Act,4358,522100,0.8347059950201111
E06000047,County Durham,Bisexual,Does not apply,0,522100,0
E06000047,County Durham,Bisexual,Disabled under the Equality Act: Day-to-day activities limited a lot,660,522100,0.12641256464278874
E06000047,County Durham,Bisexual,Disabled under the Equality Act: Day-to-day activities limited a little,1405,522100,0.26910553533805787
E06000047,County Durham,Bisexual,Not disabled under the Equality Act,3089,522100,0.5916491093660219
E06000047,County Durham,All other sexual orientations,Does not apply,0,522100,0
E06000047,County Durham,All other sexual orientations,Disabled under the Equality Act: Day-to-day activities limited a lot,207,522100,0.039647577092511016
E06000047,County Durham,All other sexual orientations,Disabled under the Equality Act: Day-to-day activities limited a little,304,522100,0.0582263934112239
E06000047,County Durham,All other sexual orientations,Not disabled under the Equality Act,563,522100,0.10783374832407584
E06000047,County Durham,Not answered,Does not apply,0,522100,0
E06000047,County Durham,Not answered,Disabled under the Equality Act: Day-to-day activities limited a lot,3901,522100,0.7471748707144226
E06000047,County Durham,Not answered,Disabled under the Equality Act: Day-to-day activities limited a little,3662,522100,0.7013981995786248
E06000047,County Durham,Not answered,Not disabled under the Equality Act,17472,522100,3.3464853476345526
E06000049,Cheshire East,Does not apply,Does not apply,0,398800,0
E06000049,Cheshire East,Does not apply,Disabled under the Equality Act: Day-to-day activities limited a lot,0,398800,0
E06000049,Cheshire East,Does not apply,Disabled under the Equality Act: Day-to-day activities limited a little,0,398800,0
E06000049,Cheshire East,Does not apply,Not disabled under the Equality Act,0,398800,0
E06000049,Cheshire East,Straight or Heterosexual,Does not apply,0,398800,0
E06000049,Cheshire East,Straight or Heterosexual,Disabled under the Equality Act: Day-to-day activities limited a lot,22618,398800,5.6715145436308925
E06000049,Cheshire East,Straight or Heterosexual,Disabled under the Equality Act: Day-to-day activities limited a little,33660,398800,8.440320962888666
E06000049,Cheshire East,Straight or Heterosexual,Not disabled under the Equality Act,245113,398800,61.462637913741226
E06000049,Cheshire East,Gay or Lesbian,Does not apply,0,398800,0
E06000049,Cheshire East,Gay or Lesbian,Disabled under the Equality Act: Day-to-day activities limited a lot,314,398800,0.07873620862587763
E06000049,Cheshire East,Gay or Lesbian,Disabled under the Equality Act: Day-to-day activities limited a little,631,398800,0.1582246740220662
E06000049,Cheshire East,Gay or Lesbian,Not disabled under the Equality Act,3291,398800,0.8252256770310933
E06000049,Cheshire East,Bisexual,Does not apply,0,398800,0
E06000049,Cheshire East,Bisexual,Disabled under the Equality Act: Day-to-day activities limited a lot,308,398800,0.07723169508525576
E06000049,Cheshire East,Bisexual,Disabled under the Equality Act: Day-to-day activities limited a little,761,398800,0.19082246740220662
E06000049,Cheshire East,Bisexual,Not disabled under the Equality Act,1913,398800,0.4796890672016048
E06000049,Cheshire East,All other sexual orientations,Does not apply,0,398800,0
E06000049,Cheshire East,All other sexual orientations,Disabled under the Equality Act: Day-to-day activities limited a lot,127,398800,0.031845536609829486
E06000049,Cheshire East,All other sexual orientations,Disabled under the Equality Act: Day-to-day activities limited a little,205,398800,0.05140421263791374
E06000049,Cheshire East,All other sexual orientations,Not disabled under the Equality Act,550,398800,0.137913741223671
E06000049,Cheshire East,Not answered,Does not apply,0,398800,0
E06000049,Cheshire East,Not answered,Disabled under the Equality Act: Day-to-day activities limited a lot,2438,398800,0.6113340020060181
E06000049,Cheshire East,Not answered,Disabled under the Equality Act: Day-to-day activities limited a little,2575,398800,0.6456870611835507
E06000049,Cheshire East,Not answered,Not disabled under the Equality Act,14968,398800,3.753259779338014
E06000050,Cheshire West and Chester,Does not apply,Does not apply,0,357200,0
E06000050,Cheshire West and Chester,Does not apply,Disabled under the Equality Act: Day-to-day activities limited a lot,0,357200,0
E06000050,Cheshire West and Chester,Does not apply,Disabled under the Equality Act: Day-to-day activities limited a little,0,357200,0
E06000050,Cheshire West and Chester,Does not apply,Not disabled under the Equality Act,0,357200,0
E06000050,Cheshire West and Chester,Straight or Heterosexual,Does not apply,0,357200,0
E06000050,Cheshire West and Chester,Straight or Heterosexual,Disabled under the Equality Act: Day-to-day activities limited a lot,22558,357200,6.3152295632698765
E06000050,Cheshire West and Chester,Straight or Heterosexual,Disabled under the Equality Act: Day-to-day activities limited a little,31654,357200,8.861702127659575
E06000050,Cheshire West and Chester,Straight or Heterosexual,Not disabled under the Equality Act,215107,357200,60.22032474804031
E06000050,Cheshire West and Chester,Gay or Lesbian,Does not apply,0,357200,0
E06000050,Cheshire West and Chester,Gay or Lesbian,Disabled under the Equality Act: Day-to-day activities limited a lot,364,357200,0.1019036954087346
E06000050,Cheshire West and Chester,Gay or Lesbian,Disabled under the Equality Act: Day-to-day activities limited a little,698,357200,0.1954087346024636
E06000050,Cheshire West and Chester,Gay or Lesbian,Not disabled under the Equality Act,3192,357200,0.8936170212765957
E06000050,Cheshire West and Chester,Bisexual,Does not apply,0,357200,0
E06000050,Cheshire West and Chester,Bisexual,Disabled under the Equality Act: Day-to-day activities limited a lot,390,357200,0.10918253079507279
E06000050,Cheshire West and Chester,Bisexual,Disabled under the Equality Act: Day-to-day activities limited a little,806,357200,0.22564389697648377
E06000050,Cheshire West and Chester,Bisexual,Not disabled under the Equality Act,2044,357200,0.5722284434490481
E06000050,Cheshire West and Chester,All other sexual orientations,Does not apply,0,357200,0
E06000050,Cheshire West and Chester,All other sexual orientations,Disabled under the Equality Act: Day-to-day activities limited a lot,147,357200,0.04115341545352744
E06000050,Cheshire West and Chester,All other sexual orientations,Disabled under the Equality Act: Day-to-day activities limited a little,225,357200,0.062989921612542
E06000050,Cheshire West and Chester,All other sexual orientations,Not disabled under the Equality Act,447,357200,0.12513997760358342
E06000050,Cheshire West and Chester,Not answered,Does not apply,0,357200,0
E06000050,Cheshire West and Chester,Not answered,Disabled under the Equality Act: Day-to-day activities limited a lot,2288,357200,0.6405375139977604
E06000050,Cheshire West and Chester,Not answered,Disabled under the Equality Act: Day-to-day activities limited a little,2342,357200,0.6556550951847704
E06000050,Cheshire West and Chester,Not answered,Not disabled under the Equality Act,13096,357200,3.666293393057111
E06000051,Shropshire,Does not apply,Does not apply,0,323600,0
E06000051,Shropshire,Does not apply,Disabled under the Equality Act: Day-to-day activities limited a lot,0,323600,0
E06000051,Shropshire,Does not apply,Disabled under the Equality Act: Day-to-day activities limited a little,0,323600,0
E06000051,Shropshire,Does not apply,Not disabled under the Equality Act,0,323600,0
E06000051,Shropshire,Straight or Heterosexual,Does not apply,0,323600,0
E06000051,Shropshire,Straight or Heterosexual,Disabled under the Equality Act: Day-to-day activities limited a lot,20023,323600,6.187577255871446
E06000051,Shropshire,Straight or Heterosexual,Disabled under the Equality Act: Day-to-day activities limited a little,30030,323600,9.279975278121137
E06000051,Shropshire,Straight or Heterosexual,Not disabled under the Equality Act,196497,323600,60.72218788627936
E06000051,Shropshire,Gay or Lesbian,Does not apply,0,323600,0
E06000051,Shropshire,Gay or Lesbian,Disabled under the Equality Act: Day-to-day activities limited a lot,250,323600,0.07725587144622992
E06000051,Shropshire,Gay or Lesbian,Disabled under the Equality Act: Day-to-day activities limited a little,470,323600,0.14524103831891225
E06000051,Shropshire,Gay or Lesbian,Not disabled under the Equality Act,2473,323600,0.7642150803461063
E06000051,Shropshire,Bisexual,Does not apply,0,323600,0
E06000051,Shropshire,Bisexual,Disabled under the Equality Act: Day-to-day activities limited a lot,299,323600,0.09239802224969097
E06000051,Shropshire,Bisexual,Disabled under the Equality Act: Day-to-day activities limited a little,610,323600,0.188504326328801
E06000051,Shropshire,Bisexual,Not disabled under the Equality Act,1707,323600,0.5275030902348579
E06000051,Shropshire,All other sexual orientations,Does not apply,0,323600,0
E06000051,Shropshire,All other sexual orientations,Disabled under the Equality Act: Day-to-day activities limited a lot,69,323600,0.021322620519159455
E06000051,Shropshire,All other sexual orientations,Disabled under the Equality Act: Day-to-day activities limited a little,161,323600,0.04975278121137206
E06000051,Shropshire,All other sexual orientations,Not disabled under the Equality Act,280,323600,0.0865265760197775
E06000051,Shropshire,Not answered,Does not apply,0,323600,0
E06000051,Shropshire,Not answered,Disabled under the Equality Act: Day-to-day activities limited a lot,2629,323600,0.8124227441285538
E06000051,Shropshire,Not answered,Disabled under the Equality Act: Day-to-day activities limited a little,2508,323600,0.7750309023485785
E06000051,Shropshire,Not answered,Not disabled under the Equality Act,14241,323600,4.400803461063041
E06000052,Cornwall,Does not apply,Does not apply,0,570300,0
E06000052,Cornwall,Does not apply,Disabled under the Equality Act: Day-to-day activities limited a lot,0,570300,0
E06000052,Cornwall,Does not apply,Disabled under the Equality Act: Day-to-day activities limited a little,0,570300,0
E06000052,Cornwall,Does not apply,Not disabled under the Equality Act,0,570300,0
E06000052,Cornwall,Straight or Heterosexual,Does not apply,0,570300,0
E06000052,Cornwall,Straight or Heterosexual,Disabled under the Equality Act: Day-to-day activities limited a lot,41027,570300,7.193933017709977
E06000052,Cornwall,Straight or Heterosexual,Disabled under the Equality Act: Day-to-day activities limited a little,57548,570300,10.090829388041382
E06000052,Cornwall,Straight or Heterosexual,Not disabled under the Equality Act,328186,570300,57.54620375241101
E06000052,Cornwall,Gay or Lesbian,Does not apply,0,570300,0
E06000052,Cornwall,Gay or Lesbian,Disabled under the Equality Act: Day-to-day activities limited a lot,666,570300,0.1167806417674908
E06000052,Cornwall,Gay or Lesbian,Disabled under the Equality Act: Day-to-day activities limited a little,1109,570300,0.1944590566368578
E06000052,Cornwall,Gay or Lesbian,Not disabled under the Equality Act,4678,570300,0.8202700333157987
E06000052,Cornwall,Bisexual,Does not apply,0,570300,0
E06000052,Cornwall,Bisexual,Disabled under the Equality Act: Day-to-day activities limited a lot,805,570300,0.1411537787129581
E06000052,Cornwall,Bisexual,Disabled under the Equality Act: Day-to-day activities limited a little,1714,570300,0.3005435735577766
E06000052,Cornwall,Bisexual,Not disabled under the Equality Act,3675,570300,0.6443976854287218
E06000052,Cornwall,All other sexual orientations,Does not apply,0,570300,0
E06000052,Cornwall,All other sexual orientations,Disabled under the Equality Act: Day-to-day activities limited a lot,232,570300,0.040680343678765565
E06000052,Cornwall,All other sexual orientations,Disabled under the Equality Act: Day-to-day activities limited a little,410,570300,0.07189198667368052
E06000052,Cornwall,All other sexual orientations,Not disabled under the Equality Act,847,570300,0.14851832368928633
E06000052,Cornwall,Not answered,Does not apply,0,570300,0
E06000052,Cornwall,Not answered,Disabled under the Equality Act: Day-to-day activities limited a lot,5439,570300,0.9537085744345082
E06000052,Cornwall,Not answered,Disabled under the Equality Act: Day-to-day activities limited a little,5133,570300,0.900052603892688
E06000052,Cornwall,Not answered,Not disabled under the Equality Act,25956,570300,4.551288795370858
E06000053,Isles of Scilly,Does not apply,Does not apply,0,2100,0
E06000053,Isles of Scilly,Does not apply,Disabled under the Equality Act: Day-to-day activities limited a lot,0,2100,0
E06000053,Isles of Scilly,Does not apply,Disabled under the Equality Act: Day-to-day activities limited a little,0,2100,0
E06000053,Isles of Scilly,Does not apply,Not disabled under the Equality Act,0,2100,0
E06000053,Isles of Scilly,Straight or Heterosexual,Does not apply,0,2100,0
E06000053,Isles of Scilly,Straight or Heterosexual,Disabled under the Equality Act: Day-to-day activities limited a lot,84,2100,4
E06000053,Isles of Scilly,Straight or Heterosexual,Disabled under the Equality Act: Day-to-day activities limited a little,161,2100,7.666666666666667
E06000053,Isles of Scilly,Straight or Heterosexual,Not disabled under the Equality Act,1320,2100,62.857142857142854
E06000053,Isles of Scilly,Gay or Lesbian,Does not apply,0,2100,0
E06000053,Isles of Scilly,Gay or Lesbian,Disabled under the Equality Act: Day-to-day activities limited a lot,0,2100,0
E06000053,Isles of Scilly,Gay or Lesbian,Disabled under the Equality Act: Day-to-day activities limited a little,2,2100,0.09523809523809523
E06000053,Isles of Scilly,Gay or Lesbian,Not disabled under the Equality Act,11,2100,0.5238095238095238
E06000053,Isles of Scilly,Bisexual,Does not apply,0,2100,0
E06000053,Isles of Scilly,Bisexual,Disabled under the Equality Act: Day-to-day activities limited a lot,3,2100,0.14285714285714285
E06000053,Isles of Scilly,Bisexual,Disabled under the Equality Act: Day-to-day activities limited a little,4,2100,0.19047619047619047
E06000053,Isles of Scilly,Bisexual,Not disabled under the Equality Act,22,2100,1.0476190476190477
E06000053,Isles of Scilly,All other sexual orientations,Does not apply,0,2100,0
E06000053,Isles of Scilly,All other sexual orientations,Disabled under the Equality Act: Day-to-day activities limited a lot,1,2100,0.047619047619047616
E06000053,Isles of Scilly,All other sexual orientations,Disabled under the Equality Act: Day-to-day activities limited a little,0,2100,0
E06000053,Isles of Scilly,All other sexual orientations,Not disabled under the Equality Act,4,2100,0.19047619047619047
E06000053,Isles of Scilly,Not answered,Does not apply,0,2100,0
E06000053,Isles of Scilly,Not answered,Disabled under the Equality Act: Day-to-day activities limited a lot,7,2100,0.3333333333333333
E06000053,Isles of Scilly,Not answered,Disabled under the Equality Act: Day-to-day activities limited a little,16,2100,0.7619047619047619
E06000053,Isles of Scilly,Not answered,Not disabled under the Equality Act,95,2100,4.523809523809524
E06000054,Wiltshire,Does not apply,Does not apply,0,510400,0
E06000054,Wiltshire,Does not apply,Disabled under the Equality Act: Day-to-day activities limited a lot,0,510400,0
E06000054,Wiltshire,Does not apply,Disabled under the Equality Act: Day-to-day activities limited a little,0,510400,0
E06000054,Wiltshire,Does not apply,Not disabled under the Equality Act,0,510400,0
E06000054,Wiltshire,Straight or Heterosexual,Does not apply,0,510400,0
E06000054,Wiltshire,Straight or Heterosexual,Disabled under the Equality Act: Day-to-day activities limited a lot,25708,510400,5.036833855799373
E06000054,Wiltshire,Straight or Heterosexual,Disabled under the Equality Act: Day-to-day activities limited a little,44740,510400,8.765673981191222
E06000054,Wiltshire,Straight or Heterosexual,Not disabled under the Equality Act,310693,510400,60.87245297805643
E06000054,Wiltshire,Gay or Lesbian,Does not apply,0,510400,0
E06000054,Wiltshire,Gay or Lesbian,Disabled under the Equality Act: Day-to-day activities limited a lot,332,510400,0.06504702194357367
E06000054,Wiltshire,Gay or Lesbian,Disabled under the Equality Act: Day-to-day activities limited a little,719,510400,0.14086990595611285
E06000054,Wiltshire,Gay or Lesbian,Not disabled under the Equality Act,3704,510400,0.725705329153605
E06000054,Wiltshire,Bisexual,Does not apply,0,510400,0
E06000054,Wiltshire,Bisexual,Disabled under the Equality Act: Day-to-day activities limited a lot,535,510400,0.10481974921630094
E06000054,Wiltshire,Bisexual,Disabled under the Equality Act: Day-to-day activities limited a little,1157,510400,0.22668495297805644
E06000054,Wiltshire,Bisexual,Not disabled under the Equality Act,2982,510400,0.5842476489028213
E06000054,Wiltshire,All other sexual orientations,Does not apply,0,510400,0
E06000054,Wiltshire,All other sexual orientations,Disabled under the Equality Act: Day-to-day activities limited a lot,140,510400,0.0274294670846395
E06000054,Wiltshire,All other sexual orientations,Disabled under the Equality Act: Day-to-day activities limited a little,298,510400,0.058385579937304075
E06000054,Wiltshire,All other sexual orientations,Not disabled under the Equality Act,586,510400,0.11481191222570533
E06000054,Wiltshire,Not answered,Does not apply,0,510400,0
E06000054,Wiltshire,Not answered,Disabled under the Equality Act: Day-to-day activities limited a lot,2931,510400,0.5742554858934169
E06000054,Wiltshire,Not answered,Disabled under the Equality Act: Day-to-day activities limited a little,3636,510400,0.7123824451410659
E06000054,Wiltshire,Not answered,Not disabled under the Equality Act,20953,510400,4.105211598746082
E06000055,Bedford,Does not apply,Does not apply,0,185300,0
E06000055,Bedford,Does not apply,Disabled under the Equality Act: Day-to-day activities limited a lot,0,185300,0
E06000055,Bedford,Does not apply,Disabled under the Equality Act: Day-to-day activities limited a little,0,185300,0
E06000055,Bedford,Does not apply,Not disabled under the Equality Act,0,185300,0
E06000055,Bedford,Straight or Heterosexual,Does not apply,0,185300,0
E06000055,Bedford,Straight or Heterosexual,Disabled under the Equality Act: Day-to-day activities limited a lot,9192,185300,4.960604425256341
E06000055,Bedford,Straight or Heterosexual,Disabled under the Equality Act: Day-to-day activities limited a little,13966,185300,7.536967080410146
E06000055,Bedford,Straight or Heterosexual,Not disabled under the Equality Act,110211,185300,59.477064220183486
E06000055,Bedford,Gay or Lesbian,Does not apply,0,185300,0
E06000055,Bedford,Gay or Lesbian,Disabled under the Equality Act: Day-to-day activities limited a lot,125,185300,0.06745817593092283
E06000055,Bedford,Gay or Lesbian,Disabled under the Equality Act: Day-to-day activities limited a little,282,185300,0.1521856449001619
E06000055,Bedford,Gay or Lesbian,Not disabled under the Equality Act,1373,185300,0.7409606044252564
E06000055,Bedford,Bisexual,Does not apply,0,185300,0
E06000055,Bedford,Bisexual,Disabled under the Equality Act: Day-to-day activities limited a lot,189,185300,0.10199676200755532
E06000055,Bedford,Bisexual,Disabled under the Equality Act: Day-to-day activities limited a little,408,185300,0.22018348623853212
E06000055,Bedford,Bisexual,Not disabled under the Equality Act,1155,185300,0.6233135456017269
E06000055,Bedford,All other sexual orientations,Does not apply,0,185300,0
E06000055,Bedford,All other sexual orientations,Disabled under the Equality Act: Day-to-day activities limited a lot,53,185300,0.028602266594711278
E06000055,Bedford,All other sexual orientations,Disabled under the Equality Act: Day-to-day activities limited a little,104,185300,0.05612520237452779
E06000055,Bedford,All other sexual orientations,Not disabled under the Equality Act,315,185300,0.16999460334592553
E06000055,Bedford,Not answered,Does not apply,0,185300,0
E06000055,Bedford,Not answered,Disabled under the Equality Act: Day-to-day activities limited a lot,1136,185300,0.6130599028602267
E06000055,Bedford,Not answered,Disabled under the Equality Act: Day-to-day activities limited a little,1149,185300,0.6200755531570427
E06000055,Bedford,Not answered,Not disabled under the Equality Act,8460,185300,4.565569347004857
E06000056,Central Bedfordshire,Does not apply,Does not apply,0,294200,0
E06000056,Central Bedfordshire,Does not apply,Disabled under the Equality Act: Day-to-day activities limited a lot,0,294200,0
E06000056,Central Bedfordshire,Does not apply,Disabled under the Equality Act: Day-to-day activities limited a little,0,294200,0
E06000056,Central Bedfordshire,Does not apply,Not disabled under the Equality Act,0,294200,0
E06000056,Central Bedfordshire,Straight or Heterosexual,Does not apply,0,294200,0
E06000056,Central Bedfordshire,Straight or Heterosexual,Disabled under the Equality Act: Day-to-day activities limited a lot,12904,294200,4.38613188307274
E06000056,Central Bedfordshire,Straight or Heterosexual,Disabled under the Equality Act: Day-to-day activities limited a little,22813,294200,7.754248810333107
E06000056,Central Bedfordshire,Straight or Heterosexual,Not disabled under the Equality Act,181028,294200,61.53229095853161
E06000056,Central Bedfordshire,Gay or Lesbian,Does not apply,0,294200,0
E06000056,Central Bedfordshire,Gay or Lesbian,Disabled under the Equality Act: Day-to-day activities limited a lot,176,294200,0.05982324949014276
E06000056,Central Bedfordshire,Gay or Lesbian,Disabled under the Equality Act: Day-to-day activities limited a little,371,294200,0.12610469068660776
E06000056,Central Bedfordshire,Gay or Lesbian,Not disabled under the Equality Act,2098,294200,0.7131203263086335
E06000056,Central Bedfordshire,Bisexual,Does not apply,0,294200,0
E06000056,Central Bedfordshire,Bisexual,Disabled under the Equality Act: Day-to-day activities limited a lot,193,294200,0.06560163154316791
E06000056,Central Bedfordshire,Bisexual,Disabled under the Equality Act: Day-to-day activities limited a little,546,294200,0.18558803535010196
E06000056,Central Bedfordshire,Bisexual,Not disabled under the Equality Act,1568,294200,0.5329707681849082
E06000056,Central Bedfordshire,All other sexual orientations,Does not apply,0,294200,0
E06000056,Central Bedfordshire,All other sexual orientations,Disabled under the Equality Act: Day-to-day activities limited a lot,59,294200,0.020054384772263765
E06000056,Central Bedfordshire,All other sexual orientations,Disabled under the Equality Act: Day-to-day activities limited a little,148,294200,0.05030591434398368
E06000056,Central Bedfordshire,All other sexual orientations,Not disabled under the Equality Act,303,294200,0.10299116247450714
E06000056,Central Bedfordshire,Not answered,Does not apply,0,294200,0
E06000056,Central Bedfordshire,Not answered,Disabled under the Equality Act: Day-to-day activities limited a lot,1529,294200,0.5197144799456153
E06000056,Central Bedfordshire,Not answered,Disabled under the Equality Act: Day-to-day activities limited a little,1640,294200,0.557443915703603
E06000056,Central Bedfordshire,Not answered,Not disabled under the Equality Act,11386,294200,3.8701563562202583
E06000057,Northumberland,Does not apply,Does not apply,0,320600,0
E06000057,Northumberland,Does not apply,Disabled under the Equality Act: Day-to-day activities limited a lot,0,320600,0
E06000057,Northumberland,Does not apply,Disabled under the Equality Act: Day-to-day activities limited a little,0,320600,0
E06000057,Northumberland,Does not apply,Not disabled under the Equality Act,0,320600,0
E06000057,Northumberland,Straight or Heterosexual,Does not apply,0,320600,0
E06000057,Northumberland,Straight or Heterosexual,Disabled under the Equality Act: Day-to-day activities limited a lot,24212,320600,7.552089831565814
E06000057,Northumberland,Straight or Heterosexual,Disabled under the Equality Act: Day-to-day activities limited a little,32427,320600,10.11447286338116
E06000057,Northumberland,Straight or Heterosexual,Not disabled under the Equality Act,191008,320600,59.57829070492826
E06000057,Northumberland,Gay or Lesbian,Does not apply,0,320600,0
E06000057,Northumberland,Gay or Lesbian,Disabled under the Equality Act: Day-to-day activities limited a lot,359,320600,0.11197754210854648
E06000057,Northumberland,Gay or Lesbian,Disabled under the Equality Act: Day-to-day activities limited a little,552,320600,0.17217716781035558
E06000057,Northumberland,Gay or Lesbian,Not disabled under the Equality Act,2403,320600,0.7495321272613849
E06000057,Northumberland,Bisexual,Does not apply,0,320600,0
E06000057,Northumberland,Bisexual,Disabled under the Equality Act: Day-to-day activities limited a lot,300,320600,0.09357454772301933
E06000057,Northumberland,Bisexual,Disabled under the Equality Act: Day-to-day activities limited a little,616,320600,0.19213973799126638
E06000057,Northumberland,Bisexual,Not disabled under the Equality Act,1332,320600,0.41547099189020587
E06000057,Northumberland,All other sexual orientations,Does not apply,0,320600,0
E06000057,Northumberland,All other sexual orientations,Disabled under the Equality Act: Day-to-day activities limited a lot,102,320600,0.031815346225826574
E06000057,Northumberland,All other sexual orientations,Disabled under the Equality Act: Day-to-day activities limited a little,129,320600,0.04023705552089832
E06000057,Northumberland,All other sexual orientations,Not disabled under the Equality Act,235,320600,0.07330006238303181
E06000057,Northumberland,Not answered,Does not apply,0,320600,0
E06000057,Northumberland,Not answered,Disabled under the Equality Act: Day-to-day activities limited a lot,2257,320600,0.7039925140361821
E06000057,Northumberland,Not answered,Disabled under the Equality Act: Day-to-day activities limited a little,2219,320600,0.6921397379912664
E06000057,Northumberland,Not answered,Not disabled under the Equality Act,10695,320600,3.3359326263256395
E06000058,"Bournemouth, Christchurch and Poole",Does not apply,Does not apply,0,400300,0
E06000058,"Bournemouth, Christchurch and Poole",Does not apply,Disabled under the Equality Act: Day-to-day activities limited a lot,0,400300,0
E06000058,"Bournemouth, Christchurch and Poole",Does not apply,Disabled under the Equality Act: Day-to-day activities limited a little,0,400300,0
E06000058,"Bournemouth, Christchurch and Poole",Does not apply,Not disabled under the Equality Act,0,400300,0
E06000058,"Bournemouth, Christchurch and Poole",Straight or Heterosexual,Does not apply,0,400300,0
E06000058,"Bournemouth, Christchurch and Poole",Straight or Heterosexual,Disabled under the Equality Act: Day-to-day activities limited a lot,24633,400300,6.153634773919561
E06000058,"Bournemouth, Christchurch and Poole",Straight or Heterosexual,Disabled under the Equality Act: Day-to-day activities limited a little,34823,400300,8.699225580814389
E06000058,"Bournemouth, Christchurch and Poole",Straight or Heterosexual,Not disabled under the Equality Act,236801,400300,59.15588308768424
E06000058,"Bournemouth, Christchurch and Poole",Gay or Lesbian,Does not apply,0,400300,0
E06000058,"Bournemouth, Christchurch and Poole",Gay or Lesbian,Disabled under the Equality Act: Day-to-day activities limited a lot,544,400300,0.135898076442668
E06000058,"Bournemouth, Christchurch and Poole",Gay or Lesbian,Disabled under the Equality Act: Day-to-day activities limited a little,1026,400300,0.25630776917312015
E06000058,"Bournemouth, Christchurch and Poole",Gay or Lesbian,Not disabled under the Equality Act,4924,400300,1.2300774419185612
E06000058,"Bournemouth, Christchurch and Poole",Bisexual,Does not apply,0,400300,0
E06000058,"Bournemouth, Christchurch and Poole",Bisexual,Disabled under the Equality Act: Day-to-day activities limited a lot,576,400300,0.14389208093929554
E06000058,"Bournemouth, Christchurch and Poole",Bisexual,Disabled under the Equality Act: Day-to-day activities limited a little,1395,400300,0.3484886335248564
E06000058,"Bournemouth, Christchurch and Poole",Bisexual,Not disabled under the Equality Act,3387,400300,0.84611541343992
E06000058,"Bournemouth, Christchurch and Poole",All other sexual orientations,Does not apply,0,400300,0
E06000058,"Bournemouth, Christchurch and Poole",All other sexual orientations,Disabled under the Equality Act: Day-to-day activities limited a lot,194,400300,0.048463652260804395
E06000058,"Bournemouth, Christchurch and Poole",All other sexual orientations,Disabled under the Equality Act: Day-to-day activities limited a little,345,400300,0.08618536097926555
E06000058,"Bournemouth, Christchurch and Poole",All other sexual orientations,Not disabled under the Equality Act,681,400300,0.1701224081938546
E06000058,"Bournemouth, Christchurch and Poole",Not answered,Does not apply,0,400300,0
E06000058,"Bournemouth, Christchurch and Poole",Not answered,Disabled under the Equality Act: Day-to-day activities limited a lot,3033,400300,0.757681738695978
E06000058,"Bournemouth, Christchurch and Poole",Not answered,Disabled under the Equality Act: Day-to-day activities limited a little,3225,400300,0.8056457656757432
E06000058,"Bournemouth, Christchurch and Poole",Not answered,Not disabled under the Equality Act,19322,400300,4.8268798401199104
E06000059,Dorset,Does not apply,Does not apply,0,379600,0
E06000059,Dorset,Does not apply,Disabled under the Equality Act: Day-to-day activities limited a lot,0,379600,0
E06000059,Dorset,Does not apply,Disabled under the Equality Act: Day-to-day activities limited a little,0,379600,0
E06000059,Dorset,Does not apply,Not disabled under the Equality Act,0,379600,0
E06000059,Dorset,Straight or Heterosexual,Does not apply,0,379600,0
E06000059,Dorset,Straight or Heterosexual,Disabled under the Equality Act: Day-to-day activities limited a lot,23859,379600,6.285300316122234
E06000059,Dorset,Straight or Heterosexual,Disabled under the Equality Act: Day-to-day activities limited a little,38415,379600,10.11986301369863
E06000059,Dorset,Straight or Heterosexual,Not disabled under the Equality Act,229447,379600,60.44441517386723
E06000059,Dorset,Gay or Lesbian,Does not apply,0,379600,0
E06000059,Dorset,Gay or Lesbian,Disabled under the Equality Act: Day-to-day activities limited a lot,299,379600,0.07876712328767123
E06000059,Dorset,Gay or Lesbian,Disabled under the Equality Act: Day-to-day activities limited a little,622,379600,0.16385669125395153
E06000059,Dorset,Gay or Lesbian,Not disabled under the Equality Act,2657,379600,0.6999473129610115
E06000059,Dorset,Bisexual,Does not apply,0,379600,0
E06000059,Dorset,Bisexual,Disabled under the Equality Act: Day-to-day activities limited a lot,343,379600,0.09035827186512119
E06000059,Dorset,Bisexual,Disabled under the Equality Act: Day-to-day activities limited a little,792,379600,0.20864067439409906
E06000059,Dorset,Bisexual,Not disabled under the Equality Act,1754,379600,0.46206533192834565
E06000059,Dorset,All other sexual orientations,Does not apply,0,379600,0
E06000059,Dorset,All other sexual orientations,Disabled under the Equality Act: Day-to-day activities limited a lot,121,379600,0.031875658587987354
E06000059,Dorset,All other sexual orientations,Disabled under the Equality Act: Day-to-day activities limited a little,154,379600,0.04056902002107481
E06000059,Dorset,All other sexual orientations,Not disabled under the Equality Act,337,379600,0.08877766069546891
E06000059,Dorset,Not answered,Does not apply,0,379600,0
E06000059,Dorset,Not answered,Disabled under the Equality Act: Day-to-day activities limited a lot,2803,379600,0.7384088514225501
E06000059,Dorset,Not answered,Disabled under the Equality Act: Day-to-day activities limited a little,3324,379600,0.8756585879873551
E06000059,Dorset,Not answered,Not disabled under the Equality Act,16976,379600,4.472075869336143
E06000060,Buckinghamshire,Does not apply,Does not apply,0,553100,0
E06000060,Buckinghamshire,Does not apply,Disabled under the Equality Act: Day-to-day activities limited a lot,0,553100,0
E06000060,Buckinghamshire,Does not apply,Disabled under the Equality Act: Day-to-day activities limited a little,0,553100,0
E06000060,Buckinghamshire,Does not apply,Not disabled under the Equality Act,0,553100,0
E06000060,Buckinghamshire,Straight or Heterosexual,Does not apply,0,553100,0
E06000060,Buckinghamshire,Straight or Heterosexual,Disabled under the Equality Act: Day-to-day activities limited a lot,21753,553100,3.9329235219670946
E06000060,Buckinghamshire,Straight or Heterosexual,Disabled under the Equality Act: Day-to-day activities limited a little,38454,553100,6.952449828240824
E06000060,Buckinghamshire,Straight or Heterosexual,Not disabled under the Equality Act,342075,553100,61.84686313505695
E06000060,Buckinghamshire,Gay or Lesbian,Does not apply,0,553100,0
E06000060,Buckinghamshire,Gay or Lesbian,Disabled under the Equality Act: Day-to-day activities limited a lot,219,553100,0.03959500994395227
E06000060,Buckinghamshire,Gay or Lesbian,Disabled under the Equality Act: Day-to-day activities limited a little,577,553100,0.10432109925872356
E06000060,Buckinghamshire,Gay or Lesbian,Not disabled under the Equality Act,3646,553100,0.6591936358705478
E06000060,Buckinghamshire,Bisexual,Does not apply,0,553100,0
E06000060,Buckinghamshire,Bisexual,Disabled under the Equality Act: Day-to-day activities limited a lot,311,553100,0.05622853010305551
E06000060,Buckinghamshire,Bisexual,Disabled under the Equality Act: Day-to-day activities limited a little,937,553100,0.16940878683782318
E06000060,Buckinghamshire,Bisexual,Not disabled under the Equality Act,2813,553100,0.5085879587777978
E06000060,Buckinghamshire,All other sexual orientations,Does not apply,0,553100,0
E06000060,Buckinghamshire,All other sexual orientations,Disabled under the Equality Act: Day-to-day activities limited a lot,134,553100,0.024227083709998192
E06000060,Buckinghamshire,All other sexual orientations,Disabled under the Equality Act: Day-to-day activities limited a little,266,553100,0.04809256915566805
E06000060,Buckinghamshire,All other sexual orientations,Not disabled under the Equality Act,782,553100,0.1413849213523775
E06000060,Buckinghamshire,Not answered,Does not apply,0,553100,0
E06000060,Buckinghamshire,Not answered,Disabled under the Equality Act: Day-to-day activities limited a lot,2792,553100,0.5047911770023504
E06000060,Buckinghamshire,Not answered,Disabled under the Equality Act: Day-to-day activities limited a little,3158,553100,0.570963659374435
E06000060,Buckinghamshire,Not answered,Not disabled under the Equality Act,25479,553100,4.606581088410776
E06000061,North Northamptonshire,Does not apply,Does not apply,0,359500,0
E06000061,North Northamptonshire,Does not apply,Disabled under the Equality Act: Day-to-day activities limited a lot,0,359500,0
E06000061,North Northamptonshire,Does not apply,Disabled under the Equality Act: Day-to-day activities limited a little,0,359500,0
E06000061,North Northamptonshire,Does not apply,Not disabled under the Equality Act,0,359500,0
E06000061,North Northamptonshire,Straight or Heterosexual,Does not apply,0,359500,0
E06000061,North Northamptonshire,Straight or Heterosexual,Disabled under the Equality Act: Day-to-day activities limited a lot,20726,359500,5.765229485396384
E06000061,North Northamptonshire,Straight or Heterosexual,Disabled under the Equality Act: Day-to-day activities limited a little,30247,359500,8.413630041724618
E06000061,North Northamptonshire,Straight or Heterosexual,Not disabled under the Equality Act,210818,359500,58.64200278164117
E06000061,North Northamptonshire,Gay or Lesbian,Does not apply,0,359500,0
E06000061,North Northamptonshire,Gay or Lesbian,Disabled under the Equality Act: Day-to-day activities limited a lot,284,359500,0.07899860917941585
E06000061,North Northamptonshire,Gay or Lesbian,Disabled under the Equality Act: Day-to-day activities limited a little,511,359500,0.14214186369958276
E06000061,North Northamptonshire,Gay or Lesbian,Not disabled under the Equality Act,2559,359500,0.7118219749652295
E06000061,North Northamptonshire,Bisexual,Does not apply,0,359500,0
E06000061,North Northamptonshire,Bisexual,Disabled under the Equality Act: Day-to-day activities limited a lot,359,359500,0.09986091794158554
E06000061,North Northamptonshire,Bisexual,Disabled under the Equality Act: Day-to-day activities limited a little,718,359500,0.19972183588317108
E06000061,North Northamptonshire,Bisexual,Not disabled under the Equality Act,1841,359500,0.5121001390820584
E06000061,North Northamptonshire,All other sexual orientations,Does not apply,0,359500,0
E06000061,North Northamptonshire,All other sexual orientations,Disabled under the Equality Act: Day-to-day activities limited a lot,96,359500,0.02670375521557719
E06000061,North Northamptonshire,All other sexual orientations,Disabled under the Equality Act: Day-to-day activities limited a little,166,359500,0.046175243393602225
E06000061,North Northamptonshire,All other sexual orientations,Not disabled under the Equality Act,578,359500,0.160778859527121
E06000061,North Northamptonshire,Not answered,Does not apply,0,359500,0
E06000061,North Northamptonshire,Not answered,Disabled under the Equality Act: Day-to-day activities limited a lot,2355,359500,0.655076495132128
E06000061,North Northamptonshire,Not answered,Disabled under the Equality Act: Day-to-day activities limited a little,2352,359500,0.6542420027816411
E06000061,North Northamptonshire,Not answered,Not disabled under the Equality Act,15575,359500,4.33240611961057
E06000062,West Northamptonshire,Does not apply,Does not apply,0,425700,0
E06000062,West Northamptonshire,Does not apply,Disabled under the Equality Act: Day-to-day activities limited a lot,0,425700,0
E06000062,West Northamptonshire,Does not apply,Disabled under the Equality Act: Day-to-day activities limited a little,0,425700,0
E06000062,West Northamptonshire,Does not apply,Not disabled under the Equality Act,0,425700,0
E06000062,West Northamptonshire,Straight or Heterosexual,Does not apply,0,425700,0
E06000062,West Northamptonshire,Straight or Heterosexual,Disabled under the Equality Act: Day-to-day activities limited a lot,20085,425700,4.718111346018323
E06000062,West Northamptonshire,Straight or Heterosexual,Disabled under the Equality Act: Day-to-day activities limited a little,32374,425700,7.604886070002349
E06000062,West Northamptonshire,Straight or Heterosexual,Not disabled under the Equality Act,256112,425700,60.16255579046277
E06000062,West Northamptonshire,Gay or Lesbian,Does not apply,0,425700,0
E06000062,West Northamptonshire,Gay or Lesbian,Disabled under the Equality Act: Day-to-day activities limited a lot,342,425700,0.080338266384778
E06000062,West Northamptonshire,Gay or Lesbian,Disabled under the Equality Act: Day-to-day activities limited a little,661,425700,0.15527366690157388
E06000062,West Northamptonshire,Gay or Lesbian,Not disabled under the Equality Act,3172,425700,0.7451256753582335
E06000062,West Northamptonshire,Bisexual,Does not apply,0,425700,0
E06000062,West Northamptonshire,Bisexual,Disabled under the Equality Act: Day-to-day activities limited a lot,383,425700,0.08996946206248532
E06000062,West Northamptonshire,Bisexual,Disabled under the Equality Act: Day-to-day activities limited a little,946,425700,0.2222222222222222
E06000062,West Northamptonshire,Bisexual,Not disabled under the Equality Act,2727,425700,0.6405919661733616
E06000062,West Northamptonshire,All other sexual orientations,Does not apply,0,425700,0
E06000062,West Northamptonshire,All other sexual orientations,Disabled under the Equality Act: Day-to-day activities limited a lot,142,425700,0.033356824054498475
E06000062,West Northamptonshire,All other sexual orientations,Disabled under the Equality Act: Day-to-day activities limited a little,221,425700,0.05191449377495889
E06000062,West Northamptonshire,All other sexual orientations,Not disabled under the Equality Act,836,425700,0.19638242894056848
E06000062,West Northamptonshire,Not answered,Does not apply,0,425700,0
E06000062,West Northamptonshire,Not answered,Disabled under the Equality Act: Day-to-day activities limited a lot,2369,425700,0.5564951844021612
E06000062,West Northamptonshire,Not answered,Disabled under the Equality Act: Day-to-day activities limited a little,2648,425700,0.6220342964529011
E06000062,West Northamptonshire,Not answered,Not disabled under the Equality Act,20482,425700,4.811369509043928
E07000008,Cambridge,Does not apply,Does not apply,0,145700,0
E07000008,Cambridge,Does not apply,Disabled under the Equality Act: Day-to-day activities limited a lot,0,145700,0
E07000008,Cambridge,Does not apply,Disabled under the Equality Act: Day-to-day activities limited a little,0,145700,0
E07000008,Cambridge,Does not apply,Not disabled under the Equality Act,0,145700,0
E07000008,Cambridge,Straight or Heterosexual,Does not apply,0,145700,0
E07000008,Cambridge,Straight or Heterosexual,Disabled under the Equality Act: Day-to-day activities limited a lot,5297,145700,3.6355525051475635
E07000008,Cambridge,Straight or Heterosexual,Disabled under the Equality Act: Day-to-day activities limited a little,10008,145700,6.868908716540838
E07000008,Cambridge,Straight or Heterosexual,Not disabled under the Equality Act,85214,145700,58.48592999313658
E07000008,Cambridge,Gay or Lesbian,Does not apply,0,145700,0
E07000008,Cambridge,Gay or Lesbian,Disabled under the Equality Act: Day-to-day activities limited a lot,151,145700,0.10363761153054221
E07000008,Cambridge,Gay or Lesbian,Disabled under the Equality Act: Day-to-day activities limited a little,503,145700,0.3452299245024022
E07000008,Cambridge,Gay or Lesbian,Not disabled under the Equality Act,2765,145700,1.8977350720658888
E07000008,Cambridge,Bisexual,Does not apply,0,145700,0
E07000008,Cambridge,Bisexual,Disabled under the Equality Act: Day-to-day activities limited a lot,293,145700,0.2010981468771448
E07000008,Cambridge,Bisexual,Disabled under the Equality Act: Day-to-day activities limited a little,1105,145700,0.75840768702814
E07000008,Cambridge,Bisexual,Not disabled under the Equality Act,3372,145700,2.3143445435827044
E07000008,Cambridge,All other sexual orientations,Does not apply,0,145700,0
E07000008,Cambridge,All other sexual orientations,Disabled under the Equality Act: Day-to-day activities limited a lot,109,145700,0.07481125600549074
E07000008,Cambridge,All other sexual orientations,Disabled under the Equality Act: Day-to-day activities limited a little,309,145700,0.212079615648593
E07000008,Cambridge,All other sexual orientations,Not disabled under the Equality Act,783,145700,0.5374056280027454
E07000008,Cambridge,Not answered,Does not apply,0,145700,0
E07000008,Cambridge,Not answered,Disabled under the Equality Act: Day-to-day activities limited a lot,851,145700,0.5840768702814001
E07000008,Cambridge,Not answered,Disabled under the Equality Act: Day-to-day activities limited a little,1710,145700,1.1736444749485244
E07000008,Cambridge,Not answered,Not disabled under the Equality Act,12296,145700,8.439258750857928
E07000009,East Cambridgeshire,Does not apply,Does not apply,0,87700,0
E07000009,East Cambridgeshire,Does not apply,Disabled under the Equality Act: Day-to-day activities limited a lot,0,87700,0
E07000009,East Cambridgeshire,Does not apply,Disabled under the Equality Act: Day-to-day activities limited a little,0,87700,0
E07000009,East Cambridgeshire,Does not apply,Not disabled under the Equality Act,0,87700,0
E07000009,East Cambridgeshire,Straight or Heterosexual,Does not apply,0,87700,0
E07000009,East Cambridgeshire,Straight or Heterosexual,Disabled under the Equality Act: Day-to-day activities limited a lot,4249,87700,4.844925883694413
E07000009,East Cambridgeshire,Straight or Heterosexual,Disabled under the Equality Act: Day-to-day activities limited a little,7321,87700,8.347776510832382
E07000009,East Cambridgeshire,Straight or Heterosexual,Not disabled under the Equality Act,53067,87700,60.5096921322691
E07000009,East Cambridgeshire,Gay or Lesbian,Does not apply,0,87700,0
E07000009,East Cambridgeshire,Gay or Lesbian,Disabled under the Equality Act: Day-to-day activities limited a lot,60,87700,0.06841505131128849
E07000009,East Cambridgeshire,Gay or Lesbian,Disabled under the Equality Act: Day-to-day activities limited a little,126,87700,0.14367160775370583
E07000009,East Cambridgeshire,Gay or Lesbian,Not disabled under the Equality Act,573,87700,0.6533637400228051
E07000009,East Cambridgeshire,Bisexual,Does not apply,0,87700,0
E07000009,East Cambridgeshire,Bisexual,Disabled under the Equality Act: Day-to-day activities limited a lot,107,87700,0.12200684150513112
E07000009,East Cambridgeshire,Bisexual,Disabled under the Equality Act: Day-to-day activities limited a little,201,87700,0.2291904218928164
E07000009,East Cambridgeshire,Bisexual,Not disabled under the Equality Act,547,87700,0.6237172177879133
E07000009,East Cambridgeshire,All other sexual orientations,Does not apply,0,87700,0
E07000009,East Cambridgeshire,All other sexual orientations,Disabled under the Equality Act: Day-to-day activities limited a lot,27,87700,0.03078677309007982
E07000009,East Cambridgeshire,All other sexual orientations,Disabled under the Equality Act: Day-to-day activities limited a little,66,87700,0.07525655644241733
E07000009,East Cambridgeshire,All other sexual orientations,Not disabled under the Equality Act,143,87700,0.1630558722919042
E07000009,East Cambridgeshire,Not answered,Does not apply,0,87700,0
E07000009,East Cambridgeshire,Not answered,Disabled under the Equality Act: Day-to-day activities limited a lot,463,87700,0.5279361459521095
E07000009,East Cambridgeshire,Not answered,Disabled under the Equality Act: Day-to-day activities limited a little,612,87700,0.6978335233751425
E07000009,East Cambridgeshire,Not answered,Not disabled under the Equality Act,3868,87700,4.410490307867731
E07000010,Fenland,Does not apply,Does not apply,0,102500,0
E07000010,Fenland,Does not apply,Disabled under the Equality Act: Day-to-day activities limited a lot,0,102500,0
E07000010,Fenland,Does not apply,Disabled under the Equality Act: Day-to-day activities limited a little,0,102500,0
E07000010,Fenland,Does not apply,Not disabled under the Equality Act,0,102500,0
E07000010,Fenland,Straight or Heterosexual,Does not apply,0,102500,0
E07000010,Fenland,Straight or Heterosexual,Disabled under the Equality Act: Day-to-day activities limited a lot,7445,102500,7.263414634146342
E07000010,Fenland,Straight or Heterosexual,Disabled under the Equality Act: Day-to-day activities limited a little,9725,102500,9.487804878048781
E07000010,Fenland,Straight or Heterosexual,Not disabled under the Equality Act,59192,102500,57.74829268292683
E07000010,Fenland,Gay or Lesbian,Does not apply,0,102500,0
E07000010,Fenland,Gay or Lesbian,Disabled under the Equality Act: Day-to-day activities limited a lot,101,102500,0.09853658536585366
E07000010,Fenland,Gay or Lesbian,Disabled under the Equality Act: Day-to-day activities limited a little,155,102500,0.15121951219512195
E07000010,Fenland,Gay or Lesbian,Not disabled under the Equality Act,678,102500,0.6614634146341464
E07000010,Fenland,Bisexual,Does not apply,0,102500,0
E07000010,Fenland,Bisexual,Disabled under the Equality Act: Day-to-day activities limited a lot,96,102500,0.09365853658536585
E07000010,Fenland,Bisexual,Disabled under the Equality Act: Day-to-day activities limited a little,218,102500,0.2126829268292683
E07000010,Fenland,Bisexual,Not disabled under the Equality Act,571,102500,0.5570731707317074
E07000010,Fenland,All other sexual orientations,Does not apply,0,102500,0
E07000010,Fenland,All other sexual orientations,Disabled under the Equality Act: Day-to-day activities limited a lot,34,102500,0.033170731707317075
E07000010,Fenland,All other sexual orientations,Disabled under the Equality Act: Day-to-day activities limited a little,51,102500,0.04975609756097561
E07000010,Fenland,All other sexual orientations,Not disabled under the Equality Act,172,102500,0.1678048780487805
E07000010,Fenland,Not answered,Does not apply,0,102500,0
E07000010,Fenland,Not answered,Disabled under the Equality Act: Day-to-day activities limited a lot,885,102500,0.8634146341463415
E07000010,Fenland,Not answered,Disabled under the Equality Act: Day-to-day activities limited a little,830,102500,0.8097560975609757
E07000010,Fenland,Not answered,Not disabled under the Equality Act,4679,102500,4.564878048780487
E07000011,Huntingdonshire,Does not apply,Does not apply,0,180800,0
E07000011,Huntingdonshire,Does not apply,Disabled under the Equality Act: Day-to-day activities limited a lot,0,180800,0
E07000011,Huntingdonshire,Does not apply,Disabled under the Equality Act: Day-to-day activities limited a little,0,180800,0
E07000011,Huntingdonshire,Does not apply,Not disabled under the Equality Act,0,180800,0
E07000011,Huntingdonshire,Straight or Heterosexual,Does not apply,0,180800,0
E07000011,Huntingdonshire,Straight or Heterosexual,Disabled under the Equality Act: Day-to-day activities limited a lot,8974,180800,4.963495575221239
E07000011,Huntingdonshire,Straight or Heterosexual,Disabled under the Equality Act: Day-to-day activities limited a little,15445,180800,8.542588495575222
E07000011,Huntingdonshire,Straight or Heterosexual,Not disabled under the Equality Act,110707,180800,61.23174778761062
E07000011,Huntingdonshire,Gay or Lesbian,Does not apply,0,180800,0
E07000011,Huntingdonshire,Gay or Lesbian,Disabled under the Equality Act: Day-to-day activities limited a lot,126,180800,0.06969026548672566
E07000011,Huntingdonshire,Gay or Lesbian,Disabled under the Equality Act: Day-to-day activities limited a little,289,180800,0.15984513274336284
E07000011,Huntingdonshire,Gay or Lesbian,Not disabled under the Equality Act,1456,180800,0.8053097345132744
E07000011,Huntingdonshire,Bisexual,Does not apply,0,180800,0
E07000011,Huntingdonshire,Bisexual,Disabled under the Equality Act: Day-to-day activities limited a lot,169,180800,0.09347345132743363
E07000011,Huntingdonshire,Bisexual,Disabled under the Equality Act: Day-to-day activities limited a little,408,180800,0.22566371681415928
E07000011,Huntingdonshire,Bisexual,Not disabled under the Equality Act,1098,180800,0.6073008849557522
E07000011,Huntingdonshire,All other sexual orientations,Does not apply,0,180800,0
E07000011,Huntingdonshire,All other sexual orientations,Disabled under the Equality Act: Day-to-day activities limited a lot,60,180800,0.033185840707964605
E07000011,Huntingdonshire,All other sexual orientations,Disabled under the Equality Act: Day-to-day activities limited a little,106,180800,0.0586283185840708
E07000011,Huntingdonshire,All other sexual orientations,Not disabled under the Equality Act,226,180800,0.125
E07000011,Huntingdonshire,Not answered,Does not apply,0,180800,0
E07000011,Huntingdonshire,Not answered,Disabled under the Equality Act: Day-to-day activities limited a lot,923,180800,0.5105088495575221
E07000011,Huntingdonshire,Not answered,Disabled under the Equality Act: Day-to-day activities limited a little,1135,180800,0.6277654867256637
E07000011,Huntingdonshire,Not answered,Not disabled under the Equality Act,7140,180800,3.9491150442477876
E07000012,South Cambridgeshire,Does not apply,Does not apply,0,162000,0
E07000012,South Cambridgeshire,Does not apply,Disabled under the Equality Act: Day-to-day activities limited a lot,0,162000,0
E07000012,South Cambridgeshire,Does not apply,Disabled under the Equality Act: Day-to-day activities limited a little,0,162000,0
E07000012,South Cambridgeshire,Does not apply,Not disabled under the Equality Act,0,162000,0
E07000012,South Cambridgeshire,Straight or Heterosexual,Does not apply,0,162000,0
E07000012,South Cambridgeshire,Straight or Heterosexual,Disabled under the Equality Act: Day-to-day activities limited a lot,6554,162000,4.045679012345679
E07000012,South Cambridgeshire,Straight or Heterosexual,Disabled under the Equality Act: Day-to-day activities limited a little,12696,162000,7.837037037037037
E07000012,South Cambridgeshire,Straight or Heterosexual,Not disabled under the Equality Act,98121,162000,60.568518518518516
E07000012,South Cambridgeshire,Gay or Lesbian,Does not apply,0,162000,0
E07000012,South Cambridgeshire,Gay or Lesbian,Disabled under the Equality Act: Day-to-day activities limited a lot,98,162000,0.06049382716049383
E07000012,South Cambridgeshire,Gay or Lesbian,Disabled under the Equality Act: Day-to-day activities limited a little,230,162000,0.1419753086419753
E07000012,South Cambridgeshire,Gay or Lesbian,Not disabled under the Equality Act,1159,162000,0.7154320987654321
E07000012,South Cambridgeshire,Bisexual,Does not apply,0,162000,0
E07000012,South Cambridgeshire,Bisexual,Disabled under the Equality Act: Day-to-day activities limited a lot,154,162000,0.09506172839506173
E07000012,South Cambridgeshire,Bisexual,Disabled under the Equality Act: Day-to-day activities limited a little,400,162000,0.24691358024691357
E07000012,South Cambridgeshire,Bisexual,Not disabled under the Equality Act,1060,162000,0.654320987654321
E07000012,South Cambridgeshire,All other sexual orientations,Does not apply,0,162000,0
E07000012,South Cambridgeshire,All other sexual orientations,Disabled under the Equality Act: Day-to-day activities limited a lot,53,162000,0.03271604938271605
E07000012,South Cambridgeshire,All other sexual orientations,Disabled under the Equality Act: Day-to-day activities limited a little,124,162000,0.07654320987654321
E07000012,South Cambridgeshire,All other sexual orientations,Not disabled under the Equality Act,277,162000,0.17098765432098764
E07000012,South Cambridgeshire,Not answered,Does not apply,0,162000,0
E07000012,South Cambridgeshire,Not answered,Disabled under the Equality Act: Day-to-day activities limited a lot,944,162000,0.582716049382716
E07000012,South Cambridgeshire,Not answered,Disabled under the Equality Act: Day-to-day activities limited a little,1110,162000,0.6851851851851852
E07000012,South Cambridgeshire,Not answered,Not disabled under the Equality Act,7382,162000,4.55679012345679
E07000026,Allerdale,Does not apply,Does not apply,0,96100,0
E07000026,Allerdale,Does not apply,Disabled under the Equality Act: Day-to-day activities limited a lot,0,96100,0
E07000026,Allerdale,Does not apply,Disabled under the Equality Act: Day-to-day activities limited a little,0,96100,0
E07000026,Allerdale,Does not apply,Not disabled under the Equality Act,0,96100,0
E07000026,Allerdale,Straight or Heterosexual,Does not apply,0,96100,0
E07000026,Allerdale,Straight or Heterosexual,Disabled under the Equality Act: Day-to-day activities limited a lot,7218,96100,7.510926118626431
E07000026,Allerdale,Straight or Heterosexual,Disabled under the Equality Act: Day-to-day activities limited a little,8998,96100,9.363163371488033
E07000026,Allerdale,Straight or Heterosexual,Not disabled under the Equality Act,57689,96100,60.03017689906348
E07000026,Allerdale,Gay or Lesbian,Does not apply,0,96100,0
E07000026,Allerdale,Gay or Lesbian,Disabled under the Equality Act: Day-to-day activities limited a lot,92,96100,0.09573361082206035
E07000026,Allerdale,Gay or Lesbian,Disabled under the Equality Act: Day-to-day activities limited a little,139,96100,0.14464099895941726
E07000026,Allerdale,Gay or Lesbian,Not disabled under the Equality Act,640,96100,0.6659729448491155
E07000026,Allerdale,Bisexual,Does not apply,0,96100,0
E07000026,Allerdale,Bisexual,Disabled under the Equality Act: Day-to-day activities limited a lot,97,96100,0.10093652445369407
E07000026,Allerdale,Bisexual,Disabled under the Equality Act: Day-to-day activities limited a little,165,96100,0.1716961498439126
E07000026,Allerdale,Bisexual,Not disabled under the Equality Act,368,96100,0.3829344432882414
E07000026,Allerdale,All other sexual orientations,Does not apply,0,96100,0
E07000026,Allerdale,All other sexual orientations,Disabled under the Equality Act: Day-to-day activities limited a lot,32,96100,0.03329864724245578
E07000026,Allerdale,All other sexual orientations,Disabled under the Equality Act: Day-to-day activities limited a little,25,96100,0.026014568158168574
E07000026,Allerdale,All other sexual orientations,Not disabled under the Equality Act,77,96100,0.08012486992715921
E07000026,Allerdale,Not answered,Does not apply,0,96100,0
E07000026,Allerdale,Not answered,Disabled under the Equality Act: Day-to-day activities limited a lot,771,96100,0.8022892819979188
E07000026,Allerdale,Not answered,Disabled under the Equality Act: Day-to-day activities limited a little,622,96100,0.6472424557752341
E07000026,Allerdale,Not answered,Not disabled under the Equality Act,3579,96100,3.724245577523413
E07000027,Barrow-in-Furness,Does not apply,Does not apply,0,67400,0
E07000027,Barrow-in-Furness,Does not apply,Disabled under the Equality Act: Day-to-day activities limited a lot,0,67400,0
E07000027,Barrow-in-Furness,Does not apply,Disabled under the Equality Act: Day-to-day activities limited a little,0,67400,0
E07000027,Barrow-in-Furness,Does not apply,Not disabled under the Equality Act,0,67400,0
E07000027,Barrow-in-Furness,Straight or Heterosexual,Does not apply,0,67400,0
E07000027,Barrow-in-Furness,Straight or Heterosexual,Disabled under the Equality Act: Day-to-day activities limited a lot,5670,67400,8.41246290801187
E07000027,Barrow-in-Furness,Straight or Heterosexual,Disabled under the Equality Act: Day-to-day activities limited a little,6543,67400,9.707715133531158
E07000027,Barrow-in-Furness,Straight or Heterosexual,Not disabled under the Equality Act,38671,67400,57.375370919881306
E07000027,Barrow-in-Furness,Gay or Lesbian,Does not apply,0,67400,0
E07000027,Barrow-in-Furness,Gay or Lesbian,Disabled under the Equality Act: Day-to-day activities limited a lot,93,67400,0.13798219584569732
E07000027,Barrow-in-Furness,Gay or Lesbian,Disabled under the Equality Act: Day-to-day activities limited a little,121,67400,0.1795252225519288
E07000027,Barrow-in-Furness,Gay or Lesbian,Not disabled under the Equality Act,465,67400,0.6899109792284867
E07000027,Barrow-in-Furness,Bisexual,Does not apply,0,67400,0
E07000027,Barrow-in-Furness,Bisexual,Disabled under the Equality Act: Day-to-day activities limited a lot,78,67400,0.11572700296735905
E07000027,Barrow-in-Furness,Bisexual,Disabled under the Equality Act: Day-to-day activities limited a little,148,67400,0.2195845697329377
E07000027,Barrow-in-Furness,Bisexual,Not disabled under the Equality Act,312,67400,0.4629080118694362
E07000027,Barrow-in-Furness,All other sexual orientations,Does not apply,0,67400,0
E07000027,Barrow-in-Furness,All other sexual orientations,Disabled under the Equality Act: Day-to-day activities limited a lot,64,67400,0.09495548961424333
E07000027,Barrow-in-Furness,All other sexual orientations,Disabled under the Equality Act: Day-to-day activities limited a little,30,67400,0.04451038575667656
E07000027,Barrow-in-Furness,All other sexual orientations,Not disabled under the Equality Act,69,67400,0.10237388724035608
E07000027,Barrow-in-Furness,Not answered,Does not apply,0,67400,0
E07000027,Barrow-in-Furness,Not answered,Disabled under the Equality Act: Day-to-day activities limited a lot,601,67400,0.8916913946587537
E07000027,Barrow-in-Furness,Not answered,Disabled under the Equality Act: Day-to-day activities limited a little,496,67400,0.7359050445103857
E07000027,Barrow-in-Furness,Not answered,Not disabled under the Equality Act,2473,67400,3.669139465875371
E07000028,Carlisle,Does not apply,Does not apply,0,110000,0
E07000028,Carlisle,Does not apply,Disabled under the Equality Act: Day-to-day activities limited a lot,0,110000,0
E07000028,Carlisle,Does not apply,Disabled under the Equality Act: Day-to-day activities limited a little,0,110000,0
E07000028,Carlisle,Does not apply,Not disabled under the Equality Act,0,110000,0
E07000028,Carlisle,Straight or Heterosexual,Does not apply,0,110000,0
E07000028,Carlisle,Straight or Heterosexual,Disabled under the Equality Act: Day-to-day activities limited a lot,7410,110000,6.736363636363636
E07000028,Carlisle,Straight or Heterosexual,Disabled under the Equality Act: Day-to-day activities limited a little,9920,110000,9.018181818181818
E07000028,Carlisle,Straight or Heterosexual,Not disabled under the Equality Act,65598,110000,59.63454545454545
E07000028,Carlisle,Gay or Lesbian,Does not apply,0,110000,0
E07000028,Carlisle,Gay or Lesbian,Disabled under the Equality Act: Day-to-day activities limited a lot,128,110000,0.11636363636363636
E07000028,Carlisle,Gay or Lesbian,Disabled under the Equality Act: Day-to-day activities limited a little,174,110000,0.15818181818181817
E07000028,Carlisle,Gay or Lesbian,Not disabled under the Equality Act,941,110000,0.8554545454545455
E07000028,Carlisle,Bisexual,Does not apply,0,110000,0
E07000028,Carlisle,Bisexual,Disabled under the Equality Act: Day-to-day activities limited a lot,129,110000,0.11727272727272728
E07000028,Carlisle,Bisexual,Disabled under the Equality Act: Day-to-day activities limited a little,253,110000,0.23
E07000028,Carlisle,Bisexual,Not disabled under the Equality Act,644,110000,0.5854545454545454
E07000028,Carlisle,All other sexual orientations,Does not apply,0,110000,0
E07000028,Carlisle,All other sexual orientations,Disabled under the Equality Act: Day-to-day activities limited a lot,33,110000,0.03
E07000028,Carlisle,All other sexual orientations,Disabled under the Equality Act: Day-to-day activities limited a little,60,110000,0.05454545454545454
E07000028,Carlisle,All other sexual orientations,Not disabled under the Equality Act,139,110000,0.12636363636363637
E07000028,Carlisle,Not answered,Does not apply,0,110000,0
E07000028,Carlisle,Not answered,Disabled under the Equality Act: Day-to-day activities limited a lot,875,110000,0.7954545454545454
E07000028,Carlisle,Not answered,Disabled under the Equality Act: Day-to-day activities limited a little,764,110000,0.6945454545454546
E07000028,Carlisle,Not answered,Not disabled under the Equality Act,4275,110000,3.8863636363636362
E07000029,Copeland,Does not apply,Does not apply,0,67100,0
E07000029,Copeland,Does not apply,Disabled under the Equality Act: Day-to-day activities limited a lot,0,67100,0
E07000029,Copeland,Does not apply,Disabled under the Equality Act: Day-to-day activities limited a little,0,67100,0
E07000029,Copeland,Does not apply,Not disabled under the Equality Act,0,67100,0
E07000029,Copeland,Straight or Heterosexual,Does not apply,0,67100,0
E07000029,Copeland,Straight or Heterosexual,Disabled under the Equality Act: Day-to-day activities limited a lot,5420,67100,8.077496274217586
E07000029,Copeland,Straight or Heterosexual,Disabled under the Equality Act: Day-to-day activities limited a little,6388,67100,9.520119225037257
E07000029,Copeland,Straight or Heterosexual,Not disabled under the Equality Act,39486,67100,58.846497764530554
E07000029,Copeland,Gay or Lesbian,Does not apply,0,67100,0
E07000029,Copeland,Gay or Lesbian,Disabled under the Equality Act: Day-to-day activities limited a lot,65,67100,0.09687034277198212
E07000029,Copeland,Gay or Lesbian,Disabled under the Equality Act: Day-to-day activities limited a little,93,67100,0.13859910581222057
E07000029,Copeland,Gay or Lesbian,Not disabled under the Equality Act,487,67100,0.7257824143070045
E07000029,Copeland,Bisexual,Does not apply,0,67100,0
E07000029,Copeland,Bisexual,Disabled under the Equality Act: Day-to-day activities limited a lot,76,67100,0.11326378539493294
E07000029,Copeland,Bisexual,Disabled under the Equality Act: Day-to-day activities limited a little,127,67100,0.18926974664679583
E07000029,Copeland,Bisexual,Not disabled under the Equality Act,293,67100,0.4366616989567809
E07000029,Copeland,All other sexual orientations,Does not apply,0,67100,0
E07000029,Copeland,All other sexual orientations,Disabled under the Equality Act: Day-to-day activities limited a lot,20,67100,0.029806259314456036
E07000029,Copeland,All other sexual orientations,Disabled under the Equality Act: Day-to-day activities limited a little,27,67100,0.040238450074515646
E07000029,Copeland,All other sexual orientations,Not disabled under the Equality Act,46,67100,0.06855439642324888
E07000029,Copeland,Not answered,Does not apply,0,67100,0
E07000029,Copeland,Not answered,Disabled under the Equality Act: Day-to-day activities limited a lot,529,67100,0.7883755588673621
E07000029,Copeland,Not answered,Disabled under the Equality Act: Day-to-day activities limited a little,481,67100,0.7168405365126677
E07000029,Copeland,Not answered,Not disabled under the Equality Act,2474,67100,3.6870342771982116
E07000030,Eden,Does not apply,Does not apply,0,54700,0
E07000030,Eden,Does not apply,Disabled under the Equality Act: Day-to-day activities limited a lot,0,54700,0
E07000030,Eden,Does not apply,Disabled under the Equality Act: Day-to-day activities limited a little,0,54700,0
E07000030,Eden,Does not apply,Not disabled under the Equality Act,0,54700,0
E07000030,Eden,Straight or Heterosexual,Does not apply,0,54700,0
E07000030,Eden,Straight or Heterosexual,Disabled under the Equality Act: Day-to-day activities limited a lot,2960,54700,5.411334552102376
E07000030,Eden,Straight or Heterosexual,Disabled under the Equality Act: Day-to-day activities limited a little,4899,54700,8.956124314442413
E07000030,Eden,Straight or Heterosexual,Not disabled under the Equality Act,34563,54700,63.18647166361974
E07000030,Eden,Gay or Lesbian,Does not apply,0,54700,0
E07000030,Eden,Gay or Lesbian,Disabled under the Equality Act: Day-to-day activities limited a lot,51,54700,0.09323583180987204
E07000030,Eden,Gay or Lesbian,Disabled under the Equality Act: Day-to-day activities limited a little,61,54700,0.11151736745886655
E07000030,Eden,Gay or Lesbian,Not disabled under the Equality Act,358,54700,0.6544789762340036
E07000030,Eden,Bisexual,Does not apply,0,54700,0
E07000030,Eden,Bisexual,Disabled under the Equality Act: Day-to-day activities limited a lot,37,54700,0.06764168190127971
E07000030,Eden,Bisexual,Disabled under the Equality Act: Day-to-day activities limited a little,84,54700,0.15356489945155394
E07000030,Eden,Bisexual,Not disabled under the Equality Act,241,54700,0.4405850091407678
E07000030,Eden,All other sexual orientations,Does not apply,0,54700,0
E07000030,Eden,All other sexual orientations,Disabled under the Equality Act: Day-to-day activities limited a lot,15,54700,0.027422303473491772
E07000030,Eden,All other sexual orientations,Disabled under the Equality Act: Day-to-day activities limited a little,31,54700,0.056672760511883
E07000030,Eden,All other sexual orientations,Not disabled under the Equality Act,57,54700,0.10420475319926874
E07000030,Eden,Not answered,Does not apply,0,54700,0
E07000030,Eden,Not answered,Disabled under the Equality Act: Day-to-day activities limited a lot,317,54700,0.5795246800731262
E07000030,Eden,Not answered,Disabled under the Equality Act: Day-to-day activities limited a little,402,54700,0.7349177330895795
E07000030,Eden,Not answered,Not disabled under the Equality Act,2558,54700,4.676416819012797
E07000031,South Lakeland,Does not apply,Does not apply,0,104500,0
E07000031,South Lakeland,Does not apply,Disabled under the Equality Act: Day-to-day activities limited a lot,0,104500,0
E07000031,South Lakeland,Does not apply,Disabled under the Equality Act: Day-to-day activities limited a little,0,104500,0
E07000031,South Lakeland,Does not apply,Not disabled under the Equality Act,0,104500,0
E07000031,South Lakeland,Straight or Heterosexual,Does not apply,0,104500,0
E07000031,South Lakeland,Straight or Heterosexual,Disabled under the Equality Act: Day-to-day activities limited a lot,5752,104500,5.504306220095693
E07000031,South Lakeland,Straight or Heterosexual,Disabled under the Equality Act: Day-to-day activities limited a little,9763,104500,9.342583732057417
E07000031,South Lakeland,Straight or Heterosexual,Not disabled under the Equality Act,65904,104500,63.06602870813397
E07000031,South Lakeland,Gay or Lesbian,Does not apply,0,104500,0
E07000031,South Lakeland,Gay or Lesbian,Disabled under the Equality Act: Day-to-day activities limited a lot,78,104500,0.07464114832535886
E07000031,South Lakeland,Gay or Lesbian,Disabled under the Equality Act: Day-to-day activities limited a little,143,104500,0.1368421052631579
E07000031,South Lakeland,Gay or Lesbian,Not disabled under the Equality Act,769,104500,0.7358851674641148
E07000031,South Lakeland,Bisexual,Does not apply,0,104500,0
E07000031,South Lakeland,Bisexual,Disabled under the Equality Act: Day-to-day activities limited a lot,74,104500,0.0708133971291866
E07000031,South Lakeland,Bisexual,Disabled under the Equality Act: Day-to-day activities limited a little,188,104500,0.1799043062200957
E07000031,South Lakeland,Bisexual,Not disabled under the Equality Act,585,104500,0.5598086124401914
E07000031,South Lakeland,All other sexual orientations,Does not apply,0,104500,0
E07000031,South Lakeland,All other sexual orientations,Disabled under the Equality Act: Day-to-day activities limited a lot,32,104500,0.03062200956937799
E07000031,South Lakeland,All other sexual orientations,Disabled under the Equality Act: Day-to-day activities limited a little,59,104500,0.05645933014354067
E07000031,South Lakeland,All other sexual orientations,Not disabled under the Equality Act,106,104500,0.10143540669856459
E07000031,South Lakeland,Not answered,Does not apply,0,104500,0
E07000031,South Lakeland,Not answered,Disabled under the Equality Act: Day-to-day activities limited a lot,754,104500,0.7215311004784689
E07000031,South Lakeland,Not answered,Disabled under the Equality Act: Day-to-day activities limited a little,767,104500,0.7339712918660287
E07000031,South Lakeland,Not answered,Not disabled under the Equality Act,4726,104500,4.522488038277512
E07000032,Amber Valley,Does not apply,Does not apply,0,126200,0
E07000032,Amber Valley,Does not apply,Disabled under the Equality Act: Day-to-day activities limited a lot,0,126200,0
E07000032,Amber Valley,Does not apply,Disabled under the Equality Act: Day-to-day activities limited a little,0,126200,0
E07000032,Amber Valley,Does not apply,Not disabled under the Equality Act,0,126200,0
E07000032,Amber Valley,Straight or Heterosexual,Does not apply,0,126200,0
E07000032,Amber Valley,Straight or Heterosexual,Disabled under the Equality Act: Day-to-day activities limited a lot,8562,126200,6.784469096671949
E07000032,Amber Valley,Straight or Heterosexual,Disabled under the Equality Act: Day-to-day activities limited a little,12080,126200,9.572107765451664
E07000032,Amber Valley,Straight or Heterosexual,Not disabled under the Equality Act,74708,126200,59.19809825673534
E07000032,Amber Valley,Gay or Lesbian,Does not apply,0,126200,0
E07000032,Amber Valley,Gay or Lesbian,Disabled under the Equality Act: Day-to-day activities limited a lot,131,126200,0.10380348652931855
E07000032,Amber Valley,Gay or Lesbian,Disabled under the Equality Act: Day-to-day activities limited a little,221,126200,0.1751188589540412
E07000032,Amber Valley,Gay or Lesbian,Not disabled under the Equality Act,1063,126200,0.8423137876386688
E07000032,Amber Valley,Bisexual,Does not apply,0,126200,0
E07000032,Amber Valley,Bisexual,Disabled under the Equality Act: Day-to-day activities limited a lot,147,126200,0.11648177496038035
E07000032,Amber Valley,Bisexual,Disabled under the Equality Act: Day-to-day activities limited a little,261,126200,0.20681458003169573
E07000032,Amber Valley,Bisexual,Not disabled under the Equality Act,583,126200,0.4619651347068146
E07000032,Amber Valley,All other sexual orientations,Does not apply,0,126200,0
E07000032,Amber Valley,All other sexual orientations,Disabled under the Equality Act: Day-to-day activities limited a lot,39,126200,0.030903328050713153
E07000032,Amber Valley,All other sexual orientations,Disabled under the Equality Act: Day-to-day activities limited a little,48,126200,0.03803486529318542
E07000032,Amber Valley,All other sexual orientations,Not disabled under the Equality Act,103,126200,0.08161648177496038
E07000032,Amber Valley,Not answered,Does not apply,0,126200,0
E07000032,Amber Valley,Not answered,Disabled under the Equality Act: Day-to-day activities limited a lot,1088,126200,0.8621236133122029
E07000032,Amber Valley,Not answered,Disabled under the Equality Act: Day-to-day activities limited a little,1071,126200,0.8486529318541997
E07000032,Amber Valley,Not answered,Not disabled under the Equality Act,4957,126200,3.927892234548336
E07000033,Bolsover,Does not apply,Does not apply,0,80300,0
E07000033,Bolsover,Does not apply,Disabled under the Equality Act: Day-to-day activities limited a lot,0,80300,0
E07000033,Bolsover,Does not apply,Disabled under the Equality Act: Day-to-day activities limited a little,0,80300,0
E07000033,Bolsover,Does not apply,Not disabled under the Equality Act,0,80300,0
E07000033,Bolsover,Straight or Heterosexual,Does not apply,0,80300,0
E07000033,Bolsover,Straight or Heterosexual,Disabled under the Equality Act: Day-to-day activities limited a lot,7320,80300,9.115815691158156
E07000033,Bolsover,Straight or Heterosexual,Disabled under the Equality Act: Day-to-day activities limited a little,8077,80300,10.058530510585305
E07000033,Bolsover,Straight or Heterosexual,Not disabled under the Equality Act,44938,80300,55.9626400996264
E07000033,Bolsover,Gay or Lesbian,Does not apply,0,80300,0
E07000033,Bolsover,Gay or Lesbian,Disabled under the Equality Act: Day-to-day activities limited a lot,120,80300,0.149439601494396
E07000033,Bolsover,Gay or Lesbian,Disabled under the Equality Act: Day-to-day activities limited a little,148,80300,0.1843088418430884
E07000033,Bolsover,Gay or Lesbian,Not disabled under the Equality Act,708,80300,0.8816936488169365
E07000033,Bolsover,Bisexual,Does not apply,0,80300,0
E07000033,Bolsover,Bisexual,Disabled under the Equality Act: Day-to-day activities limited a lot,68,80300,0.08468244084682441
E07000033,Bolsover,Bisexual,Disabled under the Equality Act: Day-to-day activities limited a little,164,80300,0.20423412204234123
E07000033,Bolsover,Bisexual,Not disabled under the Equality Act,353,80300,0.4396014943960149
E07000033,Bolsover,All other sexual orientations,Does not apply,0,80300,0
E07000033,Bolsover,All other sexual orientations,Disabled under the Equality Act: Day-to-day activities limited a lot,27,80300,0.033623910336239106
E07000033,Bolsover,All other sexual orientations,Disabled under the Equality Act: Day-to-day activities limited a little,37,80300,0.0460772104607721
E07000033,Bolsover,All other sexual orientations,Not disabled under the Equality Act,66,80300,0.0821917808219178
E07000033,Bolsover,Not answered,Does not apply,0,80300,0
E07000033,Bolsover,Not answered,Disabled under the Equality Act: Day-to-day activities limited a lot,780,80300,0.9713574097135741
E07000033,Bolsover,Not answered,Disabled under the Equality Act: Day-to-day activities limited a little,614,80300,0.7646326276463262
E07000033,Bolsover,Not answered,Not disabled under the Equality Act,2861,80300,3.5628891656288917
E07000034,Chesterfield,Does not apply,Does not apply,0,103600,0
E07000034,Chesterfield,Does not apply,Disabled under the Equality Act: Day-to-day activities limited a lot,0,103600,0
E07000034,Chesterfield,Does not apply,Disabled under the Equality Act: Day-to-day activities limited a little,0,103600,0
E07000034,Chesterfield,Does not apply,Not disabled under the Equality Act,0,103600,0
E07000034,Chesterfield,Straight or Heterosexual,Does not apply,0,103600,0
E07000034,Chesterfield,Straight or Heterosexual,Disabled under the Equality Act: Day-to-day activities limited a lot,8787,103600,8.481660231660232
E07000034,Chesterfield,Straight or Heterosexual,Disabled under the Equality Act: Day-to-day activities limited a little,10971,103600,10.589768339768339
E07000034,Chesterfield,Straight or Heterosexual,Not disabled under the Equality Act,58169,103600,56.147683397683394
E07000034,Chesterfield,Gay or Lesbian,Does not apply,0,103600,0
E07000034,Chesterfield,Gay or Lesbian,Disabled under the Equality Act: Day-to-day activities limited a lot,142,103600,0.13706563706563707
E07000034,Chesterfield,Gay or Lesbian,Disabled under the Equality Act: Day-to-day activities limited a little,202,103600,0.19498069498069498
E07000034,Chesterfield,Gay or Lesbian,Not disabled under the Equality Act,929,103600,0.8967181467181468
E07000034,Chesterfield,Bisexual,Does not apply,0,103600,0
E07000034,Chesterfield,Bisexual,Disabled under the Equality Act: Day-to-day activities limited a lot,138,103600,0.13320463320463322
E07000034,Chesterfield,Bisexual,Disabled under the Equality Act: Day-to-day activities limited a little,289,103600,0.27895752895752896
E07000034,Chesterfield,Bisexual,Not disabled under the Equality Act,587,103600,0.5666023166023166
E07000034,Chesterfield,All other sexual orientations,Does not apply,0,103600,0
E07000034,Chesterfield,All other sexual orientations,Disabled under the Equality Act: Day-to-day activities limited a lot,33,103600,0.03185328185328185
E07000034,Chesterfield,All other sexual orientations,Disabled under the Equality Act: Day-to-day activities limited a little,50,103600,0.04826254826254826
E07000034,Chesterfield,All other sexual orientations,Not disabled under the Equality Act,101,103600,0.09749034749034749
E07000034,Chesterfield,Not answered,Does not apply,0,103600,0
E07000034,Chesterfield,Not answered,Disabled under the Equality Act: Day-to-day activities limited a lot,981,103600,0.946911196911197
E07000034,Chesterfield,Not answered,Disabled under the Equality Act: Day-to-day activities limited a little,894,103600,0.862934362934363
E07000034,Chesterfield,Not answered,Not disabled under the Equality Act,3731,103600,3.6013513513513513
E07000035,Derbyshire Dales,Does not apply,Does not apply,0,71500,0
E07000035,Derbyshire Dales,Does not apply,Disabled under the Equality Act: Day-to-day activities limited a lot,0,71500,0
E07000035,Derbyshire Dales,Does not apply,Disabled under the Equality Act: Day-to-day activities limited a little,0,71500,0
E07000035,Derbyshire Dales,Does not apply,Not disabled under the Equality Act,0,71500,0
E07000035,Derbyshire Dales,Straight or Heterosexual,Does not apply,0,71500,0
E07000035,Derbyshire Dales,Straight or Heterosexual,Disabled under the Equality Act: Day-to-day activities limited a lot,4104,71500,5.73986013986014
E07000035,Derbyshire Dales,Straight or Heterosexual,Disabled under the Equality Act: Day-to-day activities limited a little,6948,71500,9.717482517482518
E07000035,Derbyshire Dales,Straight or Heterosexual,Not disabled under the Equality Act,44576,71500,62.344055944055945
E07000035,Derbyshire Dales,Gay or Lesbian,Does not apply,0,71500,0
E07000035,Derbyshire Dales,Gay or Lesbian,Disabled under the Equality Act: Day-to-day activities limited a lot,60,71500,0.08391608391608392
E07000035,Derbyshire Dales,Gay or Lesbian,Disabled under the Equality Act: Day-to-day activities limited a little,106,71500,0.14825174825174825
E07000035,Derbyshire Dales,Gay or Lesbian,Not disabled under the Equality Act,514,71500,0.7188811188811188
E07000035,Derbyshire Dales,Bisexual,Does not apply,0,71500,0
E07000035,Derbyshire Dales,Bisexual,Disabled under the Equality Act: Day-to-day activities limited a lot,47,71500,0.06573426573426573
E07000035,Derbyshire Dales,Bisexual,Disabled under the Equality Act: Day-to-day activities limited a little,126,71500,0.17622377622377622
E07000035,Derbyshire Dales,Bisexual,Not disabled under the Equality Act,302,71500,0.4223776223776224
E07000035,Derbyshire Dales,All other sexual orientations,Does not apply,0,71500,0
E07000035,Derbyshire Dales,All other sexual orientations,Disabled under the Equality Act: Day-to-day activities limited a lot,25,71500,0.03496503496503497
E07000035,Derbyshire Dales,All other sexual orientations,Disabled under the Equality Act: Day-to-day activities limited a little,15,71500,0.02097902097902098
E07000035,Derbyshire Dales,All other sexual orientations,Not disabled under the Equality Act,69,71500,0.0965034965034965
E07000035,Derbyshire Dales,Not answered,Does not apply,0,71500,0
E07000035,Derbyshire Dales,Not answered,Disabled under the Equality Act: Day-to-day activities limited a lot,563,71500,0.7874125874125875
E07000035,Derbyshire Dales,Not answered,Disabled under the Equality Act: Day-to-day activities limited a little,545,71500,0.7622377622377622
E07000035,Derbyshire Dales,Not answered,Not disabled under the Equality Act,3059,71500,4.278321678321678
E07000036,Erewash,Does not apply,Does not apply,0,112900,0
E07000036,Erewash,Does not apply,Disabled under the Equality Act: Day-to-day activities limited a lot,0,112900,0
E07000036,Erewash,Does not apply,Disabled under the Equality Act: Day-to-day activities limited a little,0,112900,0
E07000036,Erewash,Does not apply,Not disabled under the Equality Act,0,112900,0
E07000036,Erewash,Straight or Heterosexual,Does not apply,0,112900,0
E07000036,Erewash,Straight or Heterosexual,Disabled under the Equality Act: Day-to-day activities limited a lot,7522,112900,6.662533215234721
E07000036,Erewash,Straight or Heterosexual,Disabled under the Equality Act: Day-to-day activities limited a little,10648,112900,9.431355181576617
E07000036,Erewash,Straight or Heterosexual,Not disabled under the Equality Act,66811,112900,59.177147918511956
E07000036,Erewash,Gay or Lesbian,Does not apply,0,112900,0
E07000036,Erewash,Gay or Lesbian,Disabled under the Equality Act: Day-to-day activities limited a lot,122,112900,0.10806023029229407
E07000036,Erewash,Gay or Lesbian,Disabled under the Equality Act: Day-to-day activities limited a little,222,112900,0.1966341895482728
E07000036,Erewash,Gay or Lesbian,Not disabled under the Equality Act,938,112900,0.8308237378210807
E07000036,Erewash,Bisexual,Does not apply,0,112900,0
E07000036,Erewash,Bisexual,Disabled under the Equality Act: Day-to-day activities limited a lot,153,112900,0.1355181576616475
E07000036,Erewash,Bisexual,Disabled under the Equality Act: Day-to-day activities limited a little,288,112900,0.2550930026572188
E07000036,Erewash,Bisexual,Not disabled under the Equality Act,678,112900,0.6005314437555359
E07000036,Erewash,All other sexual orientations,Does not apply,0,112900,0
E07000036,Erewash,All other sexual orientations,Disabled under the Equality Act: Day-to-day activities limited a lot,31,112900,0.02745792736935341
E07000036,Erewash,All other sexual orientations,Disabled under the Equality Act: Day-to-day activities limited a little,60,112900,0.053144375553587246
E07000036,Erewash,All other sexual orientations,Not disabled under the Equality Act,111,112900,0.0983170947741364
E07000036,Erewash,Not answered,Does not apply,0,112900,0
E07000036,Erewash,Not answered,Disabled under the Equality Act: Day-to-day activities limited a lot,875,112900,0.775022143489814
E07000036,Erewash,Not answered,Disabled under the Equality Act: Day-to-day activities limited a little,865,112900,0.7661647475642162
E07000036,Erewash,Not answered,Not disabled under the Equality Act,4204,112900,3.7236492471213465
E07000037,High Peak,Does not apply,Does not apply,0,90900,0
E07000037,High Peak,Does not apply,Disabled under the Equality Act: Day-to-day activities limited a lot,0,90900,0
E07000037,High Peak,Does not apply,Disabled under the Equality Act: Day-to-day activities limited a little,0,90900,0
E07000037,High Peak,Does not apply,Not disabled under the Equality Act,0,90900,0
E07000037,High Peak,Straight or Heterosexual,Does not apply,0,90900,0
E07000037,High Peak,Straight or Heterosexual,Disabled under the Equality Act: Day-to-day activities limited a lot,5462,90900,6.008800880088009
E07000037,High Peak,Straight or Heterosexual,Disabled under the Equality Act: Day-to-day activities limited a little,8382,90900,9.221122112211221
E07000037,High Peak,Straight or Heterosexual,Not disabled under the Equality Act,54976,90900,60.47964796479648
E07000037,High Peak,Gay or Lesbian,Does not apply,0,90900,0
E07000037,High Peak,Gay or Lesbian,Disabled under the Equality Act: Day-to-day activities limited a lot,93,90900,0.10231023102310231
E07000037,High Peak,Gay or Lesbian,Disabled under the Equality Act: Day-to-day activities limited a little,158,90900,0.17381738173817382
E07000037,High Peak,Gay or Lesbian,Not disabled under the Equality Act,787,90900,0.8657865786578658
E07000037,High Peak,Bisexual,Does not apply,0,90900,0
E07000037,High Peak,Bisexual,Disabled under the Equality Act: Day-to-day activities limited a lot,105,90900,0.11551155115511551
E07000037,High Peak,Bisexual,Disabled under the Equality Act: Day-to-day activities limited a little,226,90900,0.24862486248624863
E07000037,High Peak,Bisexual,Not disabled under the Equality Act,554,90900,0.6094609460946094
E07000037,High Peak,All other sexual orientations,Does not apply,0,90900,0
E07000037,High Peak,All other sexual orientations,Disabled under the Equality Act: Day-to-day activities limited a lot,24,90900,0.026402640264026403
E07000037,High Peak,All other sexual orientations,Disabled under the Equality Act: Day-to-day activities limited a little,62,90900,0.06820682068206821
E07000037,High Peak,All other sexual orientations,Not disabled under the Equality Act,128,90900,0.1408140814081408
E07000037,High Peak,Not answered,Does not apply,0,90900,0
E07000037,High Peak,Not answered,Disabled under the Equality Act: Day-to-day activities limited a lot,608,90900,0.6688668866886689
E07000037,High Peak,Not answered,Disabled under the Equality Act: Day-to-day activities limited a little,693,90900,0.7623762376237624
E07000037,High Peak,Not answered,Not disabled under the Equality Act,3400,90900,3.74037403740374
E07000038,North East Derbyshire,Does not apply,Does not apply,0,102000,0
E07000038,North East Derbyshire,Does not apply,Disabled under the Equality Act: Day-to-day activities limited a lot,0,102000,0
E07000038,North East Derbyshire,Does not apply,Disabled under the Equality Act: Day-to-day activities limited a little,0,102000,0
E07000038,North East Derbyshire,Does not apply,Not disabled under the Equality Act,0,102000,0
E07000038,North East Derbyshire,Straight or Heterosexual,Does not apply,0,102000,0
E07000038,North East Derbyshire,Straight or Heterosexual,Disabled under the Equality Act: Day-to-day activities limited a lot,7959,102000,7.802941176470588
E07000038,North East Derbyshire,Straight or Heterosexual,Disabled under the Equality Act: Day-to-day activities limited a little,10428,102000,10.223529411764705
E07000038,North East Derbyshire,Straight or Heterosexual,Not disabled under the Equality Act,60042,102000,58.86470588235294
E07000038,North East Derbyshire,Gay or Lesbian,Does not apply,0,102000,0
E07000038,North East Derbyshire,Gay or Lesbian,Disabled under the Equality Act: Day-to-day activities limited a lot,112,102000,0.10980392156862745
E07000038,North East Derbyshire,Gay or Lesbian,Disabled under the Equality Act: Day-to-day activities limited a little,135,102000,0.1323529411764706
E07000038,North East Derbyshire,Gay or Lesbian,Not disabled under the Equality Act,724,102000,0.7098039215686275
E07000038,North East Derbyshire,Bisexual,Does not apply,0,102000,0
E07000038,North East Derbyshire,Bisexual,Disabled under the Equality Act: Day-to-day activities limited a lot,114,102000,0.11176470588235295
E07000038,North East Derbyshire,Bisexual,Disabled under the Equality Act: Day-to-day activities limited a little,196,102000,0.19215686274509805
E07000038,North East Derbyshire,Bisexual,Not disabled under the Equality Act,390,102000,0.38235294117647056
E07000038,North East Derbyshire,All other sexual orientations,Does not apply,0,102000,0
E07000038,North East Derbyshire,All other sexual orientations,Disabled under the Equality Act: Day-to-day activities limited a lot,16,102000,0.01568627450980392
E07000038,North East Derbyshire,All other sexual orientations,Disabled under the Equality Act: Day-to-day activities limited a little,40,102000,0.0392156862745098
E07000038,North East Derbyshire,All other sexual orientations,Not disabled under the Equality Act,61,102000,0.059803921568627454
E07000038,North East Derbyshire,Not answered,Does not apply,0,102000,0
E07000038,North East Derbyshire,Not answered,Disabled under the Equality Act: Day-to-day activities limited a lot,873,102000,0.8558823529411764
E07000038,North East Derbyshire,Not answered,Disabled under the Equality Act: Day-to-day activities limited a little,740,102000,0.7254901960784313
E07000038,North East Derbyshire,Not answered,Not disabled under the Equality Act,3442,102000,3.3745098039215686
E07000039,South Derbyshire,Does not apply,Does not apply,0,107200,0
E07000039,South Derbyshire,Does not apply,Disabled under the Equality Act: Day-to-day activities limited a lot,0,107200,0
E07000039,South Derbyshire,Does not apply,Disabled under the Equality Act: Day-to-day activities limited a little,0,107200,0
E07000039,South Derbyshire,Does not apply,Not disabled under the Equality Act,0,107200,0
E07000039,South Derbyshire,Straight or Heterosexual,Does not apply,0,107200,0
E07000039,South Derbyshire,Straight or Heterosexual,Disabled under the Equality Act: Day-to-day activities limited a lot,5992,107200,5.58955223880597
E07000039,South Derbyshire,Straight or Heterosexual,Disabled under the Equality Act: Day-to-day activities limited a little,9200,107200,8.582089552238806
E07000039,South Derbyshire,Straight or Heterosexual,Not disabled under the Equality Act,64634,107200,60.292910447761194
E07000039,South Derbyshire,Gay or Lesbian,Does not apply,0,107200,0
E07000039,South Derbyshire,Gay or Lesbian,Disabled under the Equality Act: Day-to-day activities limited a lot,91,107200,0.08488805970149253
E07000039,South Derbyshire,Gay or Lesbian,Disabled under the Equality Act: Day-to-day activities limited a little,163,107200,0.15205223880597016
E07000039,South Derbyshire,Gay or Lesbian,Not disabled under the Equality Act,878,107200,0.8190298507462687
E07000039,South Derbyshire,Bisexual,Does not apply,0,107200,0
E07000039,South Derbyshire,Bisexual,Disabled under the Equality Act: Day-to-day activities limited a lot,85,107200,0.07929104477611941
E07000039,South Derbyshire,Bisexual,Disabled under the Equality Act: Day-to-day activities limited a little,185,107200,0.17257462686567165
E07000039,South Derbyshire,Bisexual,Not disabled under the Equality Act,476,107200,0.44402985074626866
E07000039,South Derbyshire,All other sexual orientations,Does not apply,0,107200,0
E07000039,South Derbyshire,All other sexual orientations,Disabled under the Equality Act: Day-to-day activities limited a lot,30,107200,0.027985074626865673
E07000039,South Derbyshire,All other sexual orientations,Disabled under the Equality Act: Day-to-day activities limited a little,37,107200,0.03451492537313433
E07000039,South Derbyshire,All other sexual orientations,Not disabled under the Equality Act,95,107200,0.08861940298507463
E07000039,South Derbyshire,Not answered,Does not apply,0,107200,0
E07000039,South Derbyshire,Not answered,Disabled under the Equality Act: Day-to-day activities limited a lot,605,107200,0.5643656716417911
E07000039,South Derbyshire,Not answered,Disabled under the Equality Act: Day-to-day activities limited a little,681,107200,0.6352611940298507
E07000039,South Derbyshire,Not answered,Not disabled under the Equality Act,3802,107200,3.546641791044776
E07000040,East Devon,Does not apply,Does not apply,0,150800,0
E07000040,East Devon,Does not apply,Disabled under the Equality Act: Day-to-day activities limited a lot,0,150800,0
E07000040,East Devon,Does not apply,Disabled under the Equality Act: Day-to-day activities limited a little,0,150800,0
E07000040,East Devon,Does not apply,Not disabled under the Equality Act,0,150800,0
E07000040,East Devon,Straight or Heterosexual,Does not apply,0,150800,0
E07000040,East Devon,Straight or Heterosexual,Disabled under the Equality Act: Day-to-day activities limited a lot,9128,150800,6.053050397877984
E07000040,East Devon,Straight or Heterosexual,Disabled under the Equality Act: Day-to-day activities limited a little,15245,150800,10.109416445623342
E07000040,East Devon,Straight or Heterosexual,Not disabled under the Equality Act,90983,150800,60.33355437665782
E07000040,East Devon,Gay or Lesbian,Does not apply,0,150800,0
E07000040,East Devon,Gay or Lesbian,Disabled under the Equality Act: Day-to-day activities limited a lot,135,150800,0.08952254641909814
E07000040,East Devon,Gay or Lesbian,Disabled under the Equality Act: Day-to-day activities limited a little,236,150800,0.15649867374005305
E07000040,East Devon,Gay or Lesbian,Not disabled under the Equality Act,1087,150800,0.7208222811671088
E07000040,East Devon,Bisexual,Does not apply,0,150800,0
E07000040,East Devon,Bisexual,Disabled under the Equality Act: Day-to-day activities limited a lot,126,150800,0.08355437665782493
E07000040,East Devon,Bisexual,Disabled under the Equality Act: Day-to-day activities limited a little,283,150800,0.1876657824933687
E07000040,East Devon,Bisexual,Not disabled under the Equality Act,734,150800,0.48673740053050396
E07000040,East Devon,All other sexual orientations,Does not apply,0,150800,0
E07000040,East Devon,All other sexual orientations,Disabled under the Equality Act: Day-to-day activities limited a lot,51,150800,0.033819628647214856
E07000040,East Devon,All other sexual orientations,Disabled under the Equality Act: Day-to-day activities limited a little,83,150800,0.055039787798408485
E07000040,East Devon,All other sexual orientations,Not disabled under the Equality Act,148,150800,0.09814323607427056
E07000040,East Devon,Not answered,Does not apply,0,150800,0
E07000040,East Devon,Not answered,Disabled under the Equality Act: Day-to-day activities limited a lot,1185,150800,0.7858090185676393
E07000040,East Devon,Not answered,Disabled under the Equality Act: Day-to-day activities limited a little,1317,150800,0.873342175066313
E07000040,East Devon,Not answered,Not disabled under the Equality Act,6651,150800,4.410477453580902
E07000041,Exeter,Does not apply,Does not apply,0,130800,0
E07000041,Exeter,Does not apply,Disabled under the Equality Act: Day-to-day activities limited a lot,0,130800,0
E07000041,Exeter,Does not apply,Disabled under the Equality Act: Day-to-day activities limited a little,0,130800,0
E07000041,Exeter,Does not apply,Not disabled under the Equality Act,0,130800,0
E07000041,Exeter,Straight or Heterosexual,Does not apply,0,130800,0
E07000041,Exeter,Straight or Heterosexual,Disabled under the Equality Act: Day-to-day activities limited a lot,6728,130800,5.143730886850153
E07000041,Exeter,Straight or Heterosexual,Disabled under the Equality Act: Day-to-day activities limited a little,11406,130800,8.720183486238533
E07000041,Exeter,Straight or Heterosexual,Not disabled under the Equality Act,77814,130800,59.49082568807339
E07000041,Exeter,Gay or Lesbian,Does not apply,0,130800,0
E07000041,Exeter,Gay or Lesbian,Disabled under the Equality Act: Day-to-day activities limited a lot,180,130800,0.13761467889908258
E07000041,Exeter,Gay or Lesbian,Disabled under the Equality Act: Day-to-day activities limited a little,406,130800,0.3103975535168196
E07000041,Exeter,Gay or Lesbian,Not disabled under the Equality Act,1568,130800,1.198776758409786
E07000041,Exeter,Bisexual,Does not apply,0,130800,0
E07000041,Exeter,Bisexual,Disabled under the Equality Act: Day-to-day activities limited a lot,241,130800,0.18425076452599387
E07000041,Exeter,Bisexual,Disabled under the Equality Act: Day-to-day activities limited a little,829,130800,0.6337920489296636
E07000041,Exeter,Bisexual,Not disabled under the Equality Act,1992,130800,1.5229357798165137
E07000041,Exeter,All other sexual orientations,Does not apply,0,130800,0
E07000041,Exeter,All other sexual orientations,Disabled under the Equality Act: Day-to-day activities limited a lot,91,130800,0.06957186544342507
E07000041,Exeter,All other sexual orientations,Disabled under the Equality Act: Day-to-day activities limited a little,189,130800,0.1444954128440367
E07000041,Exeter,All other sexual orientations,Not disabled under the Equality Act,399,130800,0.30504587155963303
E07000041,Exeter,Not answered,Does not apply,0,130800,0
E07000041,Exeter,Not answered,Disabled under the Equality Act: Day-to-day activities limited a lot,1043,130800,0.7974006116207951
E07000041,Exeter,Not answered,Disabled under the Equality Act: Day-to-day activities limited a little,1207,130800,0.922782874617737
E07000041,Exeter,Not answered,Not disabled under the Equality Act,7236,130800,5.532110091743119
E07000042,Mid Devon,Does not apply,Does not apply,0,82800,0
E07000042,Mid Devon,Does not apply,Disabled under the Equality Act: Day-to-day activities limited a lot,0,82800,0
E07000042,Mid Devon,Does not apply,Disabled under the Equality Act: Day-to-day activities limited a little,0,82800,0
E07000042,Mid Devon,Does not apply,Not disabled under the Equality Act,0,82800,0
E07000042,Mid Devon,Straight or Heterosexual,Does not apply,0,82800,0
E07000042,Mid Devon,Straight or Heterosexual,Disabled under the Equality Act: Day-to-day activities limited a lot,4732,82800,5.714975845410628
E07000042,Mid Devon,Straight or Heterosexual,Disabled under the Equality Act: Day-to-day activities limited a little,7650,82800,9.23913043478261
E07000042,Mid Devon,Straight or Heterosexual,Not disabled under the Equality Act,49126,82800,59.330917874396135
E07000042,Mid Devon,Gay or Lesbian,Does not apply,0,82800,0
E07000042,Mid Devon,Gay or Lesbian,Disabled under the Equality Act: Day-to-day activities limited a lot,88,82800,0.10628019323671498
E07000042,Mid Devon,Gay or Lesbian,Disabled under the Equality Act: Day-to-day activities limited a little,129,82800,0.15579710144927536
E07000042,Mid Devon,Gay or Lesbian,Not disabled under the Equality Act,551,82800,0.6654589371980676
E07000042,Mid Devon,Bisexual,Does not apply,0,82800,0
E07000042,Mid Devon,Bisexual,Disabled under the Equality Act: Day-to-day activities limited a lot,81,82800,0.09782608695652174
E07000042,Mid Devon,Bisexual,Disabled under the Equality Act: Day-to-day activities limited a little,203,82800,0.24516908212560387
E07000042,Mid Devon,Bisexual,Not disabled under the Equality Act,436,82800,0.5265700483091788
E07000042,Mid Devon,All other sexual orientations,Does not apply,0,82800,0
E07000042,Mid Devon,All other sexual orientations,Disabled under the Equality Act: Day-to-day activities limited a lot,33,82800,0.03985507246376811
E07000042,Mid Devon,All other sexual orientations,Disabled under the Equality Act: Day-to-day activities limited a little,51,82800,0.06159420289855073
E07000042,Mid Devon,All other sexual orientations,Not disabled under the Equality Act,105,82800,0.12681159420289856
E07000042,Mid Devon,Not answered,Does not apply,0,82800,0
E07000042,Mid Devon,Not answered,Disabled under the Equality Act: Day-to-day activities limited a lot,599,82800,0.7234299516908212
E07000042,Mid Devon,Not answered,Disabled under the Equality Act: Day-to-day activities limited a little,666,82800,0.8043478260869565
E07000042,Mid Devon,Not answered,Not disabled under the Equality Act,3761,82800,4.542270531400966
E07000043,North Devon,Does not apply,Does not apply,0,98600,0
E07000043,North Devon,Does not apply,Disabled under the Equality Act: Day-to-day activities limited a lot,0,98600,0
E07000043,North Devon,Does not apply,Disabled under the Equality Act: Day-to-day activities limited a little,0,98600,0
E07000043,North Devon,Does not apply,Not disabled under the Equality Act,0,98600,0
E07000043,North Devon,Straight or Heterosexual,Does not apply,0,98600,0
E07000043,North Devon,Straight or Heterosexual,Disabled under the Equality Act: Day-to-day activities limited a lot,6377,98600,6.467545638945233
E07000043,North Devon,Straight or Heterosexual,Disabled under the Equality Act: Day-to-day activities limited a little,9416,98600,9.549695740365111
E07000043,North Devon,Straight or Heterosexual,Not disabled under the Equality Act,58397,98600,59.22616632860041
E07000043,North Devon,Gay or Lesbian,Does not apply,0,98600,0
E07000043,North Devon,Gay or Lesbian,Disabled under the Equality Act: Day-to-day activities limited a lot,89,98600,0.09026369168356999
E07000043,North Devon,Gay or Lesbian,Disabled under the Equality Act: Day-to-day activities limited a little,134,98600,0.1359026369168357
E07000043,North Devon,Gay or Lesbian,Not disabled under the Equality Act,688,98600,0.6977687626774848
E07000043,North Devon,Bisexual,Does not apply,0,98600,0
E07000043,North Devon,Bisexual,Disabled under the Equality Act: Day-to-day activities limited a lot,98,98600,0.09939148073022312
E07000043,North Devon,Bisexual,Disabled under the Equality Act: Day-to-day activities limited a little,215,98600,0.21805273833671399
E07000043,North Devon,Bisexual,Not disabled under the Equality Act,494,98600,0.5010141987829615
E07000043,North Devon,All other sexual orientations,Does not apply,0,98600,0
E07000043,North Devon,All other sexual orientations,Disabled under the Equality Act: Day-to-day activities limited a lot,32,98600,0.032454361054766734
E07000043,North Devon,All other sexual orientations,Disabled under the Equality Act: Day-to-day activities limited a little,74,98600,0.07505070993914807
E07000043,North Devon,All other sexual orientations,Not disabled under the Equality Act,97,98600,0.09837728194726167
E07000043,North Devon,Not answered,Does not apply,0,98600,0
E07000043,North Devon,Not answered,Disabled under the Equality Act: Day-to-day activities limited a lot,833,98600,0.8448275862068966
E07000043,North Devon,Not answered,Disabled under the Equality Act: Day-to-day activities limited a little,843,98600,0.8549695740365112
E07000043,North Devon,Not answered,Not disabled under the Equality Act,4403,98600,4.4655172413793105
E07000044,South Hams,Does not apply,Does not apply,0,88600,0
E07000044,South Hams,Does not apply,Disabled under the Equality Act: Day-to-day activities limited a lot,0,88600,0
E07000044,South Hams,Does not apply,Disabled under the Equality Act: Day-to-day activities limited a little,0,88600,0
E07000044,South Hams,Does not apply,Not disabled under the Equality Act,0,88600,0
E07000044,South Hams,Straight or Heterosexual,Does not apply,0,88600,0
E07000044,South Hams,Straight or Heterosexual,Disabled under the Equality Act: Day-to-day activities limited a lot,5396,88600,6.090293453724605
E07000044,South Hams,Straight or Heterosexual,Disabled under the Equality Act: Day-to-day activities limited a little,8336,88600,9.408577878103838
E07000044,South Hams,Straight or Heterosexual,Not disabled under the Equality Act,53979,88600,60.92437923250564
E07000044,South Hams,Gay or Lesbian,Does not apply,0,88600,0
E07000044,South Hams,Gay or Lesbian,Disabled under the Equality Act: Day-to-day activities limited a lot,81,88600,0.09142212189616253
E07000044,South Hams,Gay or Lesbian,Disabled under the Equality Act: Day-to-day activities limited a little,134,88600,0.15124153498871332
E07000044,South Hams,Gay or Lesbian,Not disabled under the Equality Act,643,88600,0.7257336343115124
E07000044,South Hams,Bisexual,Does not apply,0,88600,0
E07000044,South Hams,Bisexual,Disabled under the Equality Act: Day-to-day activities limited a lot,88,88600,0.09932279909706546
E07000044,South Hams,Bisexual,Disabled under the Equality Act: Day-to-day activities limited a little,196,88600,0.22121896162528218
E07000044,South Hams,Bisexual,Not disabled under the Equality Act,486,88600,0.5485327313769752
E07000044,South Hams,All other sexual orientations,Does not apply,0,88600,0
E07000044,South Hams,All other sexual orientations,Disabled under the Equality Act: Day-to-day activities limited a lot,32,88600,0.03611738148984198
E07000044,South Hams,All other sexual orientations,Disabled under the Equality Act: Day-to-day activities limited a little,61,88600,0.06884875846501129
E07000044,South Hams,All other sexual orientations,Not disabled under the Equality Act,139,88600,0.15688487584650113
E07000044,South Hams,Not answered,Does not apply,0,88600,0
E07000044,South Hams,Not answered,Disabled under the Equality Act: Day-to-day activities limited a lot,729,88600,0.8227990970654627
E07000044,South Hams,Not answered,Disabled under the Equality Act: Day-to-day activities limited a little,729,88600,0.8227990970654627
E07000044,South Hams,Not answered,Not disabled under the Equality Act,3939,88600,4.445823927765237
E07000045,Teignbridge,Does not apply,Does not apply,0,134800,0
E07000045,Teignbridge,Does not apply,Disabled under the Equality Act: Day-to-day activities limited a lot,0,134800,0
E07000045,Teignbridge,Does not apply,Disabled under the Equality Act: Day-to-day activities limited a little,0,134800,0
E07000045,Teignbridge,Does not apply,Not disabled under the Equality Act,0,134800,0
E07000045,Teignbridge,Straight or Heterosexual,Does not apply,0,134800,0
E07000045,Teignbridge,Straight or Heterosexual,Disabled under the Equality Act: Day-to-day activities limited a lot,8886,134800,6.591988130563799
E07000045,Teignbridge,Straight or Heterosexual,Disabled under the Equality Act: Day-to-day activities limited a little,13642,134800,10.120178041543026
E07000045,Teignbridge,Straight or Heterosexual,Not disabled under the Equality Act,79896,134800,59.27002967359051
E07000045,Teignbridge,Gay or Lesbian,Does not apply,0,134800,0
E07000045,Teignbridge,Gay or Lesbian,Disabled under the Equality Act: Day-to-day activities limited a lot,122,134800,0.09050445103857567
E07000045,Teignbridge,Gay or Lesbian,Disabled under the Equality Act: Day-to-day activities limited a little,220,134800,0.1632047477744807
E07000045,Teignbridge,Gay or Lesbian,Not disabled under the Equality Act,1070,134800,0.7937685459940653
E07000045,Teignbridge,Bisexual,Does not apply,0,134800,0
E07000045,Teignbridge,Bisexual,Disabled under the Equality Act: Day-to-day activities limited a lot,151,134800,0.11201780415430267
E07000045,Teignbridge,Bisexual,Disabled under the Equality Act: Day-to-day activities limited a little,323,134800,0.23961424332344214
E07000045,Teignbridge,Bisexual,Not disabled under the Equality Act,707,134800,0.5244807121661721
E07000045,Teignbridge,All other sexual orientations,Does not apply,0,134800,0
E07000045,Teignbridge,All other sexual orientations,Disabled under the Equality Act: Day-to-day activities limited a lot,52,134800,0.03857566765578635
E07000045,Teignbridge,All other sexual orientations,Disabled under the Equality Act: Day-to-day activities limited a little,77,134800,0.05712166172106825
E07000045,Teignbridge,All other sexual orientations,Not disabled under the Equality Act,147,134800,0.10905044510385757
E07000045,Teignbridge,Not answered,Does not apply,0,134800,0
E07000045,Teignbridge,Not answered,Disabled under the Equality Act: Day-to-day activities limited a lot,1084,134800,0.8041543026706232
E07000045,Teignbridge,Not answered,Disabled under the Equality Act: Day-to-day activities limited a little,1169,134800,0.8672106824925816
E07000045,Teignbridge,Not answered,Not disabled under the Equality Act,5914,134800,4.387240356083086
E07000046,Torridge,Does not apply,Does not apply,0,68100,0
E07000046,Torridge,Does not apply,Disabled under the Equality Act: Day-to-day activities limited a lot,0,68100,0
E07000046,Torridge,Does not apply,Disabled under the Equality Act: Day-to-day activities limited a little,0,68100,0
E07000046,Torridge,Does not apply,Not disabled under the Equality Act,0,68100,0
E07000046,Torridge,Straight or Heterosexual,Does not apply,0,68100,0
E07000046,Torridge,Straight or Heterosexual,Disabled under the Equality Act: Day-to-day activities limited a lot,4752,68100,6.977973568281938
E07000046,Torridge,Straight or Heterosexual,Disabled under the Equality Act: Day-to-day activities limited a little,7034,68100,10.328928046989722
E07000046,Torridge,Straight or Heterosexual,Not disabled under the Equality Act,39958,68100,58.67547723935389
E07000046,Torridge,Gay or Lesbian,Does not apply,0,68100,0
E07000046,Torridge,Gay or Lesbian,Disabled under the Equality Act: Day-to-day activities limited a lot,77,68100,0.1130690161527166
E07000046,Torridge,Gay or Lesbian,Disabled under the Equality Act: Day-to-day activities limited a little,117,68100,0.17180616740088106
E07000046,Torridge,Gay or Lesbian,Not disabled under the Equality Act,529,68100,0.7767988252569751
E07000046,Torridge,Bisexual,Does not apply,0,68100,0
E07000046,Torridge,Bisexual,Disabled under the Equality Act: Day-to-day activities limited a lot,79,68100,0.11600587371512482
E07000046,Torridge,Bisexual,Disabled under the Equality Act: Day-to-day activities limited a little,160,68100,0.23494860499265785
E07000046,Torridge,Bisexual,Not disabled under the Equality Act,277,68100,0.4067547723935389
E07000046,Torridge,All other sexual orientations,Does not apply,0,68100,0
E07000046,Torridge,All other sexual orientations,Disabled under the Equality Act: Day-to-day activities limited a lot,25,68100,0.03671071953010279
E07000046,Torridge,All other sexual orientations,Disabled under the Equality Act: Day-to-day activities limited a little,25,68100,0.03671071953010279
E07000046,Torridge,All other sexual orientations,Not disabled under the Equality Act,60,68100,0.0881057268722467
E07000046,Torridge,Not answered,Does not apply,0,68100,0
E07000046,Torridge,Not answered,Disabled under the Equality Act: Day-to-day activities limited a lot,716,68100,1.0513950073421439
E07000046,Torridge,Not answered,Disabled under the Equality Act: Day-to-day activities limited a little,616,68100,0.9045521292217328
E07000046,Torridge,Not answered,Not disabled under the Equality Act,3134,68100,4.6020558002936856
E07000047,West Devon,Does not apply,Does not apply,0,57100,0
E07000047,West Devon,Does not apply,Disabled under the Equality Act: Day-to-day activities limited a lot,0,57100,0
E07000047,West Devon,Does not apply,Disabled under the Equality Act: Day-to-day activities limited a little,0,57100,0
E07000047,West Devon,Does not apply,Not disabled under the Equality Act,0,57100,0
E07000047,West Devon,Straight or Heterosexual,Does not apply,0,57100,0
E07000047,West Devon,Straight or Heterosexual,Disabled under the Equality Act: Day-to-day activities limited a lot,3793,57100,6.642732049036778
E07000047,West Devon,Straight or Heterosexual,Disabled under the Equality Act: Day-to-day activities limited a little,5913,57100,10.35551663747811
E07000047,West Devon,Straight or Heterosexual,Not disabled under the Equality Act,33844,57100,59.27145359019264
E07000047,West Devon,Gay or Lesbian,Does not apply,0,57100,0
E07000047,West Devon,Gay or Lesbian,Disabled under the Equality Act: Day-to-day activities limited a lot,46,57100,0.08056042031523643
E07000047,West Devon,Gay or Lesbian,Disabled under the Equality Act: Day-to-day activities limited a little,98,57100,0.17162872154115585
E07000047,West Devon,Gay or Lesbian,Not disabled under the Equality Act,392,57100,0.6865148861646234
E07000047,West Devon,Bisexual,Does not apply,0,57100,0
E07000047,West Devon,Bisexual,Disabled under the Equality Act: Day-to-day activities limited a lot,66,57100,0.11558669001751314
E07000047,West Devon,Bisexual,Disabled under the Equality Act: Day-to-day activities limited a little,124,57100,0.2171628721541156
E07000047,West Devon,Bisexual,Not disabled under the Equality Act,278,57100,0.4868651488616462
E07000047,West Devon,All other sexual orientations,Does not apply,0,57100,0
E07000047,West Devon,All other sexual orientations,Disabled under the Equality Act: Day-to-day activities limited a lot,18,57100,0.03152364273204904
E07000047,West Devon,All other sexual orientations,Disabled under the Equality Act: Day-to-day activities limited a little,34,57100,0.0595446584938704
E07000047,West Devon,All other sexual orientations,Not disabled under the Equality Act,78,57100,0.13660245183887915
E07000047,West Devon,Not answered,Does not apply,0,57100,0
E07000047,West Devon,Not answered,Disabled under the Equality Act: Day-to-day activities limited a lot,539,57100,0.9439579684763573
E07000047,West Devon,Not answered,Disabled under the Equality Act: Day-to-day activities limited a little,578,57100,1.0122591943957968
E07000047,West Devon,Not answered,Not disabled under the Equality Act,2559,57100,4.481611208406305
E07000061,Eastbourne,Does not apply,Does not apply,0,101700,0
E07000061,Eastbourne,Does not apply,Disabled under the Equality Act: Day-to-day activities limited a lot,0,101700,0
E07000061,Eastbourne,Does not apply,Disabled under the Equality Act: Day-to-day activities limited a little,0,101700,0
E07000061,Eastbourne,Does not apply,Not disabled under the Equality Act,0,101700,0
E07000061,Eastbourne,Straight or Heterosexual,Does not apply,0,101700,0
E07000061,Eastbourne,Straight or Heterosexual,Disabled under the Equality Act: Day-to-day activities limited a lot,7287,101700,7.165191740412979
E07000061,Eastbourne,Straight or Heterosexual,Disabled under the Equality Act: Day-to-day activities limited a little,10103,101700,9.934119960668633
E07000061,Eastbourne,Straight or Heterosexual,Not disabled under the Equality Act,57103,101700,56.14847590953786
E07000061,Eastbourne,Gay or Lesbian,Does not apply,0,101700,0
E07000061,Eastbourne,Gay or Lesbian,Disabled under the Equality Act: Day-to-day activities limited a lot,171,101700,0.168141592920354
E07000061,Eastbourne,Gay or Lesbian,Disabled under the Equality Act: Day-to-day activities limited a little,285,101700,0.28023598820059
E07000061,Eastbourne,Gay or Lesbian,Not disabled under the Equality Act,1280,101700,1.2586037364798426
E07000061,Eastbourne,Bisexual,Does not apply,0,101700,0
E07000061,Eastbourne,Bisexual,Disabled under the Equality Act: Day-to-day activities limited a lot,161,101700,0.1583087512291052
E07000061,Eastbourne,Bisexual,Disabled under the Equality Act: Day-to-day activities limited a little,296,101700,0.2910521140609636
E07000061,Eastbourne,Bisexual,Not disabled under the Equality Act,796,101700,0.7826941986234022
E07000061,Eastbourne,All other sexual orientations,Does not apply,0,101700,0
E07000061,Eastbourne,All other sexual orientations,Disabled under the Equality Act: Day-to-day activities limited a lot,46,101700,0.04523107177974434
E07000061,Eastbourne,All other sexual orientations,Disabled under the Equality Act: Day-to-day activities limited a little,72,101700,0.07079646017699115
E07000061,Eastbourne,All other sexual orientations,Not disabled under the Equality Act,172,101700,0.16912487708947885
E07000061,Eastbourne,Not answered,Does not apply,0,101700,0
E07000061,Eastbourne,Not answered,Disabled under the Equality Act: Day-to-day activities limited a lot,1003,101700,0.9862340216322517
E07000061,Eastbourne,Not answered,Disabled under the Equality Act: Day-to-day activities limited a little,1026,101700,1.008849557522124
E07000061,Eastbourne,Not answered,Not disabled under the Equality Act,4776,101700,4.696165191740413
E07000062,Hastings,Does not apply,Does not apply,0,91100,0
E07000062,Hastings,Does not apply,Disabled under the Equality Act: Day-to-day activities limited a lot,0,91100,0
E07000062,Hastings,Does not apply,Disabled under the Equality Act: Day-to-day activities limited a little,0,91100,0
E07000062,Hastings,Does not apply,Not disabled under the Equality Act,0,91100,0
E07000062,Hastings,Straight or Heterosexual,Does not apply,0,91100,0
E07000062,Hastings,Straight or Heterosexual,Disabled under the Equality Act: Day-to-day activities limited a lot,6985,91100,7.667398463227223
E07000062,Hastings,Straight or Heterosexual,Disabled under the Equality Act: Day-to-day activities limited a little,9092,91100,9.980241492864984
E07000062,Hastings,Straight or Heterosexual,Not disabled under the Equality Act,48933,91100,53.71350164654226
E07000062,Hastings,Gay or Lesbian,Does not apply,0,91100,0
E07000062,Hastings,Gay or Lesbian,Disabled under the Equality Act: Day-to-day activities limited a lot,181,91100,0.1986827661909989
E07000062,Hastings,Gay or Lesbian,Disabled under the Equality Act: Day-to-day activities limited a little,304,91100,0.3336992316136114
E07000062,Hastings,Gay or Lesbian,Not disabled under the Equality Act,1258,91100,1.3809001097694842
E07000062,Hastings,Bisexual,Does not apply,0,91100,0
E07000062,Hastings,Bisexual,Disabled under the Equality Act: Day-to-day activities limited a lot,207,91100,0.22722283205268934
E07000062,Hastings,Bisexual,Disabled under the Equality Act: Day-to-day activities limited a little,329,91100,0.3611416026344676
E07000062,Hastings,Bisexual,Not disabled under the Equality Act,851,91100,0.9341383095499451
E07000062,Hastings,All other sexual orientations,Does not apply,0,91100,0
E07000062,Hastings,All other sexual orientations,Disabled under the Equality Act: Day-to-day activities limited a lot,48,91100,0.052689352360043906
E07000062,Hastings,All other sexual orientations,Disabled under the Equality Act: Day-to-day activities limited a little,85,91100,0.09330406147091108
E07000062,Hastings,All other sexual orientations,Not disabled under the Equality Act,198,91100,0.21734357848518113
E07000062,Hastings,Not answered,Does not apply,0,91100,0
E07000062,Hastings,Not answered,Disabled under the Equality Act: Day-to-day activities limited a lot,1011,91100,1.109769484083425
E07000062,Hastings,Not answered,Disabled under the Equality Act: Day-to-day activities limited a little,905,91100,0.9934138309549945
E07000062,Hastings,Not answered,Not disabled under the Equality Act,4318,91100,4.739846322722284
E07000063,Lewes,Does not apply,Does not apply,0,99900,0
E07000063,Lewes,Does not apply,Disabled under the Equality Act: Day-to-day activities limited a lot,0,99900,0
E07000063,Lewes,Does not apply,Disabled under the Equality Act: Day-to-day activities limited a little,0,99900,0
E07000063,Lewes,Does not apply,Not disabled under the Equality Act,0,99900,0
E07000063,Lewes,Straight or Heterosexual,Does not apply,0,99900,0
E07000063,Lewes,Straight or Heterosexual,Disabled under the Equality Act: Day-to-day activities limited a lot,6494,99900,6.5005005005005
E07000063,Lewes,Straight or Heterosexual,Disabled under the Equality Act: Day-to-day activities limited a little,9710,99900,9.71971971971972
E07000063,Lewes,Straight or Heterosexual,Not disabled under the Equality Act,57790,99900,57.847847847847845
E07000063,Lewes,Gay or Lesbian,Does not apply,0,99900,0
E07000063,Lewes,Gay or Lesbian,Disabled under the Equality Act: Day-to-day activities limited a lot,190,99900,0.19019019019019018
E07000063,Lewes,Gay or Lesbian,Disabled under the Equality Act: Day-to-day activities limited a little,308,99900,0.3083083083083083
E07000063,Lewes,Gay or Lesbian,Not disabled under the Equality Act,1462,99900,1.4634634634634636
E07000063,Lewes,Bisexual,Does not apply,0,99900,0
E07000063,Lewes,Bisexual,Disabled under the Equality Act: Day-to-day activities limited a lot,109,99900,0.1091091091091091
E07000063,Lewes,Bisexual,Disabled under the Equality Act: Day-to-day activities limited a little,309,99900,0.30930930930930933
E07000063,Lewes,Bisexual,Not disabled under the Equality Act,692,99900,0.6926926926926927
E07000063,Lewes,All other sexual orientations,Does not apply,0,99900,0
E07000063,Lewes,All other sexual orientations,Disabled under the Equality Act: Day-to-day activities limited a lot,40,99900,0.04004004004004004
E07000063,Lewes,All other sexual orientations,Disabled under the Equality Act: Day-to-day activities limited a little,89,99900,0.0890890890890891
E07000063,Lewes,All other sexual orientations,Not disabled under the Equality Act,168,99900,0.16816816816816818
E07000063,Lewes,Not answered,Does not apply,0,99900,0
E07000063,Lewes,Not answered,Disabled under the Equality Act: Day-to-day activities limited a lot,774,99900,0.7747747747747747
E07000063,Lewes,Not answered,Disabled under the Equality Act: Day-to-day activities limited a little,863,99900,0.8638638638638638
E07000063,Lewes,Not answered,Not disabled under the Equality Act,4224,99900,4.228228228228228
E07000064,Rother,Does not apply,Does not apply,0,93100,0
E07000064,Rother,Does not apply,Disabled under the Equality Act: Day-to-day activities limited a lot,0,93100,0
E07000064,Rother,Does not apply,Disabled under the Equality Act: Day-to-day activities limited a little,0,93100,0
E07000064,Rother,Does not apply,Not disabled under the Equality Act,0,93100,0
E07000064,Rother,Straight or Heterosexual,Does not apply,0,93100,0
E07000064,Rother,Straight or Heterosexual,Disabled under the Equality Act: Day-to-day activities limited a lot,6772,93100,7.273899033297529
E07000064,Rother,Straight or Heterosexual,Disabled under the Equality Act: Day-to-day activities limited a little,9768,93100,10.491944146079485
E07000064,Rother,Straight or Heterosexual,Not disabled under the Equality Act,54826,93100,58.88936627282492
E07000064,Rother,Gay or Lesbian,Does not apply,0,93100,0
E07000064,Rother,Gay or Lesbian,Disabled under the Equality Act: Day-to-day activities limited a lot,132,93100,0.14178302900107412
E07000064,Rother,Gay or Lesbian,Disabled under the Equality Act: Day-to-day activities limited a little,186,93100,0.19978517722878625
E07000064,Rother,Gay or Lesbian,Not disabled under the Equality Act,857,93100,0.920515574650913
E07000064,Rother,Bisexual,Does not apply,0,93100,0
E07000064,Rother,Bisexual,Disabled under the Equality Act: Day-to-day activities limited a lot,79,93100,0.08485499462943072
E07000064,Rother,Bisexual,Disabled under the Equality Act: Day-to-day activities limited a little,166,93100,0.17830290010741137
E07000064,Rother,Bisexual,Not disabled under the Equality Act,460,93100,0.4940923737916219
E07000064,Rother,All other sexual orientations,Does not apply,0,93100,0
E07000064,Rother,All other sexual orientations,Disabled under the Equality Act: Day-to-day activities limited a lot,27,93100,0.02900107411385607
E07000064,Rother,All other sexual orientations,Disabled under the Equality Act: Day-to-day activities limited a little,44,93100,0.047261009667024706
E07000064,Rother,All other sexual orientations,Not disabled under the Equality Act,76,93100,0.08163265306122448
E07000064,Rother,Not answered,Does not apply,0,93100,0
E07000064,Rother,Not answered,Disabled under the Equality Act: Day-to-day activities limited a lot,901,93100,0.9677765843179377
E07000064,Rother,Not answered,Disabled under the Equality Act: Day-to-day activities limited a little,965,93100,1.0365198711063373
E07000064,Rother,Not answered,Not disabled under the Equality Act,4227,93100,4.5402792696025775
E07000065,Wealden,Does not apply,Does not apply,0,160100,0
E07000065,Wealden,Does not apply,Disabled under the Equality Act: Day-to-day activities limited a lot,0,160100,0
E07000065,Wealden,Does not apply,Disabled under the Equality Act: Day-to-day activities limited a little,0,160100,0
E07000065,Wealden,Does not apply,Not disabled under the Equality Act,0,160100,0
E07000065,Wealden,Straight or Heterosexual,Does not apply,0,160100,0
E07000065,Wealden,Straight or Heterosexual,Disabled under the Equality Act: Day-to-day activities limited a lot,8294,160100,5.18051217988757
E07000065,Wealden,Straight or Heterosexual,Disabled under the Equality Act: Day-to-day activities limited a little,14414,160100,9.00312304809494
E07000065,Wealden,Straight or Heterosexual,Not disabled under the Equality Act,98752,160100,61.68144909431605
E07000065,Wealden,Gay or Lesbian,Does not apply,0,160100,0
E07000065,Wealden,Gay or Lesbian,Disabled under the Equality Act: Day-to-day activities limited a lot,128,160100,0.07995003123048094
E07000065,Wealden,Gay or Lesbian,Disabled under the Equality Act: Day-to-day activities limited a little,220,160100,0.13741411617738913
E07000065,Wealden,Gay or Lesbian,Not disabled under the Equality Act,1298,160100,0.8107432854465959
E07000065,Wealden,Bisexual,Does not apply,0,160100,0
E07000065,Wealden,Bisexual,Disabled under the Equality Act: Day-to-day activities limited a lot,120,160100,0.07495315427857589
E07000065,Wealden,Bisexual,Disabled under the Equality Act: Day-to-day activities limited a little,290,160100,0.1811367895065584
E07000065,Wealden,Bisexual,Not disabled under the Equality Act,719,160100,0.4490943160524672
E07000065,Wealden,All other sexual orientations,Does not apply,0,160100,0
E07000065,Wealden,All other sexual orientations,Disabled under the Equality Act: Day-to-day activities limited a lot,47,160100,0.029356652092442224
E07000065,Wealden,All other sexual orientations,Disabled under the Equality Act: Day-to-day activities limited a little,64,160100,0.03997501561524047
E07000065,Wealden,All other sexual orientations,Not disabled under the Equality Act,178,160100,0.11118051217988757
E07000065,Wealden,Not answered,Does not apply,0,160100,0
E07000065,Wealden,Not answered,Disabled under the Equality Act: Day-to-day activities limited a lot,1198,160100,0.7482823235477827
E07000065,Wealden,Not answered,Disabled under the Equality Act: Day-to-day activities limited a little,1115,160100,0.6964397251717677
E07000065,Wealden,Not answered,Not disabled under the Equality Act,6811,160100,4.25421611492817
E07000066,Basildon,Does not apply,Does not apply,0,187600,0
E07000066,Basildon,Does not apply,Disabled under the Equality Act: Day-to-day activities limited a lot,0,187600,0
E07000066,Basildon,Does not apply,Disabled under the Equality Act: Day-to-day activities limited a little,0,187600,0
E07000066,Basildon,Does not apply,Not disabled under the Equality Act,0,187600,0
E07000066,Basildon,Straight or Heterosexual,Does not apply,0,187600,0
E07000066,Basildon,Straight or Heterosexual,Disabled under the Equality Act: Day-to-day activities limited a lot,10897,187600,5.80863539445629
E07000066,Basildon,Straight or Heterosexual,Disabled under the Equality Act: Day-to-day activities limited a little,14659,187600,7.813965884861407
E07000066,Basildon,Straight or Heterosexual,Not disabled under the Equality Act,110776,187600,59.04904051172708
E07000066,Basildon,Gay or Lesbian,Does not apply,0,187600,0
E07000066,Basildon,Gay or Lesbian,Disabled under the Equality Act: Day-to-day activities limited a lot,129,187600,0.06876332622601279
E07000066,Basildon,Gay or Lesbian,Disabled under the Equality Act: Day-to-day activities limited a little,211,187600,0.11247334754797442
E07000066,Basildon,Gay or Lesbian,Not disabled under the Equality Act,1233,187600,0.6572494669509595
E07000066,Basildon,Bisexual,Does not apply,0,187600,0
E07000066,Basildon,Bisexual,Disabled under the Equality Act: Day-to-day activities limited a lot,149,187600,0.07942430703624734
E07000066,Basildon,Bisexual,Disabled under the Equality Act: Day-to-day activities limited a little,283,187600,0.15085287846481876
E07000066,Basildon,Bisexual,Not disabled under the Equality Act,718,187600,0.38272921108742003
E07000066,Basildon,All other sexual orientations,Does not apply,0,187600,0
E07000066,Basildon,All other sexual orientations,Disabled under the Equality Act: Day-to-day activities limited a lot,46,187600,0.024520255863539446
E07000066,Basildon,All other sexual orientations,Disabled under the Equality Act: Day-to-day activities limited a little,67,187600,0.03571428571428571
E07000066,Basildon,All other sexual orientations,Not disabled under the Equality Act,218,187600,0.1162046908315565
E07000066,Basildon,Not answered,Does not apply,0,187600,0
E07000066,Basildon,Not answered,Disabled under the Equality Act: Day-to-day activities limited a lot,1080,187600,0.5756929637526652
E07000066,Basildon,Not answered,Disabled under the Equality Act: Day-to-day activities limited a little,1026,187600,0.5469083155650319
E07000066,Basildon,Not answered,Not disabled under the Equality Act,7169,187600,3.8214285714285716
E07000067,Braintree,Does not apply,Does not apply,0,155200,0
E07000067,Braintree,Does not apply,Disabled under the Equality Act: Day-to-day activities limited a lot,0,155200,0
E07000067,Braintree,Does not apply,Disabled under the Equality Act: Day-to-day activities limited a little,0,155200,0
E07000067,Braintree,Does not apply,Not disabled under the Equality Act,0,155200,0
E07000067,Braintree,Straight or Heterosexual,Does not apply,0,155200,0
E07000067,Braintree,Straight or Heterosexual,Disabled under the Equality Act: Day-to-day activities limited a lot,8105,155200,5.22229381443299
E07000067,Braintree,Straight or Heterosexual,Disabled under the Equality Act: Day-to-day activities limited a little,12934,155200,8.333762886597938
E07000067,Braintree,Straight or Heterosexual,Not disabled under the Equality Act,94472,155200,60.871134020618555
E07000067,Braintree,Gay or Lesbian,Does not apply,0,155200,0
E07000067,Braintree,Gay or Lesbian,Disabled under the Equality Act: Day-to-day activities limited a lot,87,155200,0.05605670103092784
E07000067,Braintree,Gay or Lesbian,Disabled under the Equality Act: Day-to-day activities limited a little,212,155200,0.13659793814432988
E07000067,Braintree,Gay or Lesbian,Not disabled under the Equality Act,1094,155200,0.7048969072164949
E07000067,Braintree,Bisexual,Does not apply,0,155200,0
E07000067,Braintree,Bisexual,Disabled under the Equality Act: Day-to-day activities limited a lot,124,155200,0.07989690721649484
E07000067,Braintree,Bisexual,Disabled under the Equality Act: Day-to-day activities limited a little,287,155200,0.18492268041237114
E07000067,Braintree,Bisexual,Not disabled under the Equality Act,738,155200,0.47551546391752575
E07000067,Braintree,All other sexual orientations,Does not apply,0,155200,0
E07000067,Braintree,All other sexual orientations,Disabled under the Equality Act: Day-to-day activities limited a lot,31,155200,0.01997422680412371
E07000067,Braintree,All other sexual orientations,Disabled under the Equality Act: Day-to-day activities limited a little,66,155200,0.04252577319587629
E07000067,Braintree,All other sexual orientations,Not disabled under the Equality Act,151,155200,0.09729381443298969
E07000067,Braintree,Not answered,Does not apply,0,155200,0
E07000067,Braintree,Not answered,Disabled under the Equality Act: Day-to-day activities limited a lot,1159,155200,0.7467783505154639
E07000067,Braintree,Not answered,Disabled under the Equality Act: Day-to-day activities limited a little,1026,155200,0.6610824742268041
E07000067,Braintree,Not answered,Not disabled under the Equality Act,6081,155200,3.9181701030927836
E07000068,Brentwood,Does not apply,Does not apply,0,77000,0
E07000068,Brentwood,Does not apply,Disabled under the Equality Act: Day-to-day activities limited a lot,0,77000,0
E07000068,Brentwood,Does not apply,Disabled under the Equality Act: Day-to-day activities limited a little,0,77000,0
E07000068,Brentwood,Does not apply,Not disabled under the Equality Act,0,77000,0
E07000068,Brentwood,Straight or Heterosexual,Does not apply,0,77000,0
E07000068,Brentwood,Straight or Heterosexual,Disabled under the Equality Act: Day-to-day activities limited a lot,3487,77000,4.5285714285714285
E07000068,Brentwood,Straight or Heterosexual,Disabled under the Equality Act: Day-to-day activities limited a little,5367,77000,6.97012987012987
E07000068,Brentwood,Straight or Heterosexual,Not disabled under the Equality Act,48958,77000,63.58181818181818
E07000068,Brentwood,Gay or Lesbian,Does not apply,0,77000,0
E07000068,Brentwood,Gay or Lesbian,Disabled under the Equality Act: Day-to-day activities limited a lot,47,77000,0.06103896103896104
E07000068,Brentwood,Gay or Lesbian,Disabled under the Equality Act: Day-to-day activities limited a little,71,77000,0.09220779220779221
E07000068,Brentwood,Gay or Lesbian,Not disabled under the Equality Act,499,77000,0.6480519480519481
E07000068,Brentwood,Bisexual,Does not apply,0,77000,0
E07000068,Brentwood,Bisexual,Disabled under the Equality Act: Day-to-day activities limited a lot,39,77000,0.05064935064935065
E07000068,Brentwood,Bisexual,Disabled under the Equality Act: Day-to-day activities limited a little,79,77000,0.1025974025974026
E07000068,Brentwood,Bisexual,Not disabled under the Equality Act,261,77000,0.33896103896103896
E07000068,Brentwood,All other sexual orientations,Does not apply,0,77000,0
E07000068,Brentwood,All other sexual orientations,Disabled under the Equality Act: Day-to-day activities limited a lot,12,77000,0.015584415584415584
E07000068,Brentwood,All other sexual orientations,Disabled under the Equality Act: Day-to-day activities limited a little,27,77000,0.03506493506493506
E07000068,Brentwood,All other sexual orientations,Not disabled under the Equality Act,71,77000,0.09220779220779221
E07000068,Brentwood,Not answered,Does not apply,0,77000,0
E07000068,Brentwood,Not answered,Disabled under the Equality Act: Day-to-day activities limited a lot,509,77000,0.6610389610389611
E07000068,Brentwood,Not answered,Disabled under the Equality Act: Day-to-day activities limited a little,427,77000,0.5545454545454546
E07000068,Brentwood,Not answered,Not disabled under the Equality Act,3013,77000,3.912987012987013
E07000069,Castle Point,Does not apply,Does not apply,0,89600,0
E07000069,Castle Point,Does not apply,Disabled under the Equality Act: Day-to-day activities limited a lot,0,89600,0
E07000069,Castle Point,Does not apply,Disabled under the Equality Act: Day-to-day activities limited a little,0,89600,0
E07000069,Castle Point,Does not apply,Not disabled under the Equality Act,0,89600,0
E07000069,Castle Point,Straight or Heterosexual,Does not apply,0,89600,0
E07000069,Castle Point,Straight or Heterosexual,Disabled under the Equality Act: Day-to-day activities limited a lot,5772,89600,6.441964285714286
E07000069,Castle Point,Straight or Heterosexual,Disabled under the Equality Act: Day-to-day activities limited a little,7721,89600,8.6171875
E07000069,Castle Point,Straight or Heterosexual,Not disabled under the Equality Act,55180,89600,61.58482142857143
E07000069,Castle Point,Gay or Lesbian,Does not apply,0,89600,0
E07000069,Castle Point,Gay or Lesbian,Disabled under the Equality Act: Day-to-day activities limited a lot,56,89600,0.0625
E07000069,Castle Point,Gay or Lesbian,Disabled under the Equality Act: Day-to-day activities limited a little,99,89600,0.11049107142857142
E07000069,Castle Point,Gay or Lesbian,Not disabled under the Equality Act,469,89600,0.5234375
E07000069,Castle Point,Bisexual,Does not apply,0,89600,0
E07000069,Castle Point,Bisexual,Disabled under the Equality Act: Day-to-day activities limited a lot,55,89600,0.06138392857142857
E07000069,Castle Point,Bisexual,Disabled under the Equality Act: Day-to-day activities limited a little,99,89600,0.11049107142857142
E07000069,Castle Point,Bisexual,Not disabled under the Equality Act,294,89600,0.328125
E07000069,Castle Point,All other sexual orientations,Does not apply,0,89600,0
E07000069,Castle Point,All other sexual orientations,Disabled under the Equality Act: Day-to-day activities limited a lot,17,89600,0.018973214285714284
E07000069,Castle Point,All other sexual orientations,Disabled under the Equality Act: Day-to-day activities limited a little,18,89600,0.020089285714285716
E07000069,Castle Point,All other sexual orientations,Not disabled under the Equality Act,69,89600,0.07700892857142858
E07000069,Castle Point,Not answered,Does not apply,0,89600,0
E07000069,Castle Point,Not answered,Disabled under the Equality Act: Day-to-day activities limited a lot,482,89600,0.5379464285714286
E07000069,Castle Point,Not answered,Disabled under the Equality Act: Day-to-day activities limited a little,596,89600,0.6651785714285714
E07000069,Castle Point,Not answered,Not disabled under the Equality Act,3485,89600,3.8895089285714284
E07000070,Chelmsford,Does not apply,Does not apply,0,181500,0
E07000070,Chelmsford,Does not apply,Disabled under the Equality Act: Day-to-day activities limited a lot,0,181500,0
E07000070,Chelmsford,Does not apply,Disabled under the Equality Act: Day-to-day activities limited a little,0,181500,0
E07000070,Chelmsford,Does not apply,Not disabled under the Equality Act,0,181500,0
E07000070,Chelmsford,Straight or Heterosexual,Does not apply,0,181500,0
E07000070,Chelmsford,Straight or Heterosexual,Disabled under the Equality Act: Day-to-day activities limited a lot,7859,181500,4.330027548209366
E07000070,Chelmsford,Straight or Heterosexual,Disabled under the Equality Act: Day-to-day activities limited a little,13437,181500,7.403305785123967
E07000070,Chelmsford,Straight or Heterosexual,Not disabled under the Equality Act,113476,181500,62.52121212121212
E07000070,Chelmsford,Gay or Lesbian,Does not apply,0,181500,0
E07000070,Chelmsford,Gay or Lesbian,Disabled under the Equality Act: Day-to-day activities limited a lot,115,181500,0.06336088154269973
E07000070,Chelmsford,Gay or Lesbian,Disabled under the Equality Act: Day-to-day activities limited a little,228,181500,0.1256198347107438
E07000070,Chelmsford,Gay or Lesbian,Not disabled under the Equality Act,1325,181500,0.7300275482093664
E07000070,Chelmsford,Bisexual,Does not apply,0,181500,0
E07000070,Chelmsford,Bisexual,Disabled under the Equality Act: Day-to-day activities limited a lot,126,181500,0.06942148760330578
E07000070,Chelmsford,Bisexual,Disabled under the Equality Act: Day-to-day activities limited a little,348,181500,0.19173553719008266
E07000070,Chelmsford,Bisexual,Not disabled under the Equality Act,900,181500,0.49586776859504134
E07000070,Chelmsford,All other sexual orientations,Does not apply,0,181500,0
E07000070,Chelmsford,All other sexual orientations,Disabled under the Equality Act: Day-to-day activities limited a lot,25,181500,0.013774104683195593
E07000070,Chelmsford,All other sexual orientations,Disabled under the Equality Act: Day-to-day activities limited a little,79,181500,0.04352617079889807
E07000070,Chelmsford,All other sexual orientations,Not disabled under the Equality Act,232,181500,0.1278236914600551
E07000070,Chelmsford,Not answered,Does not apply,0,181500,0
E07000070,Chelmsford,Not answered,Disabled under the Equality Act: Day-to-day activities limited a lot,925,181500,0.509641873278237
E07000070,Chelmsford,Not answered,Disabled under the Equality Act: Day-to-day activities limited a little,1068,181500,0.5884297520661157
E07000070,Chelmsford,Not answered,Not disabled under the Equality Act,7594,181500,4.184022038567493
E07000071,Colchester,Does not apply,Does not apply,0,192700,0
E07000071,Colchester,Does not apply,Disabled under the Equality Act: Day-to-day activities limited a lot,0,192700,0
E07000071,Colchester,Does not apply,Disabled under the Equality Act: Day-to-day activities limited a little,0,192700,0
E07000071,Colchester,Does not apply,Not disabled under the Equality Act,0,192700,0
E07000071,Colchester,Straight or Heterosexual,Does not apply,0,192700,0
E07000071,Colchester,Straight or Heterosexual,Disabled under the Equality Act: Day-to-day activities limited a lot,9789,192700,5.0799169693824595
E07000071,Colchester,Straight or Heterosexual,Disabled under the Equality Act: Day-to-day activities limited a little,15789,192700,8.193565127140634
E07000071,Colchester,Straight or Heterosexual,Not disabled under the Equality Act,114272,192700,59.30046704722366
E07000071,Colchester,Gay or Lesbian,Does not apply,0,192700,0
E07000071,Colchester,Gay or Lesbian,Disabled under the Equality Act: Day-to-day activities limited a lot,153,192700,0.07939802802283343
E07000071,Colchester,Gay or Lesbian,Disabled under the Equality Act: Day-to-day activities limited a little,373,192700,0.19356512714063312
E07000071,Colchester,Gay or Lesbian,Not disabled under the Equality Act,1754,192700,0.9102231447846393
E07000071,Colchester,Bisexual,Does not apply,0,192700,0
E07000071,Colchester,Bisexual,Disabled under the Equality Act: Day-to-day activities limited a lot,261,192700,0.13544369486248053
E07000071,Colchester,Bisexual,Disabled under the Equality Act: Day-to-day activities limited a little,649,192700,0.33679294239750907
E07000071,Colchester,Bisexual,Not disabled under the Equality Act,1539,192700,0.7986507524649714
E07000071,Colchester,All other sexual orientations,Does not apply,0,192700,0
E07000071,Colchester,All other sexual orientations,Disabled under the Equality Act: Day-to-day activities limited a lot,86,192700,0.04462895692786715
E07000071,Colchester,All other sexual orientations,Disabled under the Equality Act: Day-to-day activities limited a little,175,192700,0.0908147379346134
E07000071,Colchester,All other sexual orientations,Not disabled under the Equality Act,344,192700,0.1785158277114686
E07000071,Colchester,Not answered,Does not apply,0,192700,0
E07000071,Colchester,Not answered,Disabled under the Equality Act: Day-to-day activities limited a lot,1236,192700,0.6414115204981837
E07000071,Colchester,Not answered,Disabled under the Equality Act: Day-to-day activities limited a little,1370,192700,0.7109496626881162
E07000071,Colchester,Not answered,Not disabled under the Equality Act,8552,192700,4.437986507524649
E07000072,Epping Forest,Does not apply,Does not apply,0,135000,0
E07000072,Epping Forest,Does not apply,Disabled under the Equality Act: Day-to-day activities limited a lot,0,135000,0
E07000072,Epping Forest,Does not apply,Disabled under the Equality Act: Day-to-day activities limited a little,0,135000,0
E07000072,Epping Forest,Does not apply,Not disabled under the Equality Act,0,135000,0
E07000072,Epping Forest,Straight or Heterosexual,Does not apply,0,135000,0
E07000072,Epping Forest,Straight or Heterosexual,Disabled under the Equality Act: Day-to-day activities limited a lot,6574,135000,4.86962962962963
E07000072,Epping Forest,Straight or Heterosexual,Disabled under the Equality Act: Day-to-day activities limited a little,9219,135000,6.828888888888889
E07000072,Epping Forest,Straight or Heterosexual,Not disabled under the Equality Act,84629,135000,62.68814814814815
E07000072,Epping Forest,Gay or Lesbian,Does not apply,0,135000,0
E07000072,Epping Forest,Gay or Lesbian,Disabled under the Equality Act: Day-to-day activities limited a lot,69,135000,0.051111111111111114
E07000072,Epping Forest,Gay or Lesbian,Disabled under the Equality Act: Day-to-day activities limited a little,123,135000,0.09111111111111111
E07000072,Epping Forest,Gay or Lesbian,Not disabled under the Equality Act,946,135000,0.7007407407407408
E07000072,Epping Forest,Bisexual,Does not apply,0,135000,0
E07000072,Epping Forest,Bisexual,Disabled under the Equality Act: Day-to-day activities limited a lot,79,135000,0.05851851851851852
E07000072,Epping Forest,Bisexual,Disabled under the Equality Act: Day-to-day activities limited a little,170,135000,0.1259259259259259
E07000072,Epping Forest,Bisexual,Not disabled under the Equality Act,514,135000,0.38074074074074077
E07000072,Epping Forest,All other sexual orientations,Does not apply,0,135000,0
E07000072,Epping Forest,All other sexual orientations,Disabled under the Equality Act: Day-to-day activities limited a lot,26,135000,0.01925925925925926
E07000072,Epping Forest,All other sexual orientations,Disabled under the Equality Act: Day-to-day activities limited a little,39,135000,0.028888888888888888
E07000072,Epping Forest,All other sexual orientations,Not disabled under the Equality Act,163,135000,0.12074074074074075
E07000072,Epping Forest,Not answered,Does not apply,0,135000,0
E07000072,Epping Forest,Not answered,Disabled under the Equality Act: Day-to-day activities limited a lot,749,135000,0.5548148148148148
E07000072,Epping Forest,Not answered,Disabled under the Equality Act: Day-to-day activities limited a little,734,135000,0.5437037037037037
E07000072,Epping Forest,Not answered,Not disabled under the Equality Act,5899,135000,4.36962962962963
E07000073,Harlow,Does not apply,Does not apply,0,93300,0
E07000073,Harlow,Does not apply,Disabled under the Equality Act: Day-to-day activities limited a lot,0,93300,0
E07000073,Harlow,Does not apply,Disabled under the Equality Act: Day-to-day activities limited a little,0,93300,0
E07000073,Harlow,Does not apply,Not disabled under the Equality Act,0,93300,0
E07000073,Harlow,Straight or Heterosexual,Does not apply,0,93300,0
E07000073,Harlow,Straight or Heterosexual,Disabled under the Equality Act: Day-to-day activities limited a lot,5118,93300,5.485530546623794
E07000073,Harlow,Straight or Heterosexual,Disabled under the Equality Act: Day-to-day activities limited a little,7319,93300,7.844587352625938
E07000073,Harlow,Straight or Heterosexual,Not disabled under the Equality Act,53976,93300,57.852090032154344
E07000073,Harlow,Gay or Lesbian,Does not apply,0,93300,0
E07000073,Harlow,Gay or Lesbian,Disabled under the Equality Act: Day-to-day activities limited a lot,75,93300,0.08038585209003216
E07000073,Harlow,Gay or Lesbian,Disabled under the Equality Act: Day-to-day activities limited a little,138,93300,0.14790996784565916
E07000073,Harlow,Gay or Lesbian,Not disabled under the Equality Act,662,93300,0.7095391211146839
E07000073,Harlow,Bisexual,Does not apply,0,93300,0
E07000073,Harlow,Bisexual,Disabled under the Equality Act: Day-to-day activities limited a lot,79,93300,0.08467309753483387
E07000073,Harlow,Bisexual,Disabled under the Equality Act: Day-to-day activities limited a little,160,93300,0.1714898177920686
E07000073,Harlow,Bisexual,Not disabled under the Equality Act,464,93300,0.49732047159699894
E07000073,Harlow,All other sexual orientations,Does not apply,0,93300,0
E07000073,Harlow,All other sexual orientations,Disabled under the Equality Act: Day-to-day activities limited a lot,27,93300,0.028938906752411574
E07000073,Harlow,All other sexual orientations,Disabled under the Equality Act: Day-to-day activities limited a little,36,93300,0.03858520900321544
E07000073,Harlow,All other sexual orientations,Not disabled under the Equality Act,153,93300,0.1639871382636656
E07000073,Harlow,Not answered,Does not apply,0,93300,0
E07000073,Harlow,Not answered,Disabled under the Equality Act: Day-to-day activities limited a lot,446,93300,0.4780278670953912
E07000073,Harlow,Not answered,Disabled under the Equality Act: Day-to-day activities limited a little,538,93300,0.5766345123258306
E07000073,Harlow,Not answered,Not disabled under the Equality Act,3911,93300,4.191854233654877
E07000074,Maldon,Does not apply,Does not apply,0,66200,0
E07000074,Maldon,Does not apply,Disabled under the Equality Act: Day-to-day activities limited a lot,0,66200,0
E07000074,Maldon,Does not apply,Disabled under the Equality Act: Day-to-day activities limited a little,0,66200,0
E07000074,Maldon,Does not apply,Not disabled under the Equality Act,0,66200,0
E07000074,Maldon,Straight or Heterosexual,Does not apply,0,66200,0
E07000074,Maldon,Straight or Heterosexual,Disabled under the Equality Act: Day-to-day activities limited a lot,3703,66200,5.593655589123867
E07000074,Maldon,Straight or Heterosexual,Disabled under the Equality Act: Day-to-day activities limited a little,5845,66200,8.829305135951662
E07000074,Maldon,Straight or Heterosexual,Not disabled under the Equality Act,41598,66200,62.8368580060423
E07000074,Maldon,Gay or Lesbian,Does not apply,0,66200,0
E07000074,Maldon,Gay or Lesbian,Disabled under the Equality Act: Day-to-day activities limited a lot,51,66200,0.0770392749244713
E07000074,Maldon,Gay or Lesbian,Disabled under the Equality Act: Day-to-day activities limited a little,93,66200,0.1404833836858006
E07000074,Maldon,Gay or Lesbian,Not disabled under the Equality Act,397,66200,0.5996978851963746
E07000074,Maldon,Bisexual,Does not apply,0,66200,0
E07000074,Maldon,Bisexual,Disabled under the Equality Act: Day-to-day activities limited a lot,38,66200,0.05740181268882175
E07000074,Maldon,Bisexual,Disabled under the Equality Act: Day-to-day activities limited a little,117,66200,0.17673716012084592
E07000074,Maldon,Bisexual,Not disabled under the Equality Act,263,66200,0.3972809667673716
E07000074,Maldon,All other sexual orientations,Does not apply,0,66200,0
E07000074,Maldon,All other sexual orientations,Disabled under the Equality Act: Day-to-day activities limited a lot,14,66200,0.021148036253776436
E07000074,Maldon,All other sexual orientations,Disabled under the Equality Act: Day-to-day activities limited a little,31,66200,0.04682779456193353
E07000074,Maldon,All other sexual orientations,Not disabled under the Equality Act,48,66200,0.07250755287009064
E07000074,Maldon,Not answered,Does not apply,0,66200,0
E07000074,Maldon,Not answered,Disabled under the Equality Act: Day-to-day activities limited a lot,429,66200,0.648036253776435
E07000074,Maldon,Not answered,Disabled under the Equality Act: Day-to-day activities limited a little,398,66200,0.6012084592145015
E07000074,Maldon,Not answered,Not disabled under the Equality Act,2404,66200,3.6314199395770395
E07000075,Rochford,Does not apply,Does not apply,0,85600,0
E07000075,Rochford,Does not apply,Disabled under the Equality Act: Day-to-day activities limited a lot,0,85600,0
E07000075,Rochford,Does not apply,Disabled under the Equality Act: Day-to-day activities limited a little,0,85600,0
E07000075,Rochford,Does not apply,Not disabled under the Equality Act,0,85600,0
E07000075,Rochford,Straight or Heterosexual,Does not apply,0,85600,0
E07000075,Rochford,Straight or Heterosexual,Disabled under the Equality Act: Day-to-day activities limited a lot,4461,85600,5.211448598130841
E07000075,Rochford,Straight or Heterosexual,Disabled under the Equality Act: Day-to-day activities limited a little,7202,85600,8.413551401869158
E07000075,Rochford,Straight or Heterosexual,Not disabled under the Equality Act,54029,85600,63.117990654205606
E07000075,Rochford,Gay or Lesbian,Does not apply,0,85600,0
E07000075,Rochford,Gay or Lesbian,Disabled under the Equality Act: Day-to-day activities limited a lot,49,85600,0.05724299065420561
E07000075,Rochford,Gay or Lesbian,Disabled under the Equality Act: Day-to-day activities limited a little,85,85600,0.09929906542056074
E07000075,Rochford,Gay or Lesbian,Not disabled under the Equality Act,479,85600,0.5595794392523364
E07000075,Rochford,Bisexual,Does not apply,0,85600,0
E07000075,Rochford,Bisexual,Disabled under the Equality Act: Day-to-day activities limited a lot,46,85600,0.053738317757009345
E07000075,Rochford,Bisexual,Disabled under the Equality Act: Day-to-day activities limited a little,111,85600,0.12967289719626168
E07000075,Rochford,Bisexual,Not disabled under the Equality Act,273,85600,0.3189252336448598
E07000075,Rochford,All other sexual orientations,Does not apply,0,85600,0
E07000075,Rochford,All other sexual orientations,Disabled under the Equality Act: Day-to-day activities limited a lot,15,85600,0.017523364485981307
E07000075,Rochford,All other sexual orientations,Disabled under the Equality Act: Day-to-day activities limited a little,23,85600,0.026869158878504672
E07000075,Rochford,All other sexual orientations,Not disabled under the Equality Act,57,85600,0.06658878504672897
E07000075,Rochford,Not answered,Does not apply,0,85600,0
E07000075,Rochford,Not answered,Disabled under the Equality Act: Day-to-day activities limited a lot,375,85600,0.4380841121495327
E07000075,Rochford,Not answered,Disabled under the Equality Act: Day-to-day activities limited a little,468,85600,0.5467289719626168
E07000075,Rochford,Not answered,Not disabled under the Equality Act,3037,85600,3.5478971962616823
E07000076,Tendring,Does not apply,Does not apply,0,148100,0
E07000076,Tendring,Does not apply,Disabled under the Equality Act: Day-to-day activities limited a lot,0,148100,0
E07000076,Tendring,Does not apply,Disabled under the Equality Act: Day-to-day activities limited a little,0,148100,0
E07000076,Tendring,Does not apply,Not disabled under the Equality Act,0,148100,0
E07000076,Tendring,Straight or Heterosexual,Does not apply,0,148100,0
E07000076,Tendring,Straight or Heterosexual,Disabled under the Equality Act: Day-to-day activities limited a lot,13449,148100,9.081026333558407
E07000076,Tendring,Straight or Heterosexual,Disabled under the Equality Act: Day-to-day activities limited a little,15842,148100,10.696826468602296
E07000076,Tendring,Straight or Heterosexual,Not disabled under the Equality Act,83603,148100,56.45037137069548
E07000076,Tendring,Gay or Lesbian,Does not apply,0,148100,0
E07000076,Tendring,Gay or Lesbian,Disabled under the Equality Act: Day-to-day activities limited a lot,181,148100,0.12221471978392978
E07000076,Tendring,Gay or Lesbian,Disabled under the Equality Act: Day-to-day activities limited a little,217,148100,0.14652261985145174
E07000076,Tendring,Gay or Lesbian,Not disabled under the Equality Act,989,148100,0.6677920324105334
E07000076,Tendring,Bisexual,Does not apply,0,148100,0
E07000076,Tendring,Bisexual,Disabled under the Equality Act: Day-to-day activities limited a lot,136,148100,0.09182984469952735
E07000076,Tendring,Bisexual,Disabled under the Equality Act: Day-to-day activities limited a little,255,148100,0.17218095881161377
E07000076,Tendring,Bisexual,Not disabled under the Equality Act,634,148100,0.42808912896691426
E07000076,Tendring,All other sexual orientations,Does not apply,0,148100,0
E07000076,Tendring,All other sexual orientations,Disabled under the Equality Act: Day-to-day activities limited a lot,43,148100,0.02903443619176232
E07000076,Tendring,All other sexual orientations,Disabled under the Equality Act: Day-to-day activities limited a little,64,148100,0.04321404456448346
E07000076,Tendring,All other sexual orientations,Not disabled under the Equality Act,121,148100,0.08170155300472653
E07000076,Tendring,Not answered,Does not apply,0,148100,0
E07000076,Tendring,Not answered,Disabled under the Equality Act: Day-to-day activities limited a lot,1690,148100,1.1411208642808912
E07000076,Tendring,Not answered,Disabled under the Equality Act: Day-to-day activities limited a little,1402,148100,0.9466576637407157
E07000076,Tendring,Not answered,Not disabled under the Equality Act,6263,148100,4.228899392302498
E07000077,Uttlesford,Does not apply,Does not apply,0,91300,0
E07000077,Uttlesford,Does not apply,Disabled under the Equality Act: Day-to-day activities limited a lot,0,91300,0
E07000077,Uttlesford,Does not apply,Disabled under the Equality Act: Day-to-day activities limited a little,0,91300,0
E07000077,Uttlesford,Does not apply,Not disabled under the Equality Act,0,91300,0
E07000077,Uttlesford,Straight or Heterosexual,Does not apply,0,91300,0
E07000077,Uttlesford,Straight or Heterosexual,Disabled under the Equality Act: Day-to-day activities limited a lot,3493,91300,3.8258488499452357
E07000077,Uttlesford,Straight or Heterosexual,Disabled under the Equality Act: Day-to-day activities limited a little,6627,91300,7.258488499452355
E07000077,Uttlesford,Straight or Heterosexual,Not disabled under the Equality Act,57567,91300,63.052573932092
E07000077,Uttlesford,Gay or Lesbian,Does not apply,0,91300,0
E07000077,Uttlesford,Gay or Lesbian,Disabled under the Equality Act: Day-to-day activities limited a lot,30,91300,0.03285870755750274
E07000077,Uttlesford,Gay or Lesbian,Disabled under the Equality Act: Day-to-day activities limited a little,85,91300,0.09309967141292443
E07000077,Uttlesford,Gay or Lesbian,Not disabled under the Equality Act,595,91300,0.651697699890471
E07000077,Uttlesford,Bisexual,Does not apply,0,91300,0
E07000077,Uttlesford,Bisexual,Disabled under the Equality Act: Day-to-day activities limited a lot,48,91300,0.05257393209200438
E07000077,Uttlesford,Bisexual,Disabled under the Equality Act: Day-to-day activities limited a little,142,91300,0.15553121577217963
E07000077,Uttlesford,Bisexual,Not disabled under the Equality Act,398,91300,0.4359255202628697
E07000077,Uttlesford,All other sexual orientations,Does not apply,0,91300,0
E07000077,Uttlesford,All other sexual orientations,Disabled under the Equality Act: Day-to-day activities limited a lot,13,91300,0.014238773274917854
E07000077,Uttlesford,All other sexual orientations,Disabled under the Equality Act: Day-to-day activities limited a little,45,91300,0.04928806133625411
E07000077,Uttlesford,All other sexual orientations,Not disabled under the Equality Act,97,91300,0.10624315443592552
E07000077,Uttlesford,Not answered,Does not apply,0,91300,0
E07000077,Uttlesford,Not answered,Disabled under the Equality Act: Day-to-day activities limited a lot,404,91300,0.4424972617743702
E07000077,Uttlesford,Not answered,Disabled under the Equality Act: Day-to-day activities limited a little,477,91300,0.5224534501642936
E07000077,Uttlesford,Not answered,Not disabled under the Equality Act,3498,91300,3.8313253012048194
E07000078,Cheltenham,Does not apply,Does not apply,0,118800,0
E07000078,Cheltenham,Does not apply,Disabled under the Equality Act: Day-to-day activities limited a lot,0,118800,0
E07000078,Cheltenham,Does not apply,Disabled under the Equality Act: Day-to-day activities limited a little,0,118800,0
E07000078,Cheltenham,Does not apply,Not disabled under the Equality Act,0,118800,0
E07000078,Cheltenham,Straight or Heterosexual,Does not apply,0,118800,0
E07000078,Cheltenham,Straight or Heterosexual,Disabled under the Equality Act: Day-to-day activities limited a lot,5726,118800,4.81986531986532
E07000078,Cheltenham,Straight or Heterosexual,Disabled under the Equality Act: Day-to-day activities limited a little,9534,118800,8.025252525252526
E07000078,Cheltenham,Straight or Heterosexual,Not disabled under the Equality Act,72528,118800,61.05050505050505
E07000078,Cheltenham,Gay or Lesbian,Does not apply,0,118800,0
E07000078,Cheltenham,Gay or Lesbian,Disabled under the Equality Act: Day-to-day activities limited a lot,121,118800,0.10185185185185185
E07000078,Cheltenham,Gay or Lesbian,Disabled under the Equality Act: Day-to-day activities limited a little,259,118800,0.21801346801346802
E07000078,Cheltenham,Gay or Lesbian,Not disabled under the Equality Act,1204,118800,1.0134680134680134
E07000078,Cheltenham,Bisexual,Does not apply,0,118800,0
E07000078,Cheltenham,Bisexual,Disabled under the Equality Act: Day-to-day activities limited a lot,151,118800,0.1271043771043771
E07000078,Cheltenham,Bisexual,Disabled under the Equality Act: Day-to-day activities limited a little,493,118800,0.414983164983165
E07000078,Cheltenham,Bisexual,Not disabled under the Equality Act,1168,118800,0.9831649831649831
E07000078,Cheltenham,All other sexual orientations,Does not apply,0,118800,0
E07000078,Cheltenham,All other sexual orientations,Disabled under the Equality Act: Day-to-day activities limited a lot,64,118800,0.05387205387205387
E07000078,Cheltenham,All other sexual orientations,Disabled under the Equality Act: Day-to-day activities limited a little,144,118800,0.12121212121212122
E07000078,Cheltenham,All other sexual orientations,Not disabled under the Equality Act,235,118800,0.1978114478114478
E07000078,Cheltenham,Not answered,Does not apply,0,118800,0
E07000078,Cheltenham,Not answered,Disabled under the Equality Act: Day-to-day activities limited a lot,637,118800,0.5361952861952862
E07000078,Cheltenham,Not answered,Disabled under the Equality Act: Day-to-day activities limited a little,840,118800,0.7070707070707071
E07000078,Cheltenham,Not answered,Not disabled under the Equality Act,5331,118800,4.487373737373737
E07000079,Cotswold,Does not apply,Does not apply,0,90800,0
E07000079,Cotswold,Does not apply,Disabled under the Equality Act: Day-to-day activities limited a lot,0,90800,0
E07000079,Cotswold,Does not apply,Disabled under the Equality Act: Day-to-day activities limited a little,0,90800,0
E07000079,Cotswold,Does not apply,Not disabled under the Equality Act,0,90800,0
E07000079,Cotswold,Straight or Heterosexual,Does not apply,0,90800,0
E07000079,Cotswold,Straight or Heterosexual,Disabled under the Equality Act: Day-to-day activities limited a lot,4235,90800,4.66409691629956
E07000079,Cotswold,Straight or Heterosexual,Disabled under the Equality Act: Day-to-day activities limited a little,7603,90800,8.373348017621145
E07000079,Cotswold,Straight or Heterosexual,Not disabled under the Equality Act,57982,90800,63.8568281938326
E07000079,Cotswold,Gay or Lesbian,Does not apply,0,90800,0
E07000079,Cotswold,Gay or Lesbian,Disabled under the Equality Act: Day-to-day activities limited a lot,50,90800,0.05506607929515418
E07000079,Cotswold,Gay or Lesbian,Disabled under the Equality Act: Day-to-day activities limited a little,114,90800,0.12555066079295155
E07000079,Cotswold,Gay or Lesbian,Not disabled under the Equality Act,712,90800,0.7841409691629956
E07000079,Cotswold,Bisexual,Does not apply,0,90800,0
E07000079,Cotswold,Bisexual,Disabled under the Equality Act: Day-to-day activities limited a lot,65,90800,0.07158590308370044
E07000079,Cotswold,Bisexual,Disabled under the Equality Act: Day-to-day activities limited a little,172,90800,0.1894273127753304
E07000079,Cotswold,Bisexual,Not disabled under the Equality Act,412,90800,0.45374449339207046
E07000079,Cotswold,All other sexual orientations,Does not apply,0,90800,0
E07000079,Cotswold,All other sexual orientations,Disabled under the Equality Act: Day-to-day activities limited a lot,13,90800,0.014317180616740088
E07000079,Cotswold,All other sexual orientations,Disabled under the Equality Act: Day-to-day activities limited a little,47,90800,0.051762114537444934
E07000079,Cotswold,All other sexual orientations,Not disabled under the Equality Act,83,90800,0.09140969162995595
E07000079,Cotswold,Not answered,Does not apply,0,90800,0
E07000079,Cotswold,Not answered,Disabled under the Equality Act: Day-to-day activities limited a lot,429,90800,0.4724669603524229
E07000079,Cotswold,Not answered,Disabled under the Equality Act: Day-to-day activities limited a little,592,90800,0.6519823788546255
E07000079,Cotswold,Not answered,Not disabled under the Equality Act,3805,90800,4.190528634361233
E07000080,Forest of Dean,Does not apply,Does not apply,0,87000,0
E07000080,Forest of Dean,Does not apply,Disabled under the Equality Act: Day-to-day activities limited a lot,0,87000,0
E07000080,Forest of Dean,Does not apply,Disabled under the Equality Act: Day-to-day activities limited a little,0,87000,0
E07000080,Forest of Dean,Does not apply,Not disabled under the Equality Act,0,87000,0
E07000080,Forest of Dean,Straight or Heterosexual,Does not apply,0,87000,0
E07000080,Forest of Dean,Straight or Heterosexual,Disabled under the Equality Act: Day-to-day activities limited a lot,5577,87000,6.410344827586207
E07000080,Forest of Dean,Straight or Heterosexual,Disabled under the Equality Act: Day-to-day activities limited a little,8421,87000,9.679310344827586
E07000080,Forest of Dean,Straight or Heterosexual,Not disabled under the Equality Act,52190,87000,59.98850574712644
E07000080,Forest of Dean,Gay or Lesbian,Does not apply,0,87000,0
E07000080,Forest of Dean,Gay or Lesbian,Disabled under the Equality Act: Day-to-day activities limited a lot,65,87000,0.07471264367816093
E07000080,Forest of Dean,Gay or Lesbian,Disabled under the Equality Act: Day-to-day activities limited a little,107,87000,0.12298850574712644
E07000080,Forest of Dean,Gay or Lesbian,Not disabled under the Equality Act,575,87000,0.6609195402298851
E07000080,Forest of Dean,Bisexual,Does not apply,0,87000,0
E07000080,Forest of Dean,Bisexual,Disabled under the Equality Act: Day-to-day activities limited a lot,95,87000,0.10919540229885058
E07000080,Forest of Dean,Bisexual,Disabled under the Equality Act: Day-to-day activities limited a little,195,87000,0.22413793103448276
E07000080,Forest of Dean,Bisexual,Not disabled under the Equality Act,416,87000,0.4781609195402299
E07000080,Forest of Dean,All other sexual orientations,Does not apply,0,87000,0
E07000080,Forest of Dean,All other sexual orientations,Disabled under the Equality Act: Day-to-day activities limited a lot,34,87000,0.03908045977011494
E07000080,Forest of Dean,All other sexual orientations,Disabled under the Equality Act: Day-to-day activities limited a little,57,87000,0.06551724137931035
E07000080,Forest of Dean,All other sexual orientations,Not disabled under the Equality Act,119,87000,0.1367816091954023
E07000080,Forest of Dean,Not answered,Does not apply,0,87000,0
E07000080,Forest of Dean,Not answered,Disabled under the Equality Act: Day-to-day activities limited a lot,670,87000,0.7701149425287356
E07000080,Forest of Dean,Not answered,Disabled under the Equality Act: Day-to-day activities limited a little,730,87000,0.8390804597701149
E07000080,Forest of Dean,Not answered,Not disabled under the Equality Act,3797,87000,4.364367816091954
E07000081,Gloucester,Does not apply,Does not apply,0,132500,0
E07000081,Gloucester,Does not apply,Disabled under the Equality Act: Day-to-day activities limited a lot,0,132500,0
E07000081,Gloucester,Does not apply,Disabled under the Equality Act: Day-to-day activities limited a little,0,132500,0
E07000081,Gloucester,Does not apply,Not disabled under the Equality Act,0,132500,0
E07000081,Gloucester,Straight or Heterosexual,Does not apply,0,132500,0
E07000081,Gloucester,Straight or Heterosexual,Disabled under the Equality Act: Day-to-day activities limited a lot,7455,132500,5.626415094339623
E07000081,Gloucester,Straight or Heterosexual,Disabled under the Equality Act: Day-to-day activities limited a little,11288,132500,8.519245283018869
E07000081,Gloucester,Straight or Heterosexual,Not disabled under the Equality Act,77315,132500,58.35094339622641
E07000081,Gloucester,Gay or Lesbian,Does not apply,0,132500,0
E07000081,Gloucester,Gay or Lesbian,Disabled under the Equality Act: Day-to-day activities limited a lot,99,132500,0.07471698113207548
E07000081,Gloucester,Gay or Lesbian,Disabled under the Equality Act: Day-to-day activities limited a little,225,132500,0.16981132075471697
E07000081,Gloucester,Gay or Lesbian,Not disabled under the Equality Act,1165,132500,0.879245283018868
E07000081,Gloucester,Bisexual,Does not apply,0,132500,0
E07000081,Gloucester,Bisexual,Disabled under the Equality Act: Day-to-day activities limited a lot,134,132500,0.10113207547169811
E07000081,Gloucester,Bisexual,Disabled under the Equality Act: Day-to-day activities limited a little,360,132500,0.27169811320754716
E07000081,Gloucester,Bisexual,Not disabled under the Equality Act,956,132500,0.7215094339622642
E07000081,Gloucester,All other sexual orientations,Does not apply,0,132500,0
E07000081,Gloucester,All other sexual orientations,Disabled under the Equality Act: Day-to-day activities limited a lot,77,132500,0.05811320754716981
E07000081,Gloucester,All other sexual orientations,Disabled under the Equality Act: Day-to-day activities limited a little,91,132500,0.06867924528301887
E07000081,Gloucester,All other sexual orientations,Not disabled under the Equality Act,210,132500,0.15849056603773584
E07000081,Gloucester,Not answered,Does not apply,0,132500,0
E07000081,Gloucester,Not answered,Disabled under the Equality Act: Day-to-day activities limited a lot,977,132500,0.7373584905660377
E07000081,Gloucester,Not answered,Disabled under the Equality Act: Day-to-day activities limited a little,951,132500,0.7177358490566038
E07000081,Gloucester,Not answered,Not disabled under the Equality Act,5636,132500,4.253584905660377
E07000082,Stroud,Does not apply,Does not apply,0,121100,0
E07000082,Stroud,Does not apply,Disabled under the Equality Act: Day-to-day activities limited a lot,0,121100,0
E07000082,Stroud,Does not apply,Disabled under the Equality Act: Day-to-day activities limited a little,0,121100,0
E07000082,Stroud,Does not apply,Not disabled under the Equality Act,0,121100,0
E07000082,Stroud,Straight or Heterosexual,Does not apply,0,121100,0
E07000082,Stroud,Straight or Heterosexual,Disabled under the Equality Act: Day-to-day activities limited a lot,6109,121100,5.044591246903385
E07000082,Stroud,Straight or Heterosexual,Disabled under the Equality Act: Day-to-day activities limited a little,10766,121100,8.890173410404625
E07000082,Stroud,Straight or Heterosexual,Not disabled under the Equality Act,73618,121100,60.79108175061932
E07000082,Stroud,Gay or Lesbian,Does not apply,0,121100,0
E07000082,Stroud,Gay or Lesbian,Disabled under the Equality Act: Day-to-day activities limited a lot,97,121100,0.08009909165978531
E07000082,Stroud,Gay or Lesbian,Disabled under the Equality Act: Day-to-day activities limited a little,190,121100,0.1568951279933939
E07000082,Stroud,Gay or Lesbian,Not disabled under the Equality Act,959,121100,0.791907514450867
E07000082,Stroud,Bisexual,Does not apply,0,121100,0
E07000082,Stroud,Bisexual,Disabled under the Equality Act: Day-to-day activities limited a lot,109,121100,0.09000825763831544
E07000082,Stroud,Bisexual,Disabled under the Equality Act: Day-to-day activities limited a little,286,121100,0.236168455821635
E07000082,Stroud,Bisexual,Not disabled under the Equality Act,758,121100,0.6259289843104872
E07000082,Stroud,All other sexual orientations,Does not apply,0,121100,0
E07000082,Stroud,All other sexual orientations,Disabled under the Equality Act: Day-to-day activities limited a lot,49,121100,0.04046242774566474
E07000082,Stroud,All other sexual orientations,Disabled under the Equality Act: Day-to-day activities limited a little,74,121100,0.0611065235342692
E07000082,Stroud,All other sexual orientations,Not disabled under the Equality Act,191,121100,0.15772089182493806
E07000082,Stroud,Not answered,Does not apply,0,121100,0
E07000082,Stroud,Not answered,Disabled under the Equality Act: Day-to-day activities limited a lot,850,121100,0.7018992568125516
E07000082,Stroud,Not answered,Disabled under the Equality Act: Day-to-day activities limited a little,902,121100,0.7448389760528489
E07000082,Stroud,Not answered,Not disabled under the Equality Act,5237,121100,4.324525185796862
E07000083,Tewkesbury,Does not apply,Does not apply,0,94900,0
E07000083,Tewkesbury,Does not apply,Disabled under the Equality Act: Day-to-day activities limited a lot,0,94900,0
E07000083,Tewkesbury,Does not apply,Disabled under the Equality Act: Day-to-day activities limited a little,0,94900,0
E07000083,Tewkesbury,Does not apply,Not disabled under the Equality Act,0,94900,0
E07000083,Tewkesbury,Straight or Heterosexual,Does not apply,0,94900,0
E07000083,Tewkesbury,Straight or Heterosexual,Disabled under the Equality Act: Day-to-day activities limited a lot,4480,94900,4.720758693361433
E07000083,Tewkesbury,Straight or Heterosexual,Disabled under the Equality Act: Day-to-day activities limited a little,8100,94900,8.535300316122234
E07000083,Tewkesbury,Straight or Heterosexual,Not disabled under the Equality Act,58262,94900,61.39304531085353
E07000083,Tewkesbury,Gay or Lesbian,Does not apply,0,94900,0
E07000083,Tewkesbury,Gay or Lesbian,Disabled under the Equality Act: Day-to-day activities limited a lot,42,94900,0.044257112750263436
E07000083,Tewkesbury,Gay or Lesbian,Disabled under the Equality Act: Day-to-day activities limited a little,127,94900,0.13382507903055849
E07000083,Tewkesbury,Gay or Lesbian,Not disabled under the Equality Act,706,94900,0.743940990516333
E07000083,Tewkesbury,Bisexual,Does not apply,0,94900,0
E07000083,Tewkesbury,Bisexual,Disabled under the Equality Act: Day-to-day activities limited a lot,71,94900,0.07481559536354057
E07000083,Tewkesbury,Bisexual,Disabled under the Equality Act: Day-to-day activities limited a little,159,94900,0.16754478398314016
E07000083,Tewkesbury,Bisexual,Not disabled under the Equality Act,433,94900,0.45626975763962063
E07000083,Tewkesbury,All other sexual orientations,Does not apply,0,94900,0
E07000083,Tewkesbury,All other sexual orientations,Disabled under the Equality Act: Day-to-day activities limited a lot,31,94900,0.032665964172813484
E07000083,Tewkesbury,All other sexual orientations,Disabled under the Equality Act: Day-to-day activities limited a little,52,94900,0.0547945205479452
E07000083,Tewkesbury,All other sexual orientations,Not disabled under the Equality Act,88,94900,0.09272918861959958
E07000083,Tewkesbury,Not answered,Does not apply,0,94900,0
E07000083,Tewkesbury,Not answered,Disabled under the Equality Act: Day-to-day activities limited a lot,514,94900,0.541622760800843
E07000083,Tewkesbury,Not answered,Disabled under the Equality Act: Day-to-day activities limited a little,626,94900,0.6596417281348789
E07000083,Tewkesbury,Not answered,Not disabled under the Equality Act,3662,94900,3.8587987355110642
E07000084,Basingstoke and Deane,Does not apply,Does not apply,0,185200,0
E07000084,Basingstoke and Deane,Does not apply,Disabled under the Equality Act: Day-to-day activities limited a lot,0,185200,0
E07000084,Basingstoke and Deane,Does not apply,Disabled under the Equality Act: Day-to-day activities limited a little,0,185200,0
E07000084,Basingstoke and Deane,Does not apply,Not disabled under the Equality Act,0,185200,0
E07000084,Basingstoke and Deane,Straight or Heterosexual,Does not apply,0,185200,0
E07000084,Basingstoke and Deane,Straight or Heterosexual,Disabled under the Equality Act: Day-to-day activities limited a lot,8038,185200,4.340172786177106
E07000084,Basingstoke and Deane,Straight or Heterosexual,Disabled under the Equality Act: Day-to-day activities limited a little,14447,185200,7.800755939524838
E07000084,Basingstoke and Deane,Straight or Heterosexual,Not disabled under the Equality Act,114077,185200,61.59665226781858
E07000084,Basingstoke and Deane,Gay or Lesbian,Does not apply,0,185200,0
E07000084,Basingstoke and Deane,Gay or Lesbian,Disabled under the Equality Act: Day-to-day activities limited a lot,135,185200,0.07289416846652268
E07000084,Basingstoke and Deane,Gay or Lesbian,Disabled under the Equality Act: Day-to-day activities limited a little,283,185200,0.15280777537796977
E07000084,Basingstoke and Deane,Gay or Lesbian,Not disabled under the Equality Act,1496,185200,0.8077753779697624
E07000084,Basingstoke and Deane,Bisexual,Does not apply,0,185200,0
E07000084,Basingstoke and Deane,Bisexual,Disabled under the Equality Act: Day-to-day activities limited a lot,167,185200,0.09017278617710583
E07000084,Basingstoke and Deane,Bisexual,Disabled under the Equality Act: Day-to-day activities limited a little,462,185200,0.24946004319654427
E07000084,Basingstoke and Deane,Bisexual,Not disabled under the Equality Act,1165,185200,0.6290496760259179
E07000084,Basingstoke and Deane,All other sexual orientations,Does not apply,0,185200,0
E07000084,Basingstoke and Deane,All other sexual orientations,Disabled under the Equality Act: Day-to-day activities limited a lot,54,185200,0.029157667386609073
E07000084,Basingstoke and Deane,All other sexual orientations,Disabled under the Equality Act: Day-to-day activities limited a little,116,185200,0.06263498920086392
E07000084,Basingstoke and Deane,All other sexual orientations,Not disabled under the Equality Act,285,185200,0.1538876889848812
E07000084,Basingstoke and Deane,Not answered,Does not apply,0,185200,0
E07000084,Basingstoke and Deane,Not answered,Disabled under the Equality Act: Day-to-day activities limited a lot,886,185200,0.47840172786177104
E07000084,Basingstoke and Deane,Not answered,Disabled under the Equality Act: Day-to-day activities limited a little,996,185200,0.5377969762419006
E07000084,Basingstoke and Deane,Not answered,Not disabled under the Equality Act,7200,185200,3.8876889848812093
E07000085,East Hampshire,Does not apply,Does not apply,0,125700,0
E07000085,East Hampshire,Does not apply,Disabled under the Equality Act: Day-to-day activities limited a lot,0,125700,0
E07000085,East Hampshire,Does not apply,Disabled under the Equality Act: Day-to-day activities limited a little,0,125700,0
E07000085,East Hampshire,Does not apply,Not disabled under the Equality Act,0,125700,0
E07000085,East Hampshire,Straight or Heterosexual,Does not apply,0,125700,0
E07000085,East Hampshire,Straight or Heterosexual,Disabled under the Equality Act: Day-to-day activities limited a lot,5650,125700,4.494828957836118
E07000085,East Hampshire,Straight or Heterosexual,Disabled under the Equality Act: Day-to-day activities limited a little,10474,125700,8.332537788385043
E07000085,East Hampshire,Straight or Heterosexual,Not disabled under the Equality Act,78819,125700,62.704057279236274
E07000085,East Hampshire,Gay or Lesbian,Does not apply,0,125700,0
E07000085,East Hampshire,Gay or Lesbian,Disabled under the Equality Act: Day-to-day activities limited a lot,72,125700,0.057279236276849645
E07000085,East Hampshire,Gay or Lesbian,Disabled under the Equality Act: Day-to-day activities limited a little,140,125700,0.11137629276054097
E07000085,East Hampshire,Gay or Lesbian,Not disabled under the Equality Act,935,125700,0.7438345266507558
E07000085,East Hampshire,Bisexual,Does not apply,0,125700,0
E07000085,East Hampshire,Bisexual,Disabled under the Equality Act: Day-to-day activities limited a lot,78,125700,0.06205250596658711
E07000085,East Hampshire,Bisexual,Disabled under the Equality Act: Day-to-day activities limited a little,264,125700,0.2100238663484487
E07000085,East Hampshire,Bisexual,Not disabled under the Equality Act,615,125700,0.4892601431980907
E07000085,East Hampshire,All other sexual orientations,Does not apply,0,125700,0
E07000085,East Hampshire,All other sexual orientations,Disabled under the Equality Act: Day-to-day activities limited a lot,32,125700,0.02545743834526651
E07000085,East Hampshire,All other sexual orientations,Disabled under the Equality Act: Day-to-day activities limited a little,70,125700,0.05568814638027048
E07000085,East Hampshire,All other sexual orientations,Not disabled under the Equality Act,127,125700,0.10103420843277645
E07000085,East Hampshire,Not answered,Does not apply,0,125700,0
E07000085,East Hampshire,Not answered,Disabled under the Equality Act: Day-to-day activities limited a lot,802,125700,0.6380270485282419
E07000085,East Hampshire,Not answered,Disabled under the Equality Act: Day-to-day activities limited a little,780,125700,0.6205250596658711
E07000085,East Hampshire,Not answered,Not disabled under the Equality Act,4972,125700,3.9554494828957836
E07000086,Eastleigh,Does not apply,Does not apply,0,136400,0
E07000086,Eastleigh,Does not apply,Disabled under the Equality Act: Day-to-day activities limited a lot,0,136400,0
E07000086,Eastleigh,Does not apply,Disabled under the Equality Act: Day-to-day activities limited a little,0,136400,0
E07000086,Eastleigh,Does not apply,Not disabled under the Equality Act,0,136400,0
E07000086,Eastleigh,Straight or Heterosexual,Does not apply,0,136400,0
E07000086,Eastleigh,Straight or Heterosexual,Disabled under the Equality Act: Day-to-day activities limited a lot,6679,136400,4.896627565982405
E07000086,Eastleigh,Straight or Heterosexual,Disabled under the Equality Act: Day-to-day activities limited a little,11265,136400,8.258797653958945
E07000086,Eastleigh,Straight or Heterosexual,Not disabled under the Equality Act,83300,136400,61.070381231671554
E07000086,Eastleigh,Gay or Lesbian,Does not apply,0,136400,0
E07000086,Eastleigh,Gay or Lesbian,Disabled under the Equality Act: Day-to-day activities limited a lot,90,136400,0.06598240469208211
E07000086,Eastleigh,Gay or Lesbian,Disabled under the Equality Act: Day-to-day activities limited a little,209,136400,0.1532258064516129
E07000086,Eastleigh,Gay or Lesbian,Not disabled under the Equality Act,1028,136400,0.7536656891495601
E07000086,Eastleigh,Bisexual,Does not apply,0,136400,0
E07000086,Eastleigh,Bisexual,Disabled under the Equality Act: Day-to-day activities limited a lot,104,136400,0.07624633431085044
E07000086,Eastleigh,Bisexual,Disabled under the Equality Act: Day-to-day activities limited a little,329,136400,0.24120234604105573
E07000086,Eastleigh,Bisexual,Not disabled under the Equality Act,771,136400,0.5652492668621701
E07000086,Eastleigh,All other sexual orientations,Does not apply,0,136400,0
E07000086,Eastleigh,All other sexual orientations,Disabled under the Equality Act: Day-to-day activities limited a lot,43,136400,0.03152492668621701
E07000086,Eastleigh,All other sexual orientations,Disabled under the Equality Act: Day-to-day activities limited a little,69,136400,0.050586510263929615
E07000086,Eastleigh,All other sexual orientations,Not disabled under the Equality Act,151,136400,0.11070381231671554
E07000086,Eastleigh,Not answered,Does not apply,0,136400,0
E07000086,Eastleigh,Not answered,Disabled under the Equality Act: Day-to-day activities limited a lot,735,136400,0.5388563049853372
E07000086,Eastleigh,Not answered,Disabled under the Equality Act: Day-to-day activities limited a little,741,136400,0.5432551319648093
E07000086,Eastleigh,Not answered,Not disabled under the Equality Act,4820,136400,3.533724340175953
E07000087,Fareham,Does not apply,Does not apply,0,114500,0
E07000087,Fareham,Does not apply,Disabled under the Equality Act: Day-to-day activities limited a lot,0,114500,0
E07000087,Fareham,Does not apply,Disabled under the Equality Act: Day-to-day activities limited a little,0,114500,0
E07000087,Fareham,Does not apply,Not disabled under the Equality Act,0,114500,0
E07000087,Fareham,Straight or Heterosexual,Does not apply,0,114500,0
E07000087,Fareham,Straight or Heterosexual,Disabled under the Equality Act: Day-to-day activities limited a lot,5917,114500,5.1676855895196505
E07000087,Fareham,Straight or Heterosexual,Disabled under the Equality Act: Day-to-day activities limited a little,10239,114500,8.94235807860262
E07000087,Fareham,Straight or Heterosexual,Not disabled under the Equality Act,71700,114500,62.620087336244545
E07000087,Fareham,Gay or Lesbian,Does not apply,0,114500,0
E07000087,Fareham,Gay or Lesbian,Disabled under the Equality Act: Day-to-day activities limited a lot,81,114500,0.07074235807860262
E07000087,Fareham,Gay or Lesbian,Disabled under the Equality Act: Day-to-day activities limited a little,183,114500,0.15982532751091702
E07000087,Fareham,Gay or Lesbian,Not disabled under the Equality Act,950,114500,0.8296943231441049
E07000087,Fareham,Bisexual,Does not apply,0,114500,0
E07000087,Fareham,Bisexual,Disabled under the Equality Act: Day-to-day activities limited a lot,81,114500,0.07074235807860262
E07000087,Fareham,Bisexual,Disabled under the Equality Act: Day-to-day activities limited a little,205,114500,0.17903930131004367
E07000087,Fareham,Bisexual,Not disabled under the Equality Act,575,114500,0.5021834061135371
E07000087,Fareham,All other sexual orientations,Does not apply,0,114500,0
E07000087,Fareham,All other sexual orientations,Disabled under the Equality Act: Day-to-day activities limited a lot,35,114500,0.03056768558951965
E07000087,Fareham,All other sexual orientations,Disabled under the Equality Act: Day-to-day activities limited a little,46,114500,0.04017467248908297
E07000087,Fareham,All other sexual orientations,Not disabled under the Equality Act,118,114500,0.10305676855895196
E07000087,Fareham,Not answered,Does not apply,0,114500,0
E07000087,Fareham,Not answered,Disabled under the Equality Act: Day-to-day activities limited a lot,732,114500,0.6393013100436681
E07000087,Fareham,Not answered,Disabled under the Equality Act: Day-to-day activities limited a little,653,114500,0.5703056768558952
E07000087,Fareham,Not answered,Not disabled under the Equality Act,4122,114500,3.6
E07000088,Gosport,Does not apply,Does not apply,0,81900,0
E07000088,Gosport,Does not apply,Disabled under the Equality Act: Day-to-day activities limited a lot,0,81900,0
E07000088,Gosport,Does not apply,Disabled under the Equality Act: Day-to-day activities limited a little,0,81900,0
E07000088,Gosport,Does not apply,Not disabled under the Equality Act,0,81900,0
E07000088,Gosport,Straight or Heterosexual,Does not apply,0,81900,0
E07000088,Gosport,Straight or Heterosexual,Disabled under the Equality Act: Day-to-day activities limited a lot,5322,81900,6.498168498168498
E07000088,Gosport,Straight or Heterosexual,Disabled under the Equality Act: Day-to-day activities limited a little,8372,81900,10.222222222222221
E07000088,Gosport,Straight or Heterosexual,Not disabled under the Equality Act,47449,81900,57.93528693528693
E07000088,Gosport,Gay or Lesbian,Does not apply,0,81900,0
E07000088,Gosport,Gay or Lesbian,Disabled under the Equality Act: Day-to-day activities limited a lot,117,81900,0.14285714285714285
E07000088,Gosport,Gay or Lesbian,Disabled under the Equality Act: Day-to-day activities limited a little,178,81900,0.21733821733821734
E07000088,Gosport,Gay or Lesbian,Not disabled under the Equality Act,762,81900,0.9304029304029304
E07000088,Gosport,Bisexual,Does not apply,0,81900,0
E07000088,Gosport,Bisexual,Disabled under the Equality Act: Day-to-day activities limited a lot,95,81900,0.115995115995116
E07000088,Gosport,Bisexual,Disabled under the Equality Act: Day-to-day activities limited a little,243,81900,0.2967032967032967
E07000088,Gosport,Bisexual,Not disabled under the Equality Act,532,81900,0.6495726495726496
E07000088,Gosport,All other sexual orientations,Does not apply,0,81900,0
E07000088,Gosport,All other sexual orientations,Disabled under the Equality Act: Day-to-day activities limited a lot,25,81900,0.030525030525030524
E07000088,Gosport,All other sexual orientations,Disabled under the Equality Act: Day-to-day activities limited a little,62,81900,0.0757020757020757
E07000088,Gosport,All other sexual orientations,Not disabled under the Equality Act,108,81900,0.13186813186813187
E07000088,Gosport,Not answered,Does not apply,0,81900,0
E07000088,Gosport,Not answered,Disabled under the Equality Act: Day-to-day activities limited a lot,505,81900,0.6166056166056166
E07000088,Gosport,Not answered,Disabled under the Equality Act: Day-to-day activities limited a little,568,81900,0.6935286935286935
E07000088,Gosport,Not answered,Not disabled under the Equality Act,2874,81900,3.509157509157509
E07000089,Hart,Does not apply,Does not apply,0,99400,0
E07000089,Hart,Does not apply,Disabled under the Equality Act: Day-to-day activities limited a lot,0,99400,0
E07000089,Hart,Does not apply,Disabled under the Equality Act: Day-to-day activities limited a little,0,99400,0
E07000089,Hart,Does not apply,Not disabled under the Equality Act,0,99400,0
E07000089,Hart,Straight or Heterosexual,Does not apply,0,99400,0
E07000089,Hart,Straight or Heterosexual,Disabled under the Equality Act: Day-to-day activities limited a lot,3487,99400,3.5080482897384306
E07000089,Hart,Straight or Heterosexual,Disabled under the Equality Act: Day-to-day activities limited a little,7101,99400,7.1438631790744465
E07000089,Hart,Straight or Heterosexual,Not disabled under the Equality Act,63638,99400,64.02213279678068
E07000089,Hart,Gay or Lesbian,Does not apply,0,99400,0
E07000089,Hart,Gay or Lesbian,Disabled under the Equality Act: Day-to-day activities limited a lot,32,99400,0.03219315895372234
E07000089,Hart,Gay or Lesbian,Disabled under the Equality Act: Day-to-day activities limited a little,105,99400,0.1056338028169014
E07000089,Hart,Gay or Lesbian,Not disabled under the Equality Act,719,99400,0.7233400402414487
E07000089,Hart,Bisexual,Does not apply,0,99400,0
E07000089,Hart,Bisexual,Disabled under the Equality Act: Day-to-day activities limited a lot,58,99400,0.05835010060362173
E07000089,Hart,Bisexual,Disabled under the Equality Act: Day-to-day activities limited a little,141,99400,0.14185110663983905
E07000089,Hart,Bisexual,Not disabled under the Equality Act,477,99400,0.4798792756539235
E07000089,Hart,All other sexual orientations,Does not apply,0,99400,0
E07000089,Hart,All other sexual orientations,Disabled under the Equality Act: Day-to-day activities limited a lot,23,99400,0.023138832997987926
E07000089,Hart,All other sexual orientations,Disabled under the Equality Act: Day-to-day activities limited a little,48,99400,0.0482897384305835
E07000089,Hart,All other sexual orientations,Not disabled under the Equality Act,98,99400,0.09859154929577464
E07000089,Hart,Not answered,Does not apply,0,99400,0
E07000089,Hart,Not answered,Disabled under the Equality Act: Day-to-day activities limited a lot,352,99400,0.35412474849094566
E07000089,Hart,Not answered,Disabled under the Equality Act: Day-to-day activities limited a little,549,99400,0.5523138832997988
E07000089,Hart,Not answered,Not disabled under the Equality Act,3504,99400,3.5251509054325956
E07000090,Havant,Does not apply,Does not apply,0,124200,0
E07000090,Havant,Does not apply,Disabled under the Equality Act: Day-to-day activities limited a lot,0,124200,0
E07000090,Havant,Does not apply,Disabled under the Equality Act: Day-to-day activities limited a little,0,124200,0
E07000090,Havant,Does not apply,Not disabled under the Equality Act,0,124200,0
E07000090,Havant,Straight or Heterosexual,Does not apply,0,124200,0
E07000090,Havant,Straight or Heterosexual,Disabled under the Equality Act: Day-to-day activities limited a lot,8375,124200,6.743156199677939
E07000090,Havant,Straight or Heterosexual,Disabled under the Equality Act: Day-to-day activities limited a little,12073,124200,9.72061191626409
E07000090,Havant,Straight or Heterosexual,Not disabled under the Equality Act,73611,124200,59.268115942028984
E07000090,Havant,Gay or Lesbian,Does not apply,0,124200,0
E07000090,Havant,Gay or Lesbian,Disabled under the Equality Act: Day-to-day activities limited a lot,124,124200,0.0998389694041868
E07000090,Havant,Gay or Lesbian,Disabled under the Equality Act: Day-to-day activities limited a little,200,124200,0.1610305958132045
E07000090,Havant,Gay or Lesbian,Not disabled under the Equality Act,945,124200,0.7608695652173914
E07000090,Havant,Bisexual,Does not apply,0,124200,0
E07000090,Havant,Bisexual,Disabled under the Equality Act: Day-to-day activities limited a lot,135,124200,0.10869565217391304
E07000090,Havant,Bisexual,Disabled under the Equality Act: Day-to-day activities limited a little,276,124200,0.2222222222222222
E07000090,Havant,Bisexual,Not disabled under the Equality Act,567,124200,0.45652173913043476
E07000090,Havant,All other sexual orientations,Does not apply,0,124200,0
E07000090,Havant,All other sexual orientations,Disabled under the Equality Act: Day-to-day activities limited a lot,41,124200,0.033011272141706925
E07000090,Havant,All other sexual orientations,Disabled under the Equality Act: Day-to-day activities limited a little,70,124200,0.05636070853462158
E07000090,Havant,All other sexual orientations,Not disabled under the Equality Act,109,124200,0.08776167471819646
E07000090,Havant,Not answered,Does not apply,0,124200,0
E07000090,Havant,Not answered,Disabled under the Equality Act: Day-to-day activities limited a lot,951,124200,0.7657004830917874
E07000090,Havant,Not answered,Disabled under the Equality Act: Day-to-day activities limited a little,867,124200,0.6980676328502415
E07000090,Havant,Not answered,Not disabled under the Equality Act,4521,124200,3.640096618357488
E07000091,New Forest,Does not apply,Does not apply,0,175800,0
E07000091,New Forest,Does not apply,Disabled under the Equality Act: Day-to-day activities limited a lot,0,175800,0
E07000091,New Forest,Does not apply,Disabled under the Equality Act: Day-to-day activities limited a little,0,175800,0
E07000091,New Forest,Does not apply,Not disabled under the Equality Act,0,175800,0
E07000091,New Forest,Straight or Heterosexual,Does not apply,0,175800,0
E07000091,New Forest,Straight or Heterosexual,Disabled under the Equality Act: Day-to-day activities limited a lot,10459,175800,5.949374288964733
E07000091,New Forest,Straight or Heterosexual,Disabled under the Equality Act: Day-to-day activities limited a little,16624,175800,9.456200227531285
E07000091,New Forest,Straight or Heterosexual,Not disabled under the Equality Act,108786,175800,61.88054607508533
E07000091,New Forest,Gay or Lesbian,Does not apply,0,175800,0
E07000091,New Forest,Gay or Lesbian,Disabled under the Equality Act: Day-to-day activities limited a lot,122,175800,0.06939704209328783
E07000091,New Forest,Gay or Lesbian,Disabled under the Equality Act: Day-to-day activities limited a little,245,175800,0.13936291240045506
E07000091,New Forest,Gay or Lesbian,Not disabled under the Equality Act,1095,175800,0.6228668941979523
E07000091,New Forest,Bisexual,Does not apply,0,175800,0
E07000091,New Forest,Bisexual,Disabled under the Equality Act: Day-to-day activities limited a lot,128,175800,0.07281001137656427
E07000091,New Forest,Bisexual,Disabled under the Equality Act: Day-to-day activities limited a little,334,175800,0.1899886234357224
E07000091,New Forest,Bisexual,Not disabled under the Equality Act,716,175800,0.4072810011376564
E07000091,New Forest,All other sexual orientations,Does not apply,0,175800,0
E07000091,New Forest,All other sexual orientations,Disabled under the Equality Act: Day-to-day activities limited a lot,41,175800,0.023321956769055744
E07000091,New Forest,All other sexual orientations,Disabled under the Equality Act: Day-to-day activities limited a little,67,175800,0.03811149032992037
E07000091,New Forest,All other sexual orientations,Not disabled under the Equality Act,144,175800,0.08191126279863481
E07000091,New Forest,Not answered,Does not apply,0,175800,0
E07000091,New Forest,Not answered,Disabled under the Equality Act: Day-to-day activities limited a lot,1415,175800,0.8048919226393629
E07000091,New Forest,Not answered,Disabled under the Equality Act: Day-to-day activities limited a little,1329,175800,0.7559726962457338
E07000091,New Forest,Not answered,Not disabled under the Equality Act,7240,175800,4.118316268486917
E07000092,Rushmoor,Does not apply,Does not apply,0,99800,0
E07000092,Rushmoor,Does not apply,Disabled under the Equality Act: Day-to-day activities limited a lot,0,99800,0
E07000092,Rushmoor,Does not apply,Disabled under the Equality Act: Day-to-day activities limited a little,0,99800,0
E07000092,Rushmoor,Does not apply,Not disabled under the Equality Act,0,99800,0
E07000092,Rushmoor,Straight or Heterosexual,Does not apply,0,99800,0
E07000092,Rushmoor,Straight or Heterosexual,Disabled under the Equality Act: Day-to-day activities limited a lot,4234,99800,4.24248496993988
E07000092,Rushmoor,Straight or Heterosexual,Disabled under the Equality Act: Day-to-day activities limited a little,7266,99800,7.280561122244489
E07000092,Rushmoor,Straight or Heterosexual,Not disabled under the Equality Act,61359,99800,61.48196392785571
E07000092,Rushmoor,Gay or Lesbian,Does not apply,0,99800,0
E07000092,Rushmoor,Gay or Lesbian,Disabled under the Equality Act: Day-to-day activities limited a lot,57,99800,0.05711422845691383
E07000092,Rushmoor,Gay or Lesbian,Disabled under the Equality Act: Day-to-day activities limited a little,162,99800,0.1623246492985972
E07000092,Rushmoor,Gay or Lesbian,Not disabled under the Equality Act,836,99800,0.8376753507014028
E07000092,Rushmoor,Bisexual,Does not apply,0,99800,0
E07000092,Rushmoor,Bisexual,Disabled under the Equality Act: Day-to-day activities limited a lot,91,99800,0.09118236472945891
E07000092,Rushmoor,Bisexual,Disabled under the Equality Act: Day-to-day activities limited a little,248,99800,0.24849699398797595
E07000092,Rushmoor,Bisexual,Not disabled under the Equality Act,874,99800,0.875751503006012
E07000092,Rushmoor,All other sexual orientations,Does not apply,0,99800,0
E07000092,Rushmoor,All other sexual orientations,Disabled under the Equality Act: Day-to-day activities limited a lot,35,99800,0.03507014028056112
E07000092,Rushmoor,All other sexual orientations,Disabled under the Equality Act: Day-to-day activities limited a little,67,99800,0.06713426853707415
E07000092,Rushmoor,All other sexual orientations,Not disabled under the Equality Act,251,99800,0.251503006012024
E07000092,Rushmoor,Not answered,Does not apply,0,99800,0
E07000092,Rushmoor,Not answered,Disabled under the Equality Act: Day-to-day activities limited a lot,511,99800,0.5120240480961924
E07000092,Rushmoor,Not answered,Disabled under the Equality Act: Day-to-day activities limited a little,497,99800,0.49799599198396793
E07000092,Rushmoor,Not answered,Not disabled under the Equality Act,4383,99800,4.391783567134269
E07000093,Test Valley,Does not apply,Does not apply,0,130500,0
E07000093,Test Valley,Does not apply,Disabled under the Equality Act: Day-to-day activities limited a lot,0,130500,0
E07000093,Test Valley,Does not apply,Disabled under the Equality Act: Day-to-day activities limited a little,0,130500,0
E07000093,Test Valley,Does not apply,Not disabled under the Equality Act,0,130500,0
E07000093,Test Valley,Straight or Heterosexual,Does not apply,0,130500,0
E07000093,Test Valley,Straight or Heterosexual,Disabled under the Equality Act: Day-to-day activities limited a lot,6030,130500,4.620689655172414
E07000093,Test Valley,Straight or Heterosexual,Disabled under the Equality Act: Day-to-day activities limited a little,10626,130500,8.142528735632183
E07000093,Test Valley,Straight or Heterosexual,Not disabled under the Equality Act,81006,130500,62.0735632183908
E07000093,Test Valley,Gay or Lesbian,Does not apply,0,130500,0
E07000093,Test Valley,Gay or Lesbian,Disabled under the Equality Act: Day-to-day activities limited a lot,84,130500,0.06436781609195402
E07000093,Test Valley,Gay or Lesbian,Disabled under the Equality Act: Day-to-day activities limited a little,175,130500,0.13409961685823754
E07000093,Test Valley,Gay or Lesbian,Not disabled under the Equality Act,955,130500,0.7318007662835249
E07000093,Test Valley,Bisexual,Does not apply,0,130500,0
E07000093,Test Valley,Bisexual,Disabled under the Equality Act: Day-to-day activities limited a lot,105,130500,0.08045977011494253
E07000093,Test Valley,Bisexual,Disabled under the Equality Act: Day-to-day activities limited a little,233,130500,0.178544061302682
E07000093,Test Valley,Bisexual,Not disabled under the Equality Act,734,130500,0.5624521072796935
E07000093,Test Valley,All other sexual orientations,Does not apply,0,130500,0
E07000093,Test Valley,All other sexual orientations,Disabled under the Equality Act: Day-to-day activities limited a lot,35,130500,0.02681992337164751
E07000093,Test Valley,All other sexual orientations,Disabled under the Equality Act: Day-to-day activities limited a little,72,130500,0.05517241379310345
E07000093,Test Valley,All other sexual orientations,Not disabled under the Equality Act,153,130500,0.11724137931034483
E07000093,Test Valley,Not answered,Does not apply,0,130500,0
E07000093,Test Valley,Not answered,Disabled under the Equality Act: Day-to-day activities limited a lot,751,130500,0.5754789272030651
E07000093,Test Valley,Not answered,Disabled under the Equality Act: Day-to-day activities limited a little,776,130500,0.5946360153256705
E07000093,Test Valley,Not answered,Not disabled under the Equality Act,5021,130500,3.847509578544061
E07000094,Winchester,Does not apply,Does not apply,0,127500,0
E07000094,Winchester,Does not apply,Disabled under the Equality Act: Day-to-day activities limited a lot,0,127500,0
E07000094,Winchester,Does not apply,Disabled under the Equality Act: Day-to-day activities limited a little,0,127500,0
E07000094,Winchester,Does not apply,Not disabled under the Equality Act,0,127500,0
E07000094,Winchester,Straight or Heterosexual,Does not apply,0,127500,0
E07000094,Winchester,Straight or Heterosexual,Disabled under the Equality Act: Day-to-day activities limited a lot,5375,127500,4.215686274509804
E07000094,Winchester,Straight or Heterosexual,Disabled under the Equality Act: Day-to-day activities limited a little,10268,127500,8.053333333333333
E07000094,Winchester,Straight or Heterosexual,Not disabled under the Equality Act,78732,127500,61.75058823529412
E07000094,Winchester,Gay or Lesbian,Does not apply,0,127500,0
E07000094,Winchester,Gay or Lesbian,Disabled under the Equality Act: Day-to-day activities limited a lot,68,127500,0.05333333333333334
E07000094,Winchester,Gay or Lesbian,Disabled under the Equality Act: Day-to-day activities limited a little,218,127500,0.17098039215686275
E07000094,Winchester,Gay or Lesbian,Not disabled under the Equality Act,1026,127500,0.8047058823529412
E07000094,Winchester,Bisexual,Does not apply,0,127500,0
E07000094,Winchester,Bisexual,Disabled under the Equality Act: Day-to-day activities limited a lot,148,127500,0.11607843137254902
E07000094,Winchester,Bisexual,Disabled under the Equality Act: Day-to-day activities limited a little,488,127500,0.3827450980392157
E07000094,Winchester,Bisexual,Not disabled under the Equality Act,1129,127500,0.8854901960784314
E07000094,Winchester,All other sexual orientations,Does not apply,0,127500,0
E07000094,Winchester,All other sexual orientations,Disabled under the Equality Act: Day-to-day activities limited a lot,57,127500,0.04470588235294118
E07000094,Winchester,All other sexual orientations,Disabled under the Equality Act: Day-to-day activities limited a little,126,127500,0.0988235294117647
E07000094,Winchester,All other sexual orientations,Not disabled under the Equality Act,234,127500,0.18352941176470589
E07000094,Winchester,Not answered,Does not apply,0,127500,0
E07000094,Winchester,Not answered,Disabled under the Equality Act: Day-to-day activities limited a lot,734,127500,0.5756862745098039
E07000094,Winchester,Not answered,Disabled under the Equality Act: Day-to-day activities limited a little,867,127500,0.68
E07000094,Winchester,Not answered,Not disabled under the Equality Act,5279,127500,4.140392156862745
E07000095,Broxbourne,Does not apply,Does not apply,0,99000,0
E07000095,Broxbourne,Does not apply,Disabled under the Equality Act: Day-to-day activities limited a lot,0,99000,0
E07000095,Broxbourne,Does not apply,Disabled under the Equality Act: Day-to-day activities limited a little,0,99000,0
E07000095,Broxbourne,Does not apply,Not disabled under the Equality Act,0,99000,0
E07000095,Broxbourne,Straight or Heterosexual,Does not apply,0,99000,0
E07000095,Broxbourne,Straight or Heterosexual,Disabled under the Equality Act: Day-to-day activities limited a lot,4933,99000,4.982828282828283
E07000095,Broxbourne,Straight or Heterosexual,Disabled under the Equality Act: Day-to-day activities limited a little,6860,99000,6.929292929292929
E07000095,Broxbourne,Straight or Heterosexual,Not disabled under the Equality Act,60779,99000,61.392929292929296
E07000095,Broxbourne,Gay or Lesbian,Does not apply,0,99000,0
E07000095,Broxbourne,Gay or Lesbian,Disabled under the Equality Act: Day-to-day activities limited a lot,50,99000,0.050505050505050504
E07000095,Broxbourne,Gay or Lesbian,Disabled under the Equality Act: Day-to-day activities limited a little,88,99000,0.08888888888888889
E07000095,Broxbourne,Gay or Lesbian,Not disabled under the Equality Act,569,99000,0.5747474747474748
E07000095,Broxbourne,Bisexual,Does not apply,0,99000,0
E07000095,Broxbourne,Bisexual,Disabled under the Equality Act: Day-to-day activities limited a lot,51,99000,0.051515151515151514
E07000095,Broxbourne,Bisexual,Disabled under the Equality Act: Day-to-day activities limited a little,113,99000,0.11414141414141414
E07000095,Broxbourne,Bisexual,Not disabled under the Equality Act,346,99000,0.34949494949494947
E07000095,Broxbourne,All other sexual orientations,Does not apply,0,99000,0
E07000095,Broxbourne,All other sexual orientations,Disabled under the Equality Act: Day-to-day activities limited a lot,19,99000,0.01919191919191919
E07000095,Broxbourne,All other sexual orientations,Disabled under the Equality Act: Day-to-day activities limited a little,32,99000,0.03232323232323232
E07000095,Broxbourne,All other sexual orientations,Not disabled under the Equality Act,127,99000,0.12828282828282828
E07000095,Broxbourne,Not answered,Does not apply,0,99000,0
E07000095,Broxbourne,Not answered,Disabled under the Equality Act: Day-to-day activities limited a lot,480,99000,0.48484848484848486
E07000095,Broxbourne,Not answered,Disabled under the Equality Act: Day-to-day activities limited a little,506,99000,0.5111111111111111
E07000095,Broxbourne,Not answered,Not disabled under the Equality Act,4484,99000,4.52929292929293
E07000096,Dacorum,Does not apply,Does not apply,0,155100,0
E07000096,Dacorum,Does not apply,Disabled under the Equality Act: Day-to-day activities limited a lot,0,155100,0
E07000096,Dacorum,Does not apply,Disabled under the Equality Act: Day-to-day activities limited a little,0,155100,0
E07000096,Dacorum,Does not apply,Not disabled under the Equality Act,0,155100,0
E07000096,Dacorum,Straight or Heterosexual,Does not apply,0,155100,0
E07000096,Dacorum,Straight or Heterosexual,Disabled under the Equality Act: Day-to-day activities limited a lot,7263,155100,4.682785299806576
E07000096,Dacorum,Straight or Heterosexual,Disabled under the Equality Act: Day-to-day activities limited a little,11776,155100,7.592520954223082
E07000096,Dacorum,Straight or Heterosexual,Not disabled under the Equality Act,93580,155100,60.33526756931012
E07000096,Dacorum,Gay or Lesbian,Does not apply,0,155100,0
E07000096,Dacorum,Gay or Lesbian,Disabled under the Equality Act: Day-to-day activities limited a lot,109,155100,0.07027724049000644
E07000096,Dacorum,Gay or Lesbian,Disabled under the Equality Act: Day-to-day activities limited a little,178,155100,0.11476466795615732
E07000096,Dacorum,Gay or Lesbian,Not disabled under the Equality Act,1082,155100,0.6976144422952933
E07000096,Dacorum,Bisexual,Does not apply,0,155100,0
E07000096,Dacorum,Bisexual,Disabled under the Equality Act: Day-to-day activities limited a lot,116,155100,0.07479045776918117
E07000096,Dacorum,Bisexual,Disabled under the Equality Act: Day-to-day activities limited a little,293,155100,0.1889103803997421
E07000096,Dacorum,Bisexual,Not disabled under the Equality Act,824,155100,0.5312701482914249
E07000096,Dacorum,All other sexual orientations,Does not apply,0,155100,0
E07000096,Dacorum,All other sexual orientations,Disabled under the Equality Act: Day-to-day activities limited a lot,39,155100,0.025145067698259187
E07000096,Dacorum,All other sexual orientations,Disabled under the Equality Act: Day-to-day activities limited a little,66,155100,0.0425531914893617
E07000096,Dacorum,All other sexual orientations,Not disabled under the Equality Act,224,155100,0.14442295293359123
E07000096,Dacorum,Not answered,Does not apply,0,155100,0
E07000096,Dacorum,Not answered,Disabled under the Equality Act: Day-to-day activities limited a lot,743,155100,0.47904577691811734
E07000096,Dacorum,Not answered,Disabled under the Equality Act: Day-to-day activities limited a little,935,155100,0.6028368794326241
E07000096,Dacorum,Not answered,Not disabled under the Equality Act,6552,155100,4.224371373307544
E07000098,Hertsmere,Does not apply,Does not apply,0,107800,0
E07000098,Hertsmere,Does not apply,Disabled under the Equality Act: Day-to-day activities limited a lot,0,107800,0
E07000098,Hertsmere,Does not apply,Disabled under the Equality Act: Day-to-day activities limited a little,0,107800,0
E07000098,Hertsmere,Does not apply,Not disabled under the Equality Act,0,107800,0
E07000098,Hertsmere,Straight or Heterosexual,Does not apply,0,107800,0
E07000098,Hertsmere,Straight or Heterosexual,Disabled under the Equality Act: Day-to-day activities limited a lot,5017,107800,4.653988868274583
E07000098,Hertsmere,Straight or Heterosexual,Disabled under the Equality Act: Day-to-day activities limited a little,7259,107800,6.733766233766234
E07000098,Hertsmere,Straight or Heterosexual,Not disabled under the Equality Act,65663,107800,60.91187384044527
E07000098,Hertsmere,Gay or Lesbian,Does not apply,0,107800,0
E07000098,Hertsmere,Gay or Lesbian,Disabled under the Equality Act: Day-to-day activities limited a lot,72,107800,0.06679035250463822
E07000098,Hertsmere,Gay or Lesbian,Disabled under the Equality Act: Day-to-day activities limited a little,108,107800,0.10018552875695733
E07000098,Hertsmere,Gay or Lesbian,Not disabled under the Equality Act,666,107800,0.6178107606679035
E07000098,Hertsmere,Bisexual,Does not apply,0,107800,0
E07000098,Hertsmere,Bisexual,Disabled under the Equality Act: Day-to-day activities limited a lot,61,107800,0.05658627087198516
E07000098,Hertsmere,Bisexual,Disabled under the Equality Act: Day-to-day activities limited a little,150,107800,0.1391465677179963
E07000098,Hertsmere,Bisexual,Not disabled under the Equality Act,496,107800,0.4601113172541744
E07000098,Hertsmere,All other sexual orientations,Does not apply,0,107800,0
E07000098,Hertsmere,All other sexual orientations,Disabled under the Equality Act: Day-to-day activities limited a lot,23,107800,0.021335807050092765
E07000098,Hertsmere,All other sexual orientations,Disabled under the Equality Act: Day-to-day activities limited a little,42,107800,0.03896103896103896
E07000098,Hertsmere,All other sexual orientations,Not disabled under the Equality Act,191,107800,0.17717996289424862
E07000098,Hertsmere,Not answered,Does not apply,0,107800,0
E07000098,Hertsmere,Not answered,Disabled under the Equality Act: Day-to-day activities limited a lot,637,107800,0.5909090909090909
E07000098,Hertsmere,Not answered,Disabled under the Equality Act: Day-to-day activities limited a little,598,107800,0.5547309833024119
E07000098,Hertsmere,Not answered,Not disabled under the Equality Act,5210,107800,4.833024118738405
E07000099,North Hertfordshire,Does not apply,Does not apply,0,133200,0
E07000099,North Hertfordshire,Does not apply,Disabled under the Equality Act: Day-to-day activities limited a lot,0,133200,0
E07000099,North Hertfordshire,Does not apply,Disabled under the Equality Act: Day-to-day activities limited a little,0,133200,0
E07000099,North Hertfordshire,Does not apply,Not disabled under the Equality Act,0,133200,0
E07000099,North Hertfordshire,Straight or Heterosexual,Does not apply,0,133200,0
E07000099,North Hertfordshire,Straight or Heterosexual,Disabled under the Equality Act: Day-to-day activities limited a lot,6101,133200,4.58033033033033
E07000099,North Hertfordshire,Straight or Heterosexual,Disabled under the Equality Act: Day-to-day activities limited a little,10882,133200,8.16966966966967
E07000099,North Hertfordshire,Straight or Heterosexual,Not disabled under the Equality Act,80827,133200,60.680930930930934
E07000099,North Hertfordshire,Gay or Lesbian,Does not apply,0,133200,0
E07000099,North Hertfordshire,Gay or Lesbian,Disabled under the Equality Act: Day-to-day activities limited a lot,82,133200,0.06156156156156156
E07000099,North Hertfordshire,Gay or Lesbian,Disabled under the Equality Act: Day-to-day activities limited a little,206,133200,0.15465465465465467
E07000099,North Hertfordshire,Gay or Lesbian,Not disabled under the Equality Act,1091,133200,0.8190690690690691
E07000099,North Hertfordshire,Bisexual,Does not apply,0,133200,0
E07000099,North Hertfordshire,Bisexual,Disabled under the Equality Act: Day-to-day activities limited a lot,108,133200,0.08108108108108109
E07000099,North Hertfordshire,Bisexual,Disabled under the Equality Act: Day-to-day activities limited a little,333,133200,0.25
E07000099,North Hertfordshire,Bisexual,Not disabled under the Equality Act,832,133200,0.6246246246246246
E07000099,North Hertfordshire,All other sexual orientations,Does not apply,0,133200,0
E07000099,North Hertfordshire,All other sexual orientations,Disabled under the Equality Act: Day-to-day activities limited a lot,33,133200,0.024774774774774775
E07000099,North Hertfordshire,All other sexual orientations,Disabled under the Equality Act: Day-to-day activities limited a little,77,133200,0.05780780780780781
E07000099,North Hertfordshire,All other sexual orientations,Not disabled under the Equality Act,180,133200,0.13513513513513514
E07000099,North Hertfordshire,Not answered,Does not apply,0,133200,0
E07000099,North Hertfordshire,Not answered,Disabled under the Equality Act: Day-to-day activities limited a lot,841,133200,0.6313813813813813
E07000099,North Hertfordshire,Not answered,Disabled under the Equality Act: Day-to-day activities limited a little,859,133200,0.6448948948948949
E07000099,North Hertfordshire,Not answered,Not disabled under the Equality Act,5290,133200,3.9714714714714714
E07000102,Three Rivers,Does not apply,Does not apply,0,93800,0
E07000102,Three Rivers,Does not apply,Disabled under the Equality Act: Day-to-day activities limited a lot,0,93800,0
E07000102,Three Rivers,Does not apply,Disabled under the Equality Act: Day-to-day activities limited a little,0,93800,0
E07000102,Three Rivers,Does not apply,Not disabled under the Equality Act,0,93800,0
E07000102,Three Rivers,Straight or Heterosexual,Does not apply,0,93800,0
E07000102,Three Rivers,Straight or Heterosexual,Disabled under the Equality Act: Day-to-day activities limited a lot,3940,93800,4.20042643923241
E07000102,Three Rivers,Straight or Heterosexual,Disabled under the Equality Act: Day-to-day activities limited a little,6554,93800,6.9872068230277184
E07000102,Three Rivers,Straight or Heterosexual,Not disabled under the Equality Act,58161,93800,62.005330490405115
E07000102,Three Rivers,Gay or Lesbian,Does not apply,0,93800,0
E07000102,Three Rivers,Gay or Lesbian,Disabled under the Equality Act: Day-to-day activities limited a lot,38,93800,0.04051172707889126
E07000102,Three Rivers,Gay or Lesbian,Disabled under the Equality Act: Day-to-day activities limited a little,84,93800,0.08955223880597014
E07000102,Three Rivers,Gay or Lesbian,Not disabled under the Equality Act,553,93800,0.5895522388059702
E07000102,Three Rivers,Bisexual,Does not apply,0,93800,0
E07000102,Three Rivers,Bisexual,Disabled under the Equality Act: Day-to-day activities limited a lot,50,93800,0.053304904051172705
E07000102,Three Rivers,Bisexual,Disabled under the Equality Act: Day-to-day activities limited a little,131,93800,0.1396588486140725
E07000102,Three Rivers,Bisexual,Not disabled under the Equality Act,395,93800,0.4211087420042644
E07000102,Three Rivers,All other sexual orientations,Does not apply,0,93800,0
E07000102,Three Rivers,All other sexual orientations,Disabled under the Equality Act: Day-to-day activities limited a lot,16,93800,0.017057569296375266
E07000102,Three Rivers,All other sexual orientations,Disabled under the Equality Act: Day-to-day activities limited a little,34,93800,0.03624733475479744
E07000102,Three Rivers,All other sexual orientations,Not disabled under the Equality Act,115,93800,0.12260127931769722
E07000102,Three Rivers,Not answered,Does not apply,0,93800,0
E07000102,Three Rivers,Not answered,Disabled under the Equality Act: Day-to-day activities limited a lot,430,93800,0.4584221748400853
E07000102,Three Rivers,Not answered,Disabled under the Equality Act: Day-to-day activities limited a little,491,93800,0.523454157782516
E07000102,Three Rivers,Not answered,Not disabled under the Equality Act,4009,93800,4.273987206823028
E07000103,Watford,Does not apply,Does not apply,0,102300,0
E07000103,Watford,Does not apply,Disabled under the Equality Act: Day-to-day activities limited a lot,0,102300,0
E07000103,Watford,Does not apply,Disabled under the Equality Act: Day-to-day activities limited a little,0,102300,0
E07000103,Watford,Does not apply,Not disabled under the Equality Act,0,102300,0
E07000103,Watford,Straight or Heterosexual,Does not apply,0,102300,0
E07000103,Watford,Straight or Heterosexual,Disabled under the Equality Act: Day-to-day activities limited a lot,4155,102300,4.06158357771261
E07000103,Watford,Straight or Heterosexual,Disabled under the Equality Act: Day-to-day activities limited a little,6230,102300,6.0899315738025415
E07000103,Watford,Straight or Heterosexual,Not disabled under the Equality Act,61631,102300,60.24535679374389
E07000103,Watford,Gay or Lesbian,Does not apply,0,102300,0
E07000103,Watford,Gay or Lesbian,Disabled under the Equality Act: Day-to-day activities limited a lot,54,102300,0.05278592375366569
E07000103,Watford,Gay or Lesbian,Disabled under the Equality Act: Day-to-day activities limited a little,138,102300,0.1348973607038123
E07000103,Watford,Gay or Lesbian,Not disabled under the Equality Act,722,102300,0.7057673509286413
E07000103,Watford,Bisexual,Does not apply,0,102300,0
E07000103,Watford,Bisexual,Disabled under the Equality Act: Day-to-day activities limited a lot,70,102300,0.06842619745845552
E07000103,Watford,Bisexual,Disabled under the Equality Act: Day-to-day activities limited a little,164,102300,0.1603128054740958
E07000103,Watford,Bisexual,Not disabled under the Equality Act,728,102300,0.7116324535679375
E07000103,Watford,All other sexual orientations,Does not apply,0,102300,0
E07000103,Watford,All other sexual orientations,Disabled under the Equality Act: Day-to-day activities limited a lot,32,102300,0.03128054740957967
E07000103,Watford,All other sexual orientations,Disabled under the Equality Act: Day-to-day activities limited a little,52,102300,0.05083088954056696
E07000103,Watford,All other sexual orientations,Not disabled under the Equality Act,228,102300,0.22287390029325513
E07000103,Watford,Not answered,Does not apply,0,102300,0
E07000103,Watford,Not answered,Disabled under the Equality Act: Day-to-day activities limited a lot,494,102300,0.48289345063538613
E07000103,Watford,Not answered,Disabled under the Equality Act: Day-to-day activities limited a little,547,102300,0.5347018572825024
E07000103,Watford,Not answered,Not disabled under the Equality Act,5718,102300,5.589442815249267
E07000105,Ashford,Does not apply,Does not apply,0,132700,0
E07000105,Ashford,Does not apply,Disabled under the Equality Act: Day-to-day activities limited a lot,0,132700,0
E07000105,Ashford,Does not apply,Disabled under the Equality Act: Day-to-day activities limited a little,0,132700,0
E07000105,Ashford,Does not apply,Not disabled under the Equality Act,0,132700,0
E07000105,Ashford,Straight or Heterosexual,Does not apply,0,132700,0
E07000105,Ashford,Straight or Heterosexual,Disabled under the Equality Act: Day-to-day activities limited a lot,7203,132700,5.428033157498116
E07000105,Ashford,Straight or Heterosexual,Disabled under the Equality Act: Day-to-day activities limited a little,11114,132700,8.37528259231349
E07000105,Ashford,Straight or Heterosexual,Not disabled under the Equality Act,78713,132700,59.31650339110776
E07000105,Ashford,Gay or Lesbian,Does not apply,0,132700,0
E07000105,Ashford,Gay or Lesbian,Disabled under the Equality Act: Day-to-day activities limited a lot,114,132700,0.08590806330067823
E07000105,Ashford,Gay or Lesbian,Disabled under the Equality Act: Day-to-day activities limited a little,177,132700,0.1333835719668425
E07000105,Ashford,Gay or Lesbian,Not disabled under the Equality Act,1087,132700,0.8191409193669932
E07000105,Ashford,Bisexual,Does not apply,0,132700,0
E07000105,Ashford,Bisexual,Disabled under the Equality Act: Day-to-day activities limited a lot,134,132700,0.10097965335342879
E07000105,Ashford,Bisexual,Disabled under the Equality Act: Day-to-day activities limited a little,249,132700,0.18764129615674455
E07000105,Ashford,Bisexual,Not disabled under the Equality Act,724,132700,0.5455915599095704
E07000105,Ashford,All other sexual orientations,Does not apply,0,132700,0
E07000105,Ashford,All other sexual orientations,Disabled under the Equality Act: Day-to-day activities limited a lot,35,132700,0.02637528259231349
E07000105,Ashford,All other sexual orientations,Disabled under the Equality Act: Day-to-day activities limited a little,64,132700,0.04822908816880181
E07000105,Ashford,All other sexual orientations,Not disabled under the Equality Act,191,132700,0.1439336850037679
E07000105,Ashford,Not answered,Does not apply,0,132700,0
E07000105,Ashford,Not answered,Disabled under the Equality Act: Day-to-day activities limited a lot,794,132700,0.5983421250941975
E07000105,Ashford,Not answered,Disabled under the Equality Act: Day-to-day activities limited a little,827,132700,0.6232102486812359
E07000105,Ashford,Not answered,Not disabled under the Equality Act,5343,132700,4.026375282592314
E07000106,Canterbury,Does not apply,Does not apply,0,157400,0
E07000106,Canterbury,Does not apply,Disabled under the Equality Act: Day-to-day activities limited a lot,0,157400,0
E07000106,Canterbury,Does not apply,Disabled under the Equality Act: Day-to-day activities limited a little,0,157400,0
E07000106,Canterbury,Does not apply,Not disabled under the Equality Act,0,157400,0
E07000106,Canterbury,Straight or Heterosexual,Does not apply,0,157400,0
E07000106,Canterbury,Straight or Heterosexual,Disabled under the Equality Act: Day-to-day activities limited a lot,9905,157400,6.292884371029225
E07000106,Canterbury,Straight or Heterosexual,Disabled under the Equality Act: Day-to-day activities limited a little,14320,157400,9.097839898348157
E07000106,Canterbury,Straight or Heterosexual,Not disabled under the Equality Act,91961,157400,58.42503176620076
E07000106,Canterbury,Gay or Lesbian,Does not apply,0,157400,0
E07000106,Canterbury,Gay or Lesbian,Disabled under the Equality Act: Day-to-day activities limited a lot,166,157400,0.10546378653113088
E07000106,Canterbury,Gay or Lesbian,Disabled under the Equality Act: Day-to-day activities limited a little,401,157400,0.2547649301143583
E07000106,Canterbury,Gay or Lesbian,Not disabled under the Equality Act,1787,157400,1.1353240152477764
E07000106,Canterbury,Bisexual,Does not apply,0,157400,0
E07000106,Canterbury,Bisexual,Disabled under the Equality Act: Day-to-day activities limited a lot,274,157400,0.17407878017789072
E07000106,Canterbury,Bisexual,Disabled under the Equality Act: Day-to-day activities limited a little,893,157400,0.5673443456162643
E07000106,Canterbury,Bisexual,Not disabled under the Equality Act,1759,157400,1.1175349428208385
E07000106,Canterbury,All other sexual orientations,Does not apply,0,157400,0
E07000106,Canterbury,All other sexual orientations,Disabled under the Equality Act: Day-to-day activities limited a lot,109,157400,0.06925031766200762
E07000106,Canterbury,All other sexual orientations,Disabled under the Equality Act: Day-to-day activities limited a little,202,157400,0.12833545108005082
E07000106,Canterbury,All other sexual orientations,Not disabled under the Equality Act,377,157400,0.23951715374841168
E07000106,Canterbury,Not answered,Does not apply,0,157400,0
E07000106,Canterbury,Not answered,Disabled under the Equality Act: Day-to-day activities limited a lot,1110,157400,0.7052096569250318
E07000106,Canterbury,Not answered,Disabled under the Equality Act: Day-to-day activities limited a little,1459,157400,0.9269377382465057
E07000106,Canterbury,Not answered,Not disabled under the Equality Act,8052,157400,5.115628970775095
E07000107,Dartford,Does not apply,Does not apply,0,116800,0
E07000107,Dartford,Does not apply,Disabled under the Equality Act: Day-to-day activities limited a lot,0,116800,0
E07000107,Dartford,Does not apply,Disabled under the Equality Act: Day-to-day activities limited a little,0,116800,0
E07000107,Dartford,Does not apply,Not disabled under the Equality Act,0,116800,0
E07000107,Dartford,Straight or Heterosexual,Does not apply,0,116800,0
E07000107,Dartford,Straight or Heterosexual,Disabled under the Equality Act: Day-to-day activities limited a lot,5311,116800,4.547089041095891
E07000107,Dartford,Straight or Heterosexual,Disabled under the Equality Act: Day-to-day activities limited a little,7831,116800,6.704623287671233
E07000107,Dartford,Straight or Heterosexual,Not disabled under the Equality Act,69576,116800,59.56849315068493
E07000107,Dartford,Gay or Lesbian,Does not apply,0,116800,0
E07000107,Dartford,Gay or Lesbian,Disabled under the Equality Act: Day-to-day activities limited a lot,69,116800,0.059075342465753425
E07000107,Dartford,Gay or Lesbian,Disabled under the Equality Act: Day-to-day activities limited a little,127,116800,0.10873287671232877
E07000107,Dartford,Gay or Lesbian,Not disabled under the Equality Act,852,116800,0.7294520547945206
E07000107,Dartford,Bisexual,Does not apply,0,116800,0
E07000107,Dartford,Bisexual,Disabled under the Equality Act: Day-to-day activities limited a lot,69,116800,0.059075342465753425
E07000107,Dartford,Bisexual,Disabled under the Equality Act: Day-to-day activities limited a little,210,116800,0.1797945205479452
E07000107,Dartford,Bisexual,Not disabled under the Equality Act,545,116800,0.4666095890410959
E07000107,Dartford,All other sexual orientations,Does not apply,0,116800,0
E07000107,Dartford,All other sexual orientations,Disabled under the Equality Act: Day-to-day activities limited a lot,25,116800,0.021404109589041095
E07000107,Dartford,All other sexual orientations,Disabled under the Equality Act: Day-to-day activities limited a little,34,116800,0.02910958904109589
E07000107,Dartford,All other sexual orientations,Not disabled under the Equality Act,118,116800,0.10102739726027397
E07000107,Dartford,Not answered,Does not apply,0,116800,0
E07000107,Dartford,Not answered,Disabled under the Equality Act: Day-to-day activities limited a lot,465,116800,0.3981164383561644
E07000107,Dartford,Not answered,Disabled under the Equality Act: Day-to-day activities limited a little,586,116800,0.5017123287671232
E07000107,Dartford,Not answered,Not disabled under the Equality Act,4883,116800,4.180650684931507
E07000108,Dover,Does not apply,Does not apply,0,116400,0
E07000108,Dover,Does not apply,Disabled under the Equality Act: Day-to-day activities limited a lot,0,116400,0
E07000108,Dover,Does not apply,Disabled under the Equality Act: Day-to-day activities limited a little,0,116400,0
E07000108,Dover,Does not apply,Not disabled under the Equality Act,0,116400,0
E07000108,Dover,Straight or Heterosexual,Does not apply,0,116400,0
E07000108,Dover,Straight or Heterosexual,Disabled under the Equality Act: Day-to-day activities limited a lot,8641,116400,7.423539518900344
E07000108,Dover,Straight or Heterosexual,Disabled under the Equality Act: Day-to-day activities limited a little,11493,116400,9.873711340206185
E07000108,Dover,Straight or Heterosexual,Not disabled under the Equality Act,66605,116400,57.220790378006875
E07000108,Dover,Gay or Lesbian,Does not apply,0,116400,0
E07000108,Dover,Gay or Lesbian,Disabled under the Equality Act: Day-to-day activities limited a lot,127,116400,0.109106529209622
E07000108,Dover,Gay or Lesbian,Disabled under the Equality Act: Day-to-day activities limited a little,238,116400,0.20446735395189003
E07000108,Dover,Gay or Lesbian,Not disabled under the Equality Act,1204,116400,1.034364261168385
E07000108,Dover,Bisexual,Does not apply,0,116400,0
E07000108,Dover,Bisexual,Disabled under the Equality Act: Day-to-day activities limited a lot,159,116400,0.13659793814432988
E07000108,Dover,Bisexual,Disabled under the Equality Act: Day-to-day activities limited a little,266,116400,0.22852233676975944
E07000108,Dover,Bisexual,Not disabled under the Equality Act,656,116400,0.563573883161512
E07000108,Dover,All other sexual orientations,Does not apply,0,116400,0
E07000108,Dover,All other sexual orientations,Disabled under the Equality Act: Day-to-day activities limited a lot,47,116400,0.040378006872852236
E07000108,Dover,All other sexual orientations,Disabled under the Equality Act: Day-to-day activities limited a little,54,116400,0.04639175257731959
E07000108,Dover,All other sexual orientations,Not disabled under the Equality Act,118,116400,0.1013745704467354
E07000108,Dover,Not answered,Does not apply,0,116400,0
E07000108,Dover,Not answered,Disabled under the Equality Act: Day-to-day activities limited a lot,940,116400,0.8075601374570447
E07000108,Dover,Not answered,Disabled under the Equality Act: Day-to-day activities limited a little,869,116400,0.7465635738831615
E07000108,Dover,Not answered,Not disabled under the Equality Act,4715,116400,4.0506872852233675
E07000109,Gravesham,Does not apply,Does not apply,0,106900,0
E07000109,Gravesham,Does not apply,Disabled under the Equality Act: Day-to-day activities limited a lot,0,106900,0
E07000109,Gravesham,Does not apply,Disabled under the Equality Act: Day-to-day activities limited a little,0,106900,0
E07000109,Gravesham,Does not apply,Not disabled under the Equality Act,0,106900,0
E07000109,Gravesham,Straight or Heterosexual,Does not apply,0,106900,0
E07000109,Gravesham,Straight or Heterosexual,Disabled under the Equality Act: Day-to-day activities limited a lot,5957,106900,5.572497661365762
E07000109,Gravesham,Straight or Heterosexual,Disabled under the Equality Act: Day-to-day activities limited a little,8148,106900,7.622076707202994
E07000109,Gravesham,Straight or Heterosexual,Not disabled under the Equality Act,62838,106900,58.78203928905519
E07000109,Gravesham,Gay or Lesbian,Does not apply,0,106900,0
E07000109,Gravesham,Gay or Lesbian,Disabled under the Equality Act: Day-to-day activities limited a lot,70,106900,0.06548175865294668
E07000109,Gravesham,Gay or Lesbian,Disabled under the Equality Act: Day-to-day activities limited a little,138,106900,0.12909260991580918
E07000109,Gravesham,Gay or Lesbian,Not disabled under the Equality Act,684,106900,0.6398503274087932
E07000109,Gravesham,Bisexual,Does not apply,0,106900,0
E07000109,Gravesham,Bisexual,Disabled under the Equality Act: Day-to-day activities limited a lot,71,106900,0.06641721234798878
E07000109,Gravesham,Bisexual,Disabled under the Equality Act: Day-to-day activities limited a little,191,106900,0.17867165575304023
E07000109,Gravesham,Bisexual,Not disabled under the Equality Act,559,106900,0.5229186155285314
E07000109,Gravesham,All other sexual orientations,Does not apply,0,106900,0
E07000109,Gravesham,All other sexual orientations,Disabled under the Equality Act: Day-to-day activities limited a lot,33,106900,0.03086997193638915
E07000109,Gravesham,All other sexual orientations,Disabled under the Equality Act: Day-to-day activities limited a little,47,106900,0.04396632366697849
E07000109,Gravesham,All other sexual orientations,Not disabled under the Equality Act,198,106900,0.18521983161833488
E07000109,Gravesham,Not answered,Does not apply,0,106900,0
E07000109,Gravesham,Not answered,Disabled under the Equality Act: Day-to-day activities limited a lot,578,106900,0.5406922357343311
E07000109,Gravesham,Not answered,Disabled under the Equality Act: Day-to-day activities limited a little,606,106900,0.5668849391955099
E07000109,Gravesham,Not answered,Not disabled under the Equality Act,4437,106900,4.1506080449017775
E07000110,Maidstone,Does not apply,Does not apply,0,175800,0
E07000110,Maidstone,Does not apply,Disabled under the Equality Act: Day-to-day activities limited a lot,0,175800,0
E07000110,Maidstone,Does not apply,Disabled under the Equality Act: Day-to-day activities limited a little,0,175800,0
E07000110,Maidstone,Does not apply,Not disabled under the Equality Act,0,175800,0
E07000110,Maidstone,Straight or Heterosexual,Does not apply,0,175800,0
E07000110,Maidstone,Straight or Heterosexual,Disabled under the Equality Act: Day-to-day activities limited a lot,8852,175800,5.035267349260523
E07000110,Maidstone,Straight or Heterosexual,Disabled under the Equality Act: Day-to-day activities limited a little,13954,175800,7.937428896473265
E07000110,Maidstone,Straight or Heterosexual,Not disabled under the Equality Act,106756,175800,60.725824800910125
E07000110,Maidstone,Gay or Lesbian,Does not apply,0,175800,0
E07000110,Maidstone,Gay or Lesbian,Disabled under the Equality Act: Day-to-day activities limited a lot,112,175800,0.06370875995449374
E07000110,Maidstone,Gay or Lesbian,Disabled under the Equality Act: Day-to-day activities limited a little,261,175800,0.14846416382252559
E07000110,Maidstone,Gay or Lesbian,Not disabled under the Equality Act,1315,175800,0.7480091012514221
E07000110,Maidstone,Bisexual,Does not apply,0,175800,0
E07000110,Maidstone,Bisexual,Disabled under the Equality Act: Day-to-day activities limited a lot,146,175800,0.08304891922639362
E07000110,Maidstone,Bisexual,Disabled under the Equality Act: Day-to-day activities limited a little,324,175800,0.18430034129692832
E07000110,Maidstone,Bisexual,Not disabled under the Equality Act,902,175800,0.5130830489192264
E07000110,Maidstone,All other sexual orientations,Does not apply,0,175800,0
E07000110,Maidstone,All other sexual orientations,Disabled under the Equality Act: Day-to-day activities limited a lot,35,175800,0.019908987485779295
E07000110,Maidstone,All other sexual orientations,Disabled under the Equality Act: Day-to-day activities limited a little,80,175800,0.04550625711035267
E07000110,Maidstone,All other sexual orientations,Not disabled under the Equality Act,247,175800,0.14050056882821388
E07000110,Maidstone,Not answered,Does not apply,0,175800,0
E07000110,Maidstone,Not answered,Disabled under the Equality Act: Day-to-day activities limited a lot,1005,175800,0.5716723549488054
E07000110,Maidstone,Not answered,Disabled under the Equality Act: Day-to-day activities limited a little,1006,175800,0.5722411831626849
E07000110,Maidstone,Not answered,Not disabled under the Equality Act,7142,175800,4.062571103526735
E07000111,Sevenoaks,Does not apply,Does not apply,0,120500,0
E07000111,Sevenoaks,Does not apply,Disabled under the Equality Act: Day-to-day activities limited a lot,0,120500,0
E07000111,Sevenoaks,Does not apply,Disabled under the Equality Act: Day-to-day activities limited a little,0,120500,0
E07000111,Sevenoaks,Does not apply,Not disabled under the Equality Act,0,120500,0
E07000111,Sevenoaks,Straight or Heterosexual,Does not apply,0,120500,0
E07000111,Sevenoaks,Straight or Heterosexual,Disabled under the Equality Act: Day-to-day activities limited a lot,5637,120500,4.678008298755187
E07000111,Sevenoaks,Straight or Heterosexual,Disabled under the Equality Act: Day-to-day activities limited a little,9038,120500,7.500414937759336
E07000111,Sevenoaks,Straight or Heterosexual,Not disabled under the Equality Act,73971,120500,61.38672199170124
E07000111,Sevenoaks,Gay or Lesbian,Does not apply,0,120500,0
E07000111,Sevenoaks,Gay or Lesbian,Disabled under the Equality Act: Day-to-day activities limited a lot,70,120500,0.058091286307053944
E07000111,Sevenoaks,Gay or Lesbian,Disabled under the Equality Act: Day-to-day activities limited a little,146,120500,0.12116182572614108
E07000111,Sevenoaks,Gay or Lesbian,Not disabled under the Equality Act,725,120500,0.6016597510373444
E07000111,Sevenoaks,Bisexual,Does not apply,0,120500,0
E07000111,Sevenoaks,Bisexual,Disabled under the Equality Act: Day-to-day activities limited a lot,68,120500,0.056431535269709544
E07000111,Sevenoaks,Bisexual,Disabled under the Equality Act: Day-to-day activities limited a little,167,120500,0.13858921161825727
E07000111,Sevenoaks,Bisexual,Not disabled under the Equality Act,478,120500,0.3966804979253112
E07000111,Sevenoaks,All other sexual orientations,Does not apply,0,120500,0
E07000111,Sevenoaks,All other sexual orientations,Disabled under the Equality Act: Day-to-day activities limited a lot,27,120500,0.022406639004149378
E07000111,Sevenoaks,All other sexual orientations,Disabled under the Equality Act: Day-to-day activities limited a little,38,120500,0.03153526970954357
E07000111,Sevenoaks,All other sexual orientations,Not disabled under the Equality Act,104,120500,0.08630705394190871
E07000111,Sevenoaks,Not answered,Does not apply,0,120500,0
E07000111,Sevenoaks,Not answered,Disabled under the Equality Act: Day-to-day activities limited a lot,606,120500,0.5029045643153527
E07000111,Sevenoaks,Not answered,Disabled under the Equality Act: Day-to-day activities limited a little,669,120500,0.5551867219917013
E07000111,Sevenoaks,Not answered,Not disabled under the Equality Act,4858,120500,4.0315352697095435
E07000112,Folkestone and Hythe,Does not apply,Does not apply,0,109800,0
E07000112,Folkestone and Hythe,Does not apply,Disabled under the Equality Act: Day-to-day activities limited a lot,0,109800,0
E07000112,Folkestone and Hythe,Does not apply,Disabled under the Equality Act: Day-to-day activities limited a little,0,109800,0
E07000112,Folkestone and Hythe,Does not apply,Not disabled under the Equality Act,0,109800,0
E07000112,Folkestone and Hythe,Straight or Heterosexual,Does not apply,0,109800,0
E07000112,Folkestone and Hythe,Straight or Heterosexual,Disabled under the Equality Act: Day-to-day activities limited a lot,8424,109800,7.672131147540983
E07000112,Folkestone and Hythe,Straight or Heterosexual,Disabled under the Equality Act: Day-to-day activities limited a little,11097,109800,10.10655737704918
E07000112,Folkestone and Hythe,Straight or Heterosexual,Not disabled under the Equality Act,63373,109800,57.716757741347905
E07000112,Folkestone and Hythe,Gay or Lesbian,Does not apply,0,109800,0
E07000112,Folkestone and Hythe,Gay or Lesbian,Disabled under the Equality Act: Day-to-day activities limited a lot,133,109800,0.12112932604735883
E07000112,Folkestone and Hythe,Gay or Lesbian,Disabled under the Equality Act: Day-to-day activities limited a little,221,109800,0.20127504553734063
E07000112,Folkestone and Hythe,Gay or Lesbian,Not disabled under the Equality Act,985,109800,0.8970856102003643
E07000112,Folkestone and Hythe,Bisexual,Does not apply,0,109800,0
E07000112,Folkestone and Hythe,Bisexual,Disabled under the Equality Act: Day-to-day activities limited a lot,152,109800,0.1384335154826958
E07000112,Folkestone and Hythe,Bisexual,Disabled under the Equality Act: Day-to-day activities limited a little,244,109800,0.2222222222222222
E07000112,Folkestone and Hythe,Bisexual,Not disabled under the Equality Act,584,109800,0.5318761384335154
E07000112,Folkestone and Hythe,All other sexual orientations,Does not apply,0,109800,0
E07000112,Folkestone and Hythe,All other sexual orientations,Disabled under the Equality Act: Day-to-day activities limited a lot,39,109800,0.03551912568306011
E07000112,Folkestone and Hythe,All other sexual orientations,Disabled under the Equality Act: Day-to-day activities limited a little,66,109800,0.060109289617486336
E07000112,Folkestone and Hythe,All other sexual orientations,Not disabled under the Equality Act,137,109800,0.12477231329690346
E07000112,Folkestone and Hythe,Not answered,Does not apply,0,109800,0
E07000112,Folkestone and Hythe,Not answered,Disabled under the Equality Act: Day-to-day activities limited a lot,1000,109800,0.9107468123861566
E07000112,Folkestone and Hythe,Not answered,Disabled under the Equality Act: Day-to-day activities limited a little,823,109800,0.7495446265938069
E07000112,Folkestone and Hythe,Not answered,Not disabled under the Equality Act,4275,109800,3.8934426229508197
E07000113,Swale,Does not apply,Does not apply,0,151700,0
E07000113,Swale,Does not apply,Disabled under the Equality Act: Day-to-day activities limited a lot,0,151700,0
E07000113,Swale,Does not apply,Disabled under the Equality Act: Day-to-day activities limited a little,0,151700,0
E07000113,Swale,Does not apply,Not disabled under the Equality Act,0,151700,0
E07000113,Swale,Straight or Heterosexual,Does not apply,0,151700,0
E07000113,Swale,Straight or Heterosexual,Disabled under the Equality Act: Day-to-day activities limited a lot,10132,151700,6.678971654581411
E07000113,Swale,Straight or Heterosexual,Disabled under the Equality Act: Day-to-day activities limited a little,13751,151700,9.064601186552405
E07000113,Swale,Straight or Heterosexual,Not disabled under the Equality Act,87606,151700,57.74950560316414
E07000113,Swale,Gay or Lesbian,Does not apply,0,151700,0
E07000113,Swale,Gay or Lesbian,Disabled under the Equality Act: Day-to-day activities limited a lot,165,151700,0.10876730388925511
E07000113,Swale,Gay or Lesbian,Disabled under the Equality Act: Day-to-day activities limited a little,255,151700,0.16809492419248517
E07000113,Swale,Gay or Lesbian,Not disabled under the Equality Act,1267,151700,0.8352010547132498
E07000113,Swale,Bisexual,Does not apply,0,151700,0
E07000113,Swale,Bisexual,Disabled under the Equality Act: Day-to-day activities limited a lot,173,151700,0.11404087013843112
E07000113,Swale,Bisexual,Disabled under the Equality Act: Day-to-day activities limited a little,313,151700,0.2063282794990112
E07000113,Swale,Bisexual,Not disabled under the Equality Act,733,151700,0.4831905075807515
E07000113,Swale,All other sexual orientations,Does not apply,0,151700,0
E07000113,Swale,All other sexual orientations,Disabled under the Equality Act: Day-to-day activities limited a lot,58,151700,0.03823335530652604
E07000113,Swale,All other sexual orientations,Disabled under the Equality Act: Day-to-day activities limited a little,81,151700,0.053394858272907054
E07000113,Swale,All other sexual orientations,Not disabled under the Equality Act,187,151700,0.12326961107448912
E07000113,Swale,Not answered,Does not apply,0,151700,0
E07000113,Swale,Not answered,Disabled under the Equality Act: Day-to-day activities limited a lot,880,151700,0.5800922874093606
E07000113,Swale,Not answered,Disabled under the Equality Act: Day-to-day activities limited a little,951,151700,0.6268951878707977
E07000113,Swale,Not answered,Not disabled under the Equality Act,5450,151700,3.5926170072511536
E07000114,Thanet,Does not apply,Does not apply,0,140600,0
E07000114,Thanet,Does not apply,Disabled under the Equality Act: Day-to-day activities limited a lot,0,140600,0
E07000114,Thanet,Does not apply,Disabled under the Equality Act: Day-to-day activities limited a little,0,140600,0
E07000114,Thanet,Does not apply,Not disabled under the Equality Act,0,140600,0
E07000114,Thanet,Straight or Heterosexual,Does not apply,0,140600,0
E07000114,Thanet,Straight or Heterosexual,Disabled under the Equality Act: Day-to-day activities limited a lot,11462,140600,8.152204836415363
E07000114,Thanet,Straight or Heterosexual,Disabled under the Equality Act: Day-to-day activities limited a little,14216,140600,10.11095305832148
E07000114,Thanet,Straight or Heterosexual,Not disabled under the Equality Act,77737,140600,55.28947368421053
E07000114,Thanet,Gay or Lesbian,Does not apply,0,140600,0
E07000114,Thanet,Gay or Lesbian,Disabled under the Equality Act: Day-to-day activities limited a lot,220,140600,0.15647226173541964
E07000114,Thanet,Gay or Lesbian,Disabled under the Equality Act: Day-to-day activities limited a little,336,140600,0.23897581792318634
E07000114,Thanet,Gay or Lesbian,Not disabled under the Equality Act,1382,140600,0.9829302987197724
E07000114,Thanet,Bisexual,Does not apply,0,140600,0
E07000114,Thanet,Bisexual,Disabled under the Equality Act: Day-to-day activities limited a lot,213,140600,0.1514935988620199
E07000114,Thanet,Bisexual,Disabled under the Equality Act: Day-to-day activities limited a little,395,140600,0.2809388335704125
E07000114,Thanet,Bisexual,Not disabled under the Equality Act,926,140600,0.6586059743954481
E07000114,Thanet,All other sexual orientations,Does not apply,0,140600,0
E07000114,Thanet,All other sexual orientations,Disabled under the Equality Act: Day-to-day activities limited a lot,57,140600,0.04054054054054054
E07000114,Thanet,All other sexual orientations,Disabled under the Equality Act: Day-to-day activities limited a little,104,140600,0.07396870554765292
E07000114,Thanet,All other sexual orientations,Not disabled under the Equality Act,233,140600,0.16571834992887624
E07000114,Thanet,Not answered,Does not apply,0,140600,0
E07000114,Thanet,Not answered,Disabled under the Equality Act: Day-to-day activities limited a lot,1355,140600,0.9637268847795164
E07000114,Thanet,Not answered,Disabled under the Equality Act: Day-to-day activities limited a little,1187,140600,0.8442389758179232
E07000114,Thanet,Not answered,Not disabled under the Equality Act,5591,140600,3.976529160739687
E07000115,Tonbridge and Malling,Does not apply,Does not apply,0,132200,0
E07000115,Tonbridge and Malling,Does not apply,Disabled under the Equality Act: Day-to-day activities limited a lot,0,132200,0
E07000115,Tonbridge and Malling,Does not apply,Disabled under the Equality Act: Day-to-day activities limited a little,0,132200,0
E07000115,Tonbridge and Malling,Does not apply,Not disabled under the Equality Act,0,132200,0
E07000115,Tonbridge and Malling,Straight or Heterosexual,Does not apply,0,132200,0
E07000115,Tonbridge and Malling,Straight or Heterosexual,Disabled under the Equality Act: Day-to-day activities limited a lot,6232,132200,4.714069591527988
E07000115,Tonbridge and Malling,Straight or Heterosexual,Disabled under the Equality Act: Day-to-day activities limited a little,10111,132200,7.648260211800302
E07000115,Tonbridge and Malling,Straight or Heterosexual,Not disabled under the Equality Act,80731,132200,61.06732223903177
E07000115,Tonbridge and Malling,Gay or Lesbian,Does not apply,0,132200,0
E07000115,Tonbridge and Malling,Gay or Lesbian,Disabled under the Equality Act: Day-to-day activities limited a lot,66,132200,0.049924357034795766
E07000115,Tonbridge and Malling,Gay or Lesbian,Disabled under the Equality Act: Day-to-day activities limited a little,150,132200,0.11346444780635401
E07000115,Tonbridge and Malling,Gay or Lesbian,Not disabled under the Equality Act,782,132200,0.5915279878971256
E07000115,Tonbridge and Malling,Bisexual,Does not apply,0,132200,0
E07000115,Tonbridge and Malling,Bisexual,Disabled under the Equality Act: Day-to-day activities limited a lot,112,132200,0.08472012102874432
E07000115,Tonbridge and Malling,Bisexual,Disabled under the Equality Act: Day-to-day activities limited a little,214,132200,0.16187594553706505
E07000115,Tonbridge and Malling,Bisexual,Not disabled under the Equality Act,621,132200,0.4697428139183056
E07000115,Tonbridge and Malling,All other sexual orientations,Does not apply,0,132200,0
E07000115,Tonbridge and Malling,All other sexual orientations,Disabled under the Equality Act: Day-to-day activities limited a lot,37,132200,0.02798789712556732
E07000115,Tonbridge and Malling,All other sexual orientations,Disabled under the Equality Act: Day-to-day activities limited a little,51,132200,0.038577912254160365
E07000115,Tonbridge and Malling,All other sexual orientations,Not disabled under the Equality Act,121,132200,0.09152798789712557
E07000115,Tonbridge and Malling,Not answered,Does not apply,0,132200,0
E07000115,Tonbridge and Malling,Not answered,Disabled under the Equality Act: Day-to-day activities limited a lot,666,132200,0.5037821482602118
E07000115,Tonbridge and Malling,Not answered,Disabled under the Equality Act: Day-to-day activities limited a little,744,132200,0.5627836611195158
E07000115,Tonbridge and Malling,Not answered,Not disabled under the Equality Act,4888,132200,3.697428139183056
E07000116,Tunbridge Wells,Does not apply,Does not apply,0,115300,0
E07000116,Tunbridge Wells,Does not apply,Disabled under the Equality Act: Day-to-day activities limited a lot,0,115300,0
E07000116,Tunbridge Wells,Does not apply,Disabled under the Equality Act: Day-to-day activities limited a little,0,115300,0
E07000116,Tunbridge Wells,Does not apply,Not disabled under the Equality Act,0,115300,0
E07000116,Tunbridge Wells,Straight or Heterosexual,Does not apply,0,115300,0
E07000116,Tunbridge Wells,Straight or Heterosexual,Disabled under the Equality Act: Day-to-day activities limited a lot,5118,115300,4.438855160450998
E07000116,Tunbridge Wells,Straight or Heterosexual,Disabled under the Equality Act: Day-to-day activities limited a little,8828,115300,7.65654813529922
E07000116,Tunbridge Wells,Straight or Heterosexual,Not disabled under the Equality Act,69746,115300,60.4908933217693
E07000116,Tunbridge Wells,Gay or Lesbian,Does not apply,0,115300,0
E07000116,Tunbridge Wells,Gay or Lesbian,Disabled under the Equality Act: Day-to-day activities limited a lot,88,115300,0.07632263660017347
E07000116,Tunbridge Wells,Gay or Lesbian,Disabled under the Equality Act: Day-to-day activities limited a little,160,115300,0.13876843018213356
E07000116,Tunbridge Wells,Gay or Lesbian,Not disabled under the Equality Act,828,115300,0.7181266261925412
E07000116,Tunbridge Wells,Bisexual,Does not apply,0,115300,0
E07000116,Tunbridge Wells,Bisexual,Disabled under the Equality Act: Day-to-day activities limited a lot,97,115300,0.08412836079791847
E07000116,Tunbridge Wells,Bisexual,Disabled under the Equality Act: Day-to-day activities limited a little,231,115300,0.20034692107545535
E07000116,Tunbridge Wells,Bisexual,Not disabled under the Equality Act,669,115300,0.5802254986990459
E07000116,Tunbridge Wells,All other sexual orientations,Does not apply,0,115300,0
E07000116,Tunbridge Wells,All other sexual orientations,Disabled under the Equality Act: Day-to-day activities limited a lot,24,115300,0.020815264527320035
E07000116,Tunbridge Wells,All other sexual orientations,Disabled under the Equality Act: Day-to-day activities limited a little,59,115300,0.05117085862966175
E07000116,Tunbridge Wells,All other sexual orientations,Not disabled under the Equality Act,161,115300,0.1396357328707719
E07000116,Tunbridge Wells,Not answered,Does not apply,0,115300,0
E07000116,Tunbridge Wells,Not answered,Disabled under the Equality Act: Day-to-day activities limited a lot,728,115300,0.6313963573287077
E07000116,Tunbridge Wells,Not answered,Disabled under the Equality Act: Day-to-day activities limited a little,718,115300,0.6227233304423244
E07000116,Tunbridge Wells,Not answered,Not disabled under the Equality Act,4943,115300,4.287077189939289
E07000117,Burnley,Does not apply,Does not apply,0,94700,0
E07000117,Burnley,Does not apply,Disabled under the Equality Act: Day-to-day activities limited a lot,0,94700,0
E07000117,Burnley,Does not apply,Disabled under the Equality Act: Day-to-day activities limited a little,0,94700,0
E07000117,Burnley,Does not apply,Not disabled under the Equality Act,0,94700,0
E07000117,Burnley,Straight or Heterosexual,Does not apply,0,94700,0
E07000117,Burnley,Straight or Heterosexual,Disabled under the Equality Act: Day-to-day activities limited a lot,7617,94700,8.043294614572334
E07000117,Burnley,Straight or Heterosexual,Disabled under the Equality Act: Day-to-day activities limited a little,8288,94700,8.751847940865892
E07000117,Burnley,Straight or Heterosexual,Not disabled under the Equality Act,51634,94700,54.52375923970433
E07000117,Burnley,Gay or Lesbian,Does not apply,0,94700,0
E07000117,Burnley,Gay or Lesbian,Disabled under the Equality Act: Day-to-day activities limited a lot,119,94700,0.12565997888067582
E07000117,Burnley,Gay or Lesbian,Disabled under the Equality Act: Day-to-day activities limited a little,152,94700,0.16050686378035903
E07000117,Burnley,Gay or Lesbian,Not disabled under the Equality Act,704,94700,0.7434002111932418
E07000117,Burnley,Bisexual,Does not apply,0,94700,0
E07000117,Burnley,Bisexual,Disabled under the Equality Act: Day-to-day activities limited a lot,110,94700,0.11615628299894404
E07000117,Burnley,Bisexual,Disabled under the Equality Act: Day-to-day activities limited a little,169,94700,0.17845828933474128
E07000117,Burnley,Bisexual,Not disabled under the Equality Act,463,94700,0.48891235480464623
E07000117,Burnley,All other sexual orientations,Does not apply,0,94700,0
E07000117,Burnley,All other sexual orientations,Disabled under the Equality Act: Day-to-day activities limited a lot,37,94700,0.03907074973600845
E07000117,Burnley,All other sexual orientations,Disabled under the Equality Act: Day-to-day activities limited a little,41,94700,0.04329461457233368
E07000117,Burnley,All other sexual orientations,Not disabled under the Equality Act,158,94700,0.16684266103484688
E07000117,Burnley,Not answered,Does not apply,0,94700,0
E07000117,Burnley,Not answered,Disabled under the Equality Act: Day-to-day activities limited a lot,805,94700,0.8500527983104541
E07000117,Burnley,Not answered,Disabled under the Equality Act: Day-to-day activities limited a little,751,94700,0.7930306230200633
E07000117,Burnley,Not answered,Not disabled under the Equality Act,4153,94700,4.385427666314678
E07000118,Chorley,Does not apply,Does not apply,0,117800,0
E07000118,Chorley,Does not apply,Disabled under the Equality Act: Day-to-day activities limited a lot,0,117800,0
E07000118,Chorley,Does not apply,Disabled under the Equality Act: Day-to-day activities limited a little,0,117800,0
E07000118,Chorley,Does not apply,Not disabled under the Equality Act,0,117800,0
E07000118,Chorley,Straight or Heterosexual,Does not apply,0,117800,0
E07000118,Chorley,Straight or Heterosexual,Disabled under the Equality Act: Day-to-day activities limited a lot,7588,117800,6.441426146010187
E07000118,Chorley,Straight or Heterosexual,Disabled under the Equality Act: Day-to-day activities limited a little,10641,117800,9.033106960950764
E07000118,Chorley,Straight or Heterosexual,Not disabled under the Equality Act,70101,117800,59.50848896434635
E07000118,Chorley,Gay or Lesbian,Does not apply,0,117800,0
E07000118,Chorley,Gay or Lesbian,Disabled under the Equality Act: Day-to-day activities limited a lot,105,117800,0.08913412563667232
E07000118,Chorley,Gay or Lesbian,Disabled under the Equality Act: Day-to-day activities limited a little,175,117800,0.14855687606112053
E07000118,Chorley,Gay or Lesbian,Not disabled under the Equality Act,977,117800,0.8293718166383701
E07000118,Chorley,Bisexual,Does not apply,0,117800,0
E07000118,Chorley,Bisexual,Disabled under the Equality Act: Day-to-day activities limited a lot,110,117800,0.0933786078098472
E07000118,Chorley,Bisexual,Disabled under the Equality Act: Day-to-day activities limited a little,269,117800,0.22835314091680814
E07000118,Chorley,Bisexual,Not disabled under the Equality Act,599,117800,0.5084889643463497
E07000118,Chorley,All other sexual orientations,Does not apply,0,117800,0
E07000118,Chorley,All other sexual orientations,Disabled under the Equality Act: Day-to-day activities limited a lot,33,117800,0.02801358234295416
E07000118,Chorley,All other sexual orientations,Disabled under the Equality Act: Day-to-day activities limited a little,44,117800,0.03735144312393888
E07000118,Chorley,All other sexual orientations,Not disabled under the Equality Act,86,117800,0.0730050933786078
E07000118,Chorley,Not answered,Does not apply,0,117800,0
E07000118,Chorley,Not answered,Disabled under the Equality Act: Day-to-day activities limited a lot,776,117800,0.6587436332767402
E07000118,Chorley,Not answered,Disabled under the Equality Act: Day-to-day activities limited a little,771,117800,0.6544991511035654
E07000118,Chorley,Not answered,Not disabled under the Equality Act,4094,117800,3.475382003395586
E07000119,Fylde,Does not apply,Does not apply,0,81400,0
E07000119,Fylde,Does not apply,Disabled under the Equality Act: Day-to-day activities limited a lot,0,81400,0
E07000119,Fylde,Does not apply,Disabled under the Equality Act: Day-to-day activities limited a little,0,81400,0
E07000119,Fylde,Does not apply,Not disabled under the Equality Act,0,81400,0
E07000119,Fylde,Straight or Heterosexual,Does not apply,0,81400,0
E07000119,Fylde,Straight or Heterosexual,Disabled under the Equality Act: Day-to-day activities limited a lot,6155,81400,7.561425061425061
E07000119,Fylde,Straight or Heterosexual,Disabled under the Equality Act: Day-to-day activities limited a little,8080,81400,9.926289926289927
E07000119,Fylde,Straight or Heterosexual,Not disabled under the Equality Act,49313,81400,60.58108108108108
E07000119,Fylde,Gay or Lesbian,Does not apply,0,81400,0
E07000119,Fylde,Gay or Lesbian,Disabled under the Equality Act: Day-to-day activities limited a lot,108,81400,0.13267813267813267
E07000119,Fylde,Gay or Lesbian,Disabled under the Equality Act: Day-to-day activities limited a little,160,81400,0.19656019656019655
E07000119,Fylde,Gay or Lesbian,Not disabled under the Equality Act,744,81400,0.914004914004914
E07000119,Fylde,Bisexual,Does not apply,0,81400,0
E07000119,Fylde,Bisexual,Disabled under the Equality Act: Day-to-day activities limited a lot,57,81400,0.07002457002457002
E07000119,Fylde,Bisexual,Disabled under the Equality Act: Day-to-day activities limited a little,135,81400,0.16584766584766586
E07000119,Fylde,Bisexual,Not disabled under the Equality Act,365,81400,0.4484029484029484
E07000119,Fylde,All other sexual orientations,Does not apply,0,81400,0
E07000119,Fylde,All other sexual orientations,Disabled under the Equality Act: Day-to-day activities limited a lot,21,81400,0.025798525798525797
E07000119,Fylde,All other sexual orientations,Disabled under the Equality Act: Day-to-day activities limited a little,40,81400,0.04914004914004914
E07000119,Fylde,All other sexual orientations,Not disabled under the Equality Act,74,81400,0.09090909090909091
E07000119,Fylde,Not answered,Does not apply,0,81400,0
E07000119,Fylde,Not answered,Disabled under the Equality Act: Day-to-day activities limited a lot,547,81400,0.671990171990172
E07000119,Fylde,Not answered,Disabled under the Equality Act: Day-to-day activities limited a little,578,81400,0.7100737100737101
E07000119,Fylde,Not answered,Not disabled under the Equality Act,2869,81400,3.5245700245700244
E07000120,Hyndburn,Does not apply,Does not apply,0,82200,0
E07000120,Hyndburn,Does not apply,Disabled under the Equality Act: Day-to-day activities limited a lot,0,82200,0
E07000120,Hyndburn,Does not apply,Disabled under the Equality Act: Day-to-day activities limited a little,0,82200,0
E07000120,Hyndburn,Does not apply,Not disabled under the Equality Act,0,82200,0
E07000120,Hyndburn,Straight or Heterosexual,Does not apply,0,82200,0
E07000120,Hyndburn,Straight or Heterosexual,Disabled under the Equality Act: Day-to-day activities limited a lot,6640,82200,8.077858880778589
E07000120,Hyndburn,Straight or Heterosexual,Disabled under the Equality Act: Day-to-day activities limited a little,7509,82200,9.135036496350365
E07000120,Hyndburn,Straight or Heterosexual,Not disabled under the Equality Act,45189,82200,54.97445255474452
E07000120,Hyndburn,Gay or Lesbian,Does not apply,0,82200,0
E07000120,Hyndburn,Gay or Lesbian,Disabled under the Equality Act: Day-to-day activities limited a lot,99,82200,0.12043795620437957
E07000120,Hyndburn,Gay or Lesbian,Disabled under the Equality Act: Day-to-day activities limited a little,121,82200,0.14720194647201945
E07000120,Hyndburn,Gay or Lesbian,Not disabled under the Equality Act,588,82200,0.7153284671532847
E07000120,Hyndburn,Bisexual,Does not apply,0,82200,0
E07000120,Hyndburn,Bisexual,Disabled under the Equality Act: Day-to-day activities limited a lot,91,82200,0.11070559610705596
E07000120,Hyndburn,Bisexual,Disabled under the Equality Act: Day-to-day activities limited a little,160,82200,0.19464720194647203
E07000120,Hyndburn,Bisexual,Not disabled under the Equality Act,385,82200,0.4683698296836983
E07000120,Hyndburn,All other sexual orientations,Does not apply,0,82200,0
E07000120,Hyndburn,All other sexual orientations,Disabled under the Equality Act: Day-to-day activities limited a lot,26,82200,0.031630170316301706
E07000120,Hyndburn,All other sexual orientations,Disabled under the Equality Act: Day-to-day activities limited a little,38,82200,0.046228710462287104
E07000120,Hyndburn,All other sexual orientations,Not disabled under the Equality Act,73,82200,0.08880778588807786
E07000120,Hyndburn,Not answered,Does not apply,0,82200,0
E07000120,Hyndburn,Not answered,Disabled under the Equality Act: Day-to-day activities limited a lot,655,82200,0.7968369829683698
E07000120,Hyndburn,Not answered,Disabled under the Equality Act: Day-to-day activities limited a little,623,82200,0.7579075425790754
E07000120,Hyndburn,Not answered,Not disabled under the Equality Act,3431,82200,4.173965936739659
E07000121,Lancaster,Does not apply,Does not apply,0,142900,0
E07000121,Lancaster,Does not apply,Disabled under the Equality Act: Day-to-day activities limited a lot,0,142900,0
E07000121,Lancaster,Does not apply,Disabled under the Equality Act: Day-to-day activities limited a little,0,142900,0
E07000121,Lancaster,Does not apply,Not disabled under the Equality Act,0,142900,0
E07000121,Lancaster,Straight or Heterosexual,Does not apply,0,142900,0
E07000121,Lancaster,Straight or Heterosexual,Disabled under the Equality Act: Day-to-day activities limited a lot,9606,142900,6.722183344996501
E07000121,Lancaster,Straight or Heterosexual,Disabled under the Equality Act: Day-to-day activities limited a little,13495,142900,9.44366689993002
E07000121,Lancaster,Straight or Heterosexual,Not disabled under the Equality Act,81940,142900,57.3407977606718
E07000121,Lancaster,Gay or Lesbian,Does not apply,0,142900,0
E07000121,Lancaster,Gay or Lesbian,Disabled under the Equality Act: Day-to-day activities limited a lot,197,142900,0.13785864240727783
E07000121,Lancaster,Gay or Lesbian,Disabled under the Equality Act: Day-to-day activities limited a little,389,142900,0.2722183344996501
E07000121,Lancaster,Gay or Lesbian,Not disabled under the Equality Act,1542,142900,1.079076277116865
E07000121,Lancaster,Bisexual,Does not apply,0,142900,0
E07000121,Lancaster,Bisexual,Disabled under the Equality Act: Day-to-day activities limited a lot,280,142900,0.1959412176347096
E07000121,Lancaster,Bisexual,Disabled under the Equality Act: Day-to-day activities limited a little,686,142900,0.4800559832050385
E07000121,Lancaster,Bisexual,Not disabled under the Equality Act,1527,142900,1.0685794261721484
E07000121,Lancaster,All other sexual orientations,Does not apply,0,142900,0
E07000121,Lancaster,All other sexual orientations,Disabled under the Equality Act: Day-to-day activities limited a lot,108,142900,0.07557732680195942
E07000121,Lancaster,All other sexual orientations,Disabled under the Equality Act: Day-to-day activities limited a little,165,142900,0.11546536039188243
E07000121,Lancaster,All other sexual orientations,Not disabled under the Equality Act,305,142900,0.21343596920923724
E07000121,Lancaster,Not answered,Does not apply,0,142900,0
E07000121,Lancaster,Not answered,Disabled under the Equality Act: Day-to-day activities limited a lot,1034,142900,0.7235829251224632
E07000121,Lancaster,Not answered,Disabled under the Equality Act: Day-to-day activities limited a little,1304,142900,0.9125262421273618
E07000121,Lancaster,Not answered,Not disabled under the Equality Act,7063,142900,4.94261721483555
E07000122,Pendle,Does not apply,Does not apply,0,95800,0
E07000122,Pendle,Does not apply,Disabled under the Equality Act: Day-to-day activities limited a lot,0,95800,0
E07000122,Pendle,Does not apply,Disabled under the Equality Act: Day-to-day activities limited a little,0,95800,0
E07000122,Pendle,Does not apply,Not disabled under the Equality Act,0,95800,0
E07000122,Pendle,Straight or Heterosexual,Does not apply,0,95800,0
E07000122,Pendle,Straight or Heterosexual,Disabled under the Equality Act: Day-to-day activities limited a lot,6376,95800,6.65553235908142
E07000122,Pendle,Straight or Heterosexual,Disabled under the Equality Act: Day-to-day activities limited a little,7400,95800,7.724425887265136
E07000122,Pendle,Straight or Heterosexual,Not disabled under the Equality Act,53412,95800,55.75365344467641
E07000122,Pendle,Gay or Lesbian,Does not apply,0,95800,0
E07000122,Pendle,Gay or Lesbian,Disabled under the Equality Act: Day-to-day activities limited a lot,99,95800,0.10334029227557412
E07000122,Pendle,Gay or Lesbian,Disabled under the Equality Act: Day-to-day activities limited a little,104,95800,0.10855949895615867
E07000122,Pendle,Gay or Lesbian,Not disabled under the Equality Act,547,95800,0.5709812108559499
E07000122,Pendle,Bisexual,Does not apply,0,95800,0
E07000122,Pendle,Bisexual,Disabled under the Equality Act: Day-to-day activities limited a lot,71,95800,0.07411273486430063
E07000122,Pendle,Bisexual,Disabled under the Equality Act: Day-to-day activities limited a little,120,95800,0.12526096033402923
E07000122,Pendle,Bisexual,Not disabled under the Equality Act,417,95800,0.4352818371607516
E07000122,Pendle,All other sexual orientations,Does not apply,0,95800,0
E07000122,Pendle,All other sexual orientations,Disabled under the Equality Act: Day-to-day activities limited a lot,30,95800,0.031315240083507306
E07000122,Pendle,All other sexual orientations,Disabled under the Equality Act: Day-to-day activities limited a little,24,95800,0.025052192066805846
E07000122,Pendle,All other sexual orientations,Not disabled under the Equality Act,174,95800,0.18162839248434237
E07000122,Pendle,Not answered,Does not apply,0,95800,0
E07000122,Pendle,Not answered,Disabled under the Equality Act: Day-to-day activities limited a lot,769,95800,0.802713987473904
E07000122,Pendle,Not answered,Disabled under the Equality Act: Day-to-day activities limited a little,644,95800,0.6722338204592901
E07000122,Pendle,Not answered,Not disabled under the Equality Act,5035,95800,5.255741127348643
E07000123,Preston,Does not apply,Does not apply,0,147900,0
E07000123,Preston,Does not apply,Disabled under the Equality Act: Day-to-day activities limited a lot,0,147900,0
E07000123,Preston,Does not apply,Disabled under the Equality Act: Day-to-day activities limited a little,0,147900,0
E07000123,Preston,Does not apply,Not disabled under the Equality Act,0,147900,0
E07000123,Preston,Straight or Heterosexual,Does not apply,0,147900,0
E07000123,Preston,Straight or Heterosexual,Disabled under the Equality Act: Day-to-day activities limited a lot,9648,147900,6.523326572008114
E07000123,Preston,Straight or Heterosexual,Disabled under the Equality Act: Day-to-day activities limited a little,11763,147900,7.9533468559837726
E07000123,Preston,Straight or Heterosexual,Not disabled under the Equality Act,83611,147900,56.53211629479378
E07000123,Preston,Gay or Lesbian,Does not apply,0,147900,0
E07000123,Preston,Gay or Lesbian,Disabled under the Equality Act: Day-to-day activities limited a lot,216,147900,0.1460446247464503
E07000123,Preston,Gay or Lesbian,Disabled under the Equality Act: Day-to-day activities limited a little,329,147900,0.222447599729547
E07000123,Preston,Gay or Lesbian,Not disabled under the Equality Act,1299,147900,0.8782961460446247
E07000123,Preston,Bisexual,Does not apply,0,147900,0
E07000123,Preston,Bisexual,Disabled under the Equality Act: Day-to-day activities limited a lot,229,147900,0.1548343475321163
E07000123,Preston,Bisexual,Disabled under the Equality Act: Day-to-day activities limited a little,562,147900,0.37998647734956054
E07000123,Preston,Bisexual,Not disabled under the Equality Act,1353,147900,0.9148073022312373
E07000123,Preston,All other sexual orientations,Does not apply,0,147900,0
E07000123,Preston,All other sexual orientations,Disabled under the Equality Act: Day-to-day activities limited a lot,68,147900,0.04597701149425287
E07000123,Preston,All other sexual orientations,Disabled under the Equality Act: Day-to-day activities limited a little,121,147900,0.08181203515889114
E07000123,Preston,All other sexual orientations,Not disabled under the Equality Act,316,147900,0.213657876943881
E07000123,Preston,Not answered,Does not apply,0,147900,0
E07000123,Preston,Not answered,Disabled under the Equality Act: Day-to-day activities limited a lot,1137,147900,0.768762677484787
E07000123,Preston,Not answered,Disabled under the Equality Act: Day-to-day activities limited a little,1058,147900,0.7153482082488167
E07000123,Preston,Not answered,Not disabled under the Equality Act,6959,147900,4.7052062204192024
E07000124,Ribble Valley,Does not apply,Does not apply,0,61500,0
E07000124,Ribble Valley,Does not apply,Disabled under the Equality Act: Day-to-day activities limited a lot,0,61500,0
E07000124,Ribble Valley,Does not apply,Disabled under the Equality Act: Day-to-day activities limited a little,0,61500,0
E07000124,Ribble Valley,Does not apply,Not disabled under the Equality Act,0,61500,0
E07000124,Ribble Valley,Straight or Heterosexual,Does not apply,0,61500,0
E07000124,Ribble Valley,Straight or Heterosexual,Disabled under the Equality Act: Day-to-day activities limited a lot,3058,61500,4.972357723577236
E07000124,Ribble Valley,Straight or Heterosexual,Disabled under the Equality Act: Day-to-day activities limited a little,4845,61500,7.878048780487805
E07000124,Ribble Valley,Straight or Heterosexual,Not disabled under the Equality Act,39694,61500,64.54308943089431
E07000124,Ribble Valley,Gay or Lesbian,Does not apply,0,61500,0
E07000124,Ribble Valley,Gay or Lesbian,Disabled under the Equality Act: Day-to-day activities limited a lot,33,61500,0.05365853658536585
E07000124,Ribble Valley,Gay or Lesbian,Disabled under the Equality Act: Day-to-day activities limited a little,62,61500,0.1008130081300813
E07000124,Ribble Valley,Gay or Lesbian,Not disabled under the Equality Act,349,61500,0.567479674796748
E07000124,Ribble Valley,Bisexual,Does not apply,0,61500,0
E07000124,Ribble Valley,Bisexual,Disabled under the Equality Act: Day-to-day activities limited a lot,35,61500,0.056910569105691054
E07000124,Ribble Valley,Bisexual,Disabled under the Equality Act: Day-to-day activities limited a little,90,61500,0.14634146341463414
E07000124,Ribble Valley,Bisexual,Not disabled under the Equality Act,213,61500,0.3463414634146341
E07000124,Ribble Valley,All other sexual orientations,Does not apply,0,61500,0
E07000124,Ribble Valley,All other sexual orientations,Disabled under the Equality Act: Day-to-day activities limited a lot,14,61500,0.022764227642276424
E07000124,Ribble Valley,All other sexual orientations,Disabled under the Equality Act: Day-to-day activities limited a little,11,61500,0.01788617886178862
E07000124,Ribble Valley,All other sexual orientations,Not disabled under the Equality Act,42,61500,0.06829268292682927
E07000124,Ribble Valley,Not answered,Does not apply,0,61500,0
E07000124,Ribble Valley,Not answered,Disabled under the Equality Act: Day-to-day activities limited a lot,381,61500,0.6195121951219512
E07000124,Ribble Valley,Not answered,Disabled under the Equality Act: Day-to-day activities limited a little,356,61500,0.5788617886178862
E07000124,Ribble Valley,Not answered,Not disabled under the Equality Act,2279,61500,3.705691056910569
E07000125,Rossendale,Does not apply,Does not apply,0,70800,0
E07000125,Rossendale,Does not apply,Disabled under the Equality Act: Day-to-day activities limited a lot,0,70800,0
E07000125,Rossendale,Does not apply,Disabled under the Equality Act: Day-to-day activities limited a little,0,70800,0
E07000125,Rossendale,Does not apply,Not disabled under the Equality Act,0,70800,0
E07000125,Rossendale,Straight or Heterosexual,Does not apply,0,70800,0
E07000125,Rossendale,Straight or Heterosexual,Disabled under the Equality Act: Day-to-day activities limited a lot,5213,70800,7.362994350282486
E07000125,Rossendale,Straight or Heterosexual,Disabled under the Equality Act: Day-to-day activities limited a little,6411,70800,9.055084745762711
E07000125,Rossendale,Straight or Heterosexual,Not disabled under the Equality Act,40625,70800,57.37994350282486
E07000125,Rossendale,Gay or Lesbian,Does not apply,0,70800,0
E07000125,Rossendale,Gay or Lesbian,Disabled under the Equality Act: Day-to-day activities limited a lot,84,70800,0.11864406779661017
E07000125,Rossendale,Gay or Lesbian,Disabled under the Equality Act: Day-to-day activities limited a little,105,70800,0.1483050847457627
E07000125,Rossendale,Gay or Lesbian,Not disabled under the Equality Act,590,70800,0.8333333333333334
E07000125,Rossendale,Bisexual,Does not apply,0,70800,0
E07000125,Rossendale,Bisexual,Disabled under the Equality Act: Day-to-day activities limited a lot,69,70800,0.09745762711864407
E07000125,Rossendale,Bisexual,Disabled under the Equality Act: Day-to-day activities limited a little,155,70800,0.2189265536723164
E07000125,Rossendale,Bisexual,Not disabled under the Equality Act,306,70800,0.4322033898305085
E07000125,Rossendale,All other sexual orientations,Does not apply,0,70800,0
E07000125,Rossendale,All other sexual orientations,Disabled under the Equality Act: Day-to-day activities limited a lot,32,70800,0.04519774011299435
E07000125,Rossendale,All other sexual orientations,Disabled under the Equality Act: Day-to-day activities limited a little,26,70800,0.03672316384180791
E07000125,Rossendale,All other sexual orientations,Not disabled under the Equality Act,76,70800,0.10734463276836158
E07000125,Rossendale,Not answered,Does not apply,0,70800,0
E07000125,Rossendale,Not answered,Disabled under the Equality Act: Day-to-day activities limited a lot,516,70800,0.7288135593220338
E07000125,Rossendale,Not answered,Disabled under the Equality Act: Day-to-day activities limited a little,470,70800,0.6638418079096046
E07000125,Rossendale,Not answered,Not disabled under the Equality Act,2623,70800,3.7048022598870056
E07000126,South Ribble,Does not apply,Does not apply,0,111000,0
E07000126,South Ribble,Does not apply,Disabled under the Equality Act: Day-to-day activities limited a lot,0,111000,0
E07000126,South Ribble,Does not apply,Disabled under the Equality Act: Day-to-day activities limited a little,0,111000,0
E07000126,South Ribble,Does not apply,Not disabled under the Equality Act,0,111000,0
E07000126,South Ribble,Straight or Heterosexual,Does not apply,0,111000,0
E07000126,South Ribble,Straight or Heterosexual,Disabled under the Equality Act: Day-to-day activities limited a lot,6913,111000,6.227927927927928
E07000126,South Ribble,Straight or Heterosexual,Disabled under the Equality Act: Day-to-day activities limited a little,10150,111000,9.144144144144144
E07000126,South Ribble,Straight or Heterosexual,Not disabled under the Equality Act,67198,111000,60.538738738738736
E07000126,South Ribble,Gay or Lesbian,Does not apply,0,111000,0
E07000126,South Ribble,Gay or Lesbian,Disabled under the Equality Act: Day-to-day activities limited a lot,109,111000,0.0981981981981982
E07000126,South Ribble,Gay or Lesbian,Disabled under the Equality Act: Day-to-day activities limited a little,185,111000,0.16666666666666666
E07000126,South Ribble,Gay or Lesbian,Not disabled under the Equality Act,863,111000,0.7774774774774775
E07000126,South Ribble,Bisexual,Does not apply,0,111000,0
E07000126,South Ribble,Bisexual,Disabled under the Equality Act: Day-to-day activities limited a lot,102,111000,0.0918918918918919
E07000126,South Ribble,Bisexual,Disabled under the Equality Act: Day-to-day activities limited a little,244,111000,0.21981981981981982
E07000126,South Ribble,Bisexual,Not disabled under the Equality Act,526,111000,0.47387387387387386
E07000126,South Ribble,All other sexual orientations,Does not apply,0,111000,0
E07000126,South Ribble,All other sexual orientations,Disabled under the Equality Act: Day-to-day activities limited a lot,17,111000,0.015315315315315315
E07000126,South Ribble,All other sexual orientations,Disabled under the Equality Act: Day-to-day activities limited a little,43,111000,0.03873873873873874
E07000126,South Ribble,All other sexual orientations,Not disabled under the Equality Act,98,111000,0.08828828828828829
E07000126,South Ribble,Not answered,Does not apply,0,111000,0
E07000126,South Ribble,Not answered,Disabled under the Equality Act: Day-to-day activities limited a lot,682,111000,0.6144144144144145
E07000126,South Ribble,Not answered,Disabled under the Equality Act: Day-to-day activities limited a little,630,111000,0.5675675675675675
E07000126,South Ribble,Not answered,Not disabled under the Equality Act,3740,111000,3.369369369369369
E07000127,West Lancashire,Does not apply,Does not apply,0,117400,0
E07000127,West Lancashire,Does not apply,Disabled under the Equality Act: Day-to-day activities limited a lot,0,117400,0
E07000127,West Lancashire,Does not apply,Disabled under the Equality Act: Day-to-day activities limited a little,0,117400,0
E07000127,West Lancashire,Does not apply,Not disabled under the Equality Act,0,117400,0
E07000127,West Lancashire,Straight or Heterosexual,Does not apply,0,117400,0
E07000127,West Lancashire,Straight or Heterosexual,Disabled under the Equality Act: Day-to-day activities limited a lot,8763,117400,7.464224872231687
E07000127,West Lancashire,Straight or Heterosexual,Disabled under the Equality Act: Day-to-day activities limited a little,10226,117400,8.710391822827939
E07000127,West Lancashire,Straight or Heterosexual,Not disabled under the Equality Act,70288,117400,59.87052810902896
E07000127,West Lancashire,Gay or Lesbian,Does not apply,0,117400,0
E07000127,West Lancashire,Gay or Lesbian,Disabled under the Equality Act: Day-to-day activities limited a lot,96,117400,0.0817717206132879
E07000127,West Lancashire,Gay or Lesbian,Disabled under the Equality Act: Day-to-day activities limited a little,194,117400,0.16524701873935263
E07000127,West Lancashire,Gay or Lesbian,Not disabled under the Equality Act,950,117400,0.8091993185689949
E07000127,West Lancashire,Bisexual,Does not apply,0,117400,0
E07000127,West Lancashire,Bisexual,Disabled under the Equality Act: Day-to-day activities limited a lot,123,117400,0.10477001703577513
E07000127,West Lancashire,Bisexual,Disabled under the Equality Act: Day-to-day activities limited a little,315,117400,0.2683134582623509
E07000127,West Lancashire,Bisexual,Not disabled under the Equality Act,808,117400,0.6882453151618398
E07000127,West Lancashire,All other sexual orientations,Does not apply,0,117400,0
E07000127,West Lancashire,All other sexual orientations,Disabled under the Equality Act: Day-to-day activities limited a lot,38,117400,0.03236797274275979
E07000127,West Lancashire,All other sexual orientations,Disabled under the Equality Act: Day-to-day activities limited a little,77,117400,0.065587734241908
E07000127,West Lancashire,All other sexual orientations,Not disabled under the Equality Act,167,117400,0.14224872231686542
E07000127,West Lancashire,Not answered,Does not apply,0,117400,0
E07000127,West Lancashire,Not answered,Disabled under the Equality Act: Day-to-day activities limited a lot,835,117400,0.7112436115843271
E07000127,West Lancashire,Not answered,Disabled under the Equality Act: Day-to-day activities limited a little,738,117400,0.6286201022146508
E07000127,West Lancashire,Not answered,Not disabled under the Equality Act,4715,117400,4.01618398637138
E07000128,Wyre,Does not apply,Does not apply,0,111900,0
E07000128,Wyre,Does not apply,Disabled under the Equality Act: Day-to-day activities limited a lot,0,111900,0
E07000128,Wyre,Does not apply,Disabled under the Equality Act: Day-to-day activities limited a little,0,111900,0
E07000128,Wyre,Does not apply,Not disabled under the Equality Act,0,111900,0
E07000128,Wyre,Straight or Heterosexual,Does not apply,0,111900,0
E07000128,Wyre,Straight or Heterosexual,Disabled under the Equality Act: Day-to-day activities limited a lot,9688,111900,8.657730116175156
E07000128,Wyre,Straight or Heterosexual,Disabled under the Equality Act: Day-to-day activities limited a little,11513,111900,10.288650580875782
E07000128,Wyre,Straight or Heterosexual,Not disabled under the Equality Act,65147,111900,58.218945487042
E07000128,Wyre,Gay or Lesbian,Does not apply,0,111900,0
E07000128,Wyre,Gay or Lesbian,Disabled under the Equality Act: Day-to-day activities limited a lot,174,111900,0.1554959785522788
E07000128,Wyre,Gay or Lesbian,Disabled under the Equality Act: Day-to-day activities limited a little,210,111900,0.1876675603217158
E07000128,Wyre,Gay or Lesbian,Not disabled under the Equality Act,998,111900,0.8918677390527256
E07000128,Wyre,Bisexual,Does not apply,0,111900,0
E07000128,Wyre,Bisexual,Disabled under the Equality Act: Day-to-day activities limited a lot,112,111900,0.10008936550491511
E07000128,Wyre,Bisexual,Disabled under the Equality Act: Day-to-day activities limited a little,172,111900,0.15370866845397677
E07000128,Wyre,Bisexual,Not disabled under the Equality Act,428,111900,0.38248436103663985
E07000128,Wyre,All other sexual orientations,Does not apply,0,111900,0
E07000128,Wyre,All other sexual orientations,Disabled under the Equality Act: Day-to-day activities limited a lot,32,111900,0.028596961572832886
E07000128,Wyre,All other sexual orientations,Disabled under the Equality Act: Day-to-day activities limited a little,43,111900,0.03842716711349419
E07000128,Wyre,All other sexual orientations,Not disabled under the Equality Act,75,111900,0.06702412868632708
E07000128,Wyre,Not answered,Does not apply,0,111900,0
E07000128,Wyre,Not answered,Disabled under the Equality Act: Day-to-day activities limited a lot,880,111900,0.7864164432529044
E07000128,Wyre,Not answered,Disabled under the Equality Act: Day-to-day activities limited a little,824,111900,0.7363717605004468
E07000128,Wyre,Not answered,Not disabled under the Equality Act,4053,111900,3.6219839142091153
E07000129,Blaby,Does not apply,Does not apply,0,102900,0
E07000129,Blaby,Does not apply,Disabled under the Equality Act: Day-to-day activities limited a lot,0,102900,0
E07000129,Blaby,Does not apply,Disabled under the Equality Act: Day-to-day activities limited a little,0,102900,0
E07000129,Blaby,Does not apply,Not disabled under the Equality Act,0,102900,0
E07000129,Blaby,Straight or Heterosexual,Does not apply,0,102900,0
E07000129,Blaby,Straight or Heterosexual,Disabled under the Equality Act: Day-to-day activities limited a lot,5170,102900,5.024295432458698
E07000129,Blaby,Straight or Heterosexual,Disabled under the Equality Act: Day-to-day activities limited a little,8294,102900,8.06025267249757
E07000129,Blaby,Straight or Heterosexual,Not disabled under the Equality Act,63230,102900,61.44800777453839
E07000129,Blaby,Gay or Lesbian,Does not apply,0,102900,0
E07000129,Blaby,Gay or Lesbian,Disabled under the Equality Act: Day-to-day activities limited a lot,76,102900,0.0738581146744412
E07000129,Blaby,Gay or Lesbian,Disabled under the Equality Act: Day-to-day activities limited a little,148,102900,0.14382896015549076
E07000129,Blaby,Gay or Lesbian,Not disabled under the Equality Act,832,102900,0.8085519922254616
E07000129,Blaby,Bisexual,Does not apply,0,102900,0
E07000129,Blaby,Bisexual,Disabled under the Equality Act: Day-to-day activities limited a lot,78,102900,0.07580174927113703
E07000129,Blaby,Bisexual,Disabled under the Equality Act: Day-to-day activities limited a little,161,102900,0.1564625850340136
E07000129,Blaby,Bisexual,Not disabled under the Equality Act,453,102900,0.4402332361516035
E07000129,Blaby,All other sexual orientations,Does not apply,0,102900,0
E07000129,Blaby,All other sexual orientations,Disabled under the Equality Act: Day-to-day activities limited a lot,24,102900,0.023323615160349854
E07000129,Blaby,All other sexual orientations,Disabled under the Equality Act: Day-to-day activities limited a little,42,102900,0.04081632653061224
E07000129,Blaby,All other sexual orientations,Not disabled under the Equality Act,82,102900,0.07968901846452867
E07000129,Blaby,Not answered,Does not apply,0,102900,0
E07000129,Blaby,Not answered,Disabled under the Equality Act: Day-to-day activities limited a lot,592,102900,0.5753158406219631
E07000129,Blaby,Not answered,Disabled under the Equality Act: Day-to-day activities limited a little,618,102900,0.6005830903790087
E07000129,Blaby,Not answered,Not disabled under the Equality Act,3867,102900,3.75801749271137
E07000130,Charnwood,Does not apply,Does not apply,0,183900,0
E07000130,Charnwood,Does not apply,Disabled under the Equality Act: Day-to-day activities limited a lot,0,183900,0
E07000130,Charnwood,Does not apply,Disabled under the Equality Act: Day-to-day activities limited a little,0,183900,0
E07000130,Charnwood,Does not apply,Not disabled under the Equality Act,0,183900,0
E07000130,Charnwood,Straight or Heterosexual,Does not apply,0,183900,0
E07000130,Charnwood,Straight or Heterosexual,Disabled under the Equality Act: Day-to-day activities limited a lot,9313,183900,5.064165307232192
E07000130,Charnwood,Straight or Heterosexual,Disabled under the Equality Act: Day-to-day activities limited a little,15213,183900,8.272430668841762
E07000130,Charnwood,Straight or Heterosexual,Not disabled under the Equality Act,113053,183900,61.4752582925503
E07000130,Charnwood,Gay or Lesbian,Does not apply,0,183900,0
E07000130,Charnwood,Gay or Lesbian,Disabled under the Equality Act: Day-to-day activities limited a lot,149,183900,0.08102229472539424
E07000130,Charnwood,Gay or Lesbian,Disabled under the Equality Act: Day-to-day activities limited a little,271,183900,0.1473626971179989
E07000130,Charnwood,Gay or Lesbian,Not disabled under the Equality Act,1551,183900,0.8433931484502447
E07000130,Charnwood,Bisexual,Does not apply,0,183900,0
E07000130,Charnwood,Bisexual,Disabled under the Equality Act: Day-to-day activities limited a lot,213,183900,0.11582381729200653
E07000130,Charnwood,Bisexual,Disabled under the Equality Act: Day-to-day activities limited a little,530,183900,0.28820010875475804
E07000130,Charnwood,Bisexual,Not disabled under the Equality Act,1326,183900,0.7210440456769984
E07000130,Charnwood,All other sexual orientations,Does not apply,0,183900,0
E07000130,Charnwood,All other sexual orientations,Disabled under the Equality Act: Day-to-day activities limited a lot,67,183900,0.03643284393692224
E07000130,Charnwood,All other sexual orientations,Disabled under the Equality Act: Day-to-day activities limited a little,118,183900,0.06416530723219141
E07000130,Charnwood,All other sexual orientations,Not disabled under the Equality Act,257,183900,0.1397498640565525
E07000130,Charnwood,Not answered,Does not apply,0,183900,0
E07000130,Charnwood,Not answered,Disabled under the Equality Act: Day-to-day activities limited a lot,1055,183900,0.5736813485589994
E07000130,Charnwood,Not answered,Disabled under the Equality Act: Day-to-day activities limited a little,1270,183900,0.6905927134312126
E07000130,Charnwood,Not answered,Not disabled under the Equality Act,8714,183900,4.738444806960304
E07000131,Harborough,Does not apply,Does not apply,0,97600,0
E07000131,Harborough,Does not apply,Disabled under the Equality Act: Day-to-day activities limited a lot,0,97600,0
E07000131,Harborough,Does not apply,Disabled under the Equality Act: Day-to-day activities limited a little,0,97600,0
E07000131,Harborough,Does not apply,Not disabled under the Equality Act,0,97600,0
E07000131,Harborough,Straight or Heterosexual,Does not apply,0,97600,0
E07000131,Harborough,Straight or Heterosexual,Disabled under the Equality Act: Day-to-day activities limited a lot,4343,97600,4.449795081967213
E07000131,Harborough,Straight or Heterosexual,Disabled under the Equality Act: Day-to-day activities limited a little,7921,97600,8.11577868852459
E07000131,Harborough,Straight or Heterosexual,Not disabled under the Equality Act,61635,97600,63.15061475409836
E07000131,Harborough,Gay or Lesbian,Does not apply,0,97600,0
E07000131,Harborough,Gay or Lesbian,Disabled under the Equality Act: Day-to-day activities limited a lot,57,97600,0.0584016393442623
E07000131,Harborough,Gay or Lesbian,Disabled under the Equality Act: Day-to-day activities limited a little,136,97600,0.13934426229508196
E07000131,Harborough,Gay or Lesbian,Not disabled under the Equality Act,730,97600,0.7479508196721312
E07000131,Harborough,Bisexual,Does not apply,0,97600,0
E07000131,Harborough,Bisexual,Disabled under the Equality Act: Day-to-day activities limited a lot,70,97600,0.07172131147540983
E07000131,Harborough,Bisexual,Disabled under the Equality Act: Day-to-day activities limited a little,145,97600,0.14856557377049182
E07000131,Harborough,Bisexual,Not disabled under the Equality Act,405,97600,0.4149590163934426
E07000131,Harborough,All other sexual orientations,Does not apply,0,97600,0
E07000131,Harborough,All other sexual orientations,Disabled under the Equality Act: Day-to-day activities limited a lot,23,97600,0.0235655737704918
E07000131,Harborough,All other sexual orientations,Disabled under the Equality Act: Day-to-day activities limited a little,45,97600,0.04610655737704918
E07000131,Harborough,All other sexual orientations,Not disabled under the Equality Act,73,97600,0.07479508196721311
E07000131,Harborough,Not answered,Does not apply,0,97600,0
E07000131,Harborough,Not answered,Disabled under the Equality Act: Day-to-day activities limited a lot,508,97600,0.5204918032786885
E07000131,Harborough,Not answered,Disabled under the Equality Act: Day-to-day activities limited a little,568,97600,0.5819672131147541
E07000131,Harborough,Not answered,Not disabled under the Equality Act,3769,97600,3.8616803278688523
E07000132,Hinckley and Bosworth,Does not apply,Does not apply,0,113600,0
E07000132,Hinckley and Bosworth,Does not apply,Disabled under the Equality Act: Day-to-day activities limited a lot,0,113600,0
E07000132,Hinckley and Bosworth,Does not apply,Disabled under the Equality Act: Day-to-day activities limited a little,0,113600,0
E07000132,Hinckley and Bosworth,Does not apply,Not disabled under the Equality Act,0,113600,0
E07000132,Hinckley and Bosworth,Straight or Heterosexual,Does not apply,0,113600,0
E07000132,Hinckley and Bosworth,Straight or Heterosexual,Disabled under the Equality Act: Day-to-day activities limited a lot,6379,113600,5.615316901408451
E07000132,Hinckley and Bosworth,Straight or Heterosexual,Disabled under the Equality Act: Day-to-day activities limited a little,10205,113600,8.983274647887324
E07000132,Hinckley and Bosworth,Straight or Heterosexual,Not disabled under the Equality Act,69637,113600,61.30017605633803
E07000132,Hinckley and Bosworth,Gay or Lesbian,Does not apply,0,113600,0
E07000132,Hinckley and Bosworth,Gay or Lesbian,Disabled under the Equality Act: Day-to-day activities limited a lot,85,113600,0.07482394366197183
E07000132,Hinckley and Bosworth,Gay or Lesbian,Disabled under the Equality Act: Day-to-day activities limited a little,174,113600,0.15316901408450703
E07000132,Hinckley and Bosworth,Gay or Lesbian,Not disabled under the Equality Act,846,113600,0.7447183098591549
E07000132,Hinckley and Bosworth,Bisexual,Does not apply,0,113600,0
E07000132,Hinckley and Bosworth,Bisexual,Disabled under the Equality Act: Day-to-day activities limited a lot,97,113600,0.08538732394366197
E07000132,Hinckley and Bosworth,Bisexual,Disabled under the Equality Act: Day-to-day activities limited a little,249,113600,0.21919014084507044
E07000132,Hinckley and Bosworth,Bisexual,Not disabled under the Equality Act,519,113600,0.45686619718309857
E07000132,Hinckley and Bosworth,All other sexual orientations,Does not apply,0,113600,0
E07000132,Hinckley and Bosworth,All other sexual orientations,Disabled under the Equality Act: Day-to-day activities limited a lot,35,113600,0.030809859154929578
E07000132,Hinckley and Bosworth,All other sexual orientations,Disabled under the Equality Act: Day-to-day activities limited a little,44,113600,0.03873239436619718
E07000132,Hinckley and Bosworth,All other sexual orientations,Not disabled under the Equality Act,117,113600,0.10299295774647887
E07000132,Hinckley and Bosworth,Not answered,Does not apply,0,113600,0
E07000132,Hinckley and Bosworth,Not answered,Disabled under the Equality Act: Day-to-day activities limited a lot,659,113600,0.5801056338028169
E07000132,Hinckley and Bosworth,Not answered,Disabled under the Equality Act: Day-to-day activities limited a little,746,113600,0.6566901408450704
E07000132,Hinckley and Bosworth,Not answered,Not disabled under the Equality Act,4127,113600,3.6329225352112675
E07000133,Melton,Does not apply,Does not apply,0,51800,0
E07000133,Melton,Does not apply,Disabled under the Equality Act: Day-to-day activities limited a lot,0,51800,0
E07000133,Melton,Does not apply,Disabled under the Equality Act: Day-to-day activities limited a little,0,51800,0
E07000133,Melton,Does not apply,Not disabled under the Equality Act,0,51800,0
E07000133,Melton,Straight or Heterosexual,Does not apply,0,51800,0
E07000133,Melton,Straight or Heterosexual,Disabled under the Equality Act: Day-to-day activities limited a lot,2572,51800,4.9652509652509655
E07000133,Melton,Straight or Heterosexual,Disabled under the Equality Act: Day-to-day activities limited a little,4676,51800,9.027027027027026
E07000133,Melton,Straight or Heterosexual,Not disabled under the Equality Act,32084,51800,61.938223938223935
E07000133,Melton,Gay or Lesbian,Does not apply,0,51800,0
E07000133,Melton,Gay or Lesbian,Disabled under the Equality Act: Day-to-day activities limited a lot,30,51800,0.05791505791505792
E07000133,Melton,Gay or Lesbian,Disabled under the Equality Act: Day-to-day activities limited a little,70,51800,0.13513513513513514
E07000133,Melton,Gay or Lesbian,Not disabled under the Equality Act,378,51800,0.7297297297297297
E07000133,Melton,Bisexual,Does not apply,0,51800,0
E07000133,Melton,Bisexual,Disabled under the Equality Act: Day-to-day activities limited a lot,42,51800,0.08108108108108109
E07000133,Melton,Bisexual,Disabled under the Equality Act: Day-to-day activities limited a little,106,51800,0.20463320463320464
E07000133,Melton,Bisexual,Not disabled under the Equality Act,256,51800,0.4942084942084942
E07000133,Melton,All other sexual orientations,Does not apply,0,51800,0
E07000133,Melton,All other sexual orientations,Disabled under the Equality Act: Day-to-day activities limited a lot,17,51800,0.032818532818532815
E07000133,Melton,All other sexual orientations,Disabled under the Equality Act: Day-to-day activities limited a little,19,51800,0.03667953667953668
E07000133,Melton,All other sexual orientations,Not disabled under the Equality Act,38,51800,0.07335907335907337
E07000133,Melton,Not answered,Does not apply,0,51800,0
E07000133,Melton,Not answered,Disabled under the Equality Act: Day-to-day activities limited a lot,271,51800,0.5231660231660231
E07000133,Melton,Not answered,Disabled under the Equality Act: Day-to-day activities limited a little,367,51800,0.7084942084942085
E07000133,Melton,Not answered,Not disabled under the Equality Act,2018,51800,3.8957528957528957
E07000134,North West Leicestershire,Does not apply,Does not apply,0,104700,0
E07000134,North West Leicestershire,Does not apply,Disabled under the Equality Act: Day-to-day activities limited a lot,0,104700,0
E07000134,North West Leicestershire,Does not apply,Disabled under the Equality Act: Day-to-day activities limited a little,0,104700,0
E07000134,North West Leicestershire,Does not apply,Not disabled under the Equality Act,0,104700,0
E07000134,North West Leicestershire,Straight or Heterosexual,Does not apply,0,104700,0
E07000134,North West Leicestershire,Straight or Heterosexual,Disabled under the Equality Act: Day-to-day activities limited a lot,5876,104700,5.612225405921681
E07000134,North West Leicestershire,Straight or Heterosexual,Disabled under the Equality Act: Day-to-day activities limited a little,9319,104700,8.900668576886343
E07000134,North West Leicestershire,Straight or Heterosexual,Not disabled under the Equality Act,63608,104700,60.752626552053485
E07000134,North West Leicestershire,Gay or Lesbian,Does not apply,0,104700,0
E07000134,North West Leicestershire,Gay or Lesbian,Disabled under the Equality Act: Day-to-day activities limited a lot,99,104700,0.09455587392550144
E07000134,North West Leicestershire,Gay or Lesbian,Disabled under the Equality Act: Day-to-day activities limited a little,145,104700,0.1384909264565425
E07000134,North West Leicestershire,Gay or Lesbian,Not disabled under the Equality Act,828,104700,0.7908309455587392
E07000134,North West Leicestershire,Bisexual,Does not apply,0,104700,0
E07000134,North West Leicestershire,Bisexual,Disabled under the Equality Act: Day-to-day activities limited a lot,80,104700,0.07640878701050621
E07000134,North West Leicestershire,Bisexual,Disabled under the Equality Act: Day-to-day activities limited a little,225,104700,0.2148997134670487
E07000134,North West Leicestershire,Bisexual,Not disabled under the Equality Act,561,104700,0.5358166189111748
E07000134,North West Leicestershire,All other sexual orientations,Does not apply,0,104700,0
E07000134,North West Leicestershire,All other sexual orientations,Disabled under the Equality Act: Day-to-day activities limited a lot,32,104700,0.030563514804202482
E07000134,North West Leicestershire,All other sexual orientations,Disabled under the Equality Act: Day-to-day activities limited a little,62,104700,0.05921680993314231
E07000134,North West Leicestershire,All other sexual orientations,Not disabled under the Equality Act,105,104700,0.10028653295128939
E07000134,North West Leicestershire,Not answered,Does not apply,0,104700,0
E07000134,North West Leicestershire,Not answered,Disabled under the Equality Act: Day-to-day activities limited a lot,588,104700,0.5616045845272206
E07000134,North West Leicestershire,Not answered,Disabled under the Equality Act: Day-to-day activities limited a little,626,104700,0.5978987583572111
E07000134,North West Leicestershire,Not answered,Not disabled under the Equality Act,4009,104700,3.829035339063992
E07000135,Oadby and Wigston,Does not apply,Does not apply,0,57700,0
E07000135,Oadby and Wigston,Does not apply,Disabled under the Equality Act: Day-to-day activities limited a lot,0,57700,0
E07000135,Oadby and Wigston,Does not apply,Disabled under the Equality Act: Day-to-day activities limited a little,0,57700,0
E07000135,Oadby and Wigston,Does not apply,Not disabled under the Equality Act,0,57700,0
E07000135,Oadby and Wigston,Straight or Heterosexual,Does not apply,0,57700,0
E07000135,Oadby and Wigston,Straight or Heterosexual,Disabled under the Equality Act: Day-to-day activities limited a lot,3250,57700,5.6325823223570195
E07000135,Oadby and Wigston,Straight or Heterosexual,Disabled under the Equality Act: Day-to-day activities limited a little,4814,57700,8.34315424610052
E07000135,Oadby and Wigston,Straight or Heterosexual,Not disabled under the Equality Act,34494,57700,59.78162911611785
E07000135,Oadby and Wigston,Gay or Lesbian,Does not apply,0,57700,0
E07000135,Oadby and Wigston,Gay or Lesbian,Disabled under the Equality Act: Day-to-day activities limited a lot,23,57700,0.03986135181975736
E07000135,Oadby and Wigston,Gay or Lesbian,Disabled under the Equality Act: Day-to-day activities limited a little,82,57700,0.14211438474870017
E07000135,Oadby and Wigston,Gay or Lesbian,Not disabled under the Equality Act,317,57700,0.5493934142114385
E07000135,Oadby and Wigston,Bisexual,Does not apply,0,57700,0
E07000135,Oadby and Wigston,Bisexual,Disabled under the Equality Act: Day-to-day activities limited a lot,42,57700,0.07279029462738301
E07000135,Oadby and Wigston,Bisexual,Disabled under the Equality Act: Day-to-day activities limited a little,113,57700,0.19584055459272098
E07000135,Oadby and Wigston,Bisexual,Not disabled under the Equality Act,272,57700,0.4714038128249567
E07000135,Oadby and Wigston,All other sexual orientations,Does not apply,0,57700,0
E07000135,Oadby and Wigston,All other sexual orientations,Disabled under the Equality Act: Day-to-day activities limited a lot,17,57700,0.029462738301559793
E07000135,Oadby and Wigston,All other sexual orientations,Disabled under the Equality Act: Day-to-day activities limited a little,38,57700,0.0658578856152513
E07000135,Oadby and Wigston,All other sexual orientations,Not disabled under the Equality Act,67,57700,0.11611785095320624
E07000135,Oadby and Wigston,Not answered,Does not apply,0,57700,0
E07000135,Oadby and Wigston,Not answered,Disabled under the Equality Act: Day-to-day activities limited a lot,398,57700,0.6897746967071057
E07000135,Oadby and Wigston,Not answered,Disabled under the Equality Act: Day-to-day activities limited a little,484,57700,0.8388214904679376
E07000135,Oadby and Wigston,Not answered,Not disabled under the Equality Act,2800,57700,4.852686308492201
E07000136,Boston,Does not apply,Does not apply,0,70500,0
E07000136,Boston,Does not apply,Disabled under the Equality Act: Day-to-day activities limited a lot,0,70500,0
E07000136,Boston,Does not apply,Disabled under the Equality Act: Day-to-day activities limited a little,0,70500,0
E07000136,Boston,Does not apply,Not disabled under the Equality Act,0,70500,0
E07000136,Boston,Straight or Heterosexual,Does not apply,0,70500,0
E07000136,Boston,Straight or Heterosexual,Disabled under the Equality Act: Day-to-day activities limited a lot,4404,70500,6.246808510638298
E07000136,Boston,Straight or Heterosexual,Disabled under the Equality Act: Day-to-day activities limited a little,5842,70500,8.286524822695036
E07000136,Boston,Straight or Heterosexual,Not disabled under the Equality Act,40509,70500,57.45957446808511
E07000136,Boston,Gay or Lesbian,Does not apply,0,70500,0
E07000136,Boston,Gay or Lesbian,Disabled under the Equality Act: Day-to-day activities limited a lot,63,70500,0.08936170212765958
E07000136,Boston,Gay or Lesbian,Disabled under the Equality Act: Day-to-day activities limited a little,92,70500,0.13049645390070921
E07000136,Boston,Gay or Lesbian,Not disabled under the Equality Act,412,70500,0.5843971631205673
E07000136,Boston,Bisexual,Does not apply,0,70500,0
E07000136,Boston,Bisexual,Disabled under the Equality Act: Day-to-day activities limited a lot,62,70500,0.08794326241134752
E07000136,Boston,Bisexual,Disabled under the Equality Act: Day-to-day activities limited a little,113,70500,0.16028368794326242
E07000136,Boston,Bisexual,Not disabled under the Equality Act,318,70500,0.451063829787234
E07000136,Boston,All other sexual orientations,Does not apply,0,70500,0
E07000136,Boston,All other sexual orientations,Disabled under the Equality Act: Day-to-day activities limited a lot,15,70500,0.02127659574468085
E07000136,Boston,All other sexual orientations,Disabled under the Equality Act: Day-to-day activities limited a little,26,70500,0.03687943262411347
E07000136,Boston,All other sexual orientations,Not disabled under the Equality Act,146,70500,0.20709219858156028
E07000136,Boston,Not answered,Does not apply,0,70500,0
E07000136,Boston,Not answered,Disabled under the Equality Act: Day-to-day activities limited a lot,576,70500,0.8170212765957446
E07000136,Boston,Not answered,Disabled under the Equality Act: Day-to-day activities limited a little,603,70500,0.8553191489361702
E07000136,Boston,Not answered,Not disabled under the Equality Act,4402,70500,6.243971631205674
E07000137,East Lindsey,Does not apply,Does not apply,0,142300,0
E07000137,East Lindsey,Does not apply,Disabled under the Equality Act: Day-to-day activities limited a lot,0,142300,0
E07000137,East Lindsey,Does not apply,Disabled under the Equality Act: Day-to-day activities limited a little,0,142300,0
E07000137,East Lindsey,Does not apply,Not disabled under the Equality Act,0,142300,0
E07000137,East Lindsey,Straight or Heterosexual,Does not apply,0,142300,0
E07000137,East Lindsey,Straight or Heterosexual,Disabled under the Equality Act: Day-to-day activities limited a lot,13323,142300,9.362614195361912
E07000137,East Lindsey,Straight or Heterosexual,Disabled under the Equality Act: Day-to-day activities limited a little,16172,142300,11.36472241742797
E07000137,East Lindsey,Straight or Heterosexual,Not disabled under the Equality Act,79626,142300,55.956430077301476
E07000137,East Lindsey,Gay or Lesbian,Does not apply,0,142300,0
E07000137,East Lindsey,Gay or Lesbian,Disabled under the Equality Act: Day-to-day activities limited a lot,168,142300,0.11806043569922699
E07000137,East Lindsey,Gay or Lesbian,Disabled under the Equality Act: Day-to-day activities limited a little,245,142300,0.17217146872803935
E07000137,East Lindsey,Gay or Lesbian,Not disabled under the Equality Act,1048,142300,0.7364722417427969
E07000137,East Lindsey,Bisexual,Does not apply,0,142300,0
E07000137,East Lindsey,Bisexual,Disabled under the Equality Act: Day-to-day activities limited a lot,162,142300,0.11384399156711174
E07000137,East Lindsey,Bisexual,Disabled under the Equality Act: Day-to-day activities limited a little,248,142300,0.17427969079409697
E07000137,East Lindsey,Bisexual,Not disabled under the Equality Act,609,142300,0.4279690794096978
E07000137,East Lindsey,All other sexual orientations,Does not apply,0,142300,0
E07000137,East Lindsey,All other sexual orientations,Disabled under the Equality Act: Day-to-day activities limited a lot,54,142300,0.03794799718903725
E07000137,East Lindsey,All other sexual orientations,Disabled under the Equality Act: Day-to-day activities limited a little,55,142300,0.03865073787772312
E07000137,East Lindsey,All other sexual orientations,Not disabled under the Equality Act,112,142300,0.07870695713281799
E07000137,East Lindsey,Not answered,Does not apply,0,142300,0
E07000137,East Lindsey,Not answered,Disabled under the Equality Act: Day-to-day activities limited a lot,1663,142300,1.16865776528461
E07000137,East Lindsey,Not answered,Disabled under the Equality Act: Day-to-day activities limited a little,1495,142300,1.050597329585383
E07000137,East Lindsey,Not answered,Not disabled under the Equality Act,6438,142300,4.5242445537596625
E07000138,Lincoln,Does not apply,Does not apply,0,103900,0
E07000138,Lincoln,Does not apply,Disabled under the Equality Act: Day-to-day activities limited a lot,0,103900,0
E07000138,Lincoln,Does not apply,Disabled under the Equality Act: Day-to-day activities limited a little,0,103900,0
E07000138,Lincoln,Does not apply,Not disabled under the Equality Act,0,103900,0
E07000138,Lincoln,Straight or Heterosexual,Does not apply,0,103900,0
E07000138,Lincoln,Straight or Heterosexual,Disabled under the Equality Act: Day-to-day activities limited a lot,6442,103900,6.200192492781521
E07000138,Lincoln,Straight or Heterosexual,Disabled under the Equality Act: Day-to-day activities limited a little,9559,103900,9.20019249278152
E07000138,Lincoln,Straight or Heterosexual,Not disabled under the Equality Act,57779,103900,55.6102021174206
E07000138,Lincoln,Gay or Lesbian,Does not apply,0,103900,0
E07000138,Lincoln,Gay or Lesbian,Disabled under the Equality Act: Day-to-day activities limited a lot,143,103900,0.13763233878729547
E07000138,Lincoln,Gay or Lesbian,Disabled under the Equality Act: Day-to-day activities limited a little,372,103900,0.35803657362848895
E07000138,Lincoln,Gay or Lesbian,Not disabled under the Equality Act,1365,103900,1.3137632338787295
E07000138,Lincoln,Bisexual,Does not apply,0,103900,0
E07000138,Lincoln,Bisexual,Disabled under the Equality Act: Day-to-day activities limited a lot,272,103900,0.26179018286814243
E07000138,Lincoln,Bisexual,Disabled under the Equality Act: Day-to-day activities limited a little,899,103900,0.865255052935515
E07000138,Lincoln,Bisexual,Not disabled under the Equality Act,1803,103900,1.7353224254090471
E07000138,Lincoln,All other sexual orientations,Does not apply,0,103900,0
E07000138,Lincoln,All other sexual orientations,Disabled under the Equality Act: Day-to-day activities limited a lot,69,103900,0.06641000962463908
E07000138,Lincoln,All other sexual orientations,Disabled under the Equality Act: Day-to-day activities limited a little,171,103900,0.1645813282001925
E07000138,Lincoln,All other sexual orientations,Not disabled under the Equality Act,429,103900,0.4128970163618864
E07000138,Lincoln,Not answered,Does not apply,0,103900,0
E07000138,Lincoln,Not answered,Disabled under the Equality Act: Day-to-day activities limited a lot,895,103900,0.861405197305101
E07000138,Lincoln,Not answered,Disabled under the Equality Act: Day-to-day activities limited a little,1037,103900,0.9980750721847931
E07000138,Lincoln,Not answered,Not disabled under the Equality Act,5832,103900,5.613089509143407
E07000139,North Kesteven,Does not apply,Does not apply,0,118000,0
E07000139,North Kesteven,Does not apply,Disabled under the Equality Act: Day-to-day activities limited a lot,0,118000,0
E07000139,North Kesteven,Does not apply,Disabled under the Equality Act: Day-to-day activities limited a little,0,118000,0
E07000139,North Kesteven,Does not apply,Not disabled under the Equality Act,0,118000,0
E07000139,North Kesteven,Straight or Heterosexual,Does not apply,0,118000,0
E07000139,North Kesteven,Straight or Heterosexual,Disabled under the Equality Act: Day-to-day activities limited a lot,7086,118000,6.005084745762712
E07000139,North Kesteven,Straight or Heterosexual,Disabled under the Equality Act: Day-to-day activities limited a little,11061,118000,9.373728813559323
E07000139,North Kesteven,Straight or Heterosexual,Not disabled under the Equality Act,71345,118000,60.46186440677966
E07000139,North Kesteven,Gay or Lesbian,Does not apply,0,118000,0
E07000139,North Kesteven,Gay or Lesbian,Disabled under the Equality Act: Day-to-day activities limited a lot,88,118000,0.07457627118644068
E07000139,North Kesteven,Gay or Lesbian,Disabled under the Equality Act: Day-to-day activities limited a little,154,118000,0.13050847457627118
E07000139,North Kesteven,Gay or Lesbian,Not disabled under the Equality Act,851,118000,0.7211864406779661
E07000139,North Kesteven,Bisexual,Does not apply,0,118000,0
E07000139,North Kesteven,Bisexual,Disabled under the Equality Act: Day-to-day activities limited a lot,90,118000,0.07627118644067797
E07000139,North Kesteven,Bisexual,Disabled under the Equality Act: Day-to-day activities limited a little,244,118000,0.20677966101694914
E07000139,North Kesteven,Bisexual,Not disabled under the Equality Act,606,118000,0.5135593220338983
E07000139,North Kesteven,All other sexual orientations,Does not apply,0,118000,0
E07000139,North Kesteven,All other sexual orientations,Disabled under the Equality Act: Day-to-day activities limited a lot,31,118000,0.026271186440677965
E07000139,North Kesteven,All other sexual orientations,Disabled under the Equality Act: Day-to-day activities limited a little,60,118000,0.05084745762711865
E07000139,North Kesteven,All other sexual orientations,Not disabled under the Equality Act,108,118000,0.09152542372881356
E07000139,North Kesteven,Not answered,Does not apply,0,118000,0
E07000139,North Kesteven,Not answered,Disabled under the Equality Act: Day-to-day activities limited a lot,919,118000,0.7788135593220339
E07000139,North Kesteven,Not answered,Disabled under the Equality Act: Day-to-day activities limited a little,907,118000,0.7686440677966102
E07000139,North Kesteven,Not answered,Not disabled under the Equality Act,4465,118000,3.7838983050847457
E07000140,South Holland,Does not apply,Does not apply,0,95100,0
E07000140,South Holland,Does not apply,Disabled under the Equality Act: Day-to-day activities limited a lot,0,95100,0
E07000140,South Holland,Does not apply,Disabled under the Equality Act: Day-to-day activities limited a little,0,95100,0
E07000140,South Holland,Does not apply,Not disabled under the Equality Act,0,95100,0
E07000140,South Holland,Straight or Heterosexual,Does not apply,0,95100,0
E07000140,South Holland,Straight or Heterosexual,Disabled under the Equality Act: Day-to-day activities limited a lot,6004,95100,6.31335436382755
E07000140,South Holland,Straight or Heterosexual,Disabled under the Equality Act: Day-to-day activities limited a little,8578,95100,9.019978969505784
E07000140,South Holland,Straight or Heterosexual,Not disabled under the Equality Act,55939,95100,58.82124079915878
E07000140,South Holland,Gay or Lesbian,Does not apply,0,95100,0
E07000140,South Holland,Gay or Lesbian,Disabled under the Equality Act: Day-to-day activities limited a lot,71,95100,0.07465825446898001
E07000140,South Holland,Gay or Lesbian,Disabled under the Equality Act: Day-to-day activities limited a little,116,95100,0.12197686645636173
E07000140,South Holland,Gay or Lesbian,Not disabled under the Equality Act,534,95100,0.5615141955835962
E07000140,South Holland,Bisexual,Does not apply,0,95100,0
E07000140,South Holland,Bisexual,Disabled under the Equality Act: Day-to-day activities limited a lot,76,95100,0.07991587802313355
E07000140,South Holland,Bisexual,Disabled under the Equality Act: Day-to-day activities limited a little,148,95100,0.15562565720294427
E07000140,South Holland,Bisexual,Not disabled under the Equality Act,439,95100,0.4616193480546793
E07000140,South Holland,All other sexual orientations,Does not apply,0,95100,0
E07000140,South Holland,All other sexual orientations,Disabled under the Equality Act: Day-to-day activities limited a lot,21,95100,0.022082018927444796
E07000140,South Holland,All other sexual orientations,Disabled under the Equality Act: Day-to-day activities limited a little,29,95100,0.030494216614090432
E07000140,South Holland,All other sexual orientations,Not disabled under the Equality Act,133,95100,0.1398527865404837
E07000140,South Holland,Not answered,Does not apply,0,95100,0
E07000140,South Holland,Not answered,Disabled under the Equality Act: Day-to-day activities limited a lot,928,95100,0.9758149316508938
E07000140,South Holland,Not answered,Disabled under the Equality Act: Day-to-day activities limited a little,839,95100,0.882229232386961
E07000140,South Holland,Not answered,Not disabled under the Equality Act,5144,95100,5.409043112513144
E07000141,South Kesteven,Does not apply,Does not apply,0,143400,0
E07000141,South Kesteven,Does not apply,Disabled under the Equality Act: Day-to-day activities limited a lot,0,143400,0
E07000141,South Kesteven,Does not apply,Disabled under the Equality Act: Day-to-day activities limited a little,0,143400,0
E07000141,South Kesteven,Does not apply,Not disabled under the Equality Act,0,143400,0
E07000141,South Kesteven,Straight or Heterosexual,Does not apply,0,143400,0
E07000141,South Kesteven,Straight or Heterosexual,Disabled under the Equality Act: Day-to-day activities limited a lot,8110,143400,5.655509065550906
E07000141,South Kesteven,Straight or Heterosexual,Disabled under the Equality Act: Day-to-day activities limited a little,12937,143400,9.021617852161786
E07000141,South Kesteven,Straight or Heterosexual,Not disabled under the Equality Act,86635,143400,60.41492329149233
E07000141,South Kesteven,Gay or Lesbian,Does not apply,0,143400,0
E07000141,South Kesteven,Gay or Lesbian,Disabled under the Equality Act: Day-to-day activities limited a lot,101,143400,0.07043235704323571
E07000141,South Kesteven,Gay or Lesbian,Disabled under the Equality Act: Day-to-day activities limited a little,178,143400,0.12412831241283125
E07000141,South Kesteven,Gay or Lesbian,Not disabled under the Equality Act,967,143400,0.6743375174337517
E07000141,South Kesteven,Bisexual,Does not apply,0,143400,0
E07000141,South Kesteven,Bisexual,Disabled under the Equality Act: Day-to-day activities limited a lot,126,143400,0.08786610878661087
E07000141,South Kesteven,Bisexual,Disabled under the Equality Act: Day-to-day activities limited a little,265,143400,0.18479776847977686
E07000141,South Kesteven,Bisexual,Not disabled under the Equality Act,754,143400,0.5258019525801952
E07000141,South Kesteven,All other sexual orientations,Does not apply,0,143400,0
E07000141,South Kesteven,All other sexual orientations,Disabled under the Equality Act: Day-to-day activities limited a lot,35,143400,0.024407252440725245
E07000141,South Kesteven,All other sexual orientations,Disabled under the Equality Act: Day-to-day activities limited a little,60,143400,0.04184100418410042
E07000141,South Kesteven,All other sexual orientations,Not disabled under the Equality Act,122,143400,0.08507670850767085
E07000141,South Kesteven,Not answered,Does not apply,0,143400,0
E07000141,South Kesteven,Not answered,Disabled under the Equality Act: Day-to-day activities limited a lot,953,143400,0.6645746164574616
E07000141,South Kesteven,Not answered,Disabled under the Equality Act: Day-to-day activities limited a little,1081,143400,0.7538354253835425
E07000141,South Kesteven,Not answered,Not disabled under the Equality Act,5685,143400,3.9644351464435146
E07000142,West Lindsey,Does not apply,Does not apply,0,95200,0
E07000142,West Lindsey,Does not apply,Disabled under the Equality Act: Day-to-day activities limited a lot,0,95200,0
E07000142,West Lindsey,Does not apply,Disabled under the Equality Act: Day-to-day activities limited a little,0,95200,0
E07000142,West Lindsey,Does not apply,Not disabled under the Equality Act,0,95200,0
E07000142,West Lindsey,Straight or Heterosexual,Does not apply,0,95200,0
E07000142,West Lindsey,Straight or Heterosexual,Disabled under the Equality Act: Day-to-day activities limited a lot,6541,95200,6.870798319327731
E07000142,West Lindsey,Straight or Heterosexual,Disabled under the Equality Act: Day-to-day activities limited a little,9527,95200,10.007352941176471
E07000142,West Lindsey,Straight or Heterosexual,Not disabled under the Equality Act,56099,95200,58.92752100840336
E07000142,West Lindsey,Gay or Lesbian,Does not apply,0,95200,0
E07000142,West Lindsey,Gay or Lesbian,Disabled under the Equality Act: Day-to-day activities limited a lot,85,95200,0.08928571428571429
E07000142,West Lindsey,Gay or Lesbian,Disabled under the Equality Act: Day-to-day activities limited a little,153,95200,0.16071428571428573
E07000142,West Lindsey,Gay or Lesbian,Not disabled under the Equality Act,624,95200,0.6554621848739496
E07000142,West Lindsey,Bisexual,Does not apply,0,95200,0
E07000142,West Lindsey,Bisexual,Disabled under the Equality Act: Day-to-day activities limited a lot,122,95200,0.12815126050420167
E07000142,West Lindsey,Bisexual,Disabled under the Equality Act: Day-to-day activities limited a little,243,95200,0.2552521008403361
E07000142,West Lindsey,Bisexual,Not disabled under the Equality Act,439,95200,0.46113445378151263
E07000142,West Lindsey,All other sexual orientations,Does not apply,0,95200,0
E07000142,West Lindsey,All other sexual orientations,Disabled under the Equality Act: Day-to-day activities limited a lot,37,95200,0.038865546218487396
E07000142,West Lindsey,All other sexual orientations,Disabled under the Equality Act: Day-to-day activities limited a little,37,95200,0.038865546218487396
E07000142,West Lindsey,All other sexual orientations,Not disabled under the Equality Act,90,95200,0.09453781512605042
E07000142,West Lindsey,Not answered,Does not apply,0,95200,0
E07000142,West Lindsey,Not answered,Disabled under the Equality Act: Day-to-day activities limited a lot,707,95200,0.7426470588235294
E07000142,West Lindsey,Not answered,Disabled under the Equality Act: Day-to-day activities limited a little,789,95200,0.8287815126050421
E07000142,West Lindsey,Not answered,Not disabled under the Equality Act,3626,95200,3.8088235294117645
E07000143,Breckland,Does not apply,Does not apply,0,141500,0
E07000143,Breckland,Does not apply,Disabled under the Equality Act: Day-to-day activities limited a lot,0,141500,0
E07000143,Breckland,Does not apply,Disabled under the Equality Act: Day-to-day activities limited a little,0,141500,0
E07000143,Breckland,Does not apply,Not disabled under the Equality Act,0,141500,0
E07000143,Breckland,Straight or Heterosexual,Does not apply,0,141500,0
E07000143,Breckland,Straight or Heterosexual,Disabled under the Equality Act: Day-to-day activities limited a lot,9116,141500,6.4424028268551234
E07000143,Breckland,Straight or Heterosexual,Disabled under the Equality Act: Day-to-day activities limited a little,13677,141500,9.665724381625441
E07000143,Breckland,Straight or Heterosexual,Not disabled under the Equality Act,83508,141500,59.01625441696113
E07000143,Breckland,Gay or Lesbian,Does not apply,0,141500,0
E07000143,Breckland,Gay or Lesbian,Disabled under the Equality Act: Day-to-day activities limited a lot,142,141500,0.10035335689045936
E07000143,Breckland,Gay or Lesbian,Disabled under the Equality Act: Day-to-day activities limited a little,196,141500,0.13851590106007067
E07000143,Breckland,Gay or Lesbian,Not disabled under the Equality Act,957,141500,0.6763250883392227
E07000143,Breckland,Bisexual,Does not apply,0,141500,0
E07000143,Breckland,Bisexual,Disabled under the Equality Act: Day-to-day activities limited a lot,149,141500,0.10530035335689046
E07000143,Breckland,Bisexual,Disabled under the Equality Act: Day-to-day activities limited a little,317,141500,0.22402826855123675
E07000143,Breckland,Bisexual,Not disabled under the Equality Act,736,141500,0.5201413427561837
E07000143,Breckland,All other sexual orientations,Does not apply,0,141500,0
E07000143,Breckland,All other sexual orientations,Disabled under the Equality Act: Day-to-day activities limited a lot,40,141500,0.028268551236749116
E07000143,Breckland,All other sexual orientations,Disabled under the Equality Act: Day-to-day activities limited a little,61,141500,0.0431095406360424
E07000143,Breckland,All other sexual orientations,Not disabled under the Equality Act,161,141500,0.1137809187279152
E07000143,Breckland,Not answered,Does not apply,0,141500,0
E07000143,Breckland,Not answered,Disabled under the Equality Act: Day-to-day activities limited a lot,1256,141500,0.8876325088339223
E07000143,Breckland,Not answered,Disabled under the Equality Act: Day-to-day activities limited a little,1161,141500,0.8204946996466431
E07000143,Breckland,Not answered,Not disabled under the Equality Act,6373,141500,4.503886925795053
E07000144,Broadland,Does not apply,Does not apply,0,131700,0
E07000144,Broadland,Does not apply,Disabled under the Equality Act: Day-to-day activities limited a lot,0,131700,0
E07000144,Broadland,Does not apply,Disabled under the Equality Act: Day-to-day activities limited a little,0,131700,0
E07000144,Broadland,Does not apply,Not disabled under the Equality Act,0,131700,0
E07000144,Broadland,Straight or Heterosexual,Does not apply,0,131700,0
E07000144,Broadland,Straight or Heterosexual,Disabled under the Equality Act: Day-to-day activities limited a lot,7778,131700,5.90584662110858
E07000144,Broadland,Straight or Heterosexual,Disabled under the Equality Act: Day-to-day activities limited a little,12592,131700,9.561123766135156
E07000144,Broadland,Straight or Heterosexual,Not disabled under the Equality Act,80572,131700,61.1784358390281
E07000144,Broadland,Gay or Lesbian,Does not apply,0,131700,0
E07000144,Broadland,Gay or Lesbian,Disabled under the Equality Act: Day-to-day activities limited a lot,110,131700,0.08352315869400152
E07000144,Broadland,Gay or Lesbian,Disabled under the Equality Act: Day-to-day activities limited a little,194,131700,0.14730447987851178
E07000144,Broadland,Gay or Lesbian,Not disabled under the Equality Act,973,131700,0.738800303720577
E07000144,Broadland,Bisexual,Does not apply,0,131700,0
E07000144,Broadland,Bisexual,Disabled under the Equality Act: Day-to-day activities limited a lot,118,131700,0.08959757023538345
E07000144,Broadland,Bisexual,Disabled under the Equality Act: Day-to-day activities limited a little,257,131700,0.19514047076689445
E07000144,Broadland,Bisexual,Not disabled under the Equality Act,588,131700,0.44646924829157175
E07000144,Broadland,All other sexual orientations,Does not apply,0,131700,0
E07000144,Broadland,All other sexual orientations,Disabled under the Equality Act: Day-to-day activities limited a lot,48,131700,0.03644646924829157
E07000144,Broadland,All other sexual orientations,Disabled under the Equality Act: Day-to-day activities limited a little,55,131700,0.04176157934700076
E07000144,Broadland,All other sexual orientations,Not disabled under the Equality Act,111,131700,0.08428246013667426
E07000144,Broadland,Not answered,Does not apply,0,131700,0
E07000144,Broadland,Not answered,Disabled under the Equality Act: Day-to-day activities limited a lot,941,131700,0.7145026575550494
E07000144,Broadland,Not answered,Disabled under the Equality Act: Day-to-day activities limited a little,1016,131700,0.7714502657555049
E07000144,Broadland,Not answered,Not disabled under the Equality Act,5154,131700,3.9134396355353074
E07000145,Great Yarmouth,Does not apply,Does not apply,0,99800,0
E07000145,Great Yarmouth,Does not apply,Disabled under the Equality Act: Day-to-day activities limited a lot,0,99800,0
E07000145,Great Yarmouth,Does not apply,Disabled under the Equality Act: Day-to-day activities limited a little,0,99800,0
E07000145,Great Yarmouth,Does not apply,Not disabled under the Equality Act,0,99800,0
E07000145,Great Yarmouth,Straight or Heterosexual,Does not apply,0,99800,0
E07000145,Great Yarmouth,Straight or Heterosexual,Disabled under the Equality Act: Day-to-day activities limited a lot,8381,99800,8.397795591182364
E07000145,Great Yarmouth,Straight or Heterosexual,Disabled under the Equality Act: Day-to-day activities limited a little,10004,99800,10.024048096192384
E07000145,Great Yarmouth,Straight or Heterosexual,Not disabled under the Equality Act,55632,99800,55.743486973947896
E07000145,Great Yarmouth,Gay or Lesbian,Does not apply,0,99800,0
E07000145,Great Yarmouth,Gay or Lesbian,Disabled under the Equality Act: Day-to-day activities limited a lot,140,99800,0.1402805611222445
E07000145,Great Yarmouth,Gay or Lesbian,Disabled under the Equality Act: Day-to-day activities limited a little,193,99800,0.1933867735470942
E07000145,Great Yarmouth,Gay or Lesbian,Not disabled under the Equality Act,747,99800,0.748496993987976
E07000145,Great Yarmouth,Bisexual,Does not apply,0,99800,0
E07000145,Great Yarmouth,Bisexual,Disabled under the Equality Act: Day-to-day activities limited a lot,140,99800,0.1402805611222445
E07000145,Great Yarmouth,Bisexual,Disabled under the Equality Act: Day-to-day activities limited a little,249,99800,0.24949899799599198
E07000145,Great Yarmouth,Bisexual,Not disabled under the Equality Act,490,99800,0.4909819639278557
E07000145,Great Yarmouth,All other sexual orientations,Does not apply,0,99800,0
E07000145,Great Yarmouth,All other sexual orientations,Disabled under the Equality Act: Day-to-day activities limited a lot,48,99800,0.04809619238476954
E07000145,Great Yarmouth,All other sexual orientations,Disabled under the Equality Act: Day-to-day activities limited a little,57,99800,0.05711422845691383
E07000145,Great Yarmouth,All other sexual orientations,Not disabled under the Equality Act,188,99800,0.18837675350701402
E07000145,Great Yarmouth,Not answered,Does not apply,0,99800,0
E07000145,Great Yarmouth,Not answered,Disabled under the Equality Act: Day-to-day activities limited a lot,910,99800,0.9118236472945892
E07000145,Great Yarmouth,Not answered,Disabled under the Equality Act: Day-to-day activities limited a little,945,99800,0.9468937875751503
E07000145,Great Yarmouth,Not answered,Not disabled under the Equality Act,4595,99800,4.604208416833667
E07000146,King's Lynn and West Norfolk,Does not apply,Does not apply,0,154300,0
E07000146,King's Lynn and West Norfolk,Does not apply,Disabled under the Equality Act: Day-to-day activities limited a lot,0,154300,0
E07000146,King's Lynn and West Norfolk,Does not apply,Disabled under the Equality Act: Day-to-day activities limited a little,0,154300,0
E07000146,King's Lynn and West Norfolk,Does not apply,Not disabled under the Equality Act,0,154300,0
E07000146,King's Lynn and West Norfolk,Straight or Heterosexual,Does not apply,0,154300,0
E07000146,King's Lynn and West Norfolk,Straight or Heterosexual,Disabled under the Equality Act: Day-to-day activities limited a lot,10769,154300,6.979261179520415
E07000146,King's Lynn and West Norfolk,Straight or Heterosexual,Disabled under the Equality Act: Day-to-day activities limited a little,14995,154300,9.71808165910564
E07000146,King's Lynn and West Norfolk,Straight or Heterosexual,Not disabled under the Equality Act,90307,154300,58.52689565780946
E07000146,King's Lynn and West Norfolk,Gay or Lesbian,Does not apply,0,154300,0
E07000146,King's Lynn and West Norfolk,Gay or Lesbian,Disabled under the Equality Act: Day-to-day activities limited a lot,147,154300,0.09526895657809462
E07000146,King's Lynn and West Norfolk,Gay or Lesbian,Disabled under the Equality Act: Day-to-day activities limited a little,223,154300,0.14452365521710953
E07000146,King's Lynn and West Norfolk,Gay or Lesbian,Not disabled under the Equality Act,1055,154300,0.6837329876863253
E07000146,King's Lynn and West Norfolk,Bisexual,Does not apply,0,154300,0
E07000146,King's Lynn and West Norfolk,Bisexual,Disabled under the Equality Act: Day-to-day activities limited a lot,177,154300,0.11471160077770577
E07000146,King's Lynn and West Norfolk,Bisexual,Disabled under the Equality Act: Day-to-day activities limited a little,289,154300,0.18729747245625405
E07000146,King's Lynn and West Norfolk,Bisexual,Not disabled under the Equality Act,735,154300,0.4763447828904731
E07000146,King's Lynn and West Norfolk,All other sexual orientations,Does not apply,0,154300,0
E07000146,King's Lynn and West Norfolk,All other sexual orientations,Disabled under the Equality Act: Day-to-day activities limited a lot,46,154300,0.029812054439403757
E07000146,King's Lynn and West Norfolk,All other sexual orientations,Disabled under the Equality Act: Day-to-day activities limited a little,80,154300,0.05184705119896306
E07000146,King's Lynn and West Norfolk,All other sexual orientations,Not disabled under the Equality Act,165,154300,0.10693454309786131
E07000146,King's Lynn and West Norfolk,Not answered,Does not apply,0,154300,0
E07000146,King's Lynn and West Norfolk,Not answered,Disabled under the Equality Act: Day-to-day activities limited a lot,1344,154300,0.8710304601425793
E07000146,King's Lynn and West Norfolk,Not answered,Disabled under the Equality Act: Day-to-day activities limited a little,1315,154300,0.8522359040829552
E07000146,King's Lynn and West Norfolk,Not answered,Not disabled under the Equality Act,7245,154300,4.695398574206092
E07000147,North Norfolk,Does not apply,Does not apply,0,103000,0
E07000147,North Norfolk,Does not apply,Disabled under the Equality Act: Day-to-day activities limited a lot,0,103000,0
E07000147,North Norfolk,Does not apply,Disabled under the Equality Act: Day-to-day activities limited a little,0,103000,0
E07000147,North Norfolk,Does not apply,Not disabled under the Equality Act,0,103000,0
E07000147,North Norfolk,Straight or Heterosexual,Does not apply,0,103000,0
E07000147,North Norfolk,Straight or Heterosexual,Disabled under the Equality Act: Day-to-day activities limited a lot,7578,103000,7.3572815533980584
E07000147,North Norfolk,Straight or Heterosexual,Disabled under the Equality Act: Day-to-day activities limited a little,11671,103000,11.331067961165049
E07000147,North Norfolk,Straight or Heterosexual,Not disabled under the Equality Act,60385,103000,58.62621359223301
E07000147,North Norfolk,Gay or Lesbian,Does not apply,0,103000,0
E07000147,North Norfolk,Gay or Lesbian,Disabled under the Equality Act: Day-to-day activities limited a lot,108,103000,0.10485436893203884
E07000147,North Norfolk,Gay or Lesbian,Disabled under the Equality Act: Day-to-day activities limited a little,204,103000,0.19805825242718447
E07000147,North Norfolk,Gay or Lesbian,Not disabled under the Equality Act,869,103000,0.8436893203883495
E07000147,North Norfolk,Bisexual,Does not apply,0,103000,0
E07000147,North Norfolk,Bisexual,Disabled under the Equality Act: Day-to-day activities limited a lot,122,103000,0.11844660194174757
E07000147,North Norfolk,Bisexual,Disabled under the Equality Act: Day-to-day activities limited a little,231,103000,0.22427184466019418
E07000147,North Norfolk,Bisexual,Not disabled under the Equality Act,506,103000,0.4912621359223301
E07000147,North Norfolk,All other sexual orientations,Does not apply,0,103000,0
E07000147,North Norfolk,All other sexual orientations,Disabled under the Equality Act: Day-to-day activities limited a lot,28,103000,0.027184466019417475
E07000147,North Norfolk,All other sexual orientations,Disabled under the Equality Act: Day-to-day activities limited a little,62,103000,0.06019417475728155
E07000147,North Norfolk,All other sexual orientations,Not disabled under the Equality Act,103,103000,0.1
E07000147,North Norfolk,Not answered,Does not apply,0,103000,0
E07000147,North Norfolk,Not answered,Disabled under the Equality Act: Day-to-day activities limited a lot,1023,103000,0.9932038834951457
E07000147,North Norfolk,Not answered,Disabled under the Equality Act: Day-to-day activities limited a little,1146,103000,1.112621359223301
E07000147,North Norfolk,Not answered,Not disabled under the Equality Act,5109,103000,4.960194174757282
E07000148,Norwich,Does not apply,Does not apply,0,144000,0
E07000148,Norwich,Does not apply,Disabled under the Equality Act: Day-to-day activities limited a lot,0,144000,0
E07000148,Norwich,Does not apply,Disabled under the Equality Act: Day-to-day activities limited a little,0,144000,0
E07000148,Norwich,Does not apply,Not disabled under the Equality Act,0,144000,0
E07000148,Norwich,Straight or Heterosexual,Does not apply,0,144000,0
E07000148,Norwich,Straight or Heterosexual,Disabled under the Equality Act: Day-to-day activities limited a lot,8739,144000,6.06875
E07000148,Norwich,Straight or Heterosexual,Disabled under the Equality Act: Day-to-day activities limited a little,13499,144000,9.374305555555555
E07000148,Norwich,Straight or Heterosexual,Not disabled under the Equality Act,79239,144000,55.02708333333333
E07000148,Norwich,Gay or Lesbian,Does not apply,0,144000,0
E07000148,Norwich,Gay or Lesbian,Disabled under the Equality Act: Day-to-day activities limited a lot,292,144000,0.20277777777777778
E07000148,Norwich,Gay or Lesbian,Disabled under the Equality Act: Day-to-day activities limited a little,596,144000,0.41388888888888886
E07000148,Norwich,Gay or Lesbian,Not disabled under the Equality Act,2137,144000,1.4840277777777777
E07000148,Norwich,Bisexual,Does not apply,0,144000,0
E07000148,Norwich,Bisexual,Disabled under the Equality Act: Day-to-day activities limited a lot,512,144000,0.35555555555555557
E07000148,Norwich,Bisexual,Disabled under the Equality Act: Day-to-day activities limited a little,1366,144000,0.9486111111111111
E07000148,Norwich,Bisexual,Not disabled under the Equality Act,2822,144000,1.9597222222222221
E07000148,Norwich,All other sexual orientations,Does not apply,0,144000,0
E07000148,Norwich,All other sexual orientations,Disabled under the Equality Act: Day-to-day activities limited a lot,196,144000,0.1361111111111111
E07000148,Norwich,All other sexual orientations,Disabled under the Equality Act: Day-to-day activities limited a little,354,144000,0.24583333333333332
E07000148,Norwich,All other sexual orientations,Not disabled under the Equality Act,568,144000,0.39444444444444443
E07000148,Norwich,Not answered,Does not apply,0,144000,0
E07000148,Norwich,Not answered,Disabled under the Equality Act: Day-to-day activities limited a lot,1165,144000,0.8090277777777778
E07000148,Norwich,Not answered,Disabled under the Equality Act: Day-to-day activities limited a little,1530,144000,1.0625
E07000148,Norwich,Not answered,Not disabled under the Equality Act,7747,144000,5.379861111111111
E07000149,South Norfolk,Does not apply,Does not apply,0,141900,0
E07000149,South Norfolk,Does not apply,Disabled under the Equality Act: Day-to-day activities limited a lot,0,141900,0
E07000149,South Norfolk,Does not apply,Disabled under the Equality Act: Day-to-day activities limited a little,0,141900,0
E07000149,South Norfolk,Does not apply,Not disabled under the Equality Act,0,141900,0
E07000149,South Norfolk,Straight or Heterosexual,Does not apply,0,141900,0
E07000149,South Norfolk,Straight or Heterosexual,Disabled under the Equality Act: Day-to-day activities limited a lot,7772,141900,5.477096546863989
E07000149,South Norfolk,Straight or Heterosexual,Disabled under the Equality Act: Day-to-day activities limited a little,12917,141900,9.102889358703312
E07000149,South Norfolk,Straight or Heterosexual,Not disabled under the Equality Act,85967,141900,60.58280479210712
E07000149,South Norfolk,Gay or Lesbian,Does not apply,0,141900,0
E07000149,South Norfolk,Gay or Lesbian,Disabled under the Equality Act: Day-to-day activities limited a lot,126,141900,0.08879492600422834
E07000149,South Norfolk,Gay or Lesbian,Disabled under the Equality Act: Day-to-day activities limited a little,229,141900,0.1613812544045102
E07000149,South Norfolk,Gay or Lesbian,Not disabled under the Equality Act,1095,141900,0.7716701902748414
E07000149,South Norfolk,Bisexual,Does not apply,0,141900,0
E07000149,South Norfolk,Bisexual,Disabled under the Equality Act: Day-to-day activities limited a lot,138,141900,0.09725158562367865
E07000149,South Norfolk,Bisexual,Disabled under the Equality Act: Day-to-day activities limited a little,318,141900,0.22410147991543342
E07000149,South Norfolk,Bisexual,Not disabled under the Equality Act,718,141900,0.5059901338971107
E07000149,South Norfolk,All other sexual orientations,Does not apply,0,141900,0
E07000149,South Norfolk,All other sexual orientations,Disabled under the Equality Act: Day-to-day activities limited a lot,44,141900,0.031007751937984496
E07000149,South Norfolk,All other sexual orientations,Disabled under the Equality Act: Day-to-day activities limited a little,70,141900,0.04933051444679352
E07000149,South Norfolk,All other sexual orientations,Not disabled under the Equality Act,139,141900,0.09795630725863284
E07000149,South Norfolk,Not answered,Does not apply,0,141900,0
E07000149,South Norfolk,Not answered,Disabled under the Equality Act: Day-to-day activities limited a lot,985,141900,0.6941508104298802
E07000149,South Norfolk,Not answered,Disabled under the Equality Act: Day-to-day activities limited a little,1044,141900,0.7357293868921776
E07000149,South Norfolk,Not answered,Not disabled under the Equality Act,5658,141900,3.9873150105708244
E07000163,Craven,Does not apply,Does not apply,0,56900,0
E07000163,Craven,Does not apply,Disabled under the Equality Act: Day-to-day activities limited a lot,0,56900,0
E07000163,Craven,Does not apply,Disabled under the Equality Act: Day-to-day activities limited a little,0,56900,0
E07000163,Craven,Does not apply,Not disabled under the Equality Act,0,56900,0
E07000163,Craven,Straight or Heterosexual,Does not apply,0,56900,0
E07000163,Craven,Straight or Heterosexual,Disabled under the Equality Act: Day-to-day activities limited a lot,2926,56900,5.142355008787346
E07000163,Craven,Straight or Heterosexual,Disabled under the Equality Act: Day-to-day activities limited a little,5181,56900,9.105448154657294
E07000163,Craven,Straight or Heterosexual,Not disabled under the Equality Act,35974,56900,63.2231985940246
E07000163,Craven,Gay or Lesbian,Does not apply,0,56900,0
E07000163,Craven,Gay or Lesbian,Disabled under the Equality Act: Day-to-day activities limited a lot,43,56900,0.07557117750439367
E07000163,Craven,Gay or Lesbian,Disabled under the Equality Act: Day-to-day activities limited a little,63,56900,0.11072056239015818
E07000163,Craven,Gay or Lesbian,Not disabled under the Equality Act,426,56900,0.7486818980667839
E07000163,Craven,Bisexual,Does not apply,0,56900,0
E07000163,Craven,Bisexual,Disabled under the Equality Act: Day-to-day activities limited a lot,46,56900,0.08084358523725835
E07000163,Craven,Bisexual,Disabled under the Equality Act: Day-to-day activities limited a little,98,56900,0.17223198594024605
E07000163,Craven,Bisexual,Not disabled under the Equality Act,260,56900,0.45694200351493847
E07000163,Craven,All other sexual orientations,Does not apply,0,56900,0
E07000163,Craven,All other sexual orientations,Disabled under the Equality Act: Day-to-day activities limited a lot,14,56900,0.02460456942003515
E07000163,Craven,All other sexual orientations,Disabled under the Equality Act: Day-to-day activities limited a little,34,56900,0.05975395430579965
E07000163,Craven,All other sexual orientations,Not disabled under the Equality Act,48,56900,0.0843585237258348
E07000163,Craven,Not answered,Does not apply,0,56900,0
E07000163,Craven,Not answered,Disabled under the Equality Act: Day-to-day activities limited a lot,379,56900,0.6660808435852372
E07000163,Craven,Not answered,Disabled under the Equality Act: Day-to-day activities limited a little,438,56900,0.7697715289982425
E07000163,Craven,Not answered,Not disabled under the Equality Act,2356,56900,4.140597539543058
E07000164,Hambleton,Does not apply,Does not apply,0,90700,0
E07000164,Hambleton,Does not apply,Disabled under the Equality Act: Day-to-day activities limited a lot,0,90700,0
E07000164,Hambleton,Does not apply,Disabled under the Equality Act: Day-to-day activities limited a little,0,90700,0
E07000164,Hambleton,Does not apply,Not disabled under the Equality Act,0,90700,0
E07000164,Hambleton,Straight or Heterosexual,Does not apply,0,90700,0
E07000164,Hambleton,Straight or Heterosexual,Disabled under the Equality Act: Day-to-day activities limited a lot,4968,90700,5.477398015435502
E07000164,Hambleton,Straight or Heterosexual,Disabled under the Equality Act: Day-to-day activities limited a little,8308,90700,9.159867695700111
E07000164,Hambleton,Straight or Heterosexual,Not disabled under the Equality Act,57543,90700,63.44321940463065
E07000164,Hambleton,Gay or Lesbian,Does not apply,0,90700,0
E07000164,Hambleton,Gay or Lesbian,Disabled under the Equality Act: Day-to-day activities limited a lot,49,90700,0.05402425578831312
E07000164,Hambleton,Gay or Lesbian,Disabled under the Equality Act: Day-to-day activities limited a little,87,90700,0.09592061742006615
E07000164,Hambleton,Gay or Lesbian,Not disabled under the Equality Act,564,90700,0.6218302094818081
E07000164,Hambleton,Bisexual,Does not apply,0,90700,0
E07000164,Hambleton,Bisexual,Disabled under the Equality Act: Day-to-day activities limited a lot,47,90700,0.05181918412348401
E07000164,Hambleton,Bisexual,Disabled under the Equality Act: Day-to-day activities limited a little,123,90700,0.13561190738699008
E07000164,Hambleton,Bisexual,Not disabled under the Equality Act,380,90700,0.4189636163175303
E07000164,Hambleton,All other sexual orientations,Does not apply,0,90700,0
E07000164,Hambleton,All other sexual orientations,Disabled under the Equality Act: Day-to-day activities limited a lot,19,90700,0.020948180815876516
E07000164,Hambleton,All other sexual orientations,Disabled under the Equality Act: Day-to-day activities limited a little,37,90700,0.040793825799338476
E07000164,Hambleton,All other sexual orientations,Not disabled under the Equality Act,66,90700,0.07276736493936053
E07000164,Hambleton,Not answered,Does not apply,0,90700,0
E07000164,Hambleton,Not answered,Disabled under the Equality Act: Day-to-day activities limited a lot,560,90700,0.61742006615215
E07000164,Hambleton,Not answered,Disabled under the Equality Act: Day-to-day activities limited a little,626,90700,0.6901874310915105
E07000164,Hambleton,Not answered,Not disabled under the Equality Act,3608,90700,3.977949283351709
E07000165,Harrogate,Does not apply,Does not apply,0,162700,0
E07000165,Harrogate,Does not apply,Disabled under the Equality Act: Day-to-day activities limited a lot,0,162700,0
E07000165,Harrogate,Does not apply,Disabled under the Equality Act: Day-to-day activities limited a little,0,162700,0
E07000165,Harrogate,Does not apply,Not disabled under the Equality Act,0,162700,0
E07000165,Harrogate,Straight or Heterosexual,Does not apply,0,162700,0
E07000165,Harrogate,Straight or Heterosexual,Disabled under the Equality Act: Day-to-day activities limited a lot,7749,162700,4.762753534111862
E07000165,Harrogate,Straight or Heterosexual,Disabled under the Equality Act: Day-to-day activities limited a little,13548,162700,8.326982175783652
E07000165,Harrogate,Straight or Heterosexual,Not disabled under the Equality Act,101646,162700,62.474492931776275
E07000165,Harrogate,Gay or Lesbian,Does not apply,0,162700,0
E07000165,Harrogate,Gay or Lesbian,Disabled under the Equality Act: Day-to-day activities limited a lot,83,162700,0.051014136447449294
E07000165,Harrogate,Gay or Lesbian,Disabled under the Equality Act: Day-to-day activities limited a little,255,162700,0.15673017824216348
E07000165,Harrogate,Gay or Lesbian,Not disabled under the Equality Act,1193,162700,0.7332513829133375
E07000165,Harrogate,Bisexual,Does not apply,0,162700,0
E07000165,Harrogate,Bisexual,Disabled under the Equality Act: Day-to-day activities limited a lot,119,162700,0.07314074984634296
E07000165,Harrogate,Bisexual,Disabled under the Equality Act: Day-to-day activities limited a little,288,162700,0.17701290719114934
E07000165,Harrogate,Bisexual,Not disabled under the Equality Act,749,162700,0.4603564843269822
E07000165,Harrogate,All other sexual orientations,Does not apply,0,162700,0
E07000165,Harrogate,All other sexual orientations,Disabled under the Equality Act: Day-to-day activities limited a lot,38,162700,0.023355869698832205
E07000165,Harrogate,All other sexual orientations,Disabled under the Equality Act: Day-to-day activities limited a little,90,162700,0.05531653349723417
E07000165,Harrogate,All other sexual orientations,Not disabled under the Equality Act,171,162700,0.10510141364474493
E07000165,Harrogate,Not answered,Does not apply,0,162700,0
E07000165,Harrogate,Not answered,Disabled under the Equality Act: Day-to-day activities limited a lot,1168,162700,0.7178856791641057
E07000165,Harrogate,Not answered,Disabled under the Equality Act: Day-to-day activities limited a little,1067,162700,0.6558082360172096
E07000165,Harrogate,Not answered,Not disabled under the Equality Act,7141,162700,4.389059618930547
E07000166,Richmondshire,Does not apply,Does not apply,0,49700,0
E07000166,Richmondshire,Does not apply,Disabled under the Equality Act: Day-to-day activities limited a lot,0,49700,0
E07000166,Richmondshire,Does not apply,Disabled under the Equality Act: Day-to-day activities limited a little,0,49700,0
E07000166,Richmondshire,Does not apply,Not disabled under the Equality Act,0,49700,0
E07000166,Richmondshire,Straight or Heterosexual,Does not apply,0,49700,0
E07000166,Richmondshire,Straight or Heterosexual,Disabled under the Equality Act: Day-to-day activities limited a lot,2518,49700,5.066398390342052
E07000166,Richmondshire,Straight or Heterosexual,Disabled under the Equality Act: Day-to-day activities limited a little,4252,49700,8.55533199195171
E07000166,Richmondshire,Straight or Heterosexual,Not disabled under the Equality Act,31650,49700,63.68209255533199
E07000166,Richmondshire,Gay or Lesbian,Does not apply,0,49700,0
E07000166,Richmondshire,Gay or Lesbian,Disabled under the Equality Act: Day-to-day activities limited a lot,26,49700,0.052313883299798795
E07000166,Richmondshire,Gay or Lesbian,Disabled under the Equality Act: Day-to-day activities limited a little,51,49700,0.10261569416498995
E07000166,Richmondshire,Gay or Lesbian,Not disabled under the Equality Act,373,49700,0.7505030181086519
E07000166,Richmondshire,Bisexual,Does not apply,0,49700,0
E07000166,Richmondshire,Bisexual,Disabled under the Equality Act: Day-to-day activities limited a lot,44,49700,0.08853118712273642
E07000166,Richmondshire,Bisexual,Disabled under the Equality Act: Day-to-day activities limited a little,73,49700,0.14688128772635814
E07000166,Richmondshire,Bisexual,Not disabled under the Equality Act,249,49700,0.5010060362173038
E07000166,Richmondshire,All other sexual orientations,Does not apply,0,49700,0
E07000166,Richmondshire,All other sexual orientations,Disabled under the Equality Act: Day-to-day activities limited a lot,12,49700,0.02414486921529175
E07000166,Richmondshire,All other sexual orientations,Disabled under the Equality Act: Day-to-day activities limited a little,17,49700,0.03420523138832998
E07000166,Richmondshire,All other sexual orientations,Not disabled under the Equality Act,40,49700,0.08048289738430583
E07000166,Richmondshire,Not answered,Does not apply,0,49700,0
E07000166,Richmondshire,Not answered,Disabled under the Equality Act: Day-to-day activities limited a lot,301,49700,0.6056338028169014
E07000166,Richmondshire,Not answered,Disabled under the Equality Act: Day-to-day activities limited a little,288,49700,0.579476861167002
E07000166,Richmondshire,Not answered,Not disabled under the Equality Act,1849,49700,3.7203219315895373
E07000167,Ryedale,Does not apply,Does not apply,0,54700,0
E07000167,Ryedale,Does not apply,Disabled under the Equality Act: Day-to-day activities limited a lot,0,54700,0
E07000167,Ryedale,Does not apply,Disabled under the Equality Act: Day-to-day activities limited a little,0,54700,0
E07000167,Ryedale,Does not apply,Not disabled under the Equality Act,0,54700,0
E07000167,Ryedale,Straight or Heterosexual,Does not apply,0,54700,0
E07000167,Ryedale,Straight or Heterosexual,Disabled under the Equality Act: Day-to-day activities limited a lot,3013,54700,5.508226691042047
E07000167,Ryedale,Straight or Heterosexual,Disabled under the Equality Act: Day-to-day activities limited a little,5132,54700,9.382084095063986
E07000167,Ryedale,Straight or Heterosexual,Not disabled under the Equality Act,34021,54700,62.19561243144424
E07000167,Ryedale,Gay or Lesbian,Does not apply,0,54700,0
E07000167,Ryedale,Gay or Lesbian,Disabled under the Equality Act: Day-to-day activities limited a lot,36,54700,0.06581352833638025
E07000167,Ryedale,Gay or Lesbian,Disabled under the Equality Act: Day-to-day activities limited a little,58,54700,0.10603290676416818
E07000167,Ryedale,Gay or Lesbian,Not disabled under the Equality Act,366,54700,0.6691042047531993
E07000167,Ryedale,Bisexual,Does not apply,0,54700,0
E07000167,Ryedale,Bisexual,Disabled under the Equality Act: Day-to-day activities limited a lot,26,54700,0.04753199268738574
E07000167,Ryedale,Bisexual,Disabled under the Equality Act: Day-to-day activities limited a little,88,54700,0.16087751371115175
E07000167,Ryedale,Bisexual,Not disabled under the Equality Act,263,54700,0.48080438756855576
E07000167,Ryedale,All other sexual orientations,Does not apply,0,54700,0
E07000167,Ryedale,All other sexual orientations,Disabled under the Equality Act: Day-to-day activities limited a lot,10,54700,0.018281535648994516
E07000167,Ryedale,All other sexual orientations,Disabled under the Equality Act: Day-to-day activities limited a little,15,54700,0.027422303473491772
E07000167,Ryedale,All other sexual orientations,Not disabled under the Equality Act,55,54700,0.10054844606946983
E07000167,Ryedale,Not answered,Does not apply,0,54700,0
E07000167,Ryedale,Not answered,Disabled under the Equality Act: Day-to-day activities limited a lot,352,54700,0.643510054844607
E07000167,Ryedale,Not answered,Disabled under the Equality Act: Day-to-day activities limited a little,416,54700,0.7605118829981719
E07000167,Ryedale,Not answered,Not disabled under the Equality Act,2473,54700,4.521023765996343
E07000168,Scarborough,Does not apply,Does not apply,0,108800,0
E07000168,Scarborough,Does not apply,Disabled under the Equality Act: Day-to-day activities limited a lot,0,108800,0
E07000168,Scarborough,Does not apply,Disabled under the Equality Act: Day-to-day activities limited a little,0,108800,0
E07000168,Scarborough,Does not apply,Not disabled under the Equality Act,0,108800,0
E07000168,Scarborough,Straight or Heterosexual,Does not apply,0,108800,0
E07000168,Scarborough,Straight or Heterosexual,Disabled under the Equality Act: Day-to-day activities limited a lot,8508,108800,7.819852941176471
E07000168,Scarborough,Straight or Heterosexual,Disabled under the Equality Act: Day-to-day activities limited a little,11445,108800,10.519301470588236
E07000168,Scarborough,Straight or Heterosexual,Not disabled under the Equality Act,62972,108800,57.87867647058823
E07000168,Scarborough,Gay or Lesbian,Does not apply,0,108800,0
E07000168,Scarborough,Gay or Lesbian,Disabled under the Equality Act: Day-to-day activities limited a lot,131,108800,0.12040441176470588
E07000168,Scarborough,Gay or Lesbian,Disabled under the Equality Act: Day-to-day activities limited a little,204,108800,0.1875
E07000168,Scarborough,Gay or Lesbian,Not disabled under the Equality Act,963,108800,0.8851102941176471
E07000168,Scarborough,Bisexual,Does not apply,0,108800,0
E07000168,Scarborough,Bisexual,Disabled under the Equality Act: Day-to-day activities limited a lot,143,108800,0.13143382352941177
E07000168,Scarborough,Bisexual,Disabled under the Equality Act: Day-to-day activities limited a little,257,108800,0.23621323529411764
E07000168,Scarborough,Bisexual,Not disabled under the Equality Act,562,108800,0.5165441176470589
E07000168,Scarborough,All other sexual orientations,Does not apply,0,108800,0
E07000168,Scarborough,All other sexual orientations,Disabled under the Equality Act: Day-to-day activities limited a lot,56,108800,0.051470588235294115
E07000168,Scarborough,All other sexual orientations,Disabled under the Equality Act: Day-to-day activities limited a little,65,108800,0.05974264705882353
E07000168,Scarborough,All other sexual orientations,Not disabled under the Equality Act,133,108800,0.12224264705882353
E07000168,Scarborough,Not answered,Does not apply,0,108800,0
E07000168,Scarborough,Not answered,Disabled under the Equality Act: Day-to-day activities limited a lot,1008,108800,0.9264705882352942
E07000168,Scarborough,Not answered,Disabled under the Equality Act: Day-to-day activities limited a little,1000,108800,0.9191176470588235
E07000168,Scarborough,Not answered,Not disabled under the Equality Act,4663,108800,4.285845588235294
E07000169,Selby,Does not apply,Does not apply,0,92000,0
E07000169,Selby,Does not apply,Disabled under the Equality Act: Day-to-day activities limited a lot,0,92000,0
E07000169,Selby,Does not apply,Disabled under the Equality Act: Day-to-day activities limited a little,0,92000,0
E07000169,Selby,Does not apply,Not disabled under the Equality Act,0,92000,0
E07000169,Selby,Straight or Heterosexual,Does not apply,0,92000,0
E07000169,Selby,Straight or Heterosexual,Disabled under the Equality Act: Day-to-day activities limited a lot,4745,92000,5.157608695652174
E07000169,Selby,Straight or Heterosexual,Disabled under the Equality Act: Day-to-day activities limited a little,7745,92000,8.418478260869565
E07000169,Selby,Straight or Heterosexual,Not disabled under the Equality Act,57020,92000,61.97826086956522
E07000169,Selby,Gay or Lesbian,Does not apply,0,92000,0
E07000169,Selby,Gay or Lesbian,Disabled under the Equality Act: Day-to-day activities limited a lot,54,92000,0.058695652173913045
E07000169,Selby,Gay or Lesbian,Disabled under the Equality Act: Day-to-day activities limited a little,108,92000,0.11739130434782609
E07000169,Selby,Gay or Lesbian,Not disabled under the Equality Act,639,92000,0.6945652173913044
E07000169,Selby,Bisexual,Does not apply,0,92000,0
E07000169,Selby,Bisexual,Disabled under the Equality Act: Day-to-day activities limited a lot,71,92000,0.07717391304347826
E07000169,Selby,Bisexual,Disabled under the Equality Act: Day-to-day activities limited a little,162,92000,0.17608695652173914
E07000169,Selby,Bisexual,Not disabled under the Equality Act,410,92000,0.44565217391304346
E07000169,Selby,All other sexual orientations,Does not apply,0,92000,0
E07000169,Selby,All other sexual orientations,Disabled under the Equality Act: Day-to-day activities limited a lot,31,92000,0.03369565217391304
E07000169,Selby,All other sexual orientations,Disabled under the Equality Act: Day-to-day activities limited a little,34,92000,0.036956521739130437
E07000169,Selby,All other sexual orientations,Not disabled under the Equality Act,74,92000,0.08043478260869565
E07000169,Selby,Not answered,Does not apply,0,92000,0
E07000169,Selby,Not answered,Disabled under the Equality Act: Day-to-day activities limited a lot,506,92000,0.55
E07000169,Selby,Not answered,Disabled under the Equality Act: Day-to-day activities limited a little,578,92000,0.6282608695652174
E07000169,Selby,Not answered,Not disabled under the Equality Act,3255,92000,3.5380434782608696
E07000170,Ashfield,Does not apply,Does not apply,0,126300,0
E07000170,Ashfield,Does not apply,Disabled under the Equality Act: Day-to-day activities limited a lot,0,126300,0
E07000170,Ashfield,Does not apply,Disabled under the Equality Act: Day-to-day activities limited a little,0,126300,0
E07000170,Ashfield,Does not apply,Not disabled under the Equality Act,0,126300,0
E07000170,Ashfield,Straight or Heterosexual,Does not apply,0,126300,0
E07000170,Ashfield,Straight or Heterosexual,Disabled under the Equality Act: Day-to-day activities limited a lot,10553,126300,8.355502771179731
E07000170,Ashfield,Straight or Heterosexual,Disabled under the Equality Act: Day-to-day activities limited a little,12326,126300,9.759303246239114
E07000170,Ashfield,Straight or Heterosexual,Not disabled under the Equality Act,70362,126300,55.71021377672209
E07000170,Ashfield,Gay or Lesbian,Does not apply,0,126300,0
E07000170,Ashfield,Gay or Lesbian,Disabled under the Equality Act: Day-to-day activities limited a lot,162,126300,0.12826603325415678
E07000170,Ashfield,Gay or Lesbian,Disabled under the Equality Act: Day-to-day activities limited a little,245,126300,0.19398258115597783
E07000170,Ashfield,Gay or Lesbian,Not disabled under the Equality Act,1043,126300,0.8258115597783057
E07000170,Ashfield,Bisexual,Does not apply,0,126300,0
E07000170,Ashfield,Bisexual,Disabled under the Equality Act: Day-to-day activities limited a lot,139,126300,0.110055423594616
E07000170,Ashfield,Bisexual,Disabled under the Equality Act: Day-to-day activities limited a little,259,126300,0.20506730007917656
E07000170,Ashfield,Bisexual,Not disabled under the Equality Act,589,126300,0.4663499604117181
E07000170,Ashfield,All other sexual orientations,Does not apply,0,126300,0
E07000170,Ashfield,All other sexual orientations,Disabled under the Equality Act: Day-to-day activities limited a lot,41,126300,0.03246239113222486
E07000170,Ashfield,All other sexual orientations,Disabled under the Equality Act: Day-to-day activities limited a little,54,126300,0.04275534441805225
E07000170,Ashfield,All other sexual orientations,Not disabled under the Equality Act,108,126300,0.0855106888361045
E07000170,Ashfield,Not answered,Does not apply,0,126300,0
E07000170,Ashfield,Not answered,Disabled under the Equality Act: Day-to-day activities limited a lot,1092,126300,0.8646080760095012
E07000170,Ashfield,Not answered,Disabled under the Equality Act: Day-to-day activities limited a little,1027,126300,0.8131433095803642
E07000170,Ashfield,Not answered,Not disabled under the Equality Act,4845,126300,3.836104513064133
E07000171,Bassetlaw,Does not apply,Does not apply,0,117800,0
E07000171,Bassetlaw,Does not apply,Disabled under the Equality Act: Day-to-day activities limited a lot,0,117800,0
E07000171,Bassetlaw,Does not apply,Disabled under the Equality Act: Day-to-day activities limited a little,0,117800,0
E07000171,Bassetlaw,Does not apply,Not disabled under the Equality Act,0,117800,0
E07000171,Bassetlaw,Straight or Heterosexual,Does not apply,0,117800,0
E07000171,Bassetlaw,Straight or Heterosexual,Disabled under the Equality Act: Day-to-day activities limited a lot,8942,117800,7.590831918505942
E07000171,Bassetlaw,Straight or Heterosexual,Disabled under the Equality Act: Day-to-day activities limited a little,11218,117800,9.522920203735143
E07000171,Bassetlaw,Straight or Heterosexual,Not disabled under the Equality Act,68809,117800,58.411714770797964
E07000171,Bassetlaw,Gay or Lesbian,Does not apply,0,117800,0
E07000171,Bassetlaw,Gay or Lesbian,Disabled under the Equality Act: Day-to-day activities limited a lot,106,117800,0.0899830220713073
E07000171,Bassetlaw,Gay or Lesbian,Disabled under the Equality Act: Day-to-day activities limited a little,202,117800,0.17147707979626486
E07000171,Bassetlaw,Gay or Lesbian,Not disabled under the Equality Act,810,117800,0.6876061120543294
E07000171,Bassetlaw,Bisexual,Does not apply,0,117800,0
E07000171,Bassetlaw,Bisexual,Disabled under the Equality Act: Day-to-day activities limited a lot,110,117800,0.0933786078098472
E07000171,Bassetlaw,Bisexual,Disabled under the Equality Act: Day-to-day activities limited a little,186,117800,0.15789473684210525
E07000171,Bassetlaw,Bisexual,Not disabled under the Equality Act,483,117800,0.4100169779286927
E07000171,Bassetlaw,All other sexual orientations,Does not apply,0,117800,0
E07000171,Bassetlaw,All other sexual orientations,Disabled under the Equality Act: Day-to-day activities limited a lot,26,117800,0.022071307300509338
E07000171,Bassetlaw,All other sexual orientations,Disabled under the Equality Act: Day-to-day activities limited a little,47,117800,0.039898132427843805
E07000171,Bassetlaw,All other sexual orientations,Not disabled under the Equality Act,114,117800,0.0967741935483871
E07000171,Bassetlaw,Not answered,Does not apply,0,117800,0
E07000171,Bassetlaw,Not answered,Disabled under the Equality Act: Day-to-day activities limited a lot,1034,117800,0.8777589134125636
E07000171,Bassetlaw,Not answered,Disabled under the Equality Act: Day-to-day activities limited a little,884,117800,0.7504244482173175
E07000171,Bassetlaw,Not answered,Not disabled under the Equality Act,4396,117800,3.731748726655348
E07000172,Broxtowe,Does not apply,Does not apply,0,110900,0
E07000172,Broxtowe,Does not apply,Disabled under the Equality Act: Day-to-day activities limited a lot,0,110900,0
E07000172,Broxtowe,Does not apply,Disabled under the Equality Act: Day-to-day activities limited a little,0,110900,0
E07000172,Broxtowe,Does not apply,Not disabled under the Equality Act,0,110900,0
E07000172,Broxtowe,Straight or Heterosexual,Does not apply,0,110900,0
E07000172,Broxtowe,Straight or Heterosexual,Disabled under the Equality Act: Day-to-day activities limited a lot,6883,110900,6.206492335437331
E07000172,Broxtowe,Straight or Heterosexual,Disabled under the Equality Act: Day-to-day activities limited a little,10266,110900,9.256988277727682
E07000172,Broxtowe,Straight or Heterosexual,Not disabled under the Equality Act,66308,110900,59.790802524797115
E07000172,Broxtowe,Gay or Lesbian,Does not apply,0,110900,0
E07000172,Broxtowe,Gay or Lesbian,Disabled under the Equality Act: Day-to-day activities limited a lot,105,110900,0.09467989179440937
E07000172,Broxtowe,Gay or Lesbian,Disabled under the Equality Act: Day-to-day activities limited a little,197,110900,0.1776375112714157
E07000172,Broxtowe,Gay or Lesbian,Not disabled under the Equality Act,956,110900,0.8620378719567178
E07000172,Broxtowe,Bisexual,Does not apply,0,110900,0
E07000172,Broxtowe,Bisexual,Disabled under the Equality Act: Day-to-day activities limited a lot,135,110900,0.12173128944995491
E07000172,Broxtowe,Bisexual,Disabled under the Equality Act: Day-to-day activities limited a little,375,110900,0.3381424706943192
E07000172,Broxtowe,Bisexual,Not disabled under the Equality Act,838,110900,0.7556357078449053
E07000172,Broxtowe,All other sexual orientations,Does not apply,0,110900,0
E07000172,Broxtowe,All other sexual orientations,Disabled under the Equality Act: Day-to-day activities limited a lot,47,110900,0.04238052299368801
E07000172,Broxtowe,All other sexual orientations,Disabled under the Equality Act: Day-to-day activities limited a little,85,110900,0.07664562669071236
E07000172,Broxtowe,All other sexual orientations,Not disabled under the Equality Act,179,110900,0.16140667267808836
E07000172,Broxtowe,Not answered,Does not apply,0,110900,0
E07000172,Broxtowe,Not answered,Disabled under the Equality Act: Day-to-day activities limited a lot,871,110900,0.7853922452660054
E07000172,Broxtowe,Not answered,Disabled under the Equality Act: Day-to-day activities limited a little,839,110900,0.7565374211000901
E07000172,Broxtowe,Not answered,Not disabled under the Equality Act,4456,110900,4.018034265103697
E07000173,Gedling,Does not apply,Does not apply,0,117300,0
E07000173,Gedling,Does not apply,Disabled under the Equality Act: Day-to-day activities limited a lot,0,117300,0
E07000173,Gedling,Does not apply,Disabled under the Equality Act: Day-to-day activities limited a little,0,117300,0
E07000173,Gedling,Does not apply,Not disabled under the Equality Act,0,117300,0
E07000173,Gedling,Straight or Heterosexual,Does not apply,0,117300,0
E07000173,Gedling,Straight or Heterosexual,Disabled under the Equality Act: Day-to-day activities limited a lot,7621,117300,6.497016197783461
E07000173,Gedling,Straight or Heterosexual,Disabled under the Equality Act: Day-to-day activities limited a little,10584,117300,9.023017902813299
E07000173,Gedling,Straight or Heterosexual,Not disabled under the Equality Act,69728,117300,59.44416027280477
E07000173,Gedling,Gay or Lesbian,Does not apply,0,117300,0
E07000173,Gedling,Gay or Lesbian,Disabled under the Equality Act: Day-to-day activities limited a lot,110,117300,0.0937766410912191
E07000173,Gedling,Gay or Lesbian,Disabled under the Equality Act: Day-to-day activities limited a little,216,117300,0.18414322250639387
E07000173,Gedling,Gay or Lesbian,Not disabled under the Equality Act,1056,117300,0.9002557544757033
E07000173,Gedling,Bisexual,Does not apply,0,117300,0
E07000173,Gedling,Bisexual,Disabled under the Equality Act: Day-to-day activities limited a lot,117,117300,0.09974424552429667
E07000173,Gedling,Bisexual,Disabled under the Equality Act: Day-to-day activities limited a little,247,117300,0.21057118499573743
E07000173,Gedling,Bisexual,Not disabled under the Equality Act,631,117300,0.5379369138959932
E07000173,Gedling,All other sexual orientations,Does not apply,0,117300,0
E07000173,Gedling,All other sexual orientations,Disabled under the Equality Act: Day-to-day activities limited a lot,41,117300,0.03495311167945439
E07000173,Gedling,All other sexual orientations,Disabled under the Equality Act: Day-to-day activities limited a little,65,117300,0.05541346973572037
E07000173,Gedling,All other sexual orientations,Not disabled under the Equality Act,120,117300,0.10230179028132992
E07000173,Gedling,Not answered,Does not apply,0,117300,0
E07000173,Gedling,Not answered,Disabled under the Equality Act: Day-to-day activities limited a lot,777,117300,0.6624040920716112
E07000173,Gedling,Not answered,Disabled under the Equality Act: Day-to-day activities limited a little,830,117300,0.7075873827791986
E07000173,Gedling,Not answered,Not disabled under the Equality Act,4316,117300,3.679454390451833
E07000174,Mansfield,Does not apply,Does not apply,0,110500,0
E07000174,Mansfield,Does not apply,Disabled under the Equality Act: Day-to-day activities limited a lot,0,110500,0
E07000174,Mansfield,Does not apply,Disabled under the Equality Act: Day-to-day activities limited a little,0,110500,0
E07000174,Mansfield,Does not apply,Not disabled under the Equality Act,0,110500,0
E07000174,Mansfield,Straight or Heterosexual,Does not apply,0,110500,0
E07000174,Mansfield,Straight or Heterosexual,Disabled under the Equality Act: Day-to-day activities limited a lot,9509,110500,8.605429864253393
E07000174,Mansfield,Straight or Heterosexual,Disabled under the Equality Act: Day-to-day activities limited a little,10757,110500,9.734841628959275
E07000174,Mansfield,Straight or Heterosexual,Not disabled under the Equality Act,61705,110500,55.841628959276015
E07000174,Mansfield,Gay or Lesbian,Does not apply,0,110500,0
E07000174,Mansfield,Gay or Lesbian,Disabled under the Equality Act: Day-to-day activities limited a lot,144,110500,0.13031674208144797
E07000174,Mansfield,Gay or Lesbian,Disabled under the Equality Act: Day-to-day activities limited a little,200,110500,0.18099547511312217
E07000174,Mansfield,Gay or Lesbian,Not disabled under the Equality Act,865,110500,0.7828054298642534
E07000174,Mansfield,Bisexual,Does not apply,0,110500,0
E07000174,Mansfield,Bisexual,Disabled under the Equality Act: Day-to-day activities limited a lot,123,110500,0.11131221719457013
E07000174,Mansfield,Bisexual,Disabled under the Equality Act: Day-to-day activities limited a little,249,110500,0.2253393665158371
E07000174,Mansfield,Bisexual,Not disabled under the Equality Act,598,110500,0.5411764705882353
E07000174,Mansfield,All other sexual orientations,Does not apply,0,110500,0
E07000174,Mansfield,All other sexual orientations,Disabled under the Equality Act: Day-to-day activities limited a lot,32,110500,0.02895927601809955
E07000174,Mansfield,All other sexual orientations,Disabled under the Equality Act: Day-to-day activities limited a little,54,110500,0.048868778280542986
E07000174,Mansfield,All other sexual orientations,Not disabled under the Equality Act,138,110500,0.1248868778280543
E07000174,Mansfield,Not answered,Does not apply,0,110500,0
E07000174,Mansfield,Not answered,Disabled under the Equality Act: Day-to-day activities limited a lot,906,110500,0.8199095022624434
E07000174,Mansfield,Not answered,Disabled under the Equality Act: Day-to-day activities limited a little,792,110500,0.7167420814479638
E07000174,Mansfield,Not answered,Not disabled under the Equality Act,4096,110500,3.7067873303167422
E07000175,Newark and Sherwood,Does not apply,Does not apply,0,122900,0
E07000175,Newark and Sherwood,Does not apply,Disabled under the Equality Act: Day-to-day activities limited a lot,0,122900,0
E07000175,Newark and Sherwood,Does not apply,Disabled under the Equality Act: Day-to-day activities limited a little,0,122900,0
E07000175,Newark and Sherwood,Does not apply,Not disabled under the Equality Act,0,122900,0
E07000175,Newark and Sherwood,Straight or Heterosexual,Does not apply,0,122900,0
E07000175,Newark and Sherwood,Straight or Heterosexual,Disabled under the Equality Act: Day-to-day activities limited a lot,8611,122900,7.006509357200977
E07000175,Newark and Sherwood,Straight or Heterosexual,Disabled under the Equality Act: Day-to-day activities limited a little,11661,122900,9.48820179007323
E07000175,Newark and Sherwood,Straight or Heterosexual,Not disabled under the Equality Act,72572,122900,59.04963384865744
E07000175,Newark and Sherwood,Gay or Lesbian,Does not apply,0,122900,0
E07000175,Newark and Sherwood,Gay or Lesbian,Disabled under the Equality Act: Day-to-day activities limited a lot,133,122900,0.10821806346623271
E07000175,Newark and Sherwood,Gay or Lesbian,Disabled under the Equality Act: Day-to-day activities limited a little,190,122900,0.15459723352318958
E07000175,Newark and Sherwood,Gay or Lesbian,Not disabled under the Equality Act,1007,122900,0.8193653376729048
E07000175,Newark and Sherwood,Bisexual,Does not apply,0,122900,0
E07000175,Newark and Sherwood,Bisexual,Disabled under the Equality Act: Day-to-day activities limited a lot,133,122900,0.10821806346623271
E07000175,Newark and Sherwood,Bisexual,Disabled under the Equality Act: Day-to-day activities limited a little,251,122900,0.20423108218063465
E07000175,Newark and Sherwood,Bisexual,Not disabled under the Equality Act,655,122900,0.532953620829943
E07000175,Newark and Sherwood,All other sexual orientations,Does not apply,0,122900,0
E07000175,Newark and Sherwood,All other sexual orientations,Disabled under the Equality Act: Day-to-day activities limited a lot,41,122900,0.03336045565500407
E07000175,Newark and Sherwood,All other sexual orientations,Disabled under the Equality Act: Day-to-day activities limited a little,41,122900,0.03336045565500407
E07000175,Newark and Sherwood,All other sexual orientations,Not disabled under the Equality Act,142,122900,0.11554109031733116
E07000175,Newark and Sherwood,Not answered,Does not apply,0,122900,0
E07000175,Newark and Sherwood,Not answered,Disabled under the Equality Act: Day-to-day activities limited a lot,962,122900,0.7827502034174125
E07000175,Newark and Sherwood,Not answered,Disabled under the Equality Act: Day-to-day activities limited a little,920,122900,0.7485760781122864
E07000175,Newark and Sherwood,Not answered,Not disabled under the Equality Act,4650,122900,3.7835638730675347
E07000176,Rushcliffe,Does not apply,Does not apply,0,119000,0
E07000176,Rushcliffe,Does not apply,Disabled under the Equality Act: Day-to-day activities limited a lot,0,119000,0
E07000176,Rushcliffe,Does not apply,Disabled under the Equality Act: Day-to-day activities limited a little,0,119000,0
E07000176,Rushcliffe,Does not apply,Not disabled under the Equality Act,0,119000,0
E07000176,Rushcliffe,Straight or Heterosexual,Does not apply,0,119000,0
E07000176,Rushcliffe,Straight or Heterosexual,Disabled under the Equality Act: Day-to-day activities limited a lot,5817,119000,4.8882352941176475
E07000176,Rushcliffe,Straight or Heterosexual,Disabled under the Equality Act: Day-to-day activities limited a little,9948,119000,8.359663865546219
E07000176,Rushcliffe,Straight or Heterosexual,Not disabled under the Equality Act,73339,119000,61.629411764705885
E07000176,Rushcliffe,Gay or Lesbian,Does not apply,0,119000,0
E07000176,Rushcliffe,Gay or Lesbian,Disabled under the Equality Act: Day-to-day activities limited a lot,87,119000,0.073109243697479
E07000176,Rushcliffe,Gay or Lesbian,Disabled under the Equality Act: Day-to-day activities limited a little,196,119000,0.16470588235294117
E07000176,Rushcliffe,Gay or Lesbian,Not disabled under the Equality Act,988,119000,0.8302521008403362
E07000176,Rushcliffe,Bisexual,Does not apply,0,119000,0
E07000176,Rushcliffe,Bisexual,Disabled under the Equality Act: Day-to-day activities limited a lot,92,119000,0.0773109243697479
E07000176,Rushcliffe,Bisexual,Disabled under the Equality Act: Day-to-day activities limited a little,276,119000,0.2319327731092437
E07000176,Rushcliffe,Bisexual,Not disabled under the Equality Act,754,119000,0.6336134453781512
E07000176,Rushcliffe,All other sexual orientations,Does not apply,0,119000,0
E07000176,Rushcliffe,All other sexual orientations,Disabled under the Equality Act: Day-to-day activities limited a lot,28,119000,0.023529411764705882
E07000176,Rushcliffe,All other sexual orientations,Disabled under the Equality Act: Day-to-day activities limited a little,70,119000,0.058823529411764705
E07000176,Rushcliffe,All other sexual orientations,Not disabled under the Equality Act,157,119000,0.1319327731092437
E07000176,Rushcliffe,Not answered,Does not apply,0,119000,0
E07000176,Rushcliffe,Not answered,Disabled under the Equality Act: Day-to-day activities limited a lot,731,119000,0.6142857142857143
E07000176,Rushcliffe,Not answered,Disabled under the Equality Act: Day-to-day activities limited a little,745,119000,0.6260504201680672
E07000176,Rushcliffe,Not answered,Not disabled under the Equality Act,4496,119000,3.7781512605042016
E07000177,Cherwell,Does not apply,Does not apply,0,161000,0
E07000177,Cherwell,Does not apply,Disabled under the Equality Act: Day-to-day activities limited a lot,0,161000,0
E07000177,Cherwell,Does not apply,Disabled under the Equality Act: Day-to-day activities limited a little,0,161000,0
E07000177,Cherwell,Does not apply,Not disabled under the Equality Act,0,161000,0
E07000177,Cherwell,Straight or Heterosexual,Does not apply,0,161000,0
E07000177,Cherwell,Straight or Heterosexual,Disabled under the Equality Act: Day-to-day activities limited a lot,6852,161000,4.255900621118013
E07000177,Cherwell,Straight or Heterosexual,Disabled under the Equality Act: Day-to-day activities limited a little,11983,161000,7.442857142857143
E07000177,Cherwell,Straight or Heterosexual,Not disabled under the Equality Act,99151,161000,61.58447204968944
E07000177,Cherwell,Gay or Lesbian,Does not apply,0,161000,0
E07000177,Cherwell,Gay or Lesbian,Disabled under the Equality Act: Day-to-day activities limited a lot,115,161000,0.07142857142857142
E07000177,Cherwell,Gay or Lesbian,Disabled under the Equality Act: Day-to-day activities limited a little,241,161000,0.1496894409937888
E07000177,Cherwell,Gay or Lesbian,Not disabled under the Equality Act,1405,161000,0.8726708074534162
E07000177,Cherwell,Bisexual,Does not apply,0,161000,0
E07000177,Cherwell,Bisexual,Disabled under the Equality Act: Day-to-day activities limited a lot,137,161000,0.08509316770186336
E07000177,Cherwell,Bisexual,Disabled under the Equality Act: Day-to-day activities limited a little,353,161000,0.21925465838509317
E07000177,Cherwell,Bisexual,Not disabled under the Equality Act,1008,161000,0.6260869565217392
E07000177,Cherwell,All other sexual orientations,Does not apply,0,161000,0
E07000177,Cherwell,All other sexual orientations,Disabled under the Equality Act: Day-to-day activities limited a lot,44,161000,0.02732919254658385
E07000177,Cherwell,All other sexual orientations,Disabled under the Equality Act: Day-to-day activities limited a little,88,161000,0.0546583850931677
E07000177,Cherwell,All other sexual orientations,Not disabled under the Equality Act,331,161000,0.20559006211180125
E07000177,Cherwell,Not answered,Does not apply,0,161000,0
E07000177,Cherwell,Not answered,Disabled under the Equality Act: Day-to-day activities limited a lot,839,161000,0.5211180124223602
E07000177,Cherwell,Not answered,Disabled under the Equality Act: Day-to-day activities limited a little,954,161000,0.5925465838509317
E07000177,Cherwell,Not answered,Not disabled under the Equality Act,7086,161000,4.401242236024845
E07000178,Oxford,Does not apply,Does not apply,0,162100,0
E07000178,Oxford,Does not apply,Disabled under the Equality Act: Day-to-day activities limited a lot,0,162100,0
E07000178,Oxford,Does not apply,Disabled under the Equality Act: Day-to-day activities limited a little,0,162100,0
E07000178,Oxford,Does not apply,Not disabled under the Equality Act,0,162100,0
E07000178,Oxford,Straight or Heterosexual,Does not apply,0,162100,0
E07000178,Oxford,Straight or Heterosexual,Disabled under the Equality Act: Day-to-day activities limited a lot,5923,162100,3.6539173349784084
E07000178,Oxford,Straight or Heterosexual,Disabled under the Equality Act: Day-to-day activities limited a little,10848,162100,6.692165330043183
E07000178,Oxford,Straight or Heterosexual,Not disabled under the Equality Act,93088,162100,57.42628007402838
E07000178,Oxford,Gay or Lesbian,Does not apply,0,162100,0
E07000178,Oxford,Gay or Lesbian,Disabled under the Equality Act: Day-to-day activities limited a lot,166,162100,0.10240592227020358
E07000178,Oxford,Gay or Lesbian,Disabled under the Equality Act: Day-to-day activities limited a little,507,162100,0.31276989512646514
E07000178,Oxford,Gay or Lesbian,Not disabled under the Equality Act,2564,162100,1.581739666872301
E07000178,Oxford,Bisexual,Does not apply,0,162100,0
E07000178,Oxford,Bisexual,Disabled under the Equality Act: Day-to-day activities limited a lot,255,162100,0.15731030228254164
E07000178,Oxford,Bisexual,Disabled under the Equality Act: Day-to-day activities limited a little,1202,162100,0.7415175817396669
E07000178,Oxford,Bisexual,Not disabled under the Equality Act,3496,162100,2.1566933991363357
E07000178,Oxford,All other sexual orientations,Does not apply,0,162100,0
E07000178,Oxford,All other sexual orientations,Disabled under the Equality Act: Day-to-day activities limited a lot,77,162100,0.047501542257865514
E07000178,Oxford,All other sexual orientations,Disabled under the Equality Act: Day-to-day activities limited a little,278,162100,0.1714990746452807
E07000178,Oxford,All other sexual orientations,Not disabled under the Equality Act,903,162100,0.5570635410240592
E07000178,Oxford,Not answered,Does not apply,0,162100,0
E07000178,Oxford,Not answered,Disabled under the Equality Act: Day-to-day activities limited a lot,908,162100,0.5601480567550895
E07000178,Oxford,Not answered,Disabled under the Equality Act: Day-to-day activities limited a little,1789,162100,1.1036397285626156
E07000178,Oxford,Not answered,Not disabled under the Equality Act,14714,162100,9.077112893275755
E07000179,South Oxfordshire,Does not apply,Does not apply,0,149100,0
E07000179,South Oxfordshire,Does not apply,Disabled under the Equality Act: Day-to-day activities limited a lot,0,149100,0
E07000179,South Oxfordshire,Does not apply,Disabled under the Equality Act: Day-to-day activities limited a little,0,149100,0
E07000179,South Oxfordshire,Does not apply,Not disabled under the Equality Act,0,149100,0
E07000179,South Oxfordshire,Straight or Heterosexual,Does not apply,0,149100,0
E07000179,South Oxfordshire,Straight or Heterosexual,Disabled under the Equality Act: Day-to-day activities limited a lot,5884,149100,3.9463447350771292
E07000179,South Oxfordshire,Straight or Heterosexual,Disabled under the Equality Act: Day-to-day activities limited a little,11092,149100,7.439302481556003
E07000179,South Oxfordshire,Straight or Heterosexual,Not disabled under the Equality Act,93677,149100,62.82830315224681
E07000179,South Oxfordshire,Gay or Lesbian,Does not apply,0,149100,0
E07000179,South Oxfordshire,Gay or Lesbian,Disabled under the Equality Act: Day-to-day activities limited a lot,65,149100,0.043594902749832326
E07000179,South Oxfordshire,Gay or Lesbian,Disabled under the Equality Act: Day-to-day activities limited a little,174,149100,0.11670020120724346
E07000179,South Oxfordshire,Gay or Lesbian,Not disabled under the Equality Act,1144,149100,0.7672702883970489
E07000179,South Oxfordshire,Bisexual,Does not apply,0,149100,0
E07000179,South Oxfordshire,Bisexual,Disabled under the Equality Act: Day-to-day activities limited a lot,90,149100,0.060362173038229376
E07000179,South Oxfordshire,Bisexual,Disabled under the Equality Act: Day-to-day activities limited a little,307,149100,0.20590207914151576
E07000179,South Oxfordshire,Bisexual,Not disabled under the Equality Act,785,149100,0.5264922870556673
E07000179,South Oxfordshire,All other sexual orientations,Does not apply,0,149100,0
E07000179,South Oxfordshire,All other sexual orientations,Disabled under the Equality Act: Day-to-day activities limited a lot,33,149100,0.022132796780684104
E07000179,South Oxfordshire,All other sexual orientations,Disabled under the Equality Act: Day-to-day activities limited a little,100,149100,0.0670690811535882
E07000179,South Oxfordshire,All other sexual orientations,Not disabled under the Equality Act,197,149100,0.13212608987256874
E07000179,South Oxfordshire,Not answered,Does not apply,0,149100,0
E07000179,South Oxfordshire,Not answered,Disabled under the Equality Act: Day-to-day activities limited a lot,749,149100,0.5023474178403756
E07000179,South Oxfordshire,Not answered,Disabled under the Equality Act: Day-to-day activities limited a little,856,149100,0.574111334674715
E07000179,South Oxfordshire,Not answered,Not disabled under the Equality Act,6338,149100,4.25083836351442
E07000180,Vale of White Horse,Does not apply,Does not apply,0,138900,0
E07000180,Vale of White Horse,Does not apply,Disabled under the Equality Act: Day-to-day activities limited a lot,0,138900,0
E07000180,Vale of White Horse,Does not apply,Disabled under the Equality Act: Day-to-day activities limited a little,0,138900,0
E07000180,Vale of White Horse,Does not apply,Not disabled under the Equality Act,0,138900,0
E07000180,Vale of White Horse,Straight or Heterosexual,Does not apply,0,138900,0
E07000180,Vale of White Horse,Straight or Heterosexual,Disabled under the Equality Act: Day-to-day activities limited a lot,5732,138900,4.126709863210943
E07000180,Vale of White Horse,Straight or Heterosexual,Disabled under the Equality Act: Day-to-day activities limited a little,10787,138900,7.76601871850252
E07000180,Vale of White Horse,Straight or Heterosexual,Not disabled under the Equality Act,85401,138900,61.48380129589633
E07000180,Vale of White Horse,Gay or Lesbian,Does not apply,0,138900,0
E07000180,Vale of White Horse,Gay or Lesbian,Disabled under the Equality Act: Day-to-day activities limited a lot,66,138900,0.047516198704103674
E07000180,Vale of White Horse,Gay or Lesbian,Disabled under the Equality Act: Day-to-day activities limited a little,154,138900,0.11087113030957524
E07000180,Vale of White Horse,Gay or Lesbian,Not disabled under the Equality Act,1112,138900,0.8005759539236861
E07000180,Vale of White Horse,Bisexual,Does not apply,0,138900,0
E07000180,Vale of White Horse,Bisexual,Disabled under the Equality Act: Day-to-day activities limited a lot,97,138900,0.06983441324694024
E07000180,Vale of White Horse,Bisexual,Disabled under the Equality Act: Day-to-day activities limited a little,345,138900,0.24838012958963282
E07000180,Vale of White Horse,Bisexual,Not disabled under the Equality Act,926,138900,0.6666666666666666
E07000180,Vale of White Horse,All other sexual orientations,Does not apply,0,138900,0
E07000180,Vale of White Horse,All other sexual orientations,Disabled under the Equality Act: Day-to-day activities limited a lot,35,138900,0.0251979841612671
E07000180,Vale of White Horse,All other sexual orientations,Disabled under the Equality Act: Day-to-day activities limited a little,104,138900,0.07487401007919367
E07000180,Vale of White Horse,All other sexual orientations,Not disabled under the Equality Act,199,138900,0.14326853851691865
E07000180,Vale of White Horse,Not answered,Does not apply,0,138900,0
E07000180,Vale of White Horse,Not answered,Disabled under the Equality Act: Day-to-day activities limited a lot,601,138900,0.4326853851691865
E07000180,Vale of White Horse,Not answered,Disabled under the Equality Act: Day-to-day activities limited a little,873,138900,0.6285097192224622
E07000180,Vale of White Horse,Not answered,Not disabled under the Equality Act,5996,138900,4.316774658027358
E07000181,West Oxfordshire,Does not apply,Does not apply,0,114200,0
E07000181,West Oxfordshire,Does not apply,Disabled under the Equality Act: Day-to-day activities limited a lot,0,114200,0
E07000181,West Oxfordshire,Does not apply,Disabled under the Equality Act: Day-to-day activities limited a little,0,114200,0
E07000181,West Oxfordshire,Does not apply,Not disabled under the Equality Act,0,114200,0
E07000181,West Oxfordshire,Straight or Heterosexual,Does not apply,0,114200,0
E07000181,West Oxfordshire,Straight or Heterosexual,Disabled under the Equality Act: Day-to-day activities limited a lot,4983,114200,4.363397548161121
E07000181,West Oxfordshire,Straight or Heterosexual,Disabled under the Equality Act: Day-to-day activities limited a little,9181,114200,8.03940455341506
E07000181,West Oxfordshire,Straight or Heterosexual,Not disabled under the Equality Act,71723,114200,62.804728546409805
E07000181,West Oxfordshire,Gay or Lesbian,Does not apply,0,114200,0
E07000181,West Oxfordshire,Gay or Lesbian,Disabled under the Equality Act: Day-to-day activities limited a lot,68,114200,0.0595446584938704
E07000181,West Oxfordshire,Gay or Lesbian,Disabled under the Equality Act: Day-to-day activities limited a little,143,114200,0.12521891418563924
E07000181,West Oxfordshire,Gay or Lesbian,Not disabled under the Equality Act,904,114200,0.7915936952714536
E07000181,West Oxfordshire,Bisexual,Does not apply,0,114200,0
E07000181,West Oxfordshire,Bisexual,Disabled under the Equality Act: Day-to-day activities limited a lot,79,114200,0.0691768826619965
E07000181,West Oxfordshire,Bisexual,Disabled under the Equality Act: Day-to-day activities limited a little,255,114200,0.22329246935201402
E07000181,West Oxfordshire,Bisexual,Not disabled under the Equality Act,673,114200,0.5893169877408057
E07000181,West Oxfordshire,All other sexual orientations,Does not apply,0,114200,0
E07000181,West Oxfordshire,All other sexual orientations,Disabled under the Equality Act: Day-to-day activities limited a lot,28,114200,0.024518388791593695
E07000181,West Oxfordshire,All other sexual orientations,Disabled under the Equality Act: Day-to-day activities limited a little,63,114200,0.05516637478108581
E07000181,West Oxfordshire,All other sexual orientations,Not disabled under the Equality Act,117,114200,0.10245183887915937
E07000181,West Oxfordshire,Not answered,Does not apply,0,114200,0
E07000181,West Oxfordshire,Not answered,Disabled under the Equality Act: Day-to-day activities limited a lot,563,114200,0.4929947460595447
E07000181,West Oxfordshire,Not answered,Disabled under the Equality Act: Day-to-day activities limited a little,649,114200,0.5683012259194395
E07000181,West Oxfordshire,Not answered,Not disabled under the Equality Act,4379,114200,3.8345008756567425
E07000187,Mendip,Does not apply,Does not apply,0,116100,0
E07000187,Mendip,Does not apply,Disabled under the Equality Act: Day-to-day activities limited a lot,0,116100,0
E07000187,Mendip,Does not apply,Disabled under the Equality Act: Day-to-day activities limited a little,0,116100,0
E07000187,Mendip,Does not apply,Not disabled under the Equality Act,0,116100,0
E07000187,Mendip,Straight or Heterosexual,Does not apply,0,116100,0
E07000187,Mendip,Straight or Heterosexual,Disabled under the Equality Act: Day-to-day activities limited a lot,6239,116100,5.373815676141257
E07000187,Mendip,Straight or Heterosexual,Disabled under the Equality Act: Day-to-day activities limited a little,10360,116100,8.92334194659776
E07000187,Mendip,Straight or Heterosexual,Not disabled under the Equality Act,69191,116100,59.59603789836348
E07000187,Mendip,Gay or Lesbian,Does not apply,0,116100,0
E07000187,Mendip,Gay or Lesbian,Disabled under the Equality Act: Day-to-day activities limited a lot,90,116100,0.07751937984496124
E07000187,Mendip,Gay or Lesbian,Disabled under the Equality Act: Day-to-day activities limited a little,189,116100,0.16279069767441862
E07000187,Mendip,Gay or Lesbian,Not disabled under the Equality Act,826,116100,0.7114556416881999
E07000187,Mendip,Bisexual,Does not apply,0,116100,0
E07000187,Mendip,Bisexual,Disabled under the Equality Act: Day-to-day activities limited a lot,167,116100,0.1438415159345392
E07000187,Mendip,Bisexual,Disabled under the Equality Act: Day-to-day activities limited a little,285,116100,0.2454780361757106
E07000187,Mendip,Bisexual,Not disabled under the Equality Act,733,116100,0.6313522825150732
E07000187,Mendip,All other sexual orientations,Does not apply,0,116100,0
E07000187,Mendip,All other sexual orientations,Disabled under the Equality Act: Day-to-day activities limited a lot,41,116100,0.03531438415159346
E07000187,Mendip,All other sexual orientations,Disabled under the Equality Act: Day-to-day activities limited a little,66,116100,0.056847545219638244
E07000187,Mendip,All other sexual orientations,Not disabled under the Equality Act,174,116100,0.14987080103359174
E07000187,Mendip,Not answered,Does not apply,0,116100,0
E07000187,Mendip,Not answered,Disabled under the Equality Act: Day-to-day activities limited a lot,905,116100,0.7795004306632214
E07000187,Mendip,Not answered,Disabled under the Equality Act: Day-to-day activities limited a little,1040,116100,0.8957795004306632
E07000187,Mendip,Not answered,Not disabled under the Equality Act,5744,116100,4.9474590869939705
E07000188,Sedgemoor,Does not apply,Does not apply,0,125400,0
E07000188,Sedgemoor,Does not apply,Disabled under the Equality Act: Day-to-day activities limited a lot,0,125400,0
E07000188,Sedgemoor,Does not apply,Disabled under the Equality Act: Day-to-day activities limited a little,0,125400,0
E07000188,Sedgemoor,Does not apply,Not disabled under the Equality Act,0,125400,0
E07000188,Sedgemoor,Straight or Heterosexual,Does not apply,0,125400,0
E07000188,Sedgemoor,Straight or Heterosexual,Disabled under the Equality Act: Day-to-day activities limited a lot,7967,125400,6.353269537480064
E07000188,Sedgemoor,Straight or Heterosexual,Disabled under the Equality Act: Day-to-day activities limited a little,11723,125400,9.348484848484848
E07000188,Sedgemoor,Straight or Heterosexual,Not disabled under the Equality Act,73889,125400,58.922647527910684
E07000188,Sedgemoor,Gay or Lesbian,Does not apply,0,125400,0
E07000188,Sedgemoor,Gay or Lesbian,Disabled under the Equality Act: Day-to-day activities limited a lot,98,125400,0.07814992025518341
E07000188,Sedgemoor,Gay or Lesbian,Disabled under the Equality Act: Day-to-day activities limited a little,195,125400,0.15550239234449761
E07000188,Sedgemoor,Gay or Lesbian,Not disabled under the Equality Act,940,125400,0.7496012759170654
E07000188,Sedgemoor,Bisexual,Does not apply,0,125400,0
E07000188,Sedgemoor,Bisexual,Disabled under the Equality Act: Day-to-day activities limited a lot,110,125400,0.08771929824561403
E07000188,Sedgemoor,Bisexual,Disabled under the Equality Act: Day-to-day activities limited a little,265,125400,0.2113237639553429
E07000188,Sedgemoor,Bisexual,Not disabled under the Equality Act,731,125400,0.5829346092503987
E07000188,Sedgemoor,All other sexual orientations,Does not apply,0,125400,0
E07000188,Sedgemoor,All other sexual orientations,Disabled under the Equality Act: Day-to-day activities limited a lot,35,125400,0.027910685805422646
E07000188,Sedgemoor,All other sexual orientations,Disabled under the Equality Act: Day-to-day activities limited a little,61,125400,0.04864433811802233
E07000188,Sedgemoor,All other sexual orientations,Not disabled under the Equality Act,206,125400,0.16427432216905902
E07000188,Sedgemoor,Not answered,Does not apply,0,125400,0
E07000188,Sedgemoor,Not answered,Disabled under the Equality Act: Day-to-day activities limited a lot,1145,125400,0.9130781499202552
E07000188,Sedgemoor,Not answered,Disabled under the Equality Act: Day-to-day activities limited a little,969,125400,0.7727272727272727
E07000188,Sedgemoor,Not answered,Not disabled under the Equality Act,5446,125400,4.342902711323764
E07000189,South Somerset,Does not apply,Does not apply,0,172700,0
E07000189,South Somerset,Does not apply,Disabled under the Equality Act: Day-to-day activities limited a lot,0,172700,0
E07000189,South Somerset,Does not apply,Disabled under the Equality Act: Day-to-day activities limited a little,0,172700,0
E07000189,South Somerset,Does not apply,Not disabled under the Equality Act,0,172700,0
E07000189,South Somerset,Straight or Heterosexual,Does not apply,0,172700,0
E07000189,South Somerset,Straight or Heterosexual,Disabled under the Equality Act: Day-to-day activities limited a lot,9855,172700,5.706427330631152
E07000189,South Somerset,Straight or Heterosexual,Disabled under the Equality Act: Day-to-day activities limited a little,16264,172700,9.417486971627099
E07000189,South Somerset,Straight or Heterosexual,Not disabled under the Equality Act,103789,172700,60.09785755645628
E07000189,South Somerset,Gay or Lesbian,Does not apply,0,172700,0
E07000189,South Somerset,Gay or Lesbian,Disabled under the Equality Act: Day-to-day activities limited a lot,117,172700,0.0677475390851187
E07000189,South Somerset,Gay or Lesbian,Disabled under the Equality Act: Day-to-day activities limited a little,262,172700,0.15170816444701796
E07000189,South Somerset,Gay or Lesbian,Not disabled under the Equality Act,1140,172700,0.6601042269832079
E07000189,South Somerset,Bisexual,Does not apply,0,172700,0
E07000189,South Somerset,Bisexual,Disabled under the Equality Act: Day-to-day activities limited a lot,189,172700,0.10943833236826868
E07000189,South Somerset,Bisexual,Disabled under the Equality Act: Day-to-day activities limited a little,361,172700,0.20903300521134915
E07000189,South Somerset,Bisexual,Not disabled under the Equality Act,899,172700,0.5205558772437753
E07000189,South Somerset,All other sexual orientations,Does not apply,0,172700,0
E07000189,South Somerset,All other sexual orientations,Disabled under the Equality Act: Day-to-day activities limited a lot,49,172700,0.028372900984365953
E07000189,South Somerset,All other sexual orientations,Disabled under the Equality Act: Day-to-day activities limited a little,78,172700,0.0451650260567458
E07000189,South Somerset,All other sexual orientations,Not disabled under the Equality Act,154,172700,0.08917197452229299
E07000189,South Somerset,Not answered,Does not apply,0,172700,0
E07000189,South Somerset,Not answered,Disabled under the Equality Act: Day-to-day activities limited a lot,1209,172700,0.7000579038795599
E07000189,South Somerset,Not answered,Disabled under the Equality Act: Day-to-day activities limited a little,1481,172700,0.8575564562825709
E07000189,South Somerset,Not answered,Not disabled under the Equality Act,7966,172700,4.612623045744065
E07000192,Cannock Chase,Does not apply,Does not apply,0,100500,0
E07000192,Cannock Chase,Does not apply,Disabled under the Equality Act: Day-to-day activities limited a lot,0,100500,0
E07000192,Cannock Chase,Does not apply,Disabled under the Equality Act: Day-to-day activities limited a little,0,100500,0
E07000192,Cannock Chase,Does not apply,Not disabled under the Equality Act,0,100500,0
E07000192,Cannock Chase,Straight or Heterosexual,Does not apply,0,100500,0
E07000192,Cannock Chase,Straight or Heterosexual,Disabled under the Equality Act: Day-to-day activities limited a lot,7573,100500,7.535323383084577
E07000192,Cannock Chase,Straight or Heterosexual,Disabled under the Equality Act: Day-to-day activities limited a little,9576,100500,9.528358208955224
E07000192,Cannock Chase,Straight or Heterosexual,Not disabled under the Equality Act,58797,100500,58.504477611940295
E07000192,Cannock Chase,Gay or Lesbian,Does not apply,0,100500,0
E07000192,Cannock Chase,Gay or Lesbian,Disabled under the Equality Act: Day-to-day activities limited a lot,91,100500,0.09054726368159204
E07000192,Cannock Chase,Gay or Lesbian,Disabled under the Equality Act: Day-to-day activities limited a little,161,100500,0.16019900497512438
E07000192,Cannock Chase,Gay or Lesbian,Not disabled under the Equality Act,842,100500,0.8378109452736319
E07000192,Cannock Chase,Bisexual,Does not apply,0,100500,0
E07000192,Cannock Chase,Bisexual,Disabled under the Equality Act: Day-to-day activities limited a lot,102,100500,0.10149253731343283
E07000192,Cannock Chase,Bisexual,Disabled under the Equality Act: Day-to-day activities limited a little,196,100500,0.19502487562189055
E07000192,Cannock Chase,Bisexual,Not disabled under the Equality Act,483,100500,0.48059701492537316
E07000192,Cannock Chase,All other sexual orientations,Does not apply,0,100500,0
E07000192,Cannock Chase,All other sexual orientations,Disabled under the Equality Act: Day-to-day activities limited a lot,35,100500,0.03482587064676617
E07000192,Cannock Chase,All other sexual orientations,Disabled under the Equality Act: Day-to-day activities limited a little,51,100500,0.050746268656716415
E07000192,Cannock Chase,All other sexual orientations,Not disabled under the Equality Act,106,100500,0.1054726368159204
E07000192,Cannock Chase,Not answered,Does not apply,0,100500,0
E07000192,Cannock Chase,Not answered,Disabled under the Equality Act: Day-to-day activities limited a lot,666,100500,0.6626865671641791
E07000192,Cannock Chase,Not answered,Disabled under the Equality Act: Day-to-day activities limited a little,587,100500,0.5840796019900497
E07000192,Cannock Chase,Not answered,Not disabled under the Equality Act,3211,100500,3.1950248756218906
E07000193,East Staffordshire,Does not apply,Does not apply,0,124000,0
E07000193,East Staffordshire,Does not apply,Disabled under the Equality Act: Day-to-day activities limited a lot,0,124000,0
E07000193,East Staffordshire,Does not apply,Disabled under the Equality Act: Day-to-day activities limited a little,0,124000,0
E07000193,East Staffordshire,Does not apply,Not disabled under the Equality Act,0,124000,0
E07000193,East Staffordshire,Straight or Heterosexual,Does not apply,0,124000,0
E07000193,East Staffordshire,Straight or Heterosexual,Disabled under the Equality Act: Day-to-day activities limited a lot,6735,124000,5.431451612903226
E07000193,East Staffordshire,Straight or Heterosexual,Disabled under the Equality Act: Day-to-day activities limited a little,10505,124000,8.471774193548388
E07000193,East Staffordshire,Straight or Heterosexual,Not disabled under the Equality Act,73626,124000,59.3758064516129
E07000193,East Staffordshire,Gay or Lesbian,Does not apply,0,124000,0
E07000193,East Staffordshire,Gay or Lesbian,Disabled under the Equality Act: Day-to-day activities limited a lot,93,124000,0.075
E07000193,East Staffordshire,Gay or Lesbian,Disabled under the Equality Act: Day-to-day activities limited a little,145,124000,0.11693548387096774
E07000193,East Staffordshire,Gay or Lesbian,Not disabled under the Equality Act,900,124000,0.7258064516129032
E07000193,East Staffordshire,Bisexual,Does not apply,0,124000,0
E07000193,East Staffordshire,Bisexual,Disabled under the Equality Act: Day-to-day activities limited a lot,98,124000,0.07903225806451612
E07000193,East Staffordshire,Bisexual,Disabled under the Equality Act: Day-to-day activities limited a little,274,124000,0.22096774193548388
E07000193,East Staffordshire,Bisexual,Not disabled under the Equality Act,627,124000,0.5056451612903226
E07000193,East Staffordshire,All other sexual orientations,Does not apply,0,124000,0
E07000193,East Staffordshire,All other sexual orientations,Disabled under the Equality Act: Day-to-day activities limited a lot,21,124000,0.016935483870967744
E07000193,East Staffordshire,All other sexual orientations,Disabled under the Equality Act: Day-to-day activities limited a little,58,124000,0.0467741935483871
E07000193,East Staffordshire,All other sexual orientations,Not disabled under the Equality Act,203,124000,0.16370967741935483
E07000193,East Staffordshire,Not answered,Does not apply,0,124000,0
E07000193,East Staffordshire,Not answered,Disabled under the Equality Act: Day-to-day activities limited a lot,833,124000,0.6717741935483871
E07000193,East Staffordshire,Not answered,Disabled under the Equality Act: Day-to-day activities limited a little,863,124000,0.6959677419354838
E07000193,East Staffordshire,Not answered,Not disabled under the Equality Act,5527,124000,4.457258064516129
E07000194,Lichfield,Does not apply,Does not apply,0,106400,0
E07000194,Lichfield,Does not apply,Disabled under the Equality Act: Day-to-day activities limited a lot,0,106400,0
E07000194,Lichfield,Does not apply,Disabled under the Equality Act: Day-to-day activities limited a little,0,106400,0
E07000194,Lichfield,Does not apply,Not disabled under the Equality Act,0,106400,0
E07000194,Lichfield,Straight or Heterosexual,Does not apply,0,106400,0
E07000194,Lichfield,Straight or Heterosexual,Disabled under the Equality Act: Day-to-day activities limited a lot,6412,106400,6.026315789473684
E07000194,Lichfield,Straight or Heterosexual,Disabled under the Equality Act: Day-to-day activities limited a little,9720,106400,9.135338345864662
E07000194,Lichfield,Straight or Heterosexual,Not disabled under the Equality Act,65858,106400,61.89661654135338
E07000194,Lichfield,Gay or Lesbian,Does not apply,0,106400,0
E07000194,Lichfield,Gay or Lesbian,Disabled under the Equality Act: Day-to-day activities limited a lot,71,106400,0.06672932330827068
E07000194,Lichfield,Gay or Lesbian,Disabled under the Equality Act: Day-to-day activities limited a little,137,106400,0.1287593984962406
E07000194,Lichfield,Gay or Lesbian,Not disabled under the Equality Act,812,106400,0.7631578947368421
E07000194,Lichfield,Bisexual,Does not apply,0,106400,0
E07000194,Lichfield,Bisexual,Disabled under the Equality Act: Day-to-day activities limited a lot,75,106400,0.07048872180451128
E07000194,Lichfield,Bisexual,Disabled under the Equality Act: Day-to-day activities limited a little,191,106400,0.17951127819548873
E07000194,Lichfield,Bisexual,Not disabled under the Equality Act,447,106400,0.4201127819548872
E07000194,Lichfield,All other sexual orientations,Does not apply,0,106400,0
E07000194,Lichfield,All other sexual orientations,Disabled under the Equality Act: Day-to-day activities limited a lot,22,106400,0.020676691729323307
E07000194,Lichfield,All other sexual orientations,Disabled under the Equality Act: Day-to-day activities limited a little,39,106400,0.03665413533834586
E07000194,Lichfield,All other sexual orientations,Not disabled under the Equality Act,73,106400,0.06860902255639098
E07000194,Lichfield,Not answered,Does not apply,0,106400,0
E07000194,Lichfield,Not answered,Disabled under the Equality Act: Day-to-day activities limited a lot,582,106400,0.5469924812030075
E07000194,Lichfield,Not answered,Disabled under the Equality Act: Day-to-day activities limited a little,595,106400,0.5592105263157895
E07000194,Lichfield,Not answered,Not disabled under the Equality Act,3561,106400,3.3468045112781954
E07000195,Newcastle-under-Lyme,Does not apply,Does not apply,0,123300,0
E07000195,Newcastle-under-Lyme,Does not apply,Disabled under the Equality Act: Day-to-day activities limited a lot,0,123300,0
E07000195,Newcastle-under-Lyme,Does not apply,Disabled under the Equality Act: Day-to-day activities limited a little,0,123300,0
E07000195,Newcastle-under-Lyme,Does not apply,Not disabled under the Equality Act,0,123300,0
E07000195,Newcastle-under-Lyme,Straight or Heterosexual,Does not apply,0,123300,0
E07000195,Newcastle-under-Lyme,Straight or Heterosexual,Disabled under the Equality Act: Day-to-day activities limited a lot,9012,123300,7.309002433090025
E07000195,Newcastle-under-Lyme,Straight or Heterosexual,Disabled under the Equality Act: Day-to-day activities limited a little,12409,123300,10.064071370640713
E07000195,Newcastle-under-Lyme,Straight or Heterosexual,Not disabled under the Equality Act,71748,123300,58.18978102189781
E07000195,Newcastle-under-Lyme,Gay or Lesbian,Does not apply,0,123300,0
E07000195,Newcastle-under-Lyme,Gay or Lesbian,Disabled under the Equality Act: Day-to-day activities limited a lot,158,123300,0.1281427412814274
E07000195,Newcastle-under-Lyme,Gay or Lesbian,Disabled under the Equality Act: Day-to-day activities limited a little,267,123300,0.21654501216545013
E07000195,Newcastle-under-Lyme,Gay or Lesbian,Not disabled under the Equality Act,965,123300,0.7826439578264396
E07000195,Newcastle-under-Lyme,Bisexual,Does not apply,0,123300,0
E07000195,Newcastle-under-Lyme,Bisexual,Disabled under the Equality Act: Day-to-day activities limited a lot,151,123300,0.12246553122465531
E07000195,Newcastle-under-Lyme,Bisexual,Disabled under the Equality Act: Day-to-day activities limited a little,379,123300,0.3073803730738037
E07000195,Newcastle-under-Lyme,Bisexual,Not disabled under the Equality Act,857,123300,0.6950527169505272
E07000195,Newcastle-under-Lyme,All other sexual orientations,Does not apply,0,123300,0
E07000195,Newcastle-under-Lyme,All other sexual orientations,Disabled under the Equality Act: Day-to-day activities limited a lot,58,123300,0.047039740470397405
E07000195,Newcastle-under-Lyme,All other sexual orientations,Disabled under the Equality Act: Day-to-day activities limited a little,107,123300,0.0867802108678021
E07000195,Newcastle-under-Lyme,All other sexual orientations,Not disabled under the Equality Act,133,123300,0.10786699107866991
E07000195,Newcastle-under-Lyme,Not answered,Does not apply,0,123300,0
E07000195,Newcastle-under-Lyme,Not answered,Disabled under the Equality Act: Day-to-day activities limited a lot,856,123300,0.6942416869424168
E07000195,Newcastle-under-Lyme,Not answered,Disabled under the Equality Act: Day-to-day activities limited a little,1000,123300,0.8110300081103001
E07000195,Newcastle-under-Lyme,Not answered,Not disabled under the Equality Act,5083,123300,4.122465531224655
E07000196,South Staffordshire,Does not apply,Does not apply,0,110500,0
E07000196,South Staffordshire,Does not apply,Disabled under the Equality Act: Day-to-day activities limited a lot,0,110500,0
E07000196,South Staffordshire,Does not apply,Disabled under the Equality Act: Day-to-day activities limited a little,0,110500,0
E07000196,South Staffordshire,Does not apply,Not disabled under the Equality Act,0,110500,0
E07000196,South Staffordshire,Straight or Heterosexual,Does not apply,0,110500,0
E07000196,South Staffordshire,Straight or Heterosexual,Disabled under the Equality Act: Day-to-day activities limited a lot,7259,110500,6.569230769230769
E07000196,South Staffordshire,Straight or Heterosexual,Disabled under the Equality Act: Day-to-day activities limited a little,10594,110500,9.587330316742081
E07000196,South Staffordshire,Straight or Heterosexual,Not disabled under the Equality Act,68819,110500,62.279638009049776
E07000196,South Staffordshire,Gay or Lesbian,Does not apply,0,110500,0
E07000196,South Staffordshire,Gay or Lesbian,Disabled under the Equality Act: Day-to-day activities limited a lot,77,110500,0.06968325791855204
E07000196,South Staffordshire,Gay or Lesbian,Disabled under the Equality Act: Day-to-day activities limited a little,141,110500,0.12760180995475112
E07000196,South Staffordshire,Gay or Lesbian,Not disabled under the Equality Act,690,110500,0.6244343891402715
E07000196,South Staffordshire,Bisexual,Does not apply,0,110500,0
E07000196,South Staffordshire,Bisexual,Disabled under the Equality Act: Day-to-day activities limited a lot,69,110500,0.06244343891402715
E07000196,South Staffordshire,Bisexual,Disabled under the Equality Act: Day-to-day activities limited a little,132,110500,0.11945701357466064
E07000196,South Staffordshire,Bisexual,Not disabled under the Equality Act,383,110500,0.34660633484162895
E07000196,South Staffordshire,All other sexual orientations,Does not apply,0,110500,0
E07000196,South Staffordshire,All other sexual orientations,Disabled under the Equality Act: Day-to-day activities limited a lot,13,110500,0.011764705882352941
E07000196,South Staffordshire,All other sexual orientations,Disabled under the Equality Act: Day-to-day activities limited a little,28,110500,0.025339366515837104
E07000196,South Staffordshire,All other sexual orientations,Not disabled under the Equality Act,68,110500,0.06153846153846154
E07000196,South Staffordshire,Not answered,Does not apply,0,110500,0
E07000196,South Staffordshire,Not answered,Disabled under the Equality Act: Day-to-day activities limited a lot,644,110500,0.5828054298642534
E07000196,South Staffordshire,Not answered,Disabled under the Equality Act: Day-to-day activities limited a little,750,110500,0.6787330316742082
E07000196,South Staffordshire,Not answered,Not disabled under the Equality Act,3706,110500,3.353846153846154
E07000197,Stafford,Does not apply,Does not apply,0,136800,0
E07000197,Stafford,Does not apply,Disabled under the Equality Act: Day-to-day activities limited a lot,0,136800,0
E07000197,Stafford,Does not apply,Disabled under the Equality Act: Day-to-day activities limited a little,0,136800,0
E07000197,Stafford,Does not apply,Not disabled under the Equality Act,0,136800,0
E07000197,Stafford,Straight or Heterosexual,Does not apply,0,136800,0
E07000197,Stafford,Straight or Heterosexual,Disabled under the Equality Act: Day-to-day activities limited a lot,8127,136800,5.940789473684211
E07000197,Stafford,Straight or Heterosexual,Disabled under the Equality Act: Day-to-day activities limited a little,12687,136800,9.274122807017545
E07000197,Stafford,Straight or Heterosexual,Not disabled under the Equality Act,82881,136800,60.58552631578947
E07000197,Stafford,Gay or Lesbian,Does not apply,0,136800,0
E07000197,Stafford,Gay or Lesbian,Disabled under the Equality Act: Day-to-day activities limited a lot,112,136800,0.08187134502923976
E07000197,Stafford,Gay or Lesbian,Disabled under the Equality Act: Day-to-day activities limited a little,228,136800,0.16666666666666666
E07000197,Stafford,Gay or Lesbian,Not disabled under the Equality Act,1128,136800,0.8245614035087719
E07000197,Stafford,Bisexual,Does not apply,0,136800,0
E07000197,Stafford,Bisexual,Disabled under the Equality Act: Day-to-day activities limited a lot,124,136800,0.09064327485380116
E07000197,Stafford,Bisexual,Disabled under the Equality Act: Day-to-day activities limited a little,291,136800,0.21271929824561403
E07000197,Stafford,Bisexual,Not disabled under the Equality Act,746,136800,0.5453216374269005
E07000197,Stafford,All other sexual orientations,Does not apply,0,136800,0
E07000197,Stafford,All other sexual orientations,Disabled under the Equality Act: Day-to-day activities limited a lot,37,136800,0.027046783625730993
E07000197,Stafford,All other sexual orientations,Disabled under the Equality Act: Day-to-day activities limited a little,50,136800,0.03654970760233918
E07000197,Stafford,All other sexual orientations,Not disabled under the Equality Act,112,136800,0.08187134502923976
E07000197,Stafford,Not answered,Does not apply,0,136800,0
E07000197,Stafford,Not answered,Disabled under the Equality Act: Day-to-day activities limited a lot,906,136800,0.6622807017543859
E07000197,Stafford,Not answered,Disabled under the Equality Act: Day-to-day activities limited a little,965,136800,0.7054093567251462
E07000197,Stafford,Not answered,Not disabled under the Equality Act,5220,136800,3.8157894736842106
E07000198,Staffordshire Moorlands,Does not apply,Does not apply,0,95800,0
E07000198,Staffordshire Moorlands,Does not apply,Disabled under the Equality Act: Day-to-day activities limited a lot,0,95800,0
E07000198,Staffordshire Moorlands,Does not apply,Disabled under the Equality Act: Day-to-day activities limited a little,0,95800,0
E07000198,Staffordshire Moorlands,Does not apply,Not disabled under the Equality Act,0,95800,0
E07000198,Staffordshire Moorlands,Straight or Heterosexual,Does not apply,0,95800,0
E07000198,Staffordshire Moorlands,Straight or Heterosexual,Disabled under the Equality Act: Day-to-day activities limited a lot,6712,95800,7.006263048016701
E07000198,Staffordshire Moorlands,Straight or Heterosexual,Disabled under the Equality Act: Day-to-day activities limited a little,9305,95800,9.71294363256785
E07000198,Staffordshire Moorlands,Straight or Heterosexual,Not disabled under the Equality Act,58309,95800,60.86534446764092
E07000198,Staffordshire Moorlands,Gay or Lesbian,Does not apply,0,95800,0
E07000198,Staffordshire Moorlands,Gay or Lesbian,Disabled under the Equality Act: Day-to-day activities limited a lot,79,95800,0.0824634655532359
E07000198,Staffordshire Moorlands,Gay or Lesbian,Disabled under the Equality Act: Day-to-day activities limited a little,127,95800,0.1325678496868476
E07000198,Staffordshire Moorlands,Gay or Lesbian,Not disabled under the Equality Act,549,95800,0.5730688935281837
E07000198,Staffordshire Moorlands,Bisexual,Does not apply,0,95800,0
E07000198,Staffordshire Moorlands,Bisexual,Disabled under the Equality Act: Day-to-day activities limited a lot,86,95800,0.08977035490605428
E07000198,Staffordshire Moorlands,Bisexual,Disabled under the Equality Act: Day-to-day activities limited a little,150,95800,0.15657620041753653
E07000198,Staffordshire Moorlands,Bisexual,Not disabled under the Equality Act,319,95800,0.33298538622129437
E07000198,Staffordshire Moorlands,All other sexual orientations,Does not apply,0,95800,0
E07000198,Staffordshire Moorlands,All other sexual orientations,Disabled under the Equality Act: Day-to-day activities limited a lot,22,95800,0.022964509394572025
E07000198,Staffordshire Moorlands,All other sexual orientations,Disabled under the Equality Act: Day-to-day activities limited a little,28,95800,0.029227557411273485
E07000198,Staffordshire Moorlands,All other sexual orientations,Not disabled under the Equality Act,75,95800,0.07828810020876827
E07000198,Staffordshire Moorlands,Not answered,Does not apply,0,95800,0
E07000198,Staffordshire Moorlands,Not answered,Disabled under the Equality Act: Day-to-day activities limited a lot,805,95800,0.8402922755741128
E07000198,Staffordshire Moorlands,Not answered,Disabled under the Equality Act: Day-to-day activities limited a little,703,95800,0.7338204592901879
E07000198,Staffordshire Moorlands,Not answered,Not disabled under the Equality Act,3584,95800,3.741127348643006
E07000199,Tamworth,Does not apply,Does not apply,0,78600,0
E07000199,Tamworth,Does not apply,Disabled under the Equality Act: Day-to-day activities limited a lot,0,78600,0
E07000199,Tamworth,Does not apply,Disabled under the Equality Act: Day-to-day activities limited a little,0,78600,0
E07000199,Tamworth,Does not apply,Not disabled under the Equality Act,0,78600,0
E07000199,Tamworth,Straight or Heterosexual,Does not apply,0,78600,0
E07000199,Tamworth,Straight or Heterosexual,Disabled under the Equality Act: Day-to-day activities limited a lot,5146,78600,6.5470737913486
E07000199,Tamworth,Straight or Heterosexual,Disabled under the Equality Act: Day-to-day activities limited a little,7065,78600,8.9885496183206115
E07000199,Tamworth,Straight or Heterosexual,Not disabled under the Equality Act,46539,78600,59.20992366412214
E07000199,Tamworth,Gay or Lesbian,Does not apply,0,78600,0
E07000199,Tamworth,Gay or Lesbian,Disabled under the Equality Act: Day-to-day activities limited a lot,70,78600,0.089058524173028
E07000199,Tamworth,Gay or Lesbian,Disabled under the Equality Act: Day-to-day activities limited a little,97,78600,0.12340966921119594
E07000199,Tamworth,Gay or Lesbian,Not disabled under the Equality Act,565,78600,0.7188295165394402
E07000199,Tamworth,Bisexual,Does not apply,0,78600,0
E07000199,Tamworth,Bisexual,Disabled under the Equality Act: Day-to-day activities limited a lot,76,78600,0.09669211195928754
E07000199,Tamworth,Bisexual,Disabled under the Equality Act: Day-to-day activities limited a little,150,78600,0.19083969465648856
E07000199,Tamworth,Bisexual,Not disabled under the Equality Act,373,78600,0.47455470737913485
E07000199,Tamworth,All other sexual orientations,Does not apply,0,78600,0
E07000199,Tamworth,All other sexual orientations,Disabled under the Equality Act: Day-to-day activities limited a lot,23,78600,0.029262086513994912
E07000199,Tamworth,All other sexual orientations,Disabled under the Equality Act: Day-to-day activities limited a little,31,78600,0.039440203562340966
E07000199,Tamworth,All other sexual orientations,Not disabled under the Equality Act,81,78600,0.10305343511450382
E07000199,Tamworth,Not answered,Does not apply,0,78600,0
E07000199,Tamworth,Not answered,Disabled under the Equality Act: Day-to-day activities limited a lot,404,78600,0.5139949109414759
E07000199,Tamworth,Not answered,Disabled under the Equality Act: Day-to-day activities limited a little,450,78600,0.5725190839694656
E07000199,Tamworth,Not answered,Not disabled under the Equality Act,2719,78600,3.459287531806616
E07000200,Babergh,Does not apply,Does not apply,0,92300,0
E07000200,Babergh,Does not apply,Disabled under the Equality Act: Day-to-day activities limited a lot,0,92300,0
E07000200,Babergh,Does not apply,Disabled under the Equality Act: Day-to-day activities limited a little,0,92300,0
E07000200,Babergh,Does not apply,Not disabled under the Equality Act,0,92300,0
E07000200,Babergh,Straight or Heterosexual,Does not apply,0,92300,0
E07000200,Babergh,Straight or Heterosexual,Disabled under the Equality Act: Day-to-day activities limited a lot,4998,92300,5.414951245937162
E07000200,Babergh,Straight or Heterosexual,Disabled under the Equality Act: Day-to-day activities limited a little,8361,92300,9.058504875406284
E07000200,Babergh,Straight or Heterosexual,Not disabled under the Equality Act,57075,92300,61.83640303358613
E07000200,Babergh,Gay or Lesbian,Does not apply,0,92300,0
E07000200,Babergh,Gay or Lesbian,Disabled under the Equality Act: Day-to-day activities limited a lot,59,92300,0.06392199349945829
E07000200,Babergh,Gay or Lesbian,Disabled under the Equality Act: Day-to-day activities limited a little,127,92300,0.13759479956663057
E07000200,Babergh,Gay or Lesbian,Not disabled under the Equality Act,657,92300,0.7118093174431203
E07000200,Babergh,Bisexual,Does not apply,0,92300,0
E07000200,Babergh,Bisexual,Disabled under the Equality Act: Day-to-day activities limited a lot,72,92300,0.0780065005417118
E07000200,Babergh,Bisexual,Disabled under the Equality Act: Day-to-day activities limited a little,181,92300,0.19609967497291442
E07000200,Babergh,Bisexual,Not disabled under the Equality Act,402,92300,0.4355362946912243
E07000200,Babergh,All other sexual orientations,Does not apply,0,92300,0
E07000200,Babergh,All other sexual orientations,Disabled under the Equality Act: Day-to-day activities limited a lot,22,92300,0.023835319609967497
E07000200,Babergh,All other sexual orientations,Disabled under the Equality Act: Day-to-day activities limited a little,32,92300,0.03466955579631636
E07000200,Babergh,All other sexual orientations,Not disabled under the Equality Act,95,92300,0.10292524377031419
E07000200,Babergh,Not answered,Does not apply,0,92300,0
E07000200,Babergh,Not answered,Disabled under the Equality Act: Day-to-day activities limited a lot,663,92300,0.7183098591549296
E07000200,Babergh,Not answered,Disabled under the Equality Act: Day-to-day activities limited a little,708,92300,0.7670639219934995
E07000200,Babergh,Not answered,Not disabled under the Equality Act,3925,92300,4.252437703141928
E07000202,Ipswich,Does not apply,Does not apply,0,139700,0
E07000202,Ipswich,Does not apply,Disabled under the Equality Act: Day-to-day activities limited a lot,0,139700,0
E07000202,Ipswich,Does not apply,Disabled under the Equality Act: Day-to-day activities limited a little,0,139700,0
E07000202,Ipswich,Does not apply,Not disabled under the Equality Act,0,139700,0
E07000202,Ipswich,Straight or Heterosexual,Does not apply,0,139700,0
E07000202,Ipswich,Straight or Heterosexual,Disabled under the Equality Act: Day-to-day activities limited a lot,8098,139700,5.796707229778096
E07000202,Ipswich,Straight or Heterosexual,Disabled under the Equality Act: Day-to-day activities limited a little,11819,139700,8.460272011453114
E07000202,Ipswich,Straight or Heterosexual,Not disabled under the Equality Act,79108,139700,56.62705798138869
E07000202,Ipswich,Gay or Lesbian,Does not apply,0,139700,0
E07000202,Ipswich,Gay or Lesbian,Disabled under the Equality Act: Day-to-day activities limited a lot,162,139700,0.11596277738010022
E07000202,Ipswich,Gay or Lesbian,Disabled under the Equality Act: Day-to-day activities limited a little,277,139700,0.19828203292770222
E07000202,Ipswich,Gay or Lesbian,Not disabled under the Equality Act,1285,139700,0.9198282032927703
E07000202,Ipswich,Bisexual,Does not apply,0,139700,0
E07000202,Ipswich,Bisexual,Disabled under the Equality Act: Day-to-day activities limited a lot,211,139700,0.15103793843951324
E07000202,Ipswich,Bisexual,Disabled under the Equality Act: Day-to-day activities limited a little,477,139700,0.34144595561918395
E07000202,Ipswich,Bisexual,Not disabled under the Equality Act,1063,139700,0.7609162491052255
E07000202,Ipswich,All other sexual orientations,Does not apply,0,139700,0
E07000202,Ipswich,All other sexual orientations,Disabled under the Equality Act: Day-to-day activities limited a lot,79,139700,0.05654974946313529
E07000202,Ipswich,All other sexual orientations,Disabled under the Equality Act: Day-to-day activities limited a little,111,139700,0.07945597709377238
E07000202,Ipswich,All other sexual orientations,Not disabled under the Equality Act,429,139700,0.30708661417322836
E07000202,Ipswich,Not answered,Does not apply,0,139700,0
E07000202,Ipswich,Not answered,Disabled under the Equality Act: Day-to-day activities limited a lot,977,139700,0.6993557623478883
E07000202,Ipswich,Not answered,Disabled under the Equality Act: Day-to-day activities limited a little,1085,139700,0.7766642806012884
E07000202,Ipswich,Not answered,Not disabled under the Equality Act,6652,139700,4.761632068718683
E07000203,Mid Suffolk,Does not apply,Does not apply,0,102700,0
E07000203,Mid Suffolk,Does not apply,Disabled under the Equality Act: Day-to-day activities limited a lot,0,102700,0
E07000203,Mid Suffolk,Does not apply,Disabled under the Equality Act: Day-to-day activities limited a little,0,102700,0
E07000203,Mid Suffolk,Does not apply,Not disabled under the Equality Act,0,102700,0
E07000203,Mid Suffolk,Straight or Heterosexual,Does not apply,0,102700,0
E07000203,Mid Suffolk,Straight or Heterosexual,Disabled under the Equality Act: Day-to-day activities limited a lot,5422,102700,5.279454722492697
E07000203,Mid Suffolk,Straight or Heterosexual,Disabled under the Equality Act: Day-to-day activities limited a little,9204,102700,8.962025316455696
E07000203,Mid Suffolk,Straight or Heterosexual,Not disabled under the Equality Act,64440,102700,62.745861733203505
E07000203,Mid Suffolk,Gay or Lesbian,Does not apply,0,102700,0
E07000203,Mid Suffolk,Gay or Lesbian,Disabled under the Equality Act: Day-to-day activities limited a lot,64,102700,0.062317429406037
E07000203,Mid Suffolk,Gay or Lesbian,Disabled under the Equality Act: Day-to-day activities limited a little,131,102700,0.12755598831548198
E07000203,Mid Suffolk,Gay or Lesbian,Not disabled under the Equality Act,796,102700,0.7750730282375852
E07000203,Mid Suffolk,Bisexual,Does not apply,0,102700,0
E07000203,Mid Suffolk,Bisexual,Disabled under the Equality Act: Day-to-day activities limited a lot,76,102700,0.07400194741966894
E07000203,Mid Suffolk,Bisexual,Disabled under the Equality Act: Day-to-day activities limited a little,190,102700,0.18500486854917234
E07000203,Mid Suffolk,Bisexual,Not disabled under the Equality Act,500,102700,0.48685491723466406
E07000203,Mid Suffolk,All other sexual orientations,Does not apply,0,102700,0
E07000203,Mid Suffolk,All other sexual orientations,Disabled under the Equality Act: Day-to-day activities limited a lot,26,102700,0.02531645569620253
E07000203,Mid Suffolk,All other sexual orientations,Disabled under the Equality Act: Day-to-day activities limited a little,50,102700,0.04868549172346641
E07000203,Mid Suffolk,All other sexual orientations,Not disabled under the Equality Act,102,102700,0.09931840311587146
E07000203,Mid Suffolk,Not answered,Does not apply,0,102700,0
E07000203,Mid Suffolk,Not answered,Disabled under the Equality Act: Day-to-day activities limited a lot,607,102700,0.5910418695228822
E07000203,Mid Suffolk,Not answered,Disabled under the Equality Act: Day-to-day activities limited a little,675,102700,0.6572541382667965
E07000203,Mid Suffolk,Not answered,Not disabled under the Equality Act,4024,102700,3.9182083739045765
E07000207,Elmbridge,Does not apply,Does not apply,0,138800,0
E07000207,Elmbridge,Does not apply,Disabled under the Equality Act: Day-to-day activities limited a lot,0,138800,0
E07000207,Elmbridge,Does not apply,Disabled under the Equality Act: Day-to-day activities limited a little,0,138800,0
E07000207,Elmbridge,Does not apply,Not disabled under the Equality Act,0,138800,0
E07000207,Elmbridge,Straight or Heterosexual,Does not apply,0,138800,0
E07000207,Elmbridge,Straight or Heterosexual,Disabled under the Equality Act: Day-to-day activities limited a lot,4899,138800,3.5295389048991352
E07000207,Elmbridge,Straight or Heterosexual,Disabled under the Equality Act: Day-to-day activities limited a little,8450,138800,6.087896253602305
E07000207,Elmbridge,Straight or Heterosexual,Not disabled under the Equality Act,86031,138800,61.981988472622476
E07000207,Elmbridge,Gay or Lesbian,Does not apply,0,138800,0
E07000207,Elmbridge,Gay or Lesbian,Disabled under the Equality Act: Day-to-day activities limited a lot,58,138800,0.04178674351585014
E07000207,Elmbridge,Gay or Lesbian,Disabled under the Equality Act: Day-to-day activities limited a little,134,138800,0.09654178674351585
E07000207,Elmbridge,Gay or Lesbian,Not disabled under the Equality Act,964,138800,0.6945244956772334
E07000207,Elmbridge,Bisexual,Does not apply,0,138800,0
E07000207,Elmbridge,Bisexual,Disabled under the Equality Act: Day-to-day activities limited a lot,68,138800,0.04899135446685879
E07000207,Elmbridge,Bisexual,Disabled under the Equality Act: Day-to-day activities limited a little,197,138800,0.1419308357348703
E07000207,Elmbridge,Bisexual,Not disabled under the Equality Act,575,138800,0.4142651296829971
E07000207,Elmbridge,All other sexual orientations,Does not apply,0,138800,0
E07000207,Elmbridge,All other sexual orientations,Disabled under the Equality Act: Day-to-day activities limited a lot,24,138800,0.01729106628242075
E07000207,Elmbridge,All other sexual orientations,Disabled under the Equality Act: Day-to-day activities limited a little,55,138800,0.03962536023054755
E07000207,Elmbridge,All other sexual orientations,Not disabled under the Equality Act,140,138800,0.10086455331412104
E07000207,Elmbridge,Not answered,Does not apply,0,138800,0
E07000207,Elmbridge,Not answered,Disabled under the Equality Act: Day-to-day activities limited a lot,548,138800,0.39481268011527376
E07000207,Elmbridge,Not answered,Disabled under the Equality Act: Day-to-day activities limited a little,670,138800,0.4827089337175792
E07000207,Elmbridge,Not answered,Not disabled under the Equality Act,5962,138800,4.295389048991354
E07000208,Epsom and Ewell,Does not apply,Does not apply,0,80900,0
E07000208,Epsom and Ewell,Does not apply,Disabled under the Equality Act: Day-to-day activities limited a lot,0,80900,0
E07000208,Epsom and Ewell,Does not apply,Disabled under the Equality Act: Day-to-day activities limited a little,0,80900,0
E07000208,Epsom and Ewell,Does not apply,Not disabled under the Equality Act,0,80900,0
E07000208,Epsom and Ewell,Straight or Heterosexual,Does not apply,0,80900,0
E07000208,Epsom and Ewell,Straight or Heterosexual,Disabled under the Equality Act: Day-to-day activities limited a lot,2996,80900,3.703337453646477
E07000208,Epsom and Ewell,Straight or Heterosexual,Disabled under the Equality Act: Day-to-day activities limited a little,5351,80900,6.61433868974042
E07000208,Epsom and Ewell,Straight or Heterosexual,Not disabled under the Equality Act,50385,80900,62.28059332509271
E07000208,Epsom and Ewell,Gay or Lesbian,Does not apply,0,80900,0
E07000208,Epsom and Ewell,Gay or Lesbian,Disabled under the Equality Act: Day-to-day activities limited a lot,38,80900,0.04697156983930779
E07000208,Epsom and Ewell,Gay or Lesbian,Disabled under the Equality Act: Day-to-day activities limited a little,83,80900,0.10259579728059333
E07000208,Epsom and Ewell,Gay or Lesbian,Not disabled under the Equality Act,572,80900,0.7070457354758962
E07000208,Epsom and Ewell,Bisexual,Does not apply,0,80900,0
E07000208,Epsom and Ewell,Bisexual,Disabled under the Equality Act: Day-to-day activities limited a lot,41,80900,0.05067985166872682
E07000208,Epsom and Ewell,Bisexual,Disabled under the Equality Act: Day-to-day activities limited a little,117,80900,0.1446229913473424
E07000208,Epsom and Ewell,Bisexual,Not disabled under the Equality Act,408,80900,0.5043263288009888
E07000208,Epsom and Ewell,All other sexual orientations,Does not apply,0,80900,0
E07000208,Epsom and Ewell,All other sexual orientations,Disabled under the Equality Act: Day-to-day activities limited a lot,18,80900,0.022249690976514216
E07000208,Epsom and Ewell,All other sexual orientations,Disabled under the Equality Act: Day-to-day activities limited a little,32,80900,0.03955500618046971
E07000208,Epsom and Ewell,All other sexual orientations,Not disabled under the Equality Act,92,80900,0.11372064276885044
E07000208,Epsom and Ewell,Not answered,Does not apply,0,80900,0
E07000208,Epsom and Ewell,Not answered,Disabled under the Equality Act: Day-to-day activities limited a lot,446,80900,0.5512978986402967
E07000208,Epsom and Ewell,Not answered,Disabled under the Equality Act: Day-to-day activities limited a little,406,80900,0.5018541409147095
E07000208,Epsom and Ewell,Not answered,Not disabled under the Equality Act,3624,80900,4.479604449938195
E07000209,Guildford,Does not apply,Does not apply,0,143600,0
E07000209,Guildford,Does not apply,Disabled under the Equality Act: Day-to-day activities limited a lot,0,143600,0
E07000209,Guildford,Does not apply,Disabled under the Equality Act: Day-to-day activities limited a little,0,143600,0
E07000209,Guildford,Does not apply,Not disabled under the Equality Act,0,143600,0
E07000209,Guildford,Straight or Heterosexual,Does not apply,0,143600,0
E07000209,Guildford,Straight or Heterosexual,Disabled under the Equality Act: Day-to-day activities limited a lot,5314,143600,3.700557103064067
E07000209,Guildford,Straight or Heterosexual,Disabled under the Equality Act: Day-to-day activities limited a little,10061,143600,7.006267409470752
E07000209,Guildford,Straight or Heterosexual,Not disabled under the Equality Act,90641,143600,63.120473537604454
E07000209,Guildford,Gay or Lesbian,Does not apply,0,143600,0
E07000209,Guildford,Gay or Lesbian,Disabled under the Equality Act: Day-to-day activities limited a lot,86,143600,0.05988857938718663
E07000209,Guildford,Gay or Lesbian,Disabled under the Equality Act: Day-to-day activities limited a little,227,143600,0.15807799442896936
E07000209,Guildford,Gay or Lesbian,Not disabled under the Equality Act,1357,143600,0.9449860724233984
E07000209,Guildford,Bisexual,Does not apply,0,143600,0
E07000209,Guildford,Bisexual,Disabled under the Equality Act: Day-to-day activities limited a lot,137,143600,0.09540389972144847
E07000209,Guildford,Bisexual,Disabled under the Equality Act: Day-to-day activities limited a little,502,143600,0.34958217270194986
E07000209,Guildford,Bisexual,Not disabled under the Equality Act,1350,143600,0.9401114206128134
E07000209,Guildford,All other sexual orientations,Does not apply,0,143600,0
E07000209,Guildford,All other sexual orientations,Disabled under the Equality Act: Day-to-day activities limited a lot,54,143600,0.037604456824512536
E07000209,Guildford,All other sexual orientations,Disabled under the Equality Act: Day-to-day activities limited a little,126,143600,0.08774373259052924
E07000209,Guildford,All other sexual orientations,Not disabled under the Equality Act,277,143600,0.19289693593314763
E07000209,Guildford,Not answered,Does not apply,0,143600,0
E07000209,Guildford,Not answered,Disabled under the Equality Act: Day-to-day activities limited a lot,611,143600,0.4254874651810585
E07000209,Guildford,Not answered,Disabled under the Equality Act: Day-to-day activities limited a little,936,143600,0.6518105849582173
E07000209,Guildford,Not answered,Not disabled under the Equality Act,7675,143600,5.344707520891365
E07000210,Mole Valley,Does not apply,Does not apply,0,87400,0
E07000210,Mole Valley,Does not apply,Disabled under the Equality Act: Day-to-day activities limited a lot,0,87400,0
E07000210,Mole Valley,Does not apply,Disabled under the Equality Act: Day-to-day activities limited a little,0,87400,0
E07000210,Mole Valley,Does not apply,Not disabled under the Equality Act,0,87400,0
E07000210,Mole Valley,Straight or Heterosexual,Does not apply,0,87400,0
E07000210,Mole Valley,Straight or Heterosexual,Disabled under the Equality Act: Day-to-day activities limited a lot,4050,87400,4.633867276887872
E07000210,Mole Valley,Straight or Heterosexual,Disabled under the Equality Act: Day-to-day activities limited a little,6897,87400,7.891304347826087
E07000210,Mole Valley,Straight or Heterosexual,Not disabled under the Equality Act,55242,87400,63.20594965675057
E07000210,Mole Valley,Gay or Lesbian,Does not apply,0,87400,0
E07000210,Mole Valley,Gay or Lesbian,Disabled under the Equality Act: Day-to-day activities limited a lot,53,87400,0.06064073226544622
E07000210,Mole Valley,Gay or Lesbian,Disabled under the Equality Act: Day-to-day activities limited a little,93,87400,0.10640732265446225
E07000210,Mole Valley,Gay or Lesbian,Not disabled under the Equality Act,614,87400,0.7025171624713958
E07000210,Mole Valley,Bisexual,Does not apply,0,87400,0
E07000210,Mole Valley,Bisexual,Disabled under the Equality Act: Day-to-day activities limited a lot,63,87400,0.07208237986270023
E07000210,Mole Valley,Bisexual,Disabled under the Equality Act: Day-to-day activities limited a little,140,87400,0.16018306636155608
E07000210,Mole Valley,Bisexual,Not disabled under the Equality Act,395,87400,0.45194508009153317
E07000210,Mole Valley,All other sexual orientations,Does not apply,0,87400,0
E07000210,Mole Valley,All other sexual orientations,Disabled under the Equality Act: Day-to-day activities limited a lot,19,87400,0.021739130434782608
E07000210,Mole Valley,All other sexual orientations,Disabled under the Equality Act: Day-to-day activities limited a little,49,87400,0.05606407322654462
E07000210,Mole Valley,All other sexual orientations,Not disabled under the Equality Act,79,87400,0.09038901601830664
E07000210,Mole Valley,Not answered,Does not apply,0,87400,0
E07000210,Mole Valley,Not answered,Disabled under the Equality Act: Day-to-day activities limited a lot,456,87400,0.5217391304347826
E07000210,Mole Valley,Not answered,Disabled under the Equality Act: Day-to-day activities limited a little,556,87400,0.6361556064073226
E07000210,Mole Valley,Not answered,Not disabled under the Equality Act,3633,87400,4.15675057208238
E07000211,Reigate and Banstead,Does not apply,Does not apply,0,150900,0
E07000211,Reigate and Banstead,Does not apply,Disabled under the Equality Act: Day-to-day activities limited a lot,0,150900,0
E07000211,Reigate and Banstead,Does not apply,Disabled under the Equality Act: Day-to-day activities limited a little,0,150900,0
E07000211,Reigate and Banstead,Does not apply,Not disabled under the Equality Act,0,150900,0
E07000211,Reigate and Banstead,Straight or Heterosexual,Does not apply,0,150900,0
E07000211,Reigate and Banstead,Straight or Heterosexual,Disabled under the Equality Act: Day-to-day activities limited a lot,6366,150900,4.21868787276342
E07000211,Reigate and Banstead,Straight or Heterosexual,Disabled under the Equality Act: Day-to-day activities limited a little,10522,150900,6.972829688535454
E07000211,Reigate and Banstead,Straight or Heterosexual,Not disabled under the Equality Act,92434,150900,61.25513585155732
E07000211,Reigate and Banstead,Gay or Lesbian,Does not apply,0,150900,0
E07000211,Reigate and Banstead,Gay or Lesbian,Disabled under the Equality Act: Day-to-day activities limited a lot,85,150900,0.05632869449966865
E07000211,Reigate and Banstead,Gay or Lesbian,Disabled under the Equality Act: Day-to-day activities limited a little,178,150900,0.11795891318754141
E07000211,Reigate and Banstead,Gay or Lesbian,Not disabled under the Equality Act,1135,150900,0.752153744201458
E07000211,Reigate and Banstead,Bisexual,Does not apply,0,150900,0
E07000211,Reigate and Banstead,Bisexual,Disabled under the Equality Act: Day-to-day activities limited a lot,107,150900,0.07090788601722996
E07000211,Reigate and Banstead,Bisexual,Disabled under the Equality Act: Day-to-day activities limited a little,251,150900,0.1663353214049039
E07000211,Reigate and Banstead,Bisexual,Not disabled under the Equality Act,731,150900,0.48442677269715045
E07000211,Reigate and Banstead,All other sexual orientations,Does not apply,0,150900,0
E07000211,Reigate and Banstead,All other sexual orientations,Disabled under the Equality Act: Day-to-day activities limited a lot,29,150900,0.019218025182239893
E07000211,Reigate and Banstead,All other sexual orientations,Disabled under the Equality Act: Day-to-day activities limited a little,64,150900,0.04241219350563287
E07000211,Reigate and Banstead,All other sexual orientations,Not disabled under the Equality Act,178,150900,0.11795891318754141
E07000211,Reigate and Banstead,Not answered,Does not apply,0,150900,0
E07000211,Reigate and Banstead,Not answered,Disabled under the Equality Act: Day-to-day activities limited a lot,882,150900,0.584493041749503
E07000211,Reigate and Banstead,Not answered,Disabled under the Equality Act: Day-to-day activities limited a little,850,150900,0.5632869449966865
E07000211,Reigate and Banstead,Not answered,Not disabled under the Equality Act,6318,150900,4.186878727634195
E07000212,Runnymede,Does not apply,Does not apply,0,88100,0
E07000212,Runnymede,Does not apply,Disabled under the Equality Act: Day-to-day activities limited a lot,0,88100,0
E07000212,Runnymede,Does not apply,Disabled under the Equality Act: Day-to-day activities limited a little,0,88100,0
E07000212,Runnymede,Does not apply,Not disabled under the Equality Act,0,88100,0
E07000212,Runnymede,Straight or Heterosexual,Does not apply,0,88100,0
E07000212,Runnymede,Straight or Heterosexual,Disabled under the Equality Act: Day-to-day activities limited a lot,3697,88100,4.196367763904654
E07000212,Runnymede,Straight or Heterosexual,Disabled under the Equality Act: Day-to-day activities limited a little,6156,88100,6.987514188422248
E07000212,Runnymede,Straight or Heterosexual,Not disabled under the Equality Act,54536,88100,61.90238365493757
E07000212,Runnymede,Gay or Lesbian,Does not apply,0,88100,0
E07000212,Runnymede,Gay or Lesbian,Disabled under the Equality Act: Day-to-day activities limited a lot,59,88100,0.06696935300794551
E07000212,Runnymede,Gay or Lesbian,Disabled under the Equality Act: Day-to-day activities limited a little,173,88100,0.1963677639046538
E07000212,Runnymede,Gay or Lesbian,Not disabled under the Equality Act,785,88100,0.8910329171396141
E07000212,Runnymede,Bisexual,Does not apply,0,88100,0
E07000212,Runnymede,Bisexual,Disabled under the Equality Act: Day-to-day activities limited a lot,83,88100,0.094211123723042
E07000212,Runnymede,Bisexual,Disabled under the Equality Act: Day-to-day activities limited a little,340,88100,0.3859250851305335
E07000212,Runnymede,Bisexual,Not disabled under the Equality Act,810,88100,0.9194097616345063
E07000212,Runnymede,All other sexual orientations,Does not apply,0,88100,0
E07000212,Runnymede,All other sexual orientations,Disabled under the Equality Act: Day-to-day activities limited a lot,37,88100,0.04199772985244041
E07000212,Runnymede,All other sexual orientations,Disabled under the Equality Act: Day-to-day activities limited a little,93,88100,0.10556186152099886
E07000212,Runnymede,All other sexual orientations,Not disabled under the Equality Act,155,88100,0.17593643586833144
E07000212,Runnymede,Not answered,Does not apply,0,88100,0
E07000212,Runnymede,Not answered,Disabled under the Equality Act: Day-to-day activities limited a lot,502,88100,0.5698070374574348
E07000212,Runnymede,Not answered,Disabled under the Equality Act: Day-to-day activities limited a little,677,88100,0.7684449489216799
E07000212,Runnymede,Not answered,Not disabled under the Equality Act,4620,88100,5.244040862656073
E07000213,Spelthorne,Does not apply,Does not apply,0,103000,0
E07000213,Spelthorne,Does not apply,Disabled under the Equality Act: Day-to-day activities limited a lot,0,103000,0
E07000213,Spelthorne,Does not apply,Disabled under the Equality Act: Day-to-day activities limited a little,0,103000,0
E07000213,Spelthorne,Does not apply,Not disabled under the Equality Act,0,103000,0
E07000213,Spelthorne,Straight or Heterosexual,Does not apply,0,103000,0
E07000213,Spelthorne,Straight or Heterosexual,Disabled under the Equality Act: Day-to-day activities limited a lot,4631,103000,4.496116504854369
E07000213,Spelthorne,Straight or Heterosexual,Disabled under the Equality Act: Day-to-day activities limited a little,7179,103000,6.969902912621359
E07000213,Spelthorne,Straight or Heterosexual,Not disabled under the Equality Act,63695,103000,61.83980582524272
E07000213,Spelthorne,Gay or Lesbian,Does not apply,0,103000,0
E07000213,Spelthorne,Gay or Lesbian,Disabled under the Equality Act: Day-to-day activities limited a lot,72,103000,0.06990291262135923
E07000213,Spelthorne,Gay or Lesbian,Disabled under the Equality Act: Day-to-day activities limited a little,129,103000,0.12524271844660195
E07000213,Spelthorne,Gay or Lesbian,Not disabled under the Equality Act,887,103000,0.8611650485436894
E07000213,Spelthorne,Bisexual,Does not apply,0,103000,0
E07000213,Spelthorne,Bisexual,Disabled under the Equality Act: Day-to-day activities limited a lot,68,103000,0.06601941747572816
E07000213,Spelthorne,Bisexual,Disabled under the Equality Act: Day-to-day activities limited a little,172,103000,0.1669902912621359
E07000213,Spelthorne,Bisexual,Not disabled under the Equality Act,464,103000,0.45048543689320386
E07000213,Spelthorne,All other sexual orientations,Does not apply,0,103000,0
E07000213,Spelthorne,All other sexual orientations,Disabled under the Equality Act: Day-to-day activities limited a lot,17,103000,0.01650485436893204
E07000213,Spelthorne,All other sexual orientations,Disabled under the Equality Act: Day-to-day activities limited a little,34,103000,0.03300970873786408
E07000213,Spelthorne,All other sexual orientations,Not disabled under the Equality Act,110,103000,0.10679611650485436
E07000213,Spelthorne,Not answered,Does not apply,0,103000,0
E07000213,Spelthorne,Not answered,Disabled under the Equality Act: Day-to-day activities limited a lot,513,103000,0.4980582524271845
E07000213,Spelthorne,Not answered,Disabled under the Equality Act: Day-to-day activities limited a little,576,103000,0.5592233009708738
E07000213,Spelthorne,Not answered,Not disabled under the Equality Act,4815,103000,4.674757281553398
E07000214,Surrey Heath,Does not apply,Does not apply,0,90500,0
E07000214,Surrey Heath,Does not apply,Disabled under the Equality Act: Day-to-day activities limited a lot,0,90500,0
E07000214,Surrey Heath,Does not apply,Disabled under the Equality Act: Day-to-day activities limited a little,0,90500,0
E07000214,Surrey Heath,Does not apply,Not disabled under the Equality Act,0,90500,0
E07000214,Surrey Heath,Straight or Heterosexual,Does not apply,0,90500,0
E07000214,Surrey Heath,Straight or Heterosexual,Disabled under the Equality Act: Day-to-day activities limited a lot,3753,90500,4.146961325966851
E07000214,Surrey Heath,Straight or Heterosexual,Disabled under the Equality Act: Day-to-day activities limited a little,6405,90500,7.077348066298343
E07000214,Surrey Heath,Straight or Heterosexual,Not disabled under the Equality Act,57641,90500,63.69171270718232
E07000214,Surrey Heath,Gay or Lesbian,Does not apply,0,90500,0
E07000214,Surrey Heath,Gay or Lesbian,Disabled under the Equality Act: Day-to-day activities limited a lot,36,90500,0.039779005524861875
E07000214,Surrey Heath,Gay or Lesbian,Disabled under the Equality Act: Day-to-day activities limited a little,91,90500,0.1005524861878453
E07000214,Surrey Heath,Gay or Lesbian,Not disabled under the Equality Act,648,90500,0.7160220994475138
E07000214,Surrey Heath,Bisexual,Does not apply,0,90500,0
E07000214,Surrey Heath,Bisexual,Disabled under the Equality Act: Day-to-day activities limited a lot,42,90500,0.04640883977900553
E07000214,Surrey Heath,Bisexual,Disabled under the Equality Act: Day-to-day activities limited a little,157,90500,0.1734806629834254
E07000214,Surrey Heath,Bisexual,Not disabled under the Equality Act,390,90500,0.430939226519337
E07000214,Surrey Heath,All other sexual orientations,Does not apply,0,90500,0
E07000214,Surrey Heath,All other sexual orientations,Disabled under the Equality Act: Day-to-day activities limited a lot,9,90500,0.009944751381215469
E07000214,Surrey Heath,All other sexual orientations,Disabled under the Equality Act: Day-to-day activities limited a little,49,90500,0.05414364640883978
E07000214,Surrey Heath,All other sexual orientations,Not disabled under the Equality Act,98,90500,0.10828729281767956
E07000214,Surrey Heath,Not answered,Does not apply,0,90500,0
E07000214,Surrey Heath,Not answered,Disabled under the Equality Act: Day-to-day activities limited a lot,373,90500,0.4121546961325967
E07000214,Surrey Heath,Not answered,Disabled under the Equality Act: Day-to-day activities limited a little,442,90500,0.48839779005524864
E07000214,Surrey Heath,Not answered,Not disabled under the Equality Act,3650,90500,4.033149171270718
E07000215,Tandridge,Does not apply,Does not apply,0,87900,0
E07000215,Tandridge,Does not apply,Disabled under the Equality Act: Day-to-day activities limited a lot,0,87900,0
E07000215,Tandridge,Does not apply,Disabled under the Equality Act: Day-to-day activities limited a little,0,87900,0
E07000215,Tandridge,Does not apply,Not disabled under the Equality Act,0,87900,0
E07000215,Tandridge,Straight or Heterosexual,Does not apply,0,87900,0
E07000215,Tandridge,Straight or Heterosexual,Disabled under the Equality Act: Day-to-day activities limited a lot,3915,87900,4.453924914675768
E07000215,Tandridge,Straight or Heterosexual,Disabled under the Equality Act: Day-to-day activities limited a little,6582,87900,7.488054607508532
E07000215,Tandridge,Straight or Heterosexual,Not disabled under the Equality Act,54221,87900,61.684869169510804
E07000215,Tandridge,Gay or Lesbian,Does not apply,0,87900,0
E07000215,Tandridge,Gay or Lesbian,Disabled under the Equality Act: Day-to-day activities limited a lot,49,87900,0.055745164960182024
E07000215,Tandridge,Gay or Lesbian,Disabled under the Equality Act: Day-to-day activities limited a little,111,87900,0.12627986348122866
E07000215,Tandridge,Gay or Lesbian,Not disabled under the Equality Act,583,87900,0.6632536973833902
E07000215,Tandridge,Bisexual,Does not apply,0,87900,0
E07000215,Tandridge,Bisexual,Disabled under the Equality Act: Day-to-day activities limited a lot,70,87900,0.07963594994311718
E07000215,Tandridge,Bisexual,Disabled under the Equality Act: Day-to-day activities limited a little,139,87900,0.15813424345847554
E07000215,Tandridge,Bisexual,Not disabled under the Equality Act,350,87900,0.3981797497155859
E07000215,Tandridge,All other sexual orientations,Does not apply,0,87900,0
E07000215,Tandridge,All other sexual orientations,Disabled under the Equality Act: Day-to-day activities limited a lot,29,87900,0.03299203640500569
E07000215,Tandridge,All other sexual orientations,Disabled under the Equality Act: Day-to-day activities limited a little,47,87900,0.053469852104664393
E07000215,Tandridge,All other sexual orientations,Not disabled under the Equality Act,67,87900,0.07622298065984073
E07000215,Tandridge,Not answered,Does not apply,0,87900,0
E07000215,Tandridge,Not answered,Disabled under the Equality Act: Day-to-day activities limited a lot,621,87900,0.7064846416382252
E07000215,Tandridge,Not answered,Disabled under the Equality Act: Day-to-day activities limited a little,519,87900,0.590443686006826
E07000215,Tandridge,Not answered,Not disabled under the Equality Act,3524,87900,4.009101251422071
E07000216,Waverley,Does not apply,Does not apply,0,128200,0
E07000216,Waverley,Does not apply,Disabled under the Equality Act: Day-to-day activities limited a lot,0,128200,0
E07000216,Waverley,Does not apply,Disabled under the Equality Act: Day-to-day activities limited a little,0,128200,0
E07000216,Waverley,Does not apply,Not disabled under the Equality Act,0,128200,0
E07000216,Waverley,Straight or Heterosexual,Does not apply,0,128200,0
E07000216,Waverley,Straight or Heterosexual,Disabled under the Equality Act: Day-to-day activities limited a lot,5207,128200,4.061622464898596
E07000216,Waverley,Straight or Heterosexual,Disabled under the Equality Act: Day-to-day activities limited a little,9578,128200,7.471138845553822
E07000216,Waverley,Straight or Heterosexual,Not disabled under the Equality Act,79413,128200,61.94461778471139
E07000216,Waverley,Gay or Lesbian,Does not apply,0,128200,0
E07000216,Waverley,Gay or Lesbian,Disabled under the Equality Act: Day-to-day activities limited a lot,63,128200,0.04914196567862714
E07000216,Waverley,Gay or Lesbian,Disabled under the Equality Act: Day-to-day activities limited a little,171,128200,0.13338533541341654
E07000216,Waverley,Gay or Lesbian,Not disabled under the Equality Act,842,128200,0.656786271450858
E07000216,Waverley,Bisexual,Does not apply,0,128200,0
E07000216,Waverley,Bisexual,Disabled under the Equality Act: Day-to-day activities limited a lot,87,128200,0.06786271450858035
E07000216,Waverley,Bisexual,Disabled under the Equality Act: Day-to-day activities limited a little,334,128200,0.26053042121684866
E07000216,Waverley,Bisexual,Not disabled under the Equality Act,804,128200,0.6271450858034321
E07000216,Waverley,All other sexual orientations,Does not apply,0,128200,0
E07000216,Waverley,All other sexual orientations,Disabled under the Equality Act: Day-to-day activities limited a lot,30,128200,0.0234009360374415
E07000216,Waverley,All other sexual orientations,Disabled under the Equality Act: Day-to-day activities limited a little,111,128200,0.08658346333853355
E07000216,Waverley,All other sexual orientations,Not disabled under the Equality Act,136,128200,0.10608424336973479
E07000216,Waverley,Not answered,Does not apply,0,128200,0
E07000216,Waverley,Not answered,Disabled under the Equality Act: Day-to-day activities limited a lot,677,128200,0.5280811232449298
E07000216,Waverley,Not answered,Disabled under the Equality Act: Day-to-day activities limited a little,755,128200,0.5889235569422777
E07000216,Waverley,Not answered,Not disabled under the Equality Act,5427,128200,4.233229329173167
E07000217,Woking,Does not apply,Does not apply,0,103900,0
E07000217,Woking,Does not apply,Disabled under the Equality Act: Day-to-day activities limited a lot,0,103900,0
E07000217,Woking,Does not apply,Disabled under the Equality Act: Day-to-day activities limited a little,0,103900,0
E07000217,Woking,Does not apply,Not disabled under the Equality Act,0,103900,0
E07000217,Woking,Straight or Heterosexual,Does not apply,0,103900,0
E07000217,Woking,Straight or Heterosexual,Disabled under the Equality Act: Day-to-day activities limited a lot,4249,103900,4.089509143407122
E07000217,Woking,Straight or Heterosexual,Disabled under the Equality Act: Day-to-day activities limited a little,7071,103900,6.8055822906641
E07000217,Woking,Straight or Heterosexual,Not disabled under the Equality Act,64106,103900,61.69971126082772
E07000217,Woking,Gay or Lesbian,Does not apply,0,103900,0
E07000217,Woking,Gay or Lesbian,Disabled under the Equality Act: Day-to-day activities limited a lot,53,103900,0.05101058710298364
E07000217,Woking,Gay or Lesbian,Disabled under the Equality Act: Day-to-day activities limited a little,121,103900,0.11645813282001925
E07000217,Woking,Gay or Lesbian,Not disabled under the Equality Act,805,103900,0.7747834456207893
E07000217,Woking,Bisexual,Does not apply,0,103900,0
E07000217,Woking,Bisexual,Disabled under the Equality Act: Day-to-day activities limited a lot,78,103900,0.07507218479307026
E07000217,Woking,Bisexual,Disabled under the Equality Act: Day-to-day activities limited a little,206,103900,0.19826756496631376
E07000217,Woking,Bisexual,Not disabled under the Equality Act,554,103900,0.5332050048123196
E07000217,Woking,All other sexual orientations,Does not apply,0,103900,0
E07000217,Woking,All other sexual orientations,Disabled under the Equality Act: Day-to-day activities limited a lot,28,103900,0.026948989412897015
E07000217,Woking,All other sexual orientations,Disabled under the Equality Act: Day-to-day activities limited a little,53,103900,0.05101058710298364
E07000217,Woking,All other sexual orientations,Not disabled under the Equality Act,201,103900,0.19345524542829645
E07000217,Woking,Not answered,Does not apply,0,103900,0
E07000217,Woking,Not answered,Disabled under the Equality Act: Day-to-day activities limited a lot,427,103900,0.4109720885466795
E07000217,Woking,Not answered,Disabled under the Equality Act: Day-to-day activities limited a little,561,103900,0.5399422521655438
E07000217,Woking,Not answered,Not disabled under the Equality Act,4468,103900,4.300288739172281
E07000218,North Warwickshire,Does not apply,Does not apply,0,65000,0
E07000218,North Warwickshire,Does not apply,Disabled under the Equality Act: Day-to-day activities limited a lot,0,65000,0
E07000218,North Warwickshire,Does not apply,Disabled under the Equality Act: Day-to-day activities limited a little,0,65000,0
E07000218,North Warwickshire,Does not apply,Not disabled under the Equality Act,0,65000,0
E07000218,North Warwickshire,Straight or Heterosexual,Does not apply,0,65000,0
E07000218,North Warwickshire,Straight or Heterosexual,Disabled under the Equality Act: Day-to-day activities limited a lot,4376,65000,6.7323076923076925
E07000218,North Warwickshire,Straight or Heterosexual,Disabled under the Equality Act: Day-to-day activities limited a little,5782,65000,8.895384615384616
E07000218,North Warwickshire,Straight or Heterosexual,Not disabled under the Equality Act,39396,65000,60.60923076923077
E07000218,North Warwickshire,Gay or Lesbian,Does not apply,0,65000,0
E07000218,North Warwickshire,Gay or Lesbian,Disabled under the Equality Act: Day-to-day activities limited a lot,48,65000,0.07384615384615385
E07000218,North Warwickshire,Gay or Lesbian,Disabled under the Equality Act: Day-to-day activities limited a little,85,65000,0.13076923076923078
E07000218,North Warwickshire,Gay or Lesbian,Not disabled under the Equality Act,519,65000,0.7984615384615384
E07000218,North Warwickshire,Bisexual,Does not apply,0,65000,0
E07000218,North Warwickshire,Bisexual,Disabled under the Equality Act: Day-to-day activities limited a lot,55,65000,0.08461538461538462
E07000218,North Warwickshire,Bisexual,Disabled under the Equality Act: Day-to-day activities limited a little,114,65000,0.1753846153846154
E07000218,North Warwickshire,Bisexual,Not disabled under the Equality Act,287,65000,0.44153846153846155
E07000218,North Warwickshire,All other sexual orientations,Does not apply,0,65000,0
E07000218,North Warwickshire,All other sexual orientations,Disabled under the Equality Act: Day-to-day activities limited a lot,16,65000,0.024615384615384615
E07000218,North Warwickshire,All other sexual orientations,Disabled under the Equality Act: Day-to-day activities limited a little,27,65000,0.04153846153846154
E07000218,North Warwickshire,All other sexual orientations,Not disabled under the Equality Act,59,65000,0.09076923076923077
E07000218,North Warwickshire,Not answered,Does not apply,0,65000,0
E07000218,North Warwickshire,Not answered,Disabled under the Equality Act: Day-to-day activities limited a lot,446,65000,0.6861538461538461
E07000218,North Warwickshire,Not answered,Disabled under the Equality Act: Day-to-day activities limited a little,377,65000,0.58
E07000218,North Warwickshire,Not answered,Not disabled under the Equality Act,2312,65000,3.556923076923077
E07000219,Nuneaton and Bedworth,Does not apply,Does not apply,0,134200,0
E07000219,Nuneaton and Bedworth,Does not apply,Disabled under the Equality Act: Day-to-day activities limited a lot,0,134200,0
E07000219,Nuneaton and Bedworth,Does not apply,Disabled under the Equality Act: Day-to-day activities limited a little,0,134200,0
E07000219,Nuneaton and Bedworth,Does not apply,Not disabled under the Equality Act,0,134200,0
E07000219,Nuneaton and Bedworth,Straight or Heterosexual,Does not apply,0,134200,0
E07000219,Nuneaton and Bedworth,Straight or Heterosexual,Disabled under the Equality Act: Day-to-day activities limited a lot,9231,134200,6.878539493293592
E07000219,Nuneaton and Bedworth,Straight or Heterosexual,Disabled under the Equality Act: Day-to-day activities limited a little,11972,134200,8.921013412816691
E07000219,Nuneaton and Bedworth,Straight or Heterosexual,Not disabled under the Equality Act,77778,134200,57.95678092399404
E07000219,Nuneaton and Bedworth,Gay or Lesbian,Does not apply,0,134200,0
E07000219,Nuneaton and Bedworth,Gay or Lesbian,Disabled under the Equality Act: Day-to-day activities limited a lot,156,134200,0.11624441132637854
E07000219,Nuneaton and Bedworth,Gay or Lesbian,Disabled under the Equality Act: Day-to-day activities limited a little,203,134200,0.1512667660208644
E07000219,Nuneaton and Bedworth,Gay or Lesbian,Not disabled under the Equality Act,1002,134200,0.7466467958271237
E07000219,Nuneaton and Bedworth,Bisexual,Does not apply,0,134200,0
E07000219,Nuneaton and Bedworth,Bisexual,Disabled under the Equality Act: Day-to-day activities limited a lot,118,134200,0.08792846497764531
E07000219,Nuneaton and Bedworth,Bisexual,Disabled under the Equality Act: Day-to-day activities limited a little,297,134200,0.22131147540983606
E07000219,Nuneaton and Bedworth,Bisexual,Not disabled under the Equality Act,674,134200,0.5022354694485842
E07000219,Nuneaton and Bedworth,All other sexual orientations,Does not apply,0,134200,0
E07000219,Nuneaton and Bedworth,All other sexual orientations,Disabled under the Equality Act: Day-to-day activities limited a lot,40,134200,0.029806259314456036
E07000219,Nuneaton and Bedworth,All other sexual orientations,Disabled under the Equality Act: Day-to-day activities limited a little,48,134200,0.03576751117734724
E07000219,Nuneaton and Bedworth,All other sexual orientations,Not disabled under the Equality Act,153,134200,0.11400894187779434
E07000219,Nuneaton and Bedworth,Not answered,Does not apply,0,134200,0
E07000219,Nuneaton and Bedworth,Not answered,Disabled under the Equality Act: Day-to-day activities limited a lot,869,134200,0.6475409836065574
E07000219,Nuneaton and Bedworth,Not answered,Disabled under the Equality Act: Day-to-day activities limited a little,874,134200,0.6512667660208644
E07000219,Nuneaton and Bedworth,Not answered,Not disabled under the Equality Act,5176,134200,3.856929955290611
E07000220,Rugby,Does not apply,Does not apply,0,114400,0
E07000220,Rugby,Does not apply,Disabled under the Equality Act: Day-to-day activities limited a lot,0,114400,0
E07000220,Rugby,Does not apply,Disabled under the Equality Act: Day-to-day activities limited a little,0,114400,0
E07000220,Rugby,Does not apply,Not disabled under the Equality Act,0,114400,0
E07000220,Rugby,Straight or Heterosexual,Does not apply,0,114400,0
E07000220,Rugby,Straight or Heterosexual,Disabled under the Equality Act: Day-to-day activities limited a lot,5590,114400,4.886363636363637
E07000220,Rugby,Straight or Heterosexual,Disabled under the Equality Act: Day-to-day activities limited a little,9113,114400,7.965909090909091
E07000220,Rugby,Straight or Heterosexual,Not disabled under the Equality Act,68766,114400,60.11013986013986
E07000220,Rugby,Gay or Lesbian,Does not apply,0,114400,0
E07000220,Rugby,Gay or Lesbian,Disabled under the Equality Act: Day-to-day activities limited a lot,73,114400,0.06381118881118882
E07000220,Rugby,Gay or Lesbian,Disabled under the Equality Act: Day-to-day activities limited a little,173,114400,0.15122377622377622
E07000220,Rugby,Gay or Lesbian,Not disabled under the Equality Act,827,114400,0.7229020979020979
E07000220,Rugby,Bisexual,Does not apply,0,114400,0
E07000220,Rugby,Bisexual,Disabled under the Equality Act: Day-to-day activities limited a lot,98,114400,0.08566433566433566
E07000220,Rugby,Bisexual,Disabled under the Equality Act: Day-to-day activities limited a little,252,114400,0.2202797202797203
E07000220,Rugby,Bisexual,Not disabled under the Equality Act,623,114400,0.5445804195804196
E07000220,Rugby,All other sexual orientations,Does not apply,0,114400,0
E07000220,Rugby,All other sexual orientations,Disabled under the Equality Act: Day-to-day activities limited a lot,37,114400,0.032342657342657344
E07000220,Rugby,All other sexual orientations,Disabled under the Equality Act: Day-to-day activities limited a little,56,114400,0.04895104895104895
E07000220,Rugby,All other sexual orientations,Not disabled under the Equality Act,162,114400,0.14160839160839161
E07000220,Rugby,Not answered,Does not apply,0,114400,0
E07000220,Rugby,Not answered,Disabled under the Equality Act: Day-to-day activities limited a lot,574,114400,0.5017482517482518
E07000220,Rugby,Not answered,Disabled under the Equality Act: Day-to-day activities limited a little,759,114400,0.6634615384615384
E07000220,Rugby,Not answered,Not disabled under the Equality Act,5084,114400,4.444055944055944
E07000221,Stratford-on-Avon,Does not apply,Does not apply,0,134700,0
E07000221,Stratford-on-Avon,Does not apply,Disabled under the Equality Act: Day-to-day activities limited a lot,0,134700,0
E07000221,Stratford-on-Avon,Does not apply,Disabled under the Equality Act: Day-to-day activities limited a little,0,134700,0
E07000221,Stratford-on-Avon,Does not apply,Not disabled under the Equality Act,0,134700,0
E07000221,Stratford-on-Avon,Straight or Heterosexual,Does not apply,0,134700,0
E07000221,Stratford-on-Avon,Straight or Heterosexual,Disabled under the Equality Act: Day-to-day activities limited a lot,6589,134700,4.891610987379361
E07000221,Stratford-on-Avon,Straight or Heterosexual,Disabled under the Equality Act: Day-to-day activities limited a little,11536,134700,8.56421677802524
E07000221,Stratford-on-Avon,Straight or Heterosexual,Not disabled under the Equality Act,85040,134700,63.13288789903489
E07000221,Stratford-on-Avon,Gay or Lesbian,Does not apply,0,134700,0
E07000221,Stratford-on-Avon,Gay or Lesbian,Disabled under the Equality Act: Day-to-day activities limited a lot,79,134700,0.05864884929472903
E07000221,Stratford-on-Avon,Gay or Lesbian,Disabled under the Equality Act: Day-to-day activities limited a little,169,134700,0.12546399406087602
E07000221,Stratford-on-Avon,Gay or Lesbian,Not disabled under the Equality Act,1024,134700,0.7602078693392724
E07000221,Stratford-on-Avon,Bisexual,Does not apply,0,134700,0
E07000221,Stratford-on-Avon,Bisexual,Disabled under the Equality Act: Day-to-day activities limited a lot,100,134700,0.07423904974016332
E07000221,Stratford-on-Avon,Bisexual,Disabled under the Equality Act: Day-to-day activities limited a little,237,134700,0.1759465478841871
E07000221,Stratford-on-Avon,Bisexual,Not disabled under the Equality Act,608,134700,0.451373422420193
E07000221,Stratford-on-Avon,All other sexual orientations,Does not apply,0,134700,0
E07000221,Stratford-on-Avon,All other sexual orientations,Disabled under the Equality Act: Day-to-day activities limited a lot,31,134700,0.02301410541945063
E07000221,Stratford-on-Avon,All other sexual orientations,Disabled under the Equality Act: Day-to-day activities limited a little,61,134700,0.04528582034149963
E07000221,Stratford-on-Avon,All other sexual orientations,Not disabled under the Equality Act,117,134700,0.08685968819599109
E07000221,Stratford-on-Avon,Not answered,Does not apply,0,134700,0
E07000221,Stratford-on-Avon,Not answered,Disabled under the Equality Act: Day-to-day activities limited a lot,727,134700,0.5397178916109874
E07000221,Stratford-on-Avon,Not answered,Disabled under the Equality Act: Day-to-day activities limited a little,858,134700,0.6369710467706013
E07000221,Stratford-on-Avon,Not answered,Not disabled under the Equality Act,5462,134700,4.054936896807721
E07000222,Warwick,Does not apply,Does not apply,0,148500,0
E07000222,Warwick,Does not apply,Disabled under the Equality Act: Day-to-day activities limited a lot,0,148500,0
E07000222,Warwick,Does not apply,Disabled under the Equality Act: Day-to-day activities limited a little,0,148500,0
E07000222,Warwick,Does not apply,Not disabled under the Equality Act,0,148500,0
E07000222,Warwick,Straight or Heterosexual,Does not apply,0,148500,0
E07000222,Warwick,Straight or Heterosexual,Disabled under the Equality Act: Day-to-day activities limited a lot,6664,148500,4.487542087542088
E07000222,Warwick,Straight or Heterosexual,Disabled under the Equality Act: Day-to-day activities limited a little,11626,148500,7.828956228956229
E07000222,Warwick,Straight or Heterosexual,Not disabled under the Equality Act,92441,148500,62.24983164983165
E07000222,Warwick,Gay or Lesbian,Does not apply,0,148500,0
E07000222,Warwick,Gay or Lesbian,Disabled under the Equality Act: Day-to-day activities limited a lot,104,148500,0.07003367003367003
E07000222,Warwick,Gay or Lesbian,Disabled under the Equality Act: Day-to-day activities limited a little,255,148500,0.1717171717171717
E07000222,Warwick,Gay or Lesbian,Not disabled under the Equality Act,1285,148500,0.8653198653198653
E07000222,Warwick,Bisexual,Does not apply,0,148500,0
E07000222,Warwick,Bisexual,Disabled under the Equality Act: Day-to-day activities limited a lot,149,148500,0.10033670033670034
E07000222,Warwick,Bisexual,Disabled under the Equality Act: Day-to-day activities limited a little,504,148500,0.3393939393939394
E07000222,Warwick,Bisexual,Not disabled under the Equality Act,1348,148500,0.9077441077441077
E07000222,Warwick,All other sexual orientations,Does not apply,0,148500,0
E07000222,Warwick,All other sexual orientations,Disabled under the Equality Act: Day-to-day activities limited a lot,53,148500,0.03569023569023569
E07000222,Warwick,All other sexual orientations,Disabled under the Equality Act: Day-to-day activities limited a little,139,148500,0.0936026936026936
E07000222,Warwick,All other sexual orientations,Not disabled under the Equality Act,297,148500,0.2
E07000222,Warwick,Not answered,Does not apply,0,148500,0
E07000222,Warwick,Not answered,Disabled under the Equality Act: Day-to-day activities limited a lot,754,148500,0.5077441077441077
E07000222,Warwick,Not answered,Disabled under the Equality Act: Day-to-day activities limited a little,892,148500,0.6006734006734007
E07000222,Warwick,Not answered,Not disabled under the Equality Act,6745,148500,4.542087542087542
E07000223,Adur,Does not apply,Does not apply,0,64500,0
E07000223,Adur,Does not apply,Disabled under the Equality Act: Day-to-day activities limited a lot,0,64500,0
E07000223,Adur,Does not apply,Disabled under the Equality Act: Day-to-day activities limited a little,0,64500,0
E07000223,Adur,Does not apply,Not disabled under the Equality Act,0,64500,0
E07000223,Adur,Straight or Heterosexual,Does not apply,0,64500,0
E07000223,Adur,Straight or Heterosexual,Disabled under the Equality Act: Day-to-day activities limited a lot,4103,64500,6.36124031007752
E07000223,Adur,Straight or Heterosexual,Disabled under the Equality Act: Day-to-day activities limited a little,6180,64500,9.581395348837209
E07000223,Adur,Straight or Heterosexual,Not disabled under the Equality Act,37455,64500,58.06976744186046
E07000223,Adur,Gay or Lesbian,Does not apply,0,64500,0
E07000223,Adur,Gay or Lesbian,Disabled under the Equality Act: Day-to-day activities limited a lot,67,64500,0.10387596899224806
E07000223,Adur,Gay or Lesbian,Disabled under the Equality Act: Day-to-day activities limited a little,171,64500,0.2651162790697674
E07000223,Adur,Gay or Lesbian,Not disabled under the Equality Act,776,64500,1.2031007751937985
E07000223,Adur,Bisexual,Does not apply,0,64500,0
E07000223,Adur,Bisexual,Disabled under the Equality Act: Day-to-day activities limited a lot,86,64500,0.13333333333333333
E07000223,Adur,Bisexual,Disabled under the Equality Act: Day-to-day activities limited a little,165,64500,0.2558139534883721
E07000223,Adur,Bisexual,Not disabled under the Equality Act,373,64500,0.5782945736434109
E07000223,Adur,All other sexual orientations,Does not apply,0,64500,0
E07000223,Adur,All other sexual orientations,Disabled under the Equality Act: Day-to-day activities limited a lot,26,64500,0.040310077519379844
E07000223,Adur,All other sexual orientations,Disabled under the Equality Act: Day-to-day activities limited a little,52,64500,0.08062015503875969
E07000223,Adur,All other sexual orientations,Not disabled under the Equality Act,75,64500,0.11627906976744186
E07000223,Adur,Not answered,Does not apply,0,64500,0
E07000223,Adur,Not answered,Disabled under the Equality Act: Day-to-day activities limited a lot,448,64500,0.6945736434108527
E07000223,Adur,Not answered,Disabled under the Equality Act: Day-to-day activities limited a little,499,64500,0.7736434108527132
E07000223,Adur,Not answered,Not disabled under the Equality Act,2479,64500,3.8434108527131783
E07000224,Arun,Does not apply,Does not apply,0,164800,0
E07000224,Arun,Does not apply,Disabled under the Equality Act: Day-to-day activities limited a lot,0,164800,0
E07000224,Arun,Does not apply,Disabled under the Equality Act: Day-to-day activities limited a little,0,164800,0
E07000224,Arun,Does not apply,Not disabled under the Equality Act,0,164800,0
E07000224,Arun,Straight or Heterosexual,Does not apply,0,164800,0
E07000224,Arun,Straight or Heterosexual,Disabled under the Equality Act: Day-to-day activities limited a lot,10838,164800,6.576456310679611
E07000224,Arun,Straight or Heterosexual,Disabled under the Equality Act: Day-to-day activities limited a little,16290,164800,9.884708737864077
E07000224,Arun,Straight or Heterosexual,Not disabled under the Equality Act,98862,164800,59.98907766990291
E07000224,Arun,Gay or Lesbian,Does not apply,0,164800,0
E07000224,Arun,Gay or Lesbian,Disabled under the Equality Act: Day-to-day activities limited a lot,180,164800,0.10922330097087378
E07000224,Arun,Gay or Lesbian,Disabled under the Equality Act: Day-to-day activities limited a little,302,164800,0.18325242718446602
E07000224,Arun,Gay or Lesbian,Not disabled under the Equality Act,1522,164800,0.9235436893203883
E07000224,Arun,Bisexual,Does not apply,0,164800,0
E07000224,Arun,Bisexual,Disabled under the Equality Act: Day-to-day activities limited a lot,163,164800,0.09890776699029126
E07000224,Arun,Bisexual,Disabled under the Equality Act: Day-to-day activities limited a little,356,164800,0.21601941747572814
E07000224,Arun,Bisexual,Not disabled under the Equality Act,846,164800,0.5133495145631068
E07000224,Arun,All other sexual orientations,Does not apply,0,164800,0
E07000224,Arun,All other sexual orientations,Disabled under the Equality Act: Day-to-day activities limited a lot,52,164800,0.03155339805825243
E07000224,Arun,All other sexual orientations,Disabled under the Equality Act: Day-to-day activities limited a little,79,164800,0.047936893203883495
E07000224,Arun,All other sexual orientations,Not disabled under the Equality Act,179,164800,0.10861650485436893
E07000224,Arun,Not answered,Does not apply,0,164800,0
E07000224,Arun,Not answered,Disabled under the Equality Act: Day-to-day activities limited a lot,1281,164800,0.7773058252427184
E07000224,Arun,Not answered,Disabled under the Equality Act: Day-to-day activities limited a little,1306,164800,0.7924757281553398
E07000224,Arun,Not answered,Not disabled under the Equality Act,7301,164800,4.430218446601942
E07000225,Chichester,Does not apply,Does not apply,0,124100,0
E07000225,Chichester,Does not apply,Disabled under the Equality Act: Day-to-day activities limited a lot,0,124100,0
E07000225,Chichester,Does not apply,Disabled under the Equality Act: Day-to-day activities limited a little,0,124100,0
E07000225,Chichester,Does not apply,Not disabled under the Equality Act,0,124100,0
E07000225,Chichester,Straight or Heterosexual,Does not apply,0,124100,0
E07000225,Chichester,Straight or Heterosexual,Disabled under the Equality Act: Day-to-day activities limited a lot,6530,124100,5.261885576148267
E07000225,Chichester,Straight or Heterosexual,Disabled under the Equality Act: Day-to-day activities limited a little,10881,124100,8.767929089443998
E07000225,Chichester,Straight or Heterosexual,Not disabled under the Equality Act,77446,124100,62.406124093473004
E07000225,Chichester,Gay or Lesbian,Does not apply,0,124100,0
E07000225,Chichester,Gay or Lesbian,Disabled under the Equality Act: Day-to-day activities limited a lot,81,124100,0.0652699435938759
E07000225,Chichester,Gay or Lesbian,Disabled under the Equality Act: Day-to-day activities limited a little,210,124100,0.16921837228041903
E07000225,Chichester,Gay or Lesbian,Not disabled under the Equality Act,1132,124100,0.9121676067687349
E07000225,Chichester,Bisexual,Does not apply,0,124100,0
E07000225,Chichester,Bisexual,Disabled under the Equality Act: Day-to-day activities limited a lot,108,124100,0.08702659145850121
E07000225,Chichester,Bisexual,Disabled under the Equality Act: Day-to-day activities limited a little,361,124100,0.2908944399677679
E07000225,Chichester,Bisexual,Not disabled under the Equality Act,787,124100,0.6341659951651893
E07000225,Chichester,All other sexual orientations,Does not apply,0,124100,0
E07000225,Chichester,All other sexual orientations,Disabled under the Equality Act: Day-to-day activities limited a lot,32,124100,0.0257856567284448
E07000225,Chichester,All other sexual orientations,Disabled under the Equality Act: Day-to-day activities limited a little,103,124100,0.08299758259468171
E07000225,Chichester,All other sexual orientations,Not disabled under the Equality Act,172,124100,0.1385979049153908
E07000225,Chichester,Not answered,Does not apply,0,124100,0
E07000225,Chichester,Not answered,Disabled under the Equality Act: Day-to-day activities limited a lot,753,124100,0.6067687348912167
E07000225,Chichester,Not answered,Disabled under the Equality Act: Day-to-day activities limited a little,891,124100,0.717969379532635
E07000225,Chichester,Not answered,Not disabled under the Equality Act,5227,124100,4.211925866236906
E07000226,Crawley,Does not apply,Does not apply,0,118500,0
E07000226,Crawley,Does not apply,Disabled under the Equality Act: Day-to-day activities limited a lot,0,118500,0
E07000226,Crawley,Does not apply,Disabled under the Equality Act: Day-to-day activities limited a little,0,118500,0
E07000226,Crawley,Does not apply,Not disabled under the Equality Act,0,118500,0
E07000226,Crawley,Straight or Heterosexual,Does not apply,0,118500,0
E07000226,Crawley,Straight or Heterosexual,Disabled under the Equality Act: Day-to-day activities limited a lot,5755,118500,4.856540084388186
E07000226,Crawley,Straight or Heterosexual,Disabled under the Equality Act: Day-to-day activities limited a little,8442,118500,7.124050632911392
E07000226,Crawley,Straight or Heterosexual,Not disabled under the Equality Act,69901,118500,58.98818565400844
E07000226,Crawley,Gay or Lesbian,Does not apply,0,118500,0
E07000226,Crawley,Gay or Lesbian,Disabled under the Equality Act: Day-to-day activities limited a lot,87,118500,0.07341772151898734
E07000226,Crawley,Gay or Lesbian,Disabled under the Equality Act: Day-to-day activities limited a little,175,118500,0.14767932489451477
E07000226,Crawley,Gay or Lesbian,Not disabled under the Equality Act,1137,118500,0.959493670886076
E07000226,Crawley,Bisexual,Does not apply,0,118500,0
E07000226,Crawley,Bisexual,Disabled under the Equality Act: Day-to-day activities limited a lot,109,118500,0.0919831223628692
E07000226,Crawley,Bisexual,Disabled under the Equality Act: Day-to-day activities limited a little,216,118500,0.18227848101265823
E07000226,Crawley,Bisexual,Not disabled under the Equality Act,693,118500,0.5848101265822785
E07000226,Crawley,All other sexual orientations,Does not apply,0,118500,0
E07000226,Crawley,All other sexual orientations,Disabled under the Equality Act: Day-to-day activities limited a lot,29,118500,0.024472573839662448
E07000226,Crawley,All other sexual orientations,Disabled under the Equality Act: Day-to-day activities limited a little,40,118500,0.03375527426160337
E07000226,Crawley,All other sexual orientations,Not disabled under the Equality Act,233,118500,0.19662447257383966
E07000226,Crawley,Not answered,Does not apply,0,118500,0
E07000226,Crawley,Not answered,Disabled under the Equality Act: Day-to-day activities limited a lot,612,118500,0.5164556962025316
E07000226,Crawley,Not answered,Disabled under the Equality Act: Day-to-day activities limited a little,676,118500,0.570464135021097
E07000226,Crawley,Not answered,Not disabled under the Equality Act,5464,118500,4.610970464135021
E07000227,Horsham,Does not apply,Does not apply,0,146800,0
E07000227,Horsham,Does not apply,Disabled under the Equality Act: Day-to-day activities limited a lot,0,146800,0
E07000227,Horsham,Does not apply,Disabled under the Equality Act: Day-to-day activities limited a little,0,146800,0
E07000227,Horsham,Does not apply,Not disabled under the Equality Act,0,146800,0
E07000227,Horsham,Straight or Heterosexual,Does not apply,0,146800,0
E07000227,Horsham,Straight or Heterosexual,Disabled under the Equality Act: Day-to-day activities limited a lot,6402,146800,4.361035422343324
E07000227,Horsham,Straight or Heterosexual,Disabled under the Equality Act: Day-to-day activities limited a little,11633,146800,7.924386920980926
E07000227,Horsham,Straight or Heterosexual,Not disabled under the Equality Act,92054,146800,62.70708446866485
E07000227,Horsham,Gay or Lesbian,Does not apply,0,146800,0
E07000227,Horsham,Gay or Lesbian,Disabled under the Equality Act: Day-to-day activities limited a lot,104,146800,0.07084468664850137
E07000227,Horsham,Gay or Lesbian,Disabled under the Equality Act: Day-to-day activities limited a little,208,146800,0.14168937329700274
E07000227,Horsham,Gay or Lesbian,Not disabled under the Equality Act,1272,146800,0.8664850136239782
E07000227,Horsham,Bisexual,Does not apply,0,146800,0
E07000227,Horsham,Bisexual,Disabled under the Equality Act: Day-to-day activities limited a lot,101,146800,0.06880108991825613
E07000227,Horsham,Bisexual,Disabled under the Equality Act: Day-to-day activities limited a little,281,146800,0.19141689373297002
E07000227,Horsham,Bisexual,Not disabled under the Equality Act,841,146800,0.5728882833787466
E07000227,Horsham,All other sexual orientations,Does not apply,0,146800,0
E07000227,Horsham,All other sexual orientations,Disabled under the Equality Act: Day-to-day activities limited a lot,29,146800,0.019754768392370572
E07000227,Horsham,All other sexual orientations,Disabled under the Equality Act: Day-to-day activities limited a little,71,146800,0.048365122615803814
E07000227,Horsham,All other sexual orientations,Not disabled under the Equality Act,167,146800,0.11376021798365123
E07000227,Horsham,Not answered,Does not apply,0,146800,0
E07000227,Horsham,Not answered,Disabled under the Equality Act: Day-to-day activities limited a lot,765,146800,0.521117166212534
E07000227,Horsham,Not answered,Disabled under the Equality Act: Day-to-day activities limited a little,832,146800,0.5667574931880109
E07000227,Horsham,Not answered,Not disabled under the Equality Act,5900,146800,4.0190735694822886
E07000228,Mid Sussex,Does not apply,Does not apply,0,152600,0
E07000228,Mid Sussex,Does not apply,Disabled under the Equality Act: Day-to-day activities limited a lot,0,152600,0
E07000228,Mid Sussex,Does not apply,Disabled under the Equality Act: Day-to-day activities limited a little,0,152600,0
E07000228,Mid Sussex,Does not apply,Not disabled under the Equality Act,0,152600,0
E07000228,Mid Sussex,Straight or Heterosexual,Does not apply,0,152600,0
E07000228,Mid Sussex,Straight or Heterosexual,Disabled under the Equality Act: Day-to-day activities limited a lot,6338,152600,4.153342070773263
E07000228,Mid Sussex,Straight or Heterosexual,Disabled under the Equality Act: Day-to-day activities limited a little,11724,152600,7.682830930537353
E07000228,Mid Sussex,Straight or Heterosexual,Not disabled under the Equality Act,94214,152600,61.7391874180865
E07000228,Mid Sussex,Gay or Lesbian,Does not apply,0,152600,0
E07000228,Mid Sussex,Gay or Lesbian,Disabled under the Equality Act: Day-to-day activities limited a lot,114,152600,0.07470511140235911
E07000228,Mid Sussex,Gay or Lesbian,Disabled under the Equality Act: Day-to-day activities limited a little,187,152600,0.12254259501965924
E07000228,Mid Sussex,Gay or Lesbian,Not disabled under the Equality Act,1342,152600,0.8794233289646134
E07000228,Mid Sussex,Bisexual,Does not apply,0,152600,0
E07000228,Mid Sussex,Bisexual,Disabled under the Equality Act: Day-to-day activities limited a lot,109,152600,0.07142857142857142
E07000228,Mid Sussex,Bisexual,Disabled under the Equality Act: Day-to-day activities limited a little,316,152600,0.20707732634338138
E07000228,Mid Sussex,Bisexual,Not disabled under the Equality Act,878,152600,0.5753604193971167
E07000228,Mid Sussex,All other sexual orientations,Does not apply,0,152600,0
E07000228,Mid Sussex,All other sexual orientations,Disabled under the Equality Act: Day-to-day activities limited a lot,41,152600,0.026867627785058978
E07000228,Mid Sussex,All other sexual orientations,Disabled under the Equality Act: Day-to-day activities limited a little,85,152600,0.055701179554390565
E07000228,Mid Sussex,All other sexual orientations,Not disabled under the Equality Act,176,152600,0.11533420707732635
E07000228,Mid Sussex,Not answered,Does not apply,0,152600,0
E07000228,Mid Sussex,Not answered,Disabled under the Equality Act: Day-to-day activities limited a lot,717,152600,0.46985583224115335
E07000228,Mid Sussex,Not answered,Disabled under the Equality Act: Day-to-day activities limited a little,888,152600,0.581913499344692
E07000228,Mid Sussex,Not answered,Not disabled under the Equality Act,6187,152600,4.054390563564875
E07000229,Worthing,Does not apply,Does not apply,0,111400,0
E07000229,Worthing,Does not apply,Disabled under the Equality Act: Day-to-day activities limited a lot,0,111400,0
E07000229,Worthing,Does not apply,Disabled under the Equality Act: Day-to-day activities limited a little,0,111400,0
E07000229,Worthing,Does not apply,Not disabled under the Equality Act,0,111400,0
E07000229,Worthing,Straight or Heterosexual,Does not apply,0,111400,0
E07000229,Worthing,Straight or Heterosexual,Disabled under the Equality Act: Day-to-day activities limited a lot,6910,111400,6.202872531418312
E07000229,Worthing,Straight or Heterosexual,Disabled under the Equality Act: Day-to-day activities limited a little,10136,111400,9.098743267504489
E07000229,Worthing,Straight or Heterosexual,Not disabled under the Equality Act,64809,111400,58.17684021543985
E07000229,Worthing,Gay or Lesbian,Does not apply,0,111400,0
E07000229,Worthing,Gay or Lesbian,Disabled under the Equality Act: Day-to-day activities limited a lot,176,111400,0.15798922800718132
E07000229,Worthing,Gay or Lesbian,Disabled under the Equality Act: Day-to-day activities limited a little,308,111400,0.2764811490125673
E07000229,Worthing,Gay or Lesbian,Not disabled under the Equality Act,1499,111400,1.3456014362657092
E07000229,Worthing,Bisexual,Does not apply,0,111400,0
E07000229,Worthing,Bisexual,Disabled under the Equality Act: Day-to-day activities limited a lot,152,111400,0.13644524236983843
E07000229,Worthing,Bisexual,Disabled under the Equality Act: Day-to-day activities limited a little,361,111400,0.3240574506283663
E07000229,Worthing,Bisexual,Not disabled under the Equality Act,867,111400,0.7782764811490126
E07000229,Worthing,All other sexual orientations,Does not apply,0,111400,0
E07000229,Worthing,All other sexual orientations,Disabled under the Equality Act: Day-to-day activities limited a lot,58,111400,0.05206463195691203
E07000229,Worthing,All other sexual orientations,Disabled under the Equality Act: Day-to-day activities limited a little,100,111400,0.08976660682226212
E07000229,Worthing,All other sexual orientations,Not disabled under the Equality Act,194,111400,0.1741472172351885
E07000229,Worthing,Not answered,Does not apply,0,111400,0
E07000229,Worthing,Not answered,Disabled under the Equality Act: Day-to-day activities limited a lot,908,111400,0.8150807899461401
E07000229,Worthing,Not answered,Disabled under the Equality Act: Day-to-day activities limited a little,933,111400,0.8375224416517055
E07000229,Worthing,Not answered,Not disabled under the Equality Act,4945,111400,4.438958707360862
E07000234,Bromsgrove,Does not apply,Does not apply,0,99200,0
E07000234,Bromsgrove,Does not apply,Disabled under the Equality Act: Day-to-day activities limited a lot,0,99200,0
E07000234,Bromsgrove,Does not apply,Disabled under the Equality Act: Day-to-day activities limited a little,0,99200,0
E07000234,Bromsgrove,Does not apply,Not disabled under the Equality Act,0,99200,0
E07000234,Bromsgrove,Straight or Heterosexual,Does not apply,0,99200,0
E07000234,Bromsgrove,Straight or Heterosexual,Disabled under the Equality Act: Day-to-day activities limited a lot,5319,99200,5.361895161290323
E07000234,Bromsgrove,Straight or Heterosexual,Disabled under the Equality Act: Day-to-day activities limited a little,8323,99200,8.390120967741936
E07000234,Bromsgrove,Straight or Heterosexual,Not disabled under the Equality Act,60971,99200,61.462701612903224
E07000234,Bromsgrove,Gay or Lesbian,Does not apply,0,99200,0
E07000234,Bromsgrove,Gay or Lesbian,Disabled under the Equality Act: Day-to-day activities limited a lot,59,99200,0.059475806451612906
E07000234,Bromsgrove,Gay or Lesbian,Disabled under the Equality Act: Day-to-day activities limited a little,110,99200,0.11088709677419355
E07000234,Bromsgrove,Gay or Lesbian,Not disabled under the Equality Act,727,99200,0.7328629032258065
E07000234,Bromsgrove,Bisexual,Does not apply,0,99200,0
E07000234,Bromsgrove,Bisexual,Disabled under the Equality Act: Day-to-day activities limited a lot,76,99200,0.07661290322580645
E07000234,Bromsgrove,Bisexual,Disabled under the Equality Act: Day-to-day activities limited a little,153,99200,0.15423387096774194
E07000234,Bromsgrove,Bisexual,Not disabled under the Equality Act,383,99200,0.3860887096774194
E07000234,Bromsgrove,All other sexual orientations,Does not apply,0,99200,0
E07000234,Bromsgrove,All other sexual orientations,Disabled under the Equality Act: Day-to-day activities limited a lot,12,99200,0.012096774193548387
E07000234,Bromsgrove,All other sexual orientations,Disabled under the Equality Act: Day-to-day activities limited a little,35,99200,0.03528225806451613
E07000234,Bromsgrove,All other sexual orientations,Not disabled under the Equality Act,93,99200,0.09375
E07000234,Bromsgrove,Not answered,Does not apply,0,99200,0
E07000234,Bromsgrove,Not answered,Disabled under the Equality Act: Day-to-day activities limited a lot,734,99200,0.7399193548387096
E07000234,Bromsgrove,Not answered,Disabled under the Equality Act: Day-to-day activities limited a little,638,99200,0.6431451612903226
E07000234,Bromsgrove,Not answered,Not disabled under the Equality Act,3468,99200,3.495967741935484
E07000235,Malvern Hills,Does not apply,Does not apply,0,79400,0
E07000235,Malvern Hills,Does not apply,Disabled under the Equality Act: Day-to-day activities limited a lot,0,79400,0
E07000235,Malvern Hills,Does not apply,Disabled under the Equality Act: Day-to-day activities limited a little,0,79400,0
E07000235,Malvern Hills,Does not apply,Not disabled under the Equality Act,0,79400,0
E07000235,Malvern Hills,Straight or Heterosexual,Does not apply,0,79400,0
E07000235,Malvern Hills,Straight or Heterosexual,Disabled under the Equality Act: Day-to-day activities limited a lot,4845,79400,6.102015113350126
E07000235,Malvern Hills,Straight or Heterosexual,Disabled under the Equality Act: Day-to-day activities limited a little,7816,79400,9.84382871536524
E07000235,Malvern Hills,Straight or Heterosexual,Not disabled under the Equality Act,48320,79400,60.85642317380353
E07000235,Malvern Hills,Gay or Lesbian,Does not apply,0,79400,0
E07000235,Malvern Hills,Gay or Lesbian,Disabled under the Equality Act: Day-to-day activities limited a lot,65,79400,0.0818639798488665
E07000235,Malvern Hills,Gay or Lesbian,Disabled under the Equality Act: Day-to-day activities limited a little,110,79400,0.1385390428211587
E07000235,Malvern Hills,Gay or Lesbian,Not disabled under the Equality Act,575,79400,0.7241813602015114
E07000235,Malvern Hills,Bisexual,Does not apply,0,79400,0
E07000235,Malvern Hills,Bisexual,Disabled under the Equality Act: Day-to-day activities limited a lot,76,79400,0.09571788413098237
E07000235,Malvern Hills,Bisexual,Disabled under the Equality Act: Day-to-day activities limited a little,166,79400,0.20906801007556675
E07000235,Malvern Hills,Bisexual,Not disabled under the Equality Act,350,79400,0.44080604534005036
E07000235,Malvern Hills,All other sexual orientations,Does not apply,0,79400,0
E07000235,Malvern Hills,All other sexual orientations,Disabled under the Equality Act: Day-to-day activities limited a lot,27,79400,0.03400503778337532
E07000235,Malvern Hills,All other sexual orientations,Disabled under the Equality Act: Day-to-day activities limited a little,38,79400,0.047858942065491183
E07000235,Malvern Hills,All other sexual orientations,Not disabled under the Equality Act,78,79400,0.0982367758186398
E07000235,Malvern Hills,Not answered,Does not apply,0,79400,0
E07000235,Malvern Hills,Not answered,Disabled under the Equality Act: Day-to-day activities limited a lot,614,79400,0.7732997481108312
E07000235,Malvern Hills,Not answered,Disabled under the Equality Act: Day-to-day activities limited a little,649,79400,0.8173803526448362
E07000235,Malvern Hills,Not answered,Not disabled under the Equality Act,3395,79400,4.275818639798489
E07000236,Redditch,Does not apply,Does not apply,0,87000,0
E07000236,Redditch,Does not apply,Disabled under the Equality Act: Day-to-day activities limited a lot,0,87000,0
E07000236,Redditch,Does not apply,Disabled under the Equality Act: Day-to-day activities limited a little,0,87000,0
E07000236,Redditch,Does not apply,Not disabled under the Equality Act,0,87000,0
E07000236,Redditch,Straight or Heterosexual,Does not apply,0,87000,0
E07000236,Redditch,Straight or Heterosexual,Disabled under the Equality Act: Day-to-day activities limited a lot,5193,87000,5.968965517241379
E07000236,Redditch,Straight or Heterosexual,Disabled under the Equality Act: Day-to-day activities limited a little,7330,87000,8.425287356321839
E07000236,Redditch,Straight or Heterosexual,Not disabled under the Equality Act,51572,87000,59.27816091954023
E07000236,Redditch,Gay or Lesbian,Does not apply,0,87000,0
E07000236,Redditch,Gay or Lesbian,Disabled under the Equality Act: Day-to-day activities limited a lot,73,87000,0.0839080459770115
E07000236,Redditch,Gay or Lesbian,Disabled under the Equality Act: Day-to-day activities limited a little,133,87000,0.1528735632183908
E07000236,Redditch,Gay or Lesbian,Not disabled under the Equality Act,665,87000,0.764367816091954
E07000236,Redditch,Bisexual,Does not apply,0,87000,0
E07000236,Redditch,Bisexual,Disabled under the Equality Act: Day-to-day activities limited a lot,62,87000,0.07126436781609195
E07000236,Redditch,Bisexual,Disabled under the Equality Act: Day-to-day activities limited a little,161,87000,0.1850574712643678
E07000236,Redditch,Bisexual,Not disabled under the Equality Act,415,87000,0.47701149425287354
E07000236,Redditch,All other sexual orientations,Does not apply,0,87000,0
E07000236,Redditch,All other sexual orientations,Disabled under the Equality Act: Day-to-day activities limited a lot,32,87000,0.0367816091954023
E07000236,Redditch,All other sexual orientations,Disabled under the Equality Act: Day-to-day activities limited a little,33,87000,0.03793103448275862
E07000236,Redditch,All other sexual orientations,Not disabled under the Equality Act,82,87000,0.09425287356321839
E07000236,Redditch,Not answered,Does not apply,0,87000,0
E07000236,Redditch,Not answered,Disabled under the Equality Act: Day-to-day activities limited a lot,482,87000,0.5540229885057472
E07000236,Redditch,Not answered,Disabled under the Equality Act: Day-to-day activities limited a little,546,87000,0.6275862068965518
E07000236,Redditch,Not answered,Not disabled under the Equality Act,3472,87000,3.9908045977011493
E07000237,Worcester,Does not apply,Does not apply,0,103900,0
E07000237,Worcester,Does not apply,Disabled under the Equality Act: Day-to-day activities limited a lot,0,103900,0
E07000237,Worcester,Does not apply,Disabled under the Equality Act: Day-to-day activities limited a little,0,103900,0
E07000237,Worcester,Does not apply,Not disabled under the Equality Act,0,103900,0
E07000237,Worcester,Straight or Heterosexual,Does not apply,0,103900,0
E07000237,Worcester,Straight or Heterosexual,Disabled under the Equality Act: Day-to-day activities limited a lot,5568,103900,5.358999037536092
E07000237,Worcester,Straight or Heterosexual,Disabled under the Equality Act: Day-to-day activities limited a little,8996,103900,8.65832531280077
E07000237,Worcester,Straight or Heterosexual,Not disabled under the Equality Act,61897,103900,59.57362848893167
E07000237,Worcester,Gay or Lesbian,Does not apply,0,103900,0
E07000237,Worcester,Gay or Lesbian,Disabled under the Equality Act: Day-to-day activities limited a lot,80,103900,0.07699711260827719
E07000237,Worcester,Gay or Lesbian,Disabled under the Equality Act: Day-to-day activities limited a little,203,103900,0.19538017324350337
E07000237,Worcester,Gay or Lesbian,Not disabled under the Equality Act,1058,103900,1.0182868142444659
E07000237,Worcester,Bisexual,Does not apply,0,103900,0
E07000237,Worcester,Bisexual,Disabled under the Equality Act: Day-to-day activities limited a lot,121,103900,0.11645813282001925
E07000237,Worcester,Bisexual,Disabled under the Equality Act: Day-to-day activities limited a little,367,103900,0.3532242540904716
E07000237,Worcester,Bisexual,Not disabled under the Equality Act,882,103900,0.848893166506256
E07000237,Worcester,All other sexual orientations,Does not apply,0,103900,0
E07000237,Worcester,All other sexual orientations,Disabled under the Equality Act: Day-to-day activities limited a lot,36,103900,0.03464870067372473
E07000237,Worcester,All other sexual orientations,Disabled under the Equality Act: Day-to-day activities limited a little,88,103900,0.0846968238691049
E07000237,Worcester,All other sexual orientations,Not disabled under the Equality Act,179,103900,0.17228103946102022
E07000237,Worcester,Not answered,Does not apply,0,103900,0
E07000237,Worcester,Not answered,Disabled under the Equality Act: Day-to-day activities limited a lot,635,103900,0.6111645813282002
E07000237,Worcester,Not answered,Disabled under the Equality Act: Day-to-day activities limited a little,786,103900,0.7564966313763234
E07000237,Worcester,Not answered,Not disabled under the Equality Act,4711,103900,4.534167468719923
E07000238,Wychavon,Does not apply,Does not apply,0,132500,0
E07000238,Wychavon,Does not apply,Disabled under the Equality Act: Day-to-day activities limited a lot,0,132500,0
E07000238,Wychavon,Does not apply,Disabled under the Equality Act: Day-to-day activities limited a little,0,132500,0
E07000238,Wychavon,Does not apply,Not disabled under the Equality Act,0,132500,0
E07000238,Wychavon,Straight or Heterosexual,Does not apply,0,132500,0
E07000238,Wychavon,Straight or Heterosexual,Disabled under the Equality Act: Day-to-day activities limited a lot,7460,132500,5.630188679245283
E07000238,Wychavon,Straight or Heterosexual,Disabled under the Equality Act: Day-to-day activities limited a little,11803,132500,8.907924528301887
E07000238,Wychavon,Straight or Heterosexual,Not disabled under the Equality Act,82373,132500,62.168301886792456
E07000238,Wychavon,Gay or Lesbian,Does not apply,0,132500,0
E07000238,Wychavon,Gay or Lesbian,Disabled under the Equality Act: Day-to-day activities limited a lot,92,132500,0.06943396226415094
E07000238,Wychavon,Gay or Lesbian,Disabled under the Equality Act: Day-to-day activities limited a little,188,132500,0.1418867924528302
E07000238,Wychavon,Gay or Lesbian,Not disabled under the Equality Act,906,132500,0.6837735849056604
E07000238,Wychavon,Bisexual,Does not apply,0,132500,0
E07000238,Wychavon,Bisexual,Disabled under the Equality Act: Day-to-day activities limited a lot,111,132500,0.08377358490566038
E07000238,Wychavon,Bisexual,Disabled under the Equality Act: Day-to-day activities limited a little,201,132500,0.15169811320754717
E07000238,Wychavon,Bisexual,Not disabled under the Equality Act,581,132500,0.43849056603773584
E07000238,Wychavon,All other sexual orientations,Does not apply,0,132500,0
E07000238,Wychavon,All other sexual orientations,Disabled under the Equality Act: Day-to-day activities limited a lot,25,132500,0.018867924528301886
E07000238,Wychavon,All other sexual orientations,Disabled under the Equality Act: Day-to-day activities limited a little,43,132500,0.03245283018867925
E07000238,Wychavon,All other sexual orientations,Not disabled under the Equality Act,124,132500,0.09358490566037736
E07000238,Wychavon,Not answered,Does not apply,0,132500,0
E07000238,Wychavon,Not answered,Disabled under the Equality Act: Day-to-day activities limited a lot,739,132500,0.5577358490566038
E07000238,Wychavon,Not answered,Disabled under the Equality Act: Day-to-day activities limited a little,879,132500,0.6633962264150943
E07000238,Wychavon,Not answered,Not disabled under the Equality Act,5191,132500,3.9177358490566037
E07000239,Wyre Forest,Does not apply,Does not apply,0,101600,0
E07000239,Wyre Forest,Does not apply,Disabled under the Equality Act: Day-to-day activities limited a lot,0,101600,0
E07000239,Wyre Forest,Does not apply,Disabled under the Equality Act: Day-to-day activities limited a little,0,101600,0
E07000239,Wyre Forest,Does not apply,Not disabled under the Equality Act,0,101600,0
E07000239,Wyre Forest,Straight or Heterosexual,Does not apply,0,101600,0
E07000239,Wyre Forest,Straight or Heterosexual,Disabled under the Equality Act: Day-to-day activities limited a lot,7218,101600,7.104330708661418
E07000239,Wyre Forest,Straight or Heterosexual,Disabled under the Equality Act: Day-to-day activities limited a little,9730,101600,9.576771653543307
E07000239,Wyre Forest,Straight or Heterosexual,Not disabled under the Equality Act,59849,101600,58.906496062992126
E07000239,Wyre Forest,Gay or Lesbian,Does not apply,0,101600,0
E07000239,Wyre Forest,Gay or Lesbian,Disabled under the Equality Act: Day-to-day activities limited a lot,101,101600,0.09940944881889764
E07000239,Wyre Forest,Gay or Lesbian,Disabled under the Equality Act: Day-to-day activities limited a little,144,101600,0.14173228346456693
E07000239,Wyre Forest,Gay or Lesbian,Not disabled under the Equality Act,785,101600,0.7726377952755905
E07000239,Wyre Forest,Bisexual,Does not apply,0,101600,0
E07000239,Wyre Forest,Bisexual,Disabled under the Equality Act: Day-to-day activities limited a lot,88,101600,0.08661417322834646
E07000239,Wyre Forest,Bisexual,Disabled under the Equality Act: Day-to-day activities limited a little,194,101600,0.19094488188976377
E07000239,Wyre Forest,Bisexual,Not disabled under the Equality Act,436,101600,0.42913385826771655
E07000239,Wyre Forest,All other sexual orientations,Does not apply,0,101600,0
E07000239,Wyre Forest,All other sexual orientations,Disabled under the Equality Act: Day-to-day activities limited a lot,39,101600,0.038385826771653545
E07000239,Wyre Forest,All other sexual orientations,Disabled under the Equality Act: Day-to-day activities limited a little,29,101600,0.028543307086614175
E07000239,Wyre Forest,All other sexual orientations,Not disabled under the Equality Act,105,101600,0.10334645669291338
E07000239,Wyre Forest,Not answered,Does not apply,0,101600,0
E07000239,Wyre Forest,Not answered,Disabled under the Equality Act: Day-to-day activities limited a lot,824,101600,0.8110236220472441
E07000239,Wyre Forest,Not answered,Disabled under the Equality Act: Day-to-day activities limited a little,830,101600,0.8169291338582677
E07000239,Wyre Forest,Not answered,Not disabled under the Equality Act,4191,101600,4.125
E07000240,St Albans,Does not apply,Does not apply,0,148200,0
E07000240,St Albans,Does not apply,Disabled under the Equality Act: Day-to-day activities limited a lot,0,148200,0
E07000240,St Albans,Does not apply,Disabled under the Equality Act: Day-to-day activities limited a little,0,148200,0
E07000240,St Albans,Does not apply,Not disabled under the Equality Act,0,148200,0
E07000240,St Albans,Straight or Heterosexual,Does not apply,0,148200,0
E07000240,St Albans,Straight or Heterosexual,Disabled under the Equality Act: Day-to-day activities limited a lot,5448,148200,3.6761133603238867
E07000240,St Albans,Straight or Heterosexual,Disabled under the Equality Act: Day-to-day activities limited a little,9935,148200,6.703778677462888
E07000240,St Albans,Straight or Heterosexual,Not disabled under the Equality Act,90483,148200,61.054655870445345
E07000240,St Albans,Gay or Lesbian,Does not apply,0,148200,0
E07000240,St Albans,Gay or Lesbian,Disabled under the Equality Act: Day-to-day activities limited a lot,64,148200,0.043184885290148446
E07000240,St Albans,Gay or Lesbian,Disabled under the Equality Act: Day-to-day activities limited a little,166,148200,0.11201079622132254
E07000240,St Albans,Gay or Lesbian,Not disabled under the Equality Act,1017,148200,0.6862348178137652
E07000240,St Albans,Bisexual,Does not apply,0,148200,0
E07000240,St Albans,Bisexual,Disabled under the Equality Act: Day-to-day activities limited a lot,84,148200,0.05668016194331984
E07000240,St Albans,Bisexual,Disabled under the Equality Act: Day-to-day activities limited a little,237,148200,0.15991902834008098
E07000240,St Albans,Bisexual,Not disabled under the Equality Act,707,148200,0.47705802968960864
E07000240,St Albans,All other sexual orientations,Does not apply,0,148200,0
E07000240,St Albans,All other sexual orientations,Disabled under the Equality Act: Day-to-day activities limited a lot,38,148200,0.02564102564102564
E07000240,St Albans,All other sexual orientations,Disabled under the Equality Act: Day-to-day activities limited a little,67,148200,0.04520917678812416
E07000240,St Albans,All other sexual orientations,Not disabled under the Equality Act,173,148200,0.11673414304993253
E07000240,St Albans,Not answered,Does not apply,0,148200,0
E07000240,St Albans,Not answered,Disabled under the Equality Act: Day-to-day activities limited a lot,716,148200,0.48313090418353577
E07000240,St Albans,Not answered,Disabled under the Equality Act: Day-to-day activities limited a little,776,148200,0.5236167341430499
E07000240,St Albans,Not answered,Not disabled under the Equality Act,6179,148200,4.169365721997301
E07000241,Welwyn Hatfield,Does not apply,Does not apply,0,119900,0
E07000241,Welwyn Hatfield,Does not apply,Disabled under the Equality Act: Day-to-day activities limited a lot,0,119900,0
E07000241,Welwyn Hatfield,Does not apply,Disabled under the Equality Act: Day-to-day activities limited a little,0,119900,0
E07000241,Welwyn Hatfield,Does not apply,Not disabled under the Equality Act,0,119900,0
E07000241,Welwyn Hatfield,Straight or Heterosexual,Does not apply,0,119900,0
E07000241,Welwyn Hatfield,Straight or Heterosexual,Disabled under the Equality Act: Day-to-day activities limited a lot,5367,119900,4.476230191826522
E07000241,Welwyn Hatfield,Straight or Heterosexual,Disabled under the Equality Act: Day-to-day activities limited a little,8849,119900,7.380316930775646
E07000241,Welwyn Hatfield,Straight or Heterosexual,Not disabled under the Equality Act,72794,119900,60.712260216847376
E07000241,Welwyn Hatfield,Gay or Lesbian,Does not apply,0,119900,0
E07000241,Welwyn Hatfield,Gay or Lesbian,Disabled under the Equality Act: Day-to-day activities limited a lot,80,119900,0.06672226855713094
E07000241,Welwyn Hatfield,Gay or Lesbian,Disabled under the Equality Act: Day-to-day activities limited a little,187,119900,0.1559633027522936
E07000241,Welwyn Hatfield,Gay or Lesbian,Not disabled under the Equality Act,903,119900,0.7531276063386155
E07000241,Welwyn Hatfield,Bisexual,Does not apply,0,119900,0
E07000241,Welwyn Hatfield,Bisexual,Disabled under the Equality Act: Day-to-day activities limited a lot,115,119900,0.09591326105087573
E07000241,Welwyn Hatfield,Bisexual,Disabled under the Equality Act: Day-to-day activities limited a little,321,119900,0.2677231025854879
E07000241,Welwyn Hatfield,Bisexual,Not disabled under the Equality Act,944,119900,0.7873227689741451
E07000241,Welwyn Hatfield,All other sexual orientations,Does not apply,0,119900,0
E07000241,Welwyn Hatfield,All other sexual orientations,Disabled under the Equality Act: Day-to-day activities limited a lot,39,119900,0.03252710592160134
E07000241,Welwyn Hatfield,All other sexual orientations,Disabled under the Equality Act: Day-to-day activities limited a little,90,119900,0.0750625521267723
E07000241,Welwyn Hatfield,All other sexual orientations,Not disabled under the Equality Act,252,119900,0.21017514595496248
E07000241,Welwyn Hatfield,Not answered,Does not apply,0,119900,0
E07000241,Welwyn Hatfield,Not answered,Disabled under the Equality Act: Day-to-day activities limited a lot,651,119900,0.5429524603836531
E07000241,Welwyn Hatfield,Not answered,Disabled under the Equality Act: Day-to-day activities limited a little,834,119900,0.69557964970809
E07000241,Welwyn Hatfield,Not answered,Not disabled under the Equality Act,6058,119900,5.052543786488741
E07000242,East Hertfordshire,Does not apply,Does not apply,0,150100,0
E07000242,East Hertfordshire,Does not apply,Disabled under the Equality Act: Day-to-day activities limited a lot,0,150100,0
E07000242,East Hertfordshire,Does not apply,Disabled under the Equality Act: Day-to-day activities limited a little,0,150100,0
E07000242,East Hertfordshire,Does not apply,Not disabled under the Equality Act,0,150100,0
E07000242,East Hertfordshire,Straight or Heterosexual,Does not apply,0,150100,0
E07000242,East Hertfordshire,Straight or Heterosexual,Disabled under the Equality Act: Day-to-day activities limited a lot,5891,150100,3.9247168554297134
E07000242,East Hertfordshire,Straight or Heterosexual,Disabled under the Equality Act: Day-to-day activities limited a little,10828,150100,7.213857428381079
E07000242,East Hertfordshire,Straight or Heterosexual,Not disabled under the Equality Act,93995,150100,62.6215856095936
E07000242,East Hertfordshire,Gay or Lesbian,Does not apply,0,150100,0
E07000242,East Hertfordshire,Gay or Lesbian,Disabled under the Equality Act: Day-to-day activities limited a lot,76,150100,0.05063291139240506
E07000242,East Hertfordshire,Gay or Lesbian,Disabled under the Equality Act: Day-to-day activities limited a little,157,150100,0.10459693537641572
E07000242,East Hertfordshire,Gay or Lesbian,Not disabled under the Equality Act,1198,150100,0.7981345769487008
E07000242,East Hertfordshire,Bisexual,Does not apply,0,150100,0
E07000242,East Hertfordshire,Bisexual,Disabled under the Equality Act: Day-to-day activities limited a lot,82,150100,0.05463024650233178
E07000242,East Hertfordshire,Bisexual,Disabled under the Equality Act: Day-to-day activities limited a little,246,150100,0.16389073950699534
E07000242,East Hertfordshire,Bisexual,Not disabled under the Equality Act,759,150100,0.5056628914057295
E07000242,East Hertfordshire,All other sexual orientations,Does not apply,0,150100,0
E07000242,East Hertfordshire,All other sexual orientations,Disabled under the Equality Act: Day-to-day activities limited a lot,35,150100,0.023317788141239172
E07000242,East Hertfordshire,All other sexual orientations,Disabled under the Equality Act: Day-to-day activities limited a little,68,150100,0.04530313124583611
E07000242,East Hertfordshire,All other sexual orientations,Not disabled under the Equality Act,180,150100,0.11992005329780146
E07000242,East Hertfordshire,Not answered,Does not apply,0,150100,0
E07000242,East Hertfordshire,Not answered,Disabled under the Equality Act: Day-to-day activities limited a lot,677,150100,0.45103264490339773
E07000242,East Hertfordshire,Not answered,Disabled under the Equality Act: Day-to-day activities limited a little,847,150100,0.564290473017988
E07000242,East Hertfordshire,Not answered,Not disabled under the Equality Act,6110,150100,4.070619586942039
E07000243,Stevenage,Does not apply,Does not apply,0,89500,0
E07000243,Stevenage,Does not apply,Disabled under the Equality Act: Day-to-day activities limited a lot,0,89500,0
E07000243,Stevenage,Does not apply,Disabled under the Equality Act: Day-to-day activities limited a little,0,89500,0
E07000243,Stevenage,Does not apply,Not disabled under the Equality Act,0,89500,0
E07000243,Stevenage,Straight or Heterosexual,Does not apply,0,89500,0
E07000243,Stevenage,Straight or Heterosexual,Disabled under the Equality Act: Day-to-day activities limited a lot,4887,89500,5.460335195530726
E07000243,Stevenage,Straight or Heterosexual,Disabled under the Equality Act: Day-to-day activities limited a little,7281,89500,8.135195530726257
E07000243,Stevenage,Straight or Heterosexual,Not disabled under the Equality Act,52406,89500,58.55418994413408
E07000243,Stevenage,Gay or Lesbian,Does not apply,0,89500,0
E07000243,Stevenage,Gay or Lesbian,Disabled under the Equality Act: Day-to-day activities limited a lot,67,89500,0.07486033519553073
E07000243,Stevenage,Gay or Lesbian,Disabled under the Equality Act: Day-to-day activities limited a little,168,89500,0.1877094972067039
E07000243,Stevenage,Gay or Lesbian,Not disabled under the Equality Act,671,89500,0.7497206703910615
E07000243,Stevenage,Bisexual,Does not apply,0,89500,0
E07000243,Stevenage,Bisexual,Disabled under the Equality Act: Day-to-day activities limited a lot,108,89500,0.12067039106145251
E07000243,Stevenage,Bisexual,Disabled under the Equality Act: Day-to-day activities limited a little,211,89500,0.23575418994413408
E07000243,Stevenage,Bisexual,Not disabled under the Equality Act,509,89500,0.5687150837988827
E07000243,Stevenage,All other sexual orientations,Does not apply,0,89500,0
E07000243,Stevenage,All other sexual orientations,Disabled under the Equality Act: Day-to-day activities limited a lot,36,89500,0.04022346368715084
E07000243,Stevenage,All other sexual orientations,Disabled under the Equality Act: Day-to-day activities limited a little,70,89500,0.0782122905027933
E07000243,Stevenage,All other sexual orientations,Not disabled under the Equality Act,106,89500,0.11843575418994413
E07000243,Stevenage,Not answered,Does not apply,0,89500,0
E07000243,Stevenage,Not answered,Disabled under the Equality Act: Day-to-day activities limited a lot,511,89500,0.5709497206703911
E07000243,Stevenage,Not answered,Disabled under the Equality Act: Day-to-day activities limited a little,568,89500,0.6346368715083799
E07000243,Stevenage,Not answered,Not disabled under the Equality Act,3638,89500,4.064804469273743
E07000244,East Suffolk,Does not apply,Does not apply,0,245900,0
E07000244,East Suffolk,Does not apply,Disabled under the Equality Act: Day-to-day activities limited a lot,0,245900,0
E07000244,East Suffolk,Does not apply,Disabled under the Equality Act: Day-to-day activities limited a little,0,245900,0
E07000244,East Suffolk,Does not apply,Not disabled under the Equality Act,0,245900,0
E07000244,East Suffolk,Straight or Heterosexual,Does not apply,0,245900,0
E07000244,East Suffolk,Straight or Heterosexual,Disabled under the Equality Act: Day-to-day activities limited a lot,16985,245900,6.907279381862546
E07000244,East Suffolk,Straight or Heterosexual,Disabled under the Equality Act: Day-to-day activities limited a little,24838,245900,10.100854005693371
E07000244,East Suffolk,Straight or Heterosexual,Not disabled under the Equality Act,145064,245900,58.99308662057747
E07000244,East Suffolk,Gay or Lesbian,Does not apply,0,245900,0
E07000244,East Suffolk,Gay or Lesbian,Disabled under the Equality Act: Day-to-day activities limited a lot,262,245900,0.10654737698251322
E07000244,East Suffolk,Gay or Lesbian,Disabled under the Equality Act: Day-to-day activities limited a little,431,245900,0.1752745018300122
E07000244,East Suffolk,Gay or Lesbian,Not disabled under the Equality Act,1797,245900,0.730784871899146
E07000244,East Suffolk,Bisexual,Does not apply,0,245900,0
E07000244,East Suffolk,Bisexual,Disabled under the Equality Act: Day-to-day activities limited a lot,270,245900,0.10980073200488004
E07000244,East Suffolk,Bisexual,Disabled under the Equality Act: Day-to-day activities limited a little,578,245900,0.23505490036600243
E07000244,East Suffolk,Bisexual,Not disabled under the Equality Act,1160,245900,0.47173647824318826
E07000244,East Suffolk,All other sexual orientations,Does not apply,0,245900,0
E07000244,East Suffolk,All other sexual orientations,Disabled under the Equality Act: Day-to-day activities limited a lot,83,245900,0.033753558357055714
E07000244,East Suffolk,All other sexual orientations,Disabled under the Equality Act: Day-to-day activities limited a little,123,245900,0.050020333468889795
E07000244,East Suffolk,All other sexual orientations,Not disabled under the Equality Act,236,245900,0.09597397315982106
E07000244,East Suffolk,Not answered,Does not apply,0,245900,0
E07000244,East Suffolk,Not answered,Disabled under the Equality Act: Day-to-day activities limited a lot,2106,245900,0.8564457096380642
E07000244,East Suffolk,Not answered,Disabled under the Equality Act: Day-to-day activities limited a little,2109,245900,0.8576657177714518
E07000244,East Suffolk,Not answered,Not disabled under the Equality Act,10678,245900,4.342415616104107
E07000245,West Suffolk,Does not apply,Does not apply,0,179800,0
E07000245,West Suffolk,Does not apply,Disabled under the Equality Act: Day-to-day activities limited a lot,0,179800,0
E07000245,West Suffolk,Does not apply,Disabled under the Equality Act: Day-to-day activities limited a little,0,179800,0
E07000245,West Suffolk,Does not apply,Not disabled under the Equality Act,0,179800,0
E07000245,West Suffolk,Straight or Heterosexual,Does not apply,0,179800,0
E07000245,West Suffolk,Straight or Heterosexual,Disabled under the Equality Act: Day-to-day activities limited a lot,9080,179800,5.050055617352614
E07000245,West Suffolk,Straight or Heterosexual,Disabled under the Equality Act: Day-to-day activities limited a little,14980,179800,8.331479421579532
E07000245,West Suffolk,Straight or Heterosexual,Not disabled under the Equality Act,109786,179800,61.06006674082314
E07000245,West Suffolk,Gay or Lesbian,Does not apply,0,179800,0
E07000245,West Suffolk,Gay or Lesbian,Disabled under the Equality Act: Day-to-day activities limited a lot,139,179800,0.07730812013348165
E07000245,West Suffolk,Gay or Lesbian,Disabled under the Equality Act: Day-to-day activities limited a little,245,179800,0.13626251390433816
E07000245,West Suffolk,Gay or Lesbian,Not disabled under the Equality Act,1482,179800,0.8242491657397107
E07000245,West Suffolk,Bisexual,Does not apply,0,179800,0
E07000245,West Suffolk,Bisexual,Disabled under the Equality Act: Day-to-day activities limited a lot,152,179800,0.08453837597330367
E07000245,West Suffolk,Bisexual,Disabled under the Equality Act: Day-to-day activities limited a little,345,179800,0.19187986651835373
E07000245,West Suffolk,Bisexual,Not disabled under the Equality Act,1178,179800,0.6551724137931034
E07000245,West Suffolk,All other sexual orientations,Does not apply,0,179800,0
E07000245,West Suffolk,All other sexual orientations,Disabled under the Equality Act: Day-to-day activities limited a lot,44,179800,0.024471635150166853
E07000245,West Suffolk,All other sexual orientations,Disabled under the Equality Act: Day-to-day activities limited a little,90,179800,0.05005561735261402
E07000245,West Suffolk,All other sexual orientations,Not disabled under the Equality Act,328,179800,0.18242491657397109
E07000245,West Suffolk,Not answered,Does not apply,0,179800,0
E07000245,West Suffolk,Not answered,Disabled under the Equality Act: Day-to-day activities limited a lot,1086,179800,0.6040044493882091
E07000245,West Suffolk,Not answered,Disabled under the Equality Act: Day-to-day activities limited a little,1232,179800,0.6852057842046718
E07000245,West Suffolk,Not answered,Not disabled under the Equality Act,7957,179800,4.425472747497219
E07000246,Somerset West and Taunton,Does not apply,Does not apply,0,157400,0
E07000246,Somerset West and Taunton,Does not apply,Disabled under the Equality Act: Day-to-day activities limited a lot,0,157400,0
E07000246,Somerset West and Taunton,Does not apply,Disabled under the Equality Act: Day-to-day activities limited a little,0,157400,0
E07000246,Somerset West and Taunton,Does not apply,Not disabled under the Equality Act,0,157400,0
E07000246,Somerset West and Taunton,Straight or Heterosexual,Does not apply,0,157400,0
E07000246,Somerset West and Taunton,Straight or Heterosexual,Disabled under the Equality Act: Day-to-day activities limited a lot,9701,157400,6.163278271918679
E07000246,Somerset West and Taunton,Straight or Heterosexual,Disabled under the Equality Act: Day-to-day activities limited a little,14959,157400,9.503811944091487
E07000246,Somerset West and Taunton,Straight or Heterosexual,Not disabled under the Equality Act,93375,157400,59.32337992376112
E07000246,Somerset West and Taunton,Gay or Lesbian,Does not apply,0,157400,0
E07000246,Somerset West and Taunton,Gay or Lesbian,Disabled under the Equality Act: Day-to-day activities limited a lot,146,157400,0.09275730622617535
E07000246,Somerset West and Taunton,Gay or Lesbian,Disabled under the Equality Act: Day-to-day activities limited a little,266,157400,0.16899618805590852
E07000246,Somerset West and Taunton,Gay or Lesbian,Not disabled under the Equality Act,1214,157400,0.7712833545108005
E07000246,Somerset West and Taunton,Bisexual,Does not apply,0,157400,0
E07000246,Somerset West and Taunton,Bisexual,Disabled under the Equality Act: Day-to-day activities limited a lot,180,157400,0.11435832274459974
E07000246,Somerset West and Taunton,Bisexual,Disabled under the Equality Act: Day-to-day activities limited a little,360,157400,0.22871664548919948
E07000246,Somerset West and Taunton,Bisexual,Not disabled under the Equality Act,903,157400,0.5736975857687421
E07000246,Somerset West and Taunton,All other sexual orientations,Does not apply,0,157400,0
E07000246,Somerset West and Taunton,All other sexual orientations,Disabled under the Equality Act: Day-to-day activities limited a lot,65,157400,0.041296060991105464
E07000246,Somerset West and Taunton,All other sexual orientations,Disabled under the Equality Act: Day-to-day activities limited a little,93,157400,0.0590851334180432
E07000246,Somerset West and Taunton,All other sexual orientations,Not disabled under the Equality Act,168,157400,0.10673443456162643
E07000246,Somerset West and Taunton,Not answered,Does not apply,0,157400,0
E07000246,Somerset West and Taunton,Not answered,Disabled under the Equality Act: Day-to-day activities limited a lot,1359,157400,0.863405336721728
E07000246,Somerset West and Taunton,Not answered,Disabled under the Equality Act: Day-to-day activities limited a little,1343,157400,0.8532401524777636
E07000246,Somerset West and Taunton,Not answered,Not disabled under the Equality Act,7163,157400,4.550825921219822
E08000001,Bolton,Does not apply,Does not apply,0,296000,0
E08000001,Bolton,Does not apply,Disabled under the Equality Act: Day-to-day activities limited a lot,0,296000,0
E08000001,Bolton,Does not apply,Disabled under the Equality Act: Day-to-day activities limited a little,0,296000,0
E08000001,Bolton,Does not apply,Not disabled under the Equality Act,0,296000,0
E08000001,Bolton,Straight or Heterosexual,Does not apply,0,296000,0
E08000001,Bolton,Straight or Heterosexual,Disabled under the Equality Act: Day-to-day activities limited a lot,21067,296000,7.11722972972973
E08000001,Bolton,Straight or Heterosexual,Disabled under the Equality Act: Day-to-day activities limited a little,23237,296000,7.850337837837838
E08000001,Bolton,Straight or Heterosexual,Not disabled under the Equality Act,166361,296000,56.20304054054054
E08000001,Bolton,Gay or Lesbian,Does not apply,0,296000,0
E08000001,Bolton,Gay or Lesbian,Disabled under the Equality Act: Day-to-day activities limited a lot,341,296000,0.1152027027027027
E08000001,Bolton,Gay or Lesbian,Disabled under the Equality Act: Day-to-day activities limited a little,459,296000,0.15506756756756757
E08000001,Bolton,Gay or Lesbian,Not disabled under the Equality Act,2006,296000,0.6777027027027027
E08000001,Bolton,Bisexual,Does not apply,0,296000,0
E08000001,Bolton,Bisexual,Disabled under the Equality Act: Day-to-day activities limited a lot,288,296000,0.0972972972972973
E08000001,Bolton,Bisexual,Disabled under the Equality Act: Day-to-day activities limited a little,525,296000,0.17736486486486486
E08000001,Bolton,Bisexual,Not disabled under the Equality Act,1504,296000,0.5081081081081081
E08000001,Bolton,All other sexual orientations,Does not apply,0,296000,0
E08000001,Bolton,All other sexual orientations,Disabled under the Equality Act: Day-to-day activities limited a lot,89,296000,0.03006756756756757
E08000001,Bolton,All other sexual orientations,Disabled under the Equality Act: Day-to-day activities limited a little,92,296000,0.031081081081081083
E08000001,Bolton,All other sexual orientations,Not disabled under the Equality Act,389,296000,0.1314189189189189
E08000001,Bolton,Not answered,Does not apply,0,296000,0
E08000001,Bolton,Not answered,Disabled under the Equality Act: Day-to-day activities limited a lot,2100,296000,0.7094594594594594
E08000001,Bolton,Not answered,Disabled under the Equality Act: Day-to-day activities limited a little,1736,296000,0.5864864864864865
E08000001,Bolton,Not answered,Not disabled under the Equality Act,12092,296000,4.085135135135135
E08000002,Bury,Does not apply,Does not apply,0,193800,0
E08000002,Bury,Does not apply,Disabled under the Equality Act: Day-to-day activities limited a lot,0,193800,0
E08000002,Bury,Does not apply,Disabled under the Equality Act: Day-to-day activities limited a little,0,193800,0
E08000002,Bury,Does not apply,Not disabled under the Equality Act,0,193800,0
E08000002,Bury,Straight or Heterosexual,Does not apply,0,193800,0
E08000002,Bury,Straight or Heterosexual,Disabled under the Equality Act: Day-to-day activities limited a lot,13089,193800,6.753869969040248
E08000002,Bury,Straight or Heterosexual,Disabled under the Equality Act: Day-to-day activities limited a little,16315,193800,8.418472652218782
E08000002,Bury,Straight or Heterosexual,Not disabled under the Equality Act,110906,193800,57.22703818369453
E08000002,Bury,Gay or Lesbian,Does not apply,0,193800,0
E08000002,Bury,Gay or Lesbian,Disabled under the Equality Act: Day-to-day activities limited a lot,237,193800,0.12229102167182662
E08000002,Bury,Gay or Lesbian,Disabled under the Equality Act: Day-to-day activities limited a little,377,193800,0.19453044375644996
E08000002,Bury,Gay or Lesbian,Not disabled under the Equality Act,1828,193800,0.9432404540763674
E08000002,Bury,Bisexual,Does not apply,0,193800,0
E08000002,Bury,Bisexual,Disabled under the Equality Act: Day-to-day activities limited a lot,187,193800,0.09649122807017543
E08000002,Bury,Bisexual,Disabled under the Equality Act: Day-to-day activities limited a little,382,193800,0.19711042311661506
E08000002,Bury,Bisexual,Not disabled under the Equality Act,955,193800,0.49277605779153766
E08000002,Bury,All other sexual orientations,Does not apply,0,193800,0
E08000002,Bury,All other sexual orientations,Disabled under the Equality Act: Day-to-day activities limited a lot,51,193800,0.02631578947368421
E08000002,Bury,All other sexual orientations,Disabled under the Equality Act: Day-to-day activities limited a little,102,193800,0.05263157894736842
E08000002,Bury,All other sexual orientations,Not disabled under the Equality Act,241,193800,0.12435500515995872
E08000002,Bury,Not answered,Does not apply,0,193800,0
E08000002,Bury,Not answered,Disabled under the Equality Act: Day-to-day activities limited a lot,1356,193800,0.6996904024767802
E08000002,Bury,Not answered,Disabled under the Equality Act: Day-to-day activities limited a little,1170,193800,0.6037151702786377
E08000002,Bury,Not answered,Not disabled under the Equality Act,7674,193800,3.959752321981424
E08000003,Manchester,Does not apply,Does not apply,0,552000,0
E08000003,Manchester,Does not apply,Disabled under the Equality Act: Day-to-day activities limited a lot,0,552000,0
E08000003,Manchester,Does not apply,Disabled under the Equality Act: Day-to-day activities limited a little,0,552000,0
E08000003,Manchester,Does not apply,Not disabled under the Equality Act,0,552000,0
E08000003,Manchester,Straight or Heterosexual,Does not apply,0,552000,0
E08000003,Manchester,Straight or Heterosexual,Disabled under the Equality Act: Day-to-day activities limited a lot,35455,552000,6.4230072463768115
E08000003,Manchester,Straight or Heterosexual,Disabled under the Equality Act: Day-to-day activities limited a little,37808,552000,6.84927536231884
E08000003,Manchester,Straight or Heterosexual,Not disabled under the Equality Act,297313,552000,53.86105072463768
E08000003,Manchester,Gay or Lesbian,Does not apply,0,552000,0
E08000003,Manchester,Gay or Lesbian,Disabled under the Equality Act: Day-to-day activities limited a lot,1165,552000,0.21105072463768115
E08000003,Manchester,Gay or Lesbian,Disabled under the Equality Act: Day-to-day activities limited a little,2206,552000,0.3996376811594203
E08000003,Manchester,Gay or Lesbian,Not disabled under the Equality Act,11237,552000,2.0356884057971016
E08000003,Manchester,Bisexual,Does not apply,0,552000,0
E08000003,Manchester,Bisexual,Disabled under the Equality Act: Day-to-day activities limited a lot,966,552000,0.175
E08000003,Manchester,Bisexual,Disabled under the Equality Act: Day-to-day activities limited a little,2844,552000,0.5152173913043478
E08000003,Manchester,Bisexual,Not disabled under the Equality Act,7972,552000,1.4442028985507247
E08000003,Manchester,All other sexual orientations,Does not apply,0,552000,0
E08000003,Manchester,All other sexual orientations,Disabled under the Equality Act: Day-to-day activities limited a lot,305,552000,0.0552536231884058
E08000003,Manchester,All other sexual orientations,Disabled under the Equality Act: Day-to-day activities limited a little,699,552000,0.1266304347826087
E08000003,Manchester,All other sexual orientations,Not disabled under the Equality Act,1826,552000,0.3307971014492754
E08000003,Manchester,Not answered,Does not apply,0,552000,0
E08000003,Manchester,Not answered,Disabled under the Equality Act: Day-to-day activities limited a lot,4059,552000,0.7353260869565217
E08000003,Manchester,Not answered,Disabled under the Equality Act: Day-to-day activities limited a little,4081,552000,0.7393115942028986
E08000003,Manchester,Not answered,Not disabled under the Equality Act,30022,552000,5.438768115942029
E08000004,Oldham,Does not apply,Does not apply,0,242100,0
E08000004,Oldham,Does not apply,Disabled under the Equality Act: Day-to-day activities limited a lot,0,242100,0
E08000004,Oldham,Does not apply,Disabled under the Equality Act: Day-to-day activities limited a little,0,242100,0
E08000004,Oldham,Does not apply,Not disabled under the Equality Act,0,242100,0
E08000004,Oldham,Straight or Heterosexual,Does not apply,0,242100,0
E08000004,Oldham,Straight or Heterosexual,Disabled under the Equality Act: Day-to-day activities limited a lot,17205,242100,7.106567534076828
E08000004,Oldham,Straight or Heterosexual,Disabled under the Equality Act: Day-to-day activities limited a little,19125,242100,7.899628252788104
E08000004,Oldham,Straight or Heterosexual,Not disabled under the Equality Act,132931,242100,54.907476249483686
E08000004,Oldham,Gay or Lesbian,Does not apply,0,242100,0
E08000004,Oldham,Gay or Lesbian,Disabled under the Equality Act: Day-to-day activities limited a lot,227,242100,0.09376290788930194
E08000004,Oldham,Gay or Lesbian,Disabled under the Equality Act: Day-to-day activities limited a little,340,242100,0.14043783560512185
E08000004,Oldham,Gay or Lesbian,Not disabled under the Equality Act,1585,242100,0.6546881453944651
E08000004,Oldham,Bisexual,Does not apply,0,242100,0
E08000004,Oldham,Bisexual,Disabled under the Equality Act: Day-to-day activities limited a lot,162,242100,0.06691449814126393
E08000004,Oldham,Bisexual,Disabled under the Equality Act: Day-to-day activities limited a little,337,242100,0.13919867823213547
E08000004,Oldham,Bisexual,Not disabled under the Equality Act,1040,242100,0.429574555968608
E08000004,Oldham,All other sexual orientations,Does not apply,0,242100,0
E08000004,Oldham,All other sexual orientations,Disabled under the Equality Act: Day-to-day activities limited a lot,59,242100,0.024370095002065262
E08000004,Oldham,All other sexual orientations,Disabled under the Equality Act: Day-to-day activities limited a little,82,242100,0.033870301528294094
E08000004,Oldham,All other sexual orientations,Not disabled under the Equality Act,345,242100,0.14250309789343246
E08000004,Oldham,Not answered,Does not apply,0,242100,0
E08000004,Oldham,Not answered,Disabled under the Equality Act: Day-to-day activities limited a lot,1606,242100,0.6633622470053697
E08000004,Oldham,Not answered,Disabled under the Equality Act: Day-to-day activities limited a little,1482,242100,0.6121437422552665
E08000004,Oldham,Not answered,Not disabled under the Equality Act,10507,242100,4.3399421726559275
E08000005,Rochdale,Does not apply,Does not apply,0,223800,0
E08000005,Rochdale,Does not apply,Disabled under the Equality Act: Day-to-day activities limited a lot,0,223800,0
E08000005,Rochdale,Does not apply,Disabled under the Equality Act: Day-to-day activities limited a little,0,223800,0
E08000005,Rochdale,Does not apply,Not disabled under the Equality Act,0,223800,0
E08000005,Rochdale,Straight or Heterosexual,Does not apply,0,223800,0
E08000005,Rochdale,Straight or Heterosexual,Disabled under the Equality Act: Day-to-day activities limited a lot,16482,223800,7.3646112600536195
E08000005,Rochdale,Straight or Heterosexual,Disabled under the Equality Act: Day-to-day activities limited a little,18430,223800,8.235031277926721
E08000005,Rochdale,Straight or Heterosexual,Not disabled under the Equality Act,124353,223800,55.56434316353887
E08000005,Rochdale,Gay or Lesbian,Does not apply,0,223800,0
E08000005,Rochdale,Gay or Lesbian,Disabled under the Equality Act: Day-to-day activities limited a lot,227,223800,0.10142984807864164
E08000005,Rochdale,Gay or Lesbian,Disabled under the Equality Act: Day-to-day activities limited a little,312,223800,0.13941018766756033
E08000005,Rochdale,Gay or Lesbian,Not disabled under the Equality Act,1502,223800,0.6711349419124218
E08000005,Rochdale,Bisexual,Does not apply,0,223800,0
E08000005,Rochdale,Bisexual,Disabled under the Equality Act: Day-to-day activities limited a lot,211,223800,0.09428060768543342
E08000005,Rochdale,Bisexual,Disabled under the Equality Act: Day-to-day activities limited a little,355,223800,0.15862377122430743
E08000005,Rochdale,Bisexual,Not disabled under the Equality Act,949,223800,0.42403932082216267
E08000005,Rochdale,All other sexual orientations,Does not apply,0,223800,0
E08000005,Rochdale,All other sexual orientations,Disabled under the Equality Act: Day-to-day activities limited a lot,72,223800,0.032171581769437
E08000005,Rochdale,All other sexual orientations,Disabled under the Equality Act: Day-to-day activities limited a little,86,223800,0.03842716711349419
E08000005,Rochdale,All other sexual orientations,Not disabled under the Equality Act,254,223800,0.11349419124218052
E08000005,Rochdale,Not answered,Does not apply,0,223800,0
E08000005,Rochdale,Not answered,Disabled under the Equality Act: Day-to-day activities limited a lot,1617,223800,0.7225201072386059
E08000005,Rochdale,Not answered,Disabled under the Equality Act: Day-to-day activities limited a little,1341,223800,0.599195710455764
E08000005,Rochdale,Not answered,Not disabled under the Equality Act,8756,223800,3.9124218051831994
E08000006,Salford,Does not apply,Does not apply,0,269900,0
E08000006,Salford,Does not apply,Disabled under the Equality Act: Day-to-day activities limited a lot,0,269900,0
E08000006,Salford,Does not apply,Disabled under the Equality Act: Day-to-day activities limited a little,0,269900,0
E08000006,Salford,Does not apply,Not disabled under the Equality Act,0,269900,0
E08000006,Salford,Straight or Heterosexual,Does not apply,0,269900,0
E08000006,Salford,Straight or Heterosexual,Disabled under the Equality Act: Day-to-day activities limited a lot,18497,269900,6.853278992219341
E08000006,Salford,Straight or Heterosexual,Disabled under the Equality Act: Day-to-day activities limited a little,20551,269900,7.6143015931826605
E08000006,Salford,Straight or Heterosexual,Not disabled under the Equality Act,148398,269900,54.98258614301593
E08000006,Salford,Gay or Lesbian,Does not apply,0,269900,0
E08000006,Salford,Gay or Lesbian,Disabled under the Equality Act: Day-to-day activities limited a lot,584,269900,0.21637643571693219
E08000006,Salford,Gay or Lesbian,Disabled under the Equality Act: Day-to-day activities limited a little,1082,269900,0.4008892182289737
E08000006,Salford,Gay or Lesbian,Not disabled under the Equality Act,5516,269900,2.043719896257873
E08000006,Salford,Bisexual,Does not apply,0,269900,0
E08000006,Salford,Bisexual,Disabled under the Equality Act: Day-to-day activities limited a lot,400,269900,0.14820303816228234
E08000006,Salford,Bisexual,Disabled under the Equality Act: Day-to-day activities limited a little,999,269900,0.37013708781030014
E08000006,Salford,Bisexual,Not disabled under the Equality Act,2742,269900,1.0159318266024453
E08000006,Salford,All other sexual orientations,Does not apply,0,269900,0
E08000006,Salford,All other sexual orientations,Disabled under the Equality Act: Day-to-day activities limited a lot,130,269900,0.04816598740274176
E08000006,Salford,All other sexual orientations,Disabled under the Equality Act: Day-to-day activities limited a little,250,269900,0.09262689885142646
E08000006,Salford,All other sexual orientations,Not disabled under the Equality Act,545,269900,0.20192663949610967
E08000006,Salford,Not answered,Does not apply,0,269900,0
E08000006,Salford,Not answered,Disabled under the Equality Act: Day-to-day activities limited a lot,1949,269900,0.7221193034457206
E08000006,Salford,Not answered,Disabled under the Equality Act: Day-to-day activities limited a little,1900,269900,0.7039644312708411
E08000006,Salford,Not answered,Not disabled under the Equality Act,13381,269900,4.957762134123749
E08000007,Stockport,Does not apply,Does not apply,0,294800,0
E08000007,Stockport,Does not apply,Disabled under the Equality Act: Day-to-day activities limited a lot,0,294800,0
E08000007,Stockport,Does not apply,Disabled under the Equality Act: Day-to-day activities limited a little,0,294800,0
E08000007,Stockport,Does not apply,Not disabled under the Equality Act,0,294800,0
E08000007,Stockport,Straight or Heterosexual,Does not apply,0,294800,0
E08000007,Stockport,Straight or Heterosexual,Disabled under the Equality Act: Day-to-day activities limited a lot,18663,294800,6.330732700135685
E08000007,Stockport,Straight or Heterosexual,Disabled under the Equality Act: Day-to-day activities limited a little,25238,294800,8.561058344640434
E08000007,Stockport,Straight or Heterosexual,Not disabled under the Equality Act,173570,294800,58.87720488466757
E08000007,Stockport,Gay or Lesbian,Does not apply,0,294800,0
E08000007,Stockport,Gay or Lesbian,Disabled under the Equality Act: Day-to-day activities limited a lot,371,294800,0.12584803256445048
E08000007,Stockport,Gay or Lesbian,Disabled under the Equality Act: Day-to-day activities limited a little,597,294800,0.2025101763907734
E08000007,Stockport,Gay or Lesbian,Not disabled under the Equality Act,3017,294800,1.0234056987788331
E08000007,Stockport,Bisexual,Does not apply,0,294800,0
E08000007,Stockport,Bisexual,Disabled under the Equality Act: Day-to-day activities limited a lot,302,294800,0.10244233378561737
E08000007,Stockport,Bisexual,Disabled under the Equality Act: Day-to-day activities limited a little,643,294800,0.21811397557666215
E08000007,Stockport,Bisexual,Not disabled under the Equality Act,1557,294800,0.5281546811397557
E08000007,Stockport,All other sexual orientations,Does not apply,0,294800,0
E08000007,Stockport,All other sexual orientations,Disabled under the Equality Act: Day-to-day activities limited a lot,108,294800,0.036635006784260515
E08000007,Stockport,All other sexual orientations,Disabled under the Equality Act: Day-to-day activities limited a little,209,294800,0.0708955223880597
E08000007,Stockport,All other sexual orientations,Not disabled under the Equality Act,320,294800,0.10854816824966079
E08000007,Stockport,Not answered,Does not apply,0,294800,0
E08000007,Stockport,Not answered,Disabled under the Equality Act: Day-to-day activities limited a lot,1852,294800,0.6282225237449118
E08000007,Stockport,Not answered,Disabled under the Equality Act: Day-to-day activities limited a little,1882,294800,0.6383989145183175
E08000007,Stockport,Not answered,Not disabled under the Equality Act,10601,294800,3.595997286295794
E08000008,Tameside,Does not apply,Does not apply,0,231100,0
E08000008,Tameside,Does not apply,Disabled under the Equality Act: Day-to-day activities limited a lot,0,231100,0
E08000008,Tameside,Does not apply,Disabled under the Equality Act: Day-to-day activities limited a little,0,231100,0
E08000008,Tameside,Does not apply,Not disabled under the Equality Act,0,231100,0
E08000008,Tameside,Straight or Heterosexual,Does not apply,0,231100,0
E08000008,Tameside,Straight or Heterosexual,Disabled under the Equality Act: Day-to-day activities limited a lot,17535,231100,7.587624405019472
E08000008,Tameside,Straight or Heterosexual,Disabled under the Equality Act: Day-to-day activities limited a little,20518,231100,8.878407615750758
E08000008,Tameside,Straight or Heterosexual,Not disabled under the Equality Act,130089,231100,56.29121592384249
E08000008,Tameside,Gay or Lesbian,Does not apply,0,231100,0
E08000008,Tameside,Gay or Lesbian,Disabled under the Equality Act: Day-to-day activities limited a lot,325,231100,0.14063176114236262
E08000008,Tameside,Gay or Lesbian,Disabled under the Equality Act: Day-to-day activities limited a little,517,231100,0.22371267849415838
E08000008,Tameside,Gay or Lesbian,Not disabled under the Equality Act,2473,231100,1.0700995240155777
E08000008,Tameside,Bisexual,Does not apply,0,231100,0
E08000008,Tameside,Bisexual,Disabled under the Equality Act: Day-to-day activities limited a lot,277,231100,0.11986153180441367
E08000008,Tameside,Bisexual,Disabled under the Equality Act: Day-to-day activities limited a little,486,231100,0.21029857204673302
E08000008,Tameside,Bisexual,Not disabled under the Equality Act,1319,231100,0.5707485936823886
E08000008,Tameside,All other sexual orientations,Does not apply,0,231100,0
E08000008,Tameside,All other sexual orientations,Disabled under the Equality Act: Day-to-day activities limited a lot,79,231100,0.0341843357853743
E08000008,Tameside,All other sexual orientations,Disabled under the Equality Act: Day-to-day activities limited a little,162,231100,0.07009952401557767
E08000008,Tameside,All other sexual orientations,Not disabled under the Equality Act,371,231100,0.160536564257897
E08000008,Tameside,Not answered,Does not apply,0,231100,0
E08000008,Tameside,Not answered,Disabled under the Equality Act: Day-to-day activities limited a lot,1558,231100,0.674167027260926
E08000008,Tameside,Not answered,Disabled under the Equality Act: Day-to-day activities limited a little,1528,231100,0.661185633924708
E08000008,Tameside,Not answered,Not disabled under the Equality Act,7898,231100,3.417568152315015
E08000009,Trafford,Does not apply,Does not apply,0,235100,0
E08000009,Trafford,Does not apply,Disabled under the Equality Act: Day-to-day activities limited a lot,0,235100,0
E08000009,Trafford,Does not apply,Disabled under the Equality Act: Day-to-day activities limited a little,0,235100,0
E08000009,Trafford,Does not apply,Not disabled under the Equality Act,0,235100,0
E08000009,Trafford,Straight or Heterosexual,Does not apply,0,235100,0
E08000009,Trafford,Straight or Heterosexual,Disabled under the Equality Act: Day-to-day activities limited a lot,13134,235100,5.586558911101659
E08000009,Trafford,Straight or Heterosexual,Disabled under the Equality Act: Day-to-day activities limited a little,17863,235100,7.59804338579328
E08000009,Trafford,Straight or Heterosexual,Not disabled under the Equality Act,138224,235100,58.793704806465335
E08000009,Trafford,Gay or Lesbian,Does not apply,0,235100,0
E08000009,Trafford,Gay or Lesbian,Disabled under the Equality Act: Day-to-day activities limited a lot,208,235100,0.08847299021692896
E08000009,Trafford,Gay or Lesbian,Disabled under the Equality Act: Day-to-day activities limited a little,446,235100,0.18970650786899193
E08000009,Trafford,Gay or Lesbian,Not disabled under the Equality Act,2378,235100,1.0114844746916205
E08000009,Trafford,Bisexual,Does not apply,0,235100,0
E08000009,Trafford,Bisexual,Disabled under the Equality Act: Day-to-day activities limited a lot,208,235100,0.08847299021692896
E08000009,Trafford,Bisexual,Disabled under the Equality Act: Day-to-day activities limited a little,424,235100,0.18034878774989366
E08000009,Trafford,Bisexual,Not disabled under the Equality Act,1222,235100,0.5197788175244576
E08000009,Trafford,All other sexual orientations,Does not apply,0,235100,0
E08000009,Trafford,All other sexual orientations,Disabled under the Equality Act: Day-to-day activities limited a lot,62,235100,0.026371756699276903
E08000009,Trafford,All other sexual orientations,Disabled under the Equality Act: Day-to-day activities limited a little,122,235100,0.051892811569544874
E08000009,Trafford,All other sexual orientations,Not disabled under the Equality Act,342,235100,0.14547001276052743
E08000009,Trafford,Not answered,Does not apply,0,235100,0
E08000009,Trafford,Not answered,Disabled under the Equality Act: Day-to-day activities limited a lot,1334,235100,0.5674181199489579
E08000009,Trafford,Not answered,Disabled under the Equality Act: Day-to-day activities limited a little,1270,235100,0.5401956614206721
E08000009,Trafford,Not answered,Not disabled under the Equality Act,8915,235100,3.792003402807316
E08000010,Wigan,Does not apply,Does not apply,0,329300,0
E08000010,Wigan,Does not apply,Disabled under the Equality Act: Day-to-day activities limited a lot,0,329300,0
E08000010,Wigan,Does not apply,Disabled under the Equality Act: Day-to-day activities limited a little,0,329300,0
E08000010,Wigan,Does not apply,Not disabled under the Equality Act,0,329300,0
E08000010,Wigan,Straight or Heterosexual,Does not apply,0,329300,0
E08000010,Wigan,Straight or Heterosexual,Disabled under the Equality Act: Day-to-day activities limited a lot,25864,329300,7.854236258730641
E08000010,Wigan,Straight or Heterosexual,Disabled under the Equality Act: Day-to-day activities limited a little,29525,329300,8.965988460370482
E08000010,Wigan,Straight or Heterosexual,Not disabled under the Equality Act,191737,329300,58.22563012450653
E08000010,Wigan,Gay or Lesbian,Does not apply,0,329300,0
E08000010,Wigan,Gay or Lesbian,Disabled under the Equality Act: Day-to-day activities limited a lot,388,329300,0.11782569085939873
E08000010,Wigan,Gay or Lesbian,Disabled under the Equality Act: Day-to-day activities limited a little,592,329300,0.1797752808988764
E08000010,Wigan,Gay or Lesbian,Not disabled under the Equality Act,2905,329300,0.8821743091406012
E08000010,Wigan,Bisexual,Does not apply,0,329300,0
E08000010,Wigan,Bisexual,Disabled under the Equality Act: Day-to-day activities limited a lot,325,329300,0.09869419981779533
E08000010,Wigan,Bisexual,Disabled under the Equality Act: Day-to-day activities limited a little,615,329300,0.18675979350136654
E08000010,Wigan,Bisexual,Not disabled under the Equality Act,1440,329300,0.4372912238080777
E08000010,Wigan,All other sexual orientations,Does not apply,0,329300,0
E08000010,Wigan,All other sexual orientations,Disabled under the Equality Act: Day-to-day activities limited a lot,103,329300,0.03127846948071667
E08000010,Wigan,All other sexual orientations,Disabled under the Equality Act: Day-to-day activities limited a little,106,329300,0.032189492863650165
E08000010,Wigan,All other sexual orientations,Not disabled under the Equality Act,298,329300,0.09049498937139387
E08000010,Wigan,Not answered,Does not apply,0,329300,0
E08000010,Wigan,Not answered,Disabled under the Equality Act: Day-to-day activities limited a lot,2126,329300,0.6456119040388704
E08000010,Wigan,Not answered,Disabled under the Equality Act: Day-to-day activities limited a little,1968,329300,0.597631339204373
E08000010,Wigan,Not answered,Not disabled under the Equality Act,10701,329300,3.2496204069237775
E08000011,Knowsley,Does not apply,Does not apply,0,154500,0
E08000011,Knowsley,Does not apply,Disabled under the Equality Act: Day-to-day activities limited a lot,0,154500,0
E08000011,Knowsley,Does not apply,Disabled under the Equality Act: Day-to-day activities limited a little,0,154500,0
E08000011,Knowsley,Does not apply,Not disabled under the Equality Act,0,154500,0
E08000011,Knowsley,Straight or Heterosexual,Does not apply,0,154500,0
E08000011,Knowsley,Straight or Heterosexual,Disabled under the Equality Act: Day-to-day activities limited a lot,16350,154500,10.58252427184466
E08000011,Knowsley,Straight or Heterosexual,Disabled under the Equality Act: Day-to-day activities limited a little,13264,154500,8.585113268608414
E08000011,Knowsley,Straight or Heterosexual,Not disabled under the Equality Act,84723,154500,54.8368932038835
E08000011,Knowsley,Gay or Lesbian,Does not apply,0,154500,0
E08000011,Knowsley,Gay or Lesbian,Disabled under the Equality Act: Day-to-day activities limited a lot,212,154500,0.1372168284789644
E08000011,Knowsley,Gay or Lesbian,Disabled under the Equality Act: Day-to-day activities limited a little,267,154500,0.17281553398058253
E08000011,Knowsley,Gay or Lesbian,Not disabled under the Equality Act,1326,154500,0.858252427184466
E08000011,Knowsley,Bisexual,Does not apply,0,154500,0
E08000011,Knowsley,Bisexual,Disabled under the Equality Act: Day-to-day activities limited a lot,124,154500,0.08025889967637541
E08000011,Knowsley,Bisexual,Disabled under the Equality Act: Day-to-day activities limited a little,178,154500,0.11521035598705502
E08000011,Knowsley,Bisexual,Not disabled under the Equality Act,588,154500,0.38058252427184464
E08000011,Knowsley,All other sexual orientations,Does not apply,0,154500,0
E08000011,Knowsley,All other sexual orientations,Disabled under the Equality Act: Day-to-day activities limited a lot,37,154500,0.02394822006472492
E08000011,Knowsley,All other sexual orientations,Disabled under the Equality Act: Day-to-day activities limited a little,45,154500,0.02912621359223301
E08000011,Knowsley,All other sexual orientations,Not disabled under the Equality Act,105,154500,0.06796116504854369
E08000011,Knowsley,Not answered,Does not apply,0,154500,0
E08000011,Knowsley,Not answered,Disabled under the Equality Act: Day-to-day activities limited a lot,1261,154500,0.8161812297734627
E08000011,Knowsley,Not answered,Disabled under the Equality Act: Day-to-day activities limited a little,878,154500,0.568284789644013
E08000011,Knowsley,Not answered,Not disabled under the Equality Act,4943,154500,3.1993527508090613
E08000012,Liverpool,Does not apply,Does not apply,0,486100,0
E08000012,Liverpool,Does not apply,Disabled under the Equality Act: Day-to-day activities limited a lot,0,486100,0
E08000012,Liverpool,Does not apply,Disabled under the Equality Act: Day-to-day activities limited a little,0,486100,0
E08000012,Liverpool,Does not apply,Not disabled under the Equality Act,0,486100,0
E08000012,Liverpool,Straight or Heterosexual,Does not apply,0,486100,0
E08000012,Liverpool,Straight or Heterosexual,Disabled under the Equality Act: Day-to-day activities limited a lot,45257,486100,9.31022423369677
E08000012,Liverpool,Straight or Heterosexual,Disabled under the Equality Act: Day-to-day activities limited a little,40301,486100,8.290680929849826
E08000012,Liverpool,Straight or Heterosexual,Not disabled under the Equality Act,269223,486100,55.384283069327296
E08000012,Liverpool,Gay or Lesbian,Does not apply,0,486100,0
E08000012,Liverpool,Gay or Lesbian,Disabled under the Equality Act: Day-to-day activities limited a lot,845,486100,0.17383254474387985
E08000012,Liverpool,Gay or Lesbian,Disabled under the Equality Act: Day-to-day activities limited a little,1180,486100,0.24274840567784406
E08000012,Liverpool,Gay or Lesbian,Not disabled under the Equality Act,6562,486100,1.349927998354248
E08000012,Liverpool,Bisexual,Does not apply,0,486100,0
E08000012,Liverpool,Bisexual,Disabled under the Equality Act: Day-to-day activities limited a lot,739,486100,0.1520263320304464
E08000012,Liverpool,Bisexual,Disabled under the Equality Act: Day-to-day activities limited a little,1872,486100,0.38510594527874925
E08000012,Liverpool,Bisexual,Not disabled under the Equality Act,4900,486100,1.0080230405266406
E08000012,Liverpool,All other sexual orientations,Does not apply,0,486100,0
E08000012,Liverpool,All other sexual orientations,Disabled under the Equality Act: Day-to-day activities limited a lot,221,486100,0.04546389631763012
E08000012,Liverpool,All other sexual orientations,Disabled under the Equality Act: Day-to-day activities limited a little,430,486100,0.08845916478090927
E08000012,Liverpool,All other sexual orientations,Not disabled under the Equality Act,1054,486100,0.21682781320715902
E08000012,Liverpool,Not answered,Does not apply,0,486100,0
E08000012,Liverpool,Not answered,Disabled under the Equality Act: Day-to-day activities limited a lot,4311,486100,0.8868545566755811
E08000012,Liverpool,Not answered,Disabled under the Equality Act: Day-to-day activities limited a little,3644,486100,0.7496399917712405
E08000012,Liverpool,Not answered,Not disabled under the Equality Act,22489,486100,4.626414318041555
E08000013,St. Helens,Does not apply,Does not apply,0,183200,0
E08000013,St. Helens,Does not apply,Disabled under the Equality Act: Day-to-day activities limited a lot,0,183200,0
E08000013,St. Helens,Does not apply,Disabled under the Equality Act: Day-to-day activities limited a little,0,183200,0
E08000013,St. Helens,Does not apply,Not disabled under the Equality Act,0,183200,0
E08000013,St. Helens,Straight or Heterosexual,Does not apply,0,183200,0
E08000013,St. Helens,Straight or Heterosexual,Disabled under the Equality Act: Day-to-day activities limited a lot,17048,183200,9.305676855895197
E08000013,St. Helens,Straight or Heterosexual,Disabled under the Equality Act: Day-to-day activities limited a little,17482,183200,9.542576419213974
E08000013,St. Helens,Straight or Heterosexual,Not disabled under the Equality Act,103760,183200,56.63755458515284
E08000013,St. Helens,Gay or Lesbian,Does not apply,0,183200,0
E08000013,St. Helens,Gay or Lesbian,Disabled under the Equality Act: Day-to-day activities limited a lot,268,183200,0.1462882096069869
E08000013,St. Helens,Gay or Lesbian,Disabled under the Equality Act: Day-to-day activities limited a little,341,183200,0.1861353711790393
E08000013,St. Helens,Gay or Lesbian,Not disabled under the Equality Act,1798,183200,0.9814410480349345
E08000013,St. Helens,Bisexual,Does not apply,0,183200,0
E08000013,St. Helens,Bisexual,Disabled under the Equality Act: Day-to-day activities limited a lot,188,183200,0.10262008733624454
E08000013,St. Helens,Bisexual,Disabled under the Equality Act: Day-to-day activities limited a little,294,183200,0.16048034934497818
E08000013,St. Helens,Bisexual,Not disabled under the Equality Act,856,183200,0.4672489082969432
E08000013,St. Helens,All other sexual orientations,Does not apply,0,183200,0
E08000013,St. Helens,All other sexual orientations,Disabled under the Equality Act: Day-to-day activities limited a lot,57,183200,0.03111353711790393
E08000013,St. Helens,All other sexual orientations,Disabled under the Equality Act: Day-to-day activities limited a little,75,183200,0.04093886462882096
E08000013,St. Helens,All other sexual orientations,Not disabled under the Equality Act,193,183200,0.10534934497816593
E08000013,St. Helens,Not answered,Does not apply,0,183200,0
E08000013,St. Helens,Not answered,Disabled under the Equality Act: Day-to-day activities limited a lot,1341,183200,0.7319868995633187
E08000013,St. Helens,Not answered,Disabled under the Equality Act: Day-to-day activities limited a little,1075,183200,0.5867903930131004
E08000013,St. Helens,Not answered,Not disabled under the Equality Act,5801,183200,3.166484716157205
E08000014,Sefton,Does not apply,Does not apply,0,279300,0
E08000014,Sefton,Does not apply,Disabled under the Equality Act: Day-to-day activities limited a lot,0,279300,0
E08000014,Sefton,Does not apply,Disabled under the Equality Act: Day-to-day activities limited a little,0,279300,0
E08000014,Sefton,Does not apply,Not disabled under the Equality Act,0,279300,0
E08000014,Sefton,Straight or Heterosexual,Does not apply,0,279300,0
E08000014,Sefton,Straight or Heterosexual,Disabled under the Equality Act: Day-to-day activities limited a lot,24981,279300,8.944146079484426
E08000014,Sefton,Straight or Heterosexual,Disabled under the Equality Act: Day-to-day activities limited a little,26081,279300,9.33798782670963
E08000014,Sefton,Straight or Heterosexual,Not disabled under the Equality Act,161359,279300,57.77264590046545
E08000014,Sefton,Gay or Lesbian,Does not apply,0,279300,0
E08000014,Sefton,Gay or Lesbian,Disabled under the Equality Act: Day-to-day activities limited a lot,374,279300,0.13390619405657
E08000014,Sefton,Gay or Lesbian,Disabled under the Equality Act: Day-to-day activities limited a little,547,279300,0.1958467597565342
E08000014,Sefton,Gay or Lesbian,Not disabled under the Equality Act,2380,279300,0.8521303258145363
E08000014,Sefton,Bisexual,Does not apply,0,279300,0
E08000014,Sefton,Bisexual,Disabled under the Equality Act: Day-to-day activities limited a lot,321,279300,0.11493018259935553
E08000014,Sefton,Bisexual,Disabled under the Equality Act: Day-to-day activities limited a little,456,279300,0.16326530612244897
E08000014,Sefton,Bisexual,Not disabled under the Equality Act,1248,279300,0.44683136412459723
E08000014,Sefton,All other sexual orientations,Does not apply,0,279300,0
E08000014,Sefton,All other sexual orientations,Disabled under the Equality Act: Day-to-day activities limited a lot,84,279300,0.03007518796992481
E08000014,Sefton,All other sexual orientations,Disabled under the Equality Act: Day-to-day activities limited a little,140,279300,0.05012531328320802
E08000014,Sefton,All other sexual orientations,Not disabled under the Equality Act,268,279300,0.09595417114214107
E08000014,Sefton,Not answered,Does not apply,0,279300,0
E08000014,Sefton,Not answered,Disabled under the Equality Act: Day-to-day activities limited a lot,2461,279300,0.8811313999283924
E08000014,Sefton,Not answered,Disabled under the Equality Act: Day-to-day activities limited a little,1935,279300,0.6928034371643395
E08000014,Sefton,Not answered,Not disabled under the Equality Act,9758,279300,3.493734335839599
E08000015,Wirral,Does not apply,Does not apply,0,320200,0
E08000015,Wirral,Does not apply,Disabled under the Equality Act: Day-to-day activities limited a lot,0,320200,0
E08000015,Wirral,Does not apply,Disabled under the Equality Act: Day-to-day activities limited a little,0,320200,0
E08000015,Wirral,Does not apply,Not disabled under the Equality Act,0,320200,0
E08000015,Wirral,Straight or Heterosexual,Does not apply,0,320200,0
E08000015,Wirral,Straight or Heterosexual,Disabled under the Equality Act: Day-to-day activities limited a lot,28723,320200,8.970331043098064
E08000015,Wirral,Straight or Heterosexual,Disabled under the Equality Act: Day-to-day activities limited a little,30616,320200,9.56152404747033
E08000015,Wirral,Straight or Heterosexual,Not disabled under the Equality Act,178274,320200,55.67582760774516
E08000015,Wirral,Gay or Lesbian,Does not apply,0,320200,0
E08000015,Wirral,Gay or Lesbian,Disabled under the Equality Act: Day-to-day activities limited a lot,487,320200,0.15209244222361024
E08000015,Wirral,Gay or Lesbian,Disabled under the Equality Act: Day-to-day activities limited a little,675,320200,0.2108057464084947
E08000015,Wirral,Gay or Lesbian,Not disabled under the Equality Act,3017,320200,0.9422236102435978
E08000015,Wirral,Bisexual,Does not apply,0,320200,0
E08000015,Wirral,Bisexual,Disabled under the Equality Act: Day-to-day activities limited a lot,423,320200,0.13210493441599
E08000015,Wirral,Bisexual,Disabled under the Equality Act: Day-to-day activities limited a little,712,320200,0.22236102435977514
E08000015,Wirral,Bisexual,Not disabled under the Equality Act,1595,320200,0.4981261711430356
E08000015,Wirral,All other sexual orientations,Does not apply,0,320200,0
E08000015,Wirral,All other sexual orientations,Disabled under the Equality Act: Day-to-day activities limited a lot,124,320200,0.03872579637726421
E08000015,Wirral,All other sexual orientations,Disabled under the Equality Act: Day-to-day activities limited a little,194,320200,0.060587133041848845
E08000015,Wirral,All other sexual orientations,Not disabled under the Equality Act,314,320200,0.09806371018113678
E08000015,Wirral,Not answered,Does not apply,0,320200,0
E08000015,Wirral,Not answered,Disabled under the Equality Act: Day-to-day activities limited a lot,2953,320200,0.9222361024359775
E08000015,Wirral,Not answered,Disabled under the Equality Act: Day-to-day activities limited a little,2365,320200,0.7386008744534666
E08000015,Wirral,Not answered,Not disabled under the Equality Act,11640,320200,3.635227982510931
E08000016,Barnsley,Does not apply,Does not apply,0,244600,0
E08000016,Barnsley,Does not apply,Disabled under the Equality Act: Day-to-day activities limited a lot,0,244600,0
E08000016,Barnsley,Does not apply,Disabled under the Equality Act: Day-to-day activities limited a little,0,244600,0
E08000016,Barnsley,Does not apply,Not disabled under the Equality Act,0,244600,0
E08000016,Barnsley,Straight or Heterosexual,Does not apply,0,244600,0
E08000016,Barnsley,Straight or Heterosexual,Disabled under the Equality Act: Day-to-day activities limited a lot,21852,244600,8.933769419460344
E08000016,Barnsley,Straight or Heterosexual,Disabled under the Equality Act: Day-to-day activities limited a little,23406,244600,9.56909239574816
E08000016,Barnsley,Straight or Heterosexual,Not disabled under the Equality Act,137690,244600,56.29190515126737
E08000016,Barnsley,Gay or Lesbian,Does not apply,0,244600,0
E08000016,Barnsley,Gay or Lesbian,Disabled under the Equality Act: Day-to-day activities limited a lot,364,244600,0.14881439084219134
E08000016,Barnsley,Gay or Lesbian,Disabled under the Equality Act: Day-to-day activities limited a little,502,244600,0.205233033524121
E08000016,Barnsley,Gay or Lesbian,Not disabled under the Equality Act,2122,244600,0.8675388389206868
E08000016,Barnsley,Bisexual,Does not apply,0,244600,0
E08000016,Barnsley,Bisexual,Disabled under the Equality Act: Day-to-day activities limited a lot,245,244600,0.10016353229762878
E08000016,Barnsley,Bisexual,Disabled under the Equality Act: Day-to-day activities limited a little,466,244600,0.19051512673753065
E08000016,Barnsley,Bisexual,Not disabled under the Equality Act,1106,244600,0.45216680294358136
E08000016,Barnsley,All other sexual orientations,Does not apply,0,244600,0
E08000016,Barnsley,All other sexual orientations,Disabled under the Equality Act: Day-to-day activities limited a lot,67,244600,0.02739165985282093
E08000016,Barnsley,All other sexual orientations,Disabled under the Equality Act: Day-to-day activities limited a little,100,244600,0.04088307440719542
E08000016,Barnsley,All other sexual orientations,Not disabled under the Equality Act,231,244600,0.09443990188062143
E08000016,Barnsley,Not answered,Does not apply,0,244600,0
E08000016,Barnsley,Not answered,Disabled under the Equality Act: Day-to-day activities limited a lot,1922,244600,0.785772690106296
E08000016,Barnsley,Not answered,Disabled under the Equality Act: Day-to-day activities limited a little,1560,244600,0.6377759607522485
E08000016,Barnsley,Not answered,Not disabled under the Equality Act,8156,244600,3.3344235486508587
E08000017,Doncaster,Does not apply,Does not apply,0,308100,0
E08000017,Doncaster,Does not apply,Disabled under the Equality Act: Day-to-day activities limited a lot,0,308100,0
E08000017,Doncaster,Does not apply,Disabled under the Equality Act: Day-to-day activities limited a little,0,308100,0
E08000017,Doncaster,Does not apply,Not disabled under the Equality Act,0,308100,0
E08000017,Doncaster,Straight or Heterosexual,Does not apply,0,308100,0
E08000017,Doncaster,Straight or Heterosexual,Disabled under the Equality Act: Day-to-day activities limited a lot,23935,308100,7.768581629341123
E08000017,Doncaster,Straight or Heterosexual,Disabled under the Equality Act: Day-to-day activities limited a little,27895,308100,9.053878610840636
E08000017,Doncaster,Straight or Heterosexual,Not disabled under the Equality Act,176131,308100,57.166828951639076
E08000017,Doncaster,Gay or Lesbian,Does not apply,0,308100,0
E08000017,Doncaster,Gay or Lesbian,Disabled under the Equality Act: Day-to-day activities limited a lot,467,308100,0.1515741642323921
E08000017,Doncaster,Gay or Lesbian,Disabled under the Equality Act: Day-to-day activities limited a little,478,308100,0.15514443362544628
E08000017,Doncaster,Gay or Lesbian,Not disabled under the Equality Act,2520,308100,0.8179162609542356
E08000017,Doncaster,Bisexual,Does not apply,0,308100,0
E08000017,Doncaster,Bisexual,Disabled under the Equality Act: Day-to-day activities limited a lot,302,308100,0.09802012333657903
E08000017,Doncaster,Bisexual,Disabled under the Equality Act: Day-to-day activities limited a little,595,308100,0.19311911716975008
E08000017,Doncaster,Bisexual,Not disabled under the Equality Act,1510,308100,0.4901006166828952
E08000017,Doncaster,All other sexual orientations,Does not apply,0,308100,0
E08000017,Doncaster,All other sexual orientations,Disabled under the Equality Act: Day-to-day activities limited a lot,109,308100,0.03537812398571892
E08000017,Doncaster,All other sexual orientations,Disabled under the Equality Act: Day-to-day activities limited a little,111,308100,0.03602726387536514
E08000017,Doncaster,All other sexual orientations,Not disabled under the Equality Act,426,308100,0.1382667964946446
E08000017,Doncaster,Not answered,Does not apply,0,308100,0
E08000017,Doncaster,Not answered,Disabled under the Equality Act: Day-to-day activities limited a lot,2598,308100,0.8432327166504382
E08000017,Doncaster,Not answered,Disabled under the Equality Act: Day-to-day activities limited a little,2132,308100,0.6919831223628692
E08000017,Doncaster,Not answered,Not disabled under the Equality Act,11719,308100,3.803635183382019
E08000018,Rotherham,Does not apply,Does not apply,0,265800,0
E08000018,Rotherham,Does not apply,Disabled under the Equality Act: Day-to-day activities limited a lot,0,265800,0
E08000018,Rotherham,Does not apply,Disabled under the Equality Act: Day-to-day activities limited a little,0,265800,0
E08000018,Rotherham,Does not apply,Not disabled under the Equality Act,0,265800,0
E08000018,Rotherham,Straight or Heterosexual,Does not apply,0,265800,0
E08000018,Rotherham,Straight or Heterosexual,Disabled under the Equality Act: Day-to-day activities limited a lot,21699,265800,8.163656884875847
E08000018,Rotherham,Straight or Heterosexual,Disabled under the Equality Act: Day-to-day activities limited a little,24970,265800,9.394281414597442
E08000018,Rotherham,Straight or Heterosexual,Not disabled under the Equality Act,150837,265800,56.74830699774267
E08000018,Rotherham,Gay or Lesbian,Does not apply,0,265800,0
E08000018,Rotherham,Gay or Lesbian,Disabled under the Equality Act: Day-to-day activities limited a lot,319,265800,0.1200150489089541
E08000018,Rotherham,Gay or Lesbian,Disabled under the Equality Act: Day-to-day activities limited a little,420,265800,0.1580135440180587
E08000018,Rotherham,Gay or Lesbian,Not disabled under the Equality Act,1898,265800,0.7140707298720843
E08000018,Rotherham,Bisexual,Does not apply,0,265800,0
E08000018,Rotherham,Bisexual,Disabled under the Equality Act: Day-to-day activities limited a lot,294,265800,0.11060948081264109
E08000018,Rotherham,Bisexual,Disabled under the Equality Act: Day-to-day activities limited a little,468,265800,0.17607223476297967
E08000018,Rotherham,Bisexual,Not disabled under the Equality Act,1139,265800,0.4285176824680211
E08000018,Rotherham,All other sexual orientations,Does not apply,0,265800,0
E08000018,Rotherham,All other sexual orientations,Disabled under the Equality Act: Day-to-day activities limited a lot,89,265800,0.03348382242287434
E08000018,Rotherham,All other sexual orientations,Disabled under the Equality Act: Day-to-day activities limited a little,110,265800,0.04138449962377728
E08000018,Rotherham,All other sexual orientations,Not disabled under the Equality Act,324,265800,0.12189616252821671
E08000018,Rotherham,Not answered,Does not apply,0,265800,0
E08000018,Rotherham,Not answered,Disabled under the Equality Act: Day-to-day activities limited a lot,2006,265800,0.7547027840481565
E08000018,Rotherham,Not answered,Disabled under the Equality Act: Day-to-day activities limited a little,1820,265800,0.6847253574115877
E08000018,Rotherham,Not answered,Not disabled under the Equality Act,9181,265800,3.4541008276899925
E08000019,Sheffield,Does not apply,Does not apply,0,556500,0
E08000019,Sheffield,Does not apply,Disabled under the Equality Act: Day-to-day activities limited a lot,0,556500,0
E08000019,Sheffield,Does not apply,Disabled under the Equality Act: Day-to-day activities limited a little,0,556500,0
E08000019,Sheffield,Does not apply,Not disabled under the Equality Act,0,556500,0
E08000019,Sheffield,Straight or Heterosexual,Does not apply,0,556500,0
E08000019,Sheffield,Straight or Heterosexual,Disabled under the Equality Act: Day-to-day activities limited a lot,37527,556500,6.743396226415094
E08000019,Sheffield,Straight or Heterosexual,Disabled under the Equality Act: Day-to-day activities limited a little,48939,556500,8.794070080862534
E08000019,Sheffield,Straight or Heterosexual,Not disabled under the Equality Act,315071,556500,56.61653189577718
E08000019,Sheffield,Gay or Lesbian,Does not apply,0,556500,0
E08000019,Sheffield,Gay or Lesbian,Disabled under the Equality Act: Day-to-day activities limited a lot,723,556500,0.1299191374663073
E08000019,Sheffield,Gay or Lesbian,Disabled under the Equality Act: Day-to-day activities limited a little,1327,556500,0.23845462713387242
E08000019,Sheffield,Gay or Lesbian,Not disabled under the Equality Act,5345,556500,0.9604672057502246
E08000019,Sheffield,Bisexual,Does not apply,0,556500,0
E08000019,Sheffield,Bisexual,Disabled under the Equality Act: Day-to-day activities limited a lot,914,556500,0.16424079065588498
E08000019,Sheffield,Bisexual,Disabled under the Equality Act: Day-to-day activities limited a little,2447,556500,0.4397124887690925
E08000019,Sheffield,Bisexual,Not disabled under the Equality Act,5657,556500,1.0165318957771787
E08000019,Sheffield,All other sexual orientations,Does not apply,0,556500,0
E08000019,Sheffield,All other sexual orientations,Disabled under the Equality Act: Day-to-day activities limited a lot,339,556500,0.06091644204851752
E08000019,Sheffield,All other sexual orientations,Disabled under the Equality Act: Day-to-day activities limited a little,644,556500,0.11572327044025157
E08000019,Sheffield,All other sexual orientations,Not disabled under the Equality Act,1427,556500,0.2564240790655885
E08000019,Sheffield,Not answered,Does not apply,0,556500,0
E08000019,Sheffield,Not answered,Disabled under the Equality Act: Day-to-day activities limited a lot,4525,556500,0.8131176999101527
E08000019,Sheffield,Not answered,Disabled under the Equality Act: Day-to-day activities limited a little,4726,556500,0.849236298292902
E08000019,Sheffield,Not answered,Not disabled under the Equality Act,26638,556500,4.78670260557053
E08000021,Newcastle upon Tyne,Does not apply,Does not apply,0,300200,0
E08000021,Newcastle upon Tyne,Does not apply,Disabled under the Equality Act: Day-to-day activities limited a lot,0,300200,0
E08000021,Newcastle upon Tyne,Does not apply,Disabled under the Equality Act: Day-to-day activities limited a little,0,300200,0
E08000021,Newcastle upon Tyne,Does not apply,Not disabled under the Equality Act,0,300200,0
E08000021,Newcastle upon Tyne,Straight or Heterosexual,Does not apply,0,300200,0
E08000021,Newcastle upon Tyne,Straight or Heterosexual,Disabled under the Equality Act: Day-to-day activities limited a lot,20446,300200,6.810792804796802
E08000021,Newcastle upon Tyne,Straight or Heterosexual,Disabled under the Equality Act: Day-to-day activities limited a little,24783,300200,8.255496335776149
E08000021,Newcastle upon Tyne,Straight or Heterosexual,Not disabled under the Equality Act,171777,300200,57.22085276482345
E08000021,Newcastle upon Tyne,Gay or Lesbian,Does not apply,0,300200,0
E08000021,Newcastle upon Tyne,Gay or Lesbian,Disabled under the Equality Act: Day-to-day activities limited a lot,486,300200,0.16189207195203198
E08000021,Newcastle upon Tyne,Gay or Lesbian,Disabled under the Equality Act: Day-to-day activities limited a little,863,300200,0.28747501665556296
E08000021,Newcastle upon Tyne,Gay or Lesbian,Not disabled under the Equality Act,4148,300200,1.3817455029980013
E08000021,Newcastle upon Tyne,Bisexual,Does not apply,0,300200,0
E08000021,Newcastle upon Tyne,Bisexual,Disabled under the Equality Act: Day-to-day activities limited a lot,484,300200,0.16122584943371085
E08000021,Newcastle upon Tyne,Bisexual,Disabled under the Equality Act: Day-to-day activities limited a little,1388,300200,0.46235842771485675
E08000021,Newcastle upon Tyne,Bisexual,Not disabled under the Equality Act,3853,300200,1.2834776815456364
E08000021,Newcastle upon Tyne,All other sexual orientations,Does not apply,0,300200,0
E08000021,Newcastle upon Tyne,All other sexual orientations,Disabled under the Equality Act: Day-to-day activities limited a lot,168,300200,0.05596269153897402
E08000021,Newcastle upon Tyne,All other sexual orientations,Disabled under the Equality Act: Day-to-day activities limited a little,346,300200,0.11525649566955364
E08000021,Newcastle upon Tyne,All other sexual orientations,Not disabled under the Equality Act,820,300200,0.2731512325116589
E08000021,Newcastle upon Tyne,Not answered,Does not apply,0,300200,0
E08000021,Newcastle upon Tyne,Not answered,Disabled under the Equality Act: Day-to-day activities limited a lot,2171,300200,0.7231845436375749
E08000021,Newcastle upon Tyne,Not answered,Disabled under the Equality Act: Day-to-day activities limited a little,2404,300200,0.8007994670219853
E08000021,Newcastle upon Tyne,Not answered,Not disabled under the Equality Act,14311,300200,4.767155229846769
E08000022,North Tyneside,Does not apply,Does not apply,0,209000,0
E08000022,North Tyneside,Does not apply,Disabled under the Equality Act: Day-to-day activities limited a lot,0,209000,0
E08000022,North Tyneside,Does not apply,Disabled under the Equality Act: Day-to-day activities limited a little,0,209000,0
E08000022,North Tyneside,Does not apply,Not disabled under the Equality Act,0,209000,0
E08000022,North Tyneside,Straight or Heterosexual,Does not apply,0,209000,0
E08000022,North Tyneside,Straight or Heterosexual,Disabled under the Equality Act: Day-to-day activities limited a lot,15274,209000,7.308133971291866
E08000022,North Tyneside,Straight or Heterosexual,Disabled under the Equality Act: Day-to-day activities limited a little,19542,209000,9.350239234449761
E08000022,North Tyneside,Straight or Heterosexual,Not disabled under the Equality Act,122407,209000,58.567942583732055
E08000022,North Tyneside,Gay or Lesbian,Does not apply,0,209000,0
E08000022,North Tyneside,Gay or Lesbian,Disabled under the Equality Act: Day-to-day activities limited a lot,275,209000,0.13157894736842105
E08000022,North Tyneside,Gay or Lesbian,Disabled under the Equality Act: Day-to-day activities limited a little,448,209000,0.21435406698564594
E08000022,North Tyneside,Gay or Lesbian,Not disabled under the Equality Act,2202,209000,1.0535885167464114
E08000022,North Tyneside,Bisexual,Does not apply,0,209000,0
E08000022,North Tyneside,Bisexual,Disabled under the Equality Act: Day-to-day activities limited a lot,229,209000,0.10956937799043062
E08000022,North Tyneside,Bisexual,Disabled under the Equality Act: Day-to-day activities limited a little,522,209000,0.24976076555023924
E08000022,North Tyneside,Bisexual,Not disabled under the Equality Act,1241,209000,0.5937799043062201
E08000022,North Tyneside,All other sexual orientations,Does not apply,0,209000,0
E08000022,North Tyneside,All other sexual orientations,Disabled under the Equality Act: Day-to-day activities limited a lot,73,209000,0.034928229665071774
E08000022,North Tyneside,All other sexual orientations,Disabled under the Equality Act: Day-to-day activities limited a little,132,209000,0.06315789473684211
E08000022,North Tyneside,All other sexual orientations,Not disabled under the Equality Act,199,209000,0.09521531100478468
E08000022,North Tyneside,Not answered,Does not apply,0,209000,0
E08000022,North Tyneside,Not answered,Disabled under the Equality Act: Day-to-day activities limited a lot,1268,209000,0.6066985645933014
E08000022,North Tyneside,Not answered,Disabled under the Equality Act: Day-to-day activities limited a little,1273,209000,0.6090909090909091
E08000022,North Tyneside,Not answered,Not disabled under the Equality Act,6427,209000,3.0751196172248805
E08000023,South Tyneside,Does not apply,Does not apply,0,147800,0
E08000023,South Tyneside,Does not apply,Disabled under the Equality Act: Day-to-day activities limited a lot,0,147800,0
E08000023,South Tyneside,Does not apply,Disabled under the Equality Act: Day-to-day activities limited a little,0,147800,0
E08000023,South Tyneside,Does not apply,Not disabled under the Equality Act,0,147800,0
E08000023,South Tyneside,Straight or Heterosexual,Does not apply,0,147800,0
E08000023,South Tyneside,Straight or Heterosexual,Disabled under the Equality Act: Day-to-day activities limited a lot,13559,147800,9.173883626522327
E08000023,South Tyneside,Straight or Heterosexual,Disabled under the Equality Act: Day-to-day activities limited a little,14447,147800,9.774695534506089
E08000023,South Tyneside,Straight or Heterosexual,Not disabled under the Equality Act,83595,147800,56.5595399188092
E08000023,South Tyneside,Gay or Lesbian,Does not apply,0,147800,0
E08000023,South Tyneside,Gay or Lesbian,Disabled under the Equality Act: Day-to-day activities limited a lot,183,147800,0.12381596752368065
E08000023,South Tyneside,Gay or Lesbian,Disabled under the Equality Act: Day-to-day activities limited a little,284,147800,0.19215155615696888
E08000023,South Tyneside,Gay or Lesbian,Not disabled under the Equality Act,1288,147800,0.871447902571042
E08000023,South Tyneside,Bisexual,Does not apply,0,147800,0
E08000023,South Tyneside,Bisexual,Disabled under the Equality Act: Day-to-day activities limited a lot,159,147800,0.10757780784844384
E08000023,South Tyneside,Bisexual,Disabled under the Equality Act: Day-to-day activities limited a little,331,147800,0.2239512855209743
E08000023,South Tyneside,Bisexual,Not disabled under the Equality Act,723,147800,0.4891745602165088
E08000023,South Tyneside,All other sexual orientations,Does not apply,0,147800,0
E08000023,South Tyneside,All other sexual orientations,Disabled under the Equality Act: Day-to-day activities limited a lot,48,147800,0.03247631935047361
E08000023,South Tyneside,All other sexual orientations,Disabled under the Equality Act: Day-to-day activities limited a little,55,147800,0.03721244925575101
E08000023,South Tyneside,All other sexual orientations,Not disabled under the Equality Act,116,147800,0.07848443843031123
E08000023,South Tyneside,Not answered,Does not apply,0,147800,0
E08000023,South Tyneside,Not answered,Disabled under the Equality Act: Day-to-day activities limited a lot,1196,147800,0.8092016238159675
E08000023,South Tyneside,Not answered,Disabled under the Equality Act: Day-to-day activities limited a little,914,147800,0.618403247631935
E08000023,South Tyneside,Not answered,Not disabled under the Equality Act,4392,147800,2.9715832205683355
E08000024,Sunderland,Does not apply,Does not apply,0,274200,0
E08000024,Sunderland,Does not apply,Disabled under the Equality Act: Day-to-day activities limited a lot,0,274200,0
E08000024,Sunderland,Does not apply,Disabled under the Equality Act: Day-to-day activities limited a little,0,274200,0
E08000024,Sunderland,Does not apply,Not disabled under the Equality Act,0,274200,0
E08000024,Sunderland,Straight or Heterosexual,Does not apply,0,274200,0
E08000024,Sunderland,Straight or Heterosexual,Disabled under the Equality Act: Day-to-day activities limited a lot,26469,274200,9.653172866520787
E08000024,Sunderland,Straight or Heterosexual,Disabled under the Equality Act: Day-to-day activities limited a little,27600,274200,10.065645514223196
E08000024,Sunderland,Straight or Heterosexual,Not disabled under the Equality Act,154097,274200,56.19876002917579
E08000024,Sunderland,Gay or Lesbian,Does not apply,0,274200,0
E08000024,Sunderland,Gay or Lesbian,Disabled under the Equality Act: Day-to-day activities limited a lot,362,274200,0.13202042304886943
E08000024,Sunderland,Gay or Lesbian,Disabled under the Equality Act: Day-to-day activities limited a little,549,274200,0.20021881838074398
E08000024,Sunderland,Gay or Lesbian,Not disabled under the Equality Act,2368,274200,0.8636032093362509
E08000024,Sunderland,Bisexual,Does not apply,0,274200,0
E08000024,Sunderland,Bisexual,Disabled under the Equality Act: Day-to-day activities limited a lot,309,274200,0.11269146608315099
E08000024,Sunderland,Bisexual,Disabled under the Equality Act: Day-to-day activities limited a little,549,274200,0.20021881838074398
E08000024,Sunderland,Bisexual,Not disabled under the Equality Act,1199,274200,0.43727206418672504
E08000024,Sunderland,All other sexual orientations,Does not apply,0,274200,0
E08000024,Sunderland,All other sexual orientations,Disabled under the Equality Act: Day-to-day activities limited a lot,109,274200,0.03975200583515682
E08000024,Sunderland,All other sexual orientations,Disabled under the Equality Act: Day-to-day activities limited a little,149,274200,0.054339897884755656
E08000024,Sunderland,All other sexual orientations,Not disabled under the Equality Act,230,274200,0.08388037928519329
E08000024,Sunderland,Not answered,Does not apply,0,274200,0
E08000024,Sunderland,Not answered,Disabled under the Equality Act: Day-to-day activities limited a lot,2237,274200,0.8158278628738147
E08000024,Sunderland,Not answered,Disabled under the Equality Act: Day-to-day activities limited a little,1700,274200,0.6199854121079504
E08000024,Sunderland,Not answered,Not disabled under the Equality Act,8145,274200,2.9704595185995624
E08000025,Birmingham,Does not apply,Does not apply,0,1144900,0
E08000025,Birmingham,Does not apply,Disabled under the Equality Act: Day-to-day activities limited a lot,0,1144900,0
E08000025,Birmingham,Does not apply,Disabled under the Equality Act: Day-to-day activities limited a little,0,1144900,0
E08000025,Birmingham,Does not apply,Not disabled under the Equality Act,0,1144900,0
E08000025,Birmingham,Straight or Heterosexual,Does not apply,0,1144900,0
E08000025,Birmingham,Straight or Heterosexual,Disabled under the Equality Act: Day-to-day activities limited a lot,72961,1144900,6.37269630535418
E08000025,Birmingham,Straight or Heterosexual,Disabled under the Equality Act: Day-to-day activities limited a little,82348,1144900,7.192593239584244
E08000025,Birmingham,Straight or Heterosexual,Not disabled under the Equality Act,623743,1144900,54.48012926893178
E08000025,Birmingham,Gay or Lesbian,Does not apply,0,1144900,0
E08000025,Birmingham,Gay or Lesbian,Disabled under the Equality Act: Day-to-day activities limited a lot,1092,1144900,0.09537950912743472
E08000025,Birmingham,Gay or Lesbian,Disabled under the Equality Act: Day-to-day activities limited a little,1796,1144900,0.1568695955978688
E08000025,Birmingham,Gay or Lesbian,Not disabled under the Equality Act,9078,1144900,0.7929076775264216
E08000025,Birmingham,Bisexual,Does not apply,0,1144900,0
E08000025,Birmingham,Bisexual,Disabled under the Equality Act: Day-to-day activities limited a lot,1045,1144900,0.09127434710455061
E08000025,Birmingham,Bisexual,Disabled under the Equality Act: Day-to-day activities limited a little,2633,1144900,0.22997641715433662
E08000025,Birmingham,Bisexual,Not disabled under the Equality Act,7580,1144900,0.6620665560310944
E08000025,Birmingham,All other sexual orientations,Does not apply,0,1144900,0
E08000025,Birmingham,All other sexual orientations,Disabled under the Equality Act: Day-to-day activities limited a lot,371,1144900,0.03240457681893615
E08000025,Birmingham,All other sexual orientations,Disabled under the Equality Act: Day-to-day activities limited a little,736,1144900,0.06428509040090838
E08000025,Birmingham,All other sexual orientations,Not disabled under the Equality Act,2471,1144900,0.2158267097563106
E08000025,Birmingham,Not answered,Does not apply,0,1144900,0
E08000025,Birmingham,Not answered,Disabled under the Equality Act: Day-to-day activities limited a lot,9647,1144900,0.8426063411651673
E08000025,Birmingham,Not answered,Disabled under the Equality Act: Day-to-day activities limited a little,8999,1144900,0.7860075115730631
E08000025,Birmingham,Not answered,Not disabled under the Equality Act,65119,1144900,5.687745654642327
E08000026,Coventry,Does not apply,Does not apply,0,345300,0
E08000026,Coventry,Does not apply,Disabled under the Equality Act: Day-to-day activities limited a lot,0,345300,0
E08000026,Coventry,Does not apply,Disabled under the Equality Act: Day-to-day activities limited a little,0,345300,0
E08000026,Coventry,Does not apply,Not disabled under the Equality Act,0,345300,0
E08000026,Coventry,Straight or Heterosexual,Does not apply,0,345300,0
E08000026,Coventry,Straight or Heterosexual,Disabled under the Equality Act: Day-to-day activities limited a lot,20342,345300,5.891109180422821
E08000026,Coventry,Straight or Heterosexual,Disabled under the Equality Act: Day-to-day activities limited a little,25152,345300,7.284100781928758
E08000026,Coventry,Straight or Heterosexual,Not disabled under the Equality Act,198128,345300,57.37851143932812
E08000026,Coventry,Gay or Lesbian,Does not apply,0,345300,0
E08000026,Coventry,Gay or Lesbian,Disabled under the Equality Act: Day-to-day activities limited a lot,303,345300,0.08774978279756733
E08000026,Coventry,Gay or Lesbian,Disabled under the Equality Act: Day-to-day activities limited a little,548,345300,0.15870257746886765
E08000026,Coventry,Gay or Lesbian,Not disabled under the Equality Act,2488,345300,0.7205328699681437
E08000026,Coventry,Bisexual,Does not apply,0,345300,0
E08000026,Coventry,Bisexual,Disabled under the Equality Act: Day-to-day activities limited a lot,376,345300,0.10889081957717926
E08000026,Coventry,Bisexual,Disabled under the Equality Act: Day-to-day activities limited a little,925,345300,0.26788300028960327
E08000026,Coventry,Bisexual,Not disabled under the Equality Act,2832,345300,0.8201563857515204
E08000026,Coventry,All other sexual orientations,Does not apply,0,345300,0
E08000026,Coventry,All other sexual orientations,Disabled under the Equality Act: Day-to-day activities limited a lot,129,345300,0.03735881841876629
E08000026,Coventry,All other sexual orientations,Disabled under the Equality Act: Day-to-day activities limited a little,234,345300,0.0677671589921807
E08000026,Coventry,All other sexual orientations,Not disabled under the Equality Act,926,345300,0.2681726035331596
E08000026,Coventry,Not answered,Does not apply,0,345300,0
E08000026,Coventry,Not answered,Disabled under the Equality Act: Day-to-day activities limited a lot,2456,345300,0.7112655661743411
E08000026,Coventry,Not answered,Disabled under the Equality Act: Day-to-day activities limited a little,2492,345300,0.721691282942369
E08000026,Coventry,Not answered,Not disabled under the Equality Act,19540,345300,5.658847379090646
E08000027,Dudley,Does not apply,Does not apply,0,323500,0
E08000027,Dudley,Does not apply,Disabled under the Equality Act: Day-to-day activities limited a lot,0,323500,0
E08000027,Dudley,Does not apply,Disabled under the Equality Act: Day-to-day activities limited a little,0,323500,0
E08000027,Dudley,Does not apply,Not disabled under the Equality Act,0,323500,0
E08000027,Dudley,Straight or Heterosexual,Does not apply,0,323500,0
E08000027,Dudley,Straight or Heterosexual,Disabled under the Equality Act: Day-to-day activities limited a lot,22612,323500,6.989799072642968
E08000027,Dudley,Straight or Heterosexual,Disabled under the Equality Act: Day-to-day activities limited a little,29263,323500,9.045749613601236
E08000027,Dudley,Straight or Heterosexual,Not disabled under the Equality Act,186317,323500,57.594126738794436
E08000027,Dudley,Gay or Lesbian,Does not apply,0,323500,0
E08000027,Dudley,Gay or Lesbian,Disabled under the Equality Act: Day-to-day activities limited a lot,290,323500,0.08964451313755796
E08000027,Dudley,Gay or Lesbian,Disabled under the Equality Act: Day-to-day activities limited a little,466,323500,0.14404945904173105
E08000027,Dudley,Gay or Lesbian,Not disabled under the Equality Act,2359,323500,0.7292117465224112
E08000027,Dudley,Bisexual,Does not apply,0,323500,0
E08000027,Dudley,Bisexual,Disabled under the Equality Act: Day-to-day activities limited a lot,263,323500,0.0812982998454405
E08000027,Dudley,Bisexual,Disabled under the Equality Act: Day-to-day activities limited a little,525,323500,0.16228748068006182
E08000027,Dudley,Bisexual,Not disabled under the Equality Act,1384,323500,0.42782071097372487
E08000027,Dudley,All other sexual orientations,Does not apply,0,323500,0
E08000027,Dudley,All other sexual orientations,Disabled under the Equality Act: Day-to-day activities limited a lot,82,323500,0.02534775888717156
E08000027,Dudley,All other sexual orientations,Disabled under the Equality Act: Day-to-day activities limited a little,129,323500,0.03987635239567233
E08000027,Dudley,All other sexual orientations,Not disabled under the Equality Act,317,323500,0.09799072642967542
E08000027,Dudley,Not answered,Does not apply,0,323500,0
E08000027,Dudley,Not answered,Disabled under the Equality Act: Day-to-day activities limited a lot,2392,323500,0.7394126738794435
E08000027,Dudley,Not answered,Disabled under the Equality Act: Day-to-day activities limited a little,2502,323500,0.7734157650695518
E08000027,Dudley,Not answered,Not disabled under the Equality Act,13585,323500,4.199381761978362
E08000028,Sandwell,Does not apply,Does not apply,0,341900,0
E08000028,Sandwell,Does not apply,Disabled under the Equality Act: Day-to-day activities limited a lot,0,341900,0
E08000028,Sandwell,Does not apply,Disabled under the Equality Act: Day-to-day activities limited a little,0,341900,0
E08000028,Sandwell,Does not apply,Not disabled under the Equality Act,0,341900,0
E08000028,Sandwell,Straight or Heterosexual,Does not apply,0,341900,0
E08000028,Sandwell,Straight or Heterosexual,Disabled under the Equality Act: Day-to-day activities limited a lot,24507,341900,7.167885346592571
E08000028,Sandwell,Straight or Heterosexual,Disabled under the Equality Act: Day-to-day activities limited a little,25646,341900,7.5010236911377595
E08000028,Sandwell,Straight or Heterosexual,Not disabled under the Equality Act,187388,341900,54.80783854928342
E08000028,Sandwell,Gay or Lesbian,Does not apply,0,341900,0
E08000028,Sandwell,Gay or Lesbian,Disabled under the Equality Act: Day-to-day activities limited a lot,299,341900,0.08745247148288973
E08000028,Sandwell,Gay or Lesbian,Disabled under the Equality Act: Day-to-day activities limited a little,449,341900,0.1313249488154431
E08000028,Sandwell,Gay or Lesbian,Not disabled under the Equality Act,2068,341900,0.6048552208248026
E08000028,Sandwell,Bisexual,Does not apply,0,341900,0
E08000028,Sandwell,Bisexual,Disabled under the Equality Act: Day-to-day activities limited a lot,257,341900,0.0751681778297748
E08000028,Sandwell,Bisexual,Disabled under the Equality Act: Day-to-day activities limited a little,433,341900,0.12664521789997074
E08000028,Sandwell,Bisexual,Not disabled under the Equality Act,1835,341900,0.5367066393682364
E08000028,Sandwell,All other sexual orientations,Does not apply,0,341900,0
E08000028,Sandwell,All other sexual orientations,Disabled under the Equality Act: Day-to-day activities limited a lot,69,341900,0.020181339572974553
E08000028,Sandwell,All other sexual orientations,Disabled under the Equality Act: Day-to-day activities limited a little,135,341900,0.03948522959929804
E08000028,Sandwell,All other sexual orientations,Not disabled under the Equality Act,557,341900,0.16291313249488154
E08000028,Sandwell,Not answered,Does not apply,0,341900,0
E08000028,Sandwell,Not answered,Disabled under the Equality Act: Day-to-day activities limited a lot,2873,341900,0.8403041825095057
E08000028,Sandwell,Not answered,Disabled under the Equality Act: Day-to-day activities limited a little,2398,341900,0.70137467095642
E08000028,Sandwell,Not answered,Not disabled under the Equality Act,17114,341900,5.005557180462123
E08000029,Solihull,Does not apply,Does not apply,0,216200,0
E08000029,Solihull,Does not apply,Disabled under the Equality Act: Day-to-day activities limited a lot,0,216200,0
E08000029,Solihull,Does not apply,Disabled under the Equality Act: Day-to-day activities limited a little,0,216200,0
E08000029,Solihull,Does not apply,Not disabled under the Equality Act,0,216200,0
E08000029,Solihull,Straight or Heterosexual,Does not apply,0,216200,0
E08000029,Solihull,Straight or Heterosexual,Disabled under the Equality Act: Day-to-day activities limited a lot,12644,216200,5.848288621646623
E08000029,Solihull,Straight or Heterosexual,Disabled under the Equality Act: Day-to-day activities limited a little,17669,216200,8.172525439407956
E08000029,Solihull,Straight or Heterosexual,Not disabled under the Equality Act,130133,216200,60.191026827012024
E08000029,Solihull,Gay or Lesbian,Does not apply,0,216200,0
E08000029,Solihull,Gay or Lesbian,Disabled under the Equality Act: Day-to-day activities limited a lot,136,216200,0.06290471785383904
E08000029,Solihull,Gay or Lesbian,Disabled under the Equality Act: Day-to-day activities limited a little,269,216200,0.1244218316373728
E08000029,Solihull,Gay or Lesbian,Not disabled under the Equality Act,1360,216200,0.6290471785383904
E08000029,Solihull,Bisexual,Does not apply,0,216200,0
E08000029,Solihull,Bisexual,Disabled under the Equality Act: Day-to-day activities limited a lot,165,216200,0.07631822386679
E08000029,Solihull,Bisexual,Disabled under the Equality Act: Day-to-day activities limited a little,332,216200,0.15356151711378355
E08000029,Solihull,Bisexual,Not disabled under the Equality Act,755,216200,0.34921369102682703
E08000029,Solihull,All other sexual orientations,Does not apply,0,216200,0
E08000029,Solihull,All other sexual orientations,Disabled under the Equality Act: Day-to-day activities limited a lot,33,216200,0.015263644773358002
E08000029,Solihull,All other sexual orientations,Disabled under the Equality Act: Day-to-day activities limited a little,83,216200,0.03839037927844589
E08000029,Solihull,All other sexual orientations,Not disabled under the Equality Act,156,216200,0.07215541165587419
E08000029,Solihull,Not answered,Does not apply,0,216200,0
E08000029,Solihull,Not answered,Disabled under the Equality Act: Day-to-day activities limited a lot,1363,216200,0.6304347826086957
E08000029,Solihull,Not answered,Disabled under the Equality Act: Day-to-day activities limited a little,1260,216200,0.5827937095282146
E08000029,Solihull,Not answered,Not disabled under the Equality Act,8142,216200,3.765957446808511
E08000030,Walsall,Does not apply,Does not apply,0,284100,0
E08000030,Walsall,Does not apply,Disabled under the Equality Act: Day-to-day activities limited a lot,0,284100,0
E08000030,Walsall,Does not apply,Disabled under the Equality Act: Day-to-day activities limited a little,0,284100,0
E08000030,Walsall,Does not apply,Not disabled under the Equality Act,0,284100,0
E08000030,Walsall,Straight or Heterosexual,Does not apply,0,284100,0
E08000030,Walsall,Straight or Heterosexual,Disabled under the Equality Act: Day-to-day activities limited a lot,20637,284100,7.263991552270327
E08000030,Walsall,Straight or Heterosexual,Disabled under the Equality Act: Day-to-day activities limited a little,23717,284100,8.348116860260472
E08000030,Walsall,Straight or Heterosexual,Not disabled under the Equality Act,156976,284100,55.253783878915876
E08000030,Walsall,Gay or Lesbian,Does not apply,0,284100,0
E08000030,Walsall,Gay or Lesbian,Disabled under the Equality Act: Day-to-day activities limited a lot,299,284100,0.1052446321717705
E08000030,Walsall,Gay or Lesbian,Disabled under the Equality Act: Day-to-day activities limited a little,390,284100,0.13727560718057022
E08000030,Walsall,Gay or Lesbian,Not disabled under the Equality Act,1710,284100,0.6019007391763463
E08000030,Walsall,Bisexual,Does not apply,0,284100,0
E08000030,Walsall,Bisexual,Disabled under the Equality Act: Day-to-day activities limited a lot,207,284100,0.07286166842661035
E08000030,Walsall,Bisexual,Disabled under the Equality Act: Day-to-day activities limited a little,450,284100,0.1583949313621964
E08000030,Walsall,Bisexual,Not disabled under the Equality Act,1219,284100,0.42907426962337203
E08000030,Walsall,All other sexual orientations,Does not apply,0,284100,0
E08000030,Walsall,All other sexual orientations,Disabled under the Equality Act: Day-to-day activities limited a lot,93,284100,0.03273495248152059
E08000030,Walsall,All other sexual orientations,Disabled under the Equality Act: Day-to-day activities limited a little,95,284100,0.03343892995424146
E08000030,Walsall,All other sexual orientations,Not disabled under the Equality Act,362,284100,0.127419922562478
E08000030,Walsall,Not answered,Does not apply,0,284100,0
E08000030,Walsall,Not answered,Disabled under the Equality Act: Day-to-day activities limited a lot,2305,284100,0.811334037310806
E08000030,Walsall,Not answered,Disabled under the Equality Act: Day-to-day activities limited a little,2171,284100,0.7641675466385076
E08000030,Walsall,Not answered,Not disabled under the Equality Act,12469,284100,4.388947553678283
E08000031,Wolverhampton,Does not apply,Does not apply,0,263700,0
E08000031,Wolverhampton,Does not apply,Disabled under the Equality Act: Day-to-day activities limited a lot,0,263700,0
E08000031,Wolverhampton,Does not apply,Disabled under the Equality Act: Day-to-day activities limited a little,0,263700,0
E08000031,Wolverhampton,Does not apply,Not disabled under the Equality Act,0,263700,0
E08000031,Wolverhampton,Straight or Heterosexual,Does not apply,0,263700,0
E08000031,Wolverhampton,Straight or Heterosexual,Disabled under the Equality Act: Day-to-day activities limited a lot,18056,263700,6.847174819871066
E08000031,Wolverhampton,Straight or Heterosexual,Disabled under the Equality Act: Day-to-day activities limited a little,21094,263700,7.999241562381494
E08000031,Wolverhampton,Straight or Heterosexual,Not disabled under the Equality Act,146771,263700,55.6583238528631
E08000031,Wolverhampton,Gay or Lesbian,Does not apply,0,263700,0
E08000031,Wolverhampton,Gay or Lesbian,Disabled under the Equality Act: Day-to-day activities limited a lot,262,263700,0.09935532802427001
E08000031,Wolverhampton,Gay or Lesbian,Disabled under the Equality Act: Day-to-day activities limited a little,379,263700,0.14372392870686387
E08000031,Wolverhampton,Gay or Lesbian,Not disabled under the Equality Act,1620,263700,0.6143344709897611
E08000031,Wolverhampton,Bisexual,Does not apply,0,263700,0
E08000031,Wolverhampton,Bisexual,Disabled under the Equality Act: Day-to-day activities limited a lot,232,263700,0.08797876374668183
E08000031,Wolverhampton,Bisexual,Disabled under the Equality Act: Day-to-day activities limited a little,460,263700,0.1744406522563519
E08000031,Wolverhampton,Bisexual,Not disabled under the Equality Act,1469,263700,0.5570724307925673
E08000031,Wolverhampton,All other sexual orientations,Does not apply,0,263700,0
E08000031,Wolverhampton,All other sexual orientations,Disabled under the Equality Act: Day-to-day activities limited a lot,90,263700,0.034129692832764506
E08000031,Wolverhampton,All other sexual orientations,Disabled under the Equality Act: Day-to-day activities limited a little,95,263700,0.0360257868790292
E08000031,Wolverhampton,All other sexual orientations,Not disabled under the Equality Act,550,263700,0.20857034508911643
E08000031,Wolverhampton,Not answered,Does not apply,0,263700,0
E08000031,Wolverhampton,Not answered,Disabled under the Equality Act: Day-to-day activities limited a lot,2208,263700,0.8373151308304891
E08000031,Wolverhampton,Not answered,Disabled under the Equality Act: Day-to-day activities limited a little,1986,263700,0.7531285551763367
E08000031,Wolverhampton,Not answered,Not disabled under the Equality Act,13171,263700,4.994690936670459
E08000032,Bradford,Does not apply,Does not apply,0,546400,0
E08000032,Bradford,Does not apply,Disabled under the Equality Act: Day-to-day activities limited a lot,0,546400,0
E08000032,Bradford,Does not apply,Disabled under the Equality Act: Day-to-day activities limited a little,0,546400,0
E08000032,Bradford,Does not apply,Not disabled under the Equality Act,0,546400,0
E08000032,Bradford,Straight or Heterosexual,Does not apply,0,546400,0
E08000032,Bradford,Straight or Heterosexual,Disabled under the Equality Act: Day-to-day activities limited a lot,34992,546400,6.404099560761347
E08000032,Bradford,Straight or Heterosexual,Disabled under the Equality Act: Day-to-day activities limited a little,40093,546400,7.337664714494876
E08000032,Bradford,Straight or Heterosexual,Not disabled under the Equality Act,299505,546400,54.81423865300147
E08000032,Bradford,Gay or Lesbian,Does not apply,0,546400,0
E08000032,Bradford,Gay or Lesbian,Disabled under the Equality Act: Day-to-day activities limited a lot,449,546400,0.08217423133235725
E08000032,Bradford,Gay or Lesbian,Disabled under the Equality Act: Day-to-day activities limited a little,707,546400,0.12939238653001464
E08000032,Bradford,Gay or Lesbian,Not disabled under the Equality Act,3390,546400,0.6204245973645681
E08000032,Bradford,Bisexual,Does not apply,0,546400,0
E08000032,Bradford,Bisexual,Disabled under the Equality Act: Day-to-day activities limited a lot,464,546400,0.0849194729136164
E08000032,Bradford,Bisexual,Disabled under the Equality Act: Day-to-day activities limited a little,975,546400,0.1784407027818448
E08000032,Bradford,Bisexual,Not disabled under the Equality Act,2822,546400,0.5164714494875549
E08000032,Bradford,All other sexual orientations,Does not apply,0,546400,0
E08000032,Bradford,All other sexual orientations,Disabled under the Equality Act: Day-to-day activities limited a lot,175,546400,0.032027818448023423
E08000032,Bradford,All other sexual orientations,Disabled under the Equality Act: Day-to-day activities limited a little,256,546400,0.04685212298682284
E08000032,Bradford,All other sexual orientations,Not disabled under the Equality Act,829,546400,0.1517203513909224
E08000032,Bradford,Not answered,Does not apply,0,546400,0
E08000032,Bradford,Not answered,Disabled under the Equality Act: Day-to-day activities limited a lot,4369,546400,0.799597364568082
E08000032,Bradford,Not answered,Disabled under the Equality Act: Day-to-day activities limited a little,3799,546400,0.6952781844802343
E08000032,Bradford,Not answered,Not disabled under the Equality Act,28750,546400,5.261713030746706
E08000033,Calderdale,Does not apply,Does not apply,0,206600,0
E08000033,Calderdale,Does not apply,Disabled under the Equality Act: Day-to-day activities limited a lot,0,206600,0
E08000033,Calderdale,Does not apply,Disabled under the Equality Act: Day-to-day activities limited a little,0,206600,0
E08000033,Calderdale,Does not apply,Not disabled under the Equality Act,0,206600,0
E08000033,Calderdale,Straight or Heterosexual,Does not apply,0,206600,0
E08000033,Calderdale,Straight or Heterosexual,Disabled under the Equality Act: Day-to-day activities limited a lot,13364,206600,6.468538238141336
E08000033,Calderdale,Straight or Heterosexual,Disabled under the Equality Act: Day-to-day activities limited a little,17479,206600,8.46030977734753
E08000033,Calderdale,Straight or Heterosexual,Not disabled under the Equality Act,118972,206600,57.58567279767667
E08000033,Calderdale,Gay or Lesbian,Does not apply,0,206600,0
E08000033,Calderdale,Gay or Lesbian,Disabled under the Equality Act: Day-to-day activities limited a lot,274,206600,0.13262342691190707
E08000033,Calderdale,Gay or Lesbian,Disabled under the Equality Act: Day-to-day activities limited a little,446,206600,0.2158760890609874
E08000033,Calderdale,Gay or Lesbian,Not disabled under the Equality Act,2091,206600,1.0121006776379478
E08000033,Calderdale,Bisexual,Does not apply,0,206600,0
E08000033,Calderdale,Bisexual,Disabled under the Equality Act: Day-to-day activities limited a lot,220,206600,0.10648596321393998
E08000033,Calderdale,Bisexual,Disabled under the Equality Act: Day-to-day activities limited a little,465,206600,0.22507260406582769
E08000033,Calderdale,Bisexual,Not disabled under the Equality Act,1283,206600,0.6210067763794772
E08000033,Calderdale,All other sexual orientations,Does not apply,0,206600,0
E08000033,Calderdale,All other sexual orientations,Disabled under the Equality Act: Day-to-day activities limited a lot,89,206600,0.043078412391093904
E08000033,Calderdale,All other sexual orientations,Disabled under the Equality Act: Day-to-day activities limited a little,140,206600,0.06776379477250725
E08000033,Calderdale,All other sexual orientations,Not disabled under the Equality Act,323,206600,0.15634075508228462
E08000033,Calderdale,Not answered,Does not apply,0,206600,0
E08000033,Calderdale,Not answered,Disabled under the Equality Act: Day-to-day activities limited a lot,1470,206600,0.7115198451113263
E08000033,Calderdale,Not answered,Disabled under the Equality Act: Day-to-day activities limited a little,1437,206600,0.6955469506292352
E08000033,Calderdale,Not answered,Not disabled under the Equality Act,8581,206600,4.153436592449177
E08000034,Kirklees,Does not apply,Does not apply,0,433300,0
E08000034,Kirklees,Does not apply,Disabled under the Equality Act: Day-to-day activities limited a lot,0,433300,0
E08000034,Kirklees,Does not apply,Disabled under the Equality Act: Day-to-day activities limited a little,0,433300,0
E08000034,Kirklees,Does not apply,Not disabled under the Equality Act,0,433300,0
E08000034,Kirklees,Straight or Heterosexual,Does not apply,0,433300,0
E08000034,Kirklees,Straight or Heterosexual,Disabled under the Equality Act: Day-to-day activities limited a lot,27208,433300,6.27925225017309
E08000034,Kirklees,Straight or Heterosexual,Disabled under the Equality Act: Day-to-day activities limited a little,34917,433300,8.058389106854374
E08000034,Kirklees,Straight or Heterosexual,Not disabled under the Equality Act,249375,433300,57.55250403877221
E08000034,Kirklees,Gay or Lesbian,Does not apply,0,433300,0
E08000034,Kirklees,Gay or Lesbian,Disabled under the Equality Act: Day-to-day activities limited a lot,386,433300,0.08908377567505192
E08000034,Kirklees,Gay or Lesbian,Disabled under the Equality Act: Day-to-day activities limited a little,628,433300,0.14493422570966996
E08000034,Kirklees,Gay or Lesbian,Not disabled under the Equality Act,3326,433300,0.767597507500577
E08000034,Kirklees,Bisexual,Does not apply,0,433300,0
E08000034,Kirklees,Bisexual,Disabled under the Equality Act: Day-to-day activities limited a lot,424,433300,0.09785368105238865
E08000034,Kirklees,Bisexual,Disabled under the Equality Act: Day-to-day activities limited a little,958,433300,0.22109393030233096
E08000034,Kirklees,Bisexual,Not disabled under the Equality Act,2315,433300,0.5342718670666975
E08000034,Kirklees,All other sexual orientations,Does not apply,0,433300,0
E08000034,Kirklees,All other sexual orientations,Disabled under the Equality Act: Day-to-day activities limited a lot,144,433300,0.03323332564043388
E08000034,Kirklees,All other sexual orientations,Disabled under the Equality Act: Day-to-day activities limited a little,256,433300,0.05908146780521579
E08000034,Kirklees,All other sexual orientations,Not disabled under the Equality Act,595,433300,0.13731825525040386
E08000034,Kirklees,Not answered,Does not apply,0,433300,0
E08000034,Kirklees,Not answered,Disabled under the Equality Act: Day-to-day activities limited a lot,3110,433300,0.7177475190399262
E08000034,Kirklees,Not answered,Disabled under the Equality Act: Day-to-day activities limited a little,2983,433300,0.6884375721209324
E08000034,Kirklees,Not answered,Not disabled under the Equality Act,19649,433300,4.534733441033926
E08000035,Leeds,Does not apply,Does not apply,0,812000,0
E08000035,Leeds,Does not apply,Disabled under the Equality Act: Day-to-day activities limited a lot,0,812000,0
E08000035,Leeds,Does not apply,Disabled under the Equality Act: Day-to-day activities limited a little,0,812000,0
E08000035,Leeds,Does not apply,Not disabled under the Equality Act,0,812000,0
E08000035,Leeds,Straight or Heterosexual,Does not apply,0,812000,0
E08000035,Leeds,Straight or Heterosexual,Disabled under the Equality Act: Day-to-day activities limited a lot,45180,812000,5.564039408866995
E08000035,Leeds,Straight or Heterosexual,Disabled under the Equality Act: Day-to-day activities limited a little,63120,812000,7.773399014778325
E08000035,Leeds,Straight or Heterosexual,Not disabled under the Equality Act,473946,812000,58.367733990147784
E08000035,Leeds,Gay or Lesbian,Does not apply,0,812000,0
E08000035,Leeds,Gay or Lesbian,Disabled under the Equality Act: Day-to-day activities limited a lot,892,812000,0.10985221674876847
E08000035,Leeds,Gay or Lesbian,Disabled under the Equality Act: Day-to-day activities limited a little,1813,812000,0.22327586206896552
E08000035,Leeds,Gay or Lesbian,Not disabled under the Equality Act,9524,812000,1.1729064039408867
E08000035,Leeds,Bisexual,Does not apply,0,812000,0
E08000035,Leeds,Bisexual,Disabled under the Equality Act: Day-to-day activities limited a lot,1092,812000,0.13448275862068965
E08000035,Leeds,Bisexual,Disabled under the Equality Act: Day-to-day activities limited a little,3303,812000,0.4067733990147783
E08000035,Leeds,Bisexual,Not disabled under the Equality Act,8261,812000,1.0173645320197044
E08000035,Leeds,All other sexual orientations,Does not apply,0,812000,0
E08000035,Leeds,All other sexual orientations,Disabled under the Equality Act: Day-to-day activities limited a lot,369,812000,0.04544334975369458
E08000035,Leeds,All other sexual orientations,Disabled under the Equality Act: Day-to-day activities limited a little,817,812000,0.10061576354679803
E08000035,Leeds,All other sexual orientations,Not disabled under the Equality Act,1894,812000,0.2332512315270936
E08000035,Leeds,Not answered,Does not apply,0,812000,0
E08000035,Leeds,Not answered,Disabled under the Equality Act: Day-to-day activities limited a lot,5106,812000,0.6288177339901477
E08000035,Leeds,Not answered,Disabled under the Equality Act: Day-to-day activities limited a little,5712,812000,0.7034482758620689
E08000035,Leeds,Not answered,Not disabled under the Equality Act,37446,812000,4.611576354679803
E08000036,Wakefield,Does not apply,Does not apply,0,353300,0
E08000036,Wakefield,Does not apply,Disabled under the Equality Act: Day-to-day activities limited a lot,0,353300,0
E08000036,Wakefield,Does not apply,Disabled under the Equality Act: Day-to-day activities limited a little,0,353300,0
E08000036,Wakefield,Does not apply,Not disabled under the Equality Act,0,353300,0
E08000036,Wakefield,Straight or Heterosexual,Does not apply,0,353300,0
E08000036,Wakefield,Straight or Heterosexual,Disabled under the Equality Act: Day-to-day activities limited a lot,26968,353300,7.633172940843476
E08000036,Wakefield,Straight or Heterosexual,Disabled under the Equality Act: Day-to-day activities limited a little,32137,353300,9.09623549391452
E08000036,Wakefield,Straight or Heterosexual,Not disabled under the Equality Act,202510,353300,57.31955844891027
E08000036,Wakefield,Gay or Lesbian,Does not apply,0,353300,0
E08000036,Wakefield,Gay or Lesbian,Disabled under the Equality Act: Day-to-day activities limited a lot,475,353300,0.1344466459099915
E08000036,Wakefield,Gay or Lesbian,Disabled under the Equality Act: Day-to-day activities limited a little,659,353300,0.18652703085196717
E08000036,Wakefield,Gay or Lesbian,Not disabled under the Equality Act,3187,353300,0.9020662326634589
E08000036,Wakefield,Bisexual,Does not apply,0,353300,0
E08000036,Wakefield,Bisexual,Disabled under the Equality Act: Day-to-day activities limited a lot,352,353300,0.09963204075856213
E08000036,Wakefield,Bisexual,Disabled under the Equality Act: Day-to-day activities limited a little,709,353300,0.20067930936880837
E08000036,Wakefield,Bisexual,Not disabled under the Equality Act,1907,353300,0.5397679026323238
E08000036,Wakefield,All other sexual orientations,Does not apply,0,353300,0
E08000036,Wakefield,All other sexual orientations,Disabled under the Equality Act: Day-to-day activities limited a lot,133,353300,0.03764506085479762
E08000036,Wakefield,All other sexual orientations,Disabled under the Equality Act: Day-to-day activities limited a little,173,353300,0.048966883668270594
E08000036,Wakefield,All other sexual orientations,Not disabled under the Equality Act,383,353300,0.10840645343900368
E08000036,Wakefield,Not answered,Does not apply,0,353300,0
E08000036,Wakefield,Not answered,Disabled under the Equality Act: Day-to-day activities limited a lot,2687,353300,0.7605434474950467
E08000036,Wakefield,Not answered,Disabled under the Equality Act: Day-to-day activities limited a little,2358,353300,0.6674214548542315
E08000036,Wakefield,Not answered,Not disabled under the Equality Act,12900,353300,3.6512878573450327
E08000037,Gateshead,Does not apply,Does not apply,0,196100,0
E08000037,Gateshead,Does not apply,Disabled under the Equality Act: Day-to-day activities limited a lot,0,196100,0
E08000037,Gateshead,Does not apply,Disabled under the Equality Act: Day-to-day activities limited a little,0,196100,0
E08000037,Gateshead,Does not apply,Not disabled under the Equality Act,0,196100,0
E08000037,Gateshead,Straight or Heterosexual,Does not apply,0,196100,0
E08000037,Gateshead,Straight or Heterosexual,Disabled under the Equality Act: Day-to-day activities limited a lot,16930,196100,8.63335033146354
E08000037,Gateshead,Straight or Heterosexual,Disabled under the Equality Act: Day-to-day activities limited a little,19150,196100,9.765425803161651
E08000037,Gateshead,Straight or Heterosexual,Not disabled under the Equality Act,111299,196100,56.756246812850584
E08000037,Gateshead,Gay or Lesbian,Does not apply,0,196100,0
E08000037,Gateshead,Gay or Lesbian,Disabled under the Equality Act: Day-to-day activities limited a lot,283,196100,0.14431412544620092
E08000037,Gateshead,Gay or Lesbian,Disabled under the Equality Act: Day-to-day activities limited a little,441,196100,0.22488526262111166
E08000037,Gateshead,Gay or Lesbian,Not disabled under the Equality Act,2363,196100,1.2049974502804692
E08000037,Gateshead,Bisexual,Does not apply,0,196100,0
E08000037,Gateshead,Bisexual,Disabled under the Equality Act: Day-to-day activities limited a lot,249,196100,0.12697603263641
E08000037,Gateshead,Bisexual,Disabled under the Equality Act: Day-to-day activities limited a little,508,196100,0.2590515043345232
E08000037,Gateshead,Bisexual,Not disabled under the Equality Act,1182,196100,0.6027536970933197
E08000037,Gateshead,All other sexual orientations,Does not apply,0,196100,0
E08000037,Gateshead,All other sexual orientations,Disabled under the Equality Act: Day-to-day activities limited a lot,75,196100,0.0382457929627741
E08000037,Gateshead,All other sexual orientations,Disabled under the Equality Act: Day-to-day activities limited a little,118,196100,0.06017338092809791
E08000037,Gateshead,All other sexual orientations,Not disabled under the Equality Act,277,196100,0.141254462009179
E08000037,Gateshead,Not answered,Does not apply,0,196100,0
E08000037,Gateshead,Not answered,Disabled under the Equality Act: Day-to-day activities limited a lot,1302,196100,0.6639469658337583
E08000037,Gateshead,Not answered,Disabled under the Equality Act: Day-to-day activities limited a little,1154,196100,0.5884752677205507
E08000037,Gateshead,Not answered,Not disabled under the Equality Act,6418,196100,3.272819989801122
E09000001,City of London,Does not apply,Does not apply,0,8600,0
E09000001,City of London,Does not apply,Disabled under the Equality Act: Day-to-day activities limited a lot,0,8600,0
E09000001,City of London,Does not apply,Disabled under the Equality Act: Day-to-day activities limited a little,0,8600,0
E09000001,City of London,Does not apply,Not disabled under the Equality Act,0,8600,0
E09000001,City of London,Straight or Heterosexual,Does not apply,0,8600,0
E09000001,City of London,Straight or Heterosexual,Disabled under the Equality Act: Day-to-day activities limited a lot,221,8600,2.5697674418604652
E09000001,City of London,Straight or Heterosexual,Disabled under the Equality Act: Day-to-day activities limited a little,457,8600,5.313953488372093
E09000001,City of London,Straight or Heterosexual,Not disabled under the Equality Act,5670,8600,65.93023255813954
E09000001,City of London,Gay or Lesbian,Does not apply,0,8600,0
E09000001,City of London,Gay or Lesbian,Disabled under the Equality Act: Day-to-day activities limited a lot,8,8600,0.09302325581395349
E09000001,City of London,Gay or Lesbian,Disabled under the Equality Act: Day-to-day activities limited a little,57,8600,0.6627906976744186
E09000001,City of London,Gay or Lesbian,Not disabled under the Equality Act,542,8600,6.3023255813953485
E09000001,City of London,Bisexual,Does not apply,0,8600,0
E09000001,City of London,Bisexual,Disabled under the Equality Act: Day-to-day activities limited a lot,3,8600,0.03488372093023256
E09000001,City of London,Bisexual,Disabled under the Equality Act: Day-to-day activities limited a little,34,8600,0.3953488372093023
E09000001,City of London,Bisexual,Not disabled under the Equality Act,147,8600,1.7093023255813953
E09000001,City of London,All other sexual orientations,Does not apply,0,8600,0
E09000001,City of London,All other sexual orientations,Disabled under the Equality Act: Day-to-day activities limited a lot,2,8600,0.023255813953488372
E09000001,City of London,All other sexual orientations,Disabled under the Equality Act: Day-to-day activities limited a little,9,8600,0.10465116279069768
E09000001,City of London,All other sexual orientations,Not disabled under the Equality Act,23,8600,0.26744186046511625
E09000001,City of London,Not answered,Does not apply,0,8600,0
E09000001,City of London,Not answered,Disabled under the Equality Act: Day-to-day activities limited a lot,38,8600,0.4418604651162791
E09000001,City of London,Not answered,Disabled under the Equality Act: Day-to-day activities limited a little,68,8600,0.7906976744186046
E09000001,City of London,Not answered,Not disabled under the Equality Act,724,8600,8.418604651162791
E09000002,Barking and Dagenham,Does not apply,Does not apply,0,218900,0
E09000002,Barking and Dagenham,Does not apply,Disabled under the Equality Act: Day-to-day activities limited a lot,0,218900,0
E09000002,Barking and Dagenham,Does not apply,Disabled under the Equality Act: Day-to-day activities limited a little,0,218900,0
E09000002,Barking and Dagenham,Does not apply,Not disabled under the Equality Act,0,218900,0
E09000002,Barking and Dagenham,Straight or Heterosexual,Does not apply,0,218900,0
E09000002,Barking and Dagenham,Straight or Heterosexual,Disabled under the Equality Act: Day-to-day activities limited a lot,11016,218900,5.032434901781635
E09000002,Barking and Dagenham,Straight or Heterosexual,Disabled under the Equality Act: Day-to-day activities limited a little,12117,218900,5.535404294198264
E09000002,Barking and Dagenham,Straight or Heterosexual,Not disabled under the Equality Act,120142,218900,54.88442211055276
E09000002,Barking and Dagenham,Gay or Lesbian,Does not apply,0,218900,0
E09000002,Barking and Dagenham,Gay or Lesbian,Disabled under the Equality Act: Day-to-day activities limited a lot,125,218900,0.05710370031978072
E09000002,Barking and Dagenham,Gay or Lesbian,Disabled under the Equality Act: Day-to-day activities limited a little,193,218900,0.08816811329374144
E09000002,Barking and Dagenham,Gay or Lesbian,Not disabled under the Equality Act,1015,218900,0.46368204659661943
E09000002,Barking and Dagenham,Bisexual,Does not apply,0,218900,0
E09000002,Barking and Dagenham,Bisexual,Disabled under the Equality Act: Day-to-day activities limited a lot,138,218900,0.06304248515303791
E09000002,Barking and Dagenham,Bisexual,Disabled under the Equality Act: Day-to-day activities limited a little,223,218900,0.10187300137048881
E09000002,Barking and Dagenham,Bisexual,Not disabled under the Equality Act,1207,218900,0.5513933302878027
E09000002,Barking and Dagenham,All other sexual orientations,Does not apply,0,218900,0
E09000002,Barking and Dagenham,All other sexual orientations,Disabled under the Equality Act: Day-to-day activities limited a lot,45,218900,0.02055733211512106
E09000002,Barking and Dagenham,All other sexual orientations,Disabled under the Equality Act: Day-to-day activities limited a little,74,218900,0.03380539058931019
E09000002,Barking and Dagenham,All other sexual orientations,Not disabled under the Equality Act,667,218900,0.30470534490634993
E09000002,Barking and Dagenham,Not answered,Does not apply,0,218900,0
E09000002,Barking and Dagenham,Not answered,Disabled under the Equality Act: Day-to-day activities limited a lot,1180,218900,0.53905893101873
E09000002,Barking and Dagenham,Not answered,Disabled under the Equality Act: Day-to-day activities limited a little,1103,218900,0.5038830516217451
E09000002,Barking and Dagenham,Not answered,Not disabled under the Equality Act,12496,218900,5.708542713567839
E09000003,Barnet,Does not apply,Does not apply,0,389300,0
E09000003,Barnet,Does not apply,Disabled under the Equality Act: Day-to-day activities limited a lot,0,389300,0
E09000003,Barnet,Does not apply,Disabled under the Equality Act: Day-to-day activities limited a little,0,389300,0
E09000003,Barnet,Does not apply,Not disabled under the Equality Act,0,389300,0
E09000003,Barnet,Straight or Heterosexual,Does not apply,0,389300,0
E09000003,Barnet,Straight or Heterosexual,Disabled under the Equality Act: Day-to-day activities limited a lot,17573,389300,4.513999486257385
E09000003,Barnet,Straight or Heterosexual,Disabled under the Equality Act: Day-to-day activities limited a little,22056,389300,5.665553557667608
E09000003,Barnet,Straight or Heterosexual,Not disabled under the Equality Act,230357,389300,59.17210377600822
E09000003,Barnet,Gay or Lesbian,Does not apply,0,389300,0
E09000003,Barnet,Gay or Lesbian,Disabled under the Equality Act: Day-to-day activities limited a lot,235,389300,0.060364757256614436
E09000003,Barnet,Gay or Lesbian,Disabled under the Equality Act: Day-to-day activities limited a little,486,389300,0.12483945543282815
E09000003,Barnet,Gay or Lesbian,Not disabled under the Equality Act,3142,389300,0.8070896480863088
E09000003,Barnet,Bisexual,Does not apply,0,389300,0
E09000003,Barnet,Bisexual,Disabled under the Equality Act: Day-to-day activities limited a lot,274,389300,0.07038273824813768
E09000003,Barnet,Bisexual,Disabled under the Equality Act: Day-to-day activities limited a little,656,389300,0.1685075777035705
E09000003,Barnet,Bisexual,Not disabled under the Equality Act,2356,389300,0.6051888004109941
E09000003,Barnet,All other sexual orientations,Does not apply,0,389300,0
E09000003,Barnet,All other sexual orientations,Disabled under the Equality Act: Day-to-day activities limited a lot,131,389300,0.033650141279219115
E09000003,Barnet,All other sexual orientations,Disabled under the Equality Act: Day-to-day activities limited a little,226,389300,0.05805291548933984
E09000003,Barnet,All other sexual orientations,Not disabled under the Equality Act,1127,389300,0.2894939635242743
E09000003,Barnet,Not answered,Does not apply,0,389300,0
E09000003,Barnet,Not answered,Disabled under the Equality Act: Day-to-day activities limited a lot,2512,389300,0.645260724377087
E09000003,Barnet,Not answered,Disabled under the Equality Act: Day-to-day activities limited a little,2397,389300,0.6157205240174672
E09000003,Barnet,Not answered,Not disabled under the Equality Act,25826,389300,6.633958386848189
E09000004,Bexley,Does not apply,Does not apply,0,246500,0
E09000004,Bexley,Does not apply,Disabled under the Equality Act: Day-to-day activities limited a lot,0,246500,0
E09000004,Bexley,Does not apply,Disabled under the Equality Act: Day-to-day activities limited a little,0,246500,0
E09000004,Bexley,Does not apply,Not disabled under the Equality Act,0,246500,0
E09000004,Bexley,Straight or Heterosexual,Does not apply,0,246500,0
E09000004,Bexley,Straight or Heterosexual,Disabled under the Equality Act: Day-to-day activities limited a lot,12544,246500,5.088843813387424
E09000004,Bexley,Straight or Heterosexual,Disabled under the Equality Act: Day-to-day activities limited a little,16937,246500,6.870993914807302
E09000004,Bexley,Straight or Heterosexual,Not disabled under the Equality Act,148570,246500,60.27180527383367
E09000004,Bexley,Gay or Lesbian,Does not apply,0,246500,0
E09000004,Bexley,Gay or Lesbian,Disabled under the Equality Act: Day-to-day activities limited a lot,145,246500,0.058823529411764705
E09000004,Bexley,Gay or Lesbian,Disabled under the Equality Act: Day-to-day activities limited a little,266,246500,0.10791075050709939
E09000004,Bexley,Gay or Lesbian,Not disabled under the Equality Act,1648,246500,0.6685598377281947
E09000004,Bexley,Bisexual,Does not apply,0,246500,0
E09000004,Bexley,Bisexual,Disabled under the Equality Act: Day-to-day activities limited a lot,165,246500,0.06693711967545639
E09000004,Bexley,Bisexual,Disabled under the Equality Act: Day-to-day activities limited a little,312,246500,0.12657200811359026
E09000004,Bexley,Bisexual,Not disabled under the Equality Act,1108,246500,0.44949290060851926
E09000004,Bexley,All other sexual orientations,Does not apply,0,246500,0
E09000004,Bexley,All other sexual orientations,Disabled under the Equality Act: Day-to-day activities limited a lot,44,246500,0.017849898580121704
E09000004,Bexley,All other sexual orientations,Disabled under the Equality Act: Day-to-day activities limited a little,99,246500,0.04016227180527383
E09000004,Bexley,All other sexual orientations,Not disabled under the Equality Act,350,246500,0.14198782961460446
E09000004,Bexley,Not answered,Does not apply,0,246500,0
E09000004,Bexley,Not answered,Disabled under the Equality Act: Day-to-day activities limited a lot,1299,246500,0.5269776876267749
E09000004,Bexley,Not answered,Disabled under the Equality Act: Day-to-day activities limited a little,1324,246500,0.5371196754563895
E09000004,Bexley,Not answered,Not disabled under the Equality Act,11017,246500,4.4693711967545635
E09000005,Brent,Does not apply,Does not apply,0,339800,0
E09000005,Brent,Does not apply,Disabled under the Equality Act: Day-to-day activities limited a lot,0,339800,0
E09000005,Brent,Does not apply,Disabled under the Equality Act: Day-to-day activities limited a little,0,339800,0
E09000005,Brent,Does not apply,Not disabled under the Equality Act,0,339800,0
E09000005,Brent,Straight or Heterosexual,Does not apply,0,339800,0
E09000005,Brent,Straight or Heterosexual,Disabled under the Equality Act: Day-to-day activities limited a lot,15124,339800,4.450853443201884
E09000005,Brent,Straight or Heterosexual,Disabled under the Equality Act: Day-to-day activities limited a little,17271,339800,5.082695703354915
E09000005,Brent,Straight or Heterosexual,Not disabled under the Equality Act,201756,339800,59.374926427310186
E09000005,Brent,Gay or Lesbian,Does not apply,0,339800,0
E09000005,Brent,Gay or Lesbian,Disabled under the Equality Act: Day-to-day activities limited a lot,161,339800,0.04738081224249559
E09000005,Brent,Gay or Lesbian,Disabled under the Equality Act: Day-to-day activities limited a little,384,339800,0.11300765155974102
E09000005,Brent,Gay or Lesbian,Not disabled under the Equality Act,3059,339800,0.9002354326074161
E09000005,Brent,Bisexual,Does not apply,0,339800,0
E09000005,Brent,Bisexual,Disabled under the Equality Act: Day-to-day activities limited a lot,242,339800,0.07121836374337846
E09000005,Brent,Bisexual,Disabled under the Equality Act: Day-to-day activities limited a little,540,339800,0.15891701000588582
E09000005,Brent,Bisexual,Not disabled under the Equality Act,2779,339800,0.8178340200117716
E09000005,Brent,All other sexual orientations,Does not apply,0,339800,0
E09000005,Brent,All other sexual orientations,Disabled under the Equality Act: Day-to-day activities limited a lot,80,339800,0.023543260741612712
E09000005,Brent,All other sexual orientations,Disabled under the Equality Act: Day-to-day activities limited a little,161,339800,0.04738081224249559
E09000005,Brent,All other sexual orientations,Not disabled under the Equality Act,1396,339800,0.41082989994114183
E09000005,Brent,Not answered,Does not apply,0,339800,0
E09000005,Brent,Not answered,Disabled under the Equality Act: Day-to-day activities limited a lot,2341,339800,0.688934667451442
E09000005,Brent,Not answered,Disabled under the Equality Act: Day-to-day activities limited a little,2285,339800,0.6724543849323131
E09000005,Brent,Not answered,Not disabled under the Equality Act,27562,339800,8.11124190700412
E09000006,Bromley,Does not apply,Does not apply,0,330000,0
E09000006,Bromley,Does not apply,Disabled under the Equality Act: Day-to-day activities limited a lot,0,330000,0
E09000006,Bromley,Does not apply,Disabled under the Equality Act: Day-to-day activities limited a little,0,330000,0
E09000006,Bromley,Does not apply,Not disabled under the Equality Act,0,330000,0
E09000006,Bromley,Straight or Heterosexual,Does not apply,0,330000,0
E09000006,Bromley,Straight or Heterosexual,Disabled under the Equality Act: Day-to-day activities limited a lot,14638,330000,4.435757575757576
E09000006,Bromley,Straight or Heterosexual,Disabled under the Equality Act: Day-to-day activities limited a little,22455,330000,6.804545454545455
E09000006,Bromley,Straight or Heterosexual,Not disabled under the Equality Act,201422,330000,61.0369696969697
E09000006,Bromley,Gay or Lesbian,Does not apply,0,330000,0
E09000006,Bromley,Gay or Lesbian,Disabled under the Equality Act: Day-to-day activities limited a lot,196,330000,0.059393939393939395
E09000006,Bromley,Gay or Lesbian,Disabled under the Equality Act: Day-to-day activities limited a little,497,330000,0.1506060606060606
E09000006,Bromley,Gay or Lesbian,Not disabled under the Equality Act,3354,330000,1.0163636363636364
E09000006,Bromley,Bisexual,Does not apply,0,330000,0
E09000006,Bromley,Bisexual,Disabled under the Equality Act: Day-to-day activities limited a lot,221,330000,0.06696969696969697
E09000006,Bromley,Bisexual,Disabled under the Equality Act: Day-to-day activities limited a little,548,330000,0.16606060606060605
E09000006,Bromley,Bisexual,Not disabled under the Equality Act,1738,330000,0.5266666666666666
E09000006,Bromley,All other sexual orientations,Does not apply,0,330000,0
E09000006,Bromley,All other sexual orientations,Disabled under the Equality Act: Day-to-day activities limited a lot,96,330000,0.02909090909090909
E09000006,Bromley,All other sexual orientations,Disabled under the Equality Act: Day-to-day activities limited a little,151,330000,0.04575757575757576
E09000006,Bromley,All other sexual orientations,Not disabled under the Equality Act,434,330000,0.1315151515151515
E09000006,Bromley,Not answered,Does not apply,0,330000,0
E09000006,Bromley,Not answered,Disabled under the Equality Act: Day-to-day activities limited a lot,1672,330000,0.5066666666666667
E09000006,Bromley,Not answered,Disabled under the Equality Act: Day-to-day activities limited a little,1926,330000,0.5836363636363636
E09000006,Bromley,Not answered,Not disabled under the Equality Act,15742,330000,4.7703030303030305
E09000007,Camden,Does not apply,Does not apply,0,210100,0
E09000007,Camden,Does not apply,Disabled under the Equality Act: Day-to-day activities limited a lot,0,210100,0
E09000007,Camden,Does not apply,Disabled under the Equality Act: Day-to-day activities limited a little,0,210100,0
E09000007,Camden,Does not apply,Not disabled under the Equality Act,0,210100,0
E09000007,Camden,Straight or Heterosexual,Does not apply,0,210100,0
E09000007,Camden,Straight or Heterosexual,Disabled under the Equality Act: Day-to-day activities limited a lot,10808,210100,5.144217039504998
E09000007,Camden,Straight or Heterosexual,Disabled under the Equality Act: Day-to-day activities limited a little,13079,210100,6.225130890052356
E09000007,Camden,Straight or Heterosexual,Not disabled under the Equality Act,122981,210100,58.53450737743931
E09000007,Camden,Gay or Lesbian,Does not apply,0,210100,0
E09000007,Camden,Gay or Lesbian,Disabled under the Equality Act: Day-to-day activities limited a lot,425,210100,0.202284626368396
E09000007,Camden,Gay or Lesbian,Disabled under the Equality Act: Day-to-day activities limited a little,832,210100,0.396001903855307
E09000007,Camden,Gay or Lesbian,Not disabled under the Equality Act,5394,210100,2.567348881485007
E09000007,Camden,Bisexual,Does not apply,0,210100,0
E09000007,Camden,Bisexual,Disabled under the Equality Act: Day-to-day activities limited a lot,320,210100,0.15230842455973345
E09000007,Camden,Bisexual,Disabled under the Equality Act: Day-to-day activities limited a little,946,210100,0.450261780104712
E09000007,Camden,Bisexual,Not disabled under the Equality Act,3245,210100,1.544502617801047
E09000007,Camden,All other sexual orientations,Does not apply,0,210100,0
E09000007,Camden,All other sexual orientations,Disabled under the Equality Act: Day-to-day activities limited a lot,120,210100,0.05711565920990005
E09000007,Camden,All other sexual orientations,Disabled under the Equality Act: Day-to-day activities limited a little,241,210100,0.11470728224654926
E09000007,Camden,All other sexual orientations,Not disabled under the Equality Act,825,210100,0.39267015706806285
E09000007,Camden,Not answered,Does not apply,0,210100,0
E09000007,Camden,Not answered,Disabled under the Equality Act: Day-to-day activities limited a lot,1682,210100,0.800571156592099
E09000007,Camden,Not answered,Disabled under the Equality Act: Day-to-day activities limited a little,1793,210100,0.8534031413612565
E09000007,Camden,Not answered,Not disabled under the Equality Act,15217,210100,7.242741551642075
E09000008,Croydon,Does not apply,Does not apply,0,390800,0
E09000008,Croydon,Does not apply,Disabled under the Equality Act: Day-to-day activities limited a lot,0,390800,0
E09000008,Croydon,Does not apply,Disabled under the Equality Act: Day-to-day activities limited a little,0,390800,0
E09000008,Croydon,Does not apply,Not disabled under the Equality Act,0,390800,0
E09000008,Croydon,Straight or Heterosexual,Does not apply,0,390800,0
E09000008,Croydon,Straight or Heterosexual,Disabled under the Equality Act: Day-to-day activities limited a lot,18648,390800,4.7717502558853635
E09000008,Croydon,Straight or Heterosexual,Disabled under the Equality Act: Day-to-day activities limited a little,24473,390800,6.262282497441146
E09000008,Croydon,Straight or Heterosexual,Not disabled under the Equality Act,229400,390800,58.70010235414534
E09000008,Croydon,Gay or Lesbian,Does not apply,0,390800,0
E09000008,Croydon,Gay or Lesbian,Disabled under the Equality Act: Day-to-day activities limited a lot,292,390800,0.07471852610030706
E09000008,Croydon,Gay or Lesbian,Disabled under the Equality Act: Day-to-day activities limited a little,598,390800,0.15301944728761516
E09000008,Croydon,Gay or Lesbian,Not disabled under the Equality Act,3804,390800,0.9733879222108496
E09000008,Croydon,Bisexual,Does not apply,0,390800,0
E09000008,Croydon,Bisexual,Disabled under the Equality Act: Day-to-day activities limited a lot,310,390800,0.07932446264073695
E09000008,Croydon,Bisexual,Disabled under the Equality Act: Day-to-day activities limited a little,759,390800,0.19421699078812693
E09000008,Croydon,Bisexual,Not disabled under the Equality Act,2592,390800,0.6632548618219037
E09000008,Croydon,All other sexual orientations,Does not apply,0,390800,0
E09000008,Croydon,All other sexual orientations,Disabled under the Equality Act: Day-to-day activities limited a lot,132,390800,0.033776867963152504
E09000008,Croydon,All other sexual orientations,Disabled under the Equality Act: Day-to-day activities limited a little,217,390800,0.055527123848515866
E09000008,Croydon,All other sexual orientations,Not disabled under the Equality Act,828,390800,0.21187308085977483
E09000008,Croydon,Not answered,Does not apply,0,390800,0
E09000008,Croydon,Not answered,Disabled under the Equality Act: Day-to-day activities limited a lot,2600,390800,0.6653019447287615
E09000008,Croydon,Not answered,Disabled under the Equality Act: Day-to-day activities limited a little,2541,390800,0.6502047082906858
E09000008,Croydon,Not answered,Not disabled under the Equality Act,23204,390800,5.93756397134084
E09000009,Ealing,Does not apply,Does not apply,0,367100,0
E09000009,Ealing,Does not apply,Disabled under the Equality Act: Day-to-day activities limited a lot,0,367100,0
E09000009,Ealing,Does not apply,Disabled under the Equality Act: Day-to-day activities limited a little,0,367100,0
E09000009,Ealing,Does not apply,Not disabled under the Equality Act,0,367100,0
E09000009,Ealing,Straight or Heterosexual,Does not apply,0,367100,0
E09000009,Ealing,Straight or Heterosexual,Disabled under the Equality Act: Day-to-day activities limited a lot,15722,367100,4.282756742032144
E09000009,Ealing,Straight or Heterosexual,Disabled under the Equality Act: Day-to-day activities limited a little,19592,367100,5.336965404521929
E09000009,Ealing,Straight or Heterosexual,Not disabled under the Equality Act,219634,367100,59.82947425769545
E09000009,Ealing,Gay or Lesbian,Does not apply,0,367100,0
E09000009,Ealing,Gay or Lesbian,Disabled under the Equality Act: Day-to-day activities limited a lot,197,367100,0.05366385181149551
E09000009,Ealing,Gay or Lesbian,Disabled under the Equality Act: Day-to-day activities limited a little,489,367100,0.1332062108417325
E09000009,Ealing,Gay or Lesbian,Not disabled under the Equality Act,3797,367100,1.0343230727322255
E09000009,Ealing,Bisexual,Does not apply,0,367100,0
E09000009,Ealing,Bisexual,Disabled under the Equality Act: Day-to-day activities limited a lot,205,367100,0.055843094524652685
E09000009,Ealing,Bisexual,Disabled under the Equality Act: Day-to-day activities limited a little,607,367100,0.16535004086080088
E09000009,Ealing,Bisexual,Not disabled under the Equality Act,3034,367100,0.8264777989648597
E09000009,Ealing,All other sexual orientations,Does not apply,0,367100,0
E09000009,Ealing,All other sexual orientations,Disabled under the Equality Act: Day-to-day activities limited a lot,129,367100,0.03514028874965949
E09000009,Ealing,All other sexual orientations,Disabled under the Equality Act: Day-to-day activities limited a little,187,367100,0.05093979842004903
E09000009,Ealing,All other sexual orientations,Not disabled under the Equality Act,1211,367100,0.3298828657041678
E09000009,Ealing,Not answered,Does not apply,0,367100,0
E09000009,Ealing,Not answered,Disabled under the Equality Act: Day-to-day activities limited a lot,2395,367100,0.6524107872514301
E09000009,Ealing,Not answered,Disabled under the Equality Act: Day-to-day activities limited a little,2371,367100,0.6458730591119586
E09000009,Ealing,Not answered,Not disabled under the Equality Act,25800,367100,7.028057749931898
E09000010,Enfield,Does not apply,Does not apply,0,330000,0
E09000010,Enfield,Does not apply,Disabled under the Equality Act: Day-to-day activities limited a lot,0,330000,0
E09000010,Enfield,Does not apply,Disabled under the Equality Act: Day-to-day activities limited a little,0,330000,0
E09000010,Enfield,Does not apply,Not disabled under the Equality Act,0,330000,0
E09000010,Enfield,Straight or Heterosexual,Does not apply,0,330000,0
E09000010,Enfield,Straight or Heterosexual,Disabled under the Equality Act: Day-to-day activities limited a lot,17014,330000,5.155757575757575
E09000010,Enfield,Straight or Heterosexual,Disabled under the Equality Act: Day-to-day activities limited a little,19072,330000,5.779393939393939
E09000010,Enfield,Straight or Heterosexual,Not disabled under the Equality Act,190619,330000,57.763333333333335
E09000010,Enfield,Gay or Lesbian,Does not apply,0,330000,0
E09000010,Enfield,Gay or Lesbian,Disabled under the Equality Act: Day-to-day activities limited a lot,165,330000,0.05
E09000010,Enfield,Gay or Lesbian,Disabled under the Equality Act: Day-to-day activities limited a little,307,330000,0.09303030303030303
E09000010,Enfield,Gay or Lesbian,Not disabled under the Equality Act,1871,330000,0.566969696969697
E09000010,Enfield,Bisexual,Does not apply,0,330000,0
E09000010,Enfield,Bisexual,Disabled under the Equality Act: Day-to-day activities limited a lot,164,330000,0.0496969696969697
E09000010,Enfield,Bisexual,Disabled under the Equality Act: Day-to-day activities limited a little,377,330000,0.11424242424242424
E09000010,Enfield,Bisexual,Not disabled under the Equality Act,1532,330000,0.46424242424242423
E09000010,Enfield,All other sexual orientations,Does not apply,0,330000,0
E09000010,Enfield,All other sexual orientations,Disabled under the Equality Act: Day-to-day activities limited a lot,96,330000,0.02909090909090909
E09000010,Enfield,All other sexual orientations,Disabled under the Equality Act: Day-to-day activities limited a little,115,330000,0.03484848484848485
E09000010,Enfield,All other sexual orientations,Not disabled under the Equality Act,993,330000,0.3009090909090909
E09000010,Enfield,Not answered,Does not apply,0,330000,0
E09000010,Enfield,Not answered,Disabled under the Equality Act: Day-to-day activities limited a lot,2284,330000,0.6921212121212121
E09000010,Enfield,Not answered,Disabled under the Equality Act: Day-to-day activities limited a little,2011,330000,0.6093939393939394
E09000010,Enfield,Not answered,Not disabled under the Equality Act,20563,330000,6.231212121212121
E09000011,Greenwich,Does not apply,Does not apply,0,289100,0
E09000011,Greenwich,Does not apply,Disabled under the Equality Act: Day-to-day activities limited a lot,0,289100,0
E09000011,Greenwich,Does not apply,Disabled under the Equality Act: Day-to-day activities limited a little,0,289100,0
E09000011,Greenwich,Does not apply,Not disabled under the Equality Act,0,289100,0
E09000011,Greenwich,Straight or Heterosexual,Does not apply,0,289100,0
E09000011,Greenwich,Straight or Heterosexual,Disabled under the Equality Act: Day-to-day activities limited a lot,14692,289100,5.081978554133518
E09000011,Greenwich,Straight or Heterosexual,Disabled under the Equality Act: Day-to-day activities limited a little,17786,289100,6.152196471809063
E09000011,Greenwich,Straight or Heterosexual,Not disabled under the Equality Act,167288,289100,57.865098581805604
E09000011,Greenwich,Gay or Lesbian,Does not apply,0,289100,0
E09000011,Greenwich,Gay or Lesbian,Disabled under the Equality Act: Day-to-day activities limited a lot,362,289100,0.12521618817018332
E09000011,Greenwich,Gay or Lesbian,Disabled under the Equality Act: Day-to-day activities limited a little,658,289100,0.22760290556900725
E09000011,Greenwich,Gay or Lesbian,Not disabled under the Equality Act,4665,289100,1.613628502248357
E09000011,Greenwich,Bisexual,Does not apply,0,289100,0
E09000011,Greenwich,Bisexual,Disabled under the Equality Act: Day-to-day activities limited a lot,296,289100,0.10238671739882393
E09000011,Greenwich,Bisexual,Disabled under the Equality Act: Day-to-day activities limited a little,660,289100,0.22829470771359392
E09000011,Greenwich,Bisexual,Not disabled under the Equality Act,2415,289100,0.8353510895883777
E09000011,Greenwich,All other sexual orientations,Does not apply,0,289100,0
E09000011,Greenwich,All other sexual orientations,Disabled under the Equality Act: Day-to-day activities limited a lot,97,289100,0.033552404012452436
E09000011,Greenwich,All other sexual orientations,Disabled under the Equality Act: Day-to-day activities limited a little,199,289100,0.0688343133863715
E09000011,Greenwich,All other sexual orientations,Not disabled under the Equality Act,958,289100,0.3313732272570045
E09000011,Greenwich,Not answered,Does not apply,0,289100,0
E09000011,Greenwich,Not answered,Disabled under the Equality Act: Day-to-day activities limited a lot,1603,289100,0.5544794188861986
E09000011,Greenwich,Not answered,Disabled under the Equality Act: Day-to-day activities limited a little,1777,289100,0.614666205465237
E09000011,Greenwich,Not answered,Not disabled under the Equality Act,16294,289100,5.636112071947423
E09000012,Hackney,Does not apply,Does not apply,0,259200,0
E09000012,Hackney,Does not apply,Disabled under the Equality Act: Day-to-day activities limited a lot,0,259200,0
E09000012,Hackney,Does not apply,Disabled under the Equality Act: Day-to-day activities limited a little,0,259200,0
E09000012,Hackney,Does not apply,Not disabled under the Equality Act,0,259200,0
E09000012,Hackney,Straight or Heterosexual,Does not apply,0,259200,0
E09000012,Hackney,Straight or Heterosexual,Disabled under the Equality Act: Day-to-day activities limited a lot,12726,259200,4.909722222222222
E09000012,Hackney,Straight or Heterosexual,Disabled under the Equality Act: Day-to-day activities limited a little,14592,259200,5.62962962962963
E09000012,Hackney,Straight or Heterosexual,Not disabled under the Equality Act,139377,259200,53.77199074074074
E09000012,Hackney,Gay or Lesbian,Does not apply,0,259200,0
E09000012,Hackney,Gay or Lesbian,Disabled under the Equality Act: Day-to-day activities limited a lot,421,259200,0.16242283950617284
E09000012,Hackney,Gay or Lesbian,Disabled under the Equality Act: Day-to-day activities limited a little,910,259200,0.35108024691358025
E09000012,Hackney,Gay or Lesbian,Not disabled under the Equality Act,7271,259200,2.8051697530864197
E09000012,Hackney,Bisexual,Does not apply,0,259200,0
E09000012,Hackney,Bisexual,Disabled under the Equality Act: Day-to-day activities limited a lot,357,259200,0.13773148148148148
E09000012,Hackney,Bisexual,Disabled under the Equality Act: Day-to-day activities limited a little,1078,259200,0.4158950617283951
E09000012,Hackney,Bisexual,Not disabled under the Equality Act,4484,259200,1.7299382716049383
E09000012,Hackney,All other sexual orientations,Does not apply,0,259200,0
E09000012,Hackney,All other sexual orientations,Disabled under the Equality Act: Day-to-day activities limited a lot,164,259200,0.06327160493827161
E09000012,Hackney,All other sexual orientations,Disabled under the Equality Act: Day-to-day activities limited a little,388,259200,0.14969135802469136
E09000012,Hackney,All other sexual orientations,Not disabled under the Equality Act,1316,259200,0.5077160493827161
E09000012,Hackney,Not answered,Does not apply,0,259200,0
E09000012,Hackney,Not answered,Disabled under the Equality Act: Day-to-day activities limited a lot,1934,259200,0.746141975308642
E09000012,Hackney,Not answered,Disabled under the Equality Act: Day-to-day activities limited a little,2061,259200,0.7951388888888888
E09000012,Hackney,Not answered,Not disabled under the Equality Act,22389,259200,8.637731481481481
E09000013,Hammersmith and Fulham,Does not apply,Does not apply,0,183200,0
E09000013,Hammersmith and Fulham,Does not apply,Disabled under the Equality Act: Day-to-day activities limited a lot,0,183200,0
E09000013,Hammersmith and Fulham,Does not apply,Disabled under the Equality Act: Day-to-day activities limited a little,0,183200,0
E09000013,Hammersmith and Fulham,Does not apply,Not disabled under the Equality Act,0,183200,0
E09000013,Hammersmith and Fulham,Straight or Heterosexual,Does not apply,0,183200,0
E09000013,Hammersmith and Fulham,Straight or Heterosexual,Disabled under the Equality Act: Day-to-day activities limited a lot,7795,183200,4.254912663755459
E09000013,Hammersmith and Fulham,Straight or Heterosexual,Disabled under the Equality Act: Day-to-day activities limited a little,9753,183200,5.323689956331878
E09000013,Hammersmith and Fulham,Straight or Heterosexual,Not disabled under the Equality Act,113844,183200,62.14192139737991
E09000013,Hammersmith and Fulham,Gay or Lesbian,Does not apply,0,183200,0
E09000013,Hammersmith and Fulham,Gay or Lesbian,Disabled under the Equality Act: Day-to-day activities limited a lot,298,183200,0.16266375545851527
E09000013,Hammersmith and Fulham,Gay or Lesbian,Disabled under the Equality Act: Day-to-day activities limited a little,547,183200,0.29858078602620086
E09000013,Hammersmith and Fulham,Gay or Lesbian,Not disabled under the Equality Act,3978,183200,2.171397379912664
E09000013,Hammersmith and Fulham,Bisexual,Does not apply,0,183200,0
E09000013,Hammersmith and Fulham,Bisexual,Disabled under the Equality Act: Day-to-day activities limited a lot,172,183200,0.09388646288209607
E09000013,Hammersmith and Fulham,Bisexual,Disabled under the Equality Act: Day-to-day activities limited a little,473,183200,0.25818777292576417
E09000013,Hammersmith and Fulham,Bisexual,Not disabled under the Equality Act,2067,183200,1.1282751091703056
E09000013,Hammersmith and Fulham,All other sexual orientations,Does not apply,0,183200,0
E09000013,Hammersmith and Fulham,All other sexual orientations,Disabled under the Equality Act: Day-to-day activities limited a lot,66,183200,0.036026200873362446
E09000013,Hammersmith and Fulham,All other sexual orientations,Disabled under the Equality Act: Day-to-day activities limited a little,125,183200,0.06823144104803494
E09000013,Hammersmith and Fulham,All other sexual orientations,Not disabled under the Equality Act,490,183200,0.26746724890829693
E09000013,Hammersmith and Fulham,Not answered,Does not apply,0,183200,0
E09000013,Hammersmith and Fulham,Not answered,Disabled under the Equality Act: Day-to-day activities limited a lot,1257,183200,0.6861353711790393
E09000013,Hammersmith and Fulham,Not answered,Disabled under the Equality Act: Day-to-day activities limited a little,1221,183200,0.6664847161572053
E09000013,Hammersmith and Fulham,Not answered,Not disabled under the Equality Act,12537,183200,6.843340611353712
E09000014,Haringey,Does not apply,Does not apply,0,264200,0
E09000014,Haringey,Does not apply,Disabled under the Equality Act: Day-to-day activities limited a lot,0,264200,0
E09000014,Haringey,Does not apply,Disabled under the Equality Act: Day-to-day activities limited a little,0,264200,0
E09000014,Haringey,Does not apply,Not disabled under the Equality Act,0,264200,0
E09000014,Haringey,Straight or Heterosexual,Does not apply,0,264200,0
E09000014,Haringey,Straight or Heterosexual,Disabled under the Equality Act: Day-to-day activities limited a lot,12786,264200,4.8395155185465555
E09000014,Haringey,Straight or Heterosexual,Disabled under the Equality Act: Day-to-day activities limited a little,14786,264200,5.596517789553369
E09000014,Haringey,Straight or Heterosexual,Not disabled under the Equality Act,152528,264200,57.73202119606359
E09000014,Haringey,Gay or Lesbian,Does not apply,0,264200,0
E09000014,Haringey,Gay or Lesbian,Disabled under the Equality Act: Day-to-day activities limited a lot,310,264200,0.11733535200605602
E09000014,Haringey,Gay or Lesbian,Disabled under the Equality Act: Day-to-day activities limited a little,695,264200,0.2630582891748675
E09000014,Haringey,Gay or Lesbian,Not disabled under the Equality Act,4907,264200,1.8573050719152158
E09000014,Haringey,Bisexual,Does not apply,0,264200,0
E09000014,Haringey,Bisexual,Disabled under the Equality Act: Day-to-day activities limited a lot,251,264200,0.09500378501135504
E09000014,Haringey,Bisexual,Disabled under the Equality Act: Day-to-day activities limited a little,926,264200,0.3504920514761544
E09000014,Haringey,Bisexual,Not disabled under the Equality Act,3326,264200,1.2588947766843301
E09000014,Haringey,All other sexual orientations,Does not apply,0,264200,0
E09000014,Haringey,All other sexual orientations,Disabled under the Equality Act: Day-to-day activities limited a lot,144,264200,0.05450416351249054
E09000014,Haringey,All other sexual orientations,Disabled under the Equality Act: Day-to-day activities limited a little,356,264200,0.13474640423921272
E09000014,Haringey,All other sexual orientations,Not disabled under the Equality Act,1252,264200,0.4738834216502649
E09000014,Haringey,Not answered,Does not apply,0,264200,0
E09000014,Haringey,Not answered,Disabled under the Equality Act: Day-to-day activities limited a lot,1860,264200,0.7040121120363361
E09000014,Haringey,Not answered,Disabled under the Equality Act: Day-to-day activities limited a little,1962,264200,0.7426192278576835
E09000014,Haringey,Not answered,Not disabled under the Equality Act,19911,264200,7.536336109008327
E09000015,Harrow,Does not apply,Does not apply,0,261300,0
E09000015,Harrow,Does not apply,Disabled under the Equality Act: Day-to-day activities limited a lot,0,261300,0
E09000015,Harrow,Does not apply,Disabled under the Equality Act: Day-to-day activities limited a little,0,261300,0
E09000015,Harrow,Does not apply,Not disabled under the Equality Act,0,261300,0
E09000015,Harrow,Straight or Heterosexual,Does not apply,0,261300,0
E09000015,Harrow,Straight or Heterosexual,Disabled under the Equality Act: Day-to-day activities limited a lot,11100,261300,4.247990815154994
E09000015,Harrow,Straight or Heterosexual,Disabled under the Equality Act: Day-to-day activities limited a little,14195,261300,5.432453119020283
E09000015,Harrow,Straight or Heterosexual,Not disabled under the Equality Act,157407,261300,60.239954075774975
E09000015,Harrow,Gay or Lesbian,Does not apply,0,261300,0
E09000015,Harrow,Gay or Lesbian,Disabled under the Equality Act: Day-to-day activities limited a lot,82,261300,0.03138155376961347
E09000015,Harrow,Gay or Lesbian,Disabled under the Equality Act: Day-to-day activities limited a little,188,261300,0.07194795254496747
E09000015,Harrow,Gay or Lesbian,Not disabled under the Equality Act,1090,261300,0.41714504401071567
E09000015,Harrow,Bisexual,Does not apply,0,261300,0
E09000015,Harrow,Bisexual,Disabled under the Equality Act: Day-to-day activities limited a lot,133,261300,0.050899349406812094
E09000015,Harrow,Bisexual,Disabled under the Equality Act: Day-to-day activities limited a little,259,261300,0.09911978568694986
E09000015,Harrow,Bisexual,Not disabled under the Equality Act,1482,261300,0.5671641791044776
E09000015,Harrow,All other sexual orientations,Does not apply,0,261300,0
E09000015,Harrow,All other sexual orientations,Disabled under the Equality Act: Day-to-day activities limited a lot,55,261300,0.02104860313815538
E09000015,Harrow,All other sexual orientations,Disabled under the Equality Act: Day-to-day activities limited a little,86,261300,0.03291236127057023
E09000015,Harrow,All other sexual orientations,Not disabled under the Equality Act,862,261300,0.32988901645618063
E09000015,Harrow,Not answered,Does not apply,0,261300,0
E09000015,Harrow,Not answered,Disabled under the Equality Act: Day-to-day activities limited a lot,1581,261300,0.6050516647531573
E09000015,Harrow,Not answered,Disabled under the Equality Act: Day-to-day activities limited a little,1666,261300,0.6375813241484883
E09000015,Harrow,Not answered,Not disabled under the Equality Act,19433,261300,7.437045541523154
E09000016,Havering,Does not apply,Does not apply,0,262000,0
E09000016,Havering,Does not apply,Disabled under the Equality Act: Day-to-day activities limited a lot,0,262000,0
E09000016,Havering,Does not apply,Disabled under the Equality Act: Day-to-day activities limited a little,0,262000,0
E09000016,Havering,Does not apply,Not disabled under the Equality Act,0,262000,0
E09000016,Havering,Straight or Heterosexual,Does not apply,0,262000,0
E09000016,Havering,Straight or Heterosexual,Disabled under the Equality Act: Day-to-day activities limited a lot,13709,262000,5.232442748091603
E09000016,Havering,Straight or Heterosexual,Disabled under the Equality Act: Day-to-day activities limited a little,18119,262000,6.915648854961832
E09000016,Havering,Straight or Heterosexual,Not disabled under the Equality Act,159179,262000,60.755343511450384
E09000016,Havering,Gay or Lesbian,Does not apply,0,262000,0
E09000016,Havering,Gay or Lesbian,Disabled under the Equality Act: Day-to-day activities limited a lot,141,262000,0.05381679389312977
E09000016,Havering,Gay or Lesbian,Disabled under the Equality Act: Day-to-day activities limited a little,260,262000,0.09923664122137404
E09000016,Havering,Gay or Lesbian,Not disabled under the Equality Act,1594,262000,0.6083969465648855
E09000016,Havering,Bisexual,Does not apply,0,262000,0
E09000016,Havering,Bisexual,Disabled under the Equality Act: Day-to-day activities limited a lot,158,262000,0.06030534351145038
E09000016,Havering,Bisexual,Disabled under the Equality Act: Day-to-day activities limited a little,307,262000,0.11717557251908398
E09000016,Havering,Bisexual,Not disabled under the Equality Act,1075,262000,0.41030534351145037
E09000016,Havering,All other sexual orientations,Does not apply,0,262000,0
E09000016,Havering,All other sexual orientations,Disabled under the Equality Act: Day-to-day activities limited a lot,74,262000,0.028244274809160305
E09000016,Havering,All other sexual orientations,Disabled under the Equality Act: Day-to-day activities limited a little,74,262000,0.028244274809160305
E09000016,Havering,All other sexual orientations,Not disabled under the Equality Act,411,262000,0.1568702290076336
E09000016,Havering,Not answered,Does not apply,0,262000,0
E09000016,Havering,Not answered,Disabled under the Equality Act: Day-to-day activities limited a lot,1459,262000,0.5568702290076336
E09000016,Havering,Not answered,Disabled under the Equality Act: Day-to-day activities limited a little,1433,262000,0.5469465648854962
E09000016,Havering,Not answered,Not disabled under the Equality Act,11739,262000,4.480534351145038
E09000017,Hillingdon,Does not apply,Does not apply,0,305900,0
E09000017,Hillingdon,Does not apply,Disabled under the Equality Act: Day-to-day activities limited a lot,0,305900,0
E09000017,Hillingdon,Does not apply,Disabled under the Equality Act: Day-to-day activities limited a little,0,305900,0
E09000017,Hillingdon,Does not apply,Not disabled under the Equality Act,0,305900,0
E09000017,Hillingdon,Straight or Heterosexual,Does not apply,0,305900,0
E09000017,Hillingdon,Straight or Heterosexual,Disabled under the Equality Act: Day-to-day activities limited a lot,13607,305900,4.448185681595293
E09000017,Hillingdon,Straight or Heterosexual,Disabled under the Equality Act: Day-to-day activities limited a little,17986,305900,5.879699248120301
E09000017,Hillingdon,Straight or Heterosexual,Not disabled under the Equality Act,183456,305900,59.97254004576659
E09000017,Hillingdon,Gay or Lesbian,Does not apply,0,305900,0
E09000017,Hillingdon,Gay or Lesbian,Disabled under the Equality Act: Day-to-day activities limited a lot,141,305900,0.04609349460608042
E09000017,Hillingdon,Gay or Lesbian,Disabled under the Equality Act: Day-to-day activities limited a little,247,305900,0.08074534161490683
E09000017,Hillingdon,Gay or Lesbian,Not disabled under the Equality Act,1781,305900,0.5822164105916966
E09000017,Hillingdon,Bisexual,Does not apply,0,305900,0
E09000017,Hillingdon,Bisexual,Disabled under the Equality Act: Day-to-day activities limited a lot,200,305900,0.06538084341288003
E09000017,Hillingdon,Bisexual,Disabled under the Equality Act: Day-to-day activities limited a little,368,305900,0.12030075187969924
E09000017,Hillingdon,Bisexual,Not disabled under the Equality Act,1762,305900,0.576005230467473
E09000017,Hillingdon,All other sexual orientations,Does not apply,0,305900,0
E09000017,Hillingdon,All other sexual orientations,Disabled under the Equality Act: Day-to-day activities limited a lot,51,305900,0.016672115070284408
E09000017,Hillingdon,All other sexual orientations,Disabled under the Equality Act: Day-to-day activities limited a little,151,305900,0.04936253677672442
E09000017,Hillingdon,All other sexual orientations,Not disabled under the Equality Act,678,305900,0.22164105916966328
E09000017,Hillingdon,Not answered,Does not apply,0,305900,0
E09000017,Hillingdon,Not answered,Disabled under the Equality Act: Day-to-day activities limited a lot,1533,305900,0.5011441647597255
E09000017,Hillingdon,Not answered,Disabled under the Equality Act: Day-to-day activities limited a little,1709,305900,0.5586793069630598
E09000017,Hillingdon,Not answered,Not disabled under the Equality Act,18209,305900,5.952598888525662
E09000018,Hounslow,Does not apply,Does not apply,0,288200,0
E09000018,Hounslow,Does not apply,Disabled under the Equality Act: Day-to-day activities limited a lot,0,288200,0
E09000018,Hounslow,Does not apply,Disabled under the Equality Act: Day-to-day activities limited a little,0,288200,0
E09000018,Hounslow,Does not apply,Not disabled under the Equality Act,0,288200,0
E09000018,Hounslow,Straight or Heterosexual,Does not apply,0,288200,0
E09000018,Hounslow,Straight or Heterosexual,Disabled under the Equality Act: Day-to-day activities limited a lot,12104,288200,4.199861207494795
E09000018,Hounslow,Straight or Heterosexual,Disabled under the Equality Act: Day-to-day activities limited a little,15655,288200,5.431991672449688
E09000018,Hounslow,Straight or Heterosexual,Not disabled under the Equality Act,171574,288200,59.53296321998612
E09000018,Hounslow,Gay or Lesbian,Does not apply,0,288200,0
E09000018,Hounslow,Gay or Lesbian,Disabled under the Equality Act: Day-to-day activities limited a lot,159,288200,0.05517002081887578
E09000018,Hounslow,Gay or Lesbian,Disabled under the Equality Act: Day-to-day activities limited a little,347,288200,0.12040249826509368
E09000018,Hounslow,Gay or Lesbian,Not disabled under the Equality Act,2634,288200,0.9139486467730743
E09000018,Hounslow,Bisexual,Does not apply,0,288200,0
E09000018,Hounslow,Bisexual,Disabled under the Equality Act: Day-to-day activities limited a lot,177,288200,0.061415683553088136
E09000018,Hounslow,Bisexual,Disabled under the Equality Act: Day-to-day activities limited a little,381,288200,0.1321998612074948
E09000018,Hounslow,Bisexual,Not disabled under the Equality Act,2188,288200,0.7591950034698126
E09000018,Hounslow,All other sexual orientations,Does not apply,0,288200,0
E09000018,Hounslow,All other sexual orientations,Disabled under the Equality Act: Day-to-day activities limited a lot,67,288200,0.023247744621790422
E09000018,Hounslow,All other sexual orientations,Disabled under the Equality Act: Day-to-day activities limited a little,131,288200,0.045454545454545456
E09000018,Hounslow,All other sexual orientations,Not disabled under the Equality Act,805,288200,0.27931991672449685
E09000018,Hounslow,Not answered,Does not apply,0,288200,0
E09000018,Hounslow,Not answered,Disabled under the Equality Act: Day-to-day activities limited a lot,1643,288200,0.5700902151283831
E09000018,Hounslow,Not answered,Disabled under the Equality Act: Day-to-day activities limited a little,1677,288200,0.5818875780707842
E09000018,Hounslow,Not answered,Not disabled under the Equality Act,19139,288200,6.64087439278279
E09000019,Islington,Does not apply,Does not apply,0,216600,0
E09000019,Islington,Does not apply,Disabled under the Equality Act: Day-to-day activities limited a lot,0,216600,0
E09000019,Islington,Does not apply,Disabled under the Equality Act: Day-to-day activities limited a little,0,216600,0
E09000019,Islington,Does not apply,Not disabled under the Equality Act,0,216600,0
E09000019,Islington,Straight or Heterosexual,Does not apply,0,216600,0
E09000019,Islington,Straight or Heterosexual,Disabled under the Equality Act: Day-to-day activities limited a lot,12078,216600,5.576177285318559
E09000019,Islington,Straight or Heterosexual,Disabled under the Equality Act: Day-to-day activities limited a little,13833,216600,6.386426592797784
E09000019,Islington,Straight or Heterosexual,Not disabled under the Equality Act,125284,216600,57.84118190212373
E09000019,Islington,Gay or Lesbian,Does not apply,0,216600,0
E09000019,Islington,Gay or Lesbian,Disabled under the Equality Act: Day-to-day activities limited a lot,524,216600,0.24192059095106186
E09000019,Islington,Gay or Lesbian,Disabled under the Equality Act: Day-to-day activities limited a little,983,216600,0.4538319482917821
E09000019,Islington,Gay or Lesbian,Not disabled under the Equality Act,6913,216600,3.191597414589104
E09000019,Islington,Bisexual,Does not apply,0,216600,0
E09000019,Islington,Bisexual,Disabled under the Equality Act: Day-to-day activities limited a lot,355,216600,0.16389658356417358
E09000019,Islington,Bisexual,Disabled under the Equality Act: Day-to-day activities limited a little,1035,216600,0.4778393351800554
E09000019,Islington,Bisexual,Not disabled under the Equality Act,3583,216600,1.654201292705448
E09000019,Islington,All other sexual orientations,Does not apply,0,216600,0
E09000019,Islington,All other sexual orientations,Disabled under the Equality Act: Day-to-day activities limited a lot,136,216600,0.06278855032317636
E09000019,Islington,All other sexual orientations,Disabled under the Equality Act: Day-to-day activities limited a little,312,216600,0.1440443213296399
E09000019,Islington,All other sexual orientations,Not disabled under the Equality Act,871,216600,0.402123730378578
E09000019,Islington,Not answered,Does not apply,0,216600,0
E09000019,Islington,Not answered,Disabled under the Equality Act: Day-to-day activities limited a lot,1816,216600,0.8384118190212373
E09000019,Islington,Not answered,Disabled under the Equality Act: Day-to-day activities limited a little,1878,216600,0.8670360110803325
E09000019,Islington,Not answered,Not disabled under the Equality Act,14025,216600,6.475069252077562
E09000020,Kensington and Chelsea,Does not apply,Does not apply,0,143400,0
E09000020,Kensington and Chelsea,Does not apply,Disabled under the Equality Act: Day-to-day activities limited a lot,0,143400,0
E09000020,Kensington and Chelsea,Does not apply,Disabled under the Equality Act: Day-to-day activities limited a little,0,143400,0
E09000020,Kensington and Chelsea,Does not apply,Not disabled under the Equality Act,0,143400,0
E09000020,Kensington and Chelsea,Straight or Heterosexual,Does not apply,0,143400,0
E09000020,Kensington and Chelsea,Straight or Heterosexual,Disabled under the Equality Act: Day-to-day activities limited a lot,6560,143400,4.574616457461646
E09000020,Kensington and Chelsea,Straight or Heterosexual,Disabled under the Equality Act: Day-to-day activities limited a little,7782,143400,5.426778242677824
E09000020,Kensington and Chelsea,Straight or Heterosexual,Not disabled under the Equality Act,89885,143400,62.681311018131105
E09000020,Kensington and Chelsea,Gay or Lesbian,Does not apply,0,143400,0
E09000020,Kensington and Chelsea,Gay or Lesbian,Disabled under the Equality Act: Day-to-day activities limited a lot,312,143400,0.2175732217573222
E09000020,Kensington and Chelsea,Gay or Lesbian,Disabled under the Equality Act: Day-to-day activities limited a little,353,143400,0.24616457461645747
E09000020,Kensington and Chelsea,Gay or Lesbian,Not disabled under the Equality Act,2698,143400,1.881450488145049
E09000020,Kensington and Chelsea,Bisexual,Does not apply,0,143400,0
E09000020,Kensington and Chelsea,Bisexual,Disabled under the Equality Act: Day-to-day activities limited a lot,114,143400,0.0794979079497908
E09000020,Kensington and Chelsea,Bisexual,Disabled under the Equality Act: Day-to-day activities limited a little,265,143400,0.18479776847977686
E09000020,Kensington and Chelsea,Bisexual,Not disabled under the Equality Act,1192,143400,0.8312412831241283
E09000020,Kensington and Chelsea,All other sexual orientations,Does not apply,0,143400,0
E09000020,Kensington and Chelsea,All other sexual orientations,Disabled under the Equality Act: Day-to-day activities limited a lot,49,143400,0.03417015341701534
E09000020,Kensington and Chelsea,All other sexual orientations,Disabled under the Equality Act: Day-to-day activities limited a little,59,143400,0.041143654114365415
E09000020,Kensington and Chelsea,All other sexual orientations,Not disabled under the Equality Act,301,143400,0.2099023709902371
E09000020,Kensington and Chelsea,Not answered,Does not apply,0,143400,0
E09000020,Kensington and Chelsea,Not answered,Disabled under the Equality Act: Day-to-day activities limited a lot,1040,143400,0.7252440725244073
E09000020,Kensington and Chelsea,Not answered,Disabled under the Equality Act: Day-to-day activities limited a little,994,143400,0.6931659693165969
E09000020,Kensington and Chelsea,Not answered,Not disabled under the Equality Act,11487,143400,8.010460251046025
E09000021,Kingston upon Thames,Does not apply,Does not apply,0,168000,0
E09000021,Kingston upon Thames,Does not apply,Disabled under the Equality Act: Day-to-day activities limited a lot,0,168000,0
E09000021,Kingston upon Thames,Does not apply,Disabled under the Equality Act: Day-to-day activities limited a little,0,168000,0
E09000021,Kingston upon Thames,Does not apply,Not disabled under the Equality Act,0,168000,0
E09000021,Kingston upon Thames,Straight or Heterosexual,Does not apply,0,168000,0
E09000021,Kingston upon Thames,Straight or Heterosexual,Disabled under the Equality Act: Day-to-day activities limited a lot,6519,168000,3.880357142857143
E09000021,Kingston upon Thames,Straight or Heterosexual,Disabled under the Equality Act: Day-to-day activities limited a little,10582,168000,6.298809523809524
E09000021,Kingston upon Thames,Straight or Heterosexual,Not disabled under the Equality Act,102203,168000,60.835119047619045
E09000021,Kingston upon Thames,Gay or Lesbian,Does not apply,0,168000,0
E09000021,Kingston upon Thames,Gay or Lesbian,Disabled under the Equality Act: Day-to-day activities limited a lot,104,168000,0.06190476190476191
E09000021,Kingston upon Thames,Gay or Lesbian,Disabled under the Equality Act: Day-to-day activities limited a little,274,168000,0.1630952380952381
E09000021,Kingston upon Thames,Gay or Lesbian,Not disabled under the Equality Act,1731,168000,1.0303571428571427
E09000021,Kingston upon Thames,Bisexual,Does not apply,0,168000,0
E09000021,Kingston upon Thames,Bisexual,Disabled under the Equality Act: Day-to-day activities limited a lot,160,168000,0.09523809523809523
E09000021,Kingston upon Thames,Bisexual,Disabled under the Equality Act: Day-to-day activities limited a little,468,168000,0.2785714285714286
E09000021,Kingston upon Thames,Bisexual,Not disabled under the Equality Act,1394,168000,0.8297619047619048
E09000021,Kingston upon Thames,All other sexual orientations,Does not apply,0,168000,0
E09000021,Kingston upon Thames,All other sexual orientations,Disabled under the Equality Act: Day-to-day activities limited a lot,66,168000,0.039285714285714285
E09000021,Kingston upon Thames,All other sexual orientations,Disabled under the Equality Act: Day-to-day activities limited a little,125,168000,0.0744047619047619
E09000021,Kingston upon Thames,All other sexual orientations,Not disabled under the Equality Act,319,168000,0.18988095238095237
E09000021,Kingston upon Thames,Not answered,Does not apply,0,168000,0
E09000021,Kingston upon Thames,Not answered,Disabled under the Equality Act: Day-to-day activities limited a lot,927,168000,0.5517857142857143
E09000021,Kingston upon Thames,Not answered,Disabled under the Equality Act: Day-to-day activities limited a little,1025,168000,0.6101190476190477
E09000021,Kingston upon Thames,Not answered,Not disabled under the Equality Act,9566,168000,5.694047619047619
E09000022,Lambeth,Does not apply,Does not apply,0,317600,0
E09000022,Lambeth,Does not apply,Disabled under the Equality Act: Day-to-day activities limited a lot,0,317600,0
E09000022,Lambeth,Does not apply,Disabled under the Equality Act: Day-to-day activities limited a little,0,317600,0
E09000022,Lambeth,Does not apply,Not disabled under the Equality Act,0,317600,0
E09000022,Lambeth,Straight or Heterosexual,Does not apply,0,317600,0
E09000022,Lambeth,Straight or Heterosexual,Disabled under the Equality Act: Day-to-day activities limited a lot,12730,317600,4.008186397984887
E09000022,Lambeth,Straight or Heterosexual,Disabled under the Equality Act: Day-to-day activities limited a little,17979,317600,5.660894206549118
E09000022,Lambeth,Straight or Heterosexual,Not disabled under the Equality Act,191639,317600,60.3397355163728
E09000022,Lambeth,Gay or Lesbian,Does not apply,0,317600,0
E09000022,Lambeth,Gay or Lesbian,Disabled under the Equality Act: Day-to-day activities limited a lot,644,317600,0.20277078085642317
E09000022,Lambeth,Gay or Lesbian,Disabled under the Equality Act: Day-to-day activities limited a little,1439,317600,0.45308564231738035
E09000022,Lambeth,Gay or Lesbian,Not disabled under the Equality Act,12208,317600,3.8438287153652393
E09000022,Lambeth,Bisexual,Does not apply,0,317600,0
E09000022,Lambeth,Bisexual,Disabled under the Equality Act: Day-to-day activities limited a lot,303,317600,0.09540302267002519
E09000022,Lambeth,Bisexual,Disabled under the Equality Act: Day-to-day activities limited a little,1220,317600,0.38413098236775817
E09000022,Lambeth,Bisexual,Not disabled under the Equality Act,4541,317600,1.4297858942065491
E09000022,Lambeth,All other sexual orientations,Does not apply,0,317600,0
E09000022,Lambeth,All other sexual orientations,Disabled under the Equality Act: Day-to-day activities limited a lot,164,317600,0.05163727959697733
E09000022,Lambeth,All other sexual orientations,Disabled under the Equality Act: Day-to-day activities limited a little,333,317600,0.10484886649874055
E09000022,Lambeth,All other sexual orientations,Not disabled under the Equality Act,1347,317600,0.4241183879093199
E09000022,Lambeth,Not answered,Does not apply,0,317600,0
E09000022,Lambeth,Not answered,Disabled under the Equality Act: Day-to-day activities limited a lot,2219,317600,0.6986775818639799
E09000022,Lambeth,Not answered,Disabled under the Equality Act: Day-to-day activities limited a little,2310,317600,0.7273299748110831
E09000022,Lambeth,Not answered,Not disabled under the Equality Act,19869,317600,6.255982367758186
E09000023,Lewisham,Does not apply,Does not apply,0,300600,0
E09000023,Lewisham,Does not apply,Disabled under the Equality Act: Day-to-day activities limited a lot,0,300600,0
E09000023,Lewisham,Does not apply,Disabled under the Equality Act: Day-to-day activities limited a little,0,300600,0
E09000023,Lewisham,Does not apply,Not disabled under the Equality Act,0,300600,0
E09000023,Lewisham,Straight or Heterosexual,Does not apply,0,300600,0
E09000023,Lewisham,Straight or Heterosexual,Disabled under the Equality Act: Day-to-day activities limited a lot,13787,300600,4.586493679308051
E09000023,Lewisham,Straight or Heterosexual,Disabled under the Equality Act: Day-to-day activities limited a little,18630,300600,6.197604790419161
E09000023,Lewisham,Straight or Heterosexual,Not disabled under the Equality Act,171496,300600,57.05123087159015
E09000023,Lewisham,Gay or Lesbian,Does not apply,0,300600,0
E09000023,Lewisham,Gay or Lesbian,Disabled under the Equality Act: Day-to-day activities limited a lot,419,300600,0.13938789088489686
E09000023,Lewisham,Gay or Lesbian,Disabled under the Equality Act: Day-to-day activities limited a little,896,300600,0.2980705256154358
E09000023,Lewisham,Gay or Lesbian,Not disabled under the Equality Act,5953,300600,1.9803725881570193
E09000023,Lewisham,Bisexual,Does not apply,0,300600,0
E09000023,Lewisham,Bisexual,Disabled under the Equality Act: Day-to-day activities limited a lot,372,300600,0.12375249500998003
E09000023,Lewisham,Bisexual,Disabled under the Equality Act: Day-to-day activities limited a little,1285,300600,0.427478376580173
E09000023,Lewisham,Bisexual,Not disabled under the Equality Act,4001,300600,1.3310046573519627
E09000023,Lewisham,All other sexual orientations,Does not apply,0,300600,0
E09000023,Lewisham,All other sexual orientations,Disabled under the Equality Act: Day-to-day activities limited a lot,179,300600,0.059547571523619426
E09000023,Lewisham,All other sexual orientations,Disabled under the Equality Act: Day-to-day activities limited a little,444,300600,0.14770459081836326
E09000023,Lewisham,All other sexual orientations,Not disabled under the Equality Act,1326,300600,0.4411177644710579
E09000023,Lewisham,Not answered,Does not apply,0,300600,0
E09000023,Lewisham,Not answered,Disabled under the Equality Act: Day-to-day activities limited a lot,1981,300600,0.6590153027278776
E09000023,Lewisham,Not answered,Disabled under the Equality Act: Day-to-day activities limited a little,2214,300600,0.7365269461077845
E09000023,Lewisham,Not answered,Not disabled under the Equality Act,19431,300600,6.4640718562874255
E09000024,Merton,Does not apply,Does not apply,0,215200,0
E09000024,Merton,Does not apply,Disabled under the Equality Act: Day-to-day activities limited a lot,0,215200,0
E09000024,Merton,Does not apply,Disabled under the Equality Act: Day-to-day activities limited a little,0,215200,0
E09000024,Merton,Does not apply,Not disabled under the Equality Act,0,215200,0
E09000024,Merton,Straight or Heterosexual,Does not apply,0,215200,0
E09000024,Merton,Straight or Heterosexual,Disabled under the Equality Act: Day-to-day activities limited a lot,8131,215200,3.778345724907063
E09000024,Merton,Straight or Heterosexual,Disabled under the Equality Act: Day-to-day activities limited a little,12071,215200,5.609200743494424
E09000024,Merton,Straight or Heterosexual,Not disabled under the Equality Act,130861,215200,60.80901486988848
E09000024,Merton,Gay or Lesbian,Does not apply,0,215200,0
E09000024,Merton,Gay or Lesbian,Disabled under the Equality Act: Day-to-day activities limited a lot,131,215200,0.06087360594795539
E09000024,Merton,Gay or Lesbian,Disabled under the Equality Act: Day-to-day activities limited a little,352,215200,0.16356877323420074
E09000024,Merton,Gay or Lesbian,Not disabled under the Equality Act,2515,215200,1.1686802973977695
E09000024,Merton,Bisexual,Does not apply,0,215200,0
E09000024,Merton,Bisexual,Disabled under the Equality Act: Day-to-day activities limited a lot,124,215200,0.05762081784386617
E09000024,Merton,Bisexual,Disabled under the Equality Act: Day-to-day activities limited a little,395,215200,0.18355018587360594
E09000024,Merton,Bisexual,Not disabled under the Equality Act,1605,215200,0.745817843866171
E09000024,Merton,All other sexual orientations,Does not apply,0,215200,0
E09000024,Merton,All other sexual orientations,Disabled under the Equality Act: Day-to-day activities limited a lot,59,215200,0.02741635687732342
E09000024,Merton,All other sexual orientations,Disabled under the Equality Act: Day-to-day activities limited a little,114,215200,0.05297397769516728
E09000024,Merton,All other sexual orientations,Not disabled under the Equality Act,490,215200,0.22769516728624536
E09000024,Merton,Not answered,Does not apply,0,215200,0
E09000024,Merton,Not answered,Disabled under the Equality Act: Day-to-day activities limited a lot,1106,215200,0.5139405204460966
E09000024,Merton,Not answered,Disabled under the Equality Act: Day-to-day activities limited a little,1355,215200,0.6296468401486989
E09000024,Merton,Not answered,Not disabled under the Equality Act,13460,215200,6.254646840148699
E09000025,Newham,Does not apply,Does not apply,0,351100,0
E09000025,Newham,Does not apply,Disabled under the Equality Act: Day-to-day activities limited a lot,0,351100,0
E09000025,Newham,Does not apply,Disabled under the Equality Act: Day-to-day activities limited a little,0,351100,0
E09000025,Newham,Does not apply,Not disabled under the Equality Act,0,351100,0
E09000025,Newham,Straight or Heterosexual,Does not apply,0,351100,0
E09000025,Newham,Straight or Heterosexual,Disabled under the Equality Act: Day-to-day activities limited a lot,15442,351100,4.398177157504985
E09000025,Newham,Straight or Heterosexual,Disabled under the Equality Act: Day-to-day activities limited a little,17366,351100,4.946169182569069
E09000025,Newham,Straight or Heterosexual,Not disabled under the Equality Act,202685,351100,57.728567359726576
E09000025,Newham,Gay or Lesbian,Does not apply,0,351100,0
E09000025,Newham,Gay or Lesbian,Disabled under the Equality Act: Day-to-day activities limited a lot,228,351100,0.06493876388493307
E09000025,Newham,Gay or Lesbian,Disabled under the Equality Act: Day-to-day activities limited a little,545,351100,0.15522643121617774
E09000025,Newham,Gay or Lesbian,Not disabled under the Equality Act,4137,351100,1.1782967815437198
E09000025,Newham,Bisexual,Does not apply,0,351100,0
E09000025,Newham,Bisexual,Disabled under the Equality Act: Day-to-day activities limited a lot,224,351100,0.06379948732554827
E09000025,Newham,Bisexual,Disabled under the Equality Act: Day-to-day activities limited a little,560,351100,0.1594987183138707
E09000025,Newham,Bisexual,Not disabled under the Equality Act,3384,351100,0.9638279692395328
E09000025,Newham,All other sexual orientations,Does not apply,0,351100,0
E09000025,Newham,All other sexual orientations,Disabled under the Equality Act: Day-to-day activities limited a lot,103,351100,0.02933637140415836
E09000025,Newham,All other sexual orientations,Disabled under the Equality Act: Day-to-day activities limited a little,223,351100,0.06351466818570208
E09000025,Newham,All other sexual orientations,Not disabled under the Equality Act,1683,351100,0.4793506123611507
E09000025,Newham,Not answered,Does not apply,0,351100,0
E09000025,Newham,Not answered,Disabled under the Equality Act: Day-to-day activities limited a lot,2093,351100,0.5961264596980917
E09000025,Newham,Not answered,Disabled under the Equality Act: Day-to-day activities limited a little,2050,351100,0.5838792366847052
E09000025,Newham,Not answered,Not disabled under the Equality Act,25452,351100,7.2492167473654225
E09000026,Redbridge,Does not apply,Does not apply,0,310300,0
E09000026,Redbridge,Does not apply,Disabled under the Equality Act: Day-to-day activities limited a lot,0,310300,0
E09000026,Redbridge,Does not apply,Disabled under the Equality Act: Day-to-day activities limited a little,0,310300,0
E09000026,Redbridge,Does not apply,Not disabled under the Equality Act,0,310300,0
E09000026,Redbridge,Straight or Heterosexual,Does not apply,0,310300,0
E09000026,Redbridge,Straight or Heterosexual,Disabled under the Equality Act: Day-to-day activities limited a lot,13389,310300,4.31485659039639
E09000026,Redbridge,Straight or Heterosexual,Disabled under the Equality Act: Day-to-day activities limited a little,16874,310300,5.437963261359974
E09000026,Redbridge,Straight or Heterosexual,Not disabled under the Equality Act,182840,310300,58.923622300999035
E09000026,Redbridge,Gay or Lesbian,Does not apply,0,310300,0
E09000026,Redbridge,Gay or Lesbian,Disabled under the Equality Act: Day-to-day activities limited a lot,121,310300,0.03899452143087335
E09000026,Redbridge,Gay or Lesbian,Disabled under the Equality Act: Day-to-day activities limited a little,235,310300,0.07573316145665485
E09000026,Redbridge,Gay or Lesbian,Not disabled under the Equality Act,1696,310300,0.5465678375765388
E09000026,Redbridge,Bisexual,Does not apply,0,310300,0
E09000026,Redbridge,Bisexual,Disabled under the Equality Act: Day-to-day activities limited a lot,131,310300,0.04221720915243313
E09000026,Redbridge,Bisexual,Disabled under the Equality Act: Day-to-day activities limited a little,301,310300,0.0970029004189494
E09000026,Redbridge,Bisexual,Not disabled under the Equality Act,1840,310300,0.5929745407669996
E09000026,Redbridge,All other sexual orientations,Does not apply,0,310300,0
E09000026,Redbridge,All other sexual orientations,Disabled under the Equality Act: Day-to-day activities limited a lot,67,310300,0.02159200773445053
E09000026,Redbridge,All other sexual orientations,Disabled under the Equality Act: Day-to-day activities limited a little,102,310300,0.03287141475990976
E09000026,Redbridge,All other sexual orientations,Not disabled under the Equality Act,901,310300,0.29036416371253626
E09000026,Redbridge,Not answered,Does not apply,0,310300,0
E09000026,Redbridge,Not answered,Disabled under the Equality Act: Day-to-day activities limited a lot,1677,310300,0.5404447309055752
E09000026,Redbridge,Not answered,Disabled under the Equality Act: Day-to-day activities limited a little,1712,310300,0.5517241379310345
E09000026,Redbridge,Not answered,Not disabled under the Equality Act,20129,310300,6.486948114727683
E09000027,Richmond upon Thames,Does not apply,Does not apply,0,195200,0
E09000027,Richmond upon Thames,Does not apply,Disabled under the Equality Act: Day-to-day activities limited a lot,0,195200,0
E09000027,Richmond upon Thames,Does not apply,Disabled under the Equality Act: Day-to-day activities limited a little,0,195200,0
E09000027,Richmond upon Thames,Does not apply,Not disabled under the Equality Act,0,195200,0
E09000027,Richmond upon Thames,Straight or Heterosexual,Does not apply,0,195200,0
E09000027,Richmond upon Thames,Straight or Heterosexual,Disabled under the Equality Act: Day-to-day activities limited a lot,6823,195200,3.495389344262295
E09000027,Richmond upon Thames,Straight or Heterosexual,Disabled under the Equality Act: Day-to-day activities limited a little,11623,195200,5.954405737704918
E09000027,Richmond upon Thames,Straight or Heterosexual,Not disabled under the Equality Act,120307,195200,61.63268442622951
E09000027,Richmond upon Thames,Gay or Lesbian,Does not apply,0,195200,0
E09000027,Richmond upon Thames,Gay or Lesbian,Disabled under the Equality Act: Day-to-day activities limited a lot,153,195200,0.0783811475409836
E09000027,Richmond upon Thames,Gay or Lesbian,Disabled under the Equality Act: Day-to-day activities limited a little,346,195200,0.17725409836065573
E09000027,Richmond upon Thames,Gay or Lesbian,Not disabled under the Equality Act,2395,195200,1.2269467213114753
E09000027,Richmond upon Thames,Bisexual,Does not apply,0,195200,0
E09000027,Richmond upon Thames,Bisexual,Disabled under the Equality Act: Day-to-day activities limited a lot,145,195200,0.07428278688524591
E09000027,Richmond upon Thames,Bisexual,Disabled under the Equality Act: Day-to-day activities limited a little,421,195200,0.21567622950819673
E09000027,Richmond upon Thames,Bisexual,Not disabled under the Equality Act,1283,195200,0.6572745901639344
E09000027,Richmond upon Thames,All other sexual orientations,Does not apply,0,195200,0
E09000027,Richmond upon Thames,All other sexual orientations,Disabled under the Equality Act: Day-to-day activities limited a lot,44,195200,0.022540983606557378
E09000027,Richmond upon Thames,All other sexual orientations,Disabled under the Equality Act: Day-to-day activities limited a little,126,195200,0.06454918032786885
E09000027,Richmond upon Thames,All other sexual orientations,Not disabled under the Equality Act,324,195200,0.16598360655737704
E09000027,Richmond upon Thames,Not answered,Does not apply,0,195200,0
E09000027,Richmond upon Thames,Not answered,Disabled under the Equality Act: Day-to-day activities limited a lot,892,195200,0.4569672131147541
E09000027,Richmond upon Thames,Not answered,Disabled under the Equality Act: Day-to-day activities limited a little,1091,195200,0.5589139344262295
E09000027,Richmond upon Thames,Not answered,Not disabled under the Equality Act,9862,195200,5.052254098360656
E09000028,Southwark,Does not apply,Does not apply,0,307700,0
E09000028,Southwark,Does not apply,Disabled under the Equality Act: Day-to-day activities limited a lot,0,307700,0
E09000028,Southwark,Does not apply,Disabled under the Equality Act: Day-to-day activities limited a little,0,307700,0
E09000028,Southwark,Does not apply,Not disabled under the Equality Act,0,307700,0
E09000028,Southwark,Straight or Heterosexual,Does not apply,0,307700,0
E09000028,Southwark,Straight or Heterosexual,Disabled under the Equality Act: Day-to-day activities limited a lot,13410,307700,4.358141046473838
E09000028,Southwark,Straight or Heterosexual,Disabled under the Equality Act: Day-to-day activities limited a little,17893,307700,5.815079623009424
E09000028,Southwark,Straight or Heterosexual,Not disabled under the Equality Act,180545,307700,58.67565810854729
E09000028,Southwark,Gay or Lesbian,Does not apply,0,307700,0
E09000028,Southwark,Gay or Lesbian,Disabled under the Equality Act: Day-to-day activities limited a lot,543,307700,0.17647058823529413
E09000028,Southwark,Gay or Lesbian,Disabled under the Equality Act: Day-to-day activities limited a little,1218,307700,0.39584010399740005
E09000028,Southwark,Gay or Lesbian,Not disabled under the Equality Act,9835,307700,3.1962950926226843
E09000028,Southwark,Bisexual,Does not apply,0,307700,0
E09000028,Southwark,Bisexual,Disabled under the Equality Act: Day-to-day activities limited a lot,316,307700,0.1026974325641859
E09000028,Southwark,Bisexual,Disabled under the Equality Act: Day-to-day activities limited a little,1307,307700,0.42476438089047774
E09000028,Southwark,Bisexual,Not disabled under the Equality Act,4963,307700,1.612934676633084
E09000028,Southwark,All other sexual orientations,Does not apply,0,307700,0
E09000028,Southwark,All other sexual orientations,Disabled under the Equality Act: Day-to-day activities limited a lot,136,307700,0.04419889502762431
E09000028,Southwark,All other sexual orientations,Disabled under the Equality Act: Day-to-day activities limited a little,422,307700,0.13714657133571662
E09000028,Southwark,All other sexual orientations,Not disabled under the Equality Act,1957,307700,0.6360090997725056
E09000028,Southwark,Not answered,Does not apply,0,307700,0
E09000028,Southwark,Not answered,Disabled under the Equality Act: Day-to-day activities limited a lot,1798,307700,0.5843353916152096
E09000028,Southwark,Not answered,Disabled under the Equality Act: Day-to-day activities limited a little,2125,307700,0.6906077348066298
E09000028,Southwark,Not answered,Not disabled under the Equality Act,19669,307700,6.392265193370166
E09000029,Sutton,Does not apply,Does not apply,0,209600,0
E09000029,Sutton,Does not apply,Disabled under the Equality Act: Day-to-day activities limited a lot,0,209600,0
E09000029,Sutton,Does not apply,Disabled under the Equality Act: Day-to-day activities limited a little,0,209600,0
E09000029,Sutton,Does not apply,Not disabled under the Equality Act,0,209600,0
E09000029,Sutton,Straight or Heterosexual,Does not apply,0,209600,0
E09000029,Sutton,Straight or Heterosexual,Disabled under the Equality Act: Day-to-day activities limited a lot,9568,209600,4.564885496183206
E09000029,Sutton,Straight or Heterosexual,Disabled under the Equality Act: Day-to-day activities limited a little,14007,209600,6.682729007633588
E09000029,Sutton,Straight or Heterosexual,Not disabled under the Equality Act,125437,209600,59.845896946564885
E09000029,Sutton,Gay or Lesbian,Does not apply,0,209600,0
E09000029,Sutton,Gay or Lesbian,Disabled under the Equality Act: Day-to-day activities limited a lot,124,209600,0.05916030534351145
E09000029,Sutton,Gay or Lesbian,Disabled under the Equality Act: Day-to-day activities limited a little,271,209600,0.129293893129771
E09000029,Sutton,Gay or Lesbian,Not disabled under the Equality Act,1543,209600,0.7361641221374046
E09000029,Sutton,Bisexual,Does not apply,0,209600,0
E09000029,Sutton,Bisexual,Disabled under the Equality Act: Day-to-day activities limited a lot,124,209600,0.05916030534351145
E09000029,Sutton,Bisexual,Disabled under the Equality Act: Day-to-day activities limited a little,314,209600,0.14980916030534353
E09000029,Sutton,Bisexual,Not disabled under the Equality Act,1167,209600,0.5567748091603053
E09000029,Sutton,All other sexual orientations,Does not apply,0,209600,0
E09000029,Sutton,All other sexual orientations,Disabled under the Equality Act: Day-to-day activities limited a lot,40,209600,0.019083969465648856
E09000029,Sutton,All other sexual orientations,Disabled under the Equality Act: Day-to-day activities limited a little,82,209600,0.039122137404580155
E09000029,Sutton,All other sexual orientations,Not disabled under the Equality Act,306,209600,0.14599236641221375
E09000029,Sutton,Not answered,Does not apply,0,209600,0
E09000029,Sutton,Not answered,Disabled under the Equality Act: Day-to-day activities limited a lot,1253,209600,0.5978053435114504
E09000029,Sutton,Not answered,Disabled under the Equality Act: Day-to-day activities limited a little,1170,209600,0.558206106870229
E09000029,Sutton,Not answered,Not disabled under the Equality Act,10255,209600,4.892652671755725
E09000030,Tower Hamlets,Does not apply,Does not apply,0,310300,0
E09000030,Tower Hamlets,Does not apply,Disabled under the Equality Act: Day-to-day activities limited a lot,0,310300,0
E09000030,Tower Hamlets,Does not apply,Disabled under the Equality Act: Day-to-day activities limited a little,0,310300,0
E09000030,Tower Hamlets,Does not apply,Not disabled under the Equality Act,0,310300,0
E09000030,Tower Hamlets,Straight or Heterosexual,Does not apply,0,310300,0
E09000030,Tower Hamlets,Straight or Heterosexual,Disabled under the Equality Act: Day-to-day activities limited a lot,13710,310300,4.41830486625846
E09000030,Tower Hamlets,Straight or Heterosexual,Disabled under the Equality Act: Day-to-day activities limited a little,16459,310300,5.304221720915243
E09000030,Tower Hamlets,Straight or Heterosexual,Not disabled under the Equality Act,179898,310300,57.97550757331614
E09000030,Tower Hamlets,Gay or Lesbian,Does not apply,0,310300,0
E09000030,Tower Hamlets,Gay or Lesbian,Disabled under the Equality Act: Day-to-day activities limited a lot,328,310300,0.10570415726716081
E09000030,Tower Hamlets,Gay or Lesbian,Disabled under the Equality Act: Day-to-day activities limited a little,1000,310300,0.3222687721559781
E09000030,Tower Hamlets,Gay or Lesbian,Not disabled under the Equality Act,8692,310300,2.8011601675797615
E09000030,Tower Hamlets,Bisexual,Does not apply,0,310300,0
E09000030,Tower Hamlets,Bisexual,Disabled under the Equality Act: Day-to-day activities limited a lot,329,310300,0.10602642603931679
E09000030,Tower Hamlets,Bisexual,Disabled under the Equality Act: Day-to-day activities limited a little,1204,310300,0.3880116016757976
E09000030,Tower Hamlets,Bisexual,Not disabled under the Equality Act,4840,310300,1.5597808572349339
E09000030,Tower Hamlets,All other sexual orientations,Does not apply,0,310300,0
E09000030,Tower Hamlets,All other sexual orientations,Disabled under the Equality Act: Day-to-day activities limited a lot,128,310300,0.0412504028359652
E09000030,Tower Hamlets,All other sexual orientations,Disabled under the Equality Act: Day-to-day activities limited a little,336,310300,0.10828230744440864
E09000030,Tower Hamlets,All other sexual orientations,Not disabled under the Equality Act,1266,310300,0.40799226554946827
E09000030,Tower Hamlets,Not answered,Does not apply,0,310300,0
E09000030,Tower Hamlets,Not answered,Disabled under the Equality Act: Day-to-day activities limited a lot,1726,310300,0.5562359007412182
E09000030,Tower Hamlets,Not answered,Disabled under the Equality Act: Day-to-day activities limited a little,1891,310300,0.6094102481469545
E09000030,Tower Hamlets,Not answered,Not disabled under the Equality Act,21071,310300,6.790525298098614
E09000031,Waltham Forest,Does not apply,Does not apply,0,278400,0
E09000031,Waltham Forest,Does not apply,Disabled under the Equality Act: Day-to-day activities limited a lot,0,278400,0
E09000031,Waltham Forest,Does not apply,Disabled under the Equality Act: Day-to-day activities limited a little,0,278400,0
E09000031,Waltham Forest,Does not apply,Not disabled under the Equality Act,0,278400,0
E09000031,Waltham Forest,Straight or Heterosexual,Does not apply,0,278400,0
E09000031,Waltham Forest,Straight or Heterosexual,Disabled under the Equality Act: Day-to-day activities limited a lot,12832,278400,4.609195402298851
E09000031,Waltham Forest,Straight or Heterosexual,Disabled under the Equality Act: Day-to-day activities limited a little,16161,278400,5.804956896551724
E09000031,Waltham Forest,Straight or Heterosexual,Not disabled under the Equality Act,162056,278400,58.20977011494253
E09000031,Waltham Forest,Gay or Lesbian,Does not apply,0,278400,0
E09000031,Waltham Forest,Gay or Lesbian,Disabled under the Equality Act: Day-to-day activities limited a lot,222,278400,0.07974137931034483
E09000031,Waltham Forest,Gay or Lesbian,Disabled under the Equality Act: Day-to-day activities limited a little,558,278400,0.20043103448275862
E09000031,Waltham Forest,Gay or Lesbian,Not disabled under the Equality Act,4252,278400,1.5272988505747127
E09000031,Waltham Forest,Bisexual,Does not apply,0,278400,0
E09000031,Waltham Forest,Bisexual,Disabled under the Equality Act: Day-to-day activities limited a lot,244,278400,0.08764367816091954
E09000031,Waltham Forest,Bisexual,Disabled under the Equality Act: Day-to-day activities limited a little,640,278400,0.22988505747126436
E09000031,Waltham Forest,Bisexual,Not disabled under the Equality Act,2707,278400,0.9723419540229885
E09000031,Waltham Forest,All other sexual orientations,Does not apply,0,278400,0
E09000031,Waltham Forest,All other sexual orientations,Disabled under the Equality Act: Day-to-day activities limited a lot,119,278400,0.04274425287356322
E09000031,Waltham Forest,All other sexual orientations,Disabled under the Equality Act: Day-to-day activities limited a little,220,278400,0.07902298850574713
E09000031,Waltham Forest,All other sexual orientations,Not disabled under the Equality Act,1084,278400,0.38936781609195403
E09000031,Waltham Forest,Not answered,Does not apply,0,278400,0
E09000031,Waltham Forest,Not answered,Disabled under the Equality Act: Day-to-day activities limited a lot,1467,278400,0.5269396551724138
E09000031,Waltham Forest,Not answered,Disabled under the Equality Act: Day-to-day activities limited a little,1779,278400,0.6390086206896551
E09000031,Waltham Forest,Not answered,Not disabled under the Equality Act,17840,278400,6.408045977011494
E09000032,Wandsworth,Does not apply,Does not apply,0,327500,0
E09000032,Wandsworth,Does not apply,Disabled under the Equality Act: Day-to-day activities limited a lot,0,327500,0
E09000032,Wandsworth,Does not apply,Disabled under the Equality Act: Day-to-day activities limited a little,0,327500,0
E09000032,Wandsworth,Does not apply,Not disabled under the Equality Act,0,327500,0
E09000032,Wandsworth,Straight or Heterosexual,Does not apply,0,327500,0
E09000032,Wandsworth,Straight or Heterosexual,Disabled under the Equality Act: Day-to-day activities limited a lot,11065,327500,3.378625954198473
E09000032,Wandsworth,Straight or Heterosexual,Disabled under the Equality Act: Day-to-day activities limited a little,17359,327500,5.300458015267176
E09000032,Wandsworth,Straight or Heterosexual,Not disabled under the Equality Act,208129,327500,63.55083969465649
E09000032,Wandsworth,Gay or Lesbian,Does not apply,0,327500,0
E09000032,Wandsworth,Gay or Lesbian,Disabled under the Equality Act: Day-to-day activities limited a lot,304,327500,0.09282442748091603
E09000032,Wandsworth,Gay or Lesbian,Disabled under the Equality Act: Day-to-day activities limited a little,756,327500,0.23083969465648854
E09000032,Wandsworth,Gay or Lesbian,Not disabled under the Equality Act,7282,327500,2.2235114503816793
E09000032,Wandsworth,Bisexual,Does not apply,0,327500,0
E09000032,Wandsworth,Bisexual,Disabled under the Equality Act: Day-to-day activities limited a lot,350,327500,0.10687022900763359
E09000032,Wandsworth,Bisexual,Disabled under the Equality Act: Day-to-day activities limited a little,905,327500,0.27633587786259545
E09000032,Wandsworth,Bisexual,Not disabled under the Equality Act,3507,327500,1.0708396946564886
E09000032,Wandsworth,All other sexual orientations,Does not apply,0,327500,0
E09000032,Wandsworth,All other sexual orientations,Disabled under the Equality Act: Day-to-day activities limited a lot,79,327500,0.024122137404580152
E09000032,Wandsworth,All other sexual orientations,Disabled under the Equality Act: Day-to-day activities limited a little,236,327500,0.07206106870229008
E09000032,Wandsworth,All other sexual orientations,Not disabled under the Equality Act,765,327500,0.233587786259542
E09000032,Wandsworth,Not answered,Does not apply,0,327500,0
E09000032,Wandsworth,Not answered,Disabled under the Equality Act: Day-to-day activities limited a lot,1932,327500,0.5899236641221374
E09000032,Wandsworth,Not answered,Disabled under the Equality Act: Day-to-day activities limited a little,1904,327500,0.5813740458015267
E09000032,Wandsworth,Not answered,Not disabled under the Equality Act,18985,327500,5.796946564885496
E09000033,Westminster,Does not apply,Does not apply,0,204300,0
E09000033,Westminster,Does not apply,Disabled under the Equality Act: Day-to-day activities limited a lot,0,204300,0
E09000033,Westminster,Does not apply,Disabled under the Equality Act: Day-to-day activities limited a little,0,204300,0
E09000033,Westminster,Does not apply,Not disabled under the Equality Act,0,204300,0
E09000033,Westminster,Straight or Heterosexual,Does not apply,0,204300,0
E09000033,Westminster,Straight or Heterosexual,Disabled under the Equality Act: Day-to-day activities limited a lot,10470,204300,5.12481644640235
E09000033,Westminster,Straight or Heterosexual,Disabled under the Equality Act: Day-to-day activities limited a little,11233,204300,5.498286833088595
E09000033,Westminster,Straight or Heterosexual,Not disabled under the Equality Act,126152,204300,61.748409202153695
E09000033,Westminster,Gay or Lesbian,Does not apply,0,204300,0
E09000033,Westminster,Gay or Lesbian,Disabled under the Equality Act: Day-to-day activities limited a lot,357,204300,0.17474302496328928
E09000033,Westminster,Gay or Lesbian,Disabled under the Equality Act: Day-to-day activities limited a little,639,204300,0.31277533039647576
E09000033,Westminster,Gay or Lesbian,Not disabled under the Equality Act,5159,204300,2.5252080274106707
E09000033,Westminster,Bisexual,Does not apply,0,204300,0
E09000033,Westminster,Bisexual,Disabled under the Equality Act: Day-to-day activities limited a lot,195,204300,0.09544787077826726
E09000033,Westminster,Bisexual,Disabled under the Equality Act: Day-to-day activities limited a little,467,204300,0.22858541360744003
E09000033,Westminster,Bisexual,Not disabled under the Equality Act,2079,204300,1.0176211453744493
E09000033,Westminster,All other sexual orientations,Does not apply,0,204300,0
E09000033,Westminster,All other sexual orientations,Disabled under the Equality Act: Day-to-day activities limited a lot,89,204300,0.04356338717572198
E09000033,Westminster,All other sexual orientations,Disabled under the Equality Act: Day-to-day activities limited a little,134,204300,0.06558981889378365
E09000033,Westminster,All other sexual orientations,Not disabled under the Equality Act,608,204300,0.2976015663240333
E09000033,Westminster,Not answered,Does not apply,0,204300,0
E09000033,Westminster,Not answered,Disabled under the Equality Act: Day-to-day activities limited a lot,1623,204300,0.7944199706314243
E09000033,Westminster,Not answered,Disabled under the Equality Act: Day-to-day activities limited a little,1664,204300,0.8144884973078805
E09000033,Westminster,Not answered,Not disabled under the Equality Act,16598,204300,8.124326970141949
W06000001,Isle of Anglesey,Does not apply,Does not apply,0,68900,0
W06000001,Isle of Anglesey,Does not apply,Disabled under the Equality Act: Day-to-day activities limited a lot,0,68900,0
W06000001,Isle of Anglesey,Does not apply,Disabled under the Equality Act: Day-to-day activities limited a little,0,68900,0
W06000001,Isle of Anglesey,Does not apply,Not disabled under the Equality Act,0,68900,0
W06000001,Isle of Anglesey,Straight or Heterosexual,Does not apply,0,68900,0
W06000001,Isle of Anglesey,Straight or Heterosexual,Disabled under the Equality Act: Day-to-day activities limited a lot,5379,68900,7.806966618287373
W06000001,Isle of Anglesey,Straight or Heterosexual,Disabled under the Equality Act: Day-to-day activities limited a little,6466,68900,9.384615384615385
W06000001,Isle of Anglesey,Straight or Heterosexual,Not disabled under the Equality Act,39586,68900,57.45428156748911
W06000001,Isle of Anglesey,Gay or Lesbian,Does not apply,0,68900,0
W06000001,Isle of Anglesey,Gay or Lesbian,Disabled under the Equality Act: Day-to-day activities limited a lot,79,68900,0.11465892597968069
W06000001,Isle of Anglesey,Gay or Lesbian,Disabled under the Equality Act: Day-to-day activities limited a little,102,68900,0.14804063860667635
W06000001,Isle of Anglesey,Gay or Lesbian,Not disabled under the Equality Act,439,68900,0.637155297532656
W06000001,Isle of Anglesey,Bisexual,Does not apply,0,68900,0
W06000001,Isle of Anglesey,Bisexual,Disabled under the Equality Act: Day-to-day activities limited a lot,59,68900,0.08563134978229318
W06000001,Isle of Anglesey,Bisexual,Disabled under the Equality Act: Day-to-day activities limited a little,115,68900,0.16690856313497823
W06000001,Isle of Anglesey,Bisexual,Not disabled under the Equality Act,296,68900,0.4296081277213353
W06000001,Isle of Anglesey,All other sexual orientations,Does not apply,0,68900,0
W06000001,Isle of Anglesey,All other sexual orientations,Disabled under the Equality Act: Day-to-day activities limited a lot,13,68900,0.018867924528301886
W06000001,Isle of Anglesey,All other sexual orientations,Disabled under the Equality Act: Day-to-day activities limited a little,24,68900,0.03483309143686502
W06000001,Isle of Anglesey,All other sexual orientations,Not disabled under the Equality Act,39,68900,0.05660377358490566
W06000001,Isle of Anglesey,Not answered,Does not apply,0,68900,0
W06000001,Isle of Anglesey,Not answered,Disabled under the Equality Act: Day-to-day activities limited a lot,693,68900,1.0058055152394776
W06000001,Isle of Anglesey,Not answered,Disabled under the Equality Act: Day-to-day activities limited a little,616,68900,0.8940493468795355
W06000001,Isle of Anglesey,Not answered,Not disabled under the Equality Act,3241,68900,4.703918722786647
W06000002,Gwynedd,Does not apply,Does not apply,0,117400,0
W06000002,Gwynedd,Does not apply,Disabled under the Equality Act: Day-to-day activities limited a lot,0,117400,0
W06000002,Gwynedd,Does not apply,Disabled under the Equality Act: Day-to-day activities limited a little,0,117400,0
W06000002,Gwynedd,Does not apply,Not disabled under the Equality Act,0,117400,0
W06000002,Gwynedd,Straight or Heterosexual,Does not apply,0,117400,0
W06000002,Gwynedd,Straight or Heterosexual,Disabled under the Equality Act: Day-to-day activities limited a lot,7815,117400,6.656729131175468
W06000002,Gwynedd,Straight or Heterosexual,Disabled under the Equality Act: Day-to-day activities limited a little,10082,117400,8.587734241908008
W06000002,Gwynedd,Straight or Heterosexual,Not disabled under the Equality Act,67678,117400,57.6473594548552
W06000002,Gwynedd,Gay or Lesbian,Does not apply,0,117400,0
W06000002,Gwynedd,Gay or Lesbian,Disabled under the Equality Act: Day-to-day activities limited a lot,114,117400,0.09710391822827939
W06000002,Gwynedd,Gay or Lesbian,Disabled under the Equality Act: Day-to-day activities limited a little,223,117400,0.1899488926746167
W06000002,Gwynedd,Gay or Lesbian,Not disabled under the Equality Act,966,117400,0.8228279386712095
W06000002,Gwynedd,Bisexual,Does not apply,0,117400,0
W06000002,Gwynedd,Bisexual,Disabled under the Equality Act: Day-to-day activities limited a lot,178,117400,0.151618398637138
W06000002,Gwynedd,Bisexual,Disabled under the Equality Act: Day-to-day activities limited a little,414,117400,0.3526405451448041
W06000002,Gwynedd,Bisexual,Not disabled under the Equality Act,1003,117400,0.854344122657581
W06000002,Gwynedd,All other sexual orientations,Does not apply,0,117400,0
W06000002,Gwynedd,All other sexual orientations,Disabled under the Equality Act: Day-to-day activities limited a lot,48,117400,0.04088586030664395
W06000002,Gwynedd,All other sexual orientations,Disabled under the Equality Act: Day-to-day activities limited a little,115,117400,0.09795570698466781
W06000002,Gwynedd,All other sexual orientations,Not disabled under the Equality Act,171,117400,0.14565587734241908
W06000002,Gwynedd,Not answered,Does not apply,0,117400,0
W06000002,Gwynedd,Not answered,Disabled under the Equality Act: Day-to-day activities limited a lot,1257,117400,1.0706984667802386
W06000002,Gwynedd,Not answered,Disabled under the Equality Act: Day-to-day activities limited a little,1243,117400,1.0587734241908007
W06000002,Gwynedd,Not answered,Not disabled under the Equality Act,6663,117400,5.675468483816013
W06000003,Conwy,Does not apply,Does not apply,0,114800,0
W06000003,Conwy,Does not apply,Disabled under the Equality Act: Day-to-day activities limited a lot,0,114800,0
W06000003,Conwy,Does not apply,Disabled under the Equality Act: Day-to-day activities limited a little,0,114800,0
W06000003,Conwy,Does not apply,Not disabled under the Equality Act,0,114800,0
W06000003,Conwy,Straight or Heterosexual,Does not apply,0,114800,0
W06000003,Conwy,Straight or Heterosexual,Disabled under the Equality Act: Day-to-day activities limited a lot,9641,114800,8.39808362369338
W06000003,Conwy,Straight or Heterosexual,Disabled under the Equality Act: Day-to-day activities limited a little,11550,114800,10.060975609756097
W06000003,Conwy,Straight or Heterosexual,Not disabled under the Equality Act,64781,114800,56.4294425087108
W06000003,Conwy,Gay or Lesbian,Does not apply,0,114800,0
W06000003,Conwy,Gay or Lesbian,Disabled under the Equality Act: Day-to-day activities limited a lot,147,114800,0.12804878048780488
W06000003,Conwy,Gay or Lesbian,Disabled under the Equality Act: Day-to-day activities limited a little,220,114800,0.1916376306620209
W06000003,Conwy,Gay or Lesbian,Not disabled under the Equality Act,963,114800,0.8388501742160279
W06000003,Conwy,Bisexual,Does not apply,0,114800,0
W06000003,Conwy,Bisexual,Disabled under the Equality Act: Day-to-day activities limited a lot,135,114800,0.11759581881533102
W06000003,Conwy,Bisexual,Disabled under the Equality Act: Day-to-day activities limited a little,217,114800,0.18902439024390244
W06000003,Conwy,Bisexual,Not disabled under the Equality Act,520,114800,0.4529616724738676
W06000003,Conwy,All other sexual orientations,Does not apply,0,114800,0
W06000003,Conwy,All other sexual orientations,Disabled under the Equality Act: Day-to-day activities limited a lot,43,114800,0.037456445993031356
W06000003,Conwy,All other sexual orientations,Disabled under the Equality Act: Day-to-day activities limited a little,47,114800,0.040940766550522645
W06000003,Conwy,All other sexual orientations,Not disabled under the Equality Act,113,114800,0.09843205574912892
W06000003,Conwy,Not answered,Does not apply,0,114800,0
W06000003,Conwy,Not answered,Disabled under the Equality Act: Day-to-day activities limited a lot,1354,114800,1.1794425087108014
W06000003,Conwy,Not answered,Disabled under the Equality Act: Day-to-day activities limited a little,1152,114800,1.0034843205574913
W06000003,Conwy,Not answered,Not disabled under the Equality Act,5480,114800,4.7735191637630665
W06000004,Denbighshire,Does not apply,Does not apply,0,95800,0
W06000004,Denbighshire,Does not apply,Disabled under the Equality Act: Day-to-day activities limited a lot,0,95800,0
W06000004,Denbighshire,Does not apply,Disabled under the Equality Act: Day-to-day activities limited a little,0,95800,0
W06000004,Denbighshire,Does not apply,Not disabled under the Equality Act,0,95800,0
W06000004,Denbighshire,Straight or Heterosexual,Does not apply,0,95800,0
W06000004,Denbighshire,Straight or Heterosexual,Disabled under the Equality Act: Day-to-day activities limited a lot,8578,95800,8.954070981210856
W06000004,Denbighshire,Straight or Heterosexual,Disabled under the Equality Act: Day-to-day activities limited a little,9463,95800,9.877870563674321
W06000004,Denbighshire,Straight or Heterosexual,Not disabled under the Equality Act,52482,95800,54.782881002087684
W06000004,Denbighshire,Gay or Lesbian,Does not apply,0,95800,0
W06000004,Denbighshire,Gay or Lesbian,Disabled under the Equality Act: Day-to-day activities limited a lot,136,95800,0.1419624217118998
W06000004,Denbighshire,Gay or Lesbian,Disabled under the Equality Act: Day-to-day activities limited a little,153,95800,0.15970772442588727
W06000004,Denbighshire,Gay or Lesbian,Not disabled under the Equality Act,713,95800,0.744258872651357
W06000004,Denbighshire,Bisexual,Does not apply,0,95800,0
W06000004,Denbighshire,Bisexual,Disabled under the Equality Act: Day-to-day activities limited a lot,102,95800,0.10647181628392484
W06000004,Denbighshire,Bisexual,Disabled under the Equality Act: Day-to-day activities limited a little,194,95800,0.20250521920668058
W06000004,Denbighshire,Bisexual,Not disabled under the Equality Act,403,95800,0.42066805845511485
W06000004,Denbighshire,All other sexual orientations,Does not apply,0,95800,0
W06000004,Denbighshire,All other sexual orientations,Disabled under the Equality Act: Day-to-day activities limited a lot,31,95800,0.032359081419624215
W06000004,Denbighshire,All other sexual orientations,Disabled under the Equality Act: Day-to-day activities limited a little,48,95800,0.05010438413361169
W06000004,Denbighshire,All other sexual orientations,Not disabled under the Equality Act,68,95800,0.0709812108559499
W06000004,Denbighshire,Not answered,Does not apply,0,95800,0
W06000004,Denbighshire,Not answered,Disabled under the Equality Act: Day-to-day activities limited a lot,1193,95800,1.245302713987474
W06000004,Denbighshire,Not answered,Disabled under the Equality Act: Day-to-day activities limited a little,1035,95800,1.0803757828810021
W06000004,Denbighshire,Not answered,Not disabled under the Equality Act,4309,95800,4.497912317327766
W06000005,Flintshire,Does not apply,Does not apply,0,155000,0
W06000005,Flintshire,Does not apply,Disabled under the Equality Act: Day-to-day activities limited a lot,0,155000,0
W06000005,Flintshire,Does not apply,Disabled under the Equality Act: Day-to-day activities limited a little,0,155000,0
W06000005,Flintshire,Does not apply,Not disabled under the Equality Act,0,155000,0
W06000005,Flintshire,Straight or Heterosexual,Does not apply,0,155000,0
W06000005,Flintshire,Straight or Heterosexual,Disabled under the Equality Act: Day-to-day activities limited a lot,10826,155000,6.984516129032258
W06000005,Flintshire,Straight or Heterosexual,Disabled under the Equality Act: Day-to-day activities limited a little,13426,155000,8.661935483870968
W06000005,Flintshire,Straight or Heterosexual,Not disabled under the Equality Act,91189,155000,58.8316129032258
W06000005,Flintshire,Gay or Lesbian,Does not apply,0,155000,0
W06000005,Flintshire,Gay or Lesbian,Disabled under the Equality Act: Day-to-day activities limited a lot,170,155000,0.10967741935483871
W06000005,Flintshire,Gay or Lesbian,Disabled under the Equality Act: Day-to-day activities limited a little,226,155000,0.14580645161290323
W06000005,Flintshire,Gay or Lesbian,Not disabled under the Equality Act,1186,155000,0.7651612903225806
W06000005,Flintshire,Bisexual,Does not apply,0,155000,0
W06000005,Flintshire,Bisexual,Disabled under the Equality Act: Day-to-day activities limited a lot,137,155000,0.08838709677419355
W06000005,Flintshire,Bisexual,Disabled under the Equality Act: Day-to-day activities limited a little,256,155000,0.16516129032258065
W06000005,Flintshire,Bisexual,Not disabled under the Equality Act,648,155000,0.4180645161290323
W06000005,Flintshire,All other sexual orientations,Does not apply,0,155000,0
W06000005,Flintshire,All other sexual orientations,Disabled under the Equality Act: Day-to-day activities limited a lot,24,155000,0.015483870967741935
W06000005,Flintshire,All other sexual orientations,Disabled under the Equality Act: Day-to-day activities limited a little,59,155000,0.03806451612903226
W06000005,Flintshire,All other sexual orientations,Not disabled under the Equality Act,143,155000,0.09225806451612903
W06000005,Flintshire,Not answered,Does not apply,0,155000,0
W06000005,Flintshire,Not answered,Disabled under the Equality Act: Day-to-day activities limited a lot,1402,155000,0.9045161290322581
W06000005,Flintshire,Not answered,Disabled under the Equality Act: Day-to-day activities limited a little,1213,155000,0.7825806451612903
W06000005,Flintshire,Not answered,Not disabled under the Equality Act,6672,155000,4.304516129032258
W06000006,Wrexham,Does not apply,Does not apply,0,135100,0
W06000006,Wrexham,Does not apply,Disabled under the Equality Act: Day-to-day activities limited a lot,0,135100,0
W06000006,Wrexham,Does not apply,Disabled under the Equality Act: Day-to-day activities limited a little,0,135100,0
W06000006,Wrexham,Does not apply,Not disabled under the Equality Act,0,135100,0
W06000006,Wrexham,Straight or Heterosexual,Does not apply,0,135100,0
W06000006,Wrexham,Straight or Heterosexual,Disabled under the Equality Act: Day-to-day activities limited a lot,10232,135100,7.573649148778682
W06000006,Wrexham,Straight or Heterosexual,Disabled under the Equality Act: Day-to-day activities limited a little,12233,135100,9.054774241302738
W06000006,Wrexham,Straight or Heterosexual,Not disabled under the Equality Act,76363,135100,56.523316062176164
W06000006,Wrexham,Gay or Lesbian,Does not apply,0,135100,0
W06000006,Wrexham,Gay or Lesbian,Disabled under the Equality Act: Day-to-day activities limited a lot,189,135100,0.13989637305699482
W06000006,Wrexham,Gay or Lesbian,Disabled under the Equality Act: Day-to-day activities limited a little,216,135100,0.15988156920799407
W06000006,Wrexham,Gay or Lesbian,Not disabled under the Equality Act,1040,135100,0.7698001480384901
W06000006,Wrexham,Bisexual,Does not apply,0,135100,0
W06000006,Wrexham,Bisexual,Disabled under the Equality Act: Day-to-day activities limited a lot,131,135100,0.09696521095484827
W06000006,Wrexham,Bisexual,Disabled under the Equality Act: Day-to-day activities limited a little,310,135100,0.22945965951147299
W06000006,Wrexham,Bisexual,Not disabled under the Equality Act,608,135100,0.45003700962250187
W06000006,Wrexham,All other sexual orientations,Does not apply,0,135100,0
W06000006,Wrexham,All other sexual orientations,Disabled under the Equality Act: Day-to-day activities limited a lot,45,135100,0.033308660251665435
W06000006,Wrexham,All other sexual orientations,Disabled under the Equality Act: Day-to-day activities limited a little,67,135100,0.049592894152479645
W06000006,Wrexham,All other sexual orientations,Not disabled under the Equality Act,151,135100,0.11176905995558846
W06000006,Wrexham,Not answered,Does not apply,0,135100,0
W06000006,Wrexham,Not answered,Disabled under the Equality Act: Day-to-day activities limited a lot,1401,135100,1.0370096225018506
W06000006,Wrexham,Not answered,Disabled under the Equality Act: Day-to-day activities limited a little,1103,135100,0.8164322723908216
W06000006,Wrexham,Not answered,Not disabled under the Equality Act,6186,135100,4.578830495928941
W06000008,Ceredigion,Does not apply,Does not apply,0,71500,0
W06000008,Ceredigion,Does not apply,Disabled under the Equality Act: Day-to-day activities limited a lot,0,71500,0
W06000008,Ceredigion,Does not apply,Disabled under the Equality Act: Day-to-day activities limited a little,0,71500,0
W06000008,Ceredigion,Does not apply,Not disabled under the Equality Act,0,71500,0
W06000008,Ceredigion,Straight or Heterosexual,Does not apply,0,71500,0
W06000008,Ceredigion,Straight or Heterosexual,Disabled under the Equality Act: Day-to-day activities limited a lot,5284,71500,7.3902097902097905
W06000008,Ceredigion,Straight or Heterosexual,Disabled under the Equality Act: Day-to-day activities limited a little,6935,71500,9.6993006993007
W06000008,Ceredigion,Straight or Heterosexual,Not disabled under the Equality Act,39779,71500,55.634965034965035
W06000008,Ceredigion,Gay or Lesbian,Does not apply,0,71500,0
W06000008,Ceredigion,Gay or Lesbian,Disabled under the Equality Act: Day-to-day activities limited a lot,80,71500,0.11188811188811189
W06000008,Ceredigion,Gay or Lesbian,Disabled under the Equality Act: Day-to-day activities limited a little,191,71500,0.26713286713286716
W06000008,Ceredigion,Gay or Lesbian,Not disabled under the Equality Act,671,71500,0.9384615384615385
W06000008,Ceredigion,Bisexual,Does not apply,0,71500,0
W06000008,Ceredigion,Bisexual,Disabled under the Equality Act: Day-to-day activities limited a lot,173,71500,0.24195804195804196
W06000008,Ceredigion,Bisexual,Disabled under the Equality Act: Day-to-day activities limited a little,461,71500,0.6447552447552447
W06000008,Ceredigion,Bisexual,Not disabled under the Equality Act,983,71500,1.3748251748251747
W06000008,Ceredigion,All other sexual orientations,Does not apply,0,71500,0
W06000008,Ceredigion,All other sexual orientations,Disabled under the Equality Act: Day-to-day activities limited a lot,63,71500,0.08811188811188811
W06000008,Ceredigion,All other sexual orientations,Disabled under the Equality Act: Day-to-day activities limited a little,134,71500,0.1874125874125874
W06000008,Ceredigion,All other sexual orientations,Not disabled under the Equality Act,233,71500,0.3258741258741259
W06000008,Ceredigion,Not answered,Does not apply,0,71500,0
W06000008,Ceredigion,Not answered,Disabled under the Equality Act: Day-to-day activities limited a lot,845,71500,1.1818181818181819
W06000008,Ceredigion,Not answered,Disabled under the Equality Act: Day-to-day activities limited a little,913,71500,1.2769230769230768
W06000008,Ceredigion,Not answered,Not disabled under the Equality Act,4647,71500,6.499300699300699
W06000009,Pembrokeshire,Does not apply,Does not apply,0,123400,0
W06000009,Pembrokeshire,Does not apply,Disabled under the Equality Act: Day-to-day activities limited a lot,0,123400,0
W06000009,Pembrokeshire,Does not apply,Disabled under the Equality Act: Day-to-day activities limited a little,0,123400,0
W06000009,Pembrokeshire,Does not apply,Not disabled under the Equality Act,0,123400,0
W06000009,Pembrokeshire,Straight or Heterosexual,Does not apply,0,123400,0
W06000009,Pembrokeshire,Straight or Heterosexual,Disabled under the Equality Act: Day-to-day activities limited a lot,10186,123400,8.254457050243111
W06000009,Pembrokeshire,Straight or Heterosexual,Disabled under the Equality Act: Day-to-day activities limited a little,12126,123400,9.826580226904376
W06000009,Pembrokeshire,Straight or Heterosexual,Not disabled under the Equality Act,69782,123400,56.54943273905997
W06000009,Pembrokeshire,Gay or Lesbian,Does not apply,0,123400,0
W06000009,Pembrokeshire,Gay or Lesbian,Disabled under the Equality Act: Day-to-day activities limited a lot,138,123400,0.11183144246353323
W06000009,Pembrokeshire,Gay or Lesbian,Disabled under the Equality Act: Day-to-day activities limited a little,193,123400,0.15640194489465153
W06000009,Pembrokeshire,Gay or Lesbian,Not disabled under the Equality Act,762,123400,0.6175040518638574
W06000009,Pembrokeshire,Bisexual,Does not apply,0,123400,0
W06000009,Pembrokeshire,Bisexual,Disabled under the Equality Act: Day-to-day activities limited a lot,161,123400,0.13047001620745544
W06000009,Pembrokeshire,Bisexual,Disabled under the Equality Act: Day-to-day activities limited a little,254,123400,0.20583468395461912
W06000009,Pembrokeshire,Bisexual,Not disabled under the Equality Act,635,123400,0.5145867098865479
W06000009,Pembrokeshire,All other sexual orientations,Does not apply,0,123400,0
W06000009,Pembrokeshire,All other sexual orientations,Disabled under the Equality Act: Day-to-day activities limited a lot,55,123400,0.04457050243111831
W06000009,Pembrokeshire,All other sexual orientations,Disabled under the Equality Act: Day-to-day activities limited a little,47,123400,0.03808752025931929
W06000009,Pembrokeshire,All other sexual orientations,Not disabled under the Equality Act,119,123400,0.09643435980551053
W06000009,Pembrokeshire,Not answered,Does not apply,0,123400,0
W06000009,Pembrokeshire,Not answered,Disabled under the Equality Act: Day-to-day activities limited a lot,1322,123400,1.0713128038897892
W06000009,Pembrokeshire,Not answered,Disabled under the Equality Act: Day-to-day activities limited a little,1138,123400,0.9222042139384117
W06000009,Pembrokeshire,Not answered,Not disabled under the Equality Act,5634,123400,4.565640194489466
W06000010,Carmarthenshire,Does not apply,Does not apply,0,187900,0
W06000010,Carmarthenshire,Does not apply,Disabled under the Equality Act: Day-to-day activities limited a lot,0,187900,0
W06000010,Carmarthenshire,Does not apply,Disabled under the Equality Act: Day-to-day activities limited a little,0,187900,0
W06000010,Carmarthenshire,Does not apply,Not disabled under the Equality Act,0,187900,0
W06000010,Carmarthenshire,Straight or Heterosexual,Does not apply,0,187900,0
W06000010,Carmarthenshire,Straight or Heterosexual,Disabled under the Equality Act: Day-to-day activities limited a lot,17570,187900,9.350718467269825
W06000010,Carmarthenshire,Straight or Heterosexual,Disabled under the Equality Act: Day-to-day activities limited a little,18213,187900,9.692921766897285
W06000010,Carmarthenshire,Straight or Heterosexual,Not disabled under the Equality Act,103728,187900,55.20383182543906
W06000010,Carmarthenshire,Gay or Lesbian,Does not apply,0,187900,0
W06000010,Carmarthenshire,Gay or Lesbian,Disabled under the Equality Act: Day-to-day activities limited a lot,222,187900,0.11814795103778605
W06000010,Carmarthenshire,Gay or Lesbian,Disabled under the Equality Act: Day-to-day activities limited a little,282,187900,0.15007982969664715
W06000010,Carmarthenshire,Gay or Lesbian,Not disabled under the Equality Act,1341,187900,0.7136774880255455
W06000010,Carmarthenshire,Bisexual,Does not apply,0,187900,0
W06000010,Carmarthenshire,Bisexual,Disabled under the Equality Act: Day-to-day activities limited a lot,259,187900,0.1378392762107504
W06000010,Carmarthenshire,Bisexual,Disabled under the Equality Act: Day-to-day activities limited a little,388,187900,0.20649281532730177
W06000010,Carmarthenshire,Bisexual,Not disabled under the Equality Act,853,187900,0.45396487493347526
W06000010,Carmarthenshire,All other sexual orientations,Does not apply,0,187900,0
W06000010,Carmarthenshire,All other sexual orientations,Disabled under the Equality Act: Day-to-day activities limited a lot,65,187900,0.034592868547099524
W06000010,Carmarthenshire,All other sexual orientations,Disabled under the Equality Act: Day-to-day activities limited a little,100,187900,0.05321979776476849
W06000010,Carmarthenshire,All other sexual orientations,Not disabled under the Equality Act,158,187900,0.08408728046833422
W06000010,Carmarthenshire,Not answered,Does not apply,0,187900,0
W06000010,Carmarthenshire,Not answered,Disabled under the Equality Act: Day-to-day activities limited a lot,2258,187900,1.2017030335284726
W06000010,Carmarthenshire,Not answered,Disabled under the Equality Act: Day-to-day activities limited a little,1719,187900,0.9148483235763704
W06000010,Carmarthenshire,Not answered,Not disabled under the Equality Act,8330,187900,4.433209153805215
W06000011,Swansea,Does not apply,Does not apply,0,238500,0
W06000011,Swansea,Does not apply,Disabled under the Equality Act: Day-to-day activities limited a lot,0,238500,0
W06000011,Swansea,Does not apply,Disabled under the Equality Act: Day-to-day activities limited a little,0,238500,0
W06000011,Swansea,Does not apply,Not disabled under the Equality Act,0,238500,0
W06000011,Swansea,Straight or Heterosexual,Does not apply,0,238500,0
W06000011,Swansea,Straight or Heterosexual,Disabled under the Equality Act: Day-to-day activities limited a lot,21712,238500,9.10356394129979
W06000011,Swansea,Straight or Heterosexual,Disabled under the Equality Act: Day-to-day activities limited a little,21832,238500,9.153878406708595
W06000011,Swansea,Straight or Heterosexual,Not disabled under the Equality Act,132195,238500,55.42767295597484
W06000011,Swansea,Gay or Lesbian,Does not apply,0,238500,0
W06000011,Swansea,Gay or Lesbian,Disabled under the Equality Act: Day-to-day activities limited a lot,403,238500,0.1689727463312369
W06000011,Swansea,Gay or Lesbian,Disabled under the Equality Act: Day-to-day activities limited a little,526,238500,0.22054507337526205
W06000011,Swansea,Gay or Lesbian,Not disabled under the Equality Act,2216,238500,0.929140461215933
W06000011,Swansea,Bisexual,Does not apply,0,238500,0
W06000011,Swansea,Bisexual,Disabled under the Equality Act: Day-to-day activities limited a lot,402,238500,0.16855345911949685
W06000011,Swansea,Bisexual,Disabled under the Equality Act: Day-to-day activities limited a little,795,238500,0.3333333333333333
W06000011,Swansea,Bisexual,Not disabled under the Equality Act,1775,238500,0.7442348008385744
W06000011,Swansea,All other sexual orientations,Does not apply,0,238500,0
W06000011,Swansea,All other sexual orientations,Disabled under the Equality Act: Day-to-day activities limited a lot,124,238500,0.0519916142557652
W06000011,Swansea,All other sexual orientations,Disabled under the Equality Act: Day-to-day activities limited a little,176,238500,0.07379454926624739
W06000011,Swansea,All other sexual orientations,Not disabled under the Equality Act,289,238500,0.12117400419287212
W06000011,Swansea,Not answered,Does not apply,0,238500,0
W06000011,Swansea,Not answered,Disabled under the Equality Act: Day-to-day activities limited a lot,2526,238500,1.059119496855346
W06000011,Swansea,Not answered,Disabled under the Equality Act: Day-to-day activities limited a little,2085,238500,0.8742138364779874
W06000011,Swansea,Not answered,Not disabled under the Equality Act,10803,238500,4.529559748427673
W06000012,Neath Port Talbot,Does not apply,Does not apply,0,142300,0
W06000012,Neath Port Talbot,Does not apply,Disabled under the Equality Act: Day-to-day activities limited a lot,0,142300,0
W06000012,Neath Port Talbot,Does not apply,Disabled under the Equality Act: Day-to-day activities limited a little,0,142300,0
W06000012,Neath Port Talbot,Does not apply,Not disabled under the Equality Act,0,142300,0
W06000012,Neath Port Talbot,Straight or Heterosexual,Does not apply,0,142300,0
W06000012,Neath Port Talbot,Straight or Heterosexual,Disabled under the Equality Act: Day-to-day activities limited a lot,15578,142300,10.94729444834856
W06000012,Neath Port Talbot,Straight or Heterosexual,Disabled under the Equality Act: Day-to-day activities limited a little,13857,142300,9.73787772312017
W06000012,Neath Port Talbot,Straight or Heterosexual,Not disabled under the Equality Act,75713,142300,53.20660576247365
W06000012,Neath Port Talbot,Gay or Lesbian,Does not apply,0,142300,0
W06000012,Neath Port Talbot,Gay or Lesbian,Disabled under the Equality Act: Day-to-day activities limited a lot,271,142300,0.1904427266338721
W06000012,Neath Port Talbot,Gay or Lesbian,Disabled under the Equality Act: Day-to-day activities limited a little,319,142300,0.2241742796907941
W06000012,Neath Port Talbot,Gay or Lesbian,Not disabled under the Equality Act,1257,142300,0.8833450456781448
W06000012,Neath Port Talbot,Bisexual,Does not apply,0,142300,0
W06000012,Neath Port Talbot,Bisexual,Disabled under the Equality Act: Day-to-day activities limited a lot,235,142300,0.1651440618411806
W06000012,Neath Port Talbot,Bisexual,Disabled under the Equality Act: Day-to-day activities limited a little,312,142300,0.21925509486999298
W06000012,Neath Port Talbot,Bisexual,Not disabled under the Equality Act,680,142300,0.47786366830639493
W06000012,Neath Port Talbot,All other sexual orientations,Does not apply,0,142300,0
W06000012,Neath Port Talbot,All other sexual orientations,Disabled under the Equality Act: Day-to-day activities limited a lot,63,142300,0.04427266338721012
W06000012,Neath Port Talbot,All other sexual orientations,Disabled under the Equality Act: Day-to-day activities limited a little,61,142300,0.04286718200983837
W06000012,Neath Port Talbot,All other sexual orientations,Not disabled under the Equality Act,107,142300,0.07519325368938862
W06000012,Neath Port Talbot,Not answered,Does not apply,0,142300,0
W06000012,Neath Port Talbot,Not answered,Disabled under the Equality Act: Day-to-day activities limited a lot,1710,142300,1.201686577652846
W06000012,Neath Port Talbot,Not answered,Disabled under the Equality Act: Day-to-day activities limited a little,1234,142300,0.8671820098383697
W06000012,Neath Port Talbot,Not answered,Not disabled under the Equality Act,5789,142300,4.06816584680253
W06000013,Bridgend,Does not apply,Does not apply,0,145500,0
W06000013,Bridgend,Does not apply,Disabled under the Equality Act: Day-to-day activities limited a lot,0,145500,0
W06000013,Bridgend,Does not apply,Disabled under the Equality Act: Day-to-day activities limited a little,0,145500,0
W06000013,Bridgend,Does not apply,Not disabled under the Equality Act,0,145500,0
W06000013,Bridgend,Straight or Heterosexual,Does not apply,0,145500,0
W06000013,Bridgend,Straight or Heterosexual,Disabled under the Equality Act: Day-to-day activities limited a lot,13619,145500,9.360137457044674
W06000013,Bridgend,Straight or Heterosexual,Disabled under the Equality Act: Day-to-day activities limited a little,13916,145500,9.56426116838488
W06000013,Bridgend,Straight or Heterosexual,Not disabled under the Equality Act,81236,145500,55.83230240549828
W06000013,Bridgend,Gay or Lesbian,Does not apply,0,145500,0
W06000013,Bridgend,Gay or Lesbian,Disabled under the Equality Act: Day-to-day activities limited a lot,181,145500,0.12439862542955327
W06000013,Bridgend,Gay or Lesbian,Disabled under the Equality Act: Day-to-day activities limited a little,239,145500,0.16426116838487972
W06000013,Bridgend,Gay or Lesbian,Not disabled under the Equality Act,1199,145500,0.8240549828178694
W06000013,Bridgend,Bisexual,Does not apply,0,145500,0
W06000013,Bridgend,Bisexual,Disabled under the Equality Act: Day-to-day activities limited a lot,161,145500,0.11065292096219931
W06000013,Bridgend,Bisexual,Disabled under the Equality Act: Day-to-day activities limited a little,292,145500,0.2006872852233677
W06000013,Bridgend,Bisexual,Not disabled under the Equality Act,677,145500,0.4652920962199313
W06000013,Bridgend,All other sexual orientations,Does not apply,0,145500,0
W06000013,Bridgend,All other sexual orientations,Disabled under the Equality Act: Day-to-day activities limited a lot,56,145500,0.03848797250859107
W06000013,Bridgend,All other sexual orientations,Disabled under the Equality Act: Day-to-day activities limited a little,64,145500,0.04398625429553265
W06000013,Bridgend,All other sexual orientations,Not disabled under the Equality Act,114,145500,0.07835051546391752
W06000013,Bridgend,Not answered,Does not apply,0,145500,0
W06000013,Bridgend,Not answered,Disabled under the Equality Act: Day-to-day activities limited a lot,1490,145500,1.0240549828178693
W06000013,Bridgend,Not answered,Disabled under the Equality Act: Day-to-day activities limited a little,1028,145500,0.7065292096219932
W06000013,Bridgend,Not answered,Not disabled under the Equality Act,5211,145500,3.5814432989690723
W06000014,Vale of Glamorgan,Does not apply,Does not apply,0,131800,0
W06000014,Vale of Glamorgan,Does not apply,Disabled under the Equality Act: Day-to-day activities limited a lot,0,131800,0
W06000014,Vale of Glamorgan,Does not apply,Disabled under the Equality Act: Day-to-day activities limited a little,0,131800,0
W06000014,Vale of Glamorgan,Does not apply,Not disabled under the Equality Act,0,131800,0
W06000014,Vale of Glamorgan,Straight or Heterosexual,Does not apply,0,131800,0
W06000014,Vale of Glamorgan,Straight or Heterosexual,Disabled under the Equality Act: Day-to-day activities limited a lot,9588,131800,7.2746585735963585
W06000014,Vale of Glamorgan,Straight or Heterosexual,Disabled under the Equality Act: Day-to-day activities limited a little,11845,131800,8.98710166919575
W06000014,Vale of Glamorgan,Straight or Heterosexual,Not disabled under the Equality Act,75639,131800,57.389226100151745
W06000014,Vale of Glamorgan,Gay or Lesbian,Does not apply,0,131800,0
W06000014,Vale of Glamorgan,Gay or Lesbian,Disabled under the Equality Act: Day-to-day activities limited a lot,134,131800,0.10166919575113809
W06000014,Vale of Glamorgan,Gay or Lesbian,Disabled under the Equality Act: Day-to-day activities limited a little,283,131800,0.21471927162367224
W06000014,Vale of Glamorgan,Gay or Lesbian,Not disabled under the Equality Act,1386,131800,1.0515933232169954
W06000014,Vale of Glamorgan,Bisexual,Does not apply,0,131800,0
W06000014,Vale of Glamorgan,Bisexual,Disabled under the Equality Act: Day-to-day activities limited a lot,131,131800,0.09939301972685888
W06000014,Vale of Glamorgan,Bisexual,Disabled under the Equality Act: Day-to-day activities limited a little,323,131800,0.24506828528072838
W06000014,Vale of Glamorgan,Bisexual,Not disabled under the Equality Act,758,131800,0.575113808801214
W06000014,Vale of Glamorgan,All other sexual orientations,Does not apply,0,131800,0
W06000014,Vale of Glamorgan,All other sexual orientations,Disabled under the Equality Act: Day-to-day activities limited a lot,56,131800,0.042488619119878605
W06000014,Vale of Glamorgan,All other sexual orientations,Disabled under the Equality Act: Day-to-day activities limited a little,73,131800,0.05538694992412747
W06000014,Vale of Glamorgan,All other sexual orientations,Not disabled under the Equality Act,152,131800,0.11532625189681335
W06000014,Vale of Glamorgan,Not answered,Does not apply,0,131800,0
W06000014,Vale of Glamorgan,Not answered,Disabled under the Equality Act: Day-to-day activities limited a lot,1172,131800,0.8892261001517451
W06000014,Vale of Glamorgan,Not answered,Disabled under the Equality Act: Day-to-day activities limited a little,975,131800,0.7397572078907435
W06000014,Vale of Glamorgan,Not answered,Not disabled under the Equality Act,4943,131800,3.750379362670713
W06000015,Cardiff,Does not apply,Does not apply,0,362400,0
W06000015,Cardiff,Does not apply,Disabled under the Equality Act: Day-to-day activities limited a lot,0,362400,0
W06000015,Cardiff,Does not apply,Disabled under the Equality Act: Day-to-day activities limited a little,0,362400,0
W06000015,Cardiff,Does not apply,Not disabled under the Equality Act,0,362400,0
W06000015,Cardiff,Straight or Heterosexual,Does not apply,0,362400,0
W06000015,Cardiff,Straight or Heterosexual,Disabled under the Equality Act: Day-to-day activities limited a lot,23837,362400,6.577538631346578
W06000015,Cardiff,Straight or Heterosexual,Disabled under the Equality Act: Day-to-day activities limited a little,29051,362400,8.016280353200884
W06000015,Cardiff,Straight or Heterosexual,Not disabled under the Equality Act,204938,362400,56.55022075055188
W06000015,Cardiff,Gay or Lesbian,Does not apply,0,362400,0
W06000015,Cardiff,Gay or Lesbian,Disabled under the Equality Act: Day-to-day activities limited a lot,546,362400,0.15066225165562913
W06000015,Cardiff,Gay or Lesbian,Disabled under the Equality Act: Day-to-day activities limited a little,1153,362400,0.3181567328918322
W06000015,Cardiff,Gay or Lesbian,Not disabled under the Equality Act,5476,362400,1.511037527593819
W06000015,Cardiff,Bisexual,Does not apply,0,362400,0
W06000015,Cardiff,Bisexual,Disabled under the Equality Act: Day-to-day activities limited a lot,627,362400,0.17301324503311258
W06000015,Cardiff,Bisexual,Disabled under the Equality Act: Day-to-day activities limited a little,1855,362400,0.5118653421633554
W06000015,Cardiff,Bisexual,Not disabled under the Equality Act,4545,362400,1.2541390728476822
W06000015,Cardiff,All other sexual orientations,Does not apply,0,362400,0
W06000015,Cardiff,All other sexual orientations,Disabled under the Equality Act: Day-to-day activities limited a lot,200,362400,0.05518763796909492
W06000015,Cardiff,All other sexual orientations,Disabled under the Equality Act: Day-to-day activities limited a little,467,362400,0.12886313465783664
W06000015,Cardiff,All other sexual orientations,Not disabled under the Equality Act,939,362400,0.2591059602649007
W06000015,Cardiff,Not answered,Does not apply,0,362400,0
W06000015,Cardiff,Not answered,Disabled under the Equality Act: Day-to-day activities limited a lot,2959,362400,0.8165011037527594
W06000015,Cardiff,Not answered,Disabled under the Equality Act: Day-to-day activities limited a little,2865,362400,0.7905629139072847
W06000015,Cardiff,Not answered,Not disabled under the Equality Act,16855,362400,4.6509381898454745
W06000016,Rhondda Cynon Taf,Does not apply,Does not apply,0,237700,0
W06000016,Rhondda Cynon Taf,Does not apply,Disabled under the Equality Act: Day-to-day activities limited a lot,0,237700,0
W06000016,Rhondda Cynon Taf,Does not apply,Disabled under the Equality Act: Day-to-day activities limited a little,0,237700,0
W06000016,Rhondda Cynon Taf,Does not apply,Not disabled under the Equality Act,0,237700,0
W06000016,Rhondda Cynon Taf,Straight or Heterosexual,Does not apply,0,237700,0
W06000016,Rhondda Cynon Taf,Straight or Heterosexual,Disabled under the Equality Act: Day-to-day activities limited a lot,23322,237700,9.811527135044173
W06000016,Rhondda Cynon Taf,Straight or Heterosexual,Disabled under the Equality Act: Day-to-day activities limited a little,22864,237700,9.618847286495583
W06000016,Rhondda Cynon Taf,Straight or Heterosexual,Not disabled under the Equality Act,128395,237700,54.015565839293224
W06000016,Rhondda Cynon Taf,Gay or Lesbian,Does not apply,0,237700,0
W06000016,Rhondda Cynon Taf,Gay or Lesbian,Disabled under the Equality Act: Day-to-day activities limited a lot,404,237700,0.16996213714766512
W06000016,Rhondda Cynon Taf,Gay or Lesbian,Disabled under the Equality Act: Day-to-day activities limited a little,482,237700,0.20277660917122423
W06000016,Rhondda Cynon Taf,Gay or Lesbian,Not disabled under the Equality Act,2061,237700,0.867059318468658
W06000016,Rhondda Cynon Taf,Bisexual,Does not apply,0,237700,0
W06000016,Rhondda Cynon Taf,Bisexual,Disabled under the Equality Act: Day-to-day activities limited a lot,344,237700,0.1447202355910812
W06000016,Rhondda Cynon Taf,Bisexual,Disabled under the Equality Act: Day-to-day activities limited a little,575,237700,0.2419015565839293
W06000016,Rhondda Cynon Taf,Bisexual,Not disabled under the Equality Act,1239,237700,0.5212452671434581
W06000016,Rhondda Cynon Taf,All other sexual orientations,Does not apply,0,237700,0
W06000016,Rhondda Cynon Taf,All other sexual orientations,Disabled under the Equality Act: Day-to-day activities limited a lot,78,237700,0.03281447202355911
W06000016,Rhondda Cynon Taf,All other sexual orientations,Disabled under the Equality Act: Day-to-day activities limited a little,131,237700,0.05511148506520824
W06000016,Rhondda Cynon Taf,All other sexual orientations,Not disabled under the Equality Act,206,237700,0.08666386201093816
W06000016,Rhondda Cynon Taf,Not answered,Does not apply,0,237700,0
W06000016,Rhondda Cynon Taf,Not answered,Disabled under the Equality Act: Day-to-day activities limited a lot,2683,237700,1.128733697938578
W06000016,Rhondda Cynon Taf,Not answered,Disabled under the Equality Act: Day-to-day activities limited a little,1999,237700,0.8409760201935212
W06000016,Rhondda Cynon Taf,Not answered,Not disabled under the Equality Act,9060,237700,3.8115271350441735
W06000018,Caerphilly,Does not apply,Does not apply,0,175900,0
W06000018,Caerphilly,Does not apply,Disabled under the Equality Act: Day-to-day activities limited a lot,0,175900,0
W06000018,Caerphilly,Does not apply,Disabled under the Equality Act: Day-to-day activities limited a little,0,175900,0
W06000018,Caerphilly,Does not apply,Not disabled under the Equality Act,0,175900,0
W06000018,Caerphilly,Straight or Heterosexual,Does not apply,0,175900,0
W06000018,Caerphilly,Straight or Heterosexual,Disabled under the Equality Act: Day-to-day activities limited a lot,17732,175900,10.080727686185332
W06000018,Caerphilly,Straight or Heterosexual,Disabled under the Equality Act: Day-to-day activities limited a little,16961,175900,9.642410460488914
W06000018,Caerphilly,Straight or Heterosexual,Not disabled under the Equality Act,95732,175900,54.424104604889145
W06000018,Caerphilly,Gay or Lesbian,Does not apply,0,175900,0
W06000018,Caerphilly,Gay or Lesbian,Disabled under the Equality Act: Day-to-day activities limited a lot,225,175900,0.12791358726549176
W06000018,Caerphilly,Gay or Lesbian,Disabled under the Equality Act: Day-to-day activities limited a little,291,175900,0.16543490619670267
W06000018,Caerphilly,Gay or Lesbian,Not disabled under the Equality Act,1425,175900,0.8101193860147812
W06000018,Caerphilly,Bisexual,Does not apply,0,175900,0
W06000018,Caerphilly,Bisexual,Disabled under the Equality Act: Day-to-day activities limited a lot,224,175900,0.1273450824332007
W06000018,Caerphilly,Bisexual,Disabled under the Equality Act: Day-to-day activities limited a little,345,175900,0.1961341671404207
W06000018,Caerphilly,Bisexual,Not disabled under the Equality Act,804,175900,0.45707788516202386
W06000018,Caerphilly,All other sexual orientations,Does not apply,0,175900,0
W06000018,Caerphilly,All other sexual orientations,Disabled under the Equality Act: Day-to-day activities limited a lot,56,175900,0.031836270608300174
W06000018,Caerphilly,All other sexual orientations,Disabled under the Equality Act: Day-to-day activities limited a little,90,175900,0.051165434906196704
W06000018,Caerphilly,All other sexual orientations,Not disabled under the Equality Act,114,175900,0.0648095508811825
W06000018,Caerphilly,Not answered,Does not apply,0,175900,0
W06000018,Caerphilly,Not answered,Disabled under the Equality Act: Day-to-day activities limited a lot,2000,175900,1.137009664582149
W06000018,Caerphilly,Not answered,Disabled under the Equality Act: Day-to-day activities limited a little,1410,175900,0.801591813530415
W06000018,Caerphilly,Not answered,Not disabled under the Equality Act,6074,175900,3.4530983513359863
W06000019,Blaenau Gwent,Does not apply,Does not apply,0,66900,0
W06000019,Blaenau Gwent,Does not apply,Disabled under the Equality Act: Day-to-day activities limited a lot,0,66900,0
W06000019,Blaenau Gwent,Does not apply,Disabled under the Equality Act: Day-to-day activities limited a little,0,66900,0
W06000019,Blaenau Gwent,Does not apply,Not disabled under the Equality Act,0,66900,0
W06000019,Blaenau Gwent,Straight or Heterosexual,Does not apply,0,66900,0
W06000019,Blaenau Gwent,Straight or Heterosexual,Disabled under the Equality Act: Day-to-day activities limited a lot,7528,66900,11.252615844544096
W06000019,Blaenau Gwent,Straight or Heterosexual,Disabled under the Equality Act: Day-to-day activities limited a little,6512,66900,9.733931240657698
W06000019,Blaenau Gwent,Straight or Heterosexual,Not disabled under the Equality Act,35913,66900,53.681614349775785
W06000019,Blaenau Gwent,Gay or Lesbian,Does not apply,0,66900,0
W06000019,Blaenau Gwent,Gay or Lesbian,Disabled under the Equality Act: Day-to-day activities limited a lot,91,66900,0.13602391629297458
W06000019,Blaenau Gwent,Gay or Lesbian,Disabled under the Equality Act: Day-to-day activities limited a little,90,66900,0.13452914798206278
W06000019,Blaenau Gwent,Gay or Lesbian,Not disabled under the Equality Act,540,66900,0.8071748878923767
W06000019,Blaenau Gwent,Bisexual,Does not apply,0,66900,0
W06000019,Blaenau Gwent,Bisexual,Disabled under the Equality Act: Day-to-day activities limited a lot,84,66900,0.12556053811659193
W06000019,Blaenau Gwent,Bisexual,Disabled under the Equality Act: Day-to-day activities limited a little,135,66900,0.20179372197309417
W06000019,Blaenau Gwent,Bisexual,Not disabled under the Equality Act,264,66900,0.39461883408071746
W06000019,Blaenau Gwent,All other sexual orientations,Does not apply,0,66900,0
W06000019,Blaenau Gwent,All other sexual orientations,Disabled under the Equality Act: Day-to-day activities limited a lot,20,66900,0.029895366218236172
W06000019,Blaenau Gwent,All other sexual orientations,Disabled under the Equality Act: Day-to-day activities limited a little,17,66900,0.025411061285500747
W06000019,Blaenau Gwent,All other sexual orientations,Not disabled under the Equality Act,37,66900,0.05530642750373692
W06000019,Blaenau Gwent,Not answered,Does not apply,0,66900,0
W06000019,Blaenau Gwent,Not answered,Disabled under the Equality Act: Day-to-day activities limited a lot,810,66900,1.210762331838565
W06000019,Blaenau Gwent,Not answered,Disabled under the Equality Act: Day-to-day activities limited a little,555,66900,0.8295964125560538
W06000019,Blaenau Gwent,Not answered,Not disabled under the Equality Act,2549,66900,3.8101644245142
W06000020,Torfaen,Does not apply,Does not apply,0,92300,0
W06000020,Torfaen,Does not apply,Disabled under the Equality Act: Day-to-day activities limited a lot,0,92300,0
W06000020,Torfaen,Does not apply,Disabled under the Equality Act: Day-to-day activities limited a little,0,92300,0
W06000020,Torfaen,Does not apply,Not disabled under the Equality Act,0,92300,0
W06000020,Torfaen,Straight or Heterosexual,Does not apply,0,92300,0
W06000020,Torfaen,Straight or Heterosexual,Disabled under the Equality Act: Day-to-day activities limited a lot,8631,92300,9.351029252437703
W06000020,Torfaen,Straight or Heterosexual,Disabled under the Equality Act: Day-to-day activities limited a little,9136,92300,9.898158179848322
W06000020,Torfaen,Straight or Heterosexual,Not disabled under the Equality Act,50126,92300,54.30769230769231
W06000020,Torfaen,Gay or Lesbian,Does not apply,0,92300,0
W06000020,Torfaen,Gay or Lesbian,Disabled under the Equality Act: Day-to-day activities limited a lot,163,92300,0.17659804983748645
W06000020,Torfaen,Gay or Lesbian,Disabled under the Equality Act: Day-to-day activities limited a little,149,92300,0.16143011917659805
W06000020,Torfaen,Gay or Lesbian,Not disabled under the Equality Act,769,92300,0.8331527627302275
W06000020,Torfaen,Bisexual,Does not apply,0,92300,0
W06000020,Torfaen,Bisexual,Disabled under the Equality Act: Day-to-day activities limited a lot,121,92300,0.13109425785482123
W06000020,Torfaen,Bisexual,Disabled under the Equality Act: Day-to-day activities limited a little,197,92300,0.2134344528710726
W06000020,Torfaen,Bisexual,Not disabled under the Equality Act,438,92300,0.4745395449620802
W06000020,Torfaen,All other sexual orientations,Does not apply,0,92300,0
W06000020,Torfaen,All other sexual orientations,Disabled under the Equality Act: Day-to-day activities limited a lot,35,92300,0.03791982665222102
W06000020,Torfaen,All other sexual orientations,Disabled under the Equality Act: Day-to-day activities limited a little,51,92300,0.0552546045503792
W06000020,Torfaen,All other sexual orientations,Not disabled under the Equality Act,64,92300,0.06933911159263272
W06000020,Torfaen,Not answered,Does not apply,0,92300,0
W06000020,Torfaen,Not answered,Disabled under the Equality Act: Day-to-day activities limited a lot,994,92300,1.0769230769230769
W06000020,Torfaen,Not answered,Disabled under the Equality Act: Day-to-day activities limited a little,798,92300,0.8645720476706392
W06000020,Torfaen,Not answered,Not disabled under the Equality Act,3441,92300,3.7280606717226434
W06000021,Monmouthshire,Does not apply,Does not apply,0,93000,0
W06000021,Monmouthshire,Does not apply,Disabled under the Equality Act: Day-to-day activities limited a lot,0,93000,0
W06000021,Monmouthshire,Does not apply,Disabled under the Equality Act: Day-to-day activities limited a little,0,93000,0
W06000021,Monmouthshire,Does not apply,Not disabled under the Equality Act,0,93000,0
W06000021,Monmouthshire,Straight or Heterosexual,Does not apply,0,93000,0
W06000021,Monmouthshire,Straight or Heterosexual,Disabled under the Equality Act: Day-to-day activities limited a lot,6336,93000,6.812903225806451
W06000021,Monmouthshire,Straight or Heterosexual,Disabled under the Equality Act: Day-to-day activities limited a little,8676,93000,9.329032258064515
W06000021,Monmouthshire,Straight or Heterosexual,Not disabled under the Equality Act,56013,93000,60.229032258064514
W06000021,Monmouthshire,Gay or Lesbian,Does not apply,0,93000,0
W06000021,Monmouthshire,Gay or Lesbian,Disabled under the Equality Act: Day-to-day activities limited a lot,93,93000,0.1
W06000021,Monmouthshire,Gay or Lesbian,Disabled under the Equality Act: Day-to-day activities limited a little,127,93000,0.13655913978494624
W06000021,Monmouthshire,Gay or Lesbian,Not disabled under the Equality Act,652,93000,0.7010752688172043
W06000021,Monmouthshire,Bisexual,Does not apply,0,93000,0
W06000021,Monmouthshire,Bisexual,Disabled under the Equality Act: Day-to-day activities limited a lot,90,93000,0.0967741935483871
W06000021,Monmouthshire,Bisexual,Disabled under the Equality Act: Day-to-day activities limited a little,208,93000,0.22365591397849463
W06000021,Monmouthshire,Bisexual,Not disabled under the Equality Act,465,93000,0.5
W06000021,Monmouthshire,All other sexual orientations,Does not apply,0,93000,0
W06000021,Monmouthshire,All other sexual orientations,Disabled under the Equality Act: Day-to-day activities limited a lot,25,93000,0.026881720430107527
W06000021,Monmouthshire,All other sexual orientations,Disabled under the Equality Act: Day-to-day activities limited a little,38,93000,0.04086021505376344
W06000021,Monmouthshire,All other sexual orientations,Not disabled under the Equality Act,93,93000,0.1
W06000021,Monmouthshire,Not answered,Does not apply,0,93000,0
W06000021,Monmouthshire,Not answered,Disabled under the Equality Act: Day-to-day activities limited a lot,804,93000,0.864516129032258
W06000021,Monmouthshire,Not answered,Disabled under the Equality Act: Day-to-day activities limited a little,766,93000,0.8236559139784946
W06000021,Monmouthshire,Not answered,Not disabled under the Equality Act,3853,93000,4.143010752688172
W06000022,Newport,Does not apply,Does not apply,0,159600,0
W06000022,Newport,Does not apply,Disabled under the Equality Act: Day-to-day activities limited a lot,0,159600,0
W06000022,Newport,Does not apply,Disabled under the Equality Act: Day-to-day activities limited a little,0,159600,0
W06000022,Newport,Does not apply,Not disabled under the Equality Act,0,159600,0
W06000022,Newport,Straight or Heterosexual,Does not apply,0,159600,0
W06000022,Newport,Straight or Heterosexual,Disabled under the Equality Act: Day-to-day activities limited a lot,12426,159600,7.785714285714286
W06000022,Newport,Straight or Heterosexual,Disabled under the Equality Act: Day-to-day activities limited a little,13544,159600,8.486215538847118
W06000022,Newport,Straight or Heterosexual,Not disabled under the Equality Act,89057,159600,55.80012531328321
W06000022,Newport,Gay or Lesbian,Does not apply,0,159600,0
W06000022,Newport,Gay or Lesbian,Disabled under the Equality Act: Day-to-day activities limited a lot,208,159600,0.13032581453634084
W06000022,Newport,Gay or Lesbian,Disabled under the Equality Act: Day-to-day activities limited a little,298,159600,0.18671679197994986
W06000022,Newport,Gay or Lesbian,Not disabled under the Equality Act,1402,159600,0.8784461152882206
W06000022,Newport,Bisexual,Does not apply,0,159600,0
W06000022,Newport,Bisexual,Disabled under the Equality Act: Day-to-day activities limited a lot,158,159600,0.09899749373433583
W06000022,Newport,Bisexual,Disabled under the Equality Act: Day-to-day activities limited a little,351,159600,0.2199248120300752
W06000022,Newport,Bisexual,Not disabled under the Equality Act,885,159600,0.5545112781954887
W06000022,Newport,All other sexual orientations,Does not apply,0,159600,0
W06000022,Newport,All other sexual orientations,Disabled under the Equality Act: Day-to-day activities limited a lot,63,159600,0.039473684210526314
W06000022,Newport,All other sexual orientations,Disabled under the Equality Act: Day-to-day activities limited a little,78,159600,0.04887218045112782
W06000022,Newport,All other sexual orientations,Not disabled under the Equality Act,232,159600,0.14536340852130325
W06000022,Newport,Not answered,Does not apply,0,159600,0
W06000022,Newport,Not answered,Disabled under the Equality Act: Day-to-day activities limited a lot,1349,159600,0.8452380952380952
W06000022,Newport,Not answered,Disabled under the Equality Act: Day-to-day activities limited a little,1061,159600,0.6647869674185464
W06000022,Newport,Not answered,Not disabled under the Equality Act,6314,159600,3.956140350877193
W06000023,Powys,Does not apply,Does not apply,0,133200,0
W06000023,Powys,Does not apply,Disabled under the Equality Act: Day-to-day activities limited a lot,0,133200,0
W06000023,Powys,Does not apply,Disabled under the Equality Act: Day-to-day activities limited a little,0,133200,0
W06000023,Powys,Does not apply,Not disabled under the Equality Act,0,133200,0
W06000023,Powys,Straight or Heterosexual,Does not apply,0,133200,0
W06000023,Powys,Straight or Heterosexual,Disabled under the Equality Act: Day-to-day activities limited a lot,9370,133200,7.034534534534535
W06000023,Powys,Straight or Heterosexual,Disabled under the Equality Act: Day-to-day activities limited a little,12886,133200,9.674174174174174
W06000023,Powys,Straight or Heterosexual,Not disabled under the Equality Act,77907,133200,58.48873873873874
W06000023,Powys,Gay or Lesbian,Does not apply,0,133200,0
W06000023,Powys,Gay or Lesbian,Disabled under the Equality Act: Day-to-day activities limited a lot,127,133200,0.09534534534534535
W06000023,Powys,Gay or Lesbian,Disabled under the Equality Act: Day-to-day activities limited a little,195,133200,0.1463963963963964
W06000023,Powys,Gay or Lesbian,Not disabled under the Equality Act,883,133200,0.6629129129129129
W06000023,Powys,Bisexual,Does not apply,0,133200,0
W06000023,Powys,Bisexual,Disabled under the Equality Act: Day-to-day activities limited a lot,152,133200,0.11411411411411411
W06000023,Powys,Bisexual,Disabled under the Equality Act: Day-to-day activities limited a little,264,133200,0.1981981981981982
W06000023,Powys,Bisexual,Not disabled under the Equality Act,644,133200,0.48348348348348347
W06000023,Powys,All other sexual orientations,Does not apply,0,133200,0
W06000023,Powys,All other sexual orientations,Disabled under the Equality Act: Day-to-day activities limited a lot,71,133200,0.0533033033033033
W06000023,Powys,All other sexual orientations,Disabled under the Equality Act: Day-to-day activities limited a little,65,133200,0.048798798798798795
W06000023,Powys,All other sexual orientations,Not disabled under the Equality Act,140,133200,0.10510510510510511
W06000023,Powys,Not answered,Does not apply,0,133200,0
W06000023,Powys,Not answered,Disabled under the Equality Act: Day-to-day activities limited a lot,1449,133200,1.087837837837838
W06000023,Powys,Not answered,Disabled under the Equality Act: Day-to-day activities limited a little,1268,133200,0.9519519519519519
W06000023,Powys,Not answered,Not disabled under the Equality Act,7115,133200,5.341591591591592
W06000024,Merthyr Tydfil,Does not apply,Does not apply,0,58800,0
W06000024,Merthyr Tydfil,Does not apply,Disabled under the Equality Act: Day-to-day activities limited a lot,0,58800,0
W06000024,Merthyr Tydfil,Does not apply,Disabled under the Equality Act: Day-to-day activities limited a little,0,58800,0
W06000024,Merthyr Tydfil,Does not apply,Not disabled under the Equality Act,0,58800,0
W06000024,Merthyr Tydfil,Straight or Heterosexual,Does not apply,0,58800,0
W06000024,Merthyr Tydfil,Straight or Heterosexual,Disabled under the Equality Act: Day-to-day activities limited a lot,6392,58800,10.870748299319727
W06000024,Merthyr Tydfil,Straight or Heterosexual,Disabled under the Equality Act: Day-to-day activities limited a little,5420,58800,9.217687074829932
W06000024,Merthyr Tydfil,Straight or Heterosexual,Not disabled under the Equality Act,31824,58800,54.12244897959184
W06000024,Merthyr Tydfil,Gay or Lesbian,Does not apply,0,58800,0
W06000024,Merthyr Tydfil,Gay or Lesbian,Disabled under the Equality Act: Day-to-day activities limited a lot,96,58800,0.16326530612244897
W06000024,Merthyr Tydfil,Gay or Lesbian,Disabled under the Equality Act: Day-to-day activities limited a little,98,58800,0.16666666666666666
W06000024,Merthyr Tydfil,Gay or Lesbian,Not disabled under the Equality Act,487,58800,0.8282312925170068
W06000024,Merthyr Tydfil,Bisexual,Does not apply,0,58800,0
W06000024,Merthyr Tydfil,Bisexual,Disabled under the Equality Act: Day-to-day activities limited a lot,74,58800,0.12585034013605442
W06000024,Merthyr Tydfil,Bisexual,Disabled under the Equality Act: Day-to-day activities limited a little,81,58800,0.1377551020408163
W06000024,Merthyr Tydfil,Bisexual,Not disabled under the Equality Act,206,58800,0.35034013605442177
W06000024,Merthyr Tydfil,All other sexual orientations,Does not apply,0,58800,0
W06000024,Merthyr Tydfil,All other sexual orientations,Disabled under the Equality Act: Day-to-day activities limited a lot,14,58800,0.023809523809523808
W06000024,Merthyr Tydfil,All other sexual orientations,Disabled under the Equality Act: Day-to-day activities limited a little,27,58800,0.04591836734693878
W06000024,Merthyr Tydfil,All other sexual orientations,Not disabled under the Equality Act,46,58800,0.0782312925170068
W06000024,Merthyr Tydfil,Not answered,Does not apply,0,58800,0
W06000024,Merthyr Tydfil,Not answered,Disabled under the Equality Act: Day-to-day activities limited a lot,596,58800,1.0136054421768708
W06000024,Merthyr Tydfil,Not answered,Disabled under the Equality Act: Day-to-day activities limited a little,351,58800,0.5969387755102041
W06000024,Merthyr Tydfil,Not answered,Not disabled under the Equality Act,1964,58800,3.3401360544217686
