area_code,area_name,sexual_orientation,n,population,percentage
E06000001,Hartlepool,Does not apply,0,92300,0
E06000001,Hartlepool,Does not apply,0,92300,0
E06000001,Hartlepool,Does not apply,0,92300,0
E06000001,Hartlepool,Does not apply,0,92300,0
E06000001,Hartlepool,Does not apply,0,92300,0
E06000001,Hartlepool,Straight or Heterosexual,0,92300,0
E06000001,Hartlepool,Straight or Heterosexual,59456,92300,64.4160346695558
E06000001,Hartlepool,Straight or Heterosexual,3239,92300,3.5092091007583965
E06000001,Hartlepool,Straight or Heterosexual,2287,92300,2.4777898158179847
E06000001,Hartlepool,Straight or Heterosexual,3088,92300,3.345612134344529
E06000001,Hartlepool,Gay or Lesbian,0,92300,0
E06000001,Hartlepool,Gay or Lesbian,992,92300,1.074756229685807
E06000001,Hartlepool,Gay or Lesbian,65,92300,0.07042253521126761
E06000001,Hartlepool,Gay or Lesbian,36,92300,0.0390032502708559
E06000001,Hartlepool,Gay or Lesbian,28,92300,0.030335861321776816
E06000001,Hartlepool,Bisexual,0,92300,0
E06000001,Hartlepool,Bisexual,685,92300,0.742145178764897
E06000001,Hartlepool,Bisexual,41,92300,0.044420368364030335
E06000001,Hartlepool,Bisexual,32,92300,0.03466955579631636
E06000001,Hartlepool,Bisexual,26,92300,0.028169014084507043
E06000001,Hartlepool,All other sexual orientations,0,92300,0
E06000001,Hartlepool,All other sexual orientations,132,92300,0.14301191765980498
E06000001,Hartlepool,All other sexual orientations,6,92300,0.0065005417118093175
E06000001,Hartlepool,All other sexual orientations,6,92300,0.0065005417118093175
E06000001,Hartlepool,All other sexual orientations,13,92300,0.014084507042253521
E06000001,Hartlepool,Not answered,0,92300,0
E06000001,Hartlepool,Not answered,4056,92300,4.394366197183099
E06000001,Hartlepool,Not answered,169,92300,0.18309859154929578
E06000001,Hartlepool,Not answered,123,92300,0.13326110509209102
E06000001,Hartlepool,Not answered,206,92300,0.22318526543878656
E06000002,Middlesbrough,Does not apply,0,143900,0
E06000002,Middlesbrough,Does not apply,0,143900,0
E06000002,Middlesbrough,Does not apply,0,143900,0
E06000002,Middlesbrough,Does not apply,0,143900,0
E06000002,Middlesbrough,Does not apply,0,143900,0
E06000002,Middlesbrough,Straight or Heterosexual,0,143900,0
E06000002,Middlesbrough,Straight or Heterosexual,90866,143900,63.14523974982627
E06000002,Middlesbrough,Straight or Heterosexual,4157,143900,2.8888116747741486
E06000002,Middlesbrough,Straight or Heterosexual,2988,143900,2.0764419735927726
E06000002,Middlesbrough,Straight or Heterosexual,4016,143900,2.7908269631688674
E06000002,Middlesbrough,Gay or Lesbian,0,143900,0
E06000002,Middlesbrough,Gay or Lesbian,1567,143900,1.088950660180681
E06000002,Middlesbrough,Gay or Lesbian,97,143900,0.06740792216817235
E06000002,Middlesbrough,Gay or Lesbian,64,143900,0.04447533009034051
E06000002,Middlesbrough,Gay or Lesbian,59,143900,0.04100069492703266
E06000002,Middlesbrough,Bisexual,0,143900,0
E06000002,Middlesbrough,Bisexual,1241,143900,0.862404447533009
E06000002,Middlesbrough,Bisexual,82,143900,0.05698401667824878
E06000002,Middlesbrough,Bisexual,35,143900,0.024322446143154968
E06000002,Middlesbrough,Bisexual,27,143900,0.018763029881862403
E06000002,Middlesbrough,All other sexual orientations,0,143900,0
E06000002,Middlesbrough,All other sexual orientations,397,143900,0.2758860319666435
E06000002,Middlesbrough,All other sexual orientations,26,143900,0.018068102849200834
E06000002,Middlesbrough,All other sexual orientations,9,143900,0.006254343293954135
E06000002,Middlesbrough,All other sexual orientations,9,143900,0.006254343293954135
E06000002,Middlesbrough,Not answered,0,143900,0
E06000002,Middlesbrough,Not answered,7544,143900,5.242529534398888
E06000002,Middlesbrough,Not answered,266,143900,0.18485059068797777
E06000002,Middlesbrough,Not answered,215,143900,0.14940931202223767
E06000002,Middlesbrough,Not answered,275,143900,0.1911049339819319
E06000003,Redcar and Cleveland,Does not apply,0,136500,0
E06000003,Redcar and Cleveland,Does not apply,0,136500,0
E06000003,Redcar and Cleveland,Does not apply,0,136500,0
E06000003,Redcar and Cleveland,Does not apply,0,136500,0
E06000003,Redcar and Cleveland,Does not apply,0,136500,0
E06000003,Redcar and Cleveland,Straight or Heterosexual,0,136500,0
E06000003,Redcar and Cleveland,Straight or Heterosexual,90084,136500,65.99560439560439
E06000003,Redcar and Cleveland,Straight or Heterosexual,4992,136500,3.657142857142857
E06000003,Redcar and Cleveland,Straight or Heterosexual,2931,136500,2.147252747252747
E06000003,Redcar and Cleveland,Straight or Heterosexual,4554,136500,3.3362637362637364
E06000003,Redcar and Cleveland,Gay or Lesbian,0,136500,0
E06000003,Redcar and Cleveland,Gay or Lesbian,1318,136500,0.9655677655677656
E06000003,Redcar and Cleveland,Gay or Lesbian,76,136500,0.05567765567765568
E06000003,Redcar and Cleveland,Gay or Lesbian,43,136500,0.0315018315018315
E06000003,Redcar and Cleveland,Gay or Lesbian,53,136500,0.03882783882783883
E06000003,Redcar and Cleveland,Bisexual,0,136500,0
E06000003,Redcar and Cleveland,Bisexual,881,136500,0.6454212454212455
E06000003,Redcar and Cleveland,Bisexual,53,136500,0.03882783882783883
E06000003,Redcar and Cleveland,Bisexual,33,136500,0.024175824175824177
E06000003,Redcar and Cleveland,Bisexual,28,136500,0.020512820512820513
E06000003,Redcar and Cleveland,All other sexual orientations,0,136500,0
E06000003,Redcar and Cleveland,All other sexual orientations,212,136500,0.15531135531135531
E06000003,Redcar and Cleveland,All other sexual orientations,12,136500,0.008791208791208791
E06000003,Redcar and Cleveland,All other sexual orientations,11,136500,0.00805860805860806
E06000003,Redcar and Cleveland,All other sexual orientations,14,136500,0.010256410256410256
E06000003,Redcar and Cleveland,Not answered,0,136500,0
E06000003,Redcar and Cleveland,Not answered,6216,136500,4.553846153846154
E06000003,Redcar and Cleveland,Not answered,287,136500,0.21025641025641026
E06000003,Redcar and Cleveland,Not answered,205,136500,0.15018315018315018
E06000003,Redcar and Cleveland,Not answered,337,136500,0.2468864468864469
E06000004,Stockton-on-Tees,Does not apply,0,196600,0
E06000004,Stockton-on-Tees,Does not apply,0,196600,0
E06000004,Stockton-on-Tees,Does not apply,0,196600,0
E06000004,Stockton-on-Tees,Does not apply,0,196600,0
E06000004,Stockton-on-Tees,Does not apply,0,196600,0
E06000004,Stockton-on-Tees,Straight or Heterosexual,0,196600,0
E06000004,Stockton-on-Tees,Straight or Heterosexual,128051,196600,65.13275686673448
E06000004,Stockton-on-Tees,Straight or Heterosexual,7039,196600,3.5803662258392674
E06000004,Stockton-on-Tees,Straight or Heterosexual,3842,196600,1.9542217700915565
E06000004,Stockton-on-Tees,Straight or Heterosexual,5729,196600,2.914038657171923
E06000004,Stockton-on-Tees,Gay or Lesbian,0,196600,0
E06000004,Stockton-on-Tees,Gay or Lesbian,2060,196600,1.0478128179043744
E06000004,Stockton-on-Tees,Gay or Lesbian,100,196600,0.0508646998982706
E06000004,Stockton-on-Tees,Gay or Lesbian,67,196600,0.0340793489318413
E06000004,Stockton-on-Tees,Gay or Lesbian,56,196600,0.028484231943031537
E06000004,Stockton-on-Tees,Bisexual,0,196600,0
E06000004,Stockton-on-Tees,Bisexual,1310,196600,0.6663275686673449
E06000004,Stockton-on-Tees,Bisexual,73,196600,0.037131230925737536
E06000004,Stockton-on-Tees,Bisexual,38,196600,0.019328585961342827
E06000004,Stockton-on-Tees,Bisexual,47,196600,0.023906408952187184
E06000004,Stockton-on-Tees,All other sexual orientations,0,196600,0
E06000004,Stockton-on-Tees,All other sexual orientations,288,196600,0.14649033570701933
E06000004,Stockton-on-Tees,All other sexual orientations,11,196600,0.005595116988809766
E06000004,Stockton-on-Tees,All other sexual orientations,13,196600,0.006612410986775178
E06000004,Stockton-on-Tees,All other sexual orientations,14,196600,0.007121057985757884
E06000004,Stockton-on-Tees,Not answered,0,196600,0
E06000004,Stockton-on-Tees,Not answered,8390,196600,4.267548321464903
E06000004,Stockton-on-Tees,Not answered,330,196600,0.167853509664293
E06000004,Stockton-on-Tees,Not answered,236,196600,0.12004069175991862
E06000004,Stockton-on-Tees,Not answered,310,196600,0.15768056968463887
E06000005,Darlington,Does not apply,0,107800,0
E06000005,Darlington,Does not apply,0,107800,0
E06000005,Darlington,Does not apply,0,107800,0
E06000005,Darlington,Does not apply,0,107800,0
E06000005,Darlington,Does not apply,0,107800,0
E06000005,Darlington,Straight or Heterosexual,0,107800,0
E06000005,Darlington,Straight or Heterosexual,71725,107800,66.5352504638219
E06000005,Darlington,Straight or Heterosexual,4092,107800,3.795918367346939
E06000005,Darlington,Straight or Heterosexual,1913,107800,1.774582560296846
E06000005,Darlington,Straight or Heterosexual,2819,107800,2.6150278293135436
E06000005,Darlington,Gay or Lesbian,0,107800,0
E06000005,Darlington,Gay or Lesbian,1168,107800,1.0834879406307978
E06000005,Darlington,Gay or Lesbian,83,107800,0.07699443413729128
E06000005,Darlington,Gay or Lesbian,45,107800,0.041743970315398886
E06000005,Darlington,Gay or Lesbian,40,107800,0.03710575139146568
E06000005,Darlington,Bisexual,0,107800,0
E06000005,Darlington,Bisexual,875,107800,0.8116883116883117
E06000005,Darlington,Bisexual,56,107800,0.05194805194805195
E06000005,Darlington,Bisexual,28,107800,0.025974025974025976
E06000005,Darlington,Bisexual,31,107800,0.0287569573283859
E06000005,Darlington,All other sexual orientations,0,107800,0
E06000005,Darlington,All other sexual orientations,191,107800,0.17717996289424862
E06000005,Darlington,All other sexual orientations,9,107800,0.008348794063079777
E06000005,Darlington,All other sexual orientations,13,107800,0.012059369202226345
E06000005,Darlington,All other sexual orientations,11,107800,0.01020408163265306
E06000005,Darlington,Not answered,0,107800,0
E06000005,Darlington,Not answered,4511,107800,4.184601113172541
E06000005,Darlington,Not answered,219,107800,0.20315398886827457
E06000005,Darlington,Not answered,90,107800,0.08348794063079777
E06000005,Darlington,Not answered,190,107800,0.17625231910946196
E06000006,Halton,Does not apply,0,128200,0
E06000006,Halton,Does not apply,0,128200,0
E06000006,Halton,Does not apply,0,128200,0
E06000006,Halton,Does not apply,0,128200,0
E06000006,Halton,Does not apply,0,128200,0
E06000006,Halton,Straight or Heterosexual,0,128200,0
E06000006,Halton,Straight or Heterosexual,83212,128200,64.90795631825273
E06000006,Halton,Straight or Heterosexual,4978,128200,3.8829953198127924
E06000006,Halton,Straight or Heterosexual,2978,128200,2.3229329173166926
E06000006,Halton,Straight or Heterosexual,4364,128200,3.4040561622464898
E06000006,Halton,Gay or Lesbian,0,128200,0
E06000006,Halton,Gay or Lesbian,1358,128200,1.0592823712948518
E06000006,Halton,Gay or Lesbian,108,128200,0.0842433697347894
E06000006,Halton,Gay or Lesbian,48,128200,0.0374414976599064
E06000006,Halton,Gay or Lesbian,42,128200,0.0327613104524181
E06000006,Halton,Bisexual,0,128200,0
E06000006,Halton,Bisexual,842,128200,0.656786271450858
E06000006,Halton,Bisexual,53,128200,0.041341653666146644
E06000006,Halton,Bisexual,49,128200,0.038221528861154444
E06000006,Halton,Bisexual,35,128200,0.027301092043681748
E06000006,Halton,All other sexual orientations,0,128200,0
E06000006,Halton,All other sexual orientations,176,128200,0.1372854914196568
E06000006,Halton,All other sexual orientations,14,128200,0.0109204368174727
E06000006,Halton,All other sexual orientations,8,128200,0.0062402496099844
E06000006,Halton,All other sexual orientations,8,128200,0.0062402496099844
E06000006,Halton,Not answered,0,128200,0
E06000006,Halton,Not answered,5012,128200,3.909516380655226
E06000006,Halton,Not answered,229,128200,0.17862714508580343
E06000006,Halton,Not answered,175,128200,0.13650546021840873
E06000006,Halton,Not answered,260,128200,0.20280811232449297
E06000007,Warrington,Does not apply,0,210900,0
E06000007,Warrington,Does not apply,0,210900,0
E06000007,Warrington,Does not apply,0,210900,0
E06000007,Warrington,Does not apply,0,210900,0
E06000007,Warrington,Does not apply,0,210900,0
E06000007,Warrington,Straight or Heterosexual,0,210900,0
E06000007,Warrington,Straight or Heterosexual,141063,210900,66.88620199146514
E06000007,Warrington,Straight or Heterosexual,8910,210900,4.22475106685633
E06000007,Warrington,Straight or Heterosexual,3473,210900,1.646752015173068
E06000007,Warrington,Straight or Heterosexual,5093,210900,2.4148885727833096
E06000007,Warrington,Gay or Lesbian,0,210900,0
E06000007,Warrington,Gay or Lesbian,2027,210900,0.9611190137505927
E06000007,Warrington,Gay or Lesbian,135,210900,0.06401137980085349
E06000007,Warrington,Gay or Lesbian,60,210900,0.02844950213371266
E06000007,Warrington,Gay or Lesbian,32,210900,0.015173067804646752
E06000007,Warrington,Bisexual,0,210900,0
E06000007,Warrington,Bisexual,1526,210900,0.723565670934092
E06000007,Warrington,Bisexual,93,210900,0.044096728307254626
E06000007,Warrington,Bisexual,47,210900,0.022285443338074917
E06000007,Warrington,Bisexual,38,210900,0.018018018018018018
E06000007,Warrington,All other sexual orientations,0,210900,0
E06000007,Warrington,All other sexual orientations,338,210900,0.1602655286865813
E06000007,Warrington,All other sexual orientations,27,210900,0.012802275960170697
E06000007,Warrington,All other sexual orientations,11,210900,0.005215742057847321
E06000007,Warrington,All other sexual orientations,11,210900,0.005215742057847321
E06000007,Warrington,Not answered,0,210900,0
E06000007,Warrington,Not answered,8958,210900,4.2475106685633
E06000007,Warrington,Not answered,433,210900,0.20531057373162637
E06000007,Warrington,Not answered,174,210900,0.08250355618776671
E06000007,Warrington,Not answered,264,210900,0.1251778093883357
E06000008,Blackburn with Darwen,Does not apply,0,154800,0
E06000008,Blackburn with Darwen,Does not apply,0,154800,0
E06000008,Blackburn with Darwen,Does not apply,0,154800,0
E06000008,Blackburn with Darwen,Does not apply,0,154800,0
E06000008,Blackburn with Darwen,Does not apply,0,154800,0
E06000008,Blackburn with Darwen,Straight or Heterosexual,0,154800,0
E06000008,Blackburn with Darwen,Straight or Heterosexual,95277,154800,61.548449612403104
E06000008,Blackburn with Darwen,Straight or Heterosexual,4822,154800,3.1149870801033592
E06000008,Blackburn with Darwen,Straight or Heterosexual,3032,154800,1.958656330749354
E06000008,Blackburn with Darwen,Straight or Heterosexual,3962,154800,2.5594315245478034
E06000008,Blackburn with Darwen,Gay or Lesbian,0,154800,0
E06000008,Blackburn with Darwen,Gay or Lesbian,1071,154800,0.6918604651162791
E06000008,Blackburn with Darwen,Gay or Lesbian,73,154800,0.047157622739018086
E06000008,Blackburn with Darwen,Gay or Lesbian,40,154800,0.025839793281653745
E06000008,Blackburn with Darwen,Gay or Lesbian,36,154800,0.023255813953488372
E06000008,Blackburn with Darwen,Bisexual,0,154800,0
E06000008,Blackburn with Darwen,Bisexual,848,154800,0.5478036175710594
E06000008,Blackburn with Darwen,Bisexual,55,154800,0.0355297157622739
E06000008,Blackburn with Darwen,Bisexual,45,154800,0.029069767441860465
E06000008,Blackburn with Darwen,Bisexual,33,154800,0.02131782945736434
E06000008,Blackburn with Darwen,All other sexual orientations,0,154800,0
E06000008,Blackburn with Darwen,All other sexual orientations,290,154800,0.18733850129198967
E06000008,Blackburn with Darwen,All other sexual orientations,14,154800,0.00904392764857881
E06000008,Blackburn with Darwen,All other sexual orientations,10,154800,0.006459948320413436
E06000008,Blackburn with Darwen,All other sexual orientations,5,154800,0.003229974160206718
E06000008,Blackburn with Darwen,Not answered,0,154800,0
E06000008,Blackburn with Darwen,Not answered,8972,154800,5.795865633074936
E06000008,Blackburn with Darwen,Not answered,365,154800,0.23578811369509045
E06000008,Blackburn with Darwen,Not answered,224,154800,0.14470284237726097
E06000008,Blackburn with Darwen,Not answered,331,154800,0.21382428940568476
E06000009,Blackpool,Does not apply,0,141100,0
E06000009,Blackpool,Does not apply,0,141100,0
E06000009,Blackpool,Does not apply,0,141100,0
E06000009,Blackpool,Does not apply,0,141100,0
E06000009,Blackpool,Does not apply,0,141100,0
E06000009,Blackpool,Straight or Heterosexual,0,141100,0
E06000009,Blackpool,Straight or Heterosexual,90232,141100,63.94897236002835
E06000009,Blackpool,Straight or Heterosexual,4954,141100,3.5109851169383415
E06000009,Blackpool,Straight or Heterosexual,3083,141100,2.184975194897236
E06000009,Blackpool,Straight or Heterosexual,4631,141100,3.2820694542877393
E06000009,Blackpool,Gay or Lesbian,0,141100,0
E06000009,Blackpool,Gay or Lesbian,3293,141100,2.333805811481219
E06000009,Blackpool,Gay or Lesbian,238,141100,0.1686746987951807
E06000009,Blackpool,Gay or Lesbian,120,141100,0.08504606661941885
E06000009,Blackpool,Gay or Lesbian,145,141100,0.10276399716513111
E06000009,Blackpool,Bisexual,0,141100,0
E06000009,Blackpool,Bisexual,1340,141100,0.9496810772501771
E06000009,Blackpool,Bisexual,88,141100,0.06236711552090716
E06000009,Blackpool,Bisexual,65,141100,0.04606661941885188
E06000009,Blackpool,Bisexual,79,141100,0.05598866052445074
E06000009,Blackpool,All other sexual orientations,0,141100,0
E06000009,Blackpool,All other sexual orientations,280,141100,0.19844082211197733
E06000009,Blackpool,All other sexual orientations,18,141100,0.012756909992912827
E06000009,Blackpool,All other sexual orientations,13,141100,0.009213323883770375
E06000009,Blackpool,All other sexual orientations,16,141100,0.011339475549255847
E06000009,Blackpool,Not answered,0,141100,0
E06000009,Blackpool,Not answered,6906,141100,4.894401133947555
E06000009,Blackpool,Not answered,296,141100,0.20978029766123316
E06000009,Blackpool,Not answered,203,141100,0.14386959603118354
E06000009,Blackpool,Not answered,345,141100,0.2445074415308292
E06000010,Kingston upon Hull,Does not apply,0,NA,NA
E06000010,Kingston upon Hull,Does not apply,0,NA,NA
E06000010,Kingston upon Hull,Does not apply,0,NA,NA
E06000010,Kingston upon Hull,Does not apply,0,NA,NA
E06000010,Kingston upon Hull,Does not apply,0,NA,NA
E06000010,Kingston upon Hull,Straight or Heterosexual,0,NA,NA
E06000010,Kingston upon Hull,Straight or Heterosexual,169625,NA,NA
E06000010,Kingston upon Hull,Straight or Heterosexual,7033,NA,NA
E06000010,Kingston upon Hull,Straight or Heterosexual,4555,NA,NA
E06000010,Kingston upon Hull,Straight or Heterosexual,7068,NA,NA
E06000010,Kingston upon Hull,Gay or Lesbian,0,NA,NA
E06000010,Kingston upon Hull,Gay or Lesbian,3308,NA,NA
E06000010,Kingston upon Hull,Gay or Lesbian,177,NA,NA
E06000010,Kingston upon Hull,Gay or Lesbian,85,NA,NA
E06000010,Kingston upon Hull,Gay or Lesbian,85,NA,NA
E06000010,Kingston upon Hull,Bisexual,0,NA,NA
E06000010,Kingston upon Hull,Bisexual,3228,NA,NA
E06000010,Kingston upon Hull,Bisexual,146,NA,NA
E06000010,Kingston upon Hull,Bisexual,76,NA,NA
E06000010,Kingston upon Hull,Bisexual,73,NA,NA
E06000010,Kingston upon Hull,All other sexual orientations,0,NA,NA
E06000010,Kingston upon Hull,All other sexual orientations,789,NA,NA
E06000010,Kingston upon Hull,All other sexual orientations,51,NA,NA
E06000010,Kingston upon Hull,All other sexual orientations,17,NA,NA
E06000010,Kingston upon Hull,All other sexual orientations,24,NA,NA
E06000010,Kingston upon Hull,Not answered,0,NA,NA
E06000010,Kingston upon Hull,Not answered,16011,NA,NA
E06000010,Kingston upon Hull,Not answered,518,NA,NA
E06000010,Kingston upon Hull,Not answered,374,NA,NA
E06000010,Kingston upon Hull,Not answered,633,NA,NA
E06000011,East Riding of Yorkshire,Does not apply,0,342200,0
E06000011,East Riding of Yorkshire,Does not apply,0,342200,0
E06000011,East Riding of Yorkshire,Does not apply,0,342200,0
E06000011,East Riding of Yorkshire,Does not apply,0,342200,0
E06000011,East Riding of Yorkshire,Does not apply,0,342200,0
E06000011,East Riding of Yorkshire,Straight or Heterosexual,0,342200,0
E06000011,East Riding of Yorkshire,Straight or Heterosexual,234997,342200,68.67241379310344
E06000011,East Riding of Yorkshire,Straight or Heterosexual,13872,342200,4.0537697253068385
E06000011,East Riding of Yorkshire,Straight or Heterosexual,5111,342200,1.4935710111046172
E06000011,East Riding of Yorkshire,Straight or Heterosexual,8867,342200,2.591174751607247
E06000011,East Riding of Yorkshire,Gay or Lesbian,0,342200,0
E06000011,East Riding of Yorkshire,Gay or Lesbian,2676,342200,0.7819988310929281
E06000011,East Riding of Yorkshire,Gay or Lesbian,173,342200,0.0505552308591467
E06000011,East Riding of Yorkshire,Gay or Lesbian,71,342200,0.020748100526008183
E06000011,East Riding of Yorkshire,Gay or Lesbian,75,342200,0.021917007597895968
E06000011,East Riding of Yorkshire,Bisexual,0,342200,0
E06000011,East Riding of Yorkshire,Bisexual,2051,342200,0.5993571011104617
E06000011,East Riding of Yorkshire,Bisexual,143,342200,0.04178842781998831
E06000011,East Riding of Yorkshire,Bisexual,62,342200,0.018118059614260665
E06000011,East Riding of Yorkshire,Bisexual,69,342200,0.02016364699006429
E06000011,East Riding of Yorkshire,All other sexual orientations,0,342200,0
E06000011,East Riding of Yorkshire,All other sexual orientations,407,342200,0.11893629456458212
E06000011,East Riding of Yorkshire,All other sexual orientations,23,342200,0.0067212156633547635
E06000011,East Riding of Yorkshire,All other sexual orientations,13,342200,0.003798947983635301
E06000011,East Riding of Yorkshire,All other sexual orientations,16,342200,0.004675628287551139
E06000011,East Riding of Yorkshire,Not answered,0,342200,0
E06000011,East Riding of Yorkshire,Not answered,17717,342200,5.177381648158971
E06000011,East Riding of Yorkshire,Not answered,811,342200,0.2369959088252484
E06000011,East Riding of Yorkshire,Not answered,354,342200,0.10344827586206896
E06000011,East Riding of Yorkshire,Not answered,632,342200,0.18468731735827001
E06000012,North East Lincolnshire,Does not apply,0,156900,0
E06000012,North East Lincolnshire,Does not apply,0,156900,0
E06000012,North East Lincolnshire,Does not apply,0,156900,0
E06000012,North East Lincolnshire,Does not apply,0,156900,0
E06000012,North East Lincolnshire,Does not apply,0,156900,0
E06000012,North East Lincolnshire,Straight or Heterosexual,0,156900,0
E06000012,North East Lincolnshire,Straight or Heterosexual,103155,156900,65.74569789674952
E06000012,North East Lincolnshire,Straight or Heterosexual,5367,156900,3.4206500956022943
E06000012,North East Lincolnshire,Straight or Heterosexual,2886,156900,1.8393881453154877
E06000012,North East Lincolnshire,Straight or Heterosexual,4372,156900,2.7864882090503507
E06000012,North East Lincolnshire,Gay or Lesbian,0,156900,0
E06000012,North East Lincolnshire,Gay or Lesbian,1385,156900,0.882727852135118
E06000012,North East Lincolnshire,Gay or Lesbian,88,156900,0.05608667941363926
E06000012,North East Lincolnshire,Gay or Lesbian,49,156900,0.03123008285532186
E06000012,North East Lincolnshire,Gay or Lesbian,43,156900,0.027405991077119184
E06000012,North East Lincolnshire,Bisexual,0,156900,0
E06000012,North East Lincolnshire,Bisexual,1244,156900,0.792861695347355
E06000012,North East Lincolnshire,Bisexual,69,156900,0.04397705544933078
E06000012,North East Lincolnshire,Bisexual,40,156900,0.025493945188017845
E06000012,North East Lincolnshire,Bisexual,47,156900,0.02995538559592097
E06000012,North East Lincolnshire,All other sexual orientations,0,156900,0
E06000012,North East Lincolnshire,All other sexual orientations,260,156900,0.165710643722116
E06000012,North East Lincolnshire,All other sexual orientations,23,156900,0.014659018483110261
E06000012,North East Lincolnshire,All other sexual orientations,4,156900,0.0025493945188017845
E06000012,North East Lincolnshire,All other sexual orientations,13,156900,0.0082855321861058
E06000012,North East Lincolnshire,Not answered,0,156900,0
E06000012,North East Lincolnshire,Not answered,7647,156900,4.873804971319312
E06000012,North East Lincolnshire,Not answered,301,156900,0.19184193753983428
E06000012,North East Lincolnshire,Not answered,191,156900,0.12173358827278521
E06000012,North East Lincolnshire,Not answered,339,156900,0.21606118546845124
E06000013,North Lincolnshire,Does not apply,0,169700,0
E06000013,North Lincolnshire,Does not apply,0,169700,0
E06000013,North Lincolnshire,Does not apply,0,169700,0
E06000013,North Lincolnshire,Does not apply,0,169700,0
E06000013,North Lincolnshire,Does not apply,0,169700,0
E06000013,North Lincolnshire,Straight or Heterosexual,0,169700,0
E06000013,North Lincolnshire,Straight or Heterosexual,112712,169700,66.41838538597526
E06000013,North Lincolnshire,Straight or Heterosexual,6103,169700,3.5963464938126104
E06000013,North Lincolnshire,Straight or Heterosexual,3030,169700,1.785503830288745
E06000013,North Lincolnshire,Straight or Heterosexual,4714,169700,2.777843252799057
E06000013,North Lincolnshire,Gay or Lesbian,0,169700,0
E06000013,North Lincolnshire,Gay or Lesbian,1349,169700,0.7949322333529758
E06000013,North Lincolnshire,Gay or Lesbian,104,169700,0.061284619917501476
E06000013,North Lincolnshire,Gay or Lesbian,56,169700,0.032999410724808484
E06000013,North Lincolnshire,Gay or Lesbian,56,169700,0.032999410724808484
E06000013,North Lincolnshire,Bisexual,0,169700,0
E06000013,North Lincolnshire,Bisexual,1144,169700,0.6741308190925162
E06000013,North Lincolnshire,Bisexual,59,169700,0.0347672362993518
E06000013,North Lincolnshire,Bisexual,26,169700,0.015321154979375369
E06000013,North Lincolnshire,Bisexual,52,169700,0.030642309958750738
E06000013,North Lincolnshire,All other sexual orientations,0,169700,0
E06000013,North Lincolnshire,All other sexual orientations,361,169700,0.21272834413671185
E06000013,North Lincolnshire,All other sexual orientations,13,169700,0.0076605774896876845
E06000013,North Lincolnshire,All other sexual orientations,10,169700,0.0058927519151443725
E06000013,North Lincolnshire,All other sexual orientations,8,169700,0.004714201532115498
E06000013,North Lincolnshire,Not answered,0,169700,0
E06000013,North Lincolnshire,Not answered,8742,169700,5.15144372421921
E06000013,North Lincolnshire,Not answered,370,169700,0.21803182086034179
E06000013,North Lincolnshire,Not answered,233,169700,0.13730111962286387
E06000013,North Lincolnshire,Not answered,323,169700,0.19033588685916322
E06000014,York,Does not apply,0,202800,0
E06000014,York,Does not apply,0,202800,0
E06000014,York,Does not apply,0,202800,0
E06000014,York,Does not apply,0,202800,0
E06000014,York,Does not apply,0,202800,0
E06000014,York,Straight or Heterosexual,0,202800,0
E06000014,York,Straight or Heterosexual,135938,202800,67.03057199211045
E06000014,York,Straight or Heterosexual,7470,202800,3.6834319526627217
E06000014,York,Straight or Heterosexual,2131,202800,1.0507889546351086
E06000014,York,Straight or Heterosexual,3382,202800,1.6676528599605522
E06000014,York,Gay or Lesbian,0,202800,0
E06000014,York,Gay or Lesbian,3225,202800,1.5902366863905326
E06000014,York,Gay or Lesbian,182,202800,0.08974358974358974
E06000014,York,Gay or Lesbian,53,202800,0.026134122287968443
E06000014,York,Gay or Lesbian,46,202800,0.022682445759368838
E06000014,York,Bisexual,0,202800,0
E06000014,York,Bisexual,4607,202800,2.271696252465483
E06000014,York,Bisexual,196,202800,0.09664694280078895
E06000014,York,Bisexual,45,202800,0.022189349112426034
E06000014,York,Bisexual,58,202800,0.028599605522682446
E06000014,York,All other sexual orientations,0,202800,0
E06000014,York,All other sexual orientations,1041,202800,0.5133136094674556
E06000014,York,All other sexual orientations,63,202800,0.03106508875739645
E06000014,York,All other sexual orientations,16,202800,0.007889546351084813
E06000014,York,All other sexual orientations,21,202800,0.010355029585798817
E06000014,York,Not answered,0,202800,0
E06000014,York,Not answered,12628,202800,6.226824457593688
E06000014,York,Not answered,538,202800,0.26528599605522685
E06000014,York,Not answered,176,202800,0.08678500986193294
E06000014,York,Not answered,267,202800,0.13165680473372782
E06000015,Derby,Does not apply,0,261400,0
E06000015,Derby,Does not apply,0,261400,0
E06000015,Derby,Does not apply,0,261400,0
E06000015,Derby,Does not apply,0,261400,0
E06000015,Derby,Does not apply,0,261400,0
E06000015,Derby,Straight or Heterosexual,0,261400,0
E06000015,Derby,Straight or Heterosexual,164558,261400,62.95256312165264
E06000015,Derby,Straight or Heterosexual,8797,261400,3.3653404743687836
E06000015,Derby,Straight or Heterosexual,4539,261400,1.7364192807957153
E06000015,Derby,Straight or Heterosexual,6323,261400,2.4188982402448356
E06000015,Derby,Gay or Lesbian,0,261400,0
E06000015,Derby,Gay or Lesbian,2490,261400,0.9525631216526397
E06000015,Derby,Gay or Lesbian,156,261400,0.05967865340474369
E06000015,Derby,Gay or Lesbian,72,261400,0.02754399387911247
E06000015,Derby,Gay or Lesbian,48,261400,0.018362662586074982
E06000015,Derby,Bisexual,0,261400,0
E06000015,Derby,Bisexual,2754,261400,1.053557765876052
E06000015,Derby,Bisexual,150,261400,0.057383320581484314
E06000015,Derby,Bisexual,62,261400,0.023718439173680182
E06000015,Derby,Bisexual,73,261400,0.0279265493496557
E06000015,Derby,All other sexual orientations,0,261400,0
E06000015,Derby,All other sexual orientations,847,261400,0.32402448355011476
E06000015,Derby,All other sexual orientations,44,261400,0.016832440703902066
E06000015,Derby,All other sexual orientations,19,261400,0.0072685539403213465
E06000015,Derby,All other sexual orientations,22,261400,0.008416220351951033
E06000015,Derby,Not answered,0,261400,0
E06000015,Derby,Not answered,16604,261400,6.351951032899771
E06000015,Derby,Not answered,678,261400,0.2593726090283091
E06000015,Derby,Not answered,414,261400,0.15837796480489671
E06000015,Derby,Not answered,538,261400,0.20581484315225707
E06000016,Leicester,Does not apply,0,368600,0
E06000016,Leicester,Does not apply,0,368600,0
E06000016,Leicester,Does not apply,0,368600,0
E06000016,Leicester,Does not apply,0,368600,0
E06000016,Leicester,Does not apply,0,368600,0
E06000016,Leicester,Straight or Heterosexual,0,368600,0
E06000016,Leicester,Straight or Heterosexual,227327,368600,61.67308735756918
E06000016,Leicester,Straight or Heterosexual,9248,368600,2.5089527943570267
E06000016,Leicester,Straight or Heterosexual,6094,368600,1.653282691264243
E06000016,Leicester,Straight or Heterosexual,7484,368600,2.030385241454151
E06000016,Leicester,Gay or Lesbian,0,368600,0
E06000016,Leicester,Gay or Lesbian,2997,368600,0.8130765056972328
E06000016,Leicester,Gay or Lesbian,166,368600,0.04503526858383071
E06000016,Leicester,Gay or Lesbian,67,368600,0.01817688551275095
E06000016,Leicester,Gay or Lesbian,61,368600,0.016549104720564298
E06000016,Leicester,Bisexual,0,368600,0
E06000016,Leicester,Bisexual,4927,368600,1.3366793271839392
E06000016,Leicester,Bisexual,192,368600,0.05208898534997287
E06000016,Leicester,Bisexual,96,368600,0.026044492674986434
E06000016,Leicester,Bisexual,88,368600,0.02387411828540423
E06000016,Leicester,All other sexual orientations,0,368600,0
E06000016,Leicester,All other sexual orientations,1300,368600,0.352685838307108
E06000016,Leicester,All other sexual orientations,61,368600,0.016549104720564298
E06000016,Leicester,All other sexual orientations,44,368600,0.011937059142702116
E06000016,Leicester,All other sexual orientations,15,368600,0.004069451980466631
E06000016,Leicester,Not answered,0,368600,0
E06000016,Leicester,Not answered,28389,368600,7.7018448182311445
E06000016,Leicester,Not answered,991,368600,0.26885512750949536
E06000016,Leicester,Not answered,667,368600,0.18095496473141617
E06000016,Leicester,Not answered,800,368600,0.21703743895822028
E06000017,Rutland,Does not apply,0,41000,0
E06000017,Rutland,Does not apply,0,41000,0
E06000017,Rutland,Does not apply,0,41000,0
E06000017,Rutland,Does not apply,0,41000,0
E06000017,Rutland,Does not apply,0,41000,0
E06000017,Rutland,Straight or Heterosexual,0,41000,0
E06000017,Rutland,Straight or Heterosexual,28609,41000,69.77804878048781
E06000017,Rutland,Straight or Heterosexual,1638,41000,3.995121951219512
E06000017,Rutland,Straight or Heterosexual,426,41000,1.0390243902439025
E06000017,Rutland,Straight or Heterosexual,797,41000,1.9439024390243902
E06000017,Rutland,Gay or Lesbian,0,41000,0
E06000017,Rutland,Gay or Lesbian,328,41000,0.8
E06000017,Rutland,Gay or Lesbian,38,41000,0.09268292682926829
E06000017,Rutland,Gay or Lesbian,7,41000,0.01707317073170732
E06000017,Rutland,Gay or Lesbian,7,41000,0.01707317073170732
E06000017,Rutland,Bisexual,0,41000,0
E06000017,Rutland,Bisexual,259,41000,0.6317073170731707
E06000017,Rutland,Bisexual,16,41000,0.03902439024390244
E06000017,Rutland,Bisexual,8,41000,0.01951219512195122
E06000017,Rutland,Bisexual,8,41000,0.01951219512195122
E06000017,Rutland,All other sexual orientations,0,41000,0
E06000017,Rutland,All other sexual orientations,63,41000,0.15365853658536585
E06000017,Rutland,All other sexual orientations,4,41000,0.00975609756097561
E06000017,Rutland,All other sexual orientations,2,41000,0.004878048780487805
E06000017,Rutland,All other sexual orientations,3,41000,0.007317073170731708
E06000017,Rutland,Not answered,0,41000,0
E06000017,Rutland,Not answered,1911,41000,4.660975609756098
E06000017,Rutland,Not answered,83,41000,0.20243902439024392
E06000017,Rutland,Not answered,30,41000,0.07317073170731707
E06000017,Rutland,Not answered,59,41000,0.14390243902439023
E06000018,Nottingham,Does not apply,0,323700,0
E06000018,Nottingham,Does not apply,0,323700,0
E06000018,Nottingham,Does not apply,0,323700,0
E06000018,Nottingham,Does not apply,0,323700,0
E06000018,Nottingham,Does not apply,0,323700,0
E06000018,Nottingham,Straight or Heterosexual,0,323700,0
E06000018,Nottingham,Straight or Heterosexual,204547,323700,63.19029966017918
E06000018,Nottingham,Straight or Heterosexual,8808,323700,2.721037998146432
E06000018,Nottingham,Straight or Heterosexual,5224,323700,1.6138399752857584
E06000018,Nottingham,Straight or Heterosexual,6897,323700,2.1306765523632993
E06000018,Nottingham,Gay or Lesbian,0,323700,0
E06000018,Nottingham,Gay or Lesbian,4280,323700,1.3222119246215631
E06000018,Nottingham,Gay or Lesbian,295,323700,0.09113376583256101
E06000018,Nottingham,Gay or Lesbian,96,323700,0.029657089898053754
E06000018,Nottingham,Gay or Lesbian,86,323700,0.026567809700339822
E06000018,Nottingham,Bisexual,0,323700,0
E06000018,Nottingham,Bisexual,6238,323700,1.9270929873339513
E06000018,Nottingham,Bisexual,311,323700,0.09607661414890331
E06000018,Nottingham,Bisexual,108,323700,0.033364226135310475
E06000018,Nottingham,Bisexual,85,323700,0.02625888168056843
E06000018,Nottingham,All other sexual orientations,0,323700,0
E06000018,Nottingham,All other sexual orientations,1311,323700,0.40500463392029656
E06000018,Nottingham,All other sexual orientations,65,323700,0.020080321285140562
E06000018,Nottingham,All other sexual orientations,28,323700,0.008649984553599012
E06000018,Nottingham,All other sexual orientations,26,323700,0.008032128514056224
E06000018,Nottingham,Not answered,0,323700,0
E06000018,Nottingham,Not answered,24037,323700,7.42570281124498
E06000018,Nottingham,Not answered,817,323700,0.2523941921532283
E06000018,Nottingham,Not answered,500,323700,0.15446400988569664
E06000018,Nottingham,Not answered,563,323700,0.17392647513129442
E06000019,Herefordshire,Does not apply,0,NA,NA
E06000019,Herefordshire,Does not apply,0,NA,NA
E06000019,Herefordshire,Does not apply,0,NA,NA
E06000019,Herefordshire,Does not apply,0,NA,NA
E06000019,Herefordshire,Does not apply,0,NA,NA
E06000019,Herefordshire,Straight or Heterosexual,0,NA,NA
E06000019,Herefordshire,Straight or Heterosexual,126102,NA,NA
E06000019,Herefordshire,Straight or Heterosexual,7907,NA,NA
E06000019,Herefordshire,Straight or Heterosexual,2609,NA,NA
E06000019,Herefordshire,Straight or Heterosexual,4331,NA,NA
E06000019,Herefordshire,Gay or Lesbian,0,NA,NA
E06000019,Herefordshire,Gay or Lesbian,1481,NA,NA
E06000019,Herefordshire,Gay or Lesbian,88,NA,NA
E06000019,Herefordshire,Gay or Lesbian,40,NA,NA
E06000019,Herefordshire,Gay or Lesbian,34,NA,NA
E06000019,Herefordshire,Bisexual,0,NA,NA
E06000019,Herefordshire,Bisexual,1286,NA,NA
E06000019,Herefordshire,Bisexual,78,NA,NA
E06000019,Herefordshire,Bisexual,25,NA,NA
E06000019,Herefordshire,Bisexual,31,NA,NA
E06000019,Herefordshire,All other sexual orientations,0,NA,NA
E06000019,Herefordshire,All other sexual orientations,317,NA,NA
E06000019,Herefordshire,All other sexual orientations,32,NA,NA
E06000019,Herefordshire,All other sexual orientations,7,NA,NA
E06000019,Herefordshire,All other sexual orientations,11,NA,NA
E06000019,Herefordshire,Not answered,0,NA,NA
E06000019,Herefordshire,Not answered,11594,NA,NA
E06000019,Herefordshire,Not answered,540,NA,NA
E06000019,Herefordshire,Not answered,247,NA,NA
E06000019,Herefordshire,Not answered,376,NA,NA
E06000020,Telford and Wrekin,Does not apply,0,185600,0
E06000020,Telford and Wrekin,Does not apply,0,185600,0
E06000020,Telford and Wrekin,Does not apply,0,185600,0
E06000020,Telford and Wrekin,Does not apply,0,185600,0
E06000020,Telford and Wrekin,Does not apply,0,185600,0
E06000020,Telford and Wrekin,Straight or Heterosexual,0,185600,0
E06000020,Telford and Wrekin,Straight or Heterosexual,118018,185600,63.58728448275862
E06000020,Telford and Wrekin,Straight or Heterosexual,7259,185600,3.9110991379310347
E06000020,Telford and Wrekin,Straight or Heterosexual,3466,185600,1.8674568965517242
E06000020,Telford and Wrekin,Straight or Heterosexual,5326,185600,2.8696120689655173
E06000020,Telford and Wrekin,Gay or Lesbian,0,185600,0
E06000020,Telford and Wrekin,Gay or Lesbian,1725,185600,0.9294181034482759
E06000020,Telford and Wrekin,Gay or Lesbian,137,185600,0.0738146551724138
E06000020,Telford and Wrekin,Gay or Lesbian,58,185600,0.03125
E06000020,Telford and Wrekin,Gay or Lesbian,52,185600,0.028017241379310345
E06000020,Telford and Wrekin,Bisexual,0,185600,0
E06000020,Telford and Wrekin,Bisexual,1487,185600,0.8011853448275862
E06000020,Telford and Wrekin,Bisexual,112,185600,0.0603448275862069
E06000020,Telford and Wrekin,Bisexual,56,185600,0.03017241379310345
E06000020,Telford and Wrekin,Bisexual,71,185600,0.03825431034482758
E06000020,Telford and Wrekin,All other sexual orientations,0,185600,0
E06000020,Telford and Wrekin,All other sexual orientations,363,185600,0.19558189655172414
E06000020,Telford and Wrekin,All other sexual orientations,15,185600,0.008081896551724138
E06000020,Telford and Wrekin,All other sexual orientations,14,185600,0.007543103448275862
E06000020,Telford and Wrekin,All other sexual orientations,15,185600,0.008081896551724138
E06000020,Telford and Wrekin,Not answered,0,185600,0
E06000020,Telford and Wrekin,Not answered,9478,185600,5.106681034482759
E06000020,Telford and Wrekin,Not answered,403,185600,0.21713362068965517
E06000020,Telford and Wrekin,Not answered,243,185600,0.13092672413793102
E06000020,Telford and Wrekin,Not answered,373,185600,0.2009698275862069
E06000021,Stoke-on-Trent,Does not apply,0,258400,0
E06000021,Stoke-on-Trent,Does not apply,0,258400,0
E06000021,Stoke-on-Trent,Does not apply,0,258400,0
E06000021,Stoke-on-Trent,Does not apply,0,258400,0
E06000021,Stoke-on-Trent,Does not apply,0,258400,0
E06000021,Stoke-on-Trent,Straight or Heterosexual,0,258400,0
E06000021,Stoke-on-Trent,Straight or Heterosexual,162210,258400,62.774767801857585
E06000021,Stoke-on-Trent,Straight or Heterosexual,8799,258400,3.405185758513932
E06000021,Stoke-on-Trent,Straight or Heterosexual,4898,258400,1.8955108359133126
E06000021,Stoke-on-Trent,Straight or Heterosexual,7201,258400,2.786764705882353
E06000021,Stoke-on-Trent,Gay or Lesbian,0,258400,0
E06000021,Stoke-on-Trent,Gay or Lesbian,2649,258400,1.0251547987616099
E06000021,Stoke-on-Trent,Gay or Lesbian,147,258400,0.056888544891640865
E06000021,Stoke-on-Trent,Gay or Lesbian,84,258400,0.032507739938080496
E06000021,Stoke-on-Trent,Gay or Lesbian,76,258400,0.029411764705882353
E06000021,Stoke-on-Trent,Bisexual,0,258400,0
E06000021,Stoke-on-Trent,Bisexual,2490,258400,0.9636222910216719
E06000021,Stoke-on-Trent,Bisexual,135,258400,0.05224458204334365
E06000021,Stoke-on-Trent,Bisexual,67,258400,0.025928792569659444
E06000021,Stoke-on-Trent,Bisexual,89,258400,0.034442724458204337
E06000021,Stoke-on-Trent,All other sexual orientations,0,258400,0
E06000021,Stoke-on-Trent,All other sexual orientations,607,258400,0.23490712074303405
E06000021,Stoke-on-Trent,All other sexual orientations,33,258400,0.012770897832817337
E06000021,Stoke-on-Trent,All other sexual orientations,16,258400,0.006191950464396285
E06000021,Stoke-on-Trent,All other sexual orientations,21,258400,0.008126934984520124
E06000021,Stoke-on-Trent,Not answered,0,258400,0
E06000021,Stoke-on-Trent,Not answered,14864,258400,5.752321981424148
E06000021,Stoke-on-Trent,Not answered,547,258400,0.211687306501548
E06000021,Stoke-on-Trent,Not answered,363,258400,0.14047987616099072
E06000021,Stoke-on-Trent,Not answered,601,258400,0.23258513931888544
E06000022,Bath and North East Somerset,Does not apply,0,193400,0
E06000022,Bath and North East Somerset,Does not apply,0,193400,0
E06000022,Bath and North East Somerset,Does not apply,0,193400,0
E06000022,Bath and North East Somerset,Does not apply,0,193400,0
E06000022,Bath and North East Somerset,Does not apply,0,193400,0
E06000022,Bath and North East Somerset,Straight or Heterosexual,0,193400,0
E06000022,Bath and North East Somerset,Straight or Heterosexual,129513,193400,66.96639089968976
E06000022,Bath and North East Somerset,Straight or Heterosexual,7492,193400,3.873836608066184
E06000022,Bath and North East Somerset,Straight or Heterosexual,2263,193400,1.1701137538779731
E06000022,Bath and North East Somerset,Straight or Heterosexual,3428,193400,1.7724922440537745
E06000022,Bath and North East Somerset,Gay or Lesbian,0,193400,0
E06000022,Bath and North East Somerset,Gay or Lesbian,2249,193400,1.1628748707342296
E06000022,Bath and North East Somerset,Gay or Lesbian,124,193400,0.0641158221302999
E06000022,Bath and North East Somerset,Gay or Lesbian,32,193400,0.016546018614270942
E06000022,Bath and North East Somerset,Gay or Lesbian,43,193400,0.022233712512926575
E06000022,Bath and North East Somerset,Bisexual,0,193400,0
E06000022,Bath and North East Somerset,Bisexual,3059,193400,1.5816959669079629
E06000022,Bath and North East Somerset,Bisexual,134,193400,0.06928645294725956
E06000022,Bath and North East Somerset,Bisexual,37,193400,0.019131334022750777
E06000022,Bath and North East Somerset,Bisexual,50,193400,0.025853154084798345
E06000022,Bath and North East Somerset,All other sexual orientations,0,193400,0
E06000022,Bath and North East Somerset,All other sexual orientations,652,193400,0.33712512926577043
E06000022,Bath and North East Somerset,All other sexual orientations,41,193400,0.021199586349534644
E06000022,Bath and North East Somerset,All other sexual orientations,9,193400,0.004653567735263702
E06000022,Bath and North East Somerset,All other sexual orientations,11,193400,0.005687693898655636
E06000022,Bath and North East Somerset,Not answered,0,193400,0
E06000022,Bath and North East Somerset,Not answered,11492,193400,5.942088934850052
E06000022,Bath and North East Somerset,Not answered,524,193400,0.27094105480868663
E06000022,Bath and North East Somerset,Not answered,168,193400,0.08686659772492245
E06000022,Bath and North East Somerset,Not answered,291,193400,0.15046535677352638
E06000023,Bristol,Does not apply,0,NA,NA
E06000023,Bristol,Does not apply,0,NA,NA
E06000023,Bristol,Does not apply,0,NA,NA
E06000023,Bristol,Does not apply,0,NA,NA
E06000023,Bristol,Does not apply,0,NA,NA
E06000023,Bristol,Straight or Heterosexual,0,NA,NA
E06000023,Bristol,Straight or Heterosexual,303829,NA,NA
E06000023,Bristol,Straight or Heterosexual,14906,NA,NA
E06000023,Bristol,Straight or Heterosexual,5986,NA,NA
E06000023,Bristol,Straight or Heterosexual,8290,NA,NA
E06000023,Bristol,Gay or Lesbian,0,NA,NA
E06000023,Bristol,Gay or Lesbian,7926,NA,NA
E06000023,Bristol,Gay or Lesbian,405,NA,NA
E06000023,Bristol,Gay or Lesbian,120,NA,NA
E06000023,Bristol,Gay or Lesbian,117,NA,NA
E06000023,Bristol,Bisexual,0,NA,NA
E06000023,Bristol,Bisexual,11249,NA,NA
E06000023,Bristol,Bisexual,525,NA,NA
E06000023,Bristol,Bisexual,141,NA,NA
E06000023,Bristol,Bisexual,104,NA,NA
E06000023,Bristol,All other sexual orientations,0,NA,NA
E06000023,Bristol,All other sexual orientations,2810,NA,NA
E06000023,Bristol,All other sexual orientations,170,NA,NA
E06000023,Bristol,All other sexual orientations,46,NA,NA
E06000023,Bristol,All other sexual orientations,37,NA,NA
E06000023,Bristol,Not answered,0,NA,NA
E06000023,Bristol,Not answered,30526,NA,NA
E06000023,Bristol,Not answered,1282,NA,NA
E06000023,Bristol,Not answered,532,NA,NA
E06000023,Bristol,Not answered,711,NA,NA
E06000024,North Somerset,Does not apply,0,216700,0
E06000024,North Somerset,Does not apply,0,216700,0
E06000024,North Somerset,Does not apply,0,216700,0
E06000024,North Somerset,Does not apply,0,216700,0
E06000024,North Somerset,Does not apply,0,216700,0
E06000024,North Somerset,Straight or Heterosexual,0,216700,0
E06000024,North Somerset,Straight or Heterosexual,144983,216700,66.90493770189201
E06000024,North Somerset,Straight or Heterosexual,9101,216700,4.199815413013383
E06000024,North Somerset,Straight or Heterosexual,2884,216700,1.3308721735117675
E06000024,North Somerset,Straight or Heterosexual,4813,216700,2.2210429164743886
E06000024,North Somerset,Gay or Lesbian,0,216700,0
E06000024,North Somerset,Gay or Lesbian,2027,216700,0.9353945546838948
E06000024,North Somerset,Gay or Lesbian,138,216700,0.063682510383018
E06000024,North Somerset,Gay or Lesbian,56,216700,0.025842178126442086
E06000024,North Somerset,Gay or Lesbian,43,216700,0.019843101061375174
E06000024,North Somerset,Bisexual,0,216700,0
E06000024,North Somerset,Bisexual,1783,216700,0.8227964928472543
E06000024,North Somerset,Bisexual,128,216700,0.05906783571758191
E06000024,North Somerset,Bisexual,51,216700,0.023534840793724043
E06000024,North Somerset,Bisexual,51,216700,0.023534840793724043
E06000024,North Somerset,All other sexual orientations,0,216700,0
E06000024,North Somerset,All other sexual orientations,375,216700,0.17305029995385326
E06000024,North Somerset,All other sexual orientations,30,216700,0.01384402399630826
E06000024,North Somerset,All other sexual orientations,6,216700,0.0027688047992616522
E06000024,North Somerset,All other sexual orientations,20,216700,0.009229349330872173
E06000024,North Somerset,Not answered,0,216700,0
E06000024,North Somerset,Not answered,10978,216700,5.065989847715736
E06000024,North Somerset,Not answered,515,216700,0.23765574526995847
E06000024,North Somerset,Not answered,198,216700,0.09137055837563451
E06000024,North Somerset,Not answered,388,216700,0.17904937701892015
E06000025,South Gloucestershire,Does not apply,0,290400,0
E06000025,South Gloucestershire,Does not apply,0,290400,0
E06000025,South Gloucestershire,Does not apply,0,290400,0
E06000025,South Gloucestershire,Does not apply,0,290400,0
E06000025,South Gloucestershire,Does not apply,0,290400,0
E06000025,South Gloucestershire,Straight or Heterosexual,0,290400,0
E06000025,South Gloucestershire,Straight or Heterosexual,193842,290400,66.75
E06000025,South Gloucestershire,Straight or Heterosexual,11668,290400,4.017906336088155
E06000025,South Gloucestershire,Straight or Heterosexual,3754,290400,1.2926997245179064
E06000025,South Gloucestershire,Straight or Heterosexual,5893,290400,2.0292699724517904
E06000025,South Gloucestershire,Gay or Lesbian,0,290400,0
E06000025,South Gloucestershire,Gay or Lesbian,2793,290400,0.9617768595041323
E06000025,South Gloucestershire,Gay or Lesbian,166,290400,0.05716253443526171
E06000025,South Gloucestershire,Gay or Lesbian,63,290400,0.02169421487603306
E06000025,South Gloucestershire,Gay or Lesbian,40,290400,0.013774104683195593
E06000025,South Gloucestershire,Bisexual,0,290400,0
E06000025,South Gloucestershire,Bisexual,2683,290400,0.9238980716253443
E06000025,South Gloucestershire,Bisexual,155,290400,0.05337465564738292
E06000025,South Gloucestershire,Bisexual,50,290400,0.01721763085399449
E06000025,South Gloucestershire,Bisexual,56,290400,0.01928374655647383
E06000025,South Gloucestershire,All other sexual orientations,0,290400,0
E06000025,South Gloucestershire,All other sexual orientations,611,290400,0.21039944903581267
E06000025,South Gloucestershire,All other sexual orientations,51,290400,0.01756198347107438
E06000025,South Gloucestershire,All other sexual orientations,16,290400,0.005509641873278237
E06000025,South Gloucestershire,All other sexual orientations,13,290400,0.004476584022038568
E06000025,South Gloucestershire,Not answered,0,290400,0
E06000025,South Gloucestershire,Not answered,14177,290400,4.881887052341598
E06000025,South Gloucestershire,Not answered,667,290400,0.2296831955922865
E06000025,South Gloucestershire,Not answered,273,290400,0.09400826446280992
E06000025,South Gloucestershire,Not answered,393,290400,0.1353305785123967
E06000026,Plymouth,Does not apply,0,264700,0
E06000026,Plymouth,Does not apply,0,264700,0
E06000026,Plymouth,Does not apply,0,264700,0
E06000026,Plymouth,Does not apply,0,264700,0
E06000026,Plymouth,Does not apply,0,264700,0
E06000026,Plymouth,Straight or Heterosexual,0,264700,0
E06000026,Plymouth,Straight or Heterosexual,173249,264700,65.45107669059313
E06000026,Plymouth,Straight or Heterosexual,9320,264700,3.5209671326029466
E06000026,Plymouth,Straight or Heterosexual,4685,264700,1.769928220627125
E06000026,Plymouth,Straight or Heterosexual,7211,264700,2.7242160936909707
E06000026,Plymouth,Gay or Lesbian,0,264700,0
E06000026,Plymouth,Gay or Lesbian,3868,264700,1.4612769172648281
E06000026,Plymouth,Gay or Lesbian,222,264700,0.08386853041178693
E06000026,Plymouth,Gay or Lesbian,113,264700,0.0426898375519456
E06000026,Plymouth,Gay or Lesbian,94,264700,0.03551190026445032
E06000026,Plymouth,Bisexual,0,264700,0
E06000026,Plymouth,Bisexual,4079,264700,1.5409897997733284
E06000026,Plymouth,Bisexual,200,264700,0.07555723460521345
E06000026,Plymouth,Bisexual,106,264700,0.04004533434076313
E06000026,Plymouth,Bisexual,124,264700,0.04684548545523234
E06000026,Plymouth,All other sexual orientations,0,264700,0
E06000026,Plymouth,All other sexual orientations,809,264700,0.3056290139780884
E06000026,Plymouth,All other sexual orientations,62,264700,0.02342274272761617
E06000026,Plymouth,All other sexual orientations,22,264700,0.00831129580657348
E06000026,Plymouth,All other sexual orientations,31,264700,0.011711371363808084
E06000026,Plymouth,Not answered,0,264700,0
E06000026,Plymouth,Not answered,13093,264700,4.946354363430299
E06000026,Plymouth,Not answered,517,264700,0.19531545145447676
E06000026,Plymouth,Not answered,296,264700,0.1118247072157159
E06000026,Plymouth,Not answered,523,264700,0.19758216849263316
E06000027,Torbay,Does not apply,0,139300,0
E06000027,Torbay,Does not apply,0,139300,0
E06000027,Torbay,Does not apply,0,139300,0
E06000027,Torbay,Does not apply,0,139300,0
E06000027,Torbay,Does not apply,0,139300,0
E06000027,Torbay,Straight or Heterosexual,0,139300,0
E06000027,Torbay,Straight or Heterosexual,91562,139300,65.73007896625987
E06000027,Torbay,Straight or Heterosexual,5646,139300,4.053122756640344
E06000027,Torbay,Straight or Heterosexual,2884,139300,2.07035175879397
E06000027,Torbay,Straight or Heterosexual,4637,139300,3.328786791098349
E06000027,Torbay,Gay or Lesbian,0,139300,0
E06000027,Torbay,Gay or Lesbian,1773,139300,1.2727925340990667
E06000027,Torbay,Gay or Lesbian,116,139300,0.0832735104091888
E06000027,Torbay,Gay or Lesbian,61,139300,0.04379038047379756
E06000027,Torbay,Gay or Lesbian,85,139300,0.061019382627422826
E06000027,Torbay,Bisexual,0,139300,0
E06000027,Torbay,Bisexual,1161,139300,0.8334529791816224
E06000027,Torbay,Bisexual,97,139300,0.06963388370423547
E06000027,Torbay,Bisexual,33,139300,0.023689877961234746
E06000027,Torbay,Bisexual,53,139300,0.03804737975592247
E06000027,Torbay,All other sexual orientations,0,139300,0
E06000027,Torbay,All other sexual orientations,258,139300,0.18521177315147164
E06000027,Torbay,All other sexual orientations,21,139300,0.01507537688442211
E06000027,Torbay,All other sexual orientations,9,139300,0.006460875807609476
E06000027,Torbay,All other sexual orientations,10,139300,0.007178750897343862
E06000027,Torbay,Not answered,0,139300,0
E06000027,Torbay,Not answered,7681,139300,5.51399856424982
E06000027,Torbay,Not answered,394,139300,0.2828427853553482
E06000027,Torbay,Not answered,181,139300,0.1299353912419239
E06000027,Torbay,Not answered,368,139300,0.2641780330222541
E06000030,Swindon,Does not apply,0,233400,0
E06000030,Swindon,Does not apply,0,233400,0
E06000030,Swindon,Does not apply,0,233400,0
E06000030,Swindon,Does not apply,0,233400,0
E06000030,Swindon,Does not apply,0,233400,0
E06000030,Swindon,Straight or Heterosexual,0,233400,0
E06000030,Swindon,Straight or Heterosexual,152653,233400,65.40402742073694
E06000030,Swindon,Straight or Heterosexual,7739,233400,3.3157669237360756
E06000030,Swindon,Straight or Heterosexual,3348,233400,1.4344473007712082
E06000030,Swindon,Straight or Heterosexual,4902,233400,2.1002570694087406
E06000030,Swindon,Gay or Lesbian,0,233400,0
E06000030,Swindon,Gay or Lesbian,2172,233400,0.9305912596401028
E06000030,Swindon,Gay or Lesbian,141,233400,0.060411311053984576
E06000030,Swindon,Gay or Lesbian,62,233400,0.026563838903170524
E06000030,Swindon,Gay or Lesbian,41,233400,0.017566409597257925
E06000030,Swindon,Bisexual,0,233400,0
E06000030,Swindon,Bisexual,2113,233400,0.9053127677806341
E06000030,Swindon,Bisexual,134,233400,0.05741216795201371
E06000030,Swindon,Bisexual,48,233400,0.02056555269922879
E06000030,Swindon,Bisexual,56,233400,0.023993144815766924
E06000030,Swindon,All other sexual orientations,0,233400,0
E06000030,Swindon,All other sexual orientations,505,233400,0.21636675235646957
E06000030,Swindon,All other sexual orientations,37,233400,0.015852613538988862
E06000030,Swindon,All other sexual orientations,14,233400,0.005998286203941731
E06000030,Swindon,All other sexual orientations,11,233400,0.004712939160239932
E06000030,Swindon,Not answered,0,233400,0
E06000030,Swindon,Not answered,12023,233400,5.151242502142245
E06000030,Swindon,Not answered,548,233400,0.23479005998286204
E06000030,Swindon,Not answered,221,233400,0.0946872322193659
E06000030,Swindon,Not answered,382,233400,0.1636675235646958
E06000031,Peterborough,Does not apply,0,215700,0
E06000031,Peterborough,Does not apply,0,215700,0
E06000031,Peterborough,Does not apply,0,215700,0
E06000031,Peterborough,Does not apply,0,215700,0
E06000031,Peterborough,Does not apply,0,215700,0
E06000031,Peterborough,Straight or Heterosexual,0,215700,0
E06000031,Peterborough,Straight or Heterosexual,135061,215700,62.61520630505331
E06000031,Peterborough,Straight or Heterosexual,6424,215700,2.9782104775150673
E06000031,Peterborough,Straight or Heterosexual,3390,215700,1.5716272600834493
E06000031,Peterborough,Straight or Heterosexual,4567,215700,2.117292535929532
E06000031,Peterborough,Gay or Lesbian,0,215700,0
E06000031,Peterborough,Gay or Lesbian,1718,215700,0.7964765878535003
E06000031,Peterborough,Gay or Lesbian,98,215700,0.045433472415391744
E06000031,Peterborough,Gay or Lesbian,37,215700,0.017153453871117292
E06000031,Peterborough,Gay or Lesbian,36,215700,0.016689847009735744
E06000031,Peterborough,Bisexual,0,215700,0
E06000031,Peterborough,Bisexual,1757,215700,0.8145572554473807
E06000031,Peterborough,Bisexual,75,215700,0.03477051460361613
E06000031,Peterborough,Bisexual,62,215700,0.028743625405656004
E06000031,Peterborough,Bisexual,73,215700,0.033843300880853036
E06000031,Peterborough,All other sexual orientations,0,215700,0
E06000031,Peterborough,All other sexual orientations,635,215700,0.2943903569772833
E06000031,Peterborough,All other sexual orientations,37,215700,0.017153453871117292
E06000031,Peterborough,All other sexual orientations,24,215700,0.011126564673157162
E06000031,Peterborough,All other sexual orientations,12,215700,0.005563282336578581
E06000031,Peterborough,Not answered,0,215700,0
E06000031,Peterborough,Not answered,12477,215700,5.78442280945758
E06000031,Peterborough,Not answered,466,215700,0.21604079740380158
E06000031,Peterborough,Not answered,274,215700,0.12702828001854427
E06000031,Peterborough,Not answered,350,215700,0.16226240148354196
E06000032,Luton,Does not apply,0,225300,0
E06000032,Luton,Does not apply,0,225300,0
E06000032,Luton,Does not apply,0,225300,0
E06000032,Luton,Does not apply,0,225300,0
E06000032,Luton,Does not apply,0,225300,0
E06000032,Luton,Straight or Heterosexual,0,225300,0
E06000032,Luton,Straight or Heterosexual,137658,225300,61.099866844207725
E06000032,Luton,Straight or Heterosexual,6157,225300,2.7328007101642253
E06000032,Luton,Straight or Heterosexual,3627,225300,1.6098535286284954
E06000032,Luton,Straight or Heterosexual,4298,225300,1.9076786506879715
E06000032,Luton,Gay or Lesbian,0,225300,0
E06000032,Luton,Gay or Lesbian,1292,225300,0.5734576120727918
E06000032,Luton,Gay or Lesbian,66,225300,0.02929427430093209
E06000032,Luton,Gay or Lesbian,35,225300,0.015534842432312472
E06000032,Luton,Gay or Lesbian,26,225300,0.01154016866400355
E06000032,Luton,Bisexual,0,225300,0
E06000032,Luton,Bisexual,1589,225300,0.7052818464269862
E06000032,Luton,Bisexual,77,225300,0.03417665335108744
E06000032,Luton,Bisexual,53,225300,0.023524189968930315
E06000032,Luton,Bisexual,34,225300,0.015090989791389259
E06000032,Luton,All other sexual orientations,0,225300,0
E06000032,Luton,All other sexual orientations,696,225300,0.30892143808255657
E06000032,Luton,All other sexual orientations,23,225300,0.010208610741233911
E06000032,Luton,All other sexual orientations,20,225300,0.00887705281846427
E06000032,Luton,All other sexual orientations,13,225300,0.005770084332001775
E06000032,Luton,Not answered,0,225300,0
E06000032,Luton,Not answered,15704,225300,6.970261873058145
E06000032,Luton,Not answered,540,225300,0.2396804260985353
E06000032,Luton,Not answered,332,225300,0.1473590767865069
E06000032,Luton,Not answered,455,225300,0.20195295162006213
E06000033,Southend-on-Sea,Does not apply,0,180700,0
E06000033,Southend-on-Sea,Does not apply,0,180700,0
E06000033,Southend-on-Sea,Does not apply,0,180700,0
E06000033,Southend-on-Sea,Does not apply,0,180700,0
E06000033,Southend-on-Sea,Does not apply,0,180700,0
E06000033,Southend-on-Sea,Straight or Heterosexual,0,180700,0
E06000033,Southend-on-Sea,Straight or Heterosexual,118192,180700,65.40785832872164
E06000033,Southend-on-Sea,Straight or Heterosexual,6497,180700,3.5954620918649693
E06000033,Southend-on-Sea,Straight or Heterosexual,2647,180700,1.4648588821250692
E06000033,Southend-on-Sea,Straight or Heterosexual,4123,180700,2.281682346430548
E06000033,Southend-on-Sea,Gay or Lesbian,0,180700,0
E06000033,Southend-on-Sea,Gay or Lesbian,2105,180700,1.1649142224681792
E06000033,Southend-on-Sea,Gay or Lesbian,121,180700,0.06696181516325402
E06000033,Southend-on-Sea,Gay or Lesbian,66,180700,0.036524626452684006
E06000033,Southend-on-Sea,Gay or Lesbian,49,180700,0.027116768123962368
E06000033,Southend-on-Sea,Bisexual,0,180700,0
E06000033,Southend-on-Sea,Bisexual,1693,180700,0.9369120088544549
E06000033,Southend-on-Sea,Bisexual,120,180700,0.06640841173215274
E06000033,Southend-on-Sea,Bisexual,56,180700,0.03099059214167128
E06000033,Southend-on-Sea,Bisexual,50,180700,0.02767017155506364
E06000033,Southend-on-Sea,All other sexual orientations,0,180700,0
E06000033,Southend-on-Sea,All other sexual orientations,409,180700,0.2263420033204206
E06000033,Southend-on-Sea,All other sexual orientations,28,180700,0.01549529607083564
E06000033,Southend-on-Sea,All other sexual orientations,17,180700,0.009407858328721638
E06000033,Southend-on-Sea,All other sexual orientations,15,180700,0.008301051466519093
E06000033,Southend-on-Sea,Not answered,0,180700,0
E06000033,Southend-on-Sea,Not answered,9272,180700,5.131156613171002
E06000033,Southend-on-Sea,Not answered,429,180700,0.23741007194244604
E06000033,Southend-on-Sea,Not answered,218,180700,0.12064194798007748
E06000033,Southend-on-Sea,Not answered,302,180700,0.1671278361925844
E06000034,Thurrock,Does not apply,0,176000,0
E06000034,Thurrock,Does not apply,0,176000,0
E06000034,Thurrock,Does not apply,0,176000,0
E06000034,Thurrock,Does not apply,0,176000,0
E06000034,Thurrock,Does not apply,0,176000,0
E06000034,Thurrock,Straight or Heterosexual,0,176000,0
E06000034,Thurrock,Straight or Heterosexual,113268,176000,64.35681818181818
E06000034,Thurrock,Straight or Heterosexual,5102,176000,2.8988636363636364
E06000034,Thurrock,Straight or Heterosexual,2591,176000,1.472159090909091
E06000034,Thurrock,Straight or Heterosexual,3719,176000,2.113068181818182
E06000034,Thurrock,Gay or Lesbian,0,176000,0
E06000034,Thurrock,Gay or Lesbian,1128,176000,0.6409090909090909
E06000034,Thurrock,Gay or Lesbian,74,176000,0.042045454545454546
E06000034,Thurrock,Gay or Lesbian,28,176000,0.015909090909090907
E06000034,Thurrock,Gay or Lesbian,29,176000,0.016477272727272726
E06000034,Thurrock,Bisexual,0,176000,0
E06000034,Thurrock,Bisexual,983,176000,0.5585227272727272
E06000034,Thurrock,Bisexual,56,176000,0.031818181818181815
E06000034,Thurrock,Bisexual,23,176000,0.013068181818181817
E06000034,Thurrock,Bisexual,32,176000,0.01818181818181818
E06000034,Thurrock,All other sexual orientations,0,176000,0
E06000034,Thurrock,All other sexual orientations,340,176000,0.19318181818181818
E06000034,Thurrock,All other sexual orientations,12,176000,0.006818181818181818
E06000034,Thurrock,All other sexual orientations,6,176000,0.003409090909090909
E06000034,Thurrock,All other sexual orientations,16,176000,0.00909090909090909
E06000034,Thurrock,Not answered,0,176000,0
E06000034,Thurrock,Not answered,8256,176000,4.6909090909090905
E06000034,Thurrock,Not answered,277,176000,0.15738636363636363
E06000034,Thurrock,Not answered,168,176000,0.09545454545454546
E06000034,Thurrock,Not answered,252,176000,0.1431818181818182
E06000035,Medway,Does not apply,0,279800,0
E06000035,Medway,Does not apply,0,279800,0
E06000035,Medway,Does not apply,0,279800,0
E06000035,Medway,Does not apply,0,279800,0
E06000035,Medway,Does not apply,0,279800,0
E06000035,Medway,Straight or Heterosexual,0,279800,0
E06000035,Medway,Straight or Heterosexual,181477,279800,64.85954253037885
E06000035,Medway,Straight or Heterosexual,9090,279800,3.248749106504646
E06000035,Medway,Straight or Heterosexual,4411,279800,1.576483202287348
E06000035,Medway,Straight or Heterosexual,6717,279800,2.4006433166547536
E06000035,Medway,Gay or Lesbian,0,279800,0
E06000035,Medway,Gay or Lesbian,2674,279800,0.9556826304503216
E06000035,Medway,Gay or Lesbian,165,279800,0.05897069335239457
E06000035,Medway,Gay or Lesbian,70,279800,0.02501786990707648
E06000035,Medway,Gay or Lesbian,69,279800,0.02466047176554682
E06000035,Medway,Bisexual,0,279800,0
E06000035,Medway,Bisexual,2240,279800,0.8005718370264474
E06000035,Medway,Bisexual,142,279800,0.05075053609721229
E06000035,Medway,Bisexual,53,279800,0.018942101501072194
E06000035,Medway,Bisexual,94,279800,0.03359542530378842
E06000035,Medway,All other sexual orientations,0,279800,0
E06000035,Medway,All other sexual orientations,597,279800,0.21336669049320944
E06000035,Medway,All other sexual orientations,38,279800,0.013581129378127233
E06000035,Medway,All other sexual orientations,20,279800,0.007147962830593281
E06000035,Medway,All other sexual orientations,19,279800,0.006790564689063617
E06000035,Medway,Not answered,0,279800,0
E06000035,Medway,Not answered,13575,279800,4.851679771265189
E06000035,Medway,Not answered,563,279800,0.20121515368120085
E06000035,Medway,Not answered,318,279800,0.11365260900643316
E06000035,Medway,Not answered,424,279800,0.15153681200857755
E06000036,Bracknell Forest,Does not apply,0,124600,0
E06000036,Bracknell Forest,Does not apply,0,124600,0
E06000036,Bracknell Forest,Does not apply,0,124600,0
E06000036,Bracknell Forest,Does not apply,0,124600,0
E06000036,Bracknell Forest,Does not apply,0,124600,0
E06000036,Bracknell Forest,Straight or Heterosexual,0,124600,0
E06000036,Bracknell Forest,Straight or Heterosexual,83408,124600,66.9406099518459
E06000036,Bracknell Forest,Straight or Heterosexual,4275,124600,3.4309791332263244
E06000036,Bracknell Forest,Straight or Heterosexual,1409,124600,1.1308186195826646
E06000036,Bracknell Forest,Straight or Heterosexual,2210,124600,1.7736757624398074
E06000036,Bracknell Forest,Gay or Lesbian,0,124600,0
E06000036,Bracknell Forest,Gay or Lesbian,1204,124600,0.9662921348314607
E06000036,Bracknell Forest,Gay or Lesbian,79,124600,0.06340288924558588
E06000036,Bracknell Forest,Gay or Lesbian,19,124600,0.015248796147672551
E06000036,Bracknell Forest,Gay or Lesbian,21,124600,0.016853932584269662
E06000036,Bracknell Forest,Bisexual,0,124600,0
E06000036,Bracknell Forest,Bisexual,939,124600,0.7536115569823435
E06000036,Bracknell Forest,Bisexual,53,124600,0.04253611556982344
E06000036,Bracknell Forest,Bisexual,23,124600,0.018459069020866775
E06000036,Bracknell Forest,Bisexual,17,124600,0.013643659711075442
E06000036,Bracknell Forest,All other sexual orientations,0,124600,0
E06000036,Bracknell Forest,All other sexual orientations,237,124600,0.19020866773675763
E06000036,Bracknell Forest,All other sexual orientations,9,124600,0.0072231139646869984
E06000036,Bracknell Forest,All other sexual orientations,2,124600,0.0016051364365971107
E06000036,Bracknell Forest,All other sexual orientations,13,124600,0.01043338683788122
E06000036,Bracknell Forest,Not answered,0,124600,0
E06000036,Bracknell Forest,Not answered,5533,124600,4.440609951845907
E06000036,Bracknell Forest,Not answered,255,124600,0.20465489566613163
E06000036,Bracknell Forest,Not answered,94,124600,0.0754414125200642
E06000036,Bracknell Forest,Not answered,132,124600,0.10593900481540931
E06000037,West Berkshire,Does not apply,0,161400,0
E06000037,West Berkshire,Does not apply,0,161400,0
E06000037,West Berkshire,Does not apply,0,161400,0
E06000037,West Berkshire,Does not apply,0,161400,0
E06000037,West Berkshire,Does not apply,0,161400,0
E06000037,West Berkshire,Straight or Heterosexual,0,161400,0
E06000037,West Berkshire,Straight or Heterosexual,108452,161400,67.19454770755885
E06000037,West Berkshire,Straight or Heterosexual,6168,161400,3.8215613382899627
E06000037,West Berkshire,Straight or Heterosexual,1731,161400,1.0724907063197027
E06000037,West Berkshire,Straight or Heterosexual,2907,161400,1.8011152416356877
E06000037,West Berkshire,Gay or Lesbian,0,161400,0
E06000037,West Berkshire,Gay or Lesbian,1308,161400,0.8104089219330854
E06000037,West Berkshire,Gay or Lesbian,72,161400,0.04460966542750929
E06000037,West Berkshire,Gay or Lesbian,19,161400,0.011771995043370507
E06000037,West Berkshire,Gay or Lesbian,19,161400,0.011771995043370507
E06000037,West Berkshire,Bisexual,0,161400,0
E06000037,West Berkshire,Bisexual,1160,161400,0.7187112763320942
E06000037,West Berkshire,Bisexual,79,161400,0.04894671623296159
E06000037,West Berkshire,Bisexual,20,161400,0.012391573729863693
E06000037,West Berkshire,Bisexual,33,161400,0.020446096654275093
E06000037,West Berkshire,All other sexual orientations,0,161400,0
E06000037,West Berkshire,All other sexual orientations,270,161400,0.16728624535315986
E06000037,West Berkshire,All other sexual orientations,22,161400,0.013630731102850062
E06000037,West Berkshire,All other sexual orientations,6,161400,0.0037174721189591076
E06000037,West Berkshire,All other sexual orientations,9,161400,0.0055762081784386614
E06000037,West Berkshire,Not answered,0,161400,0
E06000037,West Berkshire,Not answered,7743,161400,4.797397769516729
E06000037,West Berkshire,Not answered,379,161400,0.23482032218091697
E06000037,West Berkshire,Not answered,131,161400,0.0811648079306072
E06000037,West Berkshire,Not answered,206,161400,0.12763320941759604
E06000038,Reading,Does not apply,0,174200,0
E06000038,Reading,Does not apply,0,174200,0
E06000038,Reading,Does not apply,0,174200,0
E06000038,Reading,Does not apply,0,174200,0
E06000038,Reading,Does not apply,0,174200,0
E06000038,Reading,Straight or Heterosexual,0,174200,0
E06000038,Reading,Straight or Heterosexual,113153,174200,64.95579793340987
E06000038,Reading,Straight or Heterosexual,4735,174200,2.7181400688863375
E06000038,Reading,Straight or Heterosexual,2170,174200,1.245694603903559
E06000038,Reading,Straight or Heterosexual,2673,174200,1.534443168771527
E06000038,Reading,Gay or Lesbian,0,174200,0
E06000038,Reading,Gay or Lesbian,2134,174200,1.225028702640643
E06000038,Reading,Gay or Lesbian,105,174200,0.06027554535017222
E06000038,Reading,Gay or Lesbian,35,174200,0.020091848450057407
E06000038,Reading,Gay or Lesbian,22,174200,0.012629161882893225
E06000038,Reading,Bisexual,0,174200,0
E06000038,Reading,Bisexual,2613,174200,1.5
E06000038,Reading,Bisexual,109,174200,0.06257175660160735
E06000038,Reading,Bisexual,40,174200,0.022962112514351322
E06000038,Reading,Bisexual,29,174200,0.016647531572904706
E06000038,Reading,All other sexual orientations,0,174200,0
E06000038,Reading,All other sexual orientations,726,174200,0.41676234213547647
E06000038,Reading,All other sexual orientations,44,174200,0.02525832376578645
E06000038,Reading,All other sexual orientations,19,174200,0.010907003444316877
E06000038,Reading,All other sexual orientations,13,174200,0.007462686567164179
E06000038,Reading,Not answered,0,174200,0
E06000038,Reading,Not answered,11923,174200,6.84443168771527
E06000038,Reading,Not answered,341,174200,0.195752009184845
E06000038,Reading,Not answered,209,174200,0.11997703788748565
E06000038,Reading,Not answered,268,174200,0.15384615384615385
E06000039,Slough,Does not apply,0,158500,0
E06000039,Slough,Does not apply,0,158500,0
E06000039,Slough,Does not apply,0,158500,0
E06000039,Slough,Does not apply,0,158500,0
E06000039,Slough,Does not apply,0,158500,0
E06000039,Slough,Straight or Heterosexual,0,158500,0
E06000039,Slough,Straight or Heterosexual,96017,158500,60.578548895899054
E06000039,Slough,Straight or Heterosexual,3956,158500,2.49589905362776
E06000039,Slough,Straight or Heterosexual,2334,158500,1.4725552050473185
E06000039,Slough,Straight or Heterosexual,2636,158500,1.6630914826498422
E06000039,Slough,Gay or Lesbian,0,158500,0
E06000039,Slough,Gay or Lesbian,733,158500,0.4624605678233438
E06000039,Slough,Gay or Lesbian,40,158500,0.025236593059936908
E06000039,Slough,Gay or Lesbian,13,158500,0.008201892744479496
E06000039,Slough,Gay or Lesbian,20,158500,0.012618296529968454
E06000039,Slough,Bisexual,0,158500,0
E06000039,Slough,Bisexual,1024,158500,0.6460567823343849
E06000039,Slough,Bisexual,30,158500,0.01892744479495268
E06000039,Slough,Bisexual,19,158500,0.011987381703470032
E06000039,Slough,Bisexual,22,158500,0.0138801261829653
E06000039,Slough,All other sexual orientations,0,158500,0
E06000039,Slough,All other sexual orientations,394,158500,0.24858044164037854
E06000039,Slough,All other sexual orientations,13,158500,0.008201892744479496
E06000039,Slough,All other sexual orientations,2,158500,0.0012618296529968455
E06000039,Slough,All other sexual orientations,5,158500,0.0031545741324921135
E06000039,Slough,Not answered,0,158500,0
E06000039,Slough,Not answered,10816,158500,6.82397476340694
E06000039,Slough,Not answered,321,158500,0.2025236593059937
E06000039,Slough,Not answered,250,158500,0.15772870662460567
E06000039,Slough,Not answered,290,158500,0.1829652996845426
E06000040,Windsor and Maidenhead,Does not apply,0,153500,0
E06000040,Windsor and Maidenhead,Does not apply,0,153500,0
E06000040,Windsor and Maidenhead,Does not apply,0,153500,0
E06000040,Windsor and Maidenhead,Does not apply,0,153500,0
E06000040,Windsor and Maidenhead,Does not apply,0,153500,0
E06000040,Windsor and Maidenhead,Straight or Heterosexual,0,153500,0
E06000040,Windsor and Maidenhead,Straight or Heterosexual,102493,153500,66.77068403908795
E06000040,Windsor and Maidenhead,Straight or Heterosexual,5579,153500,3.634527687296417
E06000040,Windsor and Maidenhead,Straight or Heterosexual,1667,153500,1.0859934853420194
E06000040,Windsor and Maidenhead,Straight or Heterosexual,2472,153500,1.6104234527687296
E06000040,Windsor and Maidenhead,Gay or Lesbian,0,153500,0
E06000040,Windsor and Maidenhead,Gay or Lesbian,1454,153500,0.9472312703583062
E06000040,Windsor and Maidenhead,Gay or Lesbian,79,153500,0.051465798045602605
E06000040,Windsor and Maidenhead,Gay or Lesbian,26,153500,0.016938110749185668
E06000040,Windsor and Maidenhead,Gay or Lesbian,24,153500,0.015635179153094463
E06000040,Windsor and Maidenhead,Bisexual,0,153500,0
E06000040,Windsor and Maidenhead,Bisexual,933,153500,0.6078175895765472
E06000040,Windsor and Maidenhead,Bisexual,48,153500,0.031270358306188926
E06000040,Windsor and Maidenhead,Bisexual,12,153500,0.007817589576547232
E06000040,Windsor and Maidenhead,Bisexual,17,153500,0.011074918566775244
E06000040,Windsor and Maidenhead,All other sexual orientations,0,153500,0
E06000040,Windsor and Maidenhead,All other sexual orientations,237,153500,0.1543973941368078
E06000040,Windsor and Maidenhead,All other sexual orientations,12,153500,0.007817589576547232
E06000040,Windsor and Maidenhead,All other sexual orientations,8,153500,0.005211726384364821
E06000040,Windsor and Maidenhead,All other sexual orientations,1,153500,6.514657980456026e-4
E06000040,Windsor and Maidenhead,Not answered,0,153500,0
E06000040,Windsor and Maidenhead,Not answered,7921,153500,5.160260586319218
E06000040,Windsor and Maidenhead,Not answered,351,153500,0.22866449511400652
E06000040,Windsor and Maidenhead,Not answered,146,153500,0.09511400651465798
E06000040,Windsor and Maidenhead,Not answered,195,153500,0.1270358306188925
E06000041,Wokingham,Does not apply,0,177500,0
E06000041,Wokingham,Does not apply,0,177500,0
E06000041,Wokingham,Does not apply,0,177500,0
E06000041,Wokingham,Does not apply,0,177500,0
E06000041,Wokingham,Does not apply,0,177500,0
E06000041,Wokingham,Straight or Heterosexual,0,177500,0
E06000041,Wokingham,Straight or Heterosexual,117391,177500,66.13577464788733
E06000041,Wokingham,Straight or Heterosexual,6529,177500,3.6783098591549295
E06000041,Wokingham,Straight or Heterosexual,1788,177500,1.0073239436619719
E06000041,Wokingham,Straight or Heterosexual,2718,177500,1.5312676056338028
E06000041,Wokingham,Gay or Lesbian,0,177500,0
E06000041,Wokingham,Gay or Lesbian,1362,177500,0.7673239436619719
E06000041,Wokingham,Gay or Lesbian,72,177500,0.04056338028169014
E06000041,Wokingham,Gay or Lesbian,16,177500,0.009014084507042254
E06000041,Wokingham,Gay or Lesbian,17,177500,0.009577464788732394
E06000041,Wokingham,Bisexual,0,177500,0
E06000041,Wokingham,Bisexual,1222,177500,0.6884507042253522
E06000041,Wokingham,Bisexual,42,177500,0.023661971830985916
E06000041,Wokingham,Bisexual,21,177500,0.011830985915492958
E06000041,Wokingham,Bisexual,24,177500,0.013521126760563381
E06000041,Wokingham,All other sexual orientations,0,177500,0
E06000041,Wokingham,All other sexual orientations,329,177500,0.18535211267605634
E06000041,Wokingham,All other sexual orientations,19,177500,0.010704225352112675
E06000041,Wokingham,All other sexual orientations,4,177500,0.0022535211267605635
E06000041,Wokingham,All other sexual orientations,12,177500,0.0067605633802816905
E06000041,Wokingham,Not answered,0,177500,0
E06000041,Wokingham,Not answered,8507,177500,4.792676056338028
E06000041,Wokingham,Not answered,400,177500,0.22535211267605634
E06000041,Wokingham,Not answered,121,177500,0.06816901408450704
E06000041,Wokingham,Not answered,225,177500,0.1267605633802817
E06000042,Milton Keynes,Does not apply,0,287000,0
E06000042,Milton Keynes,Does not apply,0,287000,0
E06000042,Milton Keynes,Does not apply,0,287000,0
E06000042,Milton Keynes,Does not apply,0,287000,0
E06000042,Milton Keynes,Does not apply,0,287000,0
E06000042,Milton Keynes,Straight or Heterosexual,0,287000,0
E06000042,Milton Keynes,Straight or Heterosexual,183831,287000,64.05261324041813
E06000042,Milton Keynes,Straight or Heterosexual,8917,287000,3.1069686411149826
E06000042,Milton Keynes,Straight or Heterosexual,3920,287000,1.3658536585365855
E06000042,Milton Keynes,Straight or Heterosexual,5415,287000,1.886759581881533
E06000042,Milton Keynes,Gay or Lesbian,0,287000,0
E06000042,Milton Keynes,Gay or Lesbian,2485,287000,0.8658536585365854
E06000042,Milton Keynes,Gay or Lesbian,169,287000,0.058885017421602785
E06000042,Milton Keynes,Gay or Lesbian,53,287000,0.018466898954703832
E06000042,Milton Keynes,Gay or Lesbian,50,287000,0.017421602787456445
E06000042,Milton Keynes,Bisexual,0,287000,0
E06000042,Milton Keynes,Bisexual,2534,287000,0.8829268292682927
E06000042,Milton Keynes,Bisexual,149,287000,0.05191637630662021
E06000042,Milton Keynes,Bisexual,65,287000,0.02264808362369338
E06000042,Milton Keynes,Bisexual,59,287000,0.020557491289198607
E06000042,Milton Keynes,All other sexual orientations,0,287000,0
E06000042,Milton Keynes,All other sexual orientations,698,287000,0.243205574912892
E06000042,Milton Keynes,All other sexual orientations,45,287000,0.0156794425087108
E06000042,Milton Keynes,All other sexual orientations,15,287000,0.005226480836236934
E06000042,Milton Keynes,All other sexual orientations,19,287000,0.00662020905923345
E06000042,Milton Keynes,Not answered,0,287000,0
E06000042,Milton Keynes,Not answered,15118,287000,5.267595818815331
E06000042,Milton Keynes,Not answered,588,287000,0.2048780487804878
E06000042,Milton Keynes,Not answered,301,287000,0.1048780487804878
E06000042,Milton Keynes,Not answered,401,287000,0.1397212543554007
E06000043,Brighton and Hove,Does not apply,0,277200,0
E06000043,Brighton and Hove,Does not apply,0,277200,0
E06000043,Brighton and Hove,Does not apply,0,277200,0
E06000043,Brighton and Hove,Does not apply,0,277200,0
E06000043,Brighton and Hove,Does not apply,0,277200,0
E06000043,Brighton and Hove,Straight or Heterosexual,0,277200,0
E06000043,Brighton and Hove,Straight or Heterosexual,172804,277200,62.33910533910534
E06000043,Brighton and Hove,Straight or Heterosexual,8884,277200,3.2049062049062047
E06000043,Brighton and Hove,Straight or Heterosexual,3377,277200,1.2182539682539681
E06000043,Brighton and Hove,Straight or Heterosexual,4680,277200,1.6883116883116882
E06000043,Brighton and Hove,Gay or Lesbian,0,277200,0
E06000043,Brighton and Hove,Gay or Lesbian,12661,277200,4.567460317460317
E06000043,Brighton and Hove,Gay or Lesbian,699,277200,0.25216450216450215
E06000043,Brighton and Hove,Gay or Lesbian,159,277200,0.05735930735930736
E06000043,Brighton and Hove,Gay or Lesbian,207,277200,0.07467532467532467
E06000043,Brighton and Hove,Bisexual,0,277200,0
E06000043,Brighton and Hove,Bisexual,8245,277200,2.9743867243867244
E06000043,Brighton and Hove,Bisexual,457,277200,0.16486291486291485
E06000043,Brighton and Hove,Bisexual,111,277200,0.04004329004329004
E06000043,Brighton and Hove,Bisexual,103,277200,0.03715728715728716
E06000043,Brighton and Hove,All other sexual orientations,0,277200,0
E06000043,Brighton and Hove,All other sexual orientations,2340,277200,0.8441558441558441
E06000043,Brighton and Hove,All other sexual orientations,185,277200,0.06673881673881674
E06000043,Brighton and Hove,All other sexual orientations,33,277200,0.011904761904761904
E06000043,Brighton and Hove,All other sexual orientations,47,277200,0.016955266955266956
E06000043,Brighton and Hove,Not answered,0,277200,0
E06000043,Brighton and Hove,Not answered,18871,277200,6.807720057720058
E06000043,Brighton and Hove,Not answered,858,277200,0.30952380952380953
E06000043,Brighton and Hove,Not answered,304,277200,0.10966810966810966
E06000043,Brighton and Hove,Not answered,340,277200,0.12265512265512266
E06000044,Portsmouth,Does not apply,0,208100,0
E06000044,Portsmouth,Does not apply,0,208100,0
E06000044,Portsmouth,Does not apply,0,208100,0
E06000044,Portsmouth,Does not apply,0,208100,0
E06000044,Portsmouth,Does not apply,0,208100,0
E06000044,Portsmouth,Straight or Heterosexual,0,208100,0
E06000044,Portsmouth,Straight or Heterosexual,136423,208100,65.55646323882749
E06000044,Portsmouth,Straight or Heterosexual,6308,208100,3.0312349831811627
E06000044,Portsmouth,Straight or Heterosexual,2858,208100,1.3733781835655934
E06000044,Portsmouth,Straight or Heterosexual,4175,208100,2.0062469966362326
E06000044,Portsmouth,Gay or Lesbian,0,208100,0
E06000044,Portsmouth,Gay or Lesbian,3080,208100,1.4800576645843344
E06000044,Portsmouth,Gay or Lesbian,182,208100,0.08745795290725612
E06000044,Portsmouth,Gay or Lesbian,69,208100,0.03315713599231139
E06000044,Portsmouth,Gay or Lesbian,57,208100,0.02739067755886593
E06000044,Portsmouth,Bisexual,0,208100,0
E06000044,Portsmouth,Bisexual,3371,208100,1.6198942815953867
E06000044,Portsmouth,Bisexual,158,208100,0.07592503604036521
E06000044,Portsmouth,Bisexual,61,208100,0.029312830370014416
E06000044,Portsmouth,Bisexual,80,208100,0.03844305622296973
E06000044,Portsmouth,All other sexual orientations,0,208100,0
E06000044,Portsmouth,All other sexual orientations,801,208100,0.3849111004324844
E06000044,Portsmouth,All other sexual orientations,44,208100,0.02114368092263335
E06000044,Portsmouth,All other sexual orientations,12,208100,0.005766458433445459
E06000044,Portsmouth,All other sexual orientations,25,208100,0.012013455069678039
E06000044,Portsmouth,Not answered,0,208100,0
E06000044,Portsmouth,Not answered,12153,208100,5.8399807784718885
E06000044,Portsmouth,Not answered,432,208100,0.20759250360403653
E06000044,Portsmouth,Not answered,223,208100,0.10716001922152811
E06000044,Portsmouth,Not answered,307,208100,0.14752522825564632
E06000045,Southampton,Does not apply,0,249000,0
E06000045,Southampton,Does not apply,0,249000,0
E06000045,Southampton,Does not apply,0,249000,0
E06000045,Southampton,Does not apply,0,249000,0
E06000045,Southampton,Does not apply,0,249000,0
E06000045,Southampton,Straight or Heterosexual,0,249000,0
E06000045,Southampton,Straight or Heterosexual,161513,249000,64.86465863453816
E06000045,Southampton,Straight or Heterosexual,7199,249000,2.8911646586345383
E06000045,Southampton,Straight or Heterosexual,3494,249000,1.4032128514056226
E06000045,Southampton,Straight or Heterosexual,5111,249000,2.0526104417670683
E06000045,Southampton,Gay or Lesbian,0,249000,0
E06000045,Southampton,Gay or Lesbian,3711,249000,1.4903614457831325
E06000045,Southampton,Gay or Lesbian,202,249000,0.08112449799196787
E06000045,Southampton,Gay or Lesbian,81,249000,0.03253012048192771
E06000045,Southampton,Gay or Lesbian,76,249000,0.030522088353413655
E06000045,Southampton,Bisexual,0,249000,0
E06000045,Southampton,Bisexual,4471,249000,1.795582329317269
E06000045,Southampton,Bisexual,193,249000,0.07751004016064257
E06000045,Southampton,Bisexual,88,249000,0.035341365461847386
E06000045,Southampton,Bisexual,78,249000,0.03132530120481928
E06000045,Southampton,All other sexual orientations,0,249000,0
E06000045,Southampton,All other sexual orientations,1068,249000,0.42891566265060244
E06000045,Southampton,All other sexual orientations,64,249000,0.02570281124497992
E06000045,Southampton,All other sexual orientations,21,249000,0.008433734939759036
E06000045,Southampton,All other sexual orientations,28,249000,0.011244979919678716
E06000045,Southampton,Not answered,0,249000,0
E06000045,Southampton,Not answered,15781,249000,6.337751004016064
E06000045,Southampton,Not answered,530,249000,0.21285140562248997
E06000045,Southampton,Not answered,265,249000,0.10642570281124498
E06000045,Southampton,Not answered,393,249000,0.1578313253012048
E06000046,Isle of Wight,Does not apply,0,140400,0
E06000046,Isle of Wight,Does not apply,0,140400,0
E06000046,Isle of Wight,Does not apply,0,140400,0
E06000046,Isle of Wight,Does not apply,0,140400,0
E06000046,Isle of Wight,Does not apply,0,140400,0
E06000046,Isle of Wight,Straight or Heterosexual,0,140400,0
E06000046,Isle of Wight,Straight or Heterosexual,94471,140400,67.28703703703704
E06000046,Isle of Wight,Straight or Heterosexual,5838,140400,4.1581196581196584
E06000046,Isle of Wight,Straight or Heterosexual,2362,140400,1.6823361823361824
E06000046,Isle of Wight,Straight or Heterosexual,4321,140400,3.0776353276353277
E06000046,Isle of Wight,Gay or Lesbian,0,140400,0
E06000046,Isle of Wight,Gay or Lesbian,1362,140400,0.9700854700854701
E06000046,Isle of Wight,Gay or Lesbian,112,140400,0.07977207977207977
E06000046,Isle of Wight,Gay or Lesbian,34,140400,0.024216524216524215
E06000046,Isle of Wight,Gay or Lesbian,42,140400,0.029914529914529916
E06000046,Isle of Wight,Bisexual,0,140400,0
E06000046,Isle of Wight,Bisexual,1225,140400,0.8725071225071225
E06000046,Isle of Wight,Bisexual,100,140400,0.07122507122507123
E06000046,Isle of Wight,Bisexual,42,140400,0.029914529914529916
E06000046,Isle of Wight,Bisexual,48,140400,0.03418803418803419
E06000046,Isle of Wight,All other sexual orientations,0,140400,0
E06000046,Isle of Wight,All other sexual orientations,277,140400,0.1972934472934473
E06000046,Isle of Wight,All other sexual orientations,23,140400,0.01638176638176638
E06000046,Isle of Wight,All other sexual orientations,10,140400,0.007122507122507123
E06000046,Isle of Wight,All other sexual orientations,9,140400,0.00641025641025641
E06000046,Isle of Wight,Not answered,0,140400,0
E06000046,Isle of Wight,Not answered,8279,140400,5.896723646723647
E06000046,Isle of Wight,Not answered,398,140400,0.28347578347578345
E06000046,Isle of Wight,Not answered,188,140400,0.1339031339031339
E06000046,Isle of Wight,Not answered,439,140400,0.3126780626780627
E06000047,County Durham,Does not apply,0,522100,0
E06000047,County Durham,Does not apply,0,522100,0
E06000047,County Durham,Does not apply,0,522100,0
E06000047,County Durham,Does not apply,0,522100,0
E06000047,County Durham,Does not apply,0,522100,0
E06000047,County Durham,Straight or Heterosexual,0,522100,0
E06000047,County Durham,Straight or Heterosexual,348496,522100,66.7488986784141
E06000047,County Durham,Straight or Heterosexual,20261,522100,3.8806742003447616
E06000047,County Durham,Straight or Heterosexual,10874,522100,2.082742769584371
E06000047,County Durham,Straight or Heterosexual,16922,522100,3.241141543765562
E06000047,County Durham,Gay or Lesbian,0,522100,0
E06000047,County Durham,Gay or Lesbian,5396,522100,1.0335184830492243
E06000047,County Durham,Gay or Lesbian,348,522100,0.06665389772074315
E06000047,County Durham,Gay or Lesbian,200,522100,0.03830683777054204
E06000047,County Durham,Gay or Lesbian,198,522100,0.03792376939283662
E06000047,County Durham,Bisexual,0,522100,0
E06000047,County Durham,Bisexual,4606,522100,0.8822064738555833
E06000047,County Durham,Bisexual,274,522100,0.052480367745642596
E06000047,County Durham,Bisexual,117,522100,0.022409500095767095
E06000047,County Durham,Bisexual,160,522100,0.030645470216433632
E06000047,County Durham,All other sexual orientations,0,522100,0
E06000047,County Durham,All other sexual orientations,941,522100,0.1802336717104003
E06000047,County Durham,All other sexual orientations,67,522100,0.012832790653131584
E06000047,County Durham,All other sexual orientations,25,522100,0.004788354721317755
E06000047,County Durham,All other sexual orientations,41,522100,0.007852901742961119
E06000047,County Durham,Not answered,0,522100,0
E06000047,County Durham,Not answered,22623,522100,4.333077954414863
E06000047,County Durham,Not answered,950,522100,0.1819574794100747
E06000047,County Durham,Not answered,578,522100,0.1107067611568665
E06000047,County Durham,Not answered,885,522100,0.16950775713464852
E06000049,Cheshire East,Does not apply,0,398800,0
E06000049,Cheshire East,Does not apply,0,398800,0
E06000049,Cheshire East,Does not apply,0,398800,0
E06000049,Cheshire East,Does not apply,0,398800,0
E06000049,Cheshire East,Does not apply,0,398800,0
E06000049,Cheshire East,Straight or Heterosexual,0,398800,0
E06000049,Cheshire East,Straight or Heterosexual,270128,398800,67.73520561685055
E06000049,Cheshire East,Straight or Heterosexual,16865,398800,4.228936810431294
E06000049,Cheshire East,Straight or Heterosexual,5573,398800,1.3974423269809428
E06000049,Cheshire East,Straight or Heterosexual,8824,398800,2.2126379137412235
E06000049,Cheshire East,Gay or Lesbian,0,398800,0
E06000049,Cheshire East,Gay or Lesbian,3810,398800,0.9553660982948846
E06000049,Cheshire East,Gay or Lesbian,248,398800,0.062186559679037114
E06000049,Cheshire East,Gay or Lesbian,88,398800,0.022066198595787363
E06000049,Cheshire East,Gay or Lesbian,90,398800,0.022567703109327986
E06000049,Cheshire East,Bisexual,0,398800,0
E06000049,Cheshire East,Bisexual,2681,398800,0.6722668004012036
E06000049,Cheshire East,Bisexual,178,398800,0.044633901705115345
E06000049,Cheshire East,Bisexual,53,398800,0.01328986960882648
E06000049,Cheshire East,Bisexual,70,398800,0.017552657973921765
E06000049,Cheshire East,All other sexual orientations,0,398800,0
E06000049,Cheshire East,All other sexual orientations,798,398800,0.2001003009027081
E06000049,Cheshire East,All other sexual orientations,47,398800,0.011785356068204614
E06000049,Cheshire East,All other sexual orientations,23,398800,0.005767301905717151
E06000049,Cheshire East,All other sexual orientations,13,398800,0.003259779338014042
E06000049,Cheshire East,Not answered,0,398800,0
E06000049,Cheshire East,Not answered,18139,398800,4.54839518555667
E06000049,Cheshire East,Not answered,940,398800,0.23570712136409228
E06000049,Cheshire East,Not answered,333,398800,0.08350050150451355
E06000049,Cheshire East,Not answered,570,398800,0.14292878635907724
E06000050,Cheshire West and Chester,Does not apply,0,357200,0
E06000050,Cheshire West and Chester,Does not apply,0,357200,0
E06000050,Cheshire West and Chester,Does not apply,0,357200,0
E06000050,Cheshire West and Chester,Does not apply,0,357200,0
E06000050,Cheshire West and Chester,Does not apply,0,357200,0
E06000050,Cheshire West and Chester,Straight or Heterosexual,0,357200,0
E06000050,Cheshire West and Chester,Straight or Heterosexual,239812,357200,67.13661814109743
E06000050,Cheshire West and Chester,Straight or Heterosexual,14752,357200,4.12989921612542
E06000050,Cheshire West and Chester,Straight or Heterosexual,5698,357200,1.5951847704367301
E06000050,Cheshire West and Chester,Straight or Heterosexual,9057,357200,2.5355543113101904
E06000050,Cheshire West and Chester,Gay or Lesbian,0,357200,0
E06000050,Cheshire West and Chester,Gay or Lesbian,3807,357200,1.0657894736842106
E06000050,Cheshire West and Chester,Gay or Lesbian,258,357200,0.07222844344904815
E06000050,Cheshire West and Chester,Gay or Lesbian,94,357200,0.02631578947368421
E06000050,Cheshire West and Chester,Gay or Lesbian,96,357200,0.026875699888017916
E06000050,Cheshire West and Chester,Bisexual,0,357200,0
E06000050,Cheshire West and Chester,Bisexual,2884,357200,0.8073908174692049
E06000050,Cheshire West and Chester,Bisexual,177,357200,0.04955207166853304
E06000050,Cheshire West and Chester,Bisexual,72,357200,0.020156774916013438
E06000050,Cheshire West and Chester,Bisexual,105,357200,0.029395296752519597
E06000050,Cheshire West and Chester,All other sexual orientations,0,357200,0
E06000050,Cheshire West and Chester,All other sexual orientations,730,357200,0.2043673012318029
E06000050,Cheshire West and Chester,All other sexual orientations,44,357200,0.012318029115341545
E06000050,Cheshire West and Chester,All other sexual orientations,27,357200,0.0075587905935050395
E06000050,Cheshire West and Chester,All other sexual orientations,17,357200,0.004759238521836506
E06000050,Cheshire West and Chester,Not answered,0,357200,0
E06000050,Cheshire West and Chester,Not answered,16005,357200,4.4806830907054875
E06000050,Cheshire West and Chester,Not answered,818,357200,0.229003359462486
E06000050,Cheshire West and Chester,Not answered,344,357200,0.09630459126539753
E06000050,Cheshire West and Chester,Not answered,559,357200,0.15649496080627098
E06000051,Shropshire,Does not apply,0,323600,0
E06000051,Shropshire,Does not apply,0,323600,0
E06000051,Shropshire,Does not apply,0,323600,0
E06000051,Shropshire,Does not apply,0,323600,0
E06000051,Shropshire,Does not apply,0,323600,0
E06000051,Shropshire,Straight or Heterosexual,0,323600,0
E06000051,Shropshire,Straight or Heterosexual,219807,323600,67.92552533992584
E06000051,Shropshire,Straight or Heterosexual,14098,323600,4.356613102595797
E06000051,Shropshire,Straight or Heterosexual,4937,323600,1.5256489493201484
E06000051,Shropshire,Straight or Heterosexual,7708,323600,2.3819530284301607
E06000051,Shropshire,Gay or Lesbian,0,323600,0
E06000051,Shropshire,Gay or Lesbian,2798,323600,0.8646477132262052
E06000051,Shropshire,Gay or Lesbian,246,323600,0.07601977750309023
E06000051,Shropshire,Gay or Lesbian,87,323600,0.02688504326328801
E06000051,Shropshire,Gay or Lesbian,62,323600,0.019159456118665017
E06000051,Shropshire,Bisexual,0,323600,0
E06000051,Shropshire,Bisexual,2333,323600,0.7209517923362175
E06000051,Shropshire,Bisexual,152,323600,0.04697156983930779
E06000051,Shropshire,Bisexual,59,323600,0.01823238566131026
E06000051,Shropshire,Bisexual,72,323600,0.022249690976514216
E06000051,Shropshire,All other sexual orientations,0,323600,0
E06000051,Shropshire,All other sexual orientations,452,323600,0.13967861557478367
E06000051,Shropshire,All other sexual orientations,29,323600,0.00896168108776267
E06000051,Shropshire,All other sexual orientations,9,323600,0.002781211372064277
E06000051,Shropshire,All other sexual orientations,17,323600,0.005253399258343634
E06000051,Shropshire,Not answered,0,323600,0
E06000051,Shropshire,Not answered,17495,323600,5.40636588380717
E06000051,Shropshire,Not answered,891,323600,0.2753399258343634
E06000051,Shropshire,Not answered,360,323600,0.11124845488257108
E06000051,Shropshire,Not answered,632,323600,0.19530284301606923
E06000052,Cornwall,Does not apply,0,570300,0
E06000052,Cornwall,Does not apply,0,570300,0
E06000052,Cornwall,Does not apply,0,570300,0
E06000052,Cornwall,Does not apply,0,570300,0
E06000052,Cornwall,Does not apply,0,570300,0
E06000052,Cornwall,Straight or Heterosexual,0,570300,0
E06000052,Cornwall,Straight or Heterosexual,378541,570300,66.3757671401017
E06000052,Cornwall,Straight or Heterosexual,23079,570300,4.0468174644923725
E06000052,Cornwall,Straight or Heterosexual,9474,570300,1.6612309310889006
E06000052,Cornwall,Straight or Heterosexual,15665,570300,2.7467999298614765
E06000052,Cornwall,Gay or Lesbian,0,570300,0
E06000052,Cornwall,Gay or Lesbian,5699,570300,0.9992986147641593
E06000052,Cornwall,Gay or Lesbian,393,570300,0.06891109942135717
E06000052,Cornwall,Gay or Lesbian,173,570300,0.030334911450113976
E06000052,Cornwall,Gay or Lesbian,187,570300,0.032789759775556725
E06000052,Cornwall,Bisexual,0,570300,0
E06000052,Cornwall,Bisexual,5492,570300,0.9630019288093986
E06000052,Cornwall,Bisexual,368,570300,0.06452744169735226
E06000052,Cornwall,Bisexual,159,570300,0.027880063124671225
E06000052,Cornwall,Bisexual,175,570300,0.030685604068034368
E06000052,Cornwall,All other sexual orientations,0,570300,0
E06000052,Cornwall,All other sexual orientations,1332,570300,0.2335612835349816
E06000052,Cornwall,All other sexual orientations,90,570300,0.015781167806417674
E06000052,Cornwall,All other sexual orientations,31,570300,0.005435735577766088
E06000052,Cornwall,All other sexual orientations,36,570300,0.00631246712256707
E06000052,Cornwall,Not answered,0,570300,0
E06000052,Cornwall,Not answered,32852,570300,5.760476941960372
E06000052,Cornwall,Not answered,1636,570300,0.2868665614588813
E06000052,Cornwall,Not answered,724,570300,0.12695072768718219
E06000052,Cornwall,Not answered,1316,570300,0.23075574259161843
E06000053,Isles of Scilly,Does not apply,0,2100,0
E06000053,Isles of Scilly,Does not apply,0,2100,0
E06000053,Isles of Scilly,Does not apply,0,2100,0
E06000053,Isles of Scilly,Does not apply,0,2100,0
E06000053,Isles of Scilly,Does not apply,0,2100,0
E06000053,Isles of Scilly,Straight or Heterosexual,0,2100,0
E06000053,Isles of Scilly,Straight or Heterosexual,1385,2100,65.95238095238095
E06000053,Isles of Scilly,Straight or Heterosexual,104,2100,4.9523809523809526
E06000053,Isles of Scilly,Straight or Heterosexual,25,2100,1.1904761904761905
E06000053,Isles of Scilly,Straight or Heterosexual,51,2100,2.4285714285714284
E06000053,Isles of Scilly,Gay or Lesbian,0,2100,0
E06000053,Isles of Scilly,Gay or Lesbian,12,2100,0.5714285714285714
E06000053,Isles of Scilly,Gay or Lesbian,1,2100,0.047619047619047616
E06000053,Isles of Scilly,Gay or Lesbian,0,2100,0
E06000053,Isles of Scilly,Gay or Lesbian,0,2100,0
E06000053,Isles of Scilly,Bisexual,0,2100,0
E06000053,Isles of Scilly,Bisexual,25,2100,1.1904761904761905
E06000053,Isles of Scilly,Bisexual,1,2100,0.047619047619047616
E06000053,Isles of Scilly,Bisexual,1,2100,0.047619047619047616
E06000053,Isles of Scilly,Bisexual,2,2100,0.09523809523809523
E06000053,Isles of Scilly,All other sexual orientations,0,2100,0
E06000053,Isles of Scilly,All other sexual orientations,4,2100,0.19047619047619047
E06000053,Isles of Scilly,All other sexual orientations,1,2100,0.047619047619047616
E06000053,Isles of Scilly,All other sexual orientations,0,2100,0
E06000053,Isles of Scilly,All other sexual orientations,0,2100,0
E06000053,Isles of Scilly,Not answered,0,2100,0
E06000053,Isles of Scilly,Not answered,109,2100,5.190476190476191
E06000053,Isles of Scilly,Not answered,7,2100,0.3333333333333333
E06000053,Isles of Scilly,Not answered,1,2100,0.047619047619047616
E06000053,Isles of Scilly,Not answered,1,2100,0.047619047619047616
E06000054,Wiltshire,Does not apply,0,510400,0
E06000054,Wiltshire,Does not apply,0,510400,0
E06000054,Wiltshire,Does not apply,0,510400,0
E06000054,Wiltshire,Does not apply,0,510400,0
E06000054,Wiltshire,Does not apply,0,510400,0
E06000054,Wiltshire,Straight or Heterosexual,0,510400,0
E06000054,Wiltshire,Straight or Heterosexual,343483,510400,67.29682601880877
E06000054,Wiltshire,Straight or Heterosexual,20363,510400,3.989615987460815
E06000054,Wiltshire,Straight or Heterosexual,6641,510400,1.3011363636363635
E06000054,Wiltshire,Straight or Heterosexual,10655,510400,2.0875783699059562
E06000054,Wiltshire,Gay or Lesbian,0,510400,0
E06000054,Wiltshire,Gay or Lesbian,4247,510400,0.8320924764890282
E06000054,Wiltshire,Gay or Lesbian,297,510400,0.05818965517241379
E06000054,Wiltshire,Gay or Lesbian,97,510400,0.019004702194357365
E06000054,Wiltshire,Gay or Lesbian,114,510400,0.02233542319749216
E06000054,Wiltshire,Bisexual,0,510400,0
E06000054,Wiltshire,Bisexual,4136,510400,0.8103448275862069
E06000054,Wiltshire,Bisexual,267,510400,0.05231191222570533
E06000054,Wiltshire,Bisexual,122,510400,0.02390282131661442
E06000054,Wiltshire,Bisexual,149,510400,0.029192789968652037
E06000054,Wiltshire,All other sexual orientations,0,510400,0
E06000054,Wiltshire,All other sexual orientations,884,510400,0.1731974921630094
E06000054,Wiltshire,All other sexual orientations,76,510400,0.014890282131661442
E06000054,Wiltshire,All other sexual orientations,33,510400,0.00646551724137931
E06000054,Wiltshire,All other sexual orientations,31,510400,0.006073667711598746
E06000054,Wiltshire,Not answered,0,510400,0
E06000054,Wiltshire,Not answered,24993,510400,4.896747648902822
E06000054,Wiltshire,Not answered,1264,510400,0.2476489028213166
E06000054,Wiltshire,Not answered,495,510400,0.09698275862068965
E06000054,Wiltshire,Not answered,768,510400,0.15047021943573669
E06000055,Bedford,Does not apply,0,185300,0
E06000055,Bedford,Does not apply,0,185300,0
E06000055,Bedford,Does not apply,0,185300,0
E06000055,Bedford,Does not apply,0,185300,0
E06000055,Bedford,Does not apply,0,185300,0
E06000055,Bedford,Straight or Heterosexual,0,185300,0
E06000055,Bedford,Straight or Heterosexual,120682,185300,65.12790070156503
E06000055,Bedford,Straight or Heterosexual,6483,185300,3.4986508364813815
E06000055,Bedford,Straight or Heterosexual,2678,185300,1.4452239611440907
E06000055,Bedford,Straight or Heterosexual,3526,185300,1.9028602266594712
E06000055,Bedford,Gay or Lesbian,0,185300,0
E06000055,Bedford,Gay or Lesbian,1602,185300,0.864543982730707
E06000055,Bedford,Gay or Lesbian,118,185300,0.06368051807879115
E06000055,Bedford,Gay or Lesbian,33,185300,0.017808958445763627
E06000055,Bedford,Gay or Lesbian,27,185300,0.01457096600107933
E06000055,Bedford,Bisexual,0,185300,0
E06000055,Bedford,Bisexual,1601,185300,0.8640043173232596
E06000055,Bedford,Bisexual,76,185300,0.04101457096600108
E06000055,Bedford,Bisexual,40,185300,0.021586616297895305
E06000055,Bedford,Bisexual,35,185300,0.018888289260658393
E06000055,Bedford,All other sexual orientations,0,185300,0
E06000055,Bedford,All other sexual orientations,427,185300,0.23043712898003238
E06000055,Bedford,All other sexual orientations,26,185300,0.014031300593631947
E06000055,Bedford,All other sexual orientations,15,185300,0.008094981111710739
E06000055,Bedford,All other sexual orientations,7,185300,0.0037776578521316784
E06000055,Bedford,Not answered,0,185300,0
E06000055,Bedford,Not answered,9882,185300,5.332973556395035
E06000055,Bedford,Not answered,408,185300,0.22018348623853212
E06000055,Bedford,Not answered,202,185300,0.1090124123043713
E06000055,Bedford,Not answered,252,185300,0.13599568267674042
E06000056,Central Bedfordshire,Does not apply,0,294200,0
E06000056,Central Bedfordshire,Does not apply,0,294200,0
E06000056,Central Bedfordshire,Does not apply,0,294200,0
E06000056,Central Bedfordshire,Does not apply,0,294200,0
E06000056,Central Bedfordshire,Does not apply,0,294200,0
E06000056,Central Bedfordshire,Straight or Heterosexual,0,294200,0
E06000056,Central Bedfordshire,Straight or Heterosexual,195498,294200,66.45071380013596
E06000056,Central Bedfordshire,Straight or Heterosexual,11544,294200,3.923861318830727
E06000056,Central Bedfordshire,Straight or Heterosexual,3759,294200,1.277702243371856
E06000056,Central Bedfordshire,Straight or Heterosexual,5944,294200,2.0203942895989124
E06000056,Central Bedfordshire,Gay or Lesbian,0,294200,0
E06000056,Central Bedfordshire,Gay or Lesbian,2381,294200,0.80931339225017
E06000056,Central Bedfordshire,Gay or Lesbian,155,294200,0.05268524813052345
E06000056,Central Bedfordshire,Gay or Lesbian,58,294200,0.01971447994561523
E06000056,Central Bedfordshire,Gay or Lesbian,50,294200,0.01699524133242692
E06000056,Central Bedfordshire,Bisexual,0,294200,0
E06000056,Central Bedfordshire,Bisexual,2056,294200,0.698844323589395
E06000056,Central Bedfordshire,Bisexual,142,294200,0.04826648538409246
E06000056,Central Bedfordshire,Bisexual,52,294200,0.017675050985723997
E06000056,Central Bedfordshire,Bisexual,54,294200,0.018354860639021073
E06000056,Central Bedfordshire,All other sexual orientations,0,294200,0
E06000056,Central Bedfordshire,All other sexual orientations,447,294200,0.15193745751189666
E06000056,Central Bedfordshire,All other sexual orientations,39,294200,0.013256288239292998
E06000056,Central Bedfordshire,All other sexual orientations,11,294200,0.0037389530931339226
E06000056,Central Bedfordshire,All other sexual orientations,13,294200,0.004418762746430999
E06000056,Central Bedfordshire,Not answered,0,294200,0
E06000056,Central Bedfordshire,Not answered,13345,294200,4.536029911624745
E06000056,Central Bedfordshire,Not answered,612,294200,0.2080217539089055
E06000056,Central Bedfordshire,Not answered,234,294200,0.07953772943575799
E06000056,Central Bedfordshire,Not answered,364,294200,0.12372535690006799
E06000057,Northumberland,Does not apply,0,320600,0
E06000057,Northumberland,Does not apply,0,320600,0
E06000057,Northumberland,Does not apply,0,320600,0
E06000057,Northumberland,Does not apply,0,320600,0
E06000057,Northumberland,Does not apply,0,320600,0
E06000057,Northumberland,Straight or Heterosexual,0,320600,0
E06000057,Northumberland,Straight or Heterosexual,219218,320600,68.37741734248284
E06000057,Northumberland,Straight or Heterosexual,13380,320600,4.173424828446662
E06000057,Northumberland,Straight or Heterosexual,5890,320600,1.8371802869619462
E06000057,Northumberland,Straight or Heterosexual,9159,320600,2.8568309419837803
E06000057,Northumberland,Gay or Lesbian,0,320600,0
E06000057,Northumberland,Gay or Lesbian,2883,320600,0.8992514036182159
E06000057,Northumberland,Gay or Lesbian,245,320600,0.07641921397379912
E06000057,Northumberland,Gay or Lesbian,93,320600,0.029008109794135994
E06000057,Northumberland,Gay or Lesbian,93,320600,0.029008109794135994
E06000057,Northumberland,Bisexual,0,320600,0
E06000057,Northumberland,Bisexual,1946,320600,0.6069868995633187
E06000057,Northumberland,Bisexual,130,320600,0.040548970679975045
E06000057,Northumberland,Bisexual,75,320600,0.023393636930754833
E06000057,Northumberland,Bisexual,98,320600,0.03056768558951965
E06000057,Northumberland,All other sexual orientations,0,320600,0
E06000057,Northumberland,All other sexual orientations,392,320600,0.1222707423580786
E06000057,Northumberland,All other sexual orientations,40,320600,0.012476606363069246
E06000057,Northumberland,All other sexual orientations,14,320600,0.004366812227074236
E06000057,Northumberland,All other sexual orientations,20,320600,0.006238303181534623
E06000057,Northumberland,Not answered,0,320600,0
E06000057,Northumberland,Not answered,13638,320600,4.253898939488459
E06000057,Northumberland,Not answered,686,320600,0.21397379912663755
E06000057,Northumberland,Not answered,310,320600,0.09669369931378664
E06000057,Northumberland,Not answered,541,320600,0.16874610106051155
E06000058,"Bournemouth, Christchurch and Poole",Does not apply,0,400300,0
E06000058,"Bournemouth, Christchurch and Poole",Does not apply,0,400300,0
E06000058,"Bournemouth, Christchurch and Poole",Does not apply,0,400300,0
E06000058,"Bournemouth, Christchurch and Poole",Does not apply,0,400300,0
E06000058,"Bournemouth, Christchurch and Poole",Does not apply,0,400300,0
E06000058,"Bournemouth, Christchurch and Poole",Straight or Heterosexual,0,400300,0
E06000058,"Bournemouth, Christchurch and Poole",Straight or Heterosexual,267009,400300,66.70222333250062
E06000058,"Bournemouth, Christchurch and Poole",Straight or Heterosexual,15098,400300,3.7716712465650764
E06000058,"Bournemouth, Christchurch and Poole",Straight or Heterosexual,5547,400300,1.3857107169622782
E06000058,"Bournemouth, Christchurch and Poole",Straight or Heterosexual,8603,400300,2.1491381463902073
E06000058,"Bournemouth, Christchurch and Poole",Gay or Lesbian,0,400300,0
E06000058,"Bournemouth, Christchurch and Poole",Gay or Lesbian,5843,400300,1.459655258556083
E06000058,"Bournemouth, Christchurch and Poole",Gay or Lesbian,389,400300,0.0971771171621284
E06000058,"Bournemouth, Christchurch and Poole",Gay or Lesbian,137,400300,0.03422433175118661
E06000058,"Bournemouth, Christchurch and Poole",Gay or Lesbian,125,400300,0.031226580064951288
E06000058,"Bournemouth, Christchurch and Poole",Bisexual,0,400300,0
E06000058,"Bournemouth, Christchurch and Poole",Bisexual,4883,400300,1.219835123657257
E06000058,"Bournemouth, Christchurch and Poole",Bisexual,253,400300,0.0632025980514614
E06000058,"Bournemouth, Christchurch and Poole",Bisexual,123,400300,0.030726954783912065
E06000058,"Bournemouth, Christchurch and Poole",Bisexual,99,400300,0.02473145141144142
E06000058,"Bournemouth, Christchurch and Poole",All other sexual orientations,0,400300,0
E06000058,"Bournemouth, Christchurch and Poole",All other sexual orientations,1083,400300,0.27054708968273794
E06000058,"Bournemouth, Christchurch and Poole",All other sexual orientations,74,400300,0.01848613539845116
E06000058,"Bournemouth, Christchurch and Poole",All other sexual orientations,24,400300,0.005995503372470647
E06000058,"Bournemouth, Christchurch and Poole",All other sexual orientations,38,400300,0.00949288033974519
E06000058,"Bournemouth, Christchurch and Poole",Not answered,0,400300,0
E06000058,"Bournemouth, Christchurch and Poole",Not answered,23411,400300,5.848363727204597
E06000058,"Bournemouth, Christchurch and Poole",Not answered,1056,400300,0.26380214838870847
E06000058,"Bournemouth, Christchurch and Poole",Not answered,414,400300,0.10342243317511866
E06000058,"Bournemouth, Christchurch and Poole",Not answered,699,400300,0.17461903572320758
E06000059,Dorset,Does not apply,0,379600,0
E06000059,Dorset,Does not apply,0,379600,0
E06000059,Dorset,Does not apply,0,379600,0
E06000059,Dorset,Does not apply,0,379600,0
E06000059,Dorset,Does not apply,0,379600,0
E06000059,Dorset,Straight or Heterosexual,0,379600,0
E06000059,Dorset,Straight or Heterosexual,259760,379600,68.42992623814541
E06000059,Dorset,Straight or Heterosexual,16939,379600,4.462328767123288
E06000059,Dorset,Straight or Heterosexual,5427,379600,1.429662802950474
E06000059,Dorset,Straight or Heterosexual,9594,379600,2.5273972602739727
E06000059,Dorset,Gay or Lesbian,0,379600,0
E06000059,Dorset,Gay or Lesbian,3168,379600,0.8345626975763962
E06000059,Dorset,Gay or Lesbian,207,379600,0.05453108535300316
E06000059,Dorset,Gay or Lesbian,109,379600,0.028714436248682824
E06000059,Dorset,Gay or Lesbian,90,379600,0.02370916754478398
E06000059,Dorset,Bisexual,0,379600,0
E06000059,Dorset,Bisexual,2533,379600,0.6672813487881981
E06000059,Dorset,Bisexual,207,379600,0.05453108535300316
E06000059,Dorset,Bisexual,64,379600,0.01685985247629083
E06000059,Dorset,Bisexual,85,379600,0.022391991570073762
E06000059,Dorset,All other sexual orientations,0,379600,0
E06000059,Dorset,All other sexual orientations,545,379600,0.14357218124341412
E06000059,Dorset,All other sexual orientations,37,379600,0.009747102212855638
E06000059,Dorset,All other sexual orientations,11,379600,0.002897787144362487
E06000059,Dorset,All other sexual orientations,21,379600,0.0055321390937829295
E06000059,Dorset,Not answered,0,379600,0
E06000059,Dorset,Not answered,20755,379600,5.4675974710221285
E06000059,Dorset,Not answered,1150,379600,0.3029504741833509
E06000059,Dorset,Not answered,448,379600,0.11801896733403583
E06000059,Dorset,Not answered,751,379600,0.19783983140147524
E06000060,Buckinghamshire,Does not apply,0,553100,0
E06000060,Buckinghamshire,Does not apply,0,553100,0
E06000060,Buckinghamshire,Does not apply,0,553100,0
E06000060,Buckinghamshire,Does not apply,0,553100,0
E06000060,Buckinghamshire,Does not apply,0,553100,0
E06000060,Buckinghamshire,Straight or Heterosexual,0,553100,0
E06000060,Buckinghamshire,Straight or Heterosexual,364836,553100,65.96203218224552
E06000060,Buckinghamshire,Straight or Heterosexual,21335,553100,3.8573494847224734
E06000060,Buckinghamshire,Straight or Heterosexual,6481,553100,1.1717591755559573
E06000060,Buckinghamshire,Straight or Heterosexual,9630,553100,1.7410956427409148
E06000060,Buckinghamshire,Gay or Lesbian,0,553100,0
E06000060,Buckinghamshire,Gay or Lesbian,4037,553100,0.7298860965467365
E06000060,Buckinghamshire,Gay or Lesbian,268,553100,0.048454167419996384
E06000060,Buckinghamshire,Gay or Lesbian,77,553100,0.013921533176640752
E06000060,Buckinghamshire,Gay or Lesbian,60,553100,0.010847947929849937
E06000060,Buckinghamshire,Bisexual,0,553100,0
E06000060,Buckinghamshire,Bisexual,3721,553100,0.6727535707828602
E06000060,Buckinghamshire,Bisexual,202,553100,0.03652142469716145
E06000060,Buckinghamshire,Bisexual,68,553100,0.012294340987163262
E06000060,Buckinghamshire,Bisexual,69,553100,0.012475140119327427
E06000060,Buckinghamshire,All other sexual orientations,0,553100,0
E06000060,Buckinghamshire,All other sexual orientations,1033,553100,0.18676550352558308
E06000060,Buckinghamshire,All other sexual orientations,66,553100,0.01193274272283493
E06000060,Buckinghamshire,All other sexual orientations,36,553100,0.006508768757909962
E06000060,Buckinghamshire,All other sexual orientations,47,553100,0.008497559211715784
E06000060,Buckinghamshire,Not answered,0,553100,0
E06000060,Buckinghamshire,Not answered,28754,553100,5.198698246248418
E06000060,Buckinghamshire,Not answered,1378,553100,0.2491412041222202
E06000060,Buckinghamshire,Not answered,518,553100,0.09365395046103779
E06000060,Buckinghamshire,Not answered,776,553100,0.1403001265593925
E06000061,North Northamptonshire,Does not apply,0,359500,0
E06000061,North Northamptonshire,Does not apply,0,359500,0
E06000061,North Northamptonshire,Does not apply,0,359500,0
E06000061,North Northamptonshire,Does not apply,0,359500,0
E06000061,North Northamptonshire,Does not apply,0,359500,0
E06000061,North Northamptonshire,Straight or Heterosexual,0,359500,0
E06000061,North Northamptonshire,Straight or Heterosexual,235785,359500,65.58692628650904
E06000061,North Northamptonshire,Straight or Heterosexual,12593,359500,3.502920723226704
E06000061,North Northamptonshire,Straight or Heterosexual,5265,359500,1.4645340751043114
E06000061,North Northamptonshire,Straight or Heterosexual,8148,359500,2.266481223922114
E06000061,North Northamptonshire,Gay or Lesbian,0,359500,0
E06000061,North Northamptonshire,Gay or Lesbian,2984,359500,0.8300417246175243
E06000061,North Northamptonshire,Gay or Lesbian,202,359500,0.056189151599443675
E06000061,North Northamptonshire,Gay or Lesbian,84,359500,0.023365785813630042
E06000061,North Northamptonshire,Gay or Lesbian,84,359500,0.023365785813630042
E06000061,North Northamptonshire,Bisexual,0,359500,0
E06000061,North Northamptonshire,Bisexual,2596,359500,0.7221140472878999
E06000061,North Northamptonshire,Bisexual,162,359500,0.04506258692628651
E06000061,North Northamptonshire,Bisexual,76,359500,0.02114047287899861
E06000061,North Northamptonshire,Bisexual,82,359500,0.022809457579972183
E06000061,North Northamptonshire,All other sexual orientations,0,359500,0
E06000061,North Northamptonshire,All other sexual orientations,753,359500,0.2094575799721836
E06000061,North Northamptonshire,All other sexual orientations,42,359500,0.011682892906815021
E06000061,North Northamptonshire,All other sexual orientations,23,359500,0.006397774687065368
E06000061,North Northamptonshire,All other sexual orientations,22,359500,0.00611961057023644
E06000061,North Northamptonshire,Not answered,0,359500,0
E06000061,North Northamptonshire,Not answered,18646,359500,5.186648122392212
E06000061,North Northamptonshire,Not answered,697,359500,0.19388038942976357
E06000061,North Northamptonshire,Not answered,361,359500,0.10041724617524339
E06000061,North Northamptonshire,Not answered,578,359500,0.160778859527121
E06000062,West Northamptonshire,Does not apply,0,425700,0
E06000062,West Northamptonshire,Does not apply,0,425700,0
E06000062,West Northamptonshire,Does not apply,0,425700,0
E06000062,West Northamptonshire,Does not apply,0,425700,0
E06000062,West Northamptonshire,Does not apply,0,425700,0
E06000062,West Northamptonshire,Straight or Heterosexual,0,425700,0
E06000062,West Northamptonshire,Straight or Heterosexual,280235,425700,65.82922245712943
E06000062,West Northamptonshire,Straight or Heterosexual,14702,425700,3.453605825698849
E06000062,West Northamptonshire,Straight or Heterosexual,5514,425700,1.2952783650458068
E06000062,West Northamptonshire,Straight or Heterosexual,8120,425700,1.9074465586093492
E06000062,West Northamptonshire,Gay or Lesbian,0,425700,0
E06000062,West Northamptonshire,Gay or Lesbian,3717,425700,0.87315010570824525
E06000062,West Northamptonshire,Gay or Lesbian,235,425700,0.05520319473807846
E06000062,West Northamptonshire,Gay or Lesbian,118,425700,0.027719050974864927
E06000062,West Northamptonshire,Gay or Lesbian,105,425700,0.02466525722339676
E06000062,West Northamptonshire,Bisexual,0,425700,0
E06000062,West Northamptonshire,Bisexual,3669,425700,0.8618745595489782
E06000062,West Northamptonshire,Bisexual,194,425700,0.045571999060371154
E06000062,West Northamptonshire,Bisexual,90,425700,0.021141649048625793
E06000062,West Northamptonshire,Bisexual,103,425700,0.024195442800093964
E06000062,West Northamptonshire,All other sexual orientations,0,425700,0
E06000062,West Northamptonshire,All other sexual orientations,1107,425700,0.26004228329809725
E06000062,West Northamptonshire,All other sexual orientations,44,425700,0.0103359173126615
E06000062,West Northamptonshire,All other sexual orientations,28,425700,0.006577401926239136
E06000062,West Northamptonshire,All other sexual orientations,24,425700,0.005637773079633545
E06000062,West Northamptonshire,Not answered,0,425700,0
E06000062,West Northamptonshire,Not answered,23545,425700,5.530890298332158
E06000062,West Northamptonshire,Not answered,917,425700,0.2154099130843317
E06000062,West Northamptonshire,Not answered,407,425700,0.09560723514211886
E06000062,West Northamptonshire,Not answered,630,425700,0.14799154334038056
E07000008,Cambridge,Does not apply,0,145700,0
E07000008,Cambridge,Does not apply,0,145700,0
E07000008,Cambridge,Does not apply,0,145700,0
E07000008,Cambridge,Does not apply,0,145700,0
E07000008,Cambridge,Does not apply,0,145700,0
E07000008,Cambridge,Straight or Heterosexual,0,145700,0
E07000008,Cambridge,Straight or Heterosexual,93411,145700,64.11187371310913
E07000008,Cambridge,Straight or Heterosexual,4077,145700,2.79821551132464
E07000008,Cambridge,Straight or Heterosexual,1264,145700,0.8675360329444063
E07000008,Cambridge,Straight or Heterosexual,1767,145700,1.2127659574468086
E07000008,Cambridge,Gay or Lesbian,0,145700,0
E07000008,Cambridge,Gay or Lesbian,3200,145700,2.1962937542896364
E07000008,Cambridge,Gay or Lesbian,167,145700,0.11461908030199039
E07000008,Cambridge,Gay or Lesbian,22,145700,0.015099519560741249
E07000008,Cambridge,Gay or Lesbian,30,145700,0.02059025394646534
E07000008,Cambridge,Bisexual,0,145700,0
E07000008,Cambridge,Bisexual,4462,145700,3.0624571036376116
E07000008,Cambridge,Bisexual,223,145700,0.15305422100205904
E07000008,Cambridge,Bisexual,54,145700,0.03706245710363761
E07000008,Cambridge,Bisexual,28,145700,0.019217570350034317
E07000008,Cambridge,All other sexual orientations,0,145700,0
E07000008,Cambridge,All other sexual orientations,1115,145700,0.7652711050102952
E07000008,Cambridge,All other sexual orientations,67,145700,0.04598490048043926
E07000008,Cambridge,All other sexual orientations,9,145700,0.0061770761839396015
E07000008,Cambridge,All other sexual orientations,11,145700,0.0075497597803706245
E07000008,Cambridge,Not answered,0,145700,0
E07000008,Cambridge,Not answered,14003,145700,9.610844200411805
E07000008,Cambridge,Not answered,506,145700,0.3472889498970487
E07000008,Cambridge,Not answered,162,145700,0.11118737131091283
E07000008,Cambridge,Not answered,186,145700,0.1276595744680851
E07000009,East Cambridgeshire,Does not apply,0,87700,0
E07000009,East Cambridgeshire,Does not apply,0,87700,0
E07000009,East Cambridgeshire,Does not apply,0,87700,0
E07000009,East Cambridgeshire,Does not apply,0,87700,0
E07000009,East Cambridgeshire,Does not apply,0,87700,0
E07000009,East Cambridgeshire,Straight or Heterosexual,0,87700,0
E07000009,East Cambridgeshire,Straight or Heterosexual,58227,87700,66.3933865450399
E07000009,East Cambridgeshire,Straight or Heterosexual,3624,87700,4.1322690992018245
E07000009,East Cambridgeshire,Straight or Heterosexual,1055,87700,1.2029646522234891
E07000009,East Cambridgeshire,Straight or Heterosexual,1731,87700,1.9737742303306727
E07000009,East Cambridgeshire,Gay or Lesbian,0,87700,0
E07000009,East Cambridgeshire,Gay or Lesbian,696,87700,0.7936145952109465
E07000009,East Cambridgeshire,Gay or Lesbian,34,87700,0.03876852907639681
E07000009,East Cambridgeshire,Gay or Lesbian,13,87700,0.014823261117445839
E07000009,East Cambridgeshire,Gay or Lesbian,16,87700,0.018244013683010263
E07000009,East Cambridgeshire,Bisexual,0,87700,0
E07000009,East Cambridgeshire,Bisexual,766,87700,0.8734321550741163
E07000009,East Cambridgeshire,Bisexual,52,87700,0.059293044469783354
E07000009,East Cambridgeshire,Bisexual,16,87700,0.018244013683010263
E07000009,East Cambridgeshire,Bisexual,21,87700,0.02394526795895097
E07000009,East Cambridgeshire,All other sexual orientations,0,87700,0
E07000009,East Cambridgeshire,All other sexual orientations,205,87700,0.233751425313569
E07000009,East Cambridgeshire,All other sexual orientations,18,87700,0.020524515393386546
E07000009,East Cambridgeshire,All other sexual orientations,3,87700,0.0034207525655644243
E07000009,East Cambridgeshire,All other sexual orientations,8,87700,0.009122006841505131
E07000009,East Cambridgeshire,Not answered,0,87700,0
E07000009,East Cambridgeshire,Not answered,4479,87700,5.1071835803876855
E07000009,East Cambridgeshire,Not answered,253,87700,0.28848346636259975
E07000009,East Cambridgeshire,Not answered,83,87700,0.09464082098061574
E07000009,East Cambridgeshire,Not answered,129,87700,0.14709236031927023
E07000010,Fenland,Does not apply,0,102500,0
E07000010,Fenland,Does not apply,0,102500,0
E07000010,Fenland,Does not apply,0,102500,0
E07000010,Fenland,Does not apply,0,102500,0
E07000010,Fenland,Does not apply,0,102500,0
E07000010,Fenland,Straight or Heterosexual,0,102500,0
E07000010,Fenland,Straight or Heterosexual,68050,102500,66.39024390243902
E07000010,Fenland,Straight or Heterosexual,3586,102500,3.4985365853658537
E07000010,Fenland,Straight or Heterosexual,1785,102500,1.7414634146341463
E07000010,Fenland,Straight or Heterosexual,2938,102500,2.866341463414634
E07000010,Fenland,Gay or Lesbian,0,102500,0
E07000010,Fenland,Gay or Lesbian,805,102500,0.7853658536585366
E07000010,Fenland,Gay or Lesbian,65,102500,0.06341463414634146
E07000010,Fenland,Gay or Lesbian,25,102500,0.024390243902439025
E07000010,Fenland,Gay or Lesbian,40,102500,0.03902439024390244
E07000010,Fenland,Bisexual,0,102500,0
E07000010,Fenland,Bisexual,791,102500,0.7717073170731708
E07000010,Fenland,Bisexual,40,102500,0.03902439024390244
E07000010,Fenland,Bisexual,22,102500,0.021463414634146343
E07000010,Fenland,Bisexual,30,102500,0.02926829268292683
E07000010,Fenland,All other sexual orientations,0,102500,0
E07000010,Fenland,All other sexual orientations,229,102500,0.22341463414634147
E07000010,Fenland,All other sexual orientations,12,102500,0.011707317073170732
E07000010,Fenland,All other sexual orientations,5,102500,0.004878048780487805
E07000010,Fenland,All other sexual orientations,10,102500,0.00975609756097561
E07000010,Fenland,Not answered,0,102500,0
E07000010,Fenland,Not answered,5818,102500,5.6760975609756095
E07000010,Fenland,Not answered,210,102500,0.2048780487804878
E07000010,Fenland,Not answered,127,102500,0.12390243902439024
E07000010,Fenland,Not answered,239,102500,0.23317073170731709
E07000011,Huntingdonshire,Does not apply,0,180800,0
E07000011,Huntingdonshire,Does not apply,0,180800,0
E07000011,Huntingdonshire,Does not apply,0,180800,0
E07000011,Huntingdonshire,Does not apply,0,180800,0
E07000011,Huntingdonshire,Does not apply,0,180800,0
E07000011,Huntingdonshire,Straight or Heterosexual,0,180800,0
E07000011,Huntingdonshire,Straight or Heterosexual,122455,180800,67.72953539823008
E07000011,Huntingdonshire,Straight or Heterosexual,6833,180800,3.7793141592920354
E07000011,Huntingdonshire,Straight or Heterosexual,2201,180800,1.217367256637168
E07000011,Huntingdonshire,Straight or Heterosexual,3637,180800,2.0116150442477876
E07000011,Huntingdonshire,Gay or Lesbian,0,180800,0
E07000011,Huntingdonshire,Gay or Lesbian,1680,180800,0.9292035398230089
E07000011,Huntingdonshire,Gay or Lesbian,109,180800,0.06028761061946902
E07000011,Huntingdonshire,Gay or Lesbian,47,180800,0.025995575221238937
E07000011,Huntingdonshire,Gay or Lesbian,34,180800,0.018805309734513276
E07000011,Huntingdonshire,Bisexual,0,180800,0
E07000011,Huntingdonshire,Bisexual,1507,180800,0.8335176991150443
E07000011,Huntingdonshire,Bisexual,83,180800,0.0459070796460177
E07000011,Huntingdonshire,Bisexual,35,180800,0.019358407079646017
E07000011,Huntingdonshire,Bisexual,50,180800,0.02765486725663717
E07000011,Huntingdonshire,All other sexual orientations,0,180800,0
E07000011,Huntingdonshire,All other sexual orientations,355,180800,0.1963495575221239
E07000011,Huntingdonshire,All other sexual orientations,15,180800,0.008296460176991151
E07000011,Huntingdonshire,All other sexual orientations,6,180800,0.00331858407079646
E07000011,Huntingdonshire,All other sexual orientations,17,180800,0.009402654867256638
E07000011,Huntingdonshire,Not answered,0,180800,0
E07000011,Huntingdonshire,Not answered,8399,180800,4.645464601769912
E07000011,Huntingdonshire,Not answered,391,180800,0.21626106194690264
E07000011,Huntingdonshire,Not answered,139,180800,0.07688053097345132
E07000011,Huntingdonshire,Not answered,269,180800,0.14878318584070796
E07000012,South Cambridgeshire,Does not apply,0,162000,0
E07000012,South Cambridgeshire,Does not apply,0,162000,0
E07000012,South Cambridgeshire,Does not apply,0,162000,0
E07000012,South Cambridgeshire,Does not apply,0,162000,0
E07000012,South Cambridgeshire,Does not apply,0,162000,0
E07000012,South Cambridgeshire,Straight or Heterosexual,0,162000,0
E07000012,South Cambridgeshire,Straight or Heterosexual,105893,162000,65.36604938271606
E07000012,South Cambridgeshire,Straight or Heterosexual,6992,162000,4.3160493827160495
E07000012,South Cambridgeshire,Straight or Heterosexual,1772,162000,1.0938271604938272
E07000012,South Cambridgeshire,Straight or Heterosexual,2714,162000,1.6753086419753087
E07000012,South Cambridgeshire,Gay or Lesbian,0,162000,0
E07000012,South Cambridgeshire,Gay or Lesbian,1323,162000,0.8166666666666667
E07000012,South Cambridgeshire,Gay or Lesbian,109,162000,0.06728395061728396
E07000012,South Cambridgeshire,Gay or Lesbian,21,162000,0.012962962962962963
E07000012,South Cambridgeshire,Gay or Lesbian,33,162000,0.020370370370370372
E07000012,South Cambridgeshire,Bisexual,0,162000,0
E07000012,South Cambridgeshire,Bisexual,1472,162000,0.908641975308642
E07000012,South Cambridgeshire,Bisexual,92,162000,0.056790123456790124
E07000012,South Cambridgeshire,Bisexual,26,162000,0.016049382716049384
E07000012,South Cambridgeshire,Bisexual,25,162000,0.015432098765432098
E07000012,South Cambridgeshire,All other sexual orientations,0,162000,0
E07000012,South Cambridgeshire,All other sexual orientations,389,162000,0.24012345679012345
E07000012,South Cambridgeshire,All other sexual orientations,33,162000,0.020370370370370372
E07000012,South Cambridgeshire,All other sexual orientations,7,162000,0.004320987654320987
E07000012,South Cambridgeshire,All other sexual orientations,24,162000,0.014814814814814815
E07000012,South Cambridgeshire,Not answered,0,162000,0
E07000012,South Cambridgeshire,Not answered,8614,162000,5.317283950617284
E07000012,South Cambridgeshire,Not answered,468,162000,0.28888888888888886
E07000012,South Cambridgeshire,Not answered,156,162000,0.0962962962962963
E07000012,South Cambridgeshire,Not answered,197,162000,0.12160493827160494
E07000026,Allerdale,Does not apply,0,96100,0
E07000026,Allerdale,Does not apply,0,96100,0
E07000026,Allerdale,Does not apply,0,96100,0
E07000026,Allerdale,Does not apply,0,96100,0
E07000026,Allerdale,Does not apply,0,96100,0
E07000026,Allerdale,Straight or Heterosexual,0,96100,0
E07000026,Allerdale,Straight or Heterosexual,65702,96100,68.36836628511966
E07000026,Allerdale,Straight or Heterosexual,3977,96100,4.138397502601457
E07000026,Allerdale,Straight or Heterosexual,1683,96100,1.7513007284079085
E07000026,Allerdale,Straight or Heterosexual,2543,96100,2.6462018730489074
E07000026,Allerdale,Gay or Lesbian,0,96100,0
E07000026,Allerdale,Gay or Lesbian,763,96100,0.7939646201873048
E07000026,Allerdale,Gay or Lesbian,44,96100,0.045785639958376693
E07000026,Allerdale,Gay or Lesbian,25,96100,0.026014568158168574
E07000026,Allerdale,Gay or Lesbian,36,96100,0.037460978147762745
E07000026,Allerdale,Bisexual,0,96100,0
E07000026,Allerdale,Bisexual,547,96100,0.5691987513007284
E07000026,Allerdale,Bisexual,36,96100,0.037460978147762745
E07000026,Allerdale,Bisexual,17,96100,0.01768990634755463
E07000026,Allerdale,Bisexual,30,96100,0.031217481789802288
E07000026,Allerdale,All other sexual orientations,0,96100,0
E07000026,Allerdale,All other sexual orientations,117,96100,0.12174817898022892
E07000026,Allerdale,All other sexual orientations,7,96100,0.007284079084287201
E07000026,Allerdale,All other sexual orientations,5,96100,0.005202913631633715
E07000026,Allerdale,All other sexual orientations,5,96100,0.005202913631633715
E07000026,Allerdale,Not answered,0,96100,0
E07000026,Allerdale,Not answered,4494,96100,4.676378772112383
E07000026,Allerdale,Not answered,210,96100,0.21852237252861603
E07000026,Allerdale,Not answered,99,96100,0.10301768990634755
E07000026,Allerdale,Not answered,170,96100,0.1768990634755463
E07000027,Barrow-in-Furness,Does not apply,0,67400,0
E07000027,Barrow-in-Furness,Does not apply,0,67400,0
E07000027,Barrow-in-Furness,Does not apply,0,67400,0
E07000027,Barrow-in-Furness,Does not apply,0,67400,0
E07000027,Barrow-in-Furness,Does not apply,0,67400,0
E07000027,Barrow-in-Furness,Straight or Heterosexual,0,67400,0
E07000027,Barrow-in-Furness,Straight or Heterosexual,45180,67400,67.0326409495549
E07000027,Barrow-in-Furness,Straight or Heterosexual,2606,67400,3.8664688427299705
E07000027,Barrow-in-Furness,Straight or Heterosexual,1236,67400,1.8338278931750742
E07000027,Barrow-in-Furness,Straight or Heterosexual,1862,67400,2.7626112759643915
E07000027,Barrow-in-Furness,Gay or Lesbian,0,67400,0
E07000027,Barrow-in-Furness,Gay or Lesbian,597,67400,0.8857566765578635
E07000027,Barrow-in-Furness,Gay or Lesbian,41,67400,0.06083086053412463
E07000027,Barrow-in-Furness,Gay or Lesbian,27,67400,0.040059347181008904
E07000027,Barrow-in-Furness,Gay or Lesbian,13,67400,0.019287833827893175
E07000027,Barrow-in-Furness,Bisexual,0,67400,0
E07000027,Barrow-in-Furness,Bisexual,474,67400,0.7032640949554896
E07000027,Barrow-in-Furness,Bisexual,38,67400,0.05637982195845697
E07000027,Barrow-in-Furness,Bisexual,14,67400,0.020771513353115726
E07000027,Barrow-in-Furness,Bisexual,13,67400,0.019287833827893175
E07000027,Barrow-in-Furness,All other sexual orientations,0,67400,0
E07000027,Barrow-in-Furness,All other sexual orientations,148,67400,0.2195845697329377
E07000027,Barrow-in-Furness,All other sexual orientations,8,67400,0.011869436201780416
E07000027,Barrow-in-Furness,All other sexual orientations,4,67400,0.005934718100890208
E07000027,Barrow-in-Furness,All other sexual orientations,3,67400,0.004451038575667656
E07000027,Barrow-in-Furness,Not answered,0,67400,0
E07000027,Barrow-in-Furness,Not answered,3211,67400,4.764094955489615
E07000027,Barrow-in-Furness,Not answered,138,67400,0.20474777448071216
E07000027,Barrow-in-Furness,Not answered,93,67400,0.13798219584569732
E07000027,Barrow-in-Furness,Not answered,128,67400,0.18991097922848665
E07000028,Carlisle,Does not apply,0,110000,0
E07000028,Carlisle,Does not apply,0,110000,0
E07000028,Carlisle,Does not apply,0,110000,0
E07000028,Carlisle,Does not apply,0,110000,0
E07000028,Carlisle,Does not apply,0,110000,0
E07000028,Carlisle,Straight or Heterosexual,0,110000,0
E07000028,Carlisle,Straight or Heterosexual,74635,110000,67.85
E07000028,Carlisle,Straight or Heterosexual,4142,110000,3.7654545454545456
E07000028,Carlisle,Straight or Heterosexual,1676,110000,1.5236363636363637
E07000028,Carlisle,Straight or Heterosexual,2475,110000,2.25
E07000028,Carlisle,Gay or Lesbian,0,110000,0
E07000028,Carlisle,Gay or Lesbian,1116,110000,1.0145454545454546
E07000028,Carlisle,Gay or Lesbian,74,110000,0.06727272727272728
E07000028,Carlisle,Gay or Lesbian,30,110000,0.02727272727272727
E07000028,Carlisle,Gay or Lesbian,23,110000,0.02090909090909091
E07000028,Carlisle,Bisexual,0,110000,0
E07000028,Carlisle,Bisexual,916,110000,0.8327272727272728
E07000028,Carlisle,Bisexual,58,110000,0.05272727272727273
E07000028,Carlisle,Bisexual,26,110000,0.023636363636363636
E07000028,Carlisle,Bisexual,26,110000,0.023636363636363636
E07000028,Carlisle,All other sexual orientations,0,110000,0
E07000028,Carlisle,All other sexual orientations,211,110000,0.1918181818181818
E07000028,Carlisle,All other sexual orientations,17,110000,0.015454545454545455
E07000028,Carlisle,All other sexual orientations,1,110000,9.090909090909091e-4
E07000028,Carlisle,All other sexual orientations,3,110000,0.0027272727272727275
E07000028,Carlisle,Not answered,0,110000,0
E07000028,Carlisle,Not answered,5385,110000,4.8954545454545455
E07000028,Carlisle,Not answered,257,110000,0.23363636363636364
E07000028,Carlisle,Not answered,118,110000,0.10727272727272727
E07000028,Carlisle,Not answered,154,110000,0.14
E07000029,Copeland,Does not apply,0,67100,0
E07000029,Copeland,Does not apply,0,67100,0
E07000029,Copeland,Does not apply,0,67100,0
E07000029,Copeland,Does not apply,0,67100,0
E07000029,Copeland,Does not apply,0,67100,0
E07000029,Copeland,Straight or Heterosexual,0,67100,0
E07000029,Copeland,Straight or Heterosexual,45445,67100,67.72727272727273
E07000029,Copeland,Straight or Heterosexual,2594,67100,3.865871833084948
E07000029,Copeland,Straight or Heterosexual,1259,67100,1.8763040238450075
E07000029,Copeland,Straight or Heterosexual,1996,67100,2.9746646795827125
E07000029,Copeland,Gay or Lesbian,0,67100,0
E07000029,Copeland,Gay or Lesbian,582,67100,0.8673621460506706
E07000029,Copeland,Gay or Lesbian,39,67100,0.05812220566318927
E07000029,Copeland,Gay or Lesbian,13,67100,0.019374068554396422
E07000029,Copeland,Gay or Lesbian,9,67100,0.013412816691505217
E07000029,Copeland,Bisexual,0,67100,0
E07000029,Copeland,Bisexual,417,67100,0.6214605067064084
E07000029,Copeland,Bisexual,37,67100,0.05514157973174367
E07000029,Copeland,Bisexual,16,67100,0.02384500745156483
E07000029,Copeland,Bisexual,25,67100,0.037257824143070044
E07000029,Copeland,All other sexual orientations,0,67100,0
E07000029,Copeland,All other sexual orientations,86,67100,0.12816691505216096
E07000029,Copeland,All other sexual orientations,5,67100,0.007451564828614009
E07000029,Copeland,All other sexual orientations,0,67100,0
E07000029,Copeland,All other sexual orientations,2,67100,0.0029806259314456036
E07000029,Copeland,Not answered,0,67100,0
E07000029,Copeland,Not answered,3103,67100,4.624441132637854
E07000029,Copeland,Not answered,137,67100,0.20417287630402384
E07000029,Copeland,Not answered,91,67100,0.13561847988077497
E07000029,Copeland,Not answered,153,67100,0.22801788375558868
E07000030,Eden,Does not apply,0,54700,0
E07000030,Eden,Does not apply,0,54700,0
E07000030,Eden,Does not apply,0,54700,0
E07000030,Eden,Does not apply,0,54700,0
E07000030,Eden,Does not apply,0,54700,0
E07000030,Eden,Straight or Heterosexual,0,54700,0
E07000030,Eden,Straight or Heterosexual,38130,54700,69.70749542961609
E07000030,Eden,Straight or Heterosexual,2387,54700,4.3638025594149905
E07000030,Eden,Straight or Heterosexual,747,54700,1.3656307129798904
E07000030,Eden,Straight or Heterosexual,1161,54700,2.1224862888482634
E07000030,Eden,Gay or Lesbian,0,54700,0
E07000030,Eden,Gay or Lesbian,417,54700,0.7623400365630713
E07000030,Eden,Gay or Lesbian,31,54700,0.056672760511883
E07000030,Eden,Gay or Lesbian,9,54700,0.016453382084095063
E07000030,Eden,Gay or Lesbian,12,54700,0.021937842778793418
E07000030,Eden,Bisexual,0,54700,0
E07000030,Eden,Bisexual,313,54700,0.5722120658135283
E07000030,Eden,Bisexual,27,54700,0.04936014625228519
E07000030,Eden,Bisexual,16,54700,0.029250457038391225
E07000030,Eden,Bisexual,6,54700,0.010968921389396709
E07000030,Eden,All other sexual orientations,0,54700,0
E07000030,Eden,All other sexual orientations,91,54700,0.1663619744058501
E07000030,Eden,All other sexual orientations,4,54700,0.007312614259597806
E07000030,Eden,All other sexual orientations,4,54700,0.007312614259597806
E07000030,Eden,All other sexual orientations,3,54700,0.005484460694698354
E07000030,Eden,Not answered,0,54700,0
E07000030,Eden,Not answered,2980,54700,5.447897623400365
E07000030,Eden,Not answered,157,54700,0.2870201096892139
E07000030,Eden,Not answered,52,54700,0.09506398537477148
E07000030,Eden,Not answered,87,54700,0.1590493601462523
E07000031,South Lakeland,Does not apply,0,104500,0
E07000031,South Lakeland,Does not apply,0,104500,0
E07000031,South Lakeland,Does not apply,0,104500,0
E07000031,South Lakeland,Does not apply,0,104500,0
E07000031,South Lakeland,Does not apply,0,104500,0
E07000031,South Lakeland,Straight or Heterosexual,0,104500,0
E07000031,South Lakeland,Straight or Heterosexual,73343,104500,70.18468899521531
E07000031,South Lakeland,Straight or Heterosexual,4593,104500,4.395215311004785
E07000031,South Lakeland,Straight or Heterosexual,1274,104500,1.2191387559808613
E07000031,South Lakeland,Straight or Heterosexual,2209,104500,2.1138755980861244
E07000031,South Lakeland,Gay or Lesbian,0,104500,0
E07000031,South Lakeland,Gay or Lesbian,885,104500,0.84688995215311
E07000031,South Lakeland,Gay or Lesbian,65,104500,0.06220095693779904
E07000031,South Lakeland,Gay or Lesbian,12,104500,0.011483253588516746
E07000031,South Lakeland,Gay or Lesbian,28,104500,0.026794258373205742
E07000031,South Lakeland,Bisexual,0,104500,0
E07000031,South Lakeland,Bisexual,754,104500,0.7215311004784689
E07000031,South Lakeland,Bisexual,61,104500,0.05837320574162679
E07000031,South Lakeland,Bisexual,17,104500,0.016267942583732056
E07000031,South Lakeland,Bisexual,18,104500,0.01722488038277512
E07000031,South Lakeland,All other sexual orientations,0,104500,0
E07000031,South Lakeland,All other sexual orientations,178,104500,0.17033492822966506
E07000031,South Lakeland,All other sexual orientations,13,104500,0.012440191387559809
E07000031,South Lakeland,All other sexual orientations,4,104500,0.003827751196172249
E07000031,South Lakeland,All other sexual orientations,2,104500,0.0019138755980861245
E07000031,South Lakeland,Not answered,0,104500,0
E07000031,South Lakeland,Not answered,5679,104500,5.43444976076555
E07000031,South Lakeland,Not answered,296,104500,0.2832535885167464
E07000031,South Lakeland,Not answered,110,104500,0.10526315789473684
E07000031,South Lakeland,Not answered,162,104500,0.15502392344497606
E07000032,Amber Valley,Does not apply,0,126200,0
E07000032,Amber Valley,Does not apply,0,126200,0
E07000032,Amber Valley,Does not apply,0,126200,0
E07000032,Amber Valley,Does not apply,0,126200,0
E07000032,Amber Valley,Does not apply,0,126200,0
E07000032,Amber Valley,Straight or Heterosexual,0,126200,0
E07000032,Amber Valley,Straight or Heterosexual,83977,126200,66.54278922345483
E07000032,Amber Valley,Straight or Heterosexual,5846,126200,4.632329635499207
E07000032,Amber Valley,Straight or Heterosexual,2107,126200,1.6695721077654517
E07000032,Amber Valley,Straight or Heterosexual,3420,126200,2.709984152139461
E07000032,Amber Valley,Gay or Lesbian,0,126200,0
E07000032,Amber Valley,Gay or Lesbian,1264,126200,1.0015847860538827
E07000032,Amber Valley,Gay or Lesbian,84,126200,0.06656101426307448
E07000032,Amber Valley,Gay or Lesbian,32,126200,0.025356576862123614
E07000032,Amber Valley,Gay or Lesbian,35,126200,0.0277337559429477
E07000032,Amber Valley,Bisexual,0,126200,0
E07000032,Amber Valley,Bisexual,878,126200,0.6957210776545166
E07000032,Amber Valley,Bisexual,65,126200,0.05150554675118859
E07000032,Amber Valley,Bisexual,23,126200,0.018225039619651346
E07000032,Amber Valley,Bisexual,28,126200,0.022187004754358162
E07000032,Amber Valley,All other sexual orientations,0,126200,0
E07000032,Amber Valley,All other sexual orientations,162,126200,0.12836767036450078
E07000032,Amber Valley,All other sexual orientations,16,126200,0.012678288431061807
E07000032,Amber Valley,All other sexual orientations,6,126200,0.004754358161648178
E07000032,Amber Valley,All other sexual orientations,7,126200,0.005546751188589541
E07000032,Amber Valley,Not answered,0,126200,0
E07000032,Amber Valley,Not answered,6382,126200,5.057052297939778
E07000032,Amber Valley,Not answered,307,126200,0.2432646592709984
E07000032,Amber Valley,Not answered,169,126200,0.13391442155309033
E07000032,Amber Valley,Not answered,259,126200,0.205229793977813
E07000033,Bolsover,Does not apply,0,80300,0
E07000033,Bolsover,Does not apply,0,80300,0
E07000033,Bolsover,Does not apply,0,80300,0
E07000033,Bolsover,Does not apply,0,80300,0
E07000033,Bolsover,Does not apply,0,80300,0
E07000033,Bolsover,Straight or Heterosexual,0,80300,0
E07000033,Bolsover,Straight or Heterosexual,52658,80300,65.57658779576587
E07000033,Bolsover,Straight or Heterosexual,3347,80300,4.168119551681196
E07000033,Bolsover,Straight or Heterosexual,1739,80300,2.165628891656289
E07000033,Bolsover,Straight or Heterosexual,2591,80300,3.2266500622665006
E07000033,Bolsover,Gay or Lesbian,0,80300,0
E07000033,Bolsover,Gay or Lesbian,837,80300,1.0423412204234122
E07000033,Bolsover,Gay or Lesbian,65,80300,0.08094645080946451
E07000033,Bolsover,Gay or Lesbian,34,80300,0.04234122042341221
E07000033,Bolsover,Gay or Lesbian,40,80300,0.049813200498132
E07000033,Bolsover,Bisexual,0,80300,0
E07000033,Bolsover,Bisexual,511,80300,0.6363636363636364
E07000033,Bolsover,Bisexual,37,80300,0.0460772104607721
E07000033,Bolsover,Bisexual,20,80300,0.024906600249066
E07000033,Bolsover,Bisexual,17,80300,0.021170610211706103
E07000033,Bolsover,All other sexual orientations,0,80300,0
E07000033,Bolsover,All other sexual orientations,107,80300,0.13325031133250312
E07000033,Bolsover,All other sexual orientations,12,80300,0.014943960149439602
E07000033,Bolsover,All other sexual orientations,4,80300,0.0049813200498132005
E07000033,Bolsover,All other sexual orientations,4,80300,0.0049813200498132005
E07000033,Bolsover,Not answered,0,80300,0
E07000033,Bolsover,Not answered,3763,80300,4.686176836861768
E07000033,Bolsover,Not answered,187,80300,0.2328767123287671
E07000033,Bolsover,Not answered,109,80300,0.1357409713574097
E07000033,Bolsover,Not answered,197,80300,0.24533001245330013
E07000034,Chesterfield,Does not apply,0,103600,0
E07000034,Chesterfield,Does not apply,0,103600,0
E07000034,Chesterfield,Does not apply,0,103600,0
E07000034,Chesterfield,Does not apply,0,103600,0
E07000034,Chesterfield,Does not apply,0,103600,0
E07000034,Chesterfield,Straight or Heterosexual,0,103600,0
E07000034,Chesterfield,Straight or Heterosexual,68279,103600,65.90637065637065
E07000034,Chesterfield,Straight or Heterosexual,4537,103600,4.379343629343629
E07000034,Chesterfield,Straight or Heterosexual,1960,103600,1.8918918918918919
E07000034,Chesterfield,Straight or Heterosexual,3151,103600,3.0415057915057915
E07000034,Chesterfield,Gay or Lesbian,0,103600,0
E07000034,Chesterfield,Gay or Lesbian,1124,103600,1.084942084942085
E07000034,Chesterfield,Gay or Lesbian,75,103600,0.07239382239382239
E07000034,Chesterfield,Gay or Lesbian,44,103600,0.04247104247104247
E07000034,Chesterfield,Gay or Lesbian,30,103600,0.02895752895752896
E07000034,Chesterfield,Bisexual,0,103600,0
E07000034,Chesterfield,Bisexual,880,103600,0.8494208494208494
E07000034,Chesterfield,Bisexual,73,103600,0.07046332046332046
E07000034,Chesterfield,Bisexual,26,103600,0.025096525096525095
E07000034,Chesterfield,Bisexual,35,103600,0.033783783783783786
E07000034,Chesterfield,All other sexual orientations,0,103600,0
E07000034,Chesterfield,All other sexual orientations,155,103600,0.14961389961389962
E07000034,Chesterfield,All other sexual orientations,12,103600,0.011583011583011582
E07000034,Chesterfield,All other sexual orientations,10,103600,0.009652509652509652
E07000034,Chesterfield,All other sexual orientations,7,103600,0.006756756756756757
E07000034,Chesterfield,Not answered,0,103600,0
E07000034,Chesterfield,Not answered,4973,103600,4.80019305019305
E07000034,Chesterfield,Not answered,275,103600,0.26544401544401547
E07000034,Chesterfield,Not answered,141,103600,0.1361003861003861
E07000034,Chesterfield,Not answered,219,103600,0.21138996138996138
E07000035,Derbyshire Dales,Does not apply,0,71500,0
E07000035,Derbyshire Dales,Does not apply,0,71500,0
E07000035,Derbyshire Dales,Does not apply,0,71500,0
E07000035,Derbyshire Dales,Does not apply,0,71500,0
E07000035,Derbyshire Dales,Does not apply,0,71500,0
E07000035,Derbyshire Dales,Straight or Heterosexual,0,71500,0
E07000035,Derbyshire Dales,Straight or Heterosexual,49379,71500,69.06153846153846
E07000035,Derbyshire Dales,Straight or Heterosexual,3664,71500,5.124475524475525
E07000035,Derbyshire Dales,Straight or Heterosexual,945,71500,1.3216783216783217
E07000035,Derbyshire Dales,Straight or Heterosexual,1639,71500,2.292307692307692
E07000035,Derbyshire Dales,Gay or Lesbian,0,71500,0
E07000035,Derbyshire Dales,Gay or Lesbian,596,71500,0.8335664335664336
E07000035,Derbyshire Dales,Gay or Lesbian,53,71500,0.07412587412587412
E07000035,Derbyshire Dales,Gay or Lesbian,18,71500,0.025174825174825177
E07000035,Derbyshire Dales,Gay or Lesbian,13,71500,0.01818181818181818
E07000035,Derbyshire Dales,Bisexual,0,71500,0
E07000035,Derbyshire Dales,Bisexual,418,71500,0.5846153846153846
E07000035,Derbyshire Dales,Bisexual,35,71500,0.04895104895104895
E07000035,Derbyshire Dales,Bisexual,9,71500,0.012587412587412588
E07000035,Derbyshire Dales,Bisexual,13,71500,0.01818181818181818
E07000035,Derbyshire Dales,All other sexual orientations,0,71500,0
E07000035,Derbyshire Dales,All other sexual orientations,99,71500,0.13846153846153847
E07000035,Derbyshire Dales,All other sexual orientations,8,71500,0.011188811188811189
E07000035,Derbyshire Dales,All other sexual orientations,3,71500,0.004195804195804196
E07000035,Derbyshire Dales,All other sexual orientations,0,71500,0
E07000035,Derbyshire Dales,Not answered,0,71500,0
E07000035,Derbyshire Dales,Not answered,3750,71500,5.244755244755245
E07000035,Derbyshire Dales,Not answered,227,71500,0.3174825174825175
E07000035,Derbyshire Dales,Not answered,70,71500,0.0979020979020979
E07000035,Derbyshire Dales,Not answered,121,71500,0.16923076923076924
E07000036,Erewash,Does not apply,0,112900,0
E07000036,Erewash,Does not apply,0,112900,0
E07000036,Erewash,Does not apply,0,112900,0
E07000036,Erewash,Does not apply,0,112900,0
E07000036,Erewash,Does not apply,0,112900,0
E07000036,Erewash,Straight or Heterosexual,0,112900,0
E07000036,Erewash,Straight or Heterosexual,75290,112900,66.6873339238264
E07000036,Erewash,Straight or Heterosexual,4865,112900,4.309123117803366
E07000036,Erewash,Straight or Heterosexual,1876,112900,1.6616474756421613
E07000036,Erewash,Straight or Heterosexual,2949,112900,2.612046058458813
E07000036,Erewash,Gay or Lesbian,0,112900,0
E07000036,Erewash,Gay or Lesbian,1140,112900,1.0097431355181576
E07000036,Erewash,Gay or Lesbian,78,112900,0.06908768821966342
E07000036,Erewash,Gay or Lesbian,35,112900,0.03100088573959256
E07000036,Erewash,Gay or Lesbian,25,112900,0.022143489813994686
E07000036,Erewash,Bisexual,0,112900,0
E07000036,Erewash,Bisexual,991,112900,0.8777679362267493
E07000036,Erewash,Bisexual,64,112900,0.0566873339238264
E07000036,Erewash,Bisexual,28,112900,0.024800708591674048
E07000036,Erewash,Bisexual,37,112900,0.03277236492471213
E07000036,Erewash,All other sexual orientations,0,112900,0
E07000036,Erewash,All other sexual orientations,181,112900,0.16031886625332153
E07000036,Erewash,All other sexual orientations,13,112900,0.011514614703277236
E07000036,Erewash,All other sexual orientations,2,112900,0.001771479185119575
E07000036,Erewash,All other sexual orientations,5,112900,0.0044286979627989375
E07000036,Erewash,Not answered,0,112900,0
E07000036,Erewash,Not answered,5321,112900,4.713020372010629
E07000036,Erewash,Not answered,249,112900,0.22054915854738708
E07000036,Erewash,Not answered,119,112900,0.1054030115146147
E07000036,Erewash,Not answered,254,112900,0.224977856510186
E07000037,High Peak,Does not apply,0,90900,0
E07000037,High Peak,Does not apply,0,90900,0
E07000037,High Peak,Does not apply,0,90900,0
E07000037,High Peak,Does not apply,0,90900,0
E07000037,High Peak,Does not apply,0,90900,0
E07000037,High Peak,Straight or Heterosexual,0,90900,0
E07000037,High Peak,Straight or Heterosexual,61471,90900,67.62486248624863
E07000037,High Peak,Straight or Heterosexual,4021,90900,4.4235423542354235
E07000037,High Peak,Straight or Heterosexual,1283,90900,1.4114411441144115
E07000037,High Peak,Straight or Heterosexual,2045,90900,2.24972497249725
E07000037,High Peak,Gay or Lesbian,0,90900,0
E07000037,High Peak,Gay or Lesbian,921,90900,1.0132013201320131
E07000037,High Peak,Gay or Lesbian,82,90900,0.09020902090209021
E07000037,High Peak,Gay or Lesbian,15,90900,0.0165016501650165
E07000037,High Peak,Gay or Lesbian,17,90900,0.0187018701870187
E07000037,High Peak,Bisexual,0,90900,0
E07000037,High Peak,Bisexual,796,90900,0.8756875687568757
E07000037,High Peak,Bisexual,49,90900,0.0539053905390539
E07000037,High Peak,Bisexual,18,90900,0.019801980198019802
E07000037,High Peak,Bisexual,22,90900,0.0242024202420242
E07000037,High Peak,All other sexual orientations,0,90900,0
E07000037,High Peak,All other sexual orientations,193,90900,0.21232123212321233
E07000037,High Peak,All other sexual orientations,20,90900,0.022002200220022004
E07000037,High Peak,All other sexual orientations,1,90900,0.0011001100110011
E07000037,High Peak,All other sexual orientations,2,90900,0.0022002200220022
E07000037,High Peak,Not answered,0,90900,0
E07000037,High Peak,Not answered,4265,90900,4.691969196919692
E07000037,High Peak,Not answered,217,90900,0.23872387238723872
E07000037,High Peak,Not answered,92,90900,0.10121012101210121
E07000037,High Peak,Not answered,128,90900,0.1408140814081408
E07000038,North East Derbyshire,Does not apply,0,102000,0
E07000038,North East Derbyshire,Does not apply,0,102000,0
E07000038,North East Derbyshire,Does not apply,0,102000,0
E07000038,North East Derbyshire,Does not apply,0,102000,0
E07000038,North East Derbyshire,Does not apply,0,102000,0
E07000038,North East Derbyshire,Straight or Heterosexual,0,102000,0
E07000038,North East Derbyshire,Straight or Heterosexual,68787,102000,67.43823529411765
E07000038,North East Derbyshire,Straight or Heterosexual,4801,102000,4.706862745098039
E07000038,North East Derbyshire,Straight or Heterosexual,1768,102000,1.7333333333333334
E07000038,North East Derbyshire,Straight or Heterosexual,3073,102000,3.0127450980392156
E07000038,North East Derbyshire,Gay or Lesbian,0,102000,0
E07000038,North East Derbyshire,Gay or Lesbian,850,102000,0.8333333333333334
E07000038,North East Derbyshire,Gay or Lesbian,62,102000,0.060784313725490195
E07000038,North East Derbyshire,Gay or Lesbian,26,102000,0.025490196078431372
E07000038,North East Derbyshire,Gay or Lesbian,33,102000,0.03235294117647059
E07000038,North East Derbyshire,Bisexual,0,102000,0
E07000038,North East Derbyshire,Bisexual,604,102000,0.592156862745098
E07000038,North East Derbyshire,Bisexual,51,102000,0.05
E07000038,North East Derbyshire,Bisexual,28,102000,0.027450980392156862
E07000038,North East Derbyshire,Bisexual,16,102000,0.01568627450980392
E07000038,North East Derbyshire,All other sexual orientations,0,102000,0
E07000038,North East Derbyshire,All other sexual orientations,104,102000,0.10196078431372549
E07000038,North East Derbyshire,All other sexual orientations,8,102000,0.00784313725490196
E07000038,North East Derbyshire,All other sexual orientations,3,102000,0.0029411764705882353
E07000038,North East Derbyshire,All other sexual orientations,3,102000,0.0029411764705882353
E07000038,North East Derbyshire,Not answered,0,102000,0
E07000038,North East Derbyshire,Not answered,4442,102000,4.354901960784313
E07000038,North East Derbyshire,Not answered,268,102000,0.2627450980392157
E07000038,North East Derbyshire,Not answered,123,102000,0.12058823529411765
E07000038,North East Derbyshire,Not answered,222,102000,0.21764705882352942
E07000039,South Derbyshire,Does not apply,0,107200,0
E07000039,South Derbyshire,Does not apply,0,107200,0
E07000039,South Derbyshire,Does not apply,0,107200,0
E07000039,South Derbyshire,Does not apply,0,107200,0
E07000039,South Derbyshire,Does not apply,0,107200,0
E07000039,South Derbyshire,Straight or Heterosexual,0,107200,0
E07000039,South Derbyshire,Straight or Heterosexual,71283,107200,66.49533582089552
E07000039,South Derbyshire,Straight or Heterosexual,4432,107200,4.134328358208955
E07000039,South Derbyshire,Straight or Heterosexual,1638,107200,1.5279850746268657
E07000039,South Derbyshire,Straight or Heterosexual,2473,107200,2.3069029850746268
E07000039,South Derbyshire,Gay or Lesbian,0,107200,0
E07000039,South Derbyshire,Gay or Lesbian,1018,107200,0.9496268656716418
E07000039,South Derbyshire,Gay or Lesbian,61,107200,0.05690298507462686
E07000039,South Derbyshire,Gay or Lesbian,26,107200,0.024253731343283583
E07000039,South Derbyshire,Gay or Lesbian,27,107200,0.025186567164179104
E07000039,South Derbyshire,Bisexual,0,107200,0
E07000039,South Derbyshire,Bisexual,666,107200,0.621268656716418
E07000039,South Derbyshire,Bisexual,38,107200,0.03544776119402985
E07000039,South Derbyshire,Bisexual,17,107200,0.01585820895522388
E07000039,South Derbyshire,Bisexual,25,107200,0.02332089552238806
E07000039,South Derbyshire,All other sexual orientations,0,107200,0
E07000039,South Derbyshire,All other sexual orientations,143,107200,0.1333955223880597
E07000039,South Derbyshire,All other sexual orientations,8,107200,0.007462686567164179
E07000039,South Derbyshire,All other sexual orientations,8,107200,0.007462686567164179
E07000039,South Derbyshire,All other sexual orientations,2,107200,0.0018656716417910447
E07000039,South Derbyshire,Not answered,0,107200,0
E07000039,South Derbyshire,Not answered,4631,107200,4.319962686567164
E07000039,South Derbyshire,Not answered,211,107200,0.19682835820895522
E07000039,South Derbyshire,Not answered,93,107200,0.08675373134328358
E07000039,South Derbyshire,Not answered,152,107200,0.1417910447761194
E07000040,East Devon,Does not apply,0,150800,0
E07000040,East Devon,Does not apply,0,150800,0
E07000040,East Devon,Does not apply,0,150800,0
E07000040,East Devon,Does not apply,0,150800,0
E07000040,East Devon,Does not apply,0,150800,0
E07000040,East Devon,Straight or Heterosexual,0,150800,0
E07000040,East Devon,Straight or Heterosexual,102709,150800,68.10941644562334
E07000040,East Devon,Straight or Heterosexual,6648,150800,4.408488063660477
E07000040,East Devon,Straight or Heterosexual,2179,150800,1.4449602122015914
E07000040,East Devon,Straight or Heterosexual,3820,150800,2.53315649867374
E07000040,East Devon,Gay or Lesbian,0,150800,0
E07000040,East Devon,Gay or Lesbian,1266,150800,0.8395225464190982
E07000040,East Devon,Gay or Lesbian,102,150800,0.06763925729442971
E07000040,East Devon,Gay or Lesbian,46,150800,0.03050397877984085
E07000040,East Devon,Gay or Lesbian,40,150800,0.026525198938992044
E07000040,East Devon,Bisexual,0,150800,0
E07000040,East Devon,Bisexual,996,150800,0.6604774535809018
E07000040,East Devon,Bisexual,78,150800,0.05172413793103448
E07000040,East Devon,Bisexual,29,150800,0.019230769230769232
E07000040,East Devon,Bisexual,40,150800,0.026525198938992044
E07000040,East Devon,All other sexual orientations,0,150800,0
E07000040,East Devon,All other sexual orientations,244,150800,0.16180371352785147
E07000040,East Devon,All other sexual orientations,20,150800,0.013262599469496022
E07000040,East Devon,All other sexual orientations,11,150800,0.007294429708222812
E07000040,East Devon,All other sexual orientations,10,150800,0.006631299734748011
E07000040,East Devon,Not answered,0,150800,0
E07000040,East Devon,Not answered,8205,150800,5.440981432360743
E07000040,East Devon,Not answered,461,150800,0.3057029177718833
E07000040,East Devon,Not answered,184,150800,0.1220159151193634
E07000040,East Devon,Not answered,302,150800,0.2002652519893899
E07000041,Exeter,Does not apply,0,130800,0
E07000041,Exeter,Does not apply,0,130800,0
E07000041,Exeter,Does not apply,0,130800,0
E07000041,Exeter,Does not apply,0,130800,0
E07000041,Exeter,Does not apply,0,130800,0
E07000041,Exeter,Straight or Heterosexual,0,130800,0
E07000041,Exeter,Straight or Heterosexual,87339,130800,66.7729357798165
E07000041,Exeter,Straight or Heterosexual,4550,130800,3.478593272171254
E07000041,Exeter,Straight or Heterosexual,1633,130800,1.2484709480122325
E07000041,Exeter,Straight or Heterosexual,2428,130800,1.856269113149847
E07000041,Exeter,Gay or Lesbian,0,130800,0
E07000041,Exeter,Gay or Lesbian,1954,130800,1.4938837920489296
E07000041,Exeter,Gay or Lesbian,140,130800,0.10703363914373089
E07000041,Exeter,Gay or Lesbian,38,130800,0.0290519877675841
E07000041,Exeter,Gay or Lesbian,22,130800,0.016819571865443424
E07000041,Exeter,Bisexual,0,130800,0
E07000041,Exeter,Bisexual,2831,130800,2.164373088685015
E07000041,Exeter,Bisexual,145,130800,0.11085626911314984
E07000041,Exeter,Bisexual,40,130800,0.03058103975535168
E07000041,Exeter,Bisexual,46,130800,0.035168195718654434
E07000041,Exeter,All other sexual orientations,0,130800,0
E07000041,Exeter,All other sexual orientations,610,130800,0.46636085626911317
E07000041,Exeter,All other sexual orientations,53,130800,0.040519877675840976
E07000041,Exeter,All other sexual orientations,6,130800,0.0045871559633027525
E07000041,Exeter,All other sexual orientations,11,130800,0.008409785932721712
E07000041,Exeter,Not answered,0,130800,0
E07000041,Exeter,Not answered,8849,130800,6.765290519877676
E07000041,Exeter,Not answered,321,130800,0.24541284403669725
E07000041,Exeter,Not answered,135,130800,0.10321100917431193
E07000041,Exeter,Not answered,180,130800,0.13761467889908258
E07000042,Mid Devon,Does not apply,0,82800,0
E07000042,Mid Devon,Does not apply,0,82800,0
E07000042,Mid Devon,Does not apply,0,82800,0
E07000042,Mid Devon,Does not apply,0,82800,0
E07000042,Mid Devon,Does not apply,0,82800,0
E07000042,Mid Devon,Straight or Heterosexual,0,82800,0
E07000042,Mid Devon,Straight or Heterosexual,54922,82800,66.33091787439614
E07000042,Mid Devon,Straight or Heterosexual,3470,82800,4.190821256038648
E07000042,Mid Devon,Straight or Heterosexual,1211,82800,1.46256038647343
E07000042,Mid Devon,Straight or Heterosexual,1903,82800,2.2983091787439616
E07000042,Mid Devon,Gay or Lesbian,0,82800,0
E07000042,Mid Devon,Gay or Lesbian,674,82800,0.8140096618357487
E07000042,Mid Devon,Gay or Lesbian,47,82800,0.05676328502415459
E07000042,Mid Devon,Gay or Lesbian,28,82800,0.033816425120772944
E07000042,Mid Devon,Gay or Lesbian,19,82800,0.022946859903381644
E07000042,Mid Devon,Bisexual,0,82800,0
E07000042,Mid Devon,Bisexual,620,82800,0.748792270531401
E07000042,Mid Devon,Bisexual,55,82800,0.06642512077294686
E07000042,Mid Devon,Bisexual,19,82800,0.022946859903381644
E07000042,Mid Devon,Bisexual,24,82800,0.028985507246376812
E07000042,Mid Devon,All other sexual orientations,0,82800,0
E07000042,Mid Devon,All other sexual orientations,158,82800,0.19082125603864733
E07000042,Mid Devon,All other sexual orientations,16,82800,0.01932367149758454
E07000042,Mid Devon,All other sexual orientations,2,82800,0.0024154589371980675
E07000042,Mid Devon,All other sexual orientations,10,82800,0.012077294685990338
E07000042,Mid Devon,Not answered,0,82800,0
E07000042,Mid Devon,Not answered,4492,82800,5.42512077294686
E07000042,Mid Devon,Not answered,279,82800,0.33695652173913043
E07000042,Mid Devon,Not answered,92,82800,0.1111111111111111
E07000042,Mid Devon,Not answered,162,82800,0.1956521739130435
E07000043,North Devon,Does not apply,0,98600,0
E07000043,North Devon,Does not apply,0,98600,0
E07000043,North Devon,Does not apply,0,98600,0
E07000043,North Devon,Does not apply,0,98600,0
E07000043,North Devon,Does not apply,0,98600,0
E07000043,North Devon,Straight or Heterosexual,0,98600,0
E07000043,North Devon,Straight or Heterosexual,66220,98600,67.16024340770791
E07000043,North Devon,Straight or Heterosexual,3938,98600,3.993914807302231
E07000043,North Devon,Straight or Heterosexual,1476,98600,1.4969574036511155
E07000043,North Devon,Straight or Heterosexual,2556,98600,2.5922920892494927
E07000043,North Devon,Gay or Lesbian,0,98600,0
E07000043,North Devon,Gay or Lesbian,805,98600,0.8164300202839757
E07000043,North Devon,Gay or Lesbian,61,98600,0.061866125760649086
E07000043,North Devon,Gay or Lesbian,27,98600,0.02738336713995943
E07000043,North Devon,Gay or Lesbian,22,98600,0.02231237322515213
E07000043,North Devon,Bisexual,0,98600,0
E07000043,North Devon,Bisexual,704,98600,0.7139959432048681
E07000043,North Devon,Bisexual,51,98600,0.05172413793103448
E07000043,North Devon,Bisexual,18,98600,0.018255578093306288
E07000043,North Devon,Bisexual,35,98600,0.035496957403651115
E07000043,North Devon,All other sexual orientations,0,98600,0
E07000043,North Devon,All other sexual orientations,181,98600,0.18356997971602435
E07000043,North Devon,All other sexual orientations,18,98600,0.018255578093306288
E07000043,North Devon,All other sexual orientations,4,98600,0.004056795131845842
E07000043,North Devon,All other sexual orientations,1,98600,0.0010141987829614604
E07000043,North Devon,Not answered,0,98600,0
E07000043,North Devon,Not answered,5473,98600,5.550709939148073
E07000043,North Devon,Not answered,267,98600,0.27079107505070993
E07000043,North Devon,Not answered,121,98600,0.12271805273833672
E07000043,North Devon,Not answered,218,98600,0.2210953346855984
E07000044,South Hams,Does not apply,0,88600,0
E07000044,South Hams,Does not apply,0,88600,0
E07000044,South Hams,Does not apply,0,88600,0
E07000044,South Hams,Does not apply,0,88600,0
E07000044,South Hams,Does not apply,0,88600,0
E07000044,South Hams,Straight or Heterosexual,0,88600,0
E07000044,South Hams,Straight or Heterosexual,60105,88600,67.83860045146727
E07000044,South Hams,Straight or Heterosexual,4199,88600,4.739277652370204
E07000044,South Hams,Straight or Heterosexual,1322,88600,1.492099322799097
E07000044,South Hams,Straight or Heterosexual,2086,88600,2.3544018058690743
E07000044,South Hams,Gay or Lesbian,0,88600,0
E07000044,South Hams,Gay or Lesbian,765,88600,0.863431151241535
E07000044,South Hams,Gay or Lesbian,53,88600,0.05981941309255079
E07000044,South Hams,Gay or Lesbian,19,88600,0.02144469525959368
E07000044,South Hams,Gay or Lesbian,21,88600,0.023702031602708805
E07000044,South Hams,Bisexual,0,88600,0
E07000044,South Hams,Bisexual,679,88600,0.7663656884875847
E07000044,South Hams,Bisexual,57,88600,0.06433408577878104
E07000044,South Hams,Bisexual,23,88600,0.025959367945823927
E07000044,South Hams,Bisexual,12,88600,0.013544018058690745
E07000044,South Hams,All other sexual orientations,0,88600,0
E07000044,South Hams,All other sexual orientations,189,88600,0.21331828442437922
E07000044,South Hams,All other sexual orientations,27,88600,0.030474040632054177
E07000044,South Hams,All other sexual orientations,6,88600,0.006772009029345372
E07000044,South Hams,All other sexual orientations,9,88600,0.010158013544018058
E07000044,South Hams,Not answered,0,88600,0
E07000044,South Hams,Not answered,4808,88600,5.426636568848759
E07000044,South Hams,Not answered,329,88600,0.37133182844243795
E07000044,South Hams,Not answered,106,88600,0.11963882618510158
E07000044,South Hams,Not answered,154,88600,0.17381489841986456
E07000045,Teignbridge,Does not apply,0,134800,0
E07000045,Teignbridge,Does not apply,0,134800,0
E07000045,Teignbridge,Does not apply,0,134800,0
E07000045,Teignbridge,Does not apply,0,134800,0
E07000045,Teignbridge,Does not apply,0,134800,0
E07000045,Teignbridge,Straight or Heterosexual,0,134800,0
E07000045,Teignbridge,Straight or Heterosexual,90634,134800,67.23590504451039
E07000045,Teignbridge,Straight or Heterosexual,6112,134800,4.534124629080119
E07000045,Teignbridge,Straight or Heterosexual,2141,134800,1.5882789317507418
E07000045,Teignbridge,Straight or Heterosexual,3536,134800,2.623145400593472
E07000045,Teignbridge,Gay or Lesbian,0,134800,0
E07000045,Teignbridge,Gay or Lesbian,1257,134800,0.9324925816023739
E07000045,Teignbridge,Gay or Lesbian,95,134800,0.07047477744807122
E07000045,Teignbridge,Gay or Lesbian,32,134800,0.02373887240356083
E07000045,Teignbridge,Gay or Lesbian,29,134800,0.021513353115727003
E07000045,Teignbridge,Bisexual,0,134800,0
E07000045,Teignbridge,Bisexual,1025,134800,0.7603857566765578
E07000045,Teignbridge,Bisexual,87,134800,0.064540059347181
E07000045,Teignbridge,Bisexual,32,134800,0.02373887240356083
E07000045,Teignbridge,Bisexual,38,134800,0.028189910979228485
E07000045,Teignbridge,All other sexual orientations,0,134800,0
E07000045,Teignbridge,All other sexual orientations,248,134800,0.18397626112759644
E07000045,Teignbridge,All other sexual orientations,17,134800,0.012611275964391691
E07000045,Teignbridge,All other sexual orientations,2,134800,0.001483679525222552
E07000045,Teignbridge,All other sexual orientations,9,134800,0.0066765578635014835
E07000045,Teignbridge,Not answered,0,134800,0
E07000045,Teignbridge,Not answered,7270,134800,5.393175074183977
E07000045,Teignbridge,Not answered,454,134800,0.3367952522255193
E07000045,Teignbridge,Not answered,142,134800,0.10534124629080119
E07000045,Teignbridge,Not answered,298,134800,0.22106824925816024
E07000046,Torridge,Does not apply,0,68100,0
E07000046,Torridge,Does not apply,0,68100,0
E07000046,Torridge,Does not apply,0,68100,0
E07000046,Torridge,Does not apply,0,68100,0
E07000046,Torridge,Does not apply,0,68100,0
E07000046,Torridge,Straight or Heterosexual,0,68100,0
E07000046,Torridge,Straight or Heterosexual,45852,68100,67.33039647577093
E07000046,Torridge,Straight or Heterosexual,2846,68100,4.179148311306902
E07000046,Torridge,Straight or Heterosexual,1108,68100,1.6270190895741556
E07000046,Torridge,Straight or Heterosexual,1938,68100,2.845814977973568
E07000046,Torridge,Gay or Lesbian,0,68100,0
E07000046,Torridge,Gay or Lesbian,625,68100,0.9177679882525698
E07000046,Torridge,Gay or Lesbian,61,68100,0.08957415565345081
E07000046,Torridge,Gay or Lesbian,15,68100,0.022026431718061675
E07000046,Torridge,Gay or Lesbian,22,68100,0.032305433186490456
E07000046,Torridge,Bisexual,0,68100,0
E07000046,Torridge,Bisexual,443,68100,0.6505139500734214
E07000046,Torridge,Bisexual,35,68100,0.0513950073421439
E07000046,Torridge,Bisexual,16,68100,0.023494860499265784
E07000046,Torridge,Bisexual,22,68100,0.032305433186490456
E07000046,Torridge,All other sexual orientations,0,68100,0
E07000046,Torridge,All other sexual orientations,82,68100,0.12041116005873716
E07000046,Torridge,All other sexual orientations,15,68100,0.022026431718061675
E07000046,Torridge,All other sexual orientations,3,68100,0.004405286343612335
E07000046,Torridge,All other sexual orientations,10,68100,0.014684287812041116
E07000046,Torridge,Not answered,0,68100,0
E07000046,Torridge,Not answered,4030,68100,5.91776798825257
E07000046,Torridge,Not answered,188,68100,0.27606461086637296
E07000046,Torridge,Not answered,92,68100,0.13509544787077826
E07000046,Torridge,Not answered,156,68100,0.2290748898678414
E07000047,West Devon,Does not apply,0,57100,0
E07000047,West Devon,Does not apply,0,57100,0
E07000047,West Devon,Does not apply,0,57100,0
E07000047,West Devon,Does not apply,0,57100,0
E07000047,West Devon,Does not apply,0,57100,0
E07000047,West Devon,Straight or Heterosexual,0,57100,0
E07000047,West Devon,Straight or Heterosexual,38525,57100,67.46935201401051
E07000047,West Devon,Straight or Heterosexual,2666,57100,4.669001751313485
E07000047,West Devon,Straight or Heterosexual,842,57100,1.4746059544658494
E07000047,West Devon,Straight or Heterosexual,1517,57100,2.6567425569176883
E07000047,West Devon,Gay or Lesbian,0,57100,0
E07000047,West Devon,Gay or Lesbian,460,57100,0.8056042031523643
E07000047,West Devon,Gay or Lesbian,54,57100,0.09457092819614711
E07000047,West Devon,Gay or Lesbian,13,57100,0.02276707530647986
E07000047,West Devon,Gay or Lesbian,9,57100,0.01576182136602452
E07000047,West Devon,Bisexual,0,57100,0
E07000047,West Devon,Bisexual,405,57100,0.7092819614711033
E07000047,West Devon,Bisexual,30,57100,0.05253940455341506
E07000047,West Devon,Bisexual,17,57100,0.0297723292469352
E07000047,West Devon,Bisexual,14,57100,0.024518388791593695
E07000047,West Devon,All other sexual orientations,0,57100,0
E07000047,West Devon,All other sexual orientations,111,57100,0.19439579684763572
E07000047,West Devon,All other sexual orientations,5,57100,0.008756567425569177
E07000047,West Devon,All other sexual orientations,6,57100,0.010507880910683012
E07000047,West Devon,All other sexual orientations,8,57100,0.014010507880910683
E07000047,West Devon,Not answered,0,57100,0
E07000047,West Devon,Not answered,3304,57100,5.786339754816112
E07000047,West Devon,Not answered,179,57100,0.31348511383537653
E07000047,West Devon,Not answered,69,57100,0.12084063047285463
E07000047,West Devon,Not answered,124,57100,0.2171628721541156
E07000061,Eastbourne,Does not apply,0,101700,0
E07000061,Eastbourne,Does not apply,0,101700,0
E07000061,Eastbourne,Does not apply,0,101700,0
E07000061,Eastbourne,Does not apply,0,101700,0
E07000061,Eastbourne,Does not apply,0,101700,0
E07000061,Eastbourne,Straight or Heterosexual,0,101700,0
E07000061,Eastbourne,Straight or Heterosexual,66293,101700,65.18485742379548
E07000061,Eastbourne,Straight or Heterosexual,3751,101700,3.6882989183874137
E07000061,Eastbourne,Straight or Heterosexual,1681,101700,1.6529006882989183
E07000061,Eastbourne,Straight or Heterosexual,2768,101700,2.7217305801376597
E07000061,Eastbourne,Gay or Lesbian,0,101700,0
E07000061,Eastbourne,Gay or Lesbian,1530,101700,1.5044247787610618
E07000061,Eastbourne,Gay or Lesbian,108,101700,0.10619469026548672
E07000061,Eastbourne,Gay or Lesbian,49,101700,0.048180924287118974
E07000061,Eastbourne,Gay or Lesbian,49,101700,0.048180924287118974
E07000061,Eastbourne,Bisexual,0,101700,0
E07000061,Eastbourne,Bisexual,1101,101700,1.0825958702064897
E07000061,Eastbourne,Bisexual,79,101700,0.0776794493608653
E07000061,Eastbourne,Bisexual,30,101700,0.029498525073746312
E07000061,Eastbourne,Bisexual,43,101700,0.04228121927236971
E07000061,Eastbourne,All other sexual orientations,0,101700,0
E07000061,Eastbourne,All other sexual orientations,248,101700,0.24385447394296952
E07000061,Eastbourne,All other sexual orientations,19,101700,0.018682399213372666
E07000061,Eastbourne,All other sexual orientations,7,101700,0.00688298918387414
E07000061,Eastbourne,All other sexual orientations,16,101700,0.015732546705998034
E07000061,Eastbourne,Not answered,0,101700,0
E07000061,Eastbourne,Not answered,6166,101700,6.062930186823992
E07000061,Eastbourne,Not answered,261,101700,0.25663716814159293
E07000061,Eastbourne,Not answered,156,101700,0.15339233038348082
E07000061,Eastbourne,Not answered,220,101700,0.21632251720747295
E07000062,Hastings,Does not apply,0,91100,0
E07000062,Hastings,Does not apply,0,91100,0
E07000062,Hastings,Does not apply,0,91100,0
E07000062,Hastings,Does not apply,0,91100,0
E07000062,Hastings,Does not apply,0,91100,0
E07000062,Hastings,Straight or Heterosexual,0,91100,0
E07000062,Hastings,Straight or Heterosexual,57546,91100,63.16794731064764
E07000062,Hastings,Straight or Heterosexual,3237,91100,3.553238199780461
E07000062,Hastings,Straight or Heterosexual,1708,91100,1.8748627881448958
E07000062,Hastings,Straight or Heterosexual,2521,91100,2.7672886937431396
E07000062,Hastings,Gay or Lesbian,0,91100,0
E07000062,Hastings,Gay or Lesbian,1544,91100,1.694840834248079
E07000062,Hastings,Gay or Lesbian,100,91100,0.10976948408342481
E07000062,Hastings,Gay or Lesbian,46,91100,0.050493962678375415
E07000062,Hastings,Gay or Lesbian,53,91100,0.05817782656421515
E07000062,Hastings,Bisexual,0,91100,0
E07000062,Hastings,Bisexual,1208,91100,1.3260153677277717
E07000062,Hastings,Bisexual,102,91100,0.1119648737650933
E07000062,Hastings,Bisexual,32,91100,0.03512623490669594
E07000062,Hastings,Bisexual,46,91100,0.050493962678375415
E07000062,Hastings,All other sexual orientations,0,91100,0
E07000062,Hastings,All other sexual orientations,268,91100,0.29418221734357847
E07000062,Hastings,All other sexual orientations,43,91100,0.04720087815587267
E07000062,Hastings,All other sexual orientations,12,91100,0.013172338090010977
E07000062,Hastings,All other sexual orientations,9,91100,0.009879253567508232
E07000062,Hastings,Not answered,0,91100,0
E07000062,Hastings,Not answered,5651,91100,6.203073545554336
E07000062,Hastings,Not answered,270,91100,0.29637760702524696
E07000062,Hastings,Not answered,128,91100,0.14050493962678376
E07000062,Hastings,Not answered,185,91100,0.2030735455543359
E07000063,Lewes,Does not apply,0,99900,0
E07000063,Lewes,Does not apply,0,99900,0
E07000063,Lewes,Does not apply,0,99900,0
E07000063,Lewes,Does not apply,0,99900,0
E07000063,Lewes,Does not apply,0,99900,0
E07000063,Lewes,Straight or Heterosexual,0,99900,0
E07000063,Lewes,Straight or Heterosexual,65424,99900,65.48948948948949
E07000063,Lewes,Straight or Heterosexual,4585,99900,4.58958958958959
E07000063,Lewes,Straight or Heterosexual,1434,99900,1.4354354354354355
E07000063,Lewes,Straight or Heterosexual,2551,99900,2.5535535535535536
E07000063,Lewes,Gay or Lesbian,0,99900,0
E07000063,Lewes,Gay or Lesbian,1718,99900,1.7197197197197198
E07000063,Lewes,Gay or Lesbian,149,99900,0.14914914914914915
E07000063,Lewes,Gay or Lesbian,42,99900,0.042042042042042045
E07000063,Lewes,Gay or Lesbian,49,99900,0.04904904904904905
E07000063,Lewes,Bisexual,0,99900,0
E07000063,Lewes,Bisexual,971,99900,0.9719719719719719
E07000063,Lewes,Bisexual,78,99900,0.07807807807807808
E07000063,Lewes,Bisexual,27,99900,0.02702702702702703
E07000063,Lewes,Bisexual,35,99900,0.035035035035035036
E07000063,Lewes,All other sexual orientations,0,99900,0
E07000063,Lewes,All other sexual orientations,247,99900,0.24724724724724725
E07000063,Lewes,All other sexual orientations,24,99900,0.024024024024024024
E07000063,Lewes,All other sexual orientations,14,99900,0.014014014014014014
E07000063,Lewes,All other sexual orientations,10,99900,0.01001001001001001
E07000063,Lewes,Not answered,0,99900,0
E07000063,Lewes,Not answered,5193,99900,5.198198198198198
E07000063,Lewes,Not answered,366,99900,0.3663663663663664
E07000063,Lewes,Not answered,100,99900,0.1001001001001001
E07000063,Lewes,Not answered,202,99900,0.2022022022022022
E07000064,Rother,Does not apply,0,93100,0
E07000064,Rother,Does not apply,0,93100,0
E07000064,Rother,Does not apply,0,93100,0
E07000064,Rother,Does not apply,0,93100,0
E07000064,Rother,Does not apply,0,93100,0
E07000064,Rother,Straight or Heterosexual,0,93100,0
E07000064,Rother,Straight or Heterosexual,63068,93100,67.7422126745435
E07000064,Rother,Straight or Heterosexual,4076,93100,4.378088077336198
E07000064,Rother,Straight or Heterosexual,1531,93100,1.644468313641246
E07000064,Rother,Straight or Heterosexual,2691,93100,2.890440386680988
E07000064,Rother,Gay or Lesbian,0,93100,0
E07000064,Rother,Gay or Lesbian,1021,93100,1.0966702470461869
E07000064,Rother,Gay or Lesbian,95,93100,0.10204081632653061
E07000064,Rother,Gay or Lesbian,27,93100,0.02900107411385607
E07000064,Rother,Gay or Lesbian,32,93100,0.034371643394199784
E07000064,Rother,Bisexual,0,93100,0
E07000064,Rother,Bisexual,612,93100,0.6573576799140709
E07000064,Rother,Bisexual,54,93100,0.05800214822771214
E07000064,Rother,Bisexual,15,93100,0.01611170784103115
E07000064,Rother,Bisexual,26,93100,0.027926960257787327
E07000064,Rother,All other sexual orientations,0,93100,0
E07000064,Rother,All other sexual orientations,128,93100,0.13748657357679914
E07000064,Rother,All other sexual orientations,13,93100,0.013963480128893663
E07000064,Rother,All other sexual orientations,6,93100,0.00644468313641246
E07000064,Rother,All other sexual orientations,3,93100,0.00322234156820623
E07000064,Rother,Not answered,0,93100,0
E07000064,Rother,Not answered,5465,93100,5.870032223415682
E07000064,Rother,Not answered,300,93100,0.322234156820623
E07000064,Rother,Not answered,119,93100,0.12781954887218044
E07000064,Rother,Not answered,209,93100,0.22448979591836735
E07000065,Wealden,Does not apply,0,160100,0
E07000065,Wealden,Does not apply,0,160100,0
E07000065,Wealden,Does not apply,0,160100,0
E07000065,Wealden,Does not apply,0,160100,0
E07000065,Wealden,Does not apply,0,160100,0
E07000065,Wealden,Straight or Heterosexual,0,160100,0
E07000065,Wealden,Straight or Heterosexual,108711,160100,67.90193628981886
E07000065,Wealden,Straight or Heterosexual,7082,160100,4.423485321673954
E07000065,Wealden,Straight or Heterosexual,2185,160100,1.3647720174890694
E07000065,Wealden,Straight or Heterosexual,3482,160100,2.174890693316677
E07000065,Wealden,Gay or Lesbian,0,160100,0
E07000065,Wealden,Gay or Lesbian,1457,160100,0.910056214865709
E07000065,Wealden,Gay or Lesbian,104,160100,0.06495940037476577
E07000065,Wealden,Gay or Lesbian,37,160100,0.0231105559025609
E07000065,Wealden,Gay or Lesbian,47,160100,0.029356652092442224
E07000065,Wealden,Bisexual,0,160100,0
E07000065,Wealden,Bisexual,1013,160100,0.6327295440349782
E07000065,Wealden,Bisexual,73,160100,0.04559650218613367
E07000065,Wealden,Bisexual,20,160100,0.012492192379762648
E07000065,Wealden,Bisexual,23,160100,0.014366021236727046
E07000065,Wealden,All other sexual orientations,0,160100,0
E07000065,Wealden,All other sexual orientations,266,160100,0.16614615865084323
E07000065,Wealden,All other sexual orientations,14,160100,0.008744534665833853
E07000065,Wealden,All other sexual orientations,3,160100,0.0018738288569643974
E07000065,Wealden,All other sexual orientations,8,160100,0.004996876951905059
E07000065,Wealden,Not answered,0,160100,0
E07000065,Wealden,Not answered,8246,160100,5.15053091817614
E07000065,Wealden,Not answered,489,160100,0.30543410368519675
E07000065,Wealden,Not answered,133,160100,0.08307307932542161
E07000065,Wealden,Not answered,256,160100,0.1599000624609619
E07000066,Basildon,Does not apply,0,187600,0
E07000066,Basildon,Does not apply,0,187600,0
E07000066,Basildon,Does not apply,0,187600,0
E07000066,Basildon,Does not apply,0,187600,0
E07000066,Basildon,Does not apply,0,187600,0
E07000066,Basildon,Straight or Heterosexual,0,187600,0
E07000066,Basildon,Straight or Heterosexual,122429,187600,65.26066098081023
E07000066,Basildon,Straight or Heterosexual,6498,187600,3.4637526652452024
E07000066,Basildon,Straight or Heterosexual,2856,187600,1.5223880597014925
E07000066,Basildon,Straight or Heterosexual,4549,187600,2.4248400852878467
E07000066,Basildon,Gay or Lesbian,0,187600,0
E07000066,Basildon,Gay or Lesbian,1424,187600,0.7590618336886994
E07000066,Basildon,Gay or Lesbian,87,187600,0.04637526652452026
E07000066,Basildon,Gay or Lesbian,30,187600,0.015991471215351813
E07000066,Basildon,Gay or Lesbian,33,187600,0.017590618336886993
E07000066,Basildon,Bisexual,0,187600,0
E07000066,Basildon,Bisexual,1016,187600,0.5415778251599147
E07000066,Basildon,Bisexual,62,187600,0.03304904051172708
E07000066,Basildon,Bisexual,36,187600,0.019189765458422176
E07000066,Basildon,Bisexual,38,187600,0.02025586353944563
E07000066,Basildon,All other sexual orientations,0,187600,0
E07000066,Basildon,All other sexual orientations,294,187600,0.15671641791044777
E07000066,Basildon,All other sexual orientations,19,187600,0.010127931769722815
E07000066,Basildon,All other sexual orientations,8,187600,0.0042643923240938165
E07000066,Basildon,All other sexual orientations,10,187600,0.005330490405117271
E07000066,Basildon,Not answered,0,187600,0
E07000066,Basildon,Not answered,8371,187600,4.462153518123667
E07000066,Basildon,Not answered,432,187600,0.2302771855010661
E07000066,Basildon,Not answered,165,187600,0.08795309168443496
E07000066,Basildon,Not answered,307,187600,0.1636460554371002
E07000067,Braintree,Does not apply,0,155200,0
E07000067,Braintree,Does not apply,0,155200,0
E07000067,Braintree,Does not apply,0,155200,0
E07000067,Braintree,Does not apply,0,155200,0
E07000067,Braintree,Does not apply,0,155200,0
E07000067,Braintree,Straight or Heterosexual,0,155200,0
E07000067,Braintree,Straight or Heterosexual,104110,155200,67.08118556701031
E07000067,Braintree,Straight or Heterosexual,5824,155200,3.752577319587629
E07000067,Braintree,Straight or Heterosexual,2120,155200,1.365979381443299
E07000067,Braintree,Straight or Heterosexual,3457,155200,2.2274484536082473
E07000067,Braintree,Gay or Lesbian,0,155200,0
E07000067,Braintree,Gay or Lesbian,1238,155200,0.7976804123711341
E07000067,Braintree,Gay or Lesbian,91,155200,0.0586340206185567
E07000067,Braintree,Gay or Lesbian,28,155200,0.01804123711340206
E07000067,Braintree,Gay or Lesbian,36,155200,0.023195876288659795
E07000067,Braintree,Bisexual,0,155200,0
E07000067,Braintree,Bisexual,1036,155200,0.6675257731958762
E07000067,Braintree,Bisexual,59,155200,0.03801546391752577
E07000067,Braintree,Bisexual,25,155200,0.01610824742268041
E07000067,Braintree,Bisexual,29,155200,0.018685567010309278
E07000067,Braintree,All other sexual orientations,0,155200,0
E07000067,Braintree,All other sexual orientations,218,155200,0.1404639175257732
E07000067,Braintree,All other sexual orientations,14,155200,0.00902061855670103
E07000067,Braintree,All other sexual orientations,8,155200,0.005154639175257732
E07000067,Braintree,All other sexual orientations,9,155200,0.005798969072164949
E07000067,Braintree,Not answered,0,155200,0
E07000067,Braintree,Not answered,7515,155200,4.842139175257732
E07000067,Braintree,Not answered,345,155200,0.22229381443298968
E07000067,Braintree,Not answered,163,155200,0.10502577319587629
E07000067,Braintree,Not answered,242,155200,0.1559278350515464
E07000068,Brentwood,Does not apply,0,77000,0
E07000068,Brentwood,Does not apply,0,77000,0
E07000068,Brentwood,Does not apply,0,77000,0
E07000068,Brentwood,Does not apply,0,77000,0
E07000068,Brentwood,Does not apply,0,77000,0
E07000068,Brentwood,Straight or Heterosexual,0,77000,0
E07000068,Brentwood,Straight or Heterosexual,52355,77000,67.99350649350649
E07000068,Brentwood,Straight or Heterosexual,3148,77000,4.088311688311689
E07000068,Brentwood,Straight or Heterosexual,886,77000,1.1506493506493507
E07000068,Brentwood,Straight or Heterosexual,1422,77000,1.8467532467532468
E07000068,Brentwood,Gay or Lesbian,0,77000,0
E07000068,Brentwood,Gay or Lesbian,545,77000,0.7077922077922078
E07000068,Brentwood,Gay or Lesbian,43,77000,0.05584415584415584
E07000068,Brentwood,Gay or Lesbian,11,77000,0.014285714285714285
E07000068,Brentwood,Gay or Lesbian,18,77000,0.023376623376623377
E07000068,Brentwood,Bisexual,0,77000,0
E07000068,Brentwood,Bisexual,346,77000,0.44935064935064933
E07000068,Brentwood,Bisexual,18,77000,0.023376623376623377
E07000068,Brentwood,Bisexual,3,77000,0.003896103896103896
E07000068,Brentwood,Bisexual,8,77000,0.01038961038961039
E07000068,Brentwood,All other sexual orientations,0,77000,0
E07000068,Brentwood,All other sexual orientations,92,77000,0.11948051948051948
E07000068,Brentwood,All other sexual orientations,17,77000,0.02207792207792208
E07000068,Brentwood,All other sexual orientations,0,77000,0
E07000068,Brentwood,All other sexual orientations,1,77000,0.0012987012987012987
E07000068,Brentwood,Not answered,0,77000,0
E07000068,Brentwood,Not answered,3607,77000,4.684415584415585
E07000068,Brentwood,Not answered,182,77000,0.23636363636363636
E07000068,Brentwood,Not answered,61,77000,0.07922077922077922
E07000068,Brentwood,Not answered,99,77000,0.12857142857142856
E07000069,Castle Point,Does not apply,0,89600,0
E07000069,Castle Point,Does not apply,0,89600,0
E07000069,Castle Point,Does not apply,0,89600,0
E07000069,Castle Point,Does not apply,0,89600,0
E07000069,Castle Point,Does not apply,0,89600,0
E07000069,Castle Point,Straight or Heterosexual,0,89600,0
E07000069,Castle Point,Straight or Heterosexual,61202,89600,68.30580357142857
E07000069,Castle Point,Straight or Heterosexual,3539,89600,3.9497767857142856
E07000069,Castle Point,Straight or Heterosexual,1512,89600,1.6875
E07000069,Castle Point,Straight or Heterosexual,2420,89600,2.700892857142857
E07000069,Castle Point,Gay or Lesbian,0,89600,0
E07000069,Castle Point,Gay or Lesbian,548,89600,0.6116071428571429
E07000069,Castle Point,Gay or Lesbian,42,89600,0.046875
E07000069,Castle Point,Gay or Lesbian,13,89600,0.014508928571428572
E07000069,Castle Point,Gay or Lesbian,21,89600,0.0234375
E07000069,Castle Point,Bisexual,0,89600,0
E07000069,Castle Point,Bisexual,403,89600,0.4497767857142857
E07000069,Castle Point,Bisexual,18,89600,0.020089285714285716
E07000069,Castle Point,Bisexual,13,89600,0.014508928571428572
E07000069,Castle Point,Bisexual,12,89600,0.013392857142857142
E07000069,Castle Point,All other sexual orientations,0,89600,0
E07000069,Castle Point,All other sexual orientations,91,89600,0.1015625
E07000069,Castle Point,All other sexual orientations,7,89600,0.0078125
E07000069,Castle Point,All other sexual orientations,3,89600,0.0033482142857142855
E07000069,Castle Point,All other sexual orientations,4,89600,0.004464285714285714
E07000069,Castle Point,Not answered,0,89600,0
E07000069,Castle Point,Not answered,4135,89600,4.614955357142857
E07000069,Castle Point,Not answered,189,89600,0.2109375
E07000069,Castle Point,Not answered,90,89600,0.10044642857142858
E07000069,Castle Point,Not answered,151,89600,0.16852678571428573
E07000070,Chelmsford,Does not apply,0,181500,0
E07000070,Chelmsford,Does not apply,0,181500,0
E07000070,Chelmsford,Does not apply,0,181500,0
E07000070,Chelmsford,Does not apply,0,181500,0
E07000070,Chelmsford,Does not apply,0,181500,0
E07000070,Chelmsford,Straight or Heterosexual,0,181500,0
E07000070,Chelmsford,Straight or Heterosexual,122439,181500,67.4595041322314
E07000070,Chelmsford,Straight or Heterosexual,6875,181500,3.787878787878788
E07000070,Chelmsford,Straight or Heterosexual,2124,181500,1.1702479338842975
E07000070,Chelmsford,Straight or Heterosexual,3334,181500,1.8369146005509642
E07000070,Chelmsford,Gay or Lesbian,0,181500,0
E07000070,Chelmsford,Gay or Lesbian,1526,181500,0.840771349862259
E07000070,Chelmsford,Gay or Lesbian,89,181500,0.049035812672176306
E07000070,Chelmsford,Gay or Lesbian,29,181500,0.015977961432506887
E07000070,Chelmsford,Gay or Lesbian,27,181500,0.01487603305785124
E07000070,Chelmsford,Bisexual,0,181500,0
E07000070,Chelmsford,Bisexual,1248,181500,0.687603305785124
E07000070,Chelmsford,Bisexual,74,181500,0.04077134986225895
E07000070,Chelmsford,Bisexual,23,181500,0.012672176308539946
E07000070,Chelmsford,Bisexual,27,181500,0.01487603305785124
E07000070,Chelmsford,All other sexual orientations,0,181500,0
E07000070,Chelmsford,All other sexual orientations,302,181500,0.16639118457300275
E07000070,Chelmsford,All other sexual orientations,18,181500,0.009917355371900827
E07000070,Chelmsford,All other sexual orientations,10,181500,0.005509641873278237
E07000070,Chelmsford,All other sexual orientations,4,181500,0.0022038567493112946
E07000070,Chelmsford,Not answered,0,181500,0
E07000070,Chelmsford,Not answered,8724,181500,4.8066115702479335
E07000070,Chelmsford,Not answered,431,181500,0.237465564738292
E07000070,Chelmsford,Not answered,167,181500,0.09201101928374655
E07000070,Chelmsford,Not answered,265,181500,0.14600550964187328
E07000071,Colchester,Does not apply,0,192700,0
E07000071,Colchester,Does not apply,0,192700,0
E07000071,Colchester,Does not apply,0,192700,0
E07000071,Colchester,Does not apply,0,192700,0
E07000071,Colchester,Does not apply,0,192700,0
E07000071,Colchester,Straight or Heterosexual,0,192700,0
E07000071,Colchester,Straight or Heterosexual,126633,192700,65.71510119356513
E07000071,Colchester,Straight or Heterosexual,6799,192700,3.528282304099637
E07000071,Colchester,Straight or Heterosexual,2506,192700,1.3004670472236637
E07000071,Colchester,Straight or Heterosexual,3912,192700,2.030098598858329
E07000071,Colchester,Gay or Lesbian,0,192700,0
E07000071,Colchester,Gay or Lesbian,2068,192700,1.0731707317073171
E07000071,Colchester,Gay or Lesbian,133,192700,0.06901920083030617
E07000071,Colchester,Gay or Lesbian,43,192700,0.022314478463933574
E07000071,Colchester,Gay or Lesbian,38,192700,0.019719771665801765
E07000071,Colchester,Bisexual,0,192700,0
E07000071,Colchester,Bisexual,2208,192700,1.1458225220550078
E07000071,Colchester,Bisexual,125,192700,0.06486766995329528
E07000071,Colchester,Bisexual,50,192700,0.02594706798131811
E07000071,Colchester,Bisexual,68,192700,0.03528801245459263
E07000071,Colchester,All other sexual orientations,0,192700,0
E07000071,Colchester,All other sexual orientations,538,192700,0.27919045147898286
E07000071,Colchester,All other sexual orientations,38,192700,0.019719771665801765
E07000071,Colchester,All other sexual orientations,11,192700,0.005708354955889984
E07000071,Colchester,All other sexual orientations,17,192700,0.008822003113648157
E07000071,Colchester,Not answered,0,192700,0
E07000071,Colchester,Not answered,10269,192700,5.3290088220031135
E07000071,Colchester,Not answered,407,192700,0.21120913336792943
E07000071,Colchester,Not answered,209,192700,0.1084587441619097
E07000071,Colchester,Not answered,274,192700,0.14218993253762324
E07000072,Epping Forest,Does not apply,0,135000,0
E07000072,Epping Forest,Does not apply,0,135000,0
E07000072,Epping Forest,Does not apply,0,135000,0
E07000072,Epping Forest,Does not apply,0,135000,0
E07000072,Epping Forest,Does not apply,0,135000,0
E07000072,Epping Forest,Straight or Heterosexual,0,135000,0
E07000072,Epping Forest,Straight or Heterosexual,90932,135000,67.35703703703703
E07000072,Epping Forest,Straight or Heterosexual,5236,135000,3.8785185185185185
E07000072,Epping Forest,Straight or Heterosexual,1659,135000,1.228888888888889
E07000072,Epping Forest,Straight or Heterosexual,2593,135000,1.9207407407407406
E07000072,Epping Forest,Gay or Lesbian,0,135000,0
E07000072,Epping Forest,Gay or Lesbian,1043,135000,0.7725925925925926
E07000072,Epping Forest,Gay or Lesbian,59,135000,0.0437037037037037
E07000072,Epping Forest,Gay or Lesbian,21,135000,0.015555555555555555
E07000072,Epping Forest,Gay or Lesbian,16,135000,0.011851851851851851
E07000072,Epping Forest,Bisexual,0,135000,0
E07000072,Epping Forest,Bisexual,674,135000,0.49925925925925924
E07000072,Epping Forest,Bisexual,49,135000,0.0362962962962963
E07000072,Epping Forest,Bisexual,17,135000,0.012592592592592593
E07000072,Epping Forest,Bisexual,23,135000,0.017037037037037038
E07000072,Epping Forest,All other sexual orientations,0,135000,0
E07000072,Epping Forest,All other sexual orientations,206,135000,0.15259259259259259
E07000072,Epping Forest,All other sexual orientations,8,135000,0.005925925925925926
E07000072,Epping Forest,All other sexual orientations,8,135000,0.005925925925925926
E07000072,Epping Forest,All other sexual orientations,6,135000,0.0044444444444444444
E07000072,Epping Forest,Not answered,0,135000,0
E07000072,Epping Forest,Not answered,6749,135000,4.999259259259259
E07000072,Epping Forest,Not answered,303,135000,0.22444444444444445
E07000072,Epping Forest,Not answered,128,135000,0.09481481481481481
E07000072,Epping Forest,Not answered,202,135000,0.14962962962962964
E07000073,Harlow,Does not apply,0,93300,0
E07000073,Harlow,Does not apply,0,93300,0
E07000073,Harlow,Does not apply,0,93300,0
E07000073,Harlow,Does not apply,0,93300,0
E07000073,Harlow,Does not apply,0,93300,0
E07000073,Harlow,Straight or Heterosexual,0,93300,0
E07000073,Harlow,Straight or Heterosexual,59995,93300,64.30332261521973
E07000073,Harlow,Straight or Heterosexual,2992,93300,3.2068595927116825
E07000073,Harlow,Straight or Heterosexual,1426,93300,1.5284030010718113
E07000073,Harlow,Straight or Heterosexual,2002,93300,2.1457663451232585
E07000073,Harlow,Gay or Lesbian,0,93300,0
E07000073,Harlow,Gay or Lesbian,783,93300,0.8392282958199357
E07000073,Harlow,Gay or Lesbian,59,93300,0.0632368703108253
E07000073,Harlow,Gay or Lesbian,18,93300,0.01929260450160772
E07000073,Harlow,Gay or Lesbian,17,93300,0.01822079314040729
E07000073,Harlow,Bisexual,0,93300,0
E07000073,Harlow,Bisexual,618,93300,0.662379421221865
E07000073,Harlow,Bisexual,41,93300,0.04394426580921758
E07000073,Harlow,Bisexual,22,93300,0.023579849946409433
E07000073,Harlow,Bisexual,21,93300,0.022508038585209004
E07000073,Harlow,All other sexual orientations,0,93300,0
E07000073,Harlow,All other sexual orientations,185,93300,0.1982851018220793
E07000073,Harlow,All other sexual orientations,10,93300,0.010718113612004287
E07000073,Harlow,All other sexual orientations,9,93300,0.00964630225080386
E07000073,Harlow,All other sexual orientations,11,93300,0.011789924973204717
E07000073,Harlow,Not answered,0,93300,0
E07000073,Harlow,Not answered,4506,93300,4.829581993569132
E07000073,Harlow,Not answered,163,93300,0.17470525187566988
E07000073,Harlow,Not answered,95,93300,0.10182207931404073
E07000073,Harlow,Not answered,132,93300,0.1414790996784566
E07000074,Maldon,Does not apply,0,66200,0
E07000074,Maldon,Does not apply,0,66200,0
E07000074,Maldon,Does not apply,0,66200,0
E07000074,Maldon,Does not apply,0,66200,0
E07000074,Maldon,Does not apply,0,66200,0
E07000074,Maldon,Straight or Heterosexual,0,66200,0
E07000074,Maldon,Straight or Heterosexual,45459,66200,68.66918429003022
E07000074,Maldon,Straight or Heterosexual,3015,66200,4.554380664652568
E07000074,Maldon,Straight or Heterosexual,1007,66200,1.5211480362537764
E07000074,Maldon,Straight or Heterosexual,1665,66200,2.515105740181269
E07000074,Maldon,Gay or Lesbian,0,66200,0
E07000074,Maldon,Gay or Lesbian,473,66200,0.7145015105740181
E07000074,Maldon,Gay or Lesbian,38,66200,0.05740181268882175
E07000074,Maldon,Gay or Lesbian,16,66200,0.02416918429003021
E07000074,Maldon,Gay or Lesbian,14,66200,0.021148036253776436
E07000074,Maldon,Bisexual,0,66200,0
E07000074,Maldon,Bisexual,361,66200,0.5453172205438066
E07000074,Maldon,Bisexual,28,66200,0.04229607250755287
E07000074,Maldon,Bisexual,11,66200,0.01661631419939577
E07000074,Maldon,Bisexual,15,66200,0.022658610271903322
E07000074,Maldon,All other sexual orientations,0,66200,0
E07000074,Maldon,All other sexual orientations,76,66200,0.1148036253776435
E07000074,Maldon,All other sexual orientations,6,66200,0.00906344410876133
E07000074,Maldon,All other sexual orientations,5,66200,0.0075528700906344415
E07000074,Maldon,All other sexual orientations,6,66200,0.00906344410876133
E07000074,Maldon,Not answered,0,66200,0
E07000074,Maldon,Not answered,2928,66200,4.422960725075528
E07000074,Maldon,Not answered,151,66200,0.2280966767371601
E07000074,Maldon,Not answered,47,66200,0.07099697885196375
E07000074,Maldon,Not answered,106,66200,0.16012084592145015
E07000075,Rochford,Does not apply,0,85600,0
E07000075,Rochford,Does not apply,0,85600,0
E07000075,Rochford,Does not apply,0,85600,0
E07000075,Rochford,Does not apply,0,85600,0
E07000075,Rochford,Does not apply,0,85600,0
E07000075,Rochford,Straight or Heterosexual,0,85600,0
E07000075,Rochford,Straight or Heterosexual,59039,85600,68.97079439252336
E07000075,Rochford,Straight or Heterosexual,3605,85600,4.211448598130841
E07000075,Rochford,Straight or Heterosexual,1112,85600,1.2990654205607477
E07000075,Rochford,Straight or Heterosexual,1936,85600,2.2616822429906542
E07000075,Rochford,Gay or Lesbian,0,85600,0
E07000075,Rochford,Gay or Lesbian,548,85600,0.6401869158878505
E07000075,Rochford,Gay or Lesbian,40,85600,0.04672897196261682
E07000075,Rochford,Gay or Lesbian,11,85600,0.012850467289719626
E07000075,Rochford,Gay or Lesbian,14,85600,0.016355140186915886
E07000075,Rochford,Bisexual,0,85600,0
E07000075,Rochford,Bisexual,378,85600,0.441588785046729
E07000075,Rochford,Bisexual,29,85600,0.03387850467289719
E07000075,Rochford,Bisexual,10,85600,0.011682242990654205
E07000075,Rochford,Bisexual,13,85600,0.015186915887850467
E07000075,Rochford,All other sexual orientations,0,85600,0
E07000075,Rochford,All other sexual orientations,81,85600,0.09462616822429906
E07000075,Rochford,All other sexual orientations,9,85600,0.010514018691588784
E07000075,Rochford,All other sexual orientations,2,85600,0.002336448598130841
E07000075,Rochford,All other sexual orientations,3,85600,0.0035046728971962616
E07000075,Rochford,Not answered,0,85600,0
E07000075,Rochford,Not answered,3542,85600,4.13785046728972
E07000075,Rochford,Not answered,164,85600,0.19158878504672897
E07000075,Rochford,Not answered,62,85600,0.07242990654205607
E07000075,Rochford,Not answered,112,85600,0.1308411214953271
E07000076,Tendring,Does not apply,0,148100,0
E07000076,Tendring,Does not apply,0,148100,0
E07000076,Tendring,Does not apply,0,148100,0
E07000076,Tendring,Does not apply,0,148100,0
E07000076,Tendring,Does not apply,0,148100,0
E07000076,Tendring,Straight or Heterosexual,0,148100,0
E07000076,Tendring,Straight or Heterosexual,98757,148100,66.68264686022957
E07000076,Tendring,Straight or Heterosexual,5882,148100,3.971640783254558
E07000076,Tendring,Straight or Heterosexual,2954,148100,1.9945982444294397
E07000076,Tendring,Straight or Heterosexual,5301,148100,3.5793382849426063
E07000076,Tendring,Gay or Lesbian,0,148100,0
E07000076,Tendring,Gay or Lesbian,1218,148100,0.8224172856178258
E07000076,Tendring,Gay or Lesbian,77,148100,0.05199189736664416
E07000076,Tendring,Gay or Lesbian,39,148100,0.02633355840648211
E07000076,Tendring,Gay or Lesbian,53,148100,0.03578663065496286
E07000076,Tendring,Bisexual,0,148100,0
E07000076,Tendring,Bisexual,872,148100,0.5887913571910871
E07000076,Tendring,Bisexual,58,148100,0.03916272788656313
E07000076,Tendring,Bisexual,39,148100,0.02633355840648211
E07000076,Tendring,Bisexual,56,148100,0.03781228899392303
E07000076,Tendring,All other sexual orientations,0,148100,0
E07000076,Tendring,All other sexual orientations,194,148100,0.13099257258609048
E07000076,Tendring,All other sexual orientations,23,148100,0.015530047265361242
E07000076,Tendring,All other sexual orientations,4,148100,0.0027008777852802163
E07000076,Tendring,All other sexual orientations,8,148100,0.0054017555705604325
E07000076,Tendring,Not answered,0,148100,0
E07000076,Tendring,Not answered,8363,148100,5.646860229574612
E07000076,Tendring,Not answered,375,148100,0.25320729237002026
E07000076,Tendring,Not answered,211,148100,0.1424713031735314
E07000076,Tendring,Not answered,405,148100,0.2734638757596219
E07000077,Uttlesford,Does not apply,0,91300,0
E07000077,Uttlesford,Does not apply,0,91300,0
E07000077,Uttlesford,Does not apply,0,91300,0
E07000077,Uttlesford,Does not apply,0,91300,0
E07000077,Uttlesford,Does not apply,0,91300,0
E07000077,Uttlesford,Straight or Heterosexual,0,91300,0
E07000077,Uttlesford,Straight or Heterosexual,61543,91300,67.40744797371303
E07000077,Uttlesford,Straight or Heterosexual,3747,91300,4.104052573932092
E07000077,Uttlesford,Straight or Heterosexual,922,91300,1.009857612267251
E07000077,Uttlesford,Straight or Heterosexual,1477,91300,1.6177437020810514
E07000077,Uttlesford,Gay or Lesbian,0,91300,0
E07000077,Uttlesford,Gay or Lesbian,643,91300,0.7042716319824753
E07000077,Uttlesford,Gay or Lesbian,39,91300,0.04271631982475356
E07000077,Uttlesford,Gay or Lesbian,14,91300,0.015334063526834611
E07000077,Uttlesford,Gay or Lesbian,14,91300,0.015334063526834611
E07000077,Uttlesford,Bisexual,0,91300,0
E07000077,Uttlesford,Bisexual,539,91300,0.5903614457831325
E07000077,Uttlesford,Bisexual,24,91300,0.02628696604600219
E07000077,Uttlesford,Bisexual,14,91300,0.015334063526834611
E07000077,Uttlesford,Bisexual,11,91300,0.012048192771084338
E07000077,Uttlesford,All other sexual orientations,0,91300,0
E07000077,Uttlesford,All other sexual orientations,138,91300,0.1511500547645126
E07000077,Uttlesford,All other sexual orientations,7,91300,0.0076670317634173054
E07000077,Uttlesford,All other sexual orientations,3,91300,0.0032858707557502738
E07000077,Uttlesford,All other sexual orientations,8,91300,0.008762322015334063
E07000077,Uttlesford,Not answered,0,91300,0
E07000077,Uttlesford,Not answered,3987,91300,4.3669222343921135
E07000077,Uttlesford,Not answered,206,91300,0.22562979189485213
E07000077,Uttlesford,Not answered,70,91300,0.07667031763417305
E07000077,Uttlesford,Not answered,117,91300,0.12814895947426067
E07000078,Cheltenham,Does not apply,0,118800,0
E07000078,Cheltenham,Does not apply,0,118800,0
E07000078,Cheltenham,Does not apply,0,118800,0
E07000078,Cheltenham,Does not apply,0,118800,0
E07000078,Cheltenham,Does not apply,0,118800,0
E07000078,Cheltenham,Straight or Heterosexual,0,118800,0
E07000078,Cheltenham,Straight or Heterosexual,80289,118800,67.58333333333333
E07000078,Cheltenham,Straight or Heterosexual,4236,118800,3.5656565656565657
E07000078,Cheltenham,Straight or Heterosexual,1285,118800,1.0816498316498318
E07000078,Cheltenham,Straight or Heterosexual,1980,118800,1.6666666666666667
E07000078,Cheltenham,Gay or Lesbian,0,118800,0
E07000078,Cheltenham,Gay or Lesbian,1453,118800,1.223063973063973
E07000078,Cheltenham,Gay or Lesbian,72,118800,0.06060606060606061
E07000078,Cheltenham,Gay or Lesbian,22,118800,0.018518518518518517
E07000078,Cheltenham,Gay or Lesbian,36,118800,0.030303030303030304
E07000078,Cheltenham,Bisexual,0,118800,0
E07000078,Cheltenham,Bisexual,1687,118800,1.42003367003367
E07000078,Cheltenham,Bisexual,88,118800,0.07407407407407407
E07000078,Cheltenham,Bisexual,19,118800,0.015993265993265993
E07000078,Cheltenham,Bisexual,17,118800,0.01430976430976431
E07000078,Cheltenham,All other sexual orientations,0,118800,0
E07000078,Cheltenham,All other sexual orientations,398,118800,0.335016835016835
E07000078,Cheltenham,All other sexual orientations,29,118800,0.02441077441077441
E07000078,Cheltenham,All other sexual orientations,7,118800,0.005892255892255892
E07000078,Cheltenham,All other sexual orientations,10,118800,0.008417508417508417
E07000078,Cheltenham,Not answered,0,118800,0
E07000078,Cheltenham,Not answered,6328,118800,5.326599326599327
E07000078,Cheltenham,Not answered,266,118800,0.2239057239057239
E07000078,Cheltenham,Not answered,96,118800,0.08080808080808081
E07000078,Cheltenham,Not answered,120,118800,0.10101010101010101
E07000079,Cotswold,Does not apply,0,90800,0
E07000079,Cotswold,Does not apply,0,90800,0
E07000079,Cotswold,Does not apply,0,90800,0
E07000079,Cotswold,Does not apply,0,90800,0
E07000079,Cotswold,Does not apply,0,90800,0
E07000079,Cotswold,Straight or Heterosexual,0,90800,0
E07000079,Cotswold,Straight or Heterosexual,63471,90800,69.90198237885463
E07000079,Cotswold,Straight or Heterosexual,3665,90800,4.036343612334802
E07000079,Cotswold,Straight or Heterosexual,988,90800,1.0881057268722467
E07000079,Cotswold,Straight or Heterosexual,1696,90800,1.86784140969163
E07000079,Cotswold,Gay or Lesbian,0,90800,0
E07000079,Cotswold,Gay or Lesbian,807,90800,0.8887665198237885
E07000079,Cotswold,Gay or Lesbian,39,90800,0.042951541850220265
E07000079,Cotswold,Gay or Lesbian,14,90800,0.015418502202643172
E07000079,Cotswold,Gay or Lesbian,16,90800,0.01762114537444934
E07000079,Cotswold,Bisexual,0,90800,0
E07000079,Cotswold,Bisexual,580,90800,0.6387665198237885
E07000079,Cotswold,Bisexual,41,90800,0.04515418502202643
E07000079,Cotswold,Bisexual,9,90800,0.009911894273127754
E07000079,Cotswold,Bisexual,19,90800,0.02092511013215859
E07000079,Cotswold,All other sexual orientations,0,90800,0
E07000079,Cotswold,All other sexual orientations,125,90800,0.13766519823788545
E07000079,Cotswold,All other sexual orientations,16,90800,0.01762114537444934
E07000079,Cotswold,All other sexual orientations,2,90800,0.0022026431718061676
E07000079,Cotswold,All other sexual orientations,1,90800,0.0011013215859030838
E07000079,Cotswold,Not answered,0,90800,0
E07000079,Cotswold,Not answered,4416,90800,4.863436123348017
E07000079,Cotswold,Not answered,214,90800,0.2356828193832599
E07000079,Cotswold,Not answered,62,90800,0.06828193832599119
E07000079,Cotswold,Not answered,134,90800,0.14757709251101322
E07000080,Forest of Dean,Does not apply,0,87000,0
E07000080,Forest of Dean,Does not apply,0,87000,0
E07000080,Forest of Dean,Does not apply,0,87000,0
E07000080,Forest of Dean,Does not apply,0,87000,0
E07000080,Forest of Dean,Does not apply,0,87000,0
E07000080,Forest of Dean,Straight or Heterosexual,0,87000,0
E07000080,Forest of Dean,Straight or Heterosexual,58932,87000,67.73793103448276
E07000080,Forest of Dean,Straight or Heterosexual,3790,87000,4.35632183908046
E07000080,Forest of Dean,Straight or Heterosexual,1299,87000,1.493103448275862
E07000080,Forest of Dean,Straight or Heterosexual,2167,87000,2.4908045977011493
E07000080,Forest of Dean,Gay or Lesbian,0,87000,0
E07000080,Forest of Dean,Gay or Lesbian,673,87000,0.7735632183908046
E07000080,Forest of Dean,Gay or Lesbian,40,87000,0.04597701149425287
E07000080,Forest of Dean,Gay or Lesbian,16,87000,0.01839080459770115
E07000080,Forest of Dean,Gay or Lesbian,18,87000,0.020689655172413793
E07000080,Forest of Dean,Bisexual,0,87000,0
E07000080,Forest of Dean,Bisexual,628,87000,0.7218390804597701
E07000080,Forest of Dean,Bisexual,37,87000,0.04252873563218391
E07000080,Forest of Dean,Bisexual,16,87000,0.01839080459770115
E07000080,Forest of Dean,Bisexual,23,87000,0.026436781609195402
E07000080,Forest of Dean,All other sexual orientations,0,87000,0
E07000080,Forest of Dean,All other sexual orientations,181,87000,0.20804597701149424
E07000080,Forest of Dean,All other sexual orientations,15,87000,0.017241379310344827
E07000080,Forest of Dean,All other sexual orientations,5,87000,0.005747126436781609
E07000080,Forest of Dean,All other sexual orientations,9,87000,0.010344827586206896
E07000080,Forest of Dean,Not answered,0,87000,0
E07000080,Forest of Dean,Not answered,4680,87000,5.379310344827586
E07000080,Forest of Dean,Not answered,238,87000,0.2735632183908046
E07000080,Forest of Dean,Not answered,90,87000,0.10344827586206896
E07000080,Forest of Dean,Not answered,190,87000,0.21839080459770116
E07000081,Gloucester,Does not apply,0,132500,0
E07000081,Gloucester,Does not apply,0,132500,0
E07000081,Gloucester,Does not apply,0,132500,0
E07000081,Gloucester,Does not apply,0,132500,0
E07000081,Gloucester,Does not apply,0,132500,0
E07000081,Gloucester,Straight or Heterosexual,0,132500,0
E07000081,Gloucester,Straight or Heterosexual,86670,132500,65.41132075471698
E07000081,Gloucester,Straight or Heterosexual,4668,132500,3.5230188679245282
E07000081,Gloucester,Straight or Heterosexual,1994,132500,1.5049056603773585
E07000081,Gloucester,Straight or Heterosexual,2726,132500,2.057358490566038
E07000081,Gloucester,Gay or Lesbian,0,132500,0
E07000081,Gloucester,Gay or Lesbian,1341,132500,1.0120754716981133
E07000081,Gloucester,Gay or Lesbian,98,132500,0.0739622641509434
E07000081,Gloucester,Gay or Lesbian,29,132500,0.02188679245283019
E07000081,Gloucester,Gay or Lesbian,24,132500,0.018113207547169812
E07000081,Gloucester,Bisexual,0,132500,0
E07000081,Gloucester,Bisexual,1326,132500,1.0007547169811322
E07000081,Gloucester,Bisexual,61,132500,0.046037735849056606
E07000081,Gloucester,Bisexual,26,132500,0.019622641509433963
E07000081,Gloucester,Bisexual,37,132500,0.027924528301886794
E07000081,Gloucester,All other sexual orientations,0,132500,0
E07000081,Gloucester,All other sexual orientations,341,132500,0.2573584905660377
E07000081,Gloucester,All other sexual orientations,20,132500,0.01509433962264151
E07000081,Gloucester,All other sexual orientations,9,132500,0.006792452830188679
E07000081,Gloucester,All other sexual orientations,8,132500,0.0060377358490566035
E07000081,Gloucester,Not answered,0,132500,0
E07000081,Gloucester,Not answered,6969,132500,5.259622641509434
E07000081,Gloucester,Not answered,264,132500,0.19924528301886793
E07000081,Gloucester,Not answered,143,132500,0.1079245283018868
E07000081,Gloucester,Not answered,190,132500,0.14339622641509434
E07000082,Stroud,Does not apply,0,121100,0
E07000082,Stroud,Does not apply,0,121100,0
E07000082,Stroud,Does not apply,0,121100,0
E07000082,Stroud,Does not apply,0,121100,0
E07000082,Stroud,Does not apply,0,121100,0
E07000082,Stroud,Straight or Heterosexual,0,121100,0
E07000082,Stroud,Straight or Heterosexual,81309,121100,67.1420313790256
E07000082,Stroud,Straight or Heterosexual,5467,121100,4.514450867052023
E07000082,Stroud,Straight or Heterosexual,1472,121100,1.2155243600330305
E07000082,Stroud,Straight or Heterosexual,2246,121100,1.8546655656482247
E07000082,Stroud,Gay or Lesbian,0,121100,0
E07000082,Stroud,Gay or Lesbian,1123,121100,0.9273327828241124
E07000082,Stroud,Gay or Lesbian,74,121100,0.0611065235342692
E07000082,Stroud,Gay or Lesbian,17,121100,0.014037985136251032
E07000082,Stroud,Gay or Lesbian,33,121100,0.027250206440957887
E07000082,Stroud,Bisexual,0,121100,0
E07000082,Stroud,Bisexual,1018,121100,0.8406275805119736
E07000082,Stroud,Bisexual,85,121100,0.07018992568125516
E07000082,Stroud,Bisexual,25,121100,0.02064409578860446
E07000082,Stroud,Bisexual,25,121100,0.02064409578860446
E07000082,Stroud,All other sexual orientations,0,121100,0
E07000082,Stroud,All other sexual orientations,285,121100,0.23534269199009084
E07000082,Stroud,All other sexual orientations,18,121100,0.01486374896779521
E07000082,Stroud,All other sexual orientations,4,121100,0.0033030553261767133
E07000082,Stroud,All other sexual orientations,7,121100,0.005780346820809248
E07000082,Stroud,Not answered,0,121100,0
E07000082,Stroud,Not answered,6351,121100,5.244426094137077
E07000082,Stroud,Not answered,334,121100,0.27580511973575556
E07000082,Stroud,Not answered,138,121100,0.11395540875309662
E07000082,Stroud,Not answered,165,121100,0.13625103220478943
E07000083,Tewkesbury,Does not apply,0,94900,0
E07000083,Tewkesbury,Does not apply,0,94900,0
E07000083,Tewkesbury,Does not apply,0,94900,0
E07000083,Tewkesbury,Does not apply,0,94900,0
E07000083,Tewkesbury,Does not apply,0,94900,0
E07000083,Tewkesbury,Straight or Heterosexual,0,94900,0
E07000083,Tewkesbury,Straight or Heterosexual,63932,94900,67.3677555321391
E07000083,Tewkesbury,Straight or Heterosexual,3842,94900,4.048472075869336
E07000083,Tewkesbury,Straight or Heterosexual,1124,94900,1.184404636459431
E07000083,Tewkesbury,Straight or Heterosexual,1943,94900,2.047418335089568
E07000083,Tewkesbury,Gay or Lesbian,0,94900,0
E07000083,Tewkesbury,Gay or Lesbian,797,94900,0.839831401475237
E07000083,Tewkesbury,Gay or Lesbian,50,94900,0.05268703898840885
E07000083,Tewkesbury,Gay or Lesbian,18,94900,0.018967334035827187
E07000083,Tewkesbury,Gay or Lesbian,12,94900,0.012644889357218124
E07000083,Tewkesbury,Bisexual,0,94900,0
E07000083,Tewkesbury,Bisexual,606,94900,0.6385669125395153
E07000083,Tewkesbury,Bisexual,29,94900,0.030558482613277135
E07000083,Tewkesbury,Bisexual,15,94900,0.015806111696522657
E07000083,Tewkesbury,Bisexual,12,94900,0.012644889357218124
E07000083,Tewkesbury,All other sexual orientations,0,94900,0
E07000083,Tewkesbury,All other sexual orientations,151,94900,0.15911485774499473
E07000083,Tewkesbury,All other sexual orientations,16,94900,0.01685985247629083
E07000083,Tewkesbury,All other sexual orientations,1,94900,0.001053740779768177
E07000083,Tewkesbury,All other sexual orientations,3,94900,0.003161222339304531
E07000083,Tewkesbury,Not answered,0,94900,0
E07000083,Tewkesbury,Not answered,4377,94900,4.612223393045311
E07000083,Tewkesbury,Not answered,228,94900,0.24025289778714437
E07000083,Tewkesbury,Not answered,70,94900,0.0737618545837724
E07000083,Tewkesbury,Not answered,127,94900,0.13382507903055849
E07000084,Basingstoke and Deane,Does not apply,0,185200,0
E07000084,Basingstoke and Deane,Does not apply,0,185200,0
E07000084,Basingstoke and Deane,Does not apply,0,185200,0
E07000084,Basingstoke and Deane,Does not apply,0,185200,0
E07000084,Basingstoke and Deane,Does not apply,0,185200,0
E07000084,Basingstoke and Deane,Straight or Heterosexual,0,185200,0
E07000084,Basingstoke and Deane,Straight or Heterosexual,124363,185200,67.15064794816415
E07000084,Basingstoke and Deane,Straight or Heterosexual,6618,185200,3.5734341252699786
E07000084,Basingstoke and Deane,Straight or Heterosexual,2154,185200,1.1630669546436285
E07000084,Basingstoke and Deane,Straight or Heterosexual,3427,185200,1.8504319654427646
E07000084,Basingstoke and Deane,Gay or Lesbian,0,185200,0
E07000084,Basingstoke and Deane,Gay or Lesbian,1753,185200,0.9465442764578834
E07000084,Basingstoke and Deane,Gay or Lesbian,91,185200,0.04913606911447084
E07000084,Basingstoke and Deane,Gay or Lesbian,32,185200,0.017278617710583154
E07000084,Basingstoke and Deane,Gay or Lesbian,37,185200,0.01997840172786177
E07000084,Basingstoke and Deane,Bisexual,0,185200,0
E07000084,Basingstoke and Deane,Bisexual,1606,185200,0.8671706263498921
E07000084,Basingstoke and Deane,Bisexual,104,185200,0.056155507559395246
E07000084,Basingstoke and Deane,Bisexual,41,185200,0.022138228941684664
E07000084,Basingstoke and Deane,Bisexual,42,185200,0.02267818574514039
E07000084,Basingstoke and Deane,All other sexual orientations,0,185200,0
E07000084,Basingstoke and Deane,All other sexual orientations,406,185200,0.21922246220302377
E07000084,Basingstoke and Deane,All other sexual orientations,32,185200,0.017278617710583154
E07000084,Basingstoke and Deane,All other sexual orientations,10,185200,0.005399568034557235
E07000084,Basingstoke and Deane,All other sexual orientations,7,185200,0.003779697624190065
E07000084,Basingstoke and Deane,Not answered,0,185200,0
E07000084,Basingstoke and Deane,Not answered,8361,185200,4.514578833693305
E07000084,Basingstoke and Deane,Not answered,374,185200,0.2019438444924406
E07000084,Basingstoke and Deane,Not answered,143,185200,0.07721382289416846
E07000084,Basingstoke and Deane,Not answered,206,185200,0.11123110151187905
E07000085,East Hampshire,Does not apply,0,125700,0
E07000085,East Hampshire,Does not apply,0,125700,0
E07000085,East Hampshire,Does not apply,0,125700,0
E07000085,East Hampshire,Does not apply,0,125700,0
E07000085,East Hampshire,Does not apply,0,125700,0
E07000085,East Hampshire,Straight or Heterosexual,0,125700,0
E07000085,East Hampshire,Straight or Heterosexual,85914,125700,68.34844868735084
E07000085,East Hampshire,Straight or Heterosexual,5236,125700,4.165473349244232
E07000085,East Hampshire,Straight or Heterosexual,1453,125700,1.1559268098647573
E07000085,East Hampshire,Straight or Heterosexual,2340,125700,1.8615751789976134
E07000085,East Hampshire,Gay or Lesbian,0,125700,0
E07000085,East Hampshire,Gay or Lesbian,1043,125700,0.8297533810660302
E07000085,East Hampshire,Gay or Lesbian,65,125700,0.05171042163882259
E07000085,East Hampshire,Gay or Lesbian,21,125700,0.016706443914081145
E07000085,East Hampshire,Gay or Lesbian,19,125700,0.015115354017501989
E07000085,East Hampshire,Bisexual,0,125700,0
E07000085,East Hampshire,Bisexual,856,125700,0.6809864757358791
E07000085,East Hampshire,Bisexual,59,125700,0.046937151949085126
E07000085,East Hampshire,Bisexual,22,125700,0.017501988862370723
E07000085,East Hampshire,Bisexual,21,125700,0.016706443914081145
E07000085,East Hampshire,All other sexual orientations,0,125700,0
E07000085,East Hampshire,All other sexual orientations,199,125700,0.1583134447096261
E07000085,East Hampshire,All other sexual orientations,15,125700,0.011933174224343675
E07000085,East Hampshire,All other sexual orientations,8,125700,0.006364359586316627
E07000085,East Hampshire,All other sexual orientations,8,125700,0.006364359586316627
E07000085,East Hampshire,Not answered,0,125700,0
E07000085,East Hampshire,Not answered,6004,125700,4.776451869530629
E07000085,East Hampshire,Not answered,318,125700,0.2529832935560859
E07000085,East Hampshire,Not answered,92,125700,0.07319013524264122
E07000085,East Hampshire,Not answered,138,125700,0.10978520286396182
E07000086,Eastleigh,Does not apply,0,136400,0
E07000086,Eastleigh,Does not apply,0,136400,0
E07000086,Eastleigh,Does not apply,0,136400,0
E07000086,Eastleigh,Does not apply,0,136400,0
E07000086,Eastleigh,Does not apply,0,136400,0
E07000086,Eastleigh,Straight or Heterosexual,0,136400,0
E07000086,Eastleigh,Straight or Heterosexual,91630,136400,67.1774193548387
E07000086,Eastleigh,Straight or Heterosexual,5327,136400,3.905425219941349
E07000086,Eastleigh,Straight or Heterosexual,1638,136400,1.2008797653958945
E07000086,Eastleigh,Straight or Heterosexual,2648,136400,1.9413489736070382
E07000086,Eastleigh,Gay or Lesbian,0,136400,0
E07000086,Eastleigh,Gay or Lesbian,1202,136400,0.8812316715542522
E07000086,Eastleigh,Gay or Lesbian,75,136400,0.05498533724340176
E07000086,Eastleigh,Gay or Lesbian,20,136400,0.01466275659824047
E07000086,Eastleigh,Gay or Lesbian,28,136400,0.020527859237536656
E07000086,Eastleigh,Bisexual,0,136400,0
E07000086,Eastleigh,Bisexual,1093,136400,0.8013196480938416
E07000086,Eastleigh,Bisexual,58,136400,0.04252199413489736
E07000086,Eastleigh,Bisexual,25,136400,0.018328445747800588
E07000086,Eastleigh,Bisexual,28,136400,0.020527859237536656
E07000086,Eastleigh,All other sexual orientations,0,136400,0
E07000086,Eastleigh,All other sexual orientations,228,136400,0.16715542521994134
E07000086,Eastleigh,All other sexual orientations,19,136400,0.013929618768328446
E07000086,Eastleigh,All other sexual orientations,7,136400,0.005131964809384164
E07000086,Eastleigh,All other sexual orientations,7,136400,0.005131964809384164
E07000086,Eastleigh,Not answered,0,136400,0
E07000086,Eastleigh,Not answered,5773,136400,4.2324046920821115
E07000086,Eastleigh,Not answered,260,136400,0.1906158357771261
E07000086,Eastleigh,Not answered,100,136400,0.07331378299120235
E07000086,Eastleigh,Not answered,162,136400,0.1187683284457478
E07000087,Fareham,Does not apply,0,114500,0
E07000087,Fareham,Does not apply,0,114500,0
E07000087,Fareham,Does not apply,0,114500,0
E07000087,Fareham,Does not apply,0,114500,0
E07000087,Fareham,Does not apply,0,114500,0
E07000087,Fareham,Straight or Heterosexual,0,114500,0
E07000087,Fareham,Straight or Heterosexual,79095,114500,69.07860262008734
E07000087,Fareham,Straight or Heterosexual,5008,114500,4.373799126637555
E07000087,Fareham,Straight or Heterosexual,1384,114500,1.2087336244541484
E07000087,Fareham,Straight or Heterosexual,2369,114500,2.068995633187773
E07000087,Fareham,Gay or Lesbian,0,114500,0
E07000087,Fareham,Gay or Lesbian,1074,114500,0.9379912663755459
E07000087,Fareham,Gay or Lesbian,95,114500,0.08296943231441048
E07000087,Fareham,Gay or Lesbian,22,114500,0.01921397379912664
E07000087,Fareham,Gay or Lesbian,23,114500,0.020087336244541485
E07000087,Fareham,Bisexual,0,114500,0
E07000087,Fareham,Bisexual,767,114500,0.6698689956331878
E07000087,Fareham,Bisexual,52,114500,0.045414847161572056
E07000087,Fareham,Bisexual,19,114500,0.016593886462882096
E07000087,Fareham,Bisexual,24,114500,0.02096069868995633
E07000087,Fareham,All other sexual orientations,0,114500,0
E07000087,Fareham,All other sexual orientations,178,114500,0.1554585152838428
E07000087,Fareham,All other sexual orientations,14,114500,0.01222707423580786
E07000087,Fareham,All other sexual orientations,0,114500,0
E07000087,Fareham,All other sexual orientations,7,114500,0.00611353711790393
E07000087,Fareham,Not answered,0,114500,0
E07000087,Fareham,Not answered,5021,114500,4.385152838427947
E07000087,Fareham,Not answered,233,114500,0.2034934497816594
E07000087,Fareham,Not answered,99,114500,0.08646288209606987
E07000087,Fareham,Not answered,154,114500,0.13449781659388646
E07000088,Gosport,Does not apply,0,81900,0
E07000088,Gosport,Does not apply,0,81900,0
E07000088,Gosport,Does not apply,0,81900,0
E07000088,Gosport,Does not apply,0,81900,0
E07000088,Gosport,Does not apply,0,81900,0
E07000088,Gosport,Straight or Heterosexual,0,81900,0
E07000088,Gosport,Straight or Heterosexual,54706,81900,66.7960927960928
E07000088,Gosport,Straight or Heterosexual,3096,81900,3.78021978021978
E07000088,Gosport,Straight or Heterosexual,1261,81900,1.5396825396825398
E07000088,Gosport,Straight or Heterosexual,2080,81900,2.5396825396825395
E07000088,Gosport,Gay or Lesbian,0,81900,0
E07000088,Gosport,Gay or Lesbian,943,81900,1.1514041514041513
E07000088,Gosport,Gay or Lesbian,63,81900,0.07692307692307693
E07000088,Gosport,Gay or Lesbian,32,81900,0.03907203907203907
E07000088,Gosport,Gay or Lesbian,19,81900,0.0231990231990232
E07000088,Gosport,Bisexual,0,81900,0
E07000088,Gosport,Bisexual,768,81900,0.9377289377289377
E07000088,Gosport,Bisexual,49,81900,0.05982905982905983
E07000088,Gosport,Bisexual,30,81900,0.03663003663003663
E07000088,Gosport,Bisexual,24,81900,0.029304029304029304
E07000088,Gosport,All other sexual orientations,0,81900,0
E07000088,Gosport,All other sexual orientations,165,81900,0.20146520146520147
E07000088,Gosport,All other sexual orientations,16,81900,0.019536019536019536
E07000088,Gosport,All other sexual orientations,6,81900,0.007326007326007326
E07000088,Gosport,All other sexual orientations,10,81900,0.01221001221001221
E07000088,Gosport,Not answered,0,81900,0
E07000088,Gosport,Not answered,3525,81900,4.304029304029304
E07000088,Gosport,Not answered,189,81900,0.23076923076923078
E07000088,Gosport,Not answered,84,81900,0.10256410256410256
E07000088,Gosport,Not answered,149,81900,0.18192918192918192
E07000089,Hart,Does not apply,0,99400,0
E07000089,Hart,Does not apply,0,99400,0
E07000089,Hart,Does not apply,0,99400,0
E07000089,Hart,Does not apply,0,99400,0
E07000089,Hart,Does not apply,0,99400,0
E07000089,Hart,Straight or Heterosexual,0,99400,0
E07000089,Hart,Straight or Heterosexual,67939,99400,68.34909456740442
E07000089,Hart,Straight or Heterosexual,3706,99400,3.728370221327968
E07000089,Hart,Straight or Heterosexual,981,99400,0.9869215291750503
E07000089,Hart,Straight or Heterosexual,1600,99400,1.6096579476861168
E07000089,Hart,Gay or Lesbian,0,99400,0
E07000089,Hart,Gay or Lesbian,784,99400,0.7887323943661971
E07000089,Hart,Gay or Lesbian,46,99400,0.04627766599597585
E07000089,Hart,Gay or Lesbian,10,99400,0.01006036217303823
E07000089,Hart,Gay or Lesbian,15,99400,0.015090543259557344
E07000089,Hart,Bisexual,0,99400,0
E07000089,Hart,Bisexual,613,99400,0.6167002012072434
E07000089,Hart,Bisexual,43,99400,0.043259557344064385
E07000089,Hart,Bisexual,4,99400,0.004024144869215292
E07000089,Hart,Bisexual,12,99400,0.012072434607645875
E07000089,Hart,All other sexual orientations,0,99400,0
E07000089,Hart,All other sexual orientations,146,99400,0.14688128772635814
E07000089,Hart,All other sexual orientations,12,99400,0.012072434607645875
E07000089,Hart,All other sexual orientations,5,99400,0.005030181086519115
E07000089,Hart,All other sexual orientations,6,99400,0.006036217303822937
E07000089,Hart,Not answered,0,99400,0
E07000089,Hart,Not answered,4022,99400,4.046277665995976
E07000089,Hart,Not answered,235,99400,0.23641851106639838
E07000089,Hart,Not answered,49,99400,0.04929577464788732
E07000089,Hart,Not answered,100,99400,0.1006036217303823
E07000090,Havant,Does not apply,0,124200,0
E07000090,Havant,Does not apply,0,124200,0
E07000090,Havant,Does not apply,0,124200,0
E07000090,Havant,Does not apply,0,124200,0
E07000090,Havant,Does not apply,0,124200,0
E07000090,Havant,Straight or Heterosexual,0,124200,0
E07000090,Havant,Straight or Heterosexual,83870,124200,67.5281803542673
E07000090,Havant,Straight or Heterosexual,4819,124200,3.8800322061191626
E07000090,Havant,Straight or Heterosexual,1935,124200,1.5579710144927537
E07000090,Havant,Straight or Heterosexual,3433,124200,2.7640901771336552
E07000090,Havant,Gay or Lesbian,0,124200,0
E07000090,Havant,Gay or Lesbian,1127,124200,0.9074074074074074
E07000090,Havant,Gay or Lesbian,79,124200,0.06360708534621579
E07000090,Havant,Gay or Lesbian,30,124200,0.024154589371980676
E07000090,Havant,Gay or Lesbian,32,124200,0.02576489533011272
E07000090,Havant,Bisexual,0,124200,0
E07000090,Havant,Bisexual,855,124200,0.6884057971014492
E07000090,Havant,Bisexual,63,124200,0.050724637681159424
E07000090,Havant,Bisexual,25,124200,0.020128824476650563
E07000090,Havant,Bisexual,35,124200,0.02818035426731079
E07000090,Havant,All other sexual orientations,0,124200,0
E07000090,Havant,All other sexual orientations,184,124200,0.14814814814814814
E07000090,Havant,All other sexual orientations,17,124200,0.013687600644122383
E07000090,Havant,All other sexual orientations,11,124200,0.008856682769726247
E07000090,Havant,All other sexual orientations,8,124200,0.00644122383252818
E07000090,Havant,Not answered,0,124200,0
E07000090,Havant,Not answered,5720,124200,4.605475040257649
E07000090,Havant,Not answered,261,124200,0.21014492753623187
E07000090,Havant,Not answered,118,124200,0.09500805152979067
E07000090,Havant,Not answered,241,124200,0.19404186795491143
E07000091,New Forest,Does not apply,0,175800,0
E07000091,New Forest,Does not apply,0,175800,0
E07000091,New Forest,Does not apply,0,175800,0
E07000091,New Forest,Does not apply,0,175800,0
E07000091,New Forest,Does not apply,0,175800,0
E07000091,New Forest,Straight or Heterosexual,0,175800,0
E07000091,New Forest,Straight or Heterosexual,121306,175800,69.00227531285552
E07000091,New Forest,Straight or Heterosexual,7986,175800,4.5426621160409555
E07000091,New Forest,Straight or Heterosexual,2289,175800,1.3020477815699658
E07000091,New Forest,Straight or Heterosexual,4288,175800,2.4391353811149035
E07000091,New Forest,Gay or Lesbian,0,175800,0
E07000091,New Forest,Gay or Lesbian,1291,175800,0.7343572241183163
E07000091,New Forest,Gay or Lesbian,90,175800,0.051194539249146756
E07000091,New Forest,Gay or Lesbian,43,175800,0.024459613196814563
E07000091,New Forest,Gay or Lesbian,38,175800,0.02161547212741752
E07000091,New Forest,Bisexual,0,175800,0
E07000091,New Forest,Bisexual,1056,175800,0.6006825938566553
E07000091,New Forest,Bisexual,65,175800,0.036973833902161544
E07000091,New Forest,Bisexual,30,175800,0.017064846416382253
E07000091,New Forest,Bisexual,27,175800,0.015358361774744027
E07000091,New Forest,All other sexual orientations,0,175800,0
E07000091,New Forest,All other sexual orientations,217,175800,0.12343572241183162
E07000091,New Forest,All other sexual orientations,22,175800,0.012514220705346985
E07000091,New Forest,All other sexual orientations,2,175800,0.0011376564277588168
E07000091,New Forest,All other sexual orientations,9,175800,0.005119453924914676
E07000091,New Forest,Not answered,0,175800,0
E07000091,New Forest,Not answered,8992,175800,5.1149032992036405
E07000091,New Forest,Not answered,480,175800,0.27303754266211605
E07000091,New Forest,Not answered,179,175800,0.1018202502844141
E07000091,New Forest,Not answered,333,175800,0.189419795221843
E07000092,Rushmoor,Does not apply,0,99800,0
E07000092,Rushmoor,Does not apply,0,99800,0
E07000092,Rushmoor,Does not apply,0,99800,0
E07000092,Rushmoor,Does not apply,0,99800,0
E07000092,Rushmoor,Does not apply,0,99800,0
E07000092,Rushmoor,Straight or Heterosexual,0,99800,0
E07000092,Rushmoor,Straight or Heterosexual,66817,99800,66.95090180360721
E07000092,Rushmoor,Straight or Heterosexual,3065,99800,3.071142284569138
E07000092,Rushmoor,Straight or Heterosexual,1215,99800,1.217434869739479
E07000092,Rushmoor,Straight or Heterosexual,1761,99800,1.7645290581162325
E07000092,Rushmoor,Gay or Lesbian,0,99800,0
E07000092,Rushmoor,Gay or Lesbian,954,99800,0.9559118236472945
E07000092,Rushmoor,Gay or Lesbian,63,99800,0.06312625250501001
E07000092,Rushmoor,Gay or Lesbian,17,99800,0.017034068136272545
E07000092,Rushmoor,Gay or Lesbian,21,99800,0.021042084168336674
E07000092,Rushmoor,Bisexual,0,99800,0
E07000092,Rushmoor,Bisexual,1118,99800,1.1202404809619237
E07000092,Rushmoor,Bisexual,40,99800,0.04008016032064128
E07000092,Rushmoor,Bisexual,28,99800,0.028056112224448898
E07000092,Rushmoor,Bisexual,26,99800,0.026052104208416832
E07000092,Rushmoor,All other sexual orientations,0,99800,0
E07000092,Rushmoor,All other sexual orientations,319,99800,0.3196392785571142
E07000092,Rushmoor,All other sexual orientations,19,99800,0.01903807615230461
E07000092,Rushmoor,All other sexual orientations,9,99800,0.009018036072144289
E07000092,Rushmoor,All other sexual orientations,6,99800,0.006012024048096192
E07000092,Rushmoor,Not answered,0,99800,0
E07000092,Rushmoor,Not answered,5017,99800,5.027054108216433
E07000092,Rushmoor,Not answered,161,99800,0.16132264529058116
E07000092,Rushmoor,Not answered,92,99800,0.09218436873747494
E07000092,Rushmoor,Not answered,120,99800,0.12024048096192384
E07000093,Test Valley,Does not apply,0,130500,0
E07000093,Test Valley,Does not apply,0,130500,0
E07000093,Test Valley,Does not apply,0,130500,0
E07000093,Test Valley,Does not apply,0,130500,0
E07000093,Test Valley,Does not apply,0,130500,0
E07000093,Test Valley,Straight or Heterosexual,0,130500,0
E07000093,Test Valley,Straight or Heterosexual,88495,130500,67.81226053639847
E07000093,Test Valley,Straight or Heterosexual,5237,130500,4.013026819923372
E07000093,Test Valley,Straight or Heterosexual,1506,130500,1.1540229885057471
E07000093,Test Valley,Straight or Heterosexual,2424,130500,1.8574712643678162
E07000093,Test Valley,Gay or Lesbian,0,130500,0
E07000093,Test Valley,Gay or Lesbian,1090,130500,0.8352490421455939
E07000093,Test Valley,Gay or Lesbian,72,130500,0.05517241379310345
E07000093,Test Valley,Gay or Lesbian,28,130500,0.021455938697318006
E07000093,Test Valley,Gay or Lesbian,22,130500,0.01685823754789272
E07000093,Test Valley,Bisexual,0,130500,0
E07000093,Test Valley,Bisexual,947,130500,0.7256704980842912
E07000093,Test Valley,Bisexual,62,130500,0.0475095785440613
E07000093,Test Valley,Bisexual,29,130500,0.022222222222222223
E07000093,Test Valley,Bisexual,32,130500,0.024521072796934867
E07000093,Test Valley,All other sexual orientations,0,130500,0
E07000093,Test Valley,All other sexual orientations,235,130500,0.18007662835249041
E07000093,Test Valley,All other sexual orientations,13,130500,0.00996168582375479
E07000093,Test Valley,All other sexual orientations,6,130500,0.004597701149425287
E07000093,Test Valley,All other sexual orientations,8,130500,0.006130268199233717
E07000093,Test Valley,Not answered,0,130500,0
E07000093,Test Valley,Not answered,5964,130500,4.570114942528735
E07000093,Test Valley,Not answered,300,130500,0.22988505747126436
E07000093,Test Valley,Not answered,100,130500,0.07662835249042145
E07000093,Test Valley,Not answered,184,130500,0.1409961685823755
E07000094,Winchester,Does not apply,0,127500,0
E07000094,Winchester,Does not apply,0,127500,0
E07000094,Winchester,Does not apply,0,127500,0
E07000094,Winchester,Does not apply,0,127500,0
E07000094,Winchester,Does not apply,0,127500,0
E07000094,Winchester,Straight or Heterosexual,0,127500,0
E07000094,Winchester,Straight or Heterosexual,85925,127500,67.3921568627451
E07000094,Winchester,Straight or Heterosexual,5114,127500,4.0109803921568625
E07000094,Winchester,Straight or Heterosexual,1186,127500,0.9301960784313725
E07000094,Winchester,Straight or Heterosexual,2150,127500,1.6862745098039216
E07000094,Winchester,Gay or Lesbian,0,127500,0
E07000094,Winchester,Gay or Lesbian,1205,127500,0.9450980392156862
E07000094,Winchester,Gay or Lesbian,68,127500,0.05333333333333334
E07000094,Winchester,Gay or Lesbian,17,127500,0.013333333333333334
E07000094,Winchester,Gay or Lesbian,23,127500,0.01803921568627451
E07000094,Winchester,Bisexual,0,127500,0
E07000094,Winchester,Bisexual,1644,127500,1.2894117647058823
E07000094,Winchester,Bisexual,80,127500,0.06274509803921569
E07000094,Winchester,Bisexual,25,127500,0.0196078431372549
E07000094,Winchester,Bisexual,15,127500,0.011764705882352941
E07000094,Winchester,All other sexual orientations,0,127500,0
E07000094,Winchester,All other sexual orientations,381,127500,0.2988235294117647
E07000094,Winchester,All other sexual orientations,24,127500,0.018823529411764704
E07000094,Winchester,All other sexual orientations,7,127500,0.005490196078431373
E07000094,Winchester,All other sexual orientations,5,127500,0.00392156862745098
E07000094,Winchester,Not answered,0,127500,0
E07000094,Winchester,Not answered,6361,127500,4.9890196078431375
E07000094,Winchester,Not answered,297,127500,0.23294117647058823
E07000094,Winchester,Not answered,77,127500,0.0603921568627451
E07000094,Winchester,Not answered,145,127500,0.11372549019607843
E07000095,Broxbourne,Does not apply,0,99000,0
E07000095,Broxbourne,Does not apply,0,99000,0
E07000095,Broxbourne,Does not apply,0,99000,0
E07000095,Broxbourne,Does not apply,0,99000,0
E07000095,Broxbourne,Does not apply,0,99000,0
E07000095,Broxbourne,Straight or Heterosexual,0,99000,0
E07000095,Broxbourne,Straight or Heterosexual,65513,99000,66.17474747474748
E07000095,Broxbourne,Straight or Heterosexual,3512,99000,3.5474747474747477
E07000095,Broxbourne,Straight or Heterosexual,1513,99000,1.5282828282828282
E07000095,Broxbourne,Straight or Heterosexual,2034,99000,2.0545454545454547
E07000095,Broxbourne,Gay or Lesbian,0,99000,0
E07000095,Broxbourne,Gay or Lesbian,622,99000,0.6282828282828283
E07000095,Broxbourne,Gay or Lesbian,46,99000,0.046464646464646465
E07000095,Broxbourne,Gay or Lesbian,18,99000,0.01818181818181818
E07000095,Broxbourne,Gay or Lesbian,21,99000,0.021212121212121213
E07000095,Broxbourne,Bisexual,0,99000,0
E07000095,Broxbourne,Bisexual,453,99000,0.4575757575757576
E07000095,Broxbourne,Bisexual,28,99000,0.028282828282828285
E07000095,Broxbourne,Bisexual,18,99000,0.01818181818181818
E07000095,Broxbourne,Bisexual,11,99000,0.011111111111111112
E07000095,Broxbourne,All other sexual orientations,0,99000,0
E07000095,Broxbourne,All other sexual orientations,164,99000,0.16565656565656567
E07000095,Broxbourne,All other sexual orientations,6,99000,0.006060606060606061
E07000095,Broxbourne,All other sexual orientations,4,99000,0.00404040404040404
E07000095,Broxbourne,All other sexual orientations,5,99000,0.005050505050505051
E07000095,Broxbourne,Not answered,0,99000,0
E07000095,Broxbourne,Not answered,5050,99000,5.101010101010101
E07000095,Broxbourne,Not answered,195,99000,0.19696969696969696
E07000095,Broxbourne,Not answered,86,99000,0.08686868686868687
E07000095,Broxbourne,Not answered,139,99000,0.1404040404040404
E07000096,Dacorum,Does not apply,0,155100,0
E07000096,Dacorum,Does not apply,0,155100,0
E07000096,Dacorum,Does not apply,0,155100,0
E07000096,Dacorum,Does not apply,0,155100,0
E07000096,Dacorum,Does not apply,0,155100,0
E07000096,Dacorum,Straight or Heterosexual,0,155100,0
E07000096,Dacorum,Straight or Heterosexual,101603,155100,65.50805931656996
E07000096,Dacorum,Straight or Heterosexual,6074,155100,3.9161831076724694
E07000096,Dacorum,Straight or Heterosexual,1977,155100,1.2746615087040618
E07000096,Dacorum,Straight or Heterosexual,2965,155100,1.9116698903932947
E07000096,Dacorum,Gay or Lesbian,0,155100,0
E07000096,Dacorum,Gay or Lesbian,1231,155100,0.7936814958091554
E07000096,Dacorum,Gay or Lesbian,85,155100,0.0548033526756931
E07000096,Dacorum,Gay or Lesbian,25,155100,0.016118633139909737
E07000096,Dacorum,Gay or Lesbian,28,155100,0.018052869116698903
E07000096,Dacorum,Bisexual,0,155100,0
E07000096,Dacorum,Bisexual,1103,155100,0.7111540941328175
E07000096,Dacorum,Bisexual,63,155100,0.04061895551257253
E07000096,Dacorum,Bisexual,32,155100,0.020631850419084462
E07000096,Dacorum,Bisexual,35,155100,0.02256608639587363
E07000096,Dacorum,All other sexual orientations,0,155100,0
E07000096,Dacorum,All other sexual orientations,292,155100,0.1882656350741457
E07000096,Dacorum,All other sexual orientations,19,155100,0.012250161186331399
E07000096,Dacorum,All other sexual orientations,6,155100,0.0038684719535783366
E07000096,Dacorum,All other sexual orientations,11,155100,0.0070921985815602835
E07000096,Dacorum,Not answered,0,155100,0
E07000096,Dacorum,Not answered,7542,155100,4.862669245647969
E07000096,Dacorum,Not answered,353,155100,0.22759509993552546
E07000096,Dacorum,Not answered,140,155100,0.09026434558349453
E07000096,Dacorum,Not answered,195,155100,0.12572533849129594
E07000098,Hertsmere,Does not apply,0,107800,0
E07000098,Hertsmere,Does not apply,0,107800,0
E07000098,Hertsmere,Does not apply,0,107800,0
E07000098,Hertsmere,Does not apply,0,107800,0
E07000098,Hertsmere,Does not apply,0,107800,0
E07000098,Hertsmere,Straight or Heterosexual,0,107800,0
E07000098,Hertsmere,Straight or Heterosexual,70298,107800,65.21150278293135
E07000098,Hertsmere,Straight or Heterosexual,4223,107800,3.9174397031539887
E07000098,Hertsmere,Straight or Heterosexual,1489,107800,1.3812615955473098
E07000098,Hertsmere,Straight or Heterosexual,1927,107800,1.787569573283859
E07000098,Hertsmere,Gay or Lesbian,0,107800,0
E07000098,Hertsmere,Gay or Lesbian,743,107800,0.6892393320964749
E07000098,Hertsmere,Gay or Lesbian,63,107800,0.05844155844155844
E07000098,Hertsmere,Gay or Lesbian,22,107800,0.02040816326530612
E07000098,Hertsmere,Gay or Lesbian,18,107800,0.016697588126159554
E07000098,Hertsmere,Bisexual,0,107800,0
E07000098,Hertsmere,Bisexual,622,107800,0.5769944341372912
E07000098,Hertsmere,Bisexual,43,107800,0.039888682745825604
E07000098,Hertsmere,Bisexual,14,107800,0.012987012987012988
E07000098,Hertsmere,Bisexual,26,107800,0.02411873840445269
E07000098,Hertsmere,All other sexual orientations,0,107800,0
E07000098,Hertsmere,All other sexual orientations,225,107800,0.20871985157699444
E07000098,Hertsmere,All other sexual orientations,15,107800,0.013914656771799629
E07000098,Hertsmere,All other sexual orientations,13,107800,0.012059369202226345
E07000098,Hertsmere,All other sexual orientations,5,107800,0.00463821892393321
E07000098,Hertsmere,Not answered,0,107800,0
E07000098,Hertsmere,Not answered,5888,107800,5.461966604823748
E07000098,Hertsmere,Not answered,282,107800,0.26159554730983303
E07000098,Hertsmere,Not answered,117,107800,0.10853432282003711
E07000098,Hertsmere,Not answered,156,107800,0.14471243042671614
E07000099,North Hertfordshire,Does not apply,0,133200,0
E07000099,North Hertfordshire,Does not apply,0,133200,0
E07000099,North Hertfordshire,Does not apply,0,133200,0
E07000099,North Hertfordshire,Does not apply,0,133200,0
E07000099,North Hertfordshire,Does not apply,0,133200,0
E07000099,North Hertfordshire,Straight or Heterosexual,0,133200,0
E07000099,North Hertfordshire,Straight or Heterosexual,88071,133200,66.11936936936937
E07000099,North Hertfordshire,Straight or Heterosexual,5492,133200,4.123123123123123
E07000099,North Hertfordshire,Straight or Heterosexual,1655,133200,1.2424924924924925
E07000099,North Hertfordshire,Straight or Heterosexual,2593,133200,1.9466966966966968
E07000099,North Hertfordshire,Gay or Lesbian,0,133200,0
E07000099,North Hertfordshire,Gay or Lesbian,1271,133200,0.9542042042042042
E07000099,North Hertfordshire,Gay or Lesbian,66,133200,0.04954954954954955
E07000099,North Hertfordshire,Gay or Lesbian,27,133200,0.02027027027027027
E07000099,North Hertfordshire,Gay or Lesbian,15,133200,0.01126126126126126
E07000099,North Hertfordshire,Bisexual,0,133200,0
E07000099,North Hertfordshire,Bisexual,1136,133200,0.8528528528528528
E07000099,North Hertfordshire,Bisexual,81,133200,0.060810810810810814
E07000099,North Hertfordshire,Bisexual,28,133200,0.021021021021021023
E07000099,North Hertfordshire,Bisexual,28,133200,0.021021021021021023
E07000099,North Hertfordshire,All other sexual orientations,0,133200,0
E07000099,North Hertfordshire,All other sexual orientations,258,133200,0.19369369369369369
E07000099,North Hertfordshire,All other sexual orientations,20,133200,0.015015015015015015
E07000099,North Hertfordshire,All other sexual orientations,6,133200,0.0045045045045045045
E07000099,North Hertfordshire,All other sexual orientations,6,133200,0.0045045045045045045
E07000099,North Hertfordshire,Not answered,0,133200,0
E07000099,North Hertfordshire,Not answered,6373,133200,4.784534534534535
E07000099,North Hertfordshire,Not answered,334,133200,0.25075075075075076
E07000099,North Hertfordshire,Not answered,120,133200,0.09009009009009009
E07000099,North Hertfordshire,Not answered,163,133200,0.12237237237237238
E07000102,Three Rivers,Does not apply,0,93800,0
E07000102,Three Rivers,Does not apply,0,93800,0
E07000102,Three Rivers,Does not apply,0,93800,0
E07000102,Three Rivers,Does not apply,0,93800,0
E07000102,Three Rivers,Does not apply,0,93800,0
E07000102,Three Rivers,Straight or Heterosexual,0,93800,0
E07000102,Three Rivers,Straight or Heterosexual,61769,93800,65.85181236673775
E07000102,Three Rivers,Straight or Heterosexual,4077,93800,4.346481876332622
E07000102,Three Rivers,Straight or Heterosexual,1204,93800,1.2835820895522387
E07000102,Three Rivers,Straight or Heterosexual,1611,93800,1.7174840085287846
E07000102,Three Rivers,Gay or Lesbian,0,93800,0
E07000102,Three Rivers,Gay or Lesbian,616,93800,0.6567164179104478
E07000102,Three Rivers,Gay or Lesbian,33,93800,0.035181236673773986
E07000102,Three Rivers,Gay or Lesbian,12,93800,0.01279317697228145
E07000102,Three Rivers,Gay or Lesbian,12,93800,0.01279317697228145
E07000102,Three Rivers,Bisexual,0,93800,0
E07000102,Three Rivers,Bisexual,509,93800,0.5426439232409381
E07000102,Three Rivers,Bisexual,46,93800,0.04904051172707889
E07000102,Three Rivers,Bisexual,15,93800,0.015991471215351813
E07000102,Three Rivers,Bisexual,7,93800,0.007462686567164179
E07000102,Three Rivers,All other sexual orientations,0,93800,0
E07000102,Three Rivers,All other sexual orientations,145,93800,0.15458422174840086
E07000102,Three Rivers,All other sexual orientations,8,93800,0.008528784648187633
E07000102,Three Rivers,All other sexual orientations,4,93800,0.0042643923240938165
E07000102,Three Rivers,All other sexual orientations,7,93800,0.007462686567164179
E07000102,Three Rivers,Not answered,0,93800,0
E07000102,Three Rivers,Not answered,4474,93800,4.769722814498934
E07000102,Three Rivers,Not answered,238,93800,0.2537313432835821
E07000102,Three Rivers,Not answered,95,93800,0.10127931769722814
E07000102,Three Rivers,Not answered,124,93800,0.13219616204690832
E07000103,Watford,Does not apply,0,102300,0
E07000103,Watford,Does not apply,0,102300,0
E07000103,Watford,Does not apply,0,102300,0
E07000103,Watford,Does not apply,0,102300,0
E07000103,Watford,Does not apply,0,102300,0
E07000103,Watford,Straight or Heterosexual,0,102300,0
E07000103,Watford,Straight or Heterosexual,65723,102300,64.2453567937439
E07000103,Watford,Straight or Heterosexual,3278,102300,3.204301075268817
E07000103,Watford,Straight or Heterosexual,1393,102300,1.3616813294232648
E07000103,Watford,Straight or Heterosexual,1622,102300,1.5855327468230693
E07000103,Watford,Gay or Lesbian,0,102300,0
E07000103,Watford,Gay or Lesbian,837,102300,0.8181818181818182
E07000103,Watford,Gay or Lesbian,45,102300,0.04398826979472141
E07000103,Watford,Gay or Lesbian,10,102300,0.009775171065493646
E07000103,Watford,Gay or Lesbian,23,102300,0.022482893450635387
E07000103,Watford,Bisexual,0,102300,0
E07000103,Watford,Bisexual,883,102300,0.863147605083089
E07000103,Watford,Bisexual,46,102300,0.044965786901270774
E07000103,Watford,Bisexual,17,102300,0.016617790811339198
E07000103,Watford,Bisexual,17,102300,0.016617790811339198
E07000103,Watford,All other sexual orientations,0,102300,0
E07000103,Watford,All other sexual orientations,269,102300,0.26295210166177907
E07000103,Watford,All other sexual orientations,18,102300,0.017595307917888565
E07000103,Watford,All other sexual orientations,14,102300,0.013685239491691105
E07000103,Watford,All other sexual orientations,11,102300,0.010752688172043012
E07000103,Watford,Not answered,0,102300,0
E07000103,Watford,Not answered,6193,102300,6.053763440860215
E07000103,Watford,Not answered,263,102300,0.2570869990224829
E07000103,Watford,Not answered,146,102300,0.14271749755620725
E07000103,Watford,Not answered,157,102300,0.15347018572825025
E07000105,Ashford,Does not apply,0,132700,0
E07000105,Ashford,Does not apply,0,132700,0
E07000105,Ashford,Does not apply,0,132700,0
E07000105,Ashford,Does not apply,0,132700,0
E07000105,Ashford,Does not apply,0,132700,0
E07000105,Ashford,Straight or Heterosexual,0,132700,0
E07000105,Ashford,Straight or Heterosexual,87177,132700,65.6948003014318
E07000105,Ashford,Straight or Heterosexual,4739,132700,3.5712132629992466
E07000105,Ashford,Straight or Heterosexual,1946,132700,1.4664657121326299
E07000105,Ashford,Straight or Heterosexual,3168,132700,2.3873398643556896
E07000105,Ashford,Gay or Lesbian,0,132700,0
E07000105,Ashford,Gay or Lesbian,1236,132700,0.9314242652599849
E07000105,Ashford,Gay or Lesbian,89,132700,0.06706857573474001
E07000105,Ashford,Gay or Lesbian,25,132700,0.018839487565938208
E07000105,Ashford,Gay or Lesbian,29,132700,0.02185380557648832
E07000105,Ashford,Bisexual,0,132700,0
E07000105,Ashford,Bisexual,975,132700,0.73474001507159
E07000105,Ashford,Bisexual,60,132700,0.0452147701582517
E07000105,Ashford,Bisexual,39,132700,0.0293896006028636
E07000105,Ashford,Bisexual,33,132700,0.024868123587038434
E07000105,Ashford,All other sexual orientations,0,132700,0
E07000105,Ashford,All other sexual orientations,258,132700,0.1944235116804823
E07000105,Ashford,All other sexual orientations,15,132700,0.011303692539562924
E07000105,Ashford,All other sexual orientations,8,132700,0.006028636021100226
E07000105,Ashford,All other sexual orientations,9,132700,0.006782215523737754
E07000105,Ashford,Not answered,0,132700,0
E07000105,Ashford,Not answered,6321,132700,4.763376036171816
E07000105,Ashford,Not answered,270,132700,0.20346646571213264
E07000105,Ashford,Not answered,138,132700,0.1039939713639789
E07000105,Ashford,Not answered,237,132700,0.1785983421250942
E07000106,Canterbury,Does not apply,0,157400,0
E07000106,Canterbury,Does not apply,0,157400,0
E07000106,Canterbury,Does not apply,0,157400,0
E07000106,Canterbury,Does not apply,0,157400,0
E07000106,Canterbury,Does not apply,0,157400,0
E07000106,Canterbury,Straight or Heterosexual,0,157400,0
E07000106,Canterbury,Straight or Heterosexual,104384,157400,66.3176620076239
E07000106,Canterbury,Straight or Heterosexual,5816,157400,3.6950444726810674
E07000106,Canterbury,Straight or Heterosexual,2194,157400,1.3939008894536213
E07000106,Canterbury,Straight or Heterosexual,3792,157400,2.409148665819568
E07000106,Canterbury,Gay or Lesbian,0,157400,0
E07000106,Canterbury,Gay or Lesbian,2167,157400,1.3767471410419314
E07000106,Canterbury,Gay or Lesbian,113,157400,0.07179161372299873
E07000106,Canterbury,Gay or Lesbian,39,157400,0.02477763659466328
E07000106,Canterbury,Gay or Lesbian,35,157400,0.022236340533672173
E07000106,Canterbury,Bisexual,0,157400,0
E07000106,Canterbury,Bisexual,2730,157400,1.7344345616264294
E07000106,Canterbury,Bisexual,121,157400,0.07687420584498093
E07000106,Canterbury,Bisexual,38,157400,0.0241423125794155
E07000106,Canterbury,Bisexual,37,157400,0.023506988564167726
E07000106,Canterbury,All other sexual orientations,0,157400,0
E07000106,Canterbury,All other sexual orientations,624,157400,0.39644218551461247
E07000106,Canterbury,All other sexual orientations,38,157400,0.0241423125794155
E07000106,Canterbury,All other sexual orientations,9,157400,0.005717916137229987
E07000106,Canterbury,All other sexual orientations,15,157400,0.009529860228716646
E07000106,Canterbury,Not answered,0,157400,0
E07000106,Canterbury,Not answered,9803,157400,6.228081321473952
E07000106,Canterbury,Not answered,418,157400,0.2655654383735705
E07000106,Canterbury,Not answered,147,157400,0.09339263024142312
E07000106,Canterbury,Not answered,253,157400,0.16073697585768743
E07000107,Dartford,Does not apply,0,116800,0
E07000107,Dartford,Does not apply,0,116800,0
E07000107,Dartford,Does not apply,0,116800,0
E07000107,Dartford,Does not apply,0,116800,0
E07000107,Dartford,Does not apply,0,116800,0
E07000107,Dartford,Straight or Heterosexual,0,116800,0
E07000107,Dartford,Straight or Heterosexual,74951,116800,64.17037671232876
E07000107,Dartford,Straight or Heterosexual,3798,116800,3.2517123287671232
E07000107,Dartford,Straight or Heterosexual,1510,116800,1.292808219178082
E07000107,Dartford,Straight or Heterosexual,2459,116800,2.1053082191780823
E07000107,Dartford,Gay or Lesbian,0,116800,0
E07000107,Dartford,Gay or Lesbian,934,116800,0.7996575342465754
E07000107,Dartford,Gay or Lesbian,63,116800,0.05393835616438356
E07000107,Dartford,Gay or Lesbian,28,116800,0.023972602739726026
E07000107,Dartford,Gay or Lesbian,22,116800,0.018835616438356163
E07000107,Dartford,Bisexual,0,116800,0
E07000107,Dartford,Bisexual,746,116800,0.6386986301369864
E07000107,Dartford,Bisexual,32,116800,0.0273972602739726
E07000107,Dartford,Bisexual,14,116800,0.011986301369863013
E07000107,Dartford,Bisexual,30,116800,0.025684931506849314
E07000107,Dartford,All other sexual orientations,0,116800,0
E07000107,Dartford,All other sexual orientations,165,116800,0.14126712328767124
E07000107,Dartford,All other sexual orientations,6,116800,0.005136986301369863
E07000107,Dartford,All other sexual orientations,1,116800,8.561643835616438e-4
E07000107,Dartford,All other sexual orientations,5,116800,0.004280821917808219
E07000107,Dartford,Not answered,0,116800,0
E07000107,Dartford,Not answered,5449,116800,4.665239726027397
E07000107,Dartford,Not answered,214,116800,0.1832191780821918
E07000107,Dartford,Not answered,113,116800,0.09674657534246575
E07000107,Dartford,Not answered,158,116800,0.13527397260273974
E07000108,Dover,Does not apply,0,116400,0
E07000108,Dover,Does not apply,0,116400,0
E07000108,Dover,Does not apply,0,116400,0
E07000108,Dover,Does not apply,0,116400,0
E07000108,Dover,Does not apply,0,116400,0
E07000108,Dover,Straight or Heterosexual,0,116400,0
E07000108,Dover,Straight or Heterosexual,76578,116400,65.78865979381443
E07000108,Dover,Straight or Heterosexual,4627,116400,3.975085910652921
E07000108,Dover,Straight or Heterosexual,2104,116400,1.8075601374570447
E07000108,Dover,Straight or Heterosexual,3430,116400,2.9467353951890036
E07000108,Dover,Gay or Lesbian,0,116400,0
E07000108,Dover,Gay or Lesbian,1370,116400,1.1769759450171822
E07000108,Dover,Gay or Lesbian,100,116400,0.0859106529209622
E07000108,Dover,Gay or Lesbian,40,116400,0.03436426116838488
E07000108,Dover,Gay or Lesbian,60,116400,0.05154639175257732
E07000108,Dover,Bisexual,0,116400,0
E07000108,Dover,Bisexual,926,116400,0.7955326460481099
E07000108,Dover,Bisexual,75,116400,0.06443298969072164
E07000108,Dover,Bisexual,37,116400,0.03178694158075601
E07000108,Dover,Bisexual,38,116400,0.03264604810996564
E07000108,Dover,All other sexual orientations,0,116400,0
E07000108,Dover,All other sexual orientations,173,116400,0.1486254295532646
E07000108,Dover,All other sexual orientations,28,116400,0.024054982817869417
E07000108,Dover,All other sexual orientations,7,116400,0.006013745704467354
E07000108,Dover,All other sexual orientations,11,116400,0.009450171821305841
E07000108,Dover,Not answered,0,116400,0
E07000108,Dover,Not answered,5871,116400,5.043814432989691
E07000108,Dover,Not answered,300,116400,0.25773195876288657
E07000108,Dover,Not answered,115,116400,0.09879725085910653
E07000108,Dover,Not answered,234,116400,0.20103092783505155
E07000109,Gravesham,Does not apply,0,106900,0
E07000109,Gravesham,Does not apply,0,106900,0
E07000109,Gravesham,Does not apply,0,106900,0
E07000109,Gravesham,Does not apply,0,106900,0
E07000109,Gravesham,Does not apply,0,106900,0
E07000109,Gravesham,Straight or Heterosexual,0,106900,0
E07000109,Gravesham,Straight or Heterosexual,68870,106900,64.4246959775491
E07000109,Gravesham,Straight or Heterosexual,3671,106900,3.4340505144995324
E07000109,Gravesham,Straight or Heterosexual,1679,106900,1.5706267539756782
E07000109,Gravesham,Straight or Heterosexual,2723,106900,2.547240411599626
E07000109,Gravesham,Gay or Lesbian,0,106900,0
E07000109,Gravesham,Gay or Lesbian,781,106900,0.7305893358278766
E07000109,Gravesham,Gay or Lesbian,61,106900,0.05706267539756782
E07000109,Gravesham,Gay or Lesbian,22,106900,0.0205799812909261
E07000109,Gravesham,Gay or Lesbian,29,106900,0.027128157156220765
E07000109,Gravesham,Bisexual,0,106900,0
E07000109,Gravesham,Bisexual,735,106900,0.6875584658559402
E07000109,Gravesham,Bisexual,47,106900,0.04396632366697849
E07000109,Gravesham,Bisexual,17,106900,0.015902712815715623
E07000109,Gravesham,Bisexual,22,106900,0.0205799812909261
E07000109,Gravesham,All other sexual orientations,0,106900,0
E07000109,Gravesham,All other sexual orientations,246,106900,0.23012160898035547
E07000109,Gravesham,All other sexual orientations,18,106900,0.01683816651075772
E07000109,Gravesham,All other sexual orientations,6,106900,0.005612722170252572
E07000109,Gravesham,All other sexual orientations,8,106900,0.007483629560336763
E07000109,Gravesham,Not answered,0,106900,0
E07000109,Gravesham,Not answered,5143,106900,4.8110383536014965
E07000109,Gravesham,Not answered,208,106900,0.19457436856875585
E07000109,Gravesham,Not answered,119,106900,0.11131898971000935
E07000109,Gravesham,Not answered,151,106900,0.1412535079513564
E07000110,Maidstone,Does not apply,0,175800,0
E07000110,Maidstone,Does not apply,0,175800,0
E07000110,Maidstone,Does not apply,0,175800,0
E07000110,Maidstone,Does not apply,0,175800,0
E07000110,Maidstone,Does not apply,0,175800,0
E07000110,Maidstone,Straight or Heterosexual,0,175800,0
E07000110,Maidstone,Straight or Heterosexual,116931,175800,66.5136518771331
E07000110,Maidstone,Straight or Heterosexual,6482,175800,3.6871444823663255
E07000110,Maidstone,Straight or Heterosexual,2295,175800,1.3054607508532423
E07000110,Maidstone,Straight or Heterosexual,3854,175800,2.19226393629124
E07000110,Maidstone,Gay or Lesbian,0,175800,0
E07000110,Maidstone,Gay or Lesbian,1494,175800,0.8498293515358362
E07000110,Maidstone,Gay or Lesbian,117,175800,0.06655290102389079
E07000110,Maidstone,Gay or Lesbian,32,175800,0.01820250284414107
E07000110,Maidstone,Gay or Lesbian,44,175800,0.02502844141069397
E07000110,Maidstone,Bisexual,0,175800,0
E07000110,Maidstone,Bisexual,1225,175800,0.6968145620022753
E07000110,Maidstone,Bisexual,75,175800,0.042662116040955635
E07000110,Maidstone,Bisexual,33,175800,0.01877133105802048
E07000110,Maidstone,Bisexual,39,175800,0.02218430034129693
E07000110,Maidstone,All other sexual orientations,0,175800,0
E07000110,Maidstone,All other sexual orientations,326,175800,0.18543799772468714
E07000110,Maidstone,All other sexual orientations,21,175800,0.011945392491467578
E07000110,Maidstone,All other sexual orientations,9,175800,0.005119453924914676
E07000110,Maidstone,All other sexual orientations,6,175800,0.0034129692832764505
E07000110,Maidstone,Not answered,0,175800,0
E07000110,Maidstone,Not answered,8338,175800,4.742889647326507
E07000110,Maidstone,Not answered,377,175800,0.21444823663253698
E07000110,Maidstone,Not answered,167,175800,0.0949943117178612
E07000110,Maidstone,Not answered,271,175800,0.1541524459613197
E07000111,Sevenoaks,Does not apply,0,120500,0
E07000111,Sevenoaks,Does not apply,0,120500,0
E07000111,Sevenoaks,Does not apply,0,120500,0
E07000111,Sevenoaks,Does not apply,0,120500,0
E07000111,Sevenoaks,Does not apply,0,120500,0
E07000111,Sevenoaks,Straight or Heterosexual,0,120500,0
E07000111,Sevenoaks,Straight or Heterosexual,79601,120500,66.05892116182572
E07000111,Sevenoaks,Straight or Heterosexual,4998,120500,4.147717842323652
E07000111,Sevenoaks,Straight or Heterosexual,1507,120500,1.2506224066390041
E07000111,Sevenoaks,Straight or Heterosexual,2541,120500,2.108713692946058
E07000111,Sevenoaks,Gay or Lesbian,0,120500,0
E07000111,Sevenoaks,Gay or Lesbian,835,120500,0.6929460580912863
E07000111,Sevenoaks,Gay or Lesbian,73,120500,0.06058091286307054
E07000111,Sevenoaks,Gay or Lesbian,13,120500,0.010788381742738589
E07000111,Sevenoaks,Gay or Lesbian,21,120500,0.017427385892116183
E07000111,Sevenoaks,Bisexual,0,120500,0
E07000111,Sevenoaks,Bisexual,630,120500,0.5228215767634855
E07000111,Sevenoaks,Bisexual,44,120500,0.036514522821576766
E07000111,Sevenoaks,Bisexual,15,120500,0.012448132780082987
E07000111,Sevenoaks,Bisexual,23,120500,0.019087136929460582
E07000111,Sevenoaks,All other sexual orientations,0,120500,0
E07000111,Sevenoaks,All other sexual orientations,149,120500,0.12365145228215768
E07000111,Sevenoaks,All other sexual orientations,10,120500,0.008298755186721992
E07000111,Sevenoaks,All other sexual orientations,4,120500,0.0033195020746887966
E07000111,Sevenoaks,All other sexual orientations,7,120500,0.005809128630705394
E07000111,Sevenoaks,Not answered,0,120500,0
E07000111,Sevenoaks,Not answered,5620,120500,4.66390041493776
E07000111,Sevenoaks,Not answered,264,120500,0.21908713692946058
E07000111,Sevenoaks,Not answered,72,120500,0.05975103734439834
E07000111,Sevenoaks,Not answered,174,120500,0.14439834024896264
E07000112,Folkestone and Hythe,Does not apply,0,109800,0
E07000112,Folkestone and Hythe,Does not apply,0,109800,0
E07000112,Folkestone and Hythe,Does not apply,0,109800,0
E07000112,Folkestone and Hythe,Does not apply,0,109800,0
E07000112,Folkestone and Hythe,Does not apply,0,109800,0
E07000112,Folkestone and Hythe,Straight or Heterosexual,0,109800,0
E07000112,Folkestone and Hythe,Straight or Heterosexual,73277,109800,66.7367941712204
E07000112,Folkestone and Hythe,Straight or Heterosexual,4322,109800,3.936247723132969
E07000112,Folkestone and Hythe,Straight or Heterosexual,1966,109800,1.790528233151184
E07000112,Folkestone and Hythe,Straight or Heterosexual,3329,109800,3.0318761384335153
E07000112,Folkestone and Hythe,Gay or Lesbian,0,109800,0
E07000112,Folkestone and Hythe,Gay or Lesbian,1176,109800,1.0710382513661203
E07000112,Folkestone and Hythe,Gay or Lesbian,89,109800,0.08105646630236794
E07000112,Folkestone and Hythe,Gay or Lesbian,33,109800,0.030054644808743168
E07000112,Folkestone and Hythe,Gay or Lesbian,42,109800,0.03825136612021858
E07000112,Folkestone and Hythe,Bisexual,0,109800,0
E07000112,Folkestone and Hythe,Bisexual,856,109800,0.7795992714025501
E07000112,Folkestone and Hythe,Bisexual,66,109800,0.060109289617486336
E07000112,Folkestone and Hythe,Bisexual,21,109800,0.01912568306010929
E07000112,Folkestone and Hythe,Bisexual,38,109800,0.03460837887067395
E07000112,Folkestone and Hythe,All other sexual orientations,0,109800,0
E07000112,Folkestone and Hythe,All other sexual orientations,208,109800,0.1894353369763206
E07000112,Folkestone and Hythe,All other sexual orientations,18,109800,0.01639344262295082
E07000112,Folkestone and Hythe,All other sexual orientations,10,109800,0.009107468123861567
E07000112,Folkestone and Hythe,All other sexual orientations,5,109800,0.004553734061930784
E07000112,Folkestone and Hythe,Not answered,0,109800,0
E07000112,Folkestone and Hythe,Not answered,5505,109800,5.0136612021857925
E07000112,Folkestone and Hythe,Not answered,260,109800,0.23679417122040072
E07000112,Folkestone and Hythe,Not answered,105,109800,0.09562841530054644
E07000112,Folkestone and Hythe,Not answered,227,109800,0.20673952641165755
E07000113,Swale,Does not apply,0,151700,0
E07000113,Swale,Does not apply,0,151700,0
E07000113,Swale,Does not apply,0,151700,0
E07000113,Swale,Does not apply,0,151700,0
E07000113,Swale,Does not apply,0,151700,0
E07000113,Swale,Straight or Heterosexual,0,151700,0
E07000113,Swale,Straight or Heterosexual,99049,151700,65.29268292682927
E07000113,Swale,Straight or Heterosexual,5303,151700,3.4957152274225445
E07000113,Swale,Straight or Heterosexual,2551,151700,1.6816084377059988
E07000113,Swale,Straight or Heterosexual,4586,151700,3.023071852340145
E07000113,Swale,Gay or Lesbian,0,151700,0
E07000113,Swale,Gay or Lesbian,1525,151700,1.005273566249176
E07000113,Swale,Gay or Lesbian,84,151700,0.055372445616348055
E07000113,Swale,Gay or Lesbian,42,151700,0.027686222808174028
E07000113,Swale,Gay or Lesbian,36,151700,0.023731048121292023
E07000113,Swale,Bisexual,0,151700,0
E07000113,Swale,Bisexual,1066,151700,0.7027027027027027
E07000113,Swale,Bisexual,63,151700,0.04152933421226104
E07000113,Swale,Bisexual,42,151700,0.027686222808174028
E07000113,Swale,Bisexual,48,151700,0.03164139749505603
E07000113,Swale,All other sexual orientations,0,151700,0
E07000113,Swale,All other sexual orientations,283,151700,0.1865524060646012
E07000113,Swale,All other sexual orientations,22,151700,0.014502307185234015
E07000113,Swale,All other sexual orientations,6,151700,0.003955174686882004
E07000113,Swale,All other sexual orientations,15,151700,0.00988793671720501
E07000113,Swale,Not answered,0,151700,0
E07000113,Swale,Not answered,6560,151700,4.324324324324325
E07000113,Swale,Not answered,294,151700,0.19380355965721818
E07000113,Swale,Not answered,173,151700,0.11404087013843112
E07000113,Swale,Not answered,253,151700,0.16677653263019115
E07000114,Thanet,Does not apply,0,140600,0
E07000114,Thanet,Does not apply,0,140600,0
E07000114,Thanet,Does not apply,0,140600,0
E07000114,Thanet,Does not apply,0,140600,0
E07000114,Thanet,Does not apply,0,140600,0
E07000114,Thanet,Straight or Heterosexual,0,140600,0
E07000114,Thanet,Straight or Heterosexual,91164,140600,64.83926031294452
E07000114,Thanet,Straight or Heterosexual,5085,140600,3.616642958748222
E07000114,Thanet,Straight or Heterosexual,2579,140600,1.8342816500711236
E07000114,Thanet,Straight or Heterosexual,4587,140600,3.2624466571834994
E07000114,Thanet,Gay or Lesbian,0,140600,0
E07000114,Thanet,Gay or Lesbian,1715,140600,1.2197724039829303
E07000114,Thanet,Gay or Lesbian,115,140600,0.08179231863442389
E07000114,Thanet,Gay or Lesbian,41,140600,0.029160739687055477
E07000114,Thanet,Gay or Lesbian,67,140600,0.0476529160739687
E07000114,Thanet,Bisexual,0,140600,0
E07000114,Thanet,Bisexual,1336,140600,0.9502133712660028
E07000114,Thanet,Bisexual,88,140600,0.06258890469416785
E07000114,Thanet,Bisexual,36,140600,0.025604551920341393
E07000114,Thanet,Bisexual,75,140600,0.05334281650071124
E07000114,Thanet,All other sexual orientations,0,140600,0
E07000114,Thanet,All other sexual orientations,331,140600,0.23541963015647227
E07000114,Thanet,All other sexual orientations,33,140600,0.023470839260312945
E07000114,Thanet,All other sexual orientations,14,140600,0.00995732574679943
E07000114,Thanet,All other sexual orientations,19,140600,0.013513513513513514
E07000114,Thanet,Not answered,0,140600,0
E07000114,Thanet,Not answered,7287,140600,5.182788051209104
E07000114,Thanet,Not answered,340,140600,0.24182076813655762
E07000114,Thanet,Not answered,207,140600,0.14722617354196302
E07000114,Thanet,Not answered,299,140600,0.21266002844950213
E07000115,Tonbridge and Malling,Does not apply,0,132200,0
E07000115,Tonbridge and Malling,Does not apply,0,132200,0
E07000115,Tonbridge and Malling,Does not apply,0,132200,0
E07000115,Tonbridge and Malling,Does not apply,0,132200,0
E07000115,Tonbridge and Malling,Does not apply,0,132200,0
E07000115,Tonbridge and Malling,Straight or Heterosexual,0,132200,0
E07000115,Tonbridge and Malling,Straight or Heterosexual,87367,132200,66.08698940998487
E07000115,Tonbridge and Malling,Straight or Heterosexual,5059,132200,3.8267776096822996
E07000115,Tonbridge and Malling,Straight or Heterosexual,1752,132200,1.325264750378215
E07000115,Tonbridge and Malling,Straight or Heterosexual,2896,132200,2.190620272314675
E07000115,Tonbridge and Malling,Gay or Lesbian,0,132200,0
E07000115,Tonbridge and Malling,Gay or Lesbian,892,132200,0.6747352496217852
E07000115,Tonbridge and Malling,Gay or Lesbian,75,132200,0.056732223903177004
E07000115,Tonbridge and Malling,Gay or Lesbian,21,132200,0.01588502269288956
E07000115,Tonbridge and Malling,Gay or Lesbian,12,132200,0.009077155824508321
E07000115,Tonbridge and Malling,Bisexual,0,132200,0
E07000115,Tonbridge and Malling,Bisexual,835,132200,0.6316187594553706
E07000115,Tonbridge and Malling,Bisexual,63,132200,0.047655068078668684
E07000115,Tonbridge and Malling,Bisexual,21,132200,0.01588502269288956
E07000115,Tonbridge and Malling,Bisexual,28,132200,0.02118003025718608
E07000115,Tonbridge and Malling,All other sexual orientations,0,132200,0
E07000115,Tonbridge and Malling,All other sexual orientations,177,132200,0.13388804841149773
E07000115,Tonbridge and Malling,All other sexual orientations,14,132200,0.01059001512859304
E07000115,Tonbridge and Malling,All other sexual orientations,6,132200,0.0045385779122541605
E07000115,Tonbridge and Malling,All other sexual orientations,10,132200,0.007564296520423601
E07000115,Tonbridge and Malling,Not answered,0,132200,0
E07000115,Tonbridge and Malling,Not answered,5746,132200,4.346444780635401
E07000115,Tonbridge and Malling,Not answered,266,132200,0.20121028744326777
E07000115,Tonbridge and Malling,Not answered,101,132200,0.07639939485627836
E07000115,Tonbridge and Malling,Not answered,185,132200,0.13993948562783662
E07000116,Tunbridge Wells,Does not apply,0,115300,0
E07000116,Tunbridge Wells,Does not apply,0,115300,0
E07000116,Tunbridge Wells,Does not apply,0,115300,0
E07000116,Tunbridge Wells,Does not apply,0,115300,0
E07000116,Tunbridge Wells,Does not apply,0,115300,0
E07000116,Tunbridge Wells,Straight or Heterosexual,0,115300,0
E07000116,Tunbridge Wells,Straight or Heterosexual,76038,115300,65.9479618386817
E07000116,Tunbridge Wells,Straight or Heterosexual,4358,115300,3.779705117085863
E07000116,Tunbridge Wells,Straight or Heterosexual,1261,115300,1.0936686903729402
E07000116,Tunbridge Wells,Straight or Heterosexual,2032,115300,1.7623590633130963
E07000116,Tunbridge Wells,Gay or Lesbian,0,115300,0
E07000116,Tunbridge Wells,Gay or Lesbian,968,115300,0.839549002601908
E07000116,Tunbridge Wells,Gay or Lesbian,67,115300,0.058109280138768434
E07000116,Tunbridge Wells,Gay or Lesbian,15,115300,0.013009540329575022
E07000116,Tunbridge Wells,Gay or Lesbian,26,115300,0.022549869904596703
E07000116,Tunbridge Wells,Bisexual,0,115300,0
E07000116,Tunbridge Wells,Bisexual,915,115300,0.7935819601040763
E07000116,Tunbridge Wells,Bisexual,46,115300,0.0398959236773634
E07000116,Tunbridge Wells,Bisexual,15,115300,0.013009540329575022
E07000116,Tunbridge Wells,Bisexual,25,115300,0.02168256721595837
E07000116,Tunbridge Wells,All other sexual orientations,0,115300,0
E07000116,Tunbridge Wells,All other sexual orientations,214,115300,0.18560277536860365
E07000116,Tunbridge Wells,All other sexual orientations,12,115300,0.010407632263660017
E07000116,Tunbridge Wells,All other sexual orientations,12,115300,0.010407632263660017
E07000116,Tunbridge Wells,All other sexual orientations,6,115300,0.005203816131830009
E07000116,Tunbridge Wells,Not answered,0,115300,0
E07000116,Tunbridge Wells,Not answered,5890,115300,5.108412836079792
E07000116,Tunbridge Wells,Not answered,272,115300,0.23590633130962707
E07000116,Tunbridge Wells,Not answered,81,115300,0.07025151777970512
E07000116,Tunbridge Wells,Not answered,146,115300,0.1266261925411969
E07000117,Burnley,Does not apply,0,94700,0
E07000117,Burnley,Does not apply,0,94700,0
E07000117,Burnley,Does not apply,0,94700,0
E07000117,Burnley,Does not apply,0,94700,0
E07000117,Burnley,Does not apply,0,94700,0
E07000117,Burnley,Straight or Heterosexual,0,94700,0
E07000117,Burnley,Straight or Heterosexual,60007,94700,63.36536430834213
E07000117,Burnley,Straight or Heterosexual,3152,94700,3.328405491024287
E07000117,Burnley,Straight or Heterosexual,1838,94700,1.9408658922914466
E07000117,Burnley,Straight or Heterosexual,2542,94700,2.6842661034846884
E07000117,Burnley,Gay or Lesbian,0,94700,0
E07000117,Burnley,Gay or Lesbian,828,94700,0.8743400211193242
E07000117,Burnley,Gay or Lesbian,85,94700,0.0897571277719113
E07000117,Burnley,Gay or Lesbian,34,94700,0.03590285110876452
E07000117,Burnley,Gay or Lesbian,27,94700,0.028511087645195353
E07000117,Burnley,Bisexual,0,94700,0
E07000117,Burnley,Bisexual,645,94700,0.6810982048574445
E07000117,Burnley,Bisexual,46,94700,0.048574445617740235
E07000117,Burnley,Bisexual,29,94700,0.030623020063357972
E07000117,Burnley,Bisexual,21,94700,0.022175290390707498
E07000117,Burnley,All other sexual orientations,0,94700,0
E07000117,Burnley,All other sexual orientations,211,94700,0.22280887011615627
E07000117,Burnley,All other sexual orientations,10,94700,0.010559662090813094
E07000117,Burnley,All other sexual orientations,5,94700,0.005279831045406547
E07000117,Burnley,All other sexual orientations,10,94700,0.010559662090813094
E07000117,Burnley,Not answered,0,94700,0
E07000117,Burnley,Not answered,5216,94700,5.50791974656811
E07000117,Burnley,Not answered,203,94700,0.21436114044350582
E07000117,Burnley,Not answered,131,94700,0.13833157338965152
E07000117,Burnley,Not answered,160,94700,0.1689545934530095
E07000118,Chorley,Does not apply,0,117800,0
E07000118,Chorley,Does not apply,0,117800,0
E07000118,Chorley,Does not apply,0,117800,0
E07000118,Chorley,Does not apply,0,117800,0
E07000118,Chorley,Does not apply,0,117800,0
E07000118,Chorley,Straight or Heterosexual,0,117800,0
E07000118,Chorley,Straight or Heterosexual,78736,117800,66.83870967741936
E07000118,Chorley,Straight or Heterosexual,5034,117800,4.273344651952462
E07000118,Chorley,Straight or Heterosexual,1807,117800,1.533955857385399
E07000118,Chorley,Straight or Heterosexual,2753,117800,2.3370118845500847
E07000118,Chorley,Gay or Lesbian,0,117800,0
E07000118,Chorley,Gay or Lesbian,1120,117800,0.9507640067911715
E07000118,Chorley,Gay or Lesbian,92,117800,0.07809847198641766
E07000118,Chorley,Gay or Lesbian,22,117800,0.01867572156196944
E07000118,Chorley,Gay or Lesbian,23,117800,0.019524617996604415
E07000118,Chorley,Bisexual,0,117800,0
E07000118,Chorley,Bisexual,845,117800,0.7173174872665535
E07000118,Chorley,Bisexual,60,117800,0.050933786078098474
E07000118,Chorley,Bisexual,32,117800,0.027164685908319185
E07000118,Chorley,Bisexual,39,117800,0.03310696095076401
E07000118,Chorley,All other sexual orientations,0,117800,0
E07000118,Chorley,All other sexual orientations,143,117800,0.12139219015280135
E07000118,Chorley,All other sexual orientations,10,117800,0.008488964346349746
E07000118,Chorley,All other sexual orientations,4,117800,0.003395585738539898
E07000118,Chorley,All other sexual orientations,8,117800,0.006791171477079796
E07000118,Chorley,Not answered,0,117800,0
E07000118,Chorley,Not answered,5112,117800,4.3395585738539895
E07000118,Chorley,Not answered,245,117800,0.20797962648556875
E07000118,Chorley,Not answered,115,117800,0.09762308998302208
E07000118,Chorley,Not answered,171,117800,0.14516129032258066
E07000119,Fylde,Does not apply,0,81400,0
E07000119,Fylde,Does not apply,0,81400,0
E07000119,Fylde,Does not apply,0,81400,0
E07000119,Fylde,Does not apply,0,81400,0
E07000119,Fylde,Does not apply,0,81400,0
E07000119,Fylde,Straight or Heterosexual,0,81400,0
E07000119,Fylde,Straight or Heterosexual,56371,81400,69.25184275184276
E07000119,Fylde,Straight or Heterosexual,3695,81400,4.53931203931204
E07000119,Fylde,Straight or Heterosexual,1350,81400,1.6584766584766584
E07000119,Fylde,Straight or Heterosexual,2132,81400,2.619164619164619
E07000119,Fylde,Gay or Lesbian,0,81400,0
E07000119,Fylde,Gay or Lesbian,873,81400,1.0724815724815724
E07000119,Fylde,Gay or Lesbian,67,81400,0.08230958230958231
E07000119,Fylde,Gay or Lesbian,35,81400,0.042997542997543
E07000119,Fylde,Gay or Lesbian,37,81400,0.045454545454545456
E07000119,Fylde,Bisexual,0,81400,0
E07000119,Fylde,Bisexual,495,81400,0.6081081081081081
E07000119,Fylde,Bisexual,35,81400,0.042997542997543
E07000119,Fylde,Bisexual,12,81400,0.014742014742014743
E07000119,Fylde,Bisexual,14,81400,0.0171990171990172
E07000119,Fylde,All other sexual orientations,0,81400,0
E07000119,Fylde,All other sexual orientations,112,81400,0.1375921375921376
E07000119,Fylde,All other sexual orientations,13,81400,0.01597051597051597
E07000119,Fylde,All other sexual orientations,2,81400,0.002457002457002457
E07000119,Fylde,All other sexual orientations,9,81400,0.011056511056511056
E07000119,Fylde,Not answered,0,81400,0
E07000119,Fylde,Not answered,3536,81400,4.343980343980344
E07000119,Fylde,Not answered,204,81400,0.25061425061425063
E07000119,Fylde,Not answered,74,81400,0.09090909090909091
E07000119,Fylde,Not answered,180,81400,0.22113022113022113
E07000120,Hyndburn,Does not apply,0,82200,0
E07000120,Hyndburn,Does not apply,0,82200,0
E07000120,Hyndburn,Does not apply,0,82200,0
E07000120,Hyndburn,Does not apply,0,82200,0
E07000120,Hyndburn,Does not apply,0,82200,0
E07000120,Hyndburn,Straight or Heterosexual,0,82200,0
E07000120,Hyndburn,Straight or Heterosexual,52524,82200,63.8978102189781
E07000120,Hyndburn,Straight or Heterosexual,2984,82200,3.630170316301703
E07000120,Hyndburn,Straight or Heterosexual,1584,82200,1.927007299270073
E07000120,Hyndburn,Straight or Heterosexual,2247,82200,2.7335766423357666
E07000120,Hyndburn,Gay or Lesbian,0,82200,0
E07000120,Hyndburn,Gay or Lesbian,686,82200,0.8345498783454988
E07000120,Hyndburn,Gay or Lesbian,59,82200,0.07177615571776155
E07000120,Hyndburn,Gay or Lesbian,34,82200,0.0413625304136253
E07000120,Hyndburn,Gay or Lesbian,29,82200,0.03527980535279805
E07000120,Hyndburn,Bisexual,0,82200,0
E07000120,Hyndburn,Bisexual,568,82200,0.6909975669099757
E07000120,Hyndburn,Bisexual,24,82200,0.029197080291970802
E07000120,Hyndburn,Bisexual,16,82200,0.019464720194647202
E07000120,Hyndburn,Bisexual,28,82200,0.0340632603406326
E07000120,Hyndburn,All other sexual orientations,0,82200,0
E07000120,Hyndburn,All other sexual orientations,125,82200,0.15206812652068127
E07000120,Hyndburn,All other sexual orientations,5,82200,0.006082725060827251
E07000120,Hyndburn,All other sexual orientations,4,82200,0.004866180048661801
E07000120,Hyndburn,All other sexual orientations,3,82200,0.0036496350364963502
E07000120,Hyndburn,Not answered,0,82200,0
E07000120,Hyndburn,Not answered,4196,82200,5.104622871046229
E07000120,Hyndburn,Not answered,179,82200,0.21776155717761558
E07000120,Hyndburn,Not answered,120,82200,0.145985401459854
E07000120,Hyndburn,Not answered,217,82200,0.2639902676399027
E07000121,Lancaster,Does not apply,0,142900,0
E07000121,Lancaster,Does not apply,0,142900,0
E07000121,Lancaster,Does not apply,0,142900,0
E07000121,Lancaster,Does not apply,0,142900,0
E07000121,Lancaster,Does not apply,0,142900,0
E07000121,Lancaster,Straight or Heterosexual,0,142900,0
E07000121,Lancaster,Straight or Heterosexual,93941,142900,65.73897830650805
E07000121,Lancaster,Straight or Heterosexual,5491,142900,3.8425472358292514
E07000121,Lancaster,Straight or Heterosexual,2205,142900,1.543037088873338
E07000121,Lancaster,Straight or Heterosexual,3404,142900,2.3820853743876835
E07000121,Lancaster,Gay or Lesbian,0,142900,0
E07000121,Lancaster,Gay or Lesbian,1921,142900,1.344296710986704
E07000121,Lancaster,Gay or Lesbian,116,142900,0.08117564730580826
E07000121,Lancaster,Gay or Lesbian,40,142900,0.02799160251924423
E07000121,Lancaster,Gay or Lesbian,53,142900,0.0370888733379986
E07000121,Lancaster,Bisexual,0,142900,0
E07000121,Lancaster,Bisexual,2278,142900,1.5941217634709588
E07000121,Lancaster,Bisexual,141,142900,0.0986703988803359
E07000121,Lancaster,Bisexual,32,142900,0.02239328201539538
E07000121,Lancaster,Bisexual,40,142900,0.02799160251924423
E07000121,Lancaster,All other sexual orientations,0,142900,0
E07000121,Lancaster,All other sexual orientations,509,142900,0.3561931420573828
E07000121,Lancaster,All other sexual orientations,42,142900,0.02939118264520644
E07000121,Lancaster,All other sexual orientations,9,142900,0.006298110566829951
E07000121,Lancaster,All other sexual orientations,14,142900,0.00979706088173548
E07000121,Lancaster,Not answered,0,142900,0
E07000121,Lancaster,Not answered,8606,142900,6.022393282015395
E07000121,Lancaster,Not answered,385,142900,0.26941917424772566
E07000121,Lancaster,Not answered,161,142900,0.11266620013995801
E07000121,Lancaster,Not answered,250,142900,0.17494751574527642
E07000122,Pendle,Does not apply,0,95800,0
E07000122,Pendle,Does not apply,0,95800,0
E07000122,Pendle,Does not apply,0,95800,0
E07000122,Pendle,Does not apply,0,95800,0
E07000122,Pendle,Does not apply,0,95800,0
E07000122,Pendle,Straight or Heterosexual,0,95800,0
E07000122,Pendle,Straight or Heterosexual,59920,95800,62.54697286012526
E07000122,Pendle,Straight or Heterosexual,3250,95800,3.392484342379958
E07000122,Pendle,Straight or Heterosexual,1746,95800,1.8225469728601253
E07000122,Pendle,Straight or Heterosexual,2273,95800,2.372651356993737
E07000122,Pendle,Gay or Lesbian,0,95800,0
E07000122,Pendle,Gay or Lesbian,661,95800,0.6899791231732777
E07000122,Pendle,Gay or Lesbian,37,95800,0.038622129436325675
E07000122,Pendle,Gay or Lesbian,21,95800,0.021920668058455117
E07000122,Pendle,Gay or Lesbian,31,95800,0.032359081419624215
E07000122,Pendle,Bisexual,0,95800,0
E07000122,Pendle,Bisexual,539,95800,0.5626304801670147
E07000122,Pendle,Bisexual,29,95800,0.030271398747390398
E07000122,Pendle,Bisexual,22,95800,0.022964509394572025
E07000122,Pendle,Bisexual,16,95800,0.016701461377870562
E07000122,Pendle,All other sexual orientations,0,95800,0
E07000122,Pendle,All other sexual orientations,203,95800,0.21189979123173278
E07000122,Pendle,All other sexual orientations,13,95800,0.013569937369519834
E07000122,Pendle,All other sexual orientations,7,95800,0.007306889352818371
E07000122,Pendle,All other sexual orientations,7,95800,0.007306889352818371
E07000122,Pendle,Not answered,0,95800,0
E07000122,Pendle,Not answered,5879,95800,6.1367432150313155
E07000122,Pendle,Not answered,225,95800,0.2348643006263048
E07000122,Pendle,Not answered,148,95800,0.1544885177453027
E07000122,Pendle,Not answered,196,95800,0.2045929018789144
E07000123,Preston,Does not apply,0,147900,0
E07000123,Preston,Does not apply,0,147900,0
E07000123,Preston,Does not apply,0,147900,0
E07000123,Preston,Does not apply,0,147900,0
E07000123,Preston,Does not apply,0,147900,0
E07000123,Preston,Straight or Heterosexual,0,147900,0
E07000123,Preston,Straight or Heterosexual,94243,147900,63.72075726842461
E07000123,Preston,Straight or Heterosexual,5000,147900,3.3806626098715347
E07000123,Preston,Straight or Heterosexual,2495,147900,1.686950642325896
E07000123,Preston,Straight or Heterosexual,3284,147900,2.220419202163624
E07000123,Preston,Gay or Lesbian,0,147900,0
E07000123,Preston,Gay or Lesbian,1674,147900,1.13184584178499
E07000123,Preston,Gay or Lesbian,77,147900,0.052062204192021636
E07000123,Preston,Gay or Lesbian,55,147900,0.03718728870858688
E07000123,Preston,Gay or Lesbian,35,147900,0.023664638269100743
E07000123,Preston,Bisexual,0,147900,0
E07000123,Preston,Bisexual,1938,147900,1.3103448275862069
E07000123,Preston,Bisexual,112,147900,0.07572684246112238
E07000123,Preston,Bisexual,46,147900,0.03110209601081812
E07000123,Preston,Bisexual,47,147900,0.03177822853279243
E07000123,Preston,All other sexual orientations,0,147900,0
E07000123,Preston,All other sexual orientations,459,147900,0.3103448275862069
E07000123,Preston,All other sexual orientations,18,147900,0.012170385395537525
E07000123,Preston,All other sexual orientations,11,147900,0.0074374577417173765
E07000123,Preston,All other sexual orientations,17,147900,0.011494252873563218
E07000123,Preston,Not answered,0,147900,0
E07000123,Preston,Not answered,8389,147900,5.672075726842461
E07000123,Preston,Not answered,319,147900,0.21568627450980393
E07000123,Preston,Not answered,199,147900,0.1345503718728871
E07000123,Preston,Not answered,248,147900,0.16768086544962812
E07000124,Ribble Valley,Does not apply,0,61500,0
E07000124,Ribble Valley,Does not apply,0,61500,0
E07000124,Ribble Valley,Does not apply,0,61500,0
E07000124,Ribble Valley,Does not apply,0,61500,0
E07000124,Ribble Valley,Does not apply,0,61500,0
E07000124,Ribble Valley,Straight or Heterosexual,0,61500,0
E07000124,Ribble Valley,Straight or Heterosexual,42689,61500,69.4130081300813
E07000124,Ribble Valley,Straight or Heterosexual,2896,61500,4.708943089430894
E07000124,Ribble Valley,Straight or Heterosexual,802,61500,1.3040650406504064
E07000124,Ribble Valley,Straight or Heterosexual,1211,61500,1.9691056910569105
E07000124,Ribble Valley,Gay or Lesbian,0,61500,0
E07000124,Ribble Valley,Gay or Lesbian,399,61500,0.6487804878048781
E07000124,Ribble Valley,Gay or Lesbian,29,61500,0.04715447154471545
E07000124,Ribble Valley,Gay or Lesbian,13,61500,0.02113821138211382
E07000124,Ribble Valley,Gay or Lesbian,6,61500,0.00975609756097561
E07000124,Ribble Valley,Bisexual,0,61500,0
E07000124,Ribble Valley,Bisexual,296,61500,0.4813008130081301
E07000124,Ribble Valley,Bisexual,29,61500,0.04715447154471545
E07000124,Ribble Valley,Bisexual,7,61500,0.011382113821138212
E07000124,Ribble Valley,Bisexual,6,61500,0.00975609756097561
E07000124,Ribble Valley,All other sexual orientations,0,61500,0
E07000124,Ribble Valley,All other sexual orientations,54,61500,0.08780487804878048
E07000124,Ribble Valley,All other sexual orientations,10,61500,0.016260162601626018
E07000124,Ribble Valley,All other sexual orientations,3,61500,0.004878048780487805
E07000124,Ribble Valley,All other sexual orientations,1,61500,0.0016260162601626016
E07000124,Ribble Valley,Not answered,0,61500,0
E07000124,Ribble Valley,Not answered,2749,61500,4.469918699186992
E07000124,Ribble Valley,Not answered,135,61500,0.21951219512195122
E07000124,Ribble Valley,Not answered,56,61500,0.0910569105691057
E07000124,Ribble Valley,Not answered,77,61500,0.12520325203252033
E07000125,Rossendale,Does not apply,0,70800,0
E07000125,Rossendale,Does not apply,0,70800,0
E07000125,Rossendale,Does not apply,0,70800,0
E07000125,Rossendale,Does not apply,0,70800,0
E07000125,Rossendale,Does not apply,0,70800,0
E07000125,Rossendale,Straight or Heterosexual,0,70800,0
E07000125,Rossendale,Straight or Heterosexual,46588,70800,65.80225988700565
E07000125,Rossendale,Straight or Heterosexual,2683,70800,3.7895480225988702
E07000125,Rossendale,Straight or Heterosexual,1191,70800,1.6822033898305084
E07000125,Rossendale,Straight or Heterosexual,1787,70800,2.524011299435028
E07000125,Rossendale,Gay or Lesbian,0,70800,0
E07000125,Rossendale,Gay or Lesbian,688,70800,0.9717514124293786
E07000125,Rossendale,Gay or Lesbian,52,70800,0.07344632768361582
E07000125,Rossendale,Gay or Lesbian,25,70800,0.03531073446327684
E07000125,Rossendale,Gay or Lesbian,14,70800,0.01977401129943503
E07000125,Rossendale,Bisexual,0,70800,0
E07000125,Rossendale,Bisexual,476,70800,0.672316384180791
E07000125,Rossendale,Bisexual,23,70800,0.03248587570621469
E07000125,Rossendale,Bisexual,15,70800,0.0211864406779661
E07000125,Rossendale,Bisexual,16,70800,0.022598870056497175
E07000125,Rossendale,All other sexual orientations,0,70800,0
E07000125,Rossendale,All other sexual orientations,119,70800,0.16807909604519775
E07000125,Rossendale,All other sexual orientations,6,70800,0.00847457627118644
E07000125,Rossendale,All other sexual orientations,3,70800,0.00423728813559322
E07000125,Rossendale,All other sexual orientations,2,70800,0.002824858757062147
E07000125,Rossendale,Not answered,0,70800,0
E07000125,Rossendale,Not answered,3217,70800,4.543785310734464
E07000125,Rossendale,Not answered,155,70800,0.2189265536723164
E07000125,Rossendale,Not answered,100,70800,0.14124293785310735
E07000125,Rossendale,Not answered,137,70800,0.19350282485875706
E07000126,South Ribble,Does not apply,0,111000,0
E07000126,South Ribble,Does not apply,0,111000,0
E07000126,South Ribble,Does not apply,0,111000,0
E07000126,South Ribble,Does not apply,0,111000,0
E07000126,South Ribble,Does not apply,0,111000,0
E07000126,South Ribble,Straight or Heterosexual,0,111000,0
E07000126,South Ribble,Straight or Heterosexual,74818,111000,67.4036036036036
E07000126,South Ribble,Straight or Heterosexual,4994,111000,4.499099099099099
E07000126,South Ribble,Straight or Heterosexual,1764,111000,1.5891891891891892
E07000126,South Ribble,Straight or Heterosexual,2686,111000,2.41981981981982
E07000126,South Ribble,Gay or Lesbian,0,111000,0
E07000126,South Ribble,Gay or Lesbian,998,111000,0.8990990990990991
E07000126,South Ribble,Gay or Lesbian,91,111000,0.08198198198198198
E07000126,South Ribble,Gay or Lesbian,43,111000,0.03873873873873874
E07000126,South Ribble,Gay or Lesbian,23,111000,0.02072072072072072
E07000126,South Ribble,Bisexual,0,111000,0
E07000126,South Ribble,Bisexual,752,111000,0.6774774774774774
E07000126,South Ribble,Bisexual,68,111000,0.06126126126126126
E07000126,South Ribble,Bisexual,23,111000,0.02072072072072072
E07000126,South Ribble,Bisexual,28,111000,0.025225225225225224
E07000126,South Ribble,All other sexual orientations,0,111000,0
E07000126,South Ribble,All other sexual orientations,135,111000,0.12162162162162163
E07000126,South Ribble,All other sexual orientations,12,111000,0.010810810810810811
E07000126,South Ribble,All other sexual orientations,1,111000,9.009009009009009e-4
E07000126,South Ribble,All other sexual orientations,6,111000,0.005405405405405406
E07000126,South Ribble,Not answered,0,111000,0
E07000126,South Ribble,Not answered,4560,111000,4.108108108108108
E07000126,South Ribble,Not answered,237,111000,0.21351351351351353
E07000126,South Ribble,Not answered,103,111000,0.09279279279279279
E07000126,South Ribble,Not answered,155,111000,0.13963963963963963
E07000127,West Lancashire,Does not apply,0,117400,0
E07000127,West Lancashire,Does not apply,0,117400,0
E07000127,West Lancashire,Does not apply,0,117400,0
E07000127,West Lancashire,Does not apply,0,117400,0
E07000127,West Lancashire,Does not apply,0,117400,0
E07000127,West Lancashire,Straight or Heterosexual,0,117400,0
E07000127,West Lancashire,Straight or Heterosexual,78977,117400,67.27172061328791
E07000127,West Lancashire,Straight or Heterosexual,5019,117400,4.2751277683134585
E07000127,West Lancashire,Straight or Heterosexual,2009,117400,1.711243611584327
E07000127,West Lancashire,Straight or Heterosexual,3272,117400,2.787052810902896
E07000127,West Lancashire,Gay or Lesbian,0,117400,0
E07000127,West Lancashire,Gay or Lesbian,1110,117400,0.9454855195911414
E07000127,West Lancashire,Gay or Lesbian,69,117400,0.05877342419080068
E07000127,West Lancashire,Gay or Lesbian,27,117400,0.022998296422487224
E07000127,West Lancashire,Gay or Lesbian,36,117400,0.030664395229982964
E07000127,West Lancashire,Bisexual,0,117400,0
E07000127,West Lancashire,Bisexual,1161,117400,0.9889267461669506
E07000127,West Lancashire,Bisexual,43,117400,0.036626916524701875
E07000127,West Lancashire,Bisexual,25,117400,0.02129471890971039
E07000127,West Lancashire,Bisexual,18,117400,0.015332197614991482
E07000127,West Lancashire,All other sexual orientations,0,117400,0
E07000127,West Lancashire,All other sexual orientations,242,117400,0.2061328790459966
E07000127,West Lancashire,All other sexual orientations,24,117400,0.020442930153321975
E07000127,West Lancashire,All other sexual orientations,6,117400,0.005110732538330494
E07000127,West Lancashire,All other sexual orientations,10,117400,0.008517887563884156
E07000127,West Lancashire,Not answered,0,117400,0
E07000127,West Lancashire,Not answered,5680,117400,4.838160136286201
E07000127,West Lancashire,Not answered,270,117400,0.22998296422487224
E07000127,West Lancashire,Not answered,134,117400,0.1141396933560477
E07000127,West Lancashire,Not answered,204,117400,0.1737649063032368
E07000128,Wyre,Does not apply,0,111900,0
E07000128,Wyre,Does not apply,0,111900,0
E07000128,Wyre,Does not apply,0,111900,0
E07000128,Wyre,Does not apply,0,111900,0
E07000128,Wyre,Does not apply,0,111900,0
E07000128,Wyre,Straight or Heterosexual,0,111900,0
E07000128,Wyre,Straight or Heterosexual,75505,111900,67.47542448614834
E07000128,Wyre,Straight or Heterosexual,5030,111900,4.4950848972296695
E07000128,Wyre,Straight or Heterosexual,2130,111900,1.903485254691689
E07000128,Wyre,Straight or Heterosexual,3685,111900,3.293118856121537
E07000128,Wyre,Gay or Lesbian,0,111900,0
E07000128,Wyre,Gay or Lesbian,1202,111900,1.0741733690795352
E07000128,Wyre,Gay or Lesbian,86,111900,0.07685433422698838
E07000128,Wyre,Gay or Lesbian,51,111900,0.045576407506702415
E07000128,Wyre,Gay or Lesbian,43,111900,0.03842716711349419
E07000128,Wyre,Bisexual,0,111900,0
E07000128,Wyre,Bisexual,608,111900,0.5433422698838248
E07000128,Wyre,Bisexual,59,111900,0.05272564789991063
E07000128,Wyre,Bisexual,25,111900,0.022341376228775692
E07000128,Wyre,Bisexual,23,111900,0.020554066130473638
E07000128,Wyre,All other sexual orientations,0,111900,0
E07000128,Wyre,All other sexual orientations,121,111900,0.10813226094727435
E07000128,Wyre,All other sexual orientations,15,111900,0.013404825737265416
E07000128,Wyre,All other sexual orientations,6,111900,0.005361930294906166
E07000128,Wyre,All other sexual orientations,7,111900,0.006255585344057194
E07000128,Wyre,Not answered,0,111900,0
E07000128,Wyre,Not answered,5109,111900,4.565683646112601
E07000128,Wyre,Not answered,297,111900,0.26541554959785524
E07000128,Wyre,Not answered,112,111900,0.10008936550491511
E07000128,Wyre,Not answered,238,111900,0.2126899016979446
E07000129,Blaby,Does not apply,0,102900,0
E07000129,Blaby,Does not apply,0,102900,0
E07000129,Blaby,Does not apply,0,102900,0
E07000129,Blaby,Does not apply,0,102900,0
E07000129,Blaby,Does not apply,0,102900,0
E07000129,Blaby,Straight or Heterosexual,0,102900,0
E07000129,Blaby,Straight or Heterosexual,68499,102900,66.56851311953353
E07000129,Blaby,Straight or Heterosexual,4382,102900,4.258503401360544
E07000129,Blaby,Straight or Heterosexual,1550,102900,1.5063168124392614
E07000129,Blaby,Straight or Heterosexual,2263,102900,2.1992225461613217
E07000129,Blaby,Gay or Lesbian,0,102900,0
E07000129,Blaby,Gay or Lesbian,946,102900,0.9193391642371235
E07000129,Blaby,Gay or Lesbian,68,102900,0.06608357628765792
E07000129,Blaby,Gay or Lesbian,25,102900,0.024295432458697766
E07000129,Blaby,Gay or Lesbian,16,102900,0.015549076773566569
E07000129,Blaby,Bisexual,0,102900,0
E07000129,Blaby,Bisexual,610,102900,0.5928085519922255
E07000129,Blaby,Bisexual,41,102900,0.03984450923226433
E07000129,Blaby,Bisexual,14,102900,0.013605442176870748
E07000129,Blaby,Bisexual,25,102900,0.024295432458697766
E07000129,Blaby,All other sexual orientations,0,102900,0
E07000129,Blaby,All other sexual orientations,130,102900,0.12633624878522837
E07000129,Blaby,All other sexual orientations,9,102900,0.008746355685131196
E07000129,Blaby,All other sexual orientations,5,102900,0.004859086491739553
E07000129,Blaby,All other sexual orientations,6,102900,0.0058309037900874635
E07000129,Blaby,Not answered,0,102900,0
E07000129,Blaby,Not answered,4522,102900,4.394557823129252
E07000129,Blaby,Not answered,280,102900,0.272108843537415
E07000129,Blaby,Not answered,93,102900,0.09037900874635568
E07000129,Blaby,Not answered,183,102900,0.17784256559766765
E07000130,Charnwood,Does not apply,0,183900,0
E07000130,Charnwood,Does not apply,0,183900,0
E07000130,Charnwood,Does not apply,0,183900,0
E07000130,Charnwood,Does not apply,0,183900,0
E07000130,Charnwood,Does not apply,0,183900,0
E07000130,Charnwood,Straight or Heterosexual,0,183900,0
E07000130,Charnwood,Straight or Heterosexual,124120,183900,67.4932028276237
E07000130,Charnwood,Straight or Heterosexual,7268,183900,3.952147906470908
E07000130,Charnwood,Straight or Heterosexual,2392,183900,1.3007069059271343
E07000130,Charnwood,Straight or Heterosexual,3799,183900,2.0657966286025014
E07000130,Charnwood,Gay or Lesbian,0,183900,0
E07000130,Charnwood,Gay or Lesbian,1784,183900,0.9700924415443176
E07000130,Charnwood,Gay or Lesbian,112,183900,0.06090266449157151
E07000130,Charnwood,Gay or Lesbian,44,183900,0.02392604676454595
E07000130,Charnwood,Gay or Lesbian,29,183900,0.015769439912996192
E07000130,Charnwood,Bisexual,0,183900,0
E07000130,Charnwood,Bisexual,1884,183900,1.0244698205546492
E07000130,Charnwood,Bisexual,106,183900,0.057640021750951606
E07000130,Charnwood,Bisexual,36,183900,0.01957585644371941
E07000130,Charnwood,Bisexual,44,183900,0.02392604676454595
E07000130,Charnwood,All other sexual orientations,0,183900,0
E07000130,Charnwood,All other sexual orientations,389,183900,0.2115280043501903
E07000130,Charnwood,All other sexual orientations,29,183900,0.015769439912996192
E07000130,Charnwood,All other sexual orientations,11,183900,0.005981511691136488
E07000130,Charnwood,All other sexual orientations,15,183900,0.008156606851549755
E07000130,Charnwood,Not answered,0,183900,0
E07000130,Charnwood,Not answered,10169,183900,5.529635671560631
E07000130,Charnwood,Not answered,444,183900,0.24143556280587275
E07000130,Charnwood,Not answered,166,183900,0.09026644915715062
E07000130,Charnwood,Not answered,260,183900,0.14138118542686243
E07000131,Harborough,Does not apply,0,97600,0
E07000131,Harborough,Does not apply,0,97600,0
E07000131,Harborough,Does not apply,0,97600,0
E07000131,Harborough,Does not apply,0,97600,0
E07000131,Harborough,Does not apply,0,97600,0
E07000131,Harborough,Straight or Heterosexual,0,97600,0
E07000131,Harborough,Straight or Heterosexual,66516,97600,68.15163934426229
E07000131,Harborough,Straight or Heterosexual,4381,97600,4.488729508196721
E07000131,Harborough,Straight or Heterosexual,1202,97600,1.2315573770491803
E07000131,Harborough,Straight or Heterosexual,1800,97600,1.8442622950819672
E07000131,Harborough,Gay or Lesbian,0,97600,0
E07000131,Harborough,Gay or Lesbian,838,97600,0.8586065573770492
E07000131,Harborough,Gay or Lesbian,45,97600,0.04610655737704918
E07000131,Harborough,Gay or Lesbian,24,97600,0.02459016393442623
E07000131,Harborough,Gay or Lesbian,17,97600,0.017418032786885244
E07000131,Harborough,Bisexual,0,97600,0
E07000131,Harborough,Bisexual,566,97600,0.5799180327868853
E07000131,Harborough,Bisexual,32,97600,0.03278688524590164
E07000131,Harborough,Bisexual,10,97600,0.010245901639344262
E07000131,Harborough,Bisexual,12,97600,0.012295081967213115
E07000131,Harborough,All other sexual orientations,0,97600,0
E07000131,Harborough,All other sexual orientations,123,97600,0.1260245901639344
E07000131,Harborough,All other sexual orientations,4,97600,0.004098360655737705
E07000131,Harborough,All other sexual orientations,4,97600,0.004098360655737705
E07000131,Harborough,All other sexual orientations,8,97600,0.00819672131147541
E07000131,Harborough,Not answered,0,97600,0
E07000131,Harborough,Not answered,4420,97600,4.528688524590164
E07000131,Harborough,Not answered,226,97600,0.23155737704918034
E07000131,Harborough,Not answered,72,97600,0.07377049180327869
E07000131,Harborough,Not answered,127,97600,0.13012295081967212
E07000132,Hinckley and Bosworth,Does not apply,0,113600,0
E07000132,Hinckley and Bosworth,Does not apply,0,113600,0
E07000132,Hinckley and Bosworth,Does not apply,0,113600,0
E07000132,Hinckley and Bosworth,Does not apply,0,113600,0
E07000132,Hinckley and Bosworth,Does not apply,0,113600,0
E07000132,Hinckley and Bosworth,Straight or Heterosexual,0,113600,0
E07000132,Hinckley and Bosworth,Straight or Heterosexual,76899,113600,67.69278169014085
E07000132,Hinckley and Bosworth,Straight or Heterosexual,4989,113600,4.391725352112676
E07000132,Hinckley and Bosworth,Straight or Heterosexual,1585,113600,1.3952464788732395
E07000132,Hinckley and Bosworth,Straight or Heterosexual,2748,113600,2.4190140845070425
E07000132,Hinckley and Bosworth,Gay or Lesbian,0,113600,0
E07000132,Hinckley and Bosworth,Gay or Lesbian,992,113600,0.8732394366197183
E07000132,Hinckley and Bosworth,Gay or Lesbian,67,113600,0.05897887323943662
E07000132,Hinckley and Bosworth,Gay or Lesbian,22,113600,0.01936619718309859
E07000132,Hinckley and Bosworth,Gay or Lesbian,24,113600,0.02112676056338028
E07000132,Hinckley and Bosworth,Bisexual,0,113600,0
E07000132,Hinckley and Bosworth,Bisexual,756,113600,0.6654929577464789
E07000132,Hinckley and Bosworth,Bisexual,62,113600,0.05457746478873239
E07000132,Hinckley and Bosworth,Bisexual,20,113600,0.017605633802816902
E07000132,Hinckley and Bosworth,Bisexual,25,113600,0.022007042253521125
E07000132,Hinckley and Bosworth,All other sexual orientations,0,113600,0
E07000132,Hinckley and Bosworth,All other sexual orientations,169,113600,0.1487676056338028
E07000132,Hinckley and Bosworth,All other sexual orientations,21,113600,0.018485915492957746
E07000132,Hinckley and Bosworth,All other sexual orientations,2,113600,0.0017605633802816902
E07000132,Hinckley and Bosworth,All other sexual orientations,3,113600,0.002640845070422535
E07000132,Hinckley and Bosworth,Not answered,0,113600,0
E07000132,Hinckley and Bosworth,Not answered,4999,113600,4.400528169014085
E07000132,Hinckley and Bosworth,Not answered,275,113600,0.2420774647887324
E07000132,Hinckley and Bosworth,Not answered,111,113600,0.0977112676056338
E07000132,Hinckley and Bosworth,Not answered,147,113600,0.12940140845070422
E07000133,Melton,Does not apply,0,51800,0
E07000133,Melton,Does not apply,0,51800,0
E07000133,Melton,Does not apply,0,51800,0
E07000133,Melton,Does not apply,0,51800,0
E07000133,Melton,Does not apply,0,51800,0
E07000133,Melton,Straight or Heterosexual,0,51800,0
E07000133,Melton,Straight or Heterosexual,35257,51800,68.06370656370656
E07000133,Melton,Straight or Heterosexual,2254,51800,4.351351351351352
E07000133,Melton,Straight or Heterosexual,670,51800,1.2934362934362935
E07000133,Melton,Straight or Heterosexual,1154,51800,2.227799227799228
E07000133,Melton,Gay or Lesbian,0,51800,0
E07000133,Melton,Gay or Lesbian,427,51800,0.8243243243243243
E07000133,Melton,Gay or Lesbian,29,51800,0.055984555984555984
E07000133,Melton,Gay or Lesbian,11,51800,0.021235521235521235
E07000133,Melton,Gay or Lesbian,11,51800,0.021235521235521235
E07000133,Melton,Bisexual,0,51800,0
E07000133,Melton,Bisexual,361,51800,0.696911196911197
E07000133,Melton,Bisexual,27,51800,0.052123552123552123
E07000133,Melton,Bisexual,9,51800,0.017374517374517374
E07000133,Melton,Bisexual,8,51800,0.015444015444015444
E07000133,Melton,All other sexual orientations,0,51800,0
E07000133,Melton,All other sexual orientations,65,51800,0.12548262548262548
E07000133,Melton,All other sexual orientations,6,51800,0.011583011583011582
E07000133,Melton,All other sexual orientations,2,51800,0.003861003861003861
E07000133,Melton,All other sexual orientations,1,51800,0.0019305019305019305
E07000133,Melton,Not answered,0,51800,0
E07000133,Melton,Not answered,2393,51800,4.61969111969112
E07000133,Melton,Not answered,125,51800,0.2413127413127413
E07000133,Melton,Not answered,59,51800,0.1138996138996139
E07000133,Melton,Not answered,78,51800,0.15057915057915058
E07000134,North West Leicestershire,Does not apply,0,104700,0
E07000134,North West Leicestershire,Does not apply,0,104700,0
E07000134,North West Leicestershire,Does not apply,0,104700,0
E07000134,North West Leicestershire,Does not apply,0,104700,0
E07000134,North West Leicestershire,Does not apply,0,104700,0
E07000134,North West Leicestershire,Straight or Heterosexual,0,104700,0
E07000134,North West Leicestershire,Straight or Heterosexual,70478,104700,67.3142311365807
E07000134,North West Leicestershire,Straight or Heterosexual,4260,104700,4.0687679083094554
E07000134,North West Leicestershire,Straight or Heterosexual,1563,104700,1.492836676217765
E07000134,North West Leicestershire,Straight or Heterosexual,2502,104700,2.3896848137535818
E07000134,North West Leicestershire,Gay or Lesbian,0,104700,0
E07000134,North West Leicestershire,Gay or Lesbian,953,104700,0.9102196752626552
E07000134,North West Leicestershire,Gay or Lesbian,64,104700,0.061127029608404965
E07000134,North West Leicestershire,Gay or Lesbian,26,104700,0.024832855778414518
E07000134,North West Leicestershire,Gay or Lesbian,29,104700,0.027698185291308502
E07000134,North West Leicestershire,Bisexual,0,104700,0
E07000134,North West Leicestershire,Bisexual,767,104700,0.7325692454632283
E07000134,North West Leicestershire,Bisexual,58,104700,0.055396370582617004
E07000134,North West Leicestershire,Bisexual,16,104700,0.015281757402101241
E07000134,North West Leicestershire,Bisexual,25,104700,0.02387774594078319
E07000134,North West Leicestershire,All other sexual orientations,0,104700,0
E07000134,North West Leicestershire,All other sexual orientations,172,104700,0.16427889207258833
E07000134,North West Leicestershire,All other sexual orientations,19,104700,0.018147086914995225
E07000134,North West Leicestershire,All other sexual orientations,6,104700,0.0057306590257879654
E07000134,North West Leicestershire,All other sexual orientations,5,104700,0.004775549188156638
E07000134,North West Leicestershire,Not answered,0,104700,0
E07000134,North West Leicestershire,Not answered,4705,104700,4.493791786055397
E07000134,North West Leicestershire,Not answered,252,104700,0.24068767908309455
E07000134,North West Leicestershire,Not answered,89,104700,0.08500477554918816
E07000134,North West Leicestershire,Not answered,180,104700,0.17191977077363896
E07000135,Oadby and Wigston,Does not apply,0,57700,0
E07000135,Oadby and Wigston,Does not apply,0,57700,0
E07000135,Oadby and Wigston,Does not apply,0,57700,0
E07000135,Oadby and Wigston,Does not apply,0,57700,0
E07000135,Oadby and Wigston,Does not apply,0,57700,0
E07000135,Oadby and Wigston,Straight or Heterosexual,0,57700,0
E07000135,Oadby and Wigston,Straight or Heterosexual,37773,57700,65.46447140381282
E07000135,Oadby and Wigston,Straight or Heterosexual,2442,57700,4.232235701906412
E07000135,Oadby and Wigston,Straight or Heterosexual,984,57700,1.7053726169844021
E07000135,Oadby and Wigston,Straight or Heterosexual,1359,57700,2.3552859618717505
E07000135,Oadby and Wigston,Gay or Lesbian,0,57700,0
E07000135,Oadby and Wigston,Gay or Lesbian,383,57700,0.6637781629116117
E07000135,Oadby and Wigston,Gay or Lesbian,26,57700,0.045060658578856154
E07000135,Oadby and Wigston,Gay or Lesbian,7,57700,0.012131715771230503
E07000135,Oadby and Wigston,Gay or Lesbian,6,57700,0.010398613518197574
E07000135,Oadby and Wigston,Bisexual,0,57700,0
E07000135,Oadby and Wigston,Bisexual,382,57700,0.6620450606585788
E07000135,Oadby and Wigston,Bisexual,24,57700,0.0415944540727903
E07000135,Oadby and Wigston,Bisexual,10,57700,0.01733102253032929
E07000135,Oadby and Wigston,Bisexual,12,57700,0.02079722703639515
E07000135,Oadby and Wigston,All other sexual orientations,0,57700,0
E07000135,Oadby and Wigston,All other sexual orientations,110,57700,0.19064124783362218
E07000135,Oadby and Wigston,All other sexual orientations,6,57700,0.010398613518197574
E07000135,Oadby and Wigston,All other sexual orientations,2,57700,0.0034662045060658577
E07000135,Oadby and Wigston,All other sexual orientations,2,57700,0.0034662045060658577
E07000135,Oadby and Wigston,Not answered,0,57700,0
E07000135,Oadby and Wigston,Not answered,3337,57700,5.7833622183708835
E07000135,Oadby and Wigston,Not answered,164,57700,0.28422876949740034
E07000135,Oadby and Wigston,Not answered,80,57700,0.1386481802426343
E07000135,Oadby and Wigston,Not answered,101,57700,0.17504332755632582
E07000136,Boston,Does not apply,0,70500,0
E07000136,Boston,Does not apply,0,70500,0
E07000136,Boston,Does not apply,0,70500,0
E07000136,Boston,Does not apply,0,70500,0
E07000136,Boston,Does not apply,0,70500,0
E07000136,Boston,Straight or Heterosexual,0,70500,0
E07000136,Boston,Straight or Heterosexual,45632,70500,64.72624113475177
E07000136,Boston,Straight or Heterosexual,2199,70500,3.119148936170213
E07000136,Boston,Straight or Heterosexual,1134,70500,1.6085106382978724
E07000136,Boston,Straight or Heterosexual,1790,70500,2.5390070921985815
E07000136,Boston,Gay or Lesbian,0,70500,0
E07000136,Boston,Gay or Lesbian,487,70500,0.6907801418439716
E07000136,Boston,Gay or Lesbian,39,70500,0.05531914893617021
E07000136,Boston,Gay or Lesbian,18,70500,0.02553191489361702
E07000136,Boston,Gay or Lesbian,23,70500,0.032624113475177303
E07000136,Boston,Bisexual,0,70500,0
E07000136,Boston,Bisexual,438,70500,0.6212765957446809
E07000136,Boston,Bisexual,24,70500,0.03404255319148936
E07000136,Boston,Bisexual,12,70500,0.01702127659574468
E07000136,Boston,Bisexual,19,70500,0.02695035460992908
E07000136,Boston,All other sexual orientations,0,70500,0
E07000136,Boston,All other sexual orientations,173,70500,0.2453900709219858
E07000136,Boston,All other sexual orientations,5,70500,0.0070921985815602835
E07000136,Boston,All other sexual orientations,4,70500,0.005673758865248227
E07000136,Boston,All other sexual orientations,3,70500,0.00425531914893617
E07000136,Boston,Not answered,0,70500,0
E07000136,Boston,Not answered,5130,70500,7.276595744680851
E07000136,Boston,Not answered,164,70500,0.2326241134751773
E07000136,Boston,Not answered,97,70500,0.1375886524822695
E07000136,Boston,Not answered,191,70500,0.27092198581560284
E07000137,East Lindsey,Does not apply,0,142300,0
E07000137,East Lindsey,Does not apply,0,142300,0
E07000137,East Lindsey,Does not apply,0,142300,0
E07000137,East Lindsey,Does not apply,0,142300,0
E07000137,East Lindsey,Does not apply,0,142300,0
E07000137,East Lindsey,Straight or Heterosexual,0,142300,0
E07000137,East Lindsey,Straight or Heterosexual,94694,142300,66.54532677442023
E07000137,East Lindsey,Straight or Heterosexual,5554,142300,3.903021784961349
E07000137,East Lindsey,Straight or Heterosexual,3163,142300,2.2227687983134223
E07000137,East Lindsey,Straight or Heterosexual,5710,142300,4.012649332396346
E07000137,East Lindsey,Gay or Lesbian,0,142300,0
E07000137,East Lindsey,Gay or Lesbian,1267,142300,0.8903724525650035
E07000137,East Lindsey,Gay or Lesbian,92,142300,0.0646521433591005
E07000137,East Lindsey,Gay or Lesbian,46,142300,0.03232607167955025
E07000137,East Lindsey,Gay or Lesbian,56,142300,0.03935347856640899
E07000137,East Lindsey,Bisexual,0,142300,0
E07000137,East Lindsey,Bisexual,873,142300,0.6134926212227688
E07000137,East Lindsey,Bisexual,66,142300,0.046380885453267746
E07000137,East Lindsey,Bisexual,33,142300,0.023190442726633873
E07000137,East Lindsey,Bisexual,47,142300,0.03302881236823612
E07000137,East Lindsey,All other sexual orientations,0,142300,0
E07000137,East Lindsey,All other sexual orientations,186,142300,0.13070976809557272
E07000137,East Lindsey,All other sexual orientations,16,142300,0.011243851018973999
E07000137,East Lindsey,All other sexual orientations,13,142300,0.009135628952916374
E07000137,East Lindsey,All other sexual orientations,6,142300,0.004216444132115249
E07000137,East Lindsey,Not answered,0,142300,0
E07000137,East Lindsey,Not answered,8447,142300,5.936050597329586
E07000137,East Lindsey,Not answered,397,142300,0.27898805340829236
E07000137,East Lindsey,Not answered,204,142300,0.1433591004919185
E07000137,East Lindsey,Not answered,548,142300,0.38510189739985945
E07000138,Lincoln,Does not apply,0,103900,0
E07000138,Lincoln,Does not apply,0,103900,0
E07000138,Lincoln,Does not apply,0,103900,0
E07000138,Lincoln,Does not apply,0,103900,0
E07000138,Lincoln,Does not apply,0,103900,0
E07000138,Lincoln,Straight or Heterosexual,0,103900,0
E07000138,Lincoln,Straight or Heterosexual,67084,103900,64.56592877767083
E07000138,Lincoln,Straight or Heterosexual,2914,103900,2.804619826756497
E07000138,Lincoln,Straight or Heterosexual,1454,103900,1.399422521655438
E07000138,Lincoln,Straight or Heterosexual,2328,103900,2.240615976900866
E07000138,Lincoln,Gay or Lesbian,0,103900,0
E07000138,Lincoln,Gay or Lesbian,1741,103900,1.6756496631376323
E07000138,Lincoln,Gay or Lesbian,79,103900,0.07603464870067372
E07000138,Lincoln,Gay or Lesbian,28,103900,0.026948989412897015
E07000138,Lincoln,Gay or Lesbian,32,103900,0.030798845043310877
E07000138,Lincoln,Bisexual,0,103900,0
E07000138,Lincoln,Bisexual,2771,103900,2.6669874879692013
E07000138,Lincoln,Bisexual,112,103900,0.10779595765158806
E07000138,Lincoln,Bisexual,37,103900,0.0356111645813282
E07000138,Lincoln,Bisexual,54,103900,0.0519730510105871
E07000138,Lincoln,All other sexual orientations,0,103900,0
E07000138,Lincoln,All other sexual orientations,615,103900,0.591915303176131
E07000138,Lincoln,All other sexual orientations,27,103900,0.02598652550529355
E07000138,Lincoln,All other sexual orientations,8,103900,0.007699711260827719
E07000138,Lincoln,All other sexual orientations,18,103900,0.017324350336862367
E07000138,Lincoln,Not answered,0,103900,0
E07000138,Lincoln,Not answered,7191,103900,6.9210779595765155
E07000138,Lincoln,Not answered,253,103900,0.2435033686236766
E07000138,Lincoln,Not answered,121,103900,0.11645813282001925
E07000138,Lincoln,Not answered,200,103900,0.19249278152069296
E07000139,North Kesteven,Does not apply,0,118000,0
E07000139,North Kesteven,Does not apply,0,118000,0
E07000139,North Kesteven,Does not apply,0,118000,0
E07000139,North Kesteven,Does not apply,0,118000,0
E07000139,North Kesteven,Does not apply,0,118000,0
E07000139,North Kesteven,Straight or Heterosexual,0,118000,0
E07000139,North Kesteven,Straight or Heterosexual,79977,118000,67.7771186440678
E07000139,North Kesteven,Straight or Heterosexual,4600,118000,3.8983050847457625
E07000139,North Kesteven,Straight or Heterosexual,1784,118000,1.511864406779661
E07000139,North Kesteven,Straight or Heterosexual,3132,118000,2.6542372881355933
E07000139,North Kesteven,Gay or Lesbian,0,118000,0
E07000139,North Kesteven,Gay or Lesbian,984,118000,0.8338983050847457
E07000139,North Kesteven,Gay or Lesbian,65,118000,0.05508474576271186
E07000139,North Kesteven,Gay or Lesbian,18,118000,0.015254237288135594
E07000139,North Kesteven,Gay or Lesbian,26,118000,0.022033898305084745
E07000139,North Kesteven,Bisexual,0,118000,0
E07000139,North Kesteven,Bisexual,828,118000,0.7016949152542373
E07000139,North Kesteven,Bisexual,51,118000,0.043220338983050846
E07000139,North Kesteven,Bisexual,28,118000,0.023728813559322035
E07000139,North Kesteven,Bisexual,33,118000,0.027966101694915254
E07000139,North Kesteven,All other sexual orientations,0,118000,0
E07000139,North Kesteven,All other sexual orientations,167,118000,0.14152542372881355
E07000139,North Kesteven,All other sexual orientations,16,118000,0.013559322033898305
E07000139,North Kesteven,All other sexual orientations,6,118000,0.005084745762711864
E07000139,North Kesteven,All other sexual orientations,11,118000,0.009322033898305085
E07000139,North Kesteven,Not answered,0,118000,0
E07000139,North Kesteven,Not answered,5653,118000,4.790677966101695
E07000139,North Kesteven,Not answered,280,118000,0.23728813559322035
E07000139,North Kesteven,Not answered,109,118000,0.0923728813559322
E07000139,North Kesteven,Not answered,249,118000,0.21101694915254238
E07000140,South Holland,Does not apply,0,95100,0
E07000140,South Holland,Does not apply,0,95100,0
E07000140,South Holland,Does not apply,0,95100,0
E07000140,South Holland,Does not apply,0,95100,0
E07000140,South Holland,Does not apply,0,95100,0
E07000140,South Holland,Straight or Heterosexual,0,95100,0
E07000140,South Holland,Straight or Heterosexual,62942,95100,66.1850683491062
E07000140,South Holland,Straight or Heterosexual,3403,95100,3.5783385909568874
E07000140,South Holland,Straight or Heterosexual,1502,95100,1.5793901156677181
E07000140,South Holland,Straight or Heterosexual,2674,95100,2.8117770767613037
E07000140,South Holland,Gay or Lesbian,0,95100,0
E07000140,South Holland,Gay or Lesbian,626,95100,0.658254468980021
E07000140,South Holland,Gay or Lesbian,45,95100,0.0473186119873817
E07000140,South Holland,Gay or Lesbian,23,95100,0.024185068349106203
E07000140,South Holland,Gay or Lesbian,26,95100,0.027339642481598318
E07000140,South Holland,Bisexual,0,95100,0
E07000140,South Holland,Bisexual,584,95100,0.6140904311251314
E07000140,South Holland,Bisexual,32,95100,0.033648790746582544
E07000140,South Holland,Bisexual,26,95100,0.027339642481598318
E07000140,South Holland,Bisexual,20,95100,0.02103049421661409
E07000140,South Holland,All other sexual orientations,0,95100,0
E07000140,South Holland,All other sexual orientations,157,95100,0.1650893796004206
E07000140,South Holland,All other sexual orientations,8,95100,0.008412197686645636
E07000140,South Holland,All other sexual orientations,7,95100,0.007360672975814932
E07000140,South Holland,All other sexual orientations,9,95100,0.00946372239747634
E07000140,South Holland,Not answered,0,95100,0
E07000140,South Holland,Not answered,6342,95100,6.668769716088328
E07000140,South Holland,Not answered,227,95100,0.2386961093585699
E07000140,South Holland,Not answered,110,95100,0.1156677181913775
E07000140,South Holland,Not answered,232,95100,0.24395373291272346
E07000141,South Kesteven,Does not apply,0,143400,0
E07000141,South Kesteven,Does not apply,0,143400,0
E07000141,South Kesteven,Does not apply,0,143400,0
E07000141,South Kesteven,Does not apply,0,143400,0
E07000141,South Kesteven,Does not apply,0,143400,0
E07000141,South Kesteven,Straight or Heterosexual,0,143400,0
E07000141,South Kesteven,Straight or Heterosexual,96577,143400,67.34797768479777
E07000141,South Kesteven,Straight or Heterosexual,5709,143400,3.981171548117155
E07000141,South Kesteven,Straight or Heterosexual,2009,143400,1.400976290097629
E07000141,South Kesteven,Straight or Heterosexual,3386,143400,2.3612273361227336
E07000141,South Kesteven,Gay or Lesbian,0,143400,0
E07000141,South Kesteven,Gay or Lesbian,1119,143400,0.7803347280334728
E07000141,South Kesteven,Gay or Lesbian,68,143400,0.04741980474198047
E07000141,South Kesteven,Gay or Lesbian,31,143400,0.021617852161785217
E07000141,South Kesteven,Gay or Lesbian,27,143400,0.01882845188284519
E07000141,South Kesteven,Bisexual,0,143400,0
E07000141,South Kesteven,Bisexual,1022,143400,0.7126917712691772
E07000141,South Kesteven,Bisexual,54,143400,0.03765690376569038
E07000141,South Kesteven,Bisexual,36,143400,0.02510460251046025
E07000141,South Kesteven,Bisexual,34,143400,0.023709902370990237
E07000141,South Kesteven,All other sexual orientations,0,143400,0
E07000141,South Kesteven,All other sexual orientations,192,143400,0.13389121338912133
E07000141,South Kesteven,All other sexual orientations,10,143400,0.00697350069735007
E07000141,South Kesteven,All other sexual orientations,4,143400,0.002789400278940028
E07000141,South Kesteven,All other sexual orientations,11,143400,0.007670850767085077
E07000141,South Kesteven,Not answered,0,143400,0
E07000141,South Kesteven,Not answered,7019,143400,4.894700139470014
E07000141,South Kesteven,Not answered,306,143400,0.21338912133891214
E07000141,South Kesteven,Not answered,136,143400,0.09483960948396095
E07000141,South Kesteven,Not answered,258,143400,0.1799163179916318
E07000142,West Lindsey,Does not apply,0,95200,0
E07000142,West Lindsey,Does not apply,0,95200,0
E07000142,West Lindsey,Does not apply,0,95200,0
E07000142,West Lindsey,Does not apply,0,95200,0
E07000142,West Lindsey,Does not apply,0,95200,0
E07000142,West Lindsey,Straight or Heterosexual,0,95200,0
E07000142,West Lindsey,Straight or Heterosexual,63995,95200,67.22163865546219
E07000142,West Lindsey,Straight or Heterosexual,3965,95200,4.1649159663865545
E07000142,West Lindsey,Straight or Heterosexual,1551,95200,1.629201680672269
E07000142,West Lindsey,Straight or Heterosexual,2656,95200,2.7899159663865545
E07000142,West Lindsey,Gay or Lesbian,0,95200,0
E07000142,West Lindsey,Gay or Lesbian,744,95200,0.7815126050420168
E07000142,West Lindsey,Gay or Lesbian,56,95200,0.058823529411764705
E07000142,West Lindsey,Gay or Lesbian,31,95200,0.032563025210084036
E07000142,West Lindsey,Gay or Lesbian,31,95200,0.032563025210084036
E07000142,West Lindsey,Bisexual,0,95200,0
E07000142,West Lindsey,Bisexual,694,95200,0.7289915966386554
E07000142,West Lindsey,Bisexual,50,95200,0.052521008403361345
E07000142,West Lindsey,Bisexual,23,95200,0.02415966386554622
E07000142,West Lindsey,Bisexual,35,95200,0.03676470588235294
E07000142,West Lindsey,All other sexual orientations,0,95200,0
E07000142,West Lindsey,All other sexual orientations,137,95200,0.14390756302521007
E07000142,West Lindsey,All other sexual orientations,15,95200,0.015756302521008403
E07000142,West Lindsey,All other sexual orientations,6,95200,0.0063025210084033615
E07000142,West Lindsey,All other sexual orientations,4,95200,0.004201680672268907
E07000142,West Lindsey,Not answered,0,95200,0
E07000142,West Lindsey,Not answered,4615,95200,4.847689075630252
E07000142,West Lindsey,Not answered,225,95200,0.23634453781512604
E07000142,West Lindsey,Not answered,104,95200,0.1092436974789916
E07000142,West Lindsey,Not answered,178,95200,0.1869747899159664
E07000143,Breckland,Does not apply,0,141500,0
E07000143,Breckland,Does not apply,0,141500,0
E07000143,Breckland,Does not apply,0,141500,0
E07000143,Breckland,Does not apply,0,141500,0
E07000143,Breckland,Does not apply,0,141500,0
E07000143,Breckland,Straight or Heterosexual,0,141500,0
E07000143,Breckland,Straight or Heterosexual,95235,141500,67.30388692579506
E07000143,Breckland,Straight or Heterosexual,5143,141500,3.634628975265018
E07000143,Breckland,Straight or Heterosexual,2245,141500,1.5865724381625441
E07000143,Breckland,Straight or Heterosexual,3678,141500,2.599293286219081
E07000143,Breckland,Gay or Lesbian,0,141500,0
E07000143,Breckland,Gay or Lesbian,1142,141500,0.8070671378091873
E07000143,Breckland,Gay or Lesbian,85,141500,0.06007067137809187
E07000143,Breckland,Gay or Lesbian,29,141500,0.02049469964664311
E07000143,Breckland,Gay or Lesbian,40,141500,0.028268551236749116
E07000143,Breckland,Bisexual,0,141500,0
E07000143,Breckland,Bisexual,1058,141500,0.7477031802120141
E07000143,Breckland,Bisexual,69,141500,0.04876325088339223
E07000143,Breckland,Bisexual,32,141500,0.022614840989399292
E07000143,Breckland,Bisexual,43,141500,0.0303886925795053
E07000143,Breckland,All other sexual orientations,0,141500,0
E07000143,Breckland,All other sexual orientations,228,141500,0.16113074204946998
E07000143,Breckland,All other sexual orientations,17,141500,0.012014134275618375
E07000143,Breckland,All other sexual orientations,8,141500,0.005653710247349823
E07000143,Breckland,All other sexual orientations,13,141500,0.009187279151943463
E07000143,Breckland,Not answered,0,141500,0
E07000143,Breckland,Not answered,7973,141500,5.634628975265017
E07000143,Breckland,Not answered,359,141500,0.25371024734982334
E07000143,Breckland,Not answered,176,141500,0.12438162544169612
E07000143,Breckland,Not answered,283,141500,0.2
E07000144,Broadland,Does not apply,0,131700,0
E07000144,Broadland,Does not apply,0,131700,0
E07000144,Broadland,Does not apply,0,131700,0
E07000144,Broadland,Does not apply,0,131700,0
E07000144,Broadland,Does not apply,0,131700,0
E07000144,Broadland,Straight or Heterosexual,0,131700,0
E07000144,Broadland,Straight or Heterosexual,90316,131700,68.57706909643129
E07000144,Broadland,Straight or Heterosexual,5886,131700,4.469248291571754
E07000144,Broadland,Straight or Heterosexual,1761,131700,1.3371298405466971
E07000144,Broadland,Straight or Heterosexual,2977,131700,2.2604403948367504
E07000144,Broadland,Gay or Lesbian,0,131700,0
E07000144,Broadland,Gay or Lesbian,1129,131700,0.8572513287775246
E07000144,Broadland,Gay or Lesbian,82,131700,0.06226271829916477
E07000144,Broadland,Gay or Lesbian,33,131700,0.025056947608200455
E07000144,Broadland,Gay or Lesbian,33,131700,0.025056947608200455
E07000144,Broadland,Bisexual,0,131700,0
E07000144,Broadland,Bisexual,864,131700,0.6560364464692483
E07000144,Broadland,Bisexual,48,131700,0.03644646924829157
E07000144,Broadland,Bisexual,21,131700,0.015945330296127564
E07000144,Broadland,Bisexual,32,131700,0.024297646165527716
E07000144,Broadland,All other sexual orientations,0,131700,0
E07000144,Broadland,All other sexual orientations,186,131700,0.14123006833712984
E07000144,Broadland,All other sexual orientations,11,131700,0.008352315869400152
E07000144,Broadland,All other sexual orientations,8,131700,0.006074411541381929
E07000144,Broadland,All other sexual orientations,8,131700,0.006074411541381929
E07000144,Broadland,Not answered,0,131700,0
E07000144,Broadland,Not answered,6425,131700,4.878511769172362
E07000144,Broadland,Not answered,336,131700,0.255125284738041
E07000144,Broadland,Not answered,142,131700,0.10782080485952923
E07000144,Broadland,Not answered,206,131700,0.15641609719058466
E07000145,Great Yarmouth,Does not apply,0,99800,0
E07000145,Great Yarmouth,Does not apply,0,99800,0
E07000145,Great Yarmouth,Does not apply,0,99800,0
E07000145,Great Yarmouth,Does not apply,0,99800,0
E07000145,Great Yarmouth,Does not apply,0,99800,0
E07000145,Great Yarmouth,Straight or Heterosexual,0,99800,0
E07000145,Great Yarmouth,Straight or Heterosexual,65345,99800,65.47595190380761
E07000145,Great Yarmouth,Straight or Heterosexual,3400,99800,3.406813627254509
E07000145,Great Yarmouth,Straight or Heterosexual,2047,99800,2.0511022044088176
E07000145,Great Yarmouth,Straight or Heterosexual,3225,99800,3.2314629258517034
E07000145,Great Yarmouth,Gay or Lesbian,0,99800,0
E07000145,Great Yarmouth,Gay or Lesbian,947,99800,0.9488977955911824
E07000145,Great Yarmouth,Gay or Lesbian,57,99800,0.05711422845691383
E07000145,Great Yarmouth,Gay or Lesbian,37,99800,0.03707414829659319
E07000145,Great Yarmouth,Gay or Lesbian,38,99800,0.03807615230460922
E07000145,Great Yarmouth,Bisexual,0,99800,0
E07000145,Great Yarmouth,Bisexual,752,99800,0.7535070140280561
E07000145,Great Yarmouth,Bisexual,54,99800,0.05410821643286573
E07000145,Great Yarmouth,Bisexual,38,99800,0.03807615230460922
E07000145,Great Yarmouth,Bisexual,37,99800,0.03707414829659319
E07000145,Great Yarmouth,All other sexual orientations,0,99800,0
E07000145,Great Yarmouth,All other sexual orientations,260,99800,0.2605210420841683
E07000145,Great Yarmouth,All other sexual orientations,18,99800,0.018036072144288578
E07000145,Great Yarmouth,All other sexual orientations,6,99800,0.006012024048096192
E07000145,Great Yarmouth,All other sexual orientations,8,99800,0.008016032064128256
E07000145,Great Yarmouth,Not answered,0,99800,0
E07000145,Great Yarmouth,Not answered,5751,99800,5.7625250501002006
E07000145,Great Yarmouth,Not answered,235,99800,0.23547094188376755
E07000145,Great Yarmouth,Not answered,176,99800,0.17635270541082165
E07000145,Great Yarmouth,Not answered,288,99800,0.28857715430861725
E07000146,King's Lynn and West Norfolk,Does not apply,0,154300,0
E07000146,King's Lynn and West Norfolk,Does not apply,0,154300,0
E07000146,King's Lynn and West Norfolk,Does not apply,0,154300,0
E07000146,King's Lynn and West Norfolk,Does not apply,0,154300,0
E07000146,King's Lynn and West Norfolk,Does not apply,0,154300,0
E07000146,King's Lynn and West Norfolk,Straight or Heterosexual,0,154300,0
E07000146,King's Lynn and West Norfolk,Straight or Heterosexual,103341,154300,66.97407647440052
E07000146,King's Lynn and West Norfolk,Straight or Heterosexual,5841,154300,3.7854828256642903
E07000146,King's Lynn and West Norfolk,Straight or Heterosexual,2478,154300,1.6059624108878807
E07000146,King's Lynn and West Norfolk,Straight or Heterosexual,4410,154300,2.8580686973428384
E07000146,King's Lynn and West Norfolk,Gay or Lesbian,0,154300,0
E07000146,King's Lynn and West Norfolk,Gay or Lesbian,1248,154300,0.8088139987038238
E07000146,King's Lynn and West Norfolk,Gay or Lesbian,82,154300,0.053143227478937134
E07000146,King's Lynn and West Norfolk,Gay or Lesbian,30,154300,0.019442644199611146
E07000146,King's Lynn and West Norfolk,Gay or Lesbian,65,154300,0.04212572909915749
E07000146,King's Lynn and West Norfolk,Bisexual,0,154300,0
E07000146,King's Lynn and West Norfolk,Bisexual,1065,154300,0.6902138690861958
E07000146,King's Lynn and West Norfolk,Bisexual,63,154300,0.04082955281918341
E07000146,King's Lynn and West Norfolk,Bisexual,31,154300,0.020090732339598186
E07000146,King's Lynn and West Norfolk,Bisexual,42,154300,0.027219701879455604
E07000146,King's Lynn and West Norfolk,All other sexual orientations,0,154300,0
E07000146,King's Lynn and West Norfolk,All other sexual orientations,252,154300,0.16331821127673363
E07000146,King's Lynn and West Norfolk,All other sexual orientations,19,154300,0.012313674659753726
E07000146,King's Lynn and West Norfolk,All other sexual orientations,9,154300,0.005832793259883344
E07000146,King's Lynn and West Norfolk,All other sexual orientations,11,154300,0.007128969539857421
E07000146,King's Lynn and West Norfolk,Not answered,0,154300,0
E07000146,King's Lynn and West Norfolk,Not answered,8906,154300,5.7718729747245625
E07000146,King's Lynn and West Norfolk,Not answered,411,154300,0.2663642255346727
E07000146,King's Lynn and West Norfolk,Not answered,207,154300,0.13415424497731693
E07000146,King's Lynn and West Norfolk,Not answered,381,154300,0.24692158133506156
E07000147,North Norfolk,Does not apply,0,103000,0
E07000147,North Norfolk,Does not apply,0,103000,0
E07000147,North Norfolk,Does not apply,0,103000,0
E07000147,North Norfolk,Does not apply,0,103000,0
E07000147,North Norfolk,Does not apply,0,103000,0
E07000147,North Norfolk,Straight or Heterosexual,0,103000,0
E07000147,North Norfolk,Straight or Heterosexual,70574,103000,68.51844660194175
E07000147,North Norfolk,Straight or Heterosexual,4449,103000,4.319417475728155
E07000147,North Norfolk,Straight or Heterosexual,1676,103000,1.6271844660194175
E07000147,North Norfolk,Straight or Heterosexual,2935,103000,2.849514563106796
E07000147,North Norfolk,Gay or Lesbian,0,103000,0
E07000147,North Norfolk,Gay or Lesbian,1035,103000,1.0048543689320388
E07000147,North Norfolk,Gay or Lesbian,89,103000,0.08640776699029126
E07000147,North Norfolk,Gay or Lesbian,25,103000,0.024271844660194174
E07000147,North Norfolk,Gay or Lesbian,35,103000,0.03398058252427184
E07000147,North Norfolk,Bisexual,0,103000,0
E07000147,North Norfolk,Bisexual,760,103000,0.7378640776699029
E07000147,North Norfolk,Bisexual,57,103000,0.05533980582524272
E07000147,North Norfolk,Bisexual,20,103000,0.019417475728155338
E07000147,North Norfolk,Bisexual,22,103000,0.021359223300970873
E07000147,North Norfolk,All other sexual orientations,0,103000,0
E07000147,North Norfolk,All other sexual orientations,155,103000,0.15048543689320387
E07000147,North Norfolk,All other sexual orientations,20,103000,0.019417475728155338
E07000147,North Norfolk,All other sexual orientations,4,103000,0.003883495145631068
E07000147,North Norfolk,All other sexual orientations,13,103000,0.01262135922330097
E07000147,North Norfolk,Not answered,0,103000,0
E07000147,North Norfolk,Not answered,6525,103000,6.334951456310679
E07000147,North Norfolk,Not answered,325,103000,0.3155339805825243
E07000147,North Norfolk,Not answered,140,103000,0.13592233009708737
E07000147,North Norfolk,Not answered,286,103000,0.27766990291262134
E07000148,Norwich,Does not apply,0,144000,0
E07000148,Norwich,Does not apply,0,144000,0
E07000148,Norwich,Does not apply,0,144000,0
E07000148,Norwich,Does not apply,0,144000,0
E07000148,Norwich,Does not apply,0,144000,0
E07000148,Norwich,Straight or Heterosexual,0,144000,0
E07000148,Norwich,Straight or Heterosexual,92593,144000,64.30069444444445
E07000148,Norwich,Straight or Heterosexual,4321,144000,3.0006944444444446
E07000148,Norwich,Straight or Heterosexual,1870,144000,1.2986111111111112
E07000148,Norwich,Straight or Heterosexual,2693,144000,1.8701388888888888
E07000148,Norwich,Gay or Lesbian,0,144000,0
E07000148,Norwich,Gay or Lesbian,2750,144000,1.9097222222222223
E07000148,Norwich,Gay or Lesbian,160,144000,0.1111111111111111
E07000148,Norwich,Gay or Lesbian,53,144000,0.03680555555555556
E07000148,Norwich,Gay or Lesbian,62,144000,0.043055555555555555
E07000148,Norwich,Bisexual,0,144000,0
E07000148,Norwich,Bisexual,4342,144000,3.015277777777778
E07000148,Norwich,Bisexual,239,144000,0.16597222222222222
E07000148,Norwich,Bisexual,63,144000,0.04375
E07000148,Norwich,Bisexual,55,144000,0.03819444444444445
E07000148,Norwich,All other sexual orientations,0,144000,0
E07000148,Norwich,All other sexual orientations,1011,144000,0.7020833333333333
E07000148,Norwich,All other sexual orientations,70,144000,0.04861111111111111
E07000148,Norwich,All other sexual orientations,21,144000,0.014583333333333334
E07000148,Norwich,All other sexual orientations,16,144000,0.011111111111111112
E07000148,Norwich,Not answered,0,144000,0
E07000148,Norwich,Not answered,9666,144000,6.7125
E07000148,Norwich,Not answered,369,144000,0.25625
E07000148,Norwich,Not answered,166,144000,0.11527777777777778
E07000148,Norwich,Not answered,242,144000,0.16805555555555557
E07000149,South Norfolk,Does not apply,0,141900,0
E07000149,South Norfolk,Does not apply,0,141900,0
E07000149,South Norfolk,Does not apply,0,141900,0
E07000149,South Norfolk,Does not apply,0,141900,0
E07000149,South Norfolk,Does not apply,0,141900,0
E07000149,South Norfolk,Straight or Heterosexual,0,141900,0
E07000149,South Norfolk,Straight or Heterosexual,95668,141900,67.41930937279774
E07000149,South Norfolk,Straight or Heterosexual,6113,141900,4.307963354474983
E07000149,South Norfolk,Straight or Heterosexual,1830,141900,1.2896405919661733
E07000149,South Norfolk,Straight or Heterosexual,3045,141900,2.145877378435518
E07000149,South Norfolk,Gay or Lesbian,0,141900,0
E07000149,South Norfolk,Gay or Lesbian,1280,141900,0.9020436927413672
E07000149,South Norfolk,Gay or Lesbian,100,141900,0.07047216349541931
E07000149,South Norfolk,Gay or Lesbian,33,141900,0.023255813953488372
E07000149,South Norfolk,Gay or Lesbian,40,141900,0.028188865398167725
E07000149,South Norfolk,Bisexual,0,141900,0
E07000149,South Norfolk,Bisexual,1046,141900,0.7371388301620859
E07000149,South Norfolk,Bisexual,69,141900,0.048625792811839326
E07000149,South Norfolk,Bisexual,23,141900,0.01620859760394644
E07000149,South Norfolk,Bisexual,36,141900,0.02536997885835095
E07000149,South Norfolk,All other sexual orientations,0,141900,0
E07000149,South Norfolk,All other sexual orientations,214,141900,0.15081042988019733
E07000149,South Norfolk,All other sexual orientations,24,141900,0.016913319238900635
E07000149,South Norfolk,All other sexual orientations,4,141900,0.0028188865398167725
E07000149,South Norfolk,All other sexual orientations,10,141900,0.007047216349541931
E07000149,South Norfolk,Not answered,0,141900,0
E07000149,South Norfolk,Not answered,6933,141900,4.885835095137421
E07000149,South Norfolk,Not answered,377,141900,0.2656800563777308
E07000149,South Norfolk,Not answered,126,141900,0.08879492600422834
E07000149,South Norfolk,Not answered,252,141900,0.17758985200845667
E07000163,Craven,Does not apply,0,56900,0
E07000163,Craven,Does not apply,0,56900,0
E07000163,Craven,Does not apply,0,56900,0
E07000163,Craven,Does not apply,0,56900,0
E07000163,Craven,Does not apply,0,56900,0
E07000163,Craven,Straight or Heterosexual,0,56900,0
E07000163,Craven,Straight or Heterosexual,39511,56900,69.43936731107206
E07000163,Craven,Straight or Heterosexual,2654,56900,4.664323374340949
E07000163,Craven,Straight or Heterosexual,773,56900,1.358523725834798
E07000163,Craven,Straight or Heterosexual,1143,56900,2.008787346221441
E07000163,Craven,Gay or Lesbian,0,56900,0
E07000163,Craven,Gay or Lesbian,470,56900,0.8260105448154658
E07000163,Craven,Gay or Lesbian,34,56900,0.05975395430579965
E07000163,Craven,Gay or Lesbian,20,56900,0.0351493848857645
E07000163,Craven,Gay or Lesbian,10,56900,0.01757469244288225
E07000163,Craven,Bisexual,0,56900,0
E07000163,Craven,Bisexual,361,56900,0.6344463971880492
E07000163,Craven,Bisexual,28,56900,0.0492091388400703
E07000163,Craven,Bisexual,8,56900,0.014059753954305799
E07000163,Craven,Bisexual,9,56900,0.015817223198594025
E07000163,Craven,All other sexual orientations,0,56900,0
E07000163,Craven,All other sexual orientations,78,56900,0.13708260105448156
E07000163,Craven,All other sexual orientations,11,56900,0.019332161687170474
E07000163,Craven,All other sexual orientations,4,56900,0.007029876977152899
E07000163,Craven,All other sexual orientations,3,56900,0.005272407732864675
E07000163,Craven,Not answered,0,56900,0
E07000163,Craven,Not answered,2858,56900,5.022847100175747
E07000163,Craven,Not answered,169,56900,0.29701230228471004
E07000163,Craven,Not answered,63,56900,0.11072056239015818
E07000163,Craven,Not answered,82,56900,0.14411247803163443
E07000164,Hambleton,Does not apply,0,90700,0
E07000164,Hambleton,Does not apply,0,90700,0
E07000164,Hambleton,Does not apply,0,90700,0
E07000164,Hambleton,Does not apply,0,90700,0
E07000164,Hambleton,Does not apply,0,90700,0
E07000164,Hambleton,Straight or Heterosexual,0,90700,0
E07000164,Hambleton,Straight or Heterosexual,63198,90700,69.67805953693495
E07000164,Hambleton,Straight or Heterosexual,4318,90700,4.7607497243660415
E07000164,Hambleton,Straight or Heterosexual,1204,90700,1.3274531422271223
E07000164,Hambleton,Straight or Heterosexual,2098,90700,2.313120176405733
E07000164,Hambleton,Gay or Lesbian,0,90700,0
E07000164,Hambleton,Gay or Lesbian,626,90700,0.6901874310915105
E07000164,Hambleton,Gay or Lesbian,47,90700,0.05181918412348401
E07000164,Hambleton,Gay or Lesbian,11,90700,0.012127894156560088
E07000164,Hambleton,Gay or Lesbian,16,90700,0.017640573318632856
E07000164,Hambleton,Bisexual,0,90700,0
E07000164,Hambleton,Bisexual,499,90700,0.5501653803748622
E07000164,Hambleton,Bisexual,27,90700,0.029768467475192944
E07000164,Hambleton,Bisexual,13,90700,0.014332965821389196
E07000164,Hambleton,Bisexual,12,90700,0.013230429988974642
E07000164,Hambleton,All other sexual orientations,0,90700,0
E07000164,Hambleton,All other sexual orientations,104,90700,0.11466372657111357
E07000164,Hambleton,All other sexual orientations,5,90700,0.005512679162072767
E07000164,Hambleton,All other sexual orientations,4,90700,0.004410143329658214
E07000164,Hambleton,All other sexual orientations,8,90700,0.008820286659316428
E07000164,Hambleton,Not answered,0,90700,0
E07000164,Hambleton,Not answered,4318,90700,4.7607497243660415
E07000164,Hambleton,Not answered,245,90700,0.2701212789415656
E07000164,Hambleton,Not answered,68,90700,0.07497243660418963
E07000164,Hambleton,Not answered,163,90700,0.17971334068357223
E07000165,Harrogate,Does not apply,0,162700,0
E07000165,Harrogate,Does not apply,0,162700,0
E07000165,Harrogate,Does not apply,0,162700,0
E07000165,Harrogate,Does not apply,0,162700,0
E07000165,Harrogate,Does not apply,0,162700,0
E07000165,Harrogate,Straight or Heterosexual,0,162700,0
E07000165,Harrogate,Straight or Heterosexual,111147,162700,68.3140749846343
E07000165,Harrogate,Straight or Heterosexual,6884,162700,4.231100184388445
E07000165,Harrogate,Straight or Heterosexual,1803,162700,1.1081745543945913
E07000165,Harrogate,Straight or Heterosexual,3109,162700,1.910878918254456
E07000165,Harrogate,Gay or Lesbian,0,162700,0
E07000165,Harrogate,Gay or Lesbian,1368,162700,0.8408113091579594
E07000165,Harrogate,Gay or Lesbian,103,162700,0.06330669944683466
E07000165,Harrogate,Gay or Lesbian,43,162700,0.02642901044867855
E07000165,Harrogate,Gay or Lesbian,17,162700,0.010448678549477565
E07000165,Harrogate,Bisexual,0,162700,0
E07000165,Harrogate,Bisexual,1028,162700,0.6318377381684082
E07000165,Harrogate,Bisexual,75,162700,0.046097111247695145
E07000165,Harrogate,Bisexual,20,162700,0.012292562999385371
E07000165,Harrogate,Bisexual,33,162700,0.020282728948985862
E07000165,Harrogate,All other sexual orientations,0,162700,0
E07000165,Harrogate,All other sexual orientations,271,162700,0.16656422864167178
E07000165,Harrogate,All other sexual orientations,15,162700,0.00921942224953903
E07000165,Harrogate,All other sexual orientations,5,162700,0.003073140749846343
E07000165,Harrogate,All other sexual orientations,8,162700,0.004917025199754148
E07000165,Harrogate,Not answered,0,162700,0
E07000165,Harrogate,Not answered,8657,162700,5.320835894283959
E07000165,Harrogate,Not answered,391,162700,0.24031960663798402
E07000165,Harrogate,Not answered,129,162700,0.07928703134603565
E07000165,Harrogate,Not answered,199,162700,0.12231100184388445
E07000166,Richmondshire,Does not apply,0,49700,0
E07000166,Richmondshire,Does not apply,0,49700,0
E07000166,Richmondshire,Does not apply,0,49700,0
E07000166,Richmondshire,Does not apply,0,49700,0
E07000166,Richmondshire,Does not apply,0,49700,0
E07000166,Richmondshire,Straight or Heterosexual,0,49700,0
E07000166,Richmondshire,Straight or Heterosexual,34730,49700,69.87927565392354
E07000166,Richmondshire,Straight or Heterosexual,1974,49700,3.971830985915493
E07000166,Richmondshire,Straight or Heterosexual,650,49700,1.3078470824949697
E07000166,Richmondshire,Straight or Heterosexual,1065,49700,2.142857142857143
E07000166,Richmondshire,Gay or Lesbian,0,49700,0
E07000166,Richmondshire,Gay or Lesbian,403,49700,0.8108651911468813
E07000166,Richmondshire,Gay or Lesbian,32,49700,0.06438631790744467
E07000166,Richmondshire,Gay or Lesbian,10,49700,0.02012072434607646
E07000166,Richmondshire,Gay or Lesbian,5,49700,0.01006036217303823
E07000166,Richmondshire,Bisexual,0,49700,0
E07000166,Richmondshire,Bisexual,320,49700,0.6438631790744467
E07000166,Richmondshire,Bisexual,20,49700,0.04024144869215292
E07000166,Richmondshire,Bisexual,9,49700,0.018108651911468814
E07000166,Richmondshire,Bisexual,18,49700,0.03621730382293763
E07000166,Richmondshire,All other sexual orientations,0,49700,0
E07000166,Richmondshire,All other sexual orientations,57,49700,0.11468812877263582
E07000166,Richmondshire,All other sexual orientations,6,49700,0.012072434607645875
E07000166,Richmondshire,All other sexual orientations,2,49700,0.004024144869215292
E07000166,Richmondshire,All other sexual orientations,2,49700,0.004024144869215292
E07000166,Richmondshire,Not answered,0,49700,0
E07000166,Richmondshire,Not answered,2209,49700,4.44466800804829
E07000166,Richmondshire,Not answered,101,49700,0.20321931589537223
E07000166,Richmondshire,Not answered,50,49700,0.1006036217303823
E07000166,Richmondshire,Not answered,76,49700,0.1529175050301811
E07000167,Ryedale,Does not apply,0,54700,0
E07000167,Ryedale,Does not apply,0,54700,0
E07000167,Ryedale,Does not apply,0,54700,0
E07000167,Ryedale,Does not apply,0,54700,0
E07000167,Ryedale,Does not apply,0,54700,0
E07000167,Ryedale,Straight or Heterosexual,0,54700,0
E07000167,Ryedale,Straight or Heterosexual,37747,54700,69.0073126142596
E07000167,Ryedale,Straight or Heterosexual,2488,54700,4.548446069469835
E07000167,Ryedale,Straight or Heterosexual,728,54700,1.3308957952468008
E07000167,Ryedale,Straight or Heterosexual,1201,54700,2.1956124314442413
E07000167,Ryedale,Gay or Lesbian,0,54700,0
E07000167,Ryedale,Gay or Lesbian,414,54700,0.7568555758683729
E07000167,Ryedale,Gay or Lesbian,29,54700,0.05301645338208409
E07000167,Ryedale,Gay or Lesbian,7,54700,0.012797074954296161
E07000167,Ryedale,Gay or Lesbian,11,54700,0.02010968921389397
E07000167,Ryedale,Bisexual,0,54700,0
E07000167,Ryedale,Bisexual,328,54700,0.5996343692870201
E07000167,Ryedale,Bisexual,29,54700,0.05301645338208409
E07000167,Ryedale,Bisexual,6,54700,0.010968921389396709
E07000167,Ryedale,Bisexual,13,54700,0.02376599634369287
E07000167,Ryedale,All other sexual orientations,0,54700,0
E07000167,Ryedale,All other sexual orientations,75,54700,0.13711151736745886
E07000167,Ryedale,All other sexual orientations,2,54700,0.003656307129798903
E07000167,Ryedale,All other sexual orientations,3,54700,0.005484460694698354
E07000167,Ryedale,All other sexual orientations,1,54700,0.0018281535648994515
E07000167,Ryedale,Not answered,0,54700,0
E07000167,Ryedale,Not answered,2921,54700,5.340036563071298
E07000167,Ryedale,Not answered,164,54700,0.29981718464351004
E07000167,Ryedale,Not answered,53,54700,0.09689213893967093
E07000167,Ryedale,Not answered,104,54700,0.19012797074954296
E07000168,Scarborough,Does not apply,0,108800,0
E07000168,Scarborough,Does not apply,0,108800,0
E07000168,Scarborough,Does not apply,0,108800,0
E07000168,Scarborough,Does not apply,0,108800,0
E07000168,Scarborough,Does not apply,0,108800,0
E07000168,Scarborough,Straight or Heterosexual,0,108800,0
E07000168,Scarborough,Straight or Heterosexual,73605,108800,67.65165441176471
E07000168,Scarborough,Straight or Heterosexual,4384,108800,4.029411764705882
E07000168,Scarborough,Straight or Heterosexual,1885,108800,1.7325367647058822
E07000168,Scarborough,Straight or Heterosexual,3051,108800,2.8042279411764706
E07000168,Scarborough,Gay or Lesbian,0,108800,0
E07000168,Scarborough,Gay or Lesbian,1141,108800,1.0487132352941178
E07000168,Scarborough,Gay or Lesbian,63,108800,0.057904411764705885
E07000168,Scarborough,Gay or Lesbian,47,108800,0.043198529411764705
E07000168,Scarborough,Gay or Lesbian,46,108800,0.042279411764705885
E07000168,Scarborough,Bisexual,0,108800,0
E07000168,Scarborough,Bisexual,860,108800,0.7904411764705882
E07000168,Scarborough,Bisexual,49,108800,0.04503676470588235
E07000168,Scarborough,Bisexual,24,108800,0.022058823529411766
E07000168,Scarborough,Bisexual,32,108800,0.029411764705882353
E07000168,Scarborough,All other sexual orientations,0,108800,0
E07000168,Scarborough,All other sexual orientations,210,108800,0.19301470588235295
E07000168,Scarborough,All other sexual orientations,20,108800,0.01838235294117647
E07000168,Scarborough,All other sexual orientations,11,108800,0.01011029411764706
E07000168,Scarborough,All other sexual orientations,10,108800,0.009191176470588236
E07000168,Scarborough,Not answered,0,108800,0
E07000168,Scarborough,Not answered,5999,108800,5.513786764705882
E07000168,Scarborough,Not answered,273,108800,0.2509191176470588
E07000168,Scarborough,Not answered,142,108800,0.13051470588235295
E07000168,Scarborough,Not answered,257,108800,0.23621323529411764
E07000169,Selby,Does not apply,0,92000,0
E07000169,Selby,Does not apply,0,92000,0
E07000169,Selby,Does not apply,0,92000,0
E07000169,Selby,Does not apply,0,92000,0
E07000169,Selby,Does not apply,0,92000,0
E07000169,Selby,Straight or Heterosexual,0,92000,0
E07000169,Selby,Straight or Heterosexual,62423,92000,67.85108695652174
E07000169,Selby,Straight or Heterosexual,3747,92000,4.072826086956522
E07000169,Selby,Straight or Heterosexual,1297,92000,1.4097826086956522
E07000169,Selby,Straight or Heterosexual,2043,92000,2.2206521739130434
E07000169,Selby,Gay or Lesbian,0,92000,0
E07000169,Selby,Gay or Lesbian,730,92000,0.7934782608695652
E07000169,Selby,Gay or Lesbian,41,92000,0.04456521739130435
E07000169,Selby,Gay or Lesbian,16,92000,0.017391304347826087
E07000169,Selby,Gay or Lesbian,12,92000,0.013043478260869565
E07000169,Selby,Bisexual,0,92000,0
E07000169,Selby,Bisexual,554,92000,0.6021739130434782
E07000169,Selby,Bisexual,54,92000,0.058695652173913045
E07000169,Selby,Bisexual,17,92000,0.018478260869565218
E07000169,Selby,Bisexual,18,92000,0.01956521739130435
E07000169,Selby,All other sexual orientations,0,92000,0
E07000169,Selby,All other sexual orientations,126,92000,0.13695652173913042
E07000169,Selby,All other sexual orientations,3,92000,0.003260869565217391
E07000169,Selby,All other sexual orientations,2,92000,0.002173913043478261
E07000169,Selby,All other sexual orientations,8,92000,0.008695652173913044
E07000169,Selby,Not answered,0,92000,0
E07000169,Selby,Not answered,3967,92000,4.3119565217391305
E07000169,Selby,Not answered,168,92000,0.1826086956521739
E07000169,Selby,Not answered,83,92000,0.09021739130434783
E07000169,Selby,Not answered,121,92000,0.13152173913043477
E07000170,Ashfield,Does not apply,0,126300,0
E07000170,Ashfield,Does not apply,0,126300,0
E07000170,Ashfield,Does not apply,0,126300,0
E07000170,Ashfield,Does not apply,0,126300,0
E07000170,Ashfield,Does not apply,0,126300,0
E07000170,Ashfield,Straight or Heterosexual,0,126300,0
E07000170,Ashfield,Straight or Heterosexual,80817,126300,63.98812351543943
E07000170,Ashfield,Straight or Heterosexual,5623,126300,4.452098178939034
E07000170,Ashfield,Straight or Heterosexual,2670,126300,2.1140142517814726
E07000170,Ashfield,Straight or Heterosexual,4131,126300,3.2707838479809976
E07000170,Ashfield,Gay or Lesbian,0,126300,0
E07000170,Ashfield,Gay or Lesbian,1233,126300,0.9762470308788599
E07000170,Ashfield,Gay or Lesbian,114,126300,0.09026128266033254
E07000170,Ashfield,Gay or Lesbian,53,126300,0.04196357878068092
E07000170,Ashfield,Gay or Lesbian,51,126300,0.040380047505938245
E07000170,Ashfield,Bisexual,0,126300,0
E07000170,Ashfield,Bisexual,851,126300,0.6737925574030087
E07000170,Ashfield,Bisexual,50,126300,0.0395882818685669
E07000170,Ashfield,Bisexual,36,126300,0.028503562945368172
E07000170,Ashfield,Bisexual,50,126300,0.0395882818685669
E07000170,Ashfield,All other sexual orientations,0,126300,0
E07000170,Ashfield,All other sexual orientations,179,126300,0.1417260490894695
E07000170,Ashfield,All other sexual orientations,13,126300,0.010292953285827395
E07000170,Ashfield,All other sexual orientations,7,126300,0.0055423594615993665
E07000170,Ashfield,All other sexual orientations,5,126300,0.00395882818685669
E07000170,Ashfield,Not answered,0,126300,0
E07000170,Ashfield,Not answered,6123,126300,4.8479809976247035
E07000170,Ashfield,Not answered,356,126300,0.28186856690419637
E07000170,Ashfield,Not answered,174,126300,0.1377672209026128
E07000170,Ashfield,Not answered,310,126300,0.2454473475851148
E07000171,Bassetlaw,Does not apply,0,117800,0
E07000171,Bassetlaw,Does not apply,0,117800,0
E07000171,Bassetlaw,Does not apply,0,117800,0
E07000171,Bassetlaw,Does not apply,0,117800,0
E07000171,Bassetlaw,Does not apply,0,117800,0
E07000171,Bassetlaw,Straight or Heterosexual,0,117800,0
E07000171,Bassetlaw,Straight or Heterosexual,78776,117800,66.87266553480475
E07000171,Bassetlaw,Straight or Heterosexual,4821,117800,4.092529711375212
E07000171,Bassetlaw,Straight or Heterosexual,2118,117800,1.797962648556876
E07000171,Bassetlaw,Straight or Heterosexual,3256,117800,2.764006791171477
E07000171,Bassetlaw,Gay or Lesbian,0,117800,0
E07000171,Bassetlaw,Gay or Lesbian,958,117800,0.8132427843803056
E07000171,Bassetlaw,Gay or Lesbian,79,117800,0.06706281833616298
E07000171,Bassetlaw,Gay or Lesbian,35,117800,0.029711375212224108
E07000171,Bassetlaw,Gay or Lesbian,46,117800,0.03904923599320883
E07000171,Bassetlaw,Bisexual,0,117800,0
E07000171,Bassetlaw,Bisexual,684,117800,0.5806451612903226
E07000171,Bassetlaw,Bisexual,43,117800,0.0365025466893039
E07000171,Bassetlaw,Bisexual,21,117800,0.017826825127334467
E07000171,Bassetlaw,Bisexual,31,117800,0.02631578947368421
E07000171,Bassetlaw,All other sexual orientations,0,117800,0
E07000171,Bassetlaw,All other sexual orientations,163,117800,0.13837011884550085
E07000171,Bassetlaw,All other sexual orientations,8,117800,0.006791171477079796
E07000171,Bassetlaw,All other sexual orientations,10,117800,0.008488964346349746
E07000171,Bassetlaw,All other sexual orientations,7,117800,0.005942275042444821
E07000171,Bassetlaw,Not answered,0,117800,0
E07000171,Bassetlaw,Not answered,5666,117800,4.809847198641766
E07000171,Bassetlaw,Not answered,240,117800,0.2037351443123939
E07000171,Bassetlaw,Not answered,135,117800,0.11460101867572156
E07000171,Bassetlaw,Not answered,272,117800,0.23089983022071306
E07000172,Broxtowe,Does not apply,0,110900,0
E07000172,Broxtowe,Does not apply,0,110900,0
E07000172,Broxtowe,Does not apply,0,110900,0
E07000172,Broxtowe,Does not apply,0,110900,0
E07000172,Broxtowe,Does not apply,0,110900,0
E07000172,Broxtowe,Straight or Heterosexual,0,110900,0
E07000172,Broxtowe,Straight or Heterosexual,74047,110900,66.76916140667268
E07000172,Broxtowe,Straight or Heterosexual,5041,110900,4.545536519386835
E07000172,Broxtowe,Straight or Heterosexual,1689,110900,1.5229936880072137
E07000172,Broxtowe,Straight or Heterosexual,2680,110900,2.416591523895401
E07000172,Broxtowe,Gay or Lesbian,0,110900,0
E07000172,Broxtowe,Gay or Lesbian,1146,110900,1.0333633904418396
E07000172,Broxtowe,Gay or Lesbian,71,110900,0.06402164111812443
E07000172,Broxtowe,Gay or Lesbian,22,110900,0.019837691614066726
E07000172,Broxtowe,Gay or Lesbian,19,110900,0.017132551848512173
E07000172,Broxtowe,Bisexual,0,110900,0
E07000172,Broxtowe,Bisexual,1215,110900,1.0955816050495941
E07000172,Broxtowe,Bisexual,87,110900,0.07844905320108206
E07000172,Broxtowe,Bisexual,18,110900,0.016230838593327322
E07000172,Broxtowe,Bisexual,28,110900,0.025247971145175834
E07000172,Broxtowe,All other sexual orientations,0,110900,0
E07000172,Broxtowe,All other sexual orientations,285,110900,0.2569882777276826
E07000172,Broxtowe,All other sexual orientations,14,110900,0.012623985572587917
E07000172,Broxtowe,All other sexual orientations,1,110900,9.017132551848512e-4
E07000172,Broxtowe,All other sexual orientations,10,110900,0.009017132551848512
E07000172,Broxtowe,Not answered,0,110900,0
E07000172,Broxtowe,Not answered,5520,110900,4.977457168620378
E07000172,Broxtowe,Not answered,336,110900,0.30297565374211
E07000172,Broxtowe,Not answered,123,110900,0.1109107303877367
E07000172,Broxtowe,Not answered,187,110900,0.16862037871956717
E07000173,Gedling,Does not apply,0,117300,0
E07000173,Gedling,Does not apply,0,117300,0
E07000173,Gedling,Does not apply,0,117300,0
E07000173,Gedling,Does not apply,0,117300,0
E07000173,Gedling,Does not apply,0,117300,0
E07000173,Gedling,Straight or Heterosexual,0,117300,0
E07000173,Gedling,Straight or Heterosexual,77286,117300,65.88746803069054
E07000173,Gedling,Straight or Heterosexual,5742,117300,4.8951406649616365
E07000173,Gedling,Straight or Heterosexual,1976,117300,1.6845694799658995
E07000173,Gedling,Straight or Heterosexual,2927,117300,2.495311167945439
E07000173,Gedling,Gay or Lesbian,0,117300,0
E07000173,Gedling,Gay or Lesbian,1222,117300,1.041773231031543
E07000173,Gedling,Gay or Lesbian,84,117300,0.07161125319693094
E07000173,Gedling,Gay or Lesbian,44,117300,0.03751065643648764
E07000173,Gedling,Gay or Lesbian,32,117300,0.027280477408354646
E07000173,Gedling,Bisexual,0,117300,0
E07000173,Gedling,Bisexual,888,117300,0.7570332480818415
E07000173,Gedling,Bisexual,57,117300,0.04859335038363171
E07000173,Gedling,Bisexual,24,117300,0.020460358056265986
E07000173,Gedling,Bisexual,26,117300,0.02216538789428815
E07000173,Gedling,All other sexual orientations,0,117300,0
E07000173,Gedling,All other sexual orientations,188,117300,0.16027280477408354
E07000173,Gedling,All other sexual orientations,21,117300,0.017902813299232736
E07000173,Gedling,All other sexual orientations,5,117300,0.004262574595055414
E07000173,Gedling,All other sexual orientations,12,117300,0.010230179028132993
E07000173,Gedling,Not answered,0,117300,0
E07000173,Gedling,Not answered,5315,117300,4.531116794543904
E07000173,Gedling,Not answered,306,117300,0.2608695652173913
E07000173,Gedling,Not answered,121,117300,0.10315430520034101
E07000173,Gedling,Not answered,181,117300,0.15430520034100598
E07000174,Mansfield,Does not apply,0,110500,0
E07000174,Mansfield,Does not apply,0,110500,0
E07000174,Mansfield,Does not apply,0,110500,0
E07000174,Mansfield,Does not apply,0,110500,0
E07000174,Mansfield,Does not apply,0,110500,0
E07000174,Mansfield,Straight or Heterosexual,0,110500,0
E07000174,Mansfield,Straight or Heterosexual,71081,110500,64.32669683257919
E07000174,Mansfield,Straight or Heterosexual,5003,110500,4.527601809954751
E07000174,Mansfield,Straight or Heterosexual,2359,110500,2.134841628959276
E07000174,Mansfield,Straight or Heterosexual,3528,110500,3.1927601809954753
E07000174,Mansfield,Gay or Lesbian,0,110500,0
E07000174,Mansfield,Gay or Lesbian,1030,110500,0.9321266968325792
E07000174,Mansfield,Gay or Lesbian,89,110500,0.08054298642533937
E07000174,Mansfield,Gay or Lesbian,49,110500,0.044343891402714934
E07000174,Mansfield,Gay or Lesbian,44,110500,0.039819004524886875
E07000174,Mansfield,Bisexual,0,110500,0
E07000174,Mansfield,Bisexual,830,110500,0.751131221719457
E07000174,Mansfield,Bisexual,69,110500,0.06244343891402715
E07000174,Mansfield,Bisexual,33,110500,0.02986425339366516
E07000174,Mansfield,Bisexual,38,110500,0.034389140271493215
E07000174,Mansfield,All other sexual orientations,0,110500,0
E07000174,Mansfield,All other sexual orientations,192,110500,0.17375565610859728
E07000174,Mansfield,All other sexual orientations,15,110500,0.013574660633484163
E07000174,Mansfield,All other sexual orientations,8,110500,0.007239819004524887
E07000174,Mansfield,All other sexual orientations,9,110500,0.008144796380090498
E07000174,Mansfield,Not answered,0,110500,0
E07000174,Mansfield,Not answered,5127,110500,4.639819004524887
E07000174,Mansfield,Not answered,283,110500,0.25610859728506785
E07000174,Mansfield,Not answered,131,110500,0.11855203619909502
E07000174,Mansfield,Not answered,251,110500,0.22714932126696832
E07000175,Newark and Sherwood,Does not apply,0,122900,0
E07000175,Newark and Sherwood,Does not apply,0,122900,0
E07000175,Newark and Sherwood,Does not apply,0,122900,0
E07000175,Newark and Sherwood,Does not apply,0,122900,0
E07000175,Newark and Sherwood,Does not apply,0,122900,0
E07000175,Newark and Sherwood,Straight or Heterosexual,0,122900,0
E07000175,Newark and Sherwood,Straight or Heterosexual,81607,122900,66.40113913751017
E07000175,Newark and Sherwood,Straight or Heterosexual,5679,122900,4.620829943043124
E07000175,Newark and Sherwood,Straight or Heterosexual,2137,122900,1.7388120423108218
E07000175,Newark and Sherwood,Straight or Heterosexual,3421,122900,2.7835638730675347
E07000175,Newark and Sherwood,Gay or Lesbian,0,122900,0
E07000175,Newark and Sherwood,Gay or Lesbian,1179,122900,0.9593165174938975
E07000175,Newark and Sherwood,Gay or Lesbian,74,122900,0.060211554109031735
E07000175,Newark and Sherwood,Gay or Lesbian,40,122900,0.03254678600488202
E07000175,Newark and Sherwood,Gay or Lesbian,37,122900,0.030105777054515868
E07000175,Newark and Sherwood,Bisexual,0,122900,0
E07000175,Newark and Sherwood,Bisexual,935,122900,0.7607811228641171
E07000175,Newark and Sherwood,Bisexual,48,122900,0.03905614320585842
E07000175,Newark and Sherwood,Bisexual,16,122900,0.013018714401952807
E07000175,Newark and Sherwood,Bisexual,40,122900,0.03254678600488202
E07000175,Newark and Sherwood,All other sexual orientations,0,122900,0
E07000175,Newark and Sherwood,All other sexual orientations,193,122900,0.15703824247355574
E07000175,Newark and Sherwood,All other sexual orientations,13,122900,0.010577705451586655
E07000175,Newark and Sherwood,All other sexual orientations,13,122900,0.010577705451586655
E07000175,Newark and Sherwood,All other sexual orientations,4,122900,0.0032546786004882017
E07000175,Newark and Sherwood,Not answered,0,122900,0
E07000175,Newark and Sherwood,Not answered,5851,122900,4.760781122864117
E07000175,Newark and Sherwood,Not answered,292,122900,0.23759153783563874
E07000175,Newark and Sherwood,Not answered,157,122900,0.1277461350691619
E07000175,Newark and Sherwood,Not answered,232,122900,0.1887713588283157
E07000176,Rushcliffe,Does not apply,0,119000,0
E07000176,Rushcliffe,Does not apply,0,119000,0
E07000176,Rushcliffe,Does not apply,0,119000,0
E07000176,Rushcliffe,Does not apply,0,119000,0
E07000176,Rushcliffe,Does not apply,0,119000,0
E07000176,Rushcliffe,Straight or Heterosexual,0,119000,0
E07000176,Rushcliffe,Straight or Heterosexual,79594,119000,66.88571428571429
E07000176,Rushcliffe,Straight or Heterosexual,5703,119000,4.792436974789916
E07000176,Rushcliffe,Straight or Heterosexual,1501,119000,1.261344537815126
E07000176,Rushcliffe,Straight or Heterosexual,2306,119000,1.9378151260504202
E07000176,Rushcliffe,Gay or Lesbian,0,119000,0
E07000176,Rushcliffe,Gay or Lesbian,1143,119000,0.9605042016806723
E07000176,Rushcliffe,Gay or Lesbian,85,119000,0.07142857142857142
E07000176,Rushcliffe,Gay or Lesbian,19,119000,0.015966386554621848
E07000176,Rushcliffe,Gay or Lesbian,24,119000,0.020168067226890758
E07000176,Rushcliffe,Bisexual,0,119000,0
E07000176,Rushcliffe,Bisexual,1029,119000,0.8647058823529412
E07000176,Rushcliffe,Bisexual,58,119000,0.04873949579831933
E07000176,Rushcliffe,Bisexual,16,119000,0.013445378151260505
E07000176,Rushcliffe,Bisexual,17,119000,0.014285714285714285
E07000176,Rushcliffe,All other sexual orientations,0,119000,0
E07000176,Rushcliffe,All other sexual orientations,233,119000,0.1957983193277311
E07000176,Rushcliffe,All other sexual orientations,15,119000,0.012605042016806723
E07000176,Rushcliffe,All other sexual orientations,1,119000,8.403361344537816e-4
E07000176,Rushcliffe,All other sexual orientations,6,119000,0.005042016806722689
E07000176,Rushcliffe,Not answered,0,119000,0
E07000176,Rushcliffe,Not answered,5438,119000,4.569747899159664
E07000176,Rushcliffe,Not answered,285,119000,0.23949579831932774
E07000176,Rushcliffe,Not answered,93,119000,0.07815126050420168
E07000176,Rushcliffe,Not answered,154,119000,0.12941176470588237
E07000177,Cherwell,Does not apply,0,161000,0
E07000177,Cherwell,Does not apply,0,161000,0
E07000177,Cherwell,Does not apply,0,161000,0
E07000177,Cherwell,Does not apply,0,161000,0
E07000177,Cherwell,Does not apply,0,161000,0
E07000177,Cherwell,Straight or Heterosexual,0,161000,0
E07000177,Cherwell,Straight or Heterosexual,107668,161000,66.87453416149069
E07000177,Cherwell,Straight or Heterosexual,5466,161000,3.395031055900621
E07000177,Cherwell,Straight or Heterosexual,1924,161000,1.1950310559006212
E07000177,Cherwell,Straight or Heterosexual,2928,161000,1.8186335403726708
E07000177,Cherwell,Gay or Lesbian,0,161000,0
E07000177,Cherwell,Gay or Lesbian,1596,161000,0.991304347826087
E07000177,Cherwell,Gay or Lesbian,101,161000,0.06273291925465839
E07000177,Cherwell,Gay or Lesbian,35,161000,0.021739130434782608
E07000177,Cherwell,Gay or Lesbian,30,161000,0.018633540372670808
E07000177,Cherwell,Bisexual,0,161000,0
E07000177,Cherwell,Bisexual,1353,161000,0.8403726708074534
E07000177,Cherwell,Bisexual,92,161000,0.05714285714285714
E07000177,Cherwell,Bisexual,29,161000,0.018012422360248446
E07000177,Cherwell,Bisexual,24,161000,0.014906832298136646
E07000177,Cherwell,All other sexual orientations,0,161000,0
E07000177,Cherwell,All other sexual orientations,423,161000,0.26273291925465836
E07000177,Cherwell,All other sexual orientations,27,161000,0.016770186335403725
E07000177,Cherwell,All other sexual orientations,9,161000,0.0055900621118012426
E07000177,Cherwell,All other sexual orientations,5,161000,0.003105590062111801
E07000177,Cherwell,Not answered,0,161000,0
E07000177,Cherwell,Not answered,8172,161000,5.075776397515528
E07000177,Cherwell,Not answered,345,161000,0.21428571428571427
E07000177,Cherwell,Not answered,153,161000,0.09503105590062112
E07000177,Cherwell,Not answered,209,161000,0.1298136645962733
E07000178,Oxford,Does not apply,0,162100,0
E07000178,Oxford,Does not apply,0,162100,0
E07000178,Oxford,Does not apply,0,162100,0
E07000178,Oxford,Does not apply,0,162100,0
E07000178,Oxford,Does not apply,0,162100,0
E07000178,Oxford,Straight or Heterosexual,0,162100,0
E07000178,Oxford,Straight or Heterosexual,101326,162100,62.50832819247378
E07000178,Oxford,Straight or Heterosexual,4651,162100,2.8692165330043182
E07000178,Oxford,Straight or Heterosexual,1654,162100,1.0203578038247996
E07000178,Oxford,Straight or Heterosexual,2228,162100,1.3744602097470697
E07000178,Oxford,Gay or Lesbian,0,162100,0
E07000178,Oxford,Gay or Lesbian,3019,162100,1.8624305983960519
E07000178,Oxford,Gay or Lesbian,153,162100,0.09438618136952498
E07000178,Oxford,Gay or Lesbian,51,162100,0.03146206045650833
E07000178,Oxford,Gay or Lesbian,14,162100,0.00863664404688464
E07000178,Oxford,Bisexual,0,162100,0
E07000178,Oxford,Bisexual,4680,162100,2.8871067242442936
E07000178,Oxford,Bisexual,202,162100,0.12461443553362123
E07000178,Oxford,Bisexual,37,162100,0.02282541640962369
E07000178,Oxford,Bisexual,32,162100,0.01974090067859346
E07000178,Oxford,All other sexual orientations,0,162100,0
E07000178,Oxford,All other sexual orientations,1158,162100,0.7143738433066008
E07000178,Oxford,All other sexual orientations,72,162100,0.04441702652683529
E07000178,Oxford,All other sexual orientations,17,162100,0.010487353485502776
E07000178,Oxford,All other sexual orientations,12,162100,0.007402837754472548
E07000178,Oxford,Not answered,0,162100,0
E07000178,Oxford,Not answered,16417,162100,10.127698951264652
E07000178,Oxford,Not answered,558,162100,0.3442319555829735
E07000178,Oxford,Not answered,206,162100,0.1270820481184454
E07000178,Oxford,Not answered,230,162100,0.1418877236273905
E07000179,South Oxfordshire,Does not apply,0,149100,0
E07000179,South Oxfordshire,Does not apply,0,149100,0
E07000179,South Oxfordshire,Does not apply,0,149100,0
E07000179,South Oxfordshire,Does not apply,0,149100,0
E07000179,South Oxfordshire,Does not apply,0,149100,0
E07000179,South Oxfordshire,Straight or Heterosexual,0,149100,0
E07000179,South Oxfordshire,Straight or Heterosexual,100584,149100,67.46076458752515
E07000179,South Oxfordshire,Straight or Heterosexual,5940,149100,3.9839034205231387
E07000179,South Oxfordshire,Straight or Heterosexual,1500,149100,1.0060362173038229
E07000179,South Oxfordshire,Straight or Heterosexual,2629,149100,1.7632461435278337
E07000179,South Oxfordshire,Gay or Lesbian,0,149100,0
E07000179,South Oxfordshire,Gay or Lesbian,1271,149100,0.852448021462106
E07000179,South Oxfordshire,Gay or Lesbian,76,149100,0.05097250167672703
E07000179,South Oxfordshire,Gay or Lesbian,16,149100,0.010731052984574111
E07000179,South Oxfordshire,Gay or Lesbian,20,149100,0.01341381623071764
E07000179,South Oxfordshire,Bisexual,0,149100,0
E07000179,South Oxfordshire,Bisexual,1055,149100,0.7075788061703555
E07000179,South Oxfordshire,Bisexual,83,149100,0.055667337357478204
E07000179,South Oxfordshire,Bisexual,12,149100,0.008048289738430584
E07000179,South Oxfordshire,Bisexual,31,149100,0.02079141515761234
E07000179,South Oxfordshire,All other sexual orientations,0,149100,0
E07000179,South Oxfordshire,All other sexual orientations,293,149100,0.19651240778001342
E07000179,South Oxfordshire,All other sexual orientations,24,149100,0.01609657947686117
E07000179,South Oxfordshire,All other sexual orientations,3,149100,0.002012072434607646
E07000179,South Oxfordshire,All other sexual orientations,8,149100,0.0053655264922870555
E07000179,South Oxfordshire,Not answered,0,149100,0
E07000179,South Oxfordshire,Not answered,7251,149100,4.8631790744466805
E07000179,South Oxfordshire,Not answered,381,149100,0.25553319919517103
E07000179,South Oxfordshire,Not answered,128,149100,0.08584842387659289
E07000179,South Oxfordshire,Not answered,184,149100,0.12340710932260228
E07000180,Vale of White Horse,Does not apply,0,138900,0
E07000180,Vale of White Horse,Does not apply,0,138900,0
E07000180,Vale of White Horse,Does not apply,0,138900,0
E07000180,Vale of White Horse,Does not apply,0,138900,0
E07000180,Vale of White Horse,Does not apply,0,138900,0
E07000180,Vale of White Horse,Straight or Heterosexual,0,138900,0
E07000180,Vale of White Horse,Straight or Heterosexual,92486,138900,66.5845932325414
E07000180,Vale of White Horse,Straight or Heterosexual,5427,138900,3.9071274298056156
E07000180,Vale of White Horse,Straight or Heterosexual,1592,138900,1.1461483081353492
E07000180,Vale of White Horse,Straight or Heterosexual,2415,138900,1.7386609071274297
E07000180,Vale of White Horse,Gay or Lesbian,0,138900,0
E07000180,Vale of White Horse,Gay or Lesbian,1210,138900,0.871130309575234
E07000180,Vale of White Horse,Gay or Lesbian,75,138900,0.05399568034557235
E07000180,Vale of White Horse,Gay or Lesbian,28,138900,0.020158387329013677
E07000180,Vale of White Horse,Gay or Lesbian,19,138900,0.013678905687544997
E07000180,Vale of White Horse,Bisexual,0,138900,0
E07000180,Vale of White Horse,Bisexual,1251,138900,0.9006479481641468
E07000180,Vale of White Horse,Bisexual,61,138900,0.043916486681065514
E07000180,Vale of White Horse,Bisexual,27,138900,0.019438444924406047
E07000180,Vale of White Horse,Bisexual,27,138900,0.019438444924406047
E07000180,Vale of White Horse,All other sexual orientations,0,138900,0
E07000180,Vale of White Horse,All other sexual orientations,295,138900,0.21238300935925125
E07000180,Vale of White Horse,All other sexual orientations,27,138900,0.019438444924406047
E07000180,Vale of White Horse,All other sexual orientations,6,138900,0.004319654427645789
E07000180,Vale of White Horse,All other sexual orientations,9,138900,0.0064794816414686825
E07000180,Vale of White Horse,Not answered,0,138900,0
E07000180,Vale of White Horse,Not answered,6817,138900,4.907847372210223
E07000180,Vale of White Horse,Not answered,362,138900,0.2606191504679626
E07000180,Vale of White Horse,Not answered,128,138900,0.09215262778977681
E07000180,Vale of White Horse,Not answered,163,138900,0.11735061195104392
E07000181,West Oxfordshire,Does not apply,0,114200,0
E07000181,West Oxfordshire,Does not apply,0,114200,0
E07000181,West Oxfordshire,Does not apply,0,114200,0
E07000181,West Oxfordshire,Does not apply,0,114200,0
E07000181,West Oxfordshire,Does not apply,0,114200,0
E07000181,West Oxfordshire,Straight or Heterosexual,0,114200,0
E07000181,West Oxfordshire,Straight or Heterosexual,77789,114200,68.11646234676007
E07000181,West Oxfordshire,Straight or Heterosexual,4624,114200,4.049036777583187
E07000181,West Oxfordshire,Straight or Heterosexual,1360,114200,1.1908931698774081
E07000181,West Oxfordshire,Straight or Heterosexual,2115,114200,1.8520140105078808
E07000181,West Oxfordshire,Gay or Lesbian,0,114200,0
E07000181,West Oxfordshire,Gay or Lesbian,1004,114200,0.8791593695271454
E07000181,West Oxfordshire,Gay or Lesbian,68,114200,0.0595446584938704
E07000181,West Oxfordshire,Gay or Lesbian,19,114200,0.016637478108581436
E07000181,West Oxfordshire,Gay or Lesbian,24,114200,0.021015761821366025
E07000181,West Oxfordshire,Bisexual,0,114200,0
E07000181,West Oxfordshire,Bisexual,909,114200,0.7959719789842382
E07000181,West Oxfordshire,Bisexual,57,114200,0.049912434325744305
E07000181,West Oxfordshire,Bisexual,16,114200,0.014010507880910683
E07000181,West Oxfordshire,Bisexual,25,114200,0.021891418563922942
E07000181,West Oxfordshire,All other sexual orientations,0,114200,0
E07000181,West Oxfordshire,All other sexual orientations,181,114200,0.1584938704028021
E07000181,West Oxfordshire,All other sexual orientations,17,114200,0.0148861646234676
E07000181,West Oxfordshire,All other sexual orientations,5,114200,0.0043782837127845885
E07000181,West Oxfordshire,All other sexual orientations,5,114200,0.0043782837127845885
E07000181,West Oxfordshire,Not answered,0,114200,0
E07000181,West Oxfordshire,Not answered,5132,114200,4.493870402802101
E07000181,West Oxfordshire,Not answered,229,114200,0.20052539404553416
E07000181,West Oxfordshire,Not answered,84,114200,0.07355516637478109
E07000181,West Oxfordshire,Not answered,146,114200,0.12784588441331
E07000187,Mendip,Does not apply,0,116100,0
E07000187,Mendip,Does not apply,0,116100,0
E07000187,Mendip,Does not apply,0,116100,0
E07000187,Mendip,Does not apply,0,116100,0
E07000187,Mendip,Does not apply,0,116100,0
E07000187,Mendip,Straight or Heterosexual,0,116100,0
E07000187,Mendip,Straight or Heterosexual,77091,116100,66.40051679586563
E07000187,Mendip,Straight or Heterosexual,4779,116100,4.116279069767442
E07000187,Mendip,Straight or Heterosexual,1417,116100,1.2204995693367786
E07000187,Mendip,Straight or Heterosexual,2503,116100,2.155900086132644
E07000187,Mendip,Gay or Lesbian,0,116100,0
E07000187,Mendip,Gay or Lesbian,985,116100,0.8484065460809647
E07000187,Mendip,Gay or Lesbian,68,116100,0.05857019810508183
E07000187,Mendip,Gay or Lesbian,23,116100,0.019810508182601206
E07000187,Mendip,Gay or Lesbian,30,116100,0.025839793281653745
E07000187,Mendip,Bisexual,0,116100,0
E07000187,Mendip,Bisexual,1055,116100,0.9086993970714901
E07000187,Mendip,Bisexual,75,116100,0.06459948320413436
E07000187,Mendip,Bisexual,22,116100,0.018949181739879414
E07000187,Mendip,Bisexual,32,116100,0.02756244616709733
E07000187,Mendip,All other sexual orientations,0,116100,0
E07000187,Mendip,All other sexual orientations,236,116100,0.20327304048234282
E07000187,Mendip,All other sexual orientations,26,116100,0.02239448751076658
E07000187,Mendip,All other sexual orientations,8,116100,0.0068906115417743325
E07000187,Mendip,All other sexual orientations,11,116100,0.009474590869939707
E07000187,Mendip,Not answered,0,116100,0
E07000187,Mendip,Not answered,6938,116100,5.975882859603789
E07000187,Mendip,Not answered,394,116100,0.33936261843238585
E07000187,Mendip,Not answered,137,116100,0.11800172265288544
E07000187,Mendip,Not answered,219,116100,0.18863049095607234
E07000188,Sedgemoor,Does not apply,0,125400,0
E07000188,Sedgemoor,Does not apply,0,125400,0
E07000188,Sedgemoor,Does not apply,0,125400,0
E07000188,Sedgemoor,Does not apply,0,125400,0
E07000188,Sedgemoor,Does not apply,0,125400,0
E07000188,Sedgemoor,Straight or Heterosexual,0,125400,0
E07000188,Sedgemoor,Straight or Heterosexual,83483,125400,66.57336523125997
E07000188,Sedgemoor,Straight or Heterosexual,5038,125400,4.017543859649122
E07000188,Sedgemoor,Straight or Heterosexual,1927,125400,1.536682615629984
E07000188,Sedgemoor,Straight or Heterosexual,3131,125400,2.496810207336523
E07000188,Sedgemoor,Gay or Lesbian,0,125400,0
E07000188,Sedgemoor,Gay or Lesbian,1089,125400,0.868421052631579
E07000188,Sedgemoor,Gay or Lesbian,81,125400,0.0645933014354067
E07000188,Sedgemoor,Gay or Lesbian,31,125400,0.024720893141945772
E07000188,Sedgemoor,Gay or Lesbian,32,125400,0.025518341307814992
E07000188,Sedgemoor,Bisexual,0,125400,0
E07000188,Sedgemoor,Bisexual,1013,125400,0.8078149920255183
E07000188,Sedgemoor,Bisexual,44,125400,0.03508771929824561
E07000188,Sedgemoor,Bisexual,18,125400,0.014354066985645933
E07000188,Sedgemoor,Bisexual,32,125400,0.025518341307814992
E07000188,Sedgemoor,All other sexual orientations,0,125400,0
E07000188,Sedgemoor,All other sexual orientations,267,125400,0.21291866028708134
E07000188,Sedgemoor,All other sexual orientations,17,125400,0.013556618819776715
E07000188,Sedgemoor,All other sexual orientations,12,125400,0.009569377990430622
E07000188,Sedgemoor,All other sexual orientations,6,125400,0.004784688995215311
E07000188,Sedgemoor,Not answered,0,125400,0
E07000188,Sedgemoor,Not answered,6877,125400,5.484051036682616
E07000188,Sedgemoor,Not answered,304,125400,0.24242424242424243
E07000188,Sedgemoor,Not answered,147,125400,0.11722488038277512
E07000188,Sedgemoor,Not answered,230,125400,0.18341307814992025
E07000189,South Somerset,Does not apply,0,172700,0
E07000189,South Somerset,Does not apply,0,172700,0
E07000189,South Somerset,Does not apply,0,172700,0
E07000189,South Somerset,Does not apply,0,172700,0
E07000189,South Somerset,Does not apply,0,172700,0
E07000189,South Somerset,Straight or Heterosexual,0,172700,0
E07000189,South Somerset,Straight or Heterosexual,116517,172700,67.46786334684424
E07000189,South Somerset,Straight or Heterosexual,6940,172700,4.018529241459178
E07000189,South Somerset,Straight or Heterosexual,2420,172700,1.4012738853503184
E07000189,South Somerset,Straight or Heterosexual,4031,172700,2.334105385060799
E07000189,South Somerset,Gay or Lesbian,0,172700,0
E07000189,South Somerset,Gay or Lesbian,1352,172700,0.7828604516502605
E07000189,South Somerset,Gay or Lesbian,77,172700,0.044585987261146494
E07000189,South Somerset,Gay or Lesbian,32,172700,0.018529241459177764
E07000189,South Somerset,Gay or Lesbian,58,172700,0.0335842501447597
E07000189,South Somerset,Bisexual,0,172700,0
E07000189,South Somerset,Bisexual,1298,172700,0.7515923566878981
E07000189,South Somerset,Bisexual,80,172700,0.04632310364794441
E07000189,South Somerset,Bisexual,26,172700,0.015055008685581933
E07000189,South Somerset,Bisexual,45,172700,0.02605674580196873
E07000189,South Somerset,All other sexual orientations,0,172700,0
E07000189,South Somerset,All other sexual orientations,255,172700,0.14765489287782282
E07000189,South Somerset,All other sexual orientations,13,172700,0.007527504342790967
E07000189,South Somerset,All other sexual orientations,4,172700,0.0023161551823972205
E07000189,South Somerset,All other sexual orientations,11,172700,0.006369426751592357
E07000189,South Somerset,Not answered,0,172700,0
E07000189,South Somerset,Not answered,9676,172700,5.602779386218876
E07000189,South Somerset,Not answered,452,172700,0.2617255356108859
E07000189,South Somerset,Not answered,180,172700,0.10422698320787492
E07000189,South Somerset,Not answered,348,172700,0.2015055008685582
E07000192,Cannock Chase,Does not apply,0,100500,0
E07000192,Cannock Chase,Does not apply,0,100500,0
E07000192,Cannock Chase,Does not apply,0,100500,0
E07000192,Cannock Chase,Does not apply,0,100500,0
E07000192,Cannock Chase,Does not apply,0,100500,0
E07000192,Cannock Chase,Straight or Heterosexual,0,100500,0
E07000192,Cannock Chase,Straight or Heterosexual,66865,100500,66.53233830845771
E07000192,Cannock Chase,Straight or Heterosexual,4230,100500,4.208955223880597
E07000192,Cannock Chase,Straight or Heterosexual,1952,100500,1.9422885572139303
E07000192,Cannock Chase,Straight or Heterosexual,2900,100500,2.8855721393034828
E07000192,Cannock Chase,Gay or Lesbian,0,100500,0
E07000192,Cannock Chase,Gay or Lesbian,977,100500,0.972139303482587
E07000192,Cannock Chase,Gay or Lesbian,63,100500,0.0626865671641791
E07000192,Cannock Chase,Gay or Lesbian,24,100500,0.023880597014925373
E07000192,Cannock Chase,Gay or Lesbian,30,100500,0.029850746268656716
E07000192,Cannock Chase,Bisexual,0,100500,0
E07000192,Cannock Chase,Bisexual,680,100500,0.6766169154228856
E07000192,Cannock Chase,Bisexual,51,100500,0.050746268656716415
E07000192,Cannock Chase,Bisexual,20,100500,0.01990049751243781
E07000192,Cannock Chase,Bisexual,29,100500,0.028855721393034824
E07000192,Cannock Chase,All other sexual orientations,0,100500,0
E07000192,Cannock Chase,All other sexual orientations,163,100500,0.16218905472636816
E07000192,Cannock Chase,All other sexual orientations,14,100500,0.013930348258706468
E07000192,Cannock Chase,All other sexual orientations,9,100500,0.008955223880597015
E07000192,Cannock Chase,All other sexual orientations,6,100500,0.005970149253731343
E07000192,Cannock Chase,Not answered,0,100500,0
E07000192,Cannock Chase,Not answered,3976,100500,3.9562189054726367
E07000192,Cannock Chase,Not answered,195,100500,0.19402985074626866
E07000192,Cannock Chase,Not answered,103,100500,0.10248756218905472
E07000192,Cannock Chase,Not answered,189,100500,0.1880597014925373
E07000193,East Staffordshire,Does not apply,0,124000,0
E07000193,East Staffordshire,Does not apply,0,124000,0
E07000193,East Staffordshire,Does not apply,0,124000,0
E07000193,East Staffordshire,Does not apply,0,124000,0
E07000193,East Staffordshire,Does not apply,0,124000,0
E07000193,East Staffordshire,Straight or Heterosexual,0,124000,0
E07000193,East Staffordshire,Straight or Heterosexual,82159,124000,66.25725806451612
E07000193,East Staffordshire,Straight or Heterosexual,4457,124000,3.5943548387096773
E07000193,East Staffordshire,Straight or Heterosexual,1703,124000,1.3733870967741935
E07000193,East Staffordshire,Straight or Heterosexual,2547,124000,2.0540322580645163
E07000193,East Staffordshire,Gay or Lesbian,0,124000,0
E07000193,East Staffordshire,Gay or Lesbian,1034,124000,0.8338709677419355
E07000193,East Staffordshire,Gay or Lesbian,59,124000,0.04758064516129032
E07000193,East Staffordshire,Gay or Lesbian,26,124000,0.020967741935483872
E07000193,East Staffordshire,Gay or Lesbian,19,124000,0.01532258064516129
E07000193,East Staffordshire,Bisexual,0,124000,0
E07000193,East Staffordshire,Bisexual,901,124000,0.7266129032258064
E07000193,East Staffordshire,Bisexual,47,124000,0.03790322580645161
E07000193,East Staffordshire,Bisexual,30,124000,0.024193548387096774
E07000193,East Staffordshire,Bisexual,21,124000,0.016935483870967744
E07000193,East Staffordshire,All other sexual orientations,0,124000,0
E07000193,East Staffordshire,All other sexual orientations,243,124000,0.19596774193548386
E07000193,East Staffordshire,All other sexual orientations,17,124000,0.013709677419354839
E07000193,East Staffordshire,All other sexual orientations,8,124000,0.0064516129032258064
E07000193,East Staffordshire,All other sexual orientations,14,124000,0.01129032258064516
E07000193,East Staffordshire,Not answered,0,124000,0
E07000193,East Staffordshire,Not answered,6609,124000,5.32983870967742
E07000193,East Staffordshire,Not answered,275,124000,0.2217741935483871
E07000193,East Staffordshire,Not answered,130,124000,0.10483870967741936
E07000193,East Staffordshire,Not answered,209,124000,0.1685483870967742
E07000194,Lichfield,Does not apply,0,106400,0
E07000194,Lichfield,Does not apply,0,106400,0
E07000194,Lichfield,Does not apply,0,106400,0
E07000194,Lichfield,Does not apply,0,106400,0
E07000194,Lichfield,Does not apply,0,106400,0
E07000194,Lichfield,Straight or Heterosexual,0,106400,0
E07000194,Lichfield,Straight or Heterosexual,73070,106400,68.67481203007519
E07000194,Lichfield,Straight or Heterosexual,4816,106400,4.526315789473684
E07000194,Lichfield,Straight or Heterosexual,1520,106400,1.4285714285714286
E07000194,Lichfield,Straight or Heterosexual,2584,106400,2.4285714285714284
E07000194,Lichfield,Gay or Lesbian,0,106400,0
E07000194,Lichfield,Gay or Lesbian,911,106400,0.856203007518797
E07000194,Lichfield,Gay or Lesbian,61,106400,0.05733082706766917
E07000194,Lichfield,Gay or Lesbian,19,106400,0.017857142857142856
E07000194,Lichfield,Gay or Lesbian,29,106400,0.02725563909774436
E07000194,Lichfield,Bisexual,0,106400,0
E07000194,Lichfield,Bisexual,633,106400,0.5949248120300752
E07000194,Lichfield,Bisexual,40,106400,0.03759398496240601
E07000194,Lichfield,Bisexual,17,106400,0.015977443609022556
E07000194,Lichfield,Bisexual,23,106400,0.021616541353383457
E07000194,Lichfield,All other sexual orientations,0,106400,0
E07000194,Lichfield,All other sexual orientations,124,106400,0.11654135338345864
E07000194,Lichfield,All other sexual orientations,5,106400,0.004699248120300752
E07000194,Lichfield,All other sexual orientations,4,106400,0.0037593984962406013
E07000194,Lichfield,All other sexual orientations,2,106400,0.0018796992481203006
E07000194,Lichfield,Not answered,0,106400,0
E07000194,Lichfield,Not answered,4249,106400,3.9934210526315788
E07000194,Lichfield,Not answered,226,106400,0.212406015037594
E07000194,Lichfield,Not answered,116,106400,0.10902255639097744
E07000194,Lichfield,Not answered,147,106400,0.13815789473684212
E07000195,Newcastle-under-Lyme,Does not apply,0,123300,0
E07000195,Newcastle-under-Lyme,Does not apply,0,123300,0
E07000195,Newcastle-under-Lyme,Does not apply,0,123300,0
E07000195,Newcastle-under-Lyme,Does not apply,0,123300,0
E07000195,Newcastle-under-Lyme,Does not apply,0,123300,0
E07000195,Newcastle-under-Lyme,Straight or Heterosexual,0,123300,0
E07000195,Newcastle-under-Lyme,Straight or Heterosexual,82329,123300,66.77128953771289
E07000195,Newcastle-under-Lyme,Straight or Heterosexual,5438,123300,4.410381184103811
E07000195,Newcastle-under-Lyme,Straight or Heterosexual,2037,123300,1.6520681265206814
E07000195,Newcastle-under-Lyme,Straight or Heterosexual,3365,123300,2.7291159772911597
E07000195,Newcastle-under-Lyme,Gay or Lesbian,0,123300,0
E07000195,Newcastle-under-Lyme,Gay or Lesbian,1243,123300,1.008110300081103
E07000195,Newcastle-under-Lyme,Gay or Lesbian,94,123300,0.07623682076236821
E07000195,Newcastle-under-Lyme,Gay or Lesbian,32,123300,0.025952960259529603
E07000195,Newcastle-under-Lyme,Gay or Lesbian,22,123300,0.017842660178426603
E07000195,Newcastle-under-Lyme,Bisexual,0,123300,0
E07000195,Newcastle-under-Lyme,Bisexual,1259,123300,1.0210867802108679
E07000195,Newcastle-under-Lyme,Bisexual,69,123300,0.05596107055961071
E07000195,Newcastle-under-Lyme,Bisexual,27,123300,0.021897810218978103
E07000195,Newcastle-under-Lyme,Bisexual,31,123300,0.025141930251419302
E07000195,Newcastle-under-Lyme,All other sexual orientations,0,123300,0
E07000195,Newcastle-under-Lyme,All other sexual orientations,254,123300,0.2060016220600162
E07000195,Newcastle-under-Lyme,All other sexual orientations,27,123300,0.021897810218978103
E07000195,Newcastle-under-Lyme,All other sexual orientations,9,123300,0.0072992700729927005
E07000195,Newcastle-under-Lyme,All other sexual orientations,10,123300,0.008110300081103
E07000195,Newcastle-under-Lyme,Not answered,0,123300,0
E07000195,Newcastle-under-Lyme,Not answered,6252,123300,5.070559610705596
E07000195,Newcastle-under-Lyme,Not answered,318,123300,0.25790754257907544
E07000195,Newcastle-under-Lyme,Not answered,161,123300,0.1305758313057583
E07000195,Newcastle-under-Lyme,Not answered,208,123300,0.16869424168694241
E07000196,South Staffordshire,Does not apply,0,110500,0
E07000196,South Staffordshire,Does not apply,0,110500,0
E07000196,South Staffordshire,Does not apply,0,110500,0
E07000196,South Staffordshire,Does not apply,0,110500,0
E07000196,South Staffordshire,Does not apply,0,110500,0
E07000196,South Staffordshire,Straight or Heterosexual,0,110500,0
E07000196,South Staffordshire,Straight or Heterosexual,76546,110500,69.27239819004525
E07000196,South Staffordshire,Straight or Heterosexual,5408,110500,4.894117647058824
E07000196,South Staffordshire,Straight or Heterosexual,1928,110500,1.7447963800904978
E07000196,South Staffordshire,Straight or Heterosexual,2790,110500,2.524886877828054
E07000196,South Staffordshire,Gay or Lesbian,0,110500,0
E07000196,South Staffordshire,Gay or Lesbian,801,110500,0.7248868778280543
E07000196,South Staffordshire,Gay or Lesbian,63,110500,0.05701357466063348
E07000196,South Staffordshire,Gay or Lesbian,27,110500,0.024434389140271493
E07000196,South Staffordshire,Gay or Lesbian,17,110500,0.015384615384615385
E07000196,South Staffordshire,Bisexual,0,110500,0
E07000196,South Staffordshire,Bisexual,524,110500,0.47420814479638007
E07000196,South Staffordshire,Bisexual,32,110500,0.02895927601809955
E07000196,South Staffordshire,Bisexual,17,110500,0.015384615384615385
E07000196,South Staffordshire,Bisexual,9,110500,0.008144796380090498
E07000196,South Staffordshire,All other sexual orientations,0,110500,0
E07000196,South Staffordshire,All other sexual orientations,91,110500,0.08235294117647059
E07000196,South Staffordshire,All other sexual orientations,9,110500,0.008144796380090498
E07000196,South Staffordshire,All other sexual orientations,3,110500,0.0027149321266968325
E07000196,South Staffordshire,All other sexual orientations,7,110500,0.006334841628959276
E07000196,South Staffordshire,Not answered,0,110500,0
E07000196,South Staffordshire,Not answered,4588,110500,4.152036199095023
E07000196,South Staffordshire,Not answered,237,110500,0.21447963800904976
E07000196,South Staffordshire,Not answered,98,110500,0.08868778280542987
E07000196,South Staffordshire,Not answered,177,110500,0.16018099547511314
E07000197,Stafford,Does not apply,0,136800,0
E07000197,Stafford,Does not apply,0,136800,0
E07000197,Stafford,Does not apply,0,136800,0
E07000197,Stafford,Does not apply,0,136800,0
E07000197,Stafford,Does not apply,0,136800,0
E07000197,Stafford,Straight or Heterosexual,0,136800,0
E07000197,Stafford,Straight or Heterosexual,92306,136800,67.47514619883042
E07000197,Stafford,Straight or Heterosexual,6240,136800,4.56140350877193
E07000197,Stafford,Straight or Heterosexual,1948,136800,1.4239766081871346
E07000197,Stafford,Straight or Heterosexual,3201,136800,2.3399122807017543
E07000197,Stafford,Gay or Lesbian,0,136800,0
E07000197,Stafford,Gay or Lesbian,1297,136800,0.9480994152046783
E07000197,Stafford,Gay or Lesbian,116,136800,0.0847953216374269
E07000197,Stafford,Gay or Lesbian,25,136800,0.01827485380116959
E07000197,Stafford,Gay or Lesbian,30,136800,0.021929824561403508
E07000197,Stafford,Bisexual,0,136800,0
E07000197,Stafford,Bisexual,1036,136800,0.7573099415204678
E07000197,Stafford,Bisexual,55,136800,0.0402046783625731
E07000197,Stafford,Bisexual,29,136800,0.021198830409356724
E07000197,Stafford,Bisexual,42,136800,0.03070175438596491
E07000197,Stafford,All other sexual orientations,0,136800,0
E07000197,Stafford,All other sexual orientations,169,136800,0.12353801169590643
E07000197,Stafford,All other sexual orientations,17,136800,0.012426900584795321
E07000197,Stafford,All other sexual orientations,5,136800,0.003654970760233918
E07000197,Stafford,All other sexual orientations,8,136800,0.005847953216374269
E07000197,Stafford,Not answered,0,136800,0
E07000197,Stafford,Not answered,6364,136800,4.652046783625731
E07000197,Stafford,Not answered,341,136800,0.24926900584795322
E07000197,Stafford,Not answered,127,136800,0.09283625730994152
E07000197,Stafford,Not answered,260,136800,0.19005847953216373
E07000198,Staffordshire Moorlands,Does not apply,0,95800,0
E07000198,Staffordshire Moorlands,Does not apply,0,95800,0
E07000198,Staffordshire Moorlands,Does not apply,0,95800,0
E07000198,Staffordshire Moorlands,Does not apply,0,95800,0
E07000198,Staffordshire Moorlands,Does not apply,0,95800,0
E07000198,Staffordshire Moorlands,Straight or Heterosexual,0,95800,0
E07000198,Staffordshire Moorlands,Straight or Heterosexual,65340,95800,68.20459290187891
E07000198,Staffordshire Moorlands,Straight or Heterosexual,4863,95800,5.076200417536534
E07000198,Staffordshire Moorlands,Straight or Heterosexual,1569,95800,1.6377870563674322
E07000198,Staffordshire Moorlands,Straight or Heterosexual,2554,95800,2.6659707724425887
E07000198,Staffordshire Moorlands,Gay or Lesbian,0,95800,0
E07000198,Staffordshire Moorlands,Gay or Lesbian,654,95800,0.6826722338204593
E07000198,Staffordshire Moorlands,Gay or Lesbian,61,95800,0.06367432150313153
E07000198,Staffordshire Moorlands,Gay or Lesbian,19,95800,0.019832985386221295
E07000198,Staffordshire Moorlands,Gay or Lesbian,20,95800,0.020876826722338204
E07000198,Staffordshire Moorlands,Bisexual,0,95800,0
E07000198,Staffordshire Moorlands,Bisexual,487,95800,0.5083507306889353
E07000198,Staffordshire Moorlands,Bisexual,38,95800,0.03966597077244259
E07000198,Staffordshire Moorlands,Bisexual,15,95800,0.015657620041753653
E07000198,Staffordshire Moorlands,Bisexual,15,95800,0.015657620041753653
E07000198,Staffordshire Moorlands,All other sexual orientations,0,95800,0
E07000198,Staffordshire Moorlands,All other sexual orientations,110,95800,0.11482254697286012
E07000198,Staffordshire Moorlands,All other sexual orientations,9,95800,0.009394572025052192
E07000198,Staffordshire Moorlands,All other sexual orientations,2,95800,0.0020876826722338203
E07000198,Staffordshire Moorlands,All other sexual orientations,4,95800,0.0041753653444676405
E07000198,Staffordshire Moorlands,Not answered,0,95800,0
E07000198,Staffordshire Moorlands,Not answered,4542,95800,4.7411273486430066
E07000198,Staffordshire Moorlands,Not answered,262,95800,0.27348643006263046
E07000198,Staffordshire Moorlands,Not answered,95,95800,0.09916492693110647
E07000198,Staffordshire Moorlands,Not answered,196,95800,0.2045929018789144
E07000199,Tamworth,Does not apply,0,78600,0
E07000199,Tamworth,Does not apply,0,78600,0
E07000199,Tamworth,Does not apply,0,78600,0
E07000199,Tamworth,Does not apply,0,78600,0
E07000199,Tamworth,Does not apply,0,78600,0
E07000199,Tamworth,Straight or Heterosexual,0,78600,0
E07000199,Tamworth,Straight or Heterosexual,52304,78600,66.54452926208651
E07000199,Tamworth,Straight or Heterosexual,2894,78600,3.681933842239186
E07000199,Tamworth,Straight or Heterosexual,1322,78600,1.6819338422391859
E07000199,Tamworth,Straight or Heterosexual,2231,78600,2.8384223918575064
E07000199,Tamworth,Gay or Lesbian,0,78600,0
E07000199,Tamworth,Gay or Lesbian,643,78600,0.8180661577608143
E07000199,Tamworth,Gay or Lesbian,42,78600,0.05343511450381679
E07000199,Tamworth,Gay or Lesbian,29,78600,0.03689567430025445
E07000199,Tamworth,Gay or Lesbian,18,78600,0.022900763358778626
E07000199,Tamworth,Bisexual,0,78600,0
E07000199,Tamworth,Bisexual,532,78600,0.6768447837150128
E07000199,Tamworth,Bisexual,37,78600,0.047073791348600506
E07000199,Tamworth,Bisexual,10,78600,0.01272264631043257
E07000199,Tamworth,Bisexual,20,78600,0.02544529262086514
E07000199,Tamworth,All other sexual orientations,0,78600,0
E07000199,Tamworth,All other sexual orientations,121,78600,0.15394402035623408
E07000199,Tamworth,All other sexual orientations,7,78600,0.008905852417302799
E07000199,Tamworth,All other sexual orientations,3,78600,0.003816793893129771
E07000199,Tamworth,All other sexual orientations,5,78600,0.006361323155216285
E07000199,Tamworth,Not answered,0,78600,0
E07000199,Tamworth,Not answered,3231,78600,4.1106870229007635
E07000199,Tamworth,Not answered,164,78600,0.20865139949109415
E07000199,Tamworth,Not answered,57,78600,0.07251908396946564
E07000199,Tamworth,Not answered,121,78600,0.15394402035623408
E07000200,Babergh,Does not apply,0,92300,0
E07000200,Babergh,Does not apply,0,92300,0
E07000200,Babergh,Does not apply,0,92300,0
E07000200,Babergh,Does not apply,0,92300,0
E07000200,Babergh,Does not apply,0,92300,0
E07000200,Babergh,Straight or Heterosexual,0,92300,0
E07000200,Babergh,Straight or Heterosexual,63183,92300,68.45395449620801
E07000200,Babergh,Straight or Heterosexual,3958,92300,4.28819068255688
E07000200,Babergh,Straight or Heterosexual,1192,92300,1.2914409534127844
E07000200,Babergh,Straight or Heterosexual,2101,92300,2.276273022751896
E07000200,Babergh,Gay or Lesbian,0,92300,0
E07000200,Babergh,Gay or Lesbian,761,92300,0.8244853737811484
E07000200,Babergh,Gay or Lesbian,43,92300,0.04658721560130011
E07000200,Babergh,Gay or Lesbian,14,92300,0.015167930660888408
E07000200,Babergh,Gay or Lesbian,25,92300,0.027085590465872156
E07000200,Babergh,Bisexual,0,92300,0
E07000200,Babergh,Bisexual,576,92300,0.6240520043336945
E07000200,Babergh,Bisexual,44,92300,0.047670639219934995
E07000200,Babergh,Bisexual,16,92300,0.01733477789815818
E07000200,Babergh,Bisexual,18,92300,0.01950162513542795
E07000200,Babergh,All other sexual orientations,0,92300,0
E07000200,Babergh,All other sexual orientations,130,92300,0.14084507042253522
E07000200,Babergh,All other sexual orientations,11,92300,0.011917659804983749
E07000200,Babergh,All other sexual orientations,3,92300,0.0032502708559046588
E07000200,Babergh,All other sexual orientations,10,92300,0.010834236186348862
E07000200,Babergh,Not answered,0,92300,0
E07000200,Babergh,Not answered,4812,92300,5.2134344528710725
E07000200,Babergh,Not answered,237,92300,0.25677139761646806
E07000200,Babergh,Not answered,102,92300,0.1105092091007584
E07000200,Babergh,Not answered,148,92300,0.16034669555796316
E07000202,Ipswich,Does not apply,0,139700,0
E07000202,Ipswich,Does not apply,0,139700,0
E07000202,Ipswich,Does not apply,0,139700,0
E07000202,Ipswich,Does not apply,0,139700,0
E07000202,Ipswich,Does not apply,0,139700,0
E07000202,Ipswich,Straight or Heterosexual,0,139700,0
E07000202,Ipswich,Straight or Heterosexual,89215,139700,63.86184681460272
E07000202,Ipswich,Straight or Heterosexual,4682,139700,3.3514674302075877
E07000202,Ipswich,Straight or Heterosexual,2071,139700,1.4824624194702936
E07000202,Ipswich,Straight or Heterosexual,3058,139700,2.188976377952756
E07000202,Ipswich,Gay or Lesbian,0,139700,0
E07000202,Ipswich,Gay or Lesbian,1554,139700,1.1123836793128132
E07000202,Ipswich,Gay or Lesbian,94,139700,0.06728704366499642
E07000202,Ipswich,Gay or Lesbian,41,139700,0.02934860415175376
E07000202,Ipswich,Gay or Lesbian,34,139700,0.024337866857551897
E07000202,Ipswich,Bisexual,0,139700,0
E07000202,Ipswich,Bisexual,1562,139700,1.1181102362204725
E07000202,Ipswich,Bisexual,86,139700,0.06156048675733715
E07000202,Ipswich,Bisexual,45,139700,0.03221188260558339
E07000202,Ipswich,Bisexual,61,139700,0.043664996420901936
E07000202,Ipswich,All other sexual orientations,0,139700,0
E07000202,Ipswich,All other sexual orientations,557,139700,0.39871152469577664
E07000202,Ipswich,All other sexual orientations,29,139700,0.020758768790264854
E07000202,Ipswich,All other sexual orientations,16,139700,0.01145311381531854
E07000202,Ipswich,All other sexual orientations,13,139700,0.009305654974946313
E07000202,Ipswich,Not answered,0,139700,0
E07000202,Ipswich,Not answered,7955,139700,5.6943450250536864
E07000202,Ipswich,Not answered,321,139700,0.2297780959198282
E07000202,Ipswich,Not answered,183,139700,0.1309949892627058
E07000202,Ipswich,Not answered,253,139700,0.18110236220472442
E07000203,Mid Suffolk,Does not apply,0,102700,0
E07000203,Mid Suffolk,Does not apply,0,102700,0
E07000203,Mid Suffolk,Does not apply,0,102700,0
E07000203,Mid Suffolk,Does not apply,0,102700,0
E07000203,Mid Suffolk,Does not apply,0,102700,0
E07000203,Mid Suffolk,Straight or Heterosexual,0,102700,0
E07000203,Mid Suffolk,Straight or Heterosexual,71046,102700,69.17818889970789
E07000203,Mid Suffolk,Straight or Heterosexual,4545,102700,4.425511197663097
E07000203,Mid Suffolk,Straight or Heterosexual,1286,102700,1.252190847127556
E07000203,Mid Suffolk,Straight or Heterosexual,2189,102700,2.1314508276533592
E07000203,Mid Suffolk,Gay or Lesbian,0,102700,0
E07000203,Mid Suffolk,Gay or Lesbian,882,102700,0.8588120740019474
E07000203,Mid Suffolk,Gay or Lesbian,65,102700,0.06329113924050633
E07000203,Mid Suffolk,Gay or Lesbian,13,102700,0.012658227848101266
E07000203,Mid Suffolk,Gay or Lesbian,26,102700,0.02531645569620253
E07000203,Mid Suffolk,Bisexual,0,102700,0
E07000203,Mid Suffolk,Bisexual,695,102700,0.676728334956183
E07000203,Mid Suffolk,Bisexual,41,102700,0.03992210321324245
E07000203,Mid Suffolk,Bisexual,12,102700,0.011684518013631937
E07000203,Mid Suffolk,Bisexual,18,102700,0.017526777020447908
E07000203,Mid Suffolk,All other sexual orientations,0,102700,0
E07000203,Mid Suffolk,All other sexual orientations,153,102700,0.14897760467380722
E07000203,Mid Suffolk,All other sexual orientations,15,102700,0.014605647517039922
E07000203,Mid Suffolk,All other sexual orientations,5,102700,0.004868549172346641
E07000203,Mid Suffolk,All other sexual orientations,5,102700,0.004868549172346641
E07000203,Mid Suffolk,Not answered,0,102700,0
E07000203,Mid Suffolk,Not answered,4780,102700,4.6543330087633885
E07000203,Mid Suffolk,Not answered,284,102700,0.2765335929892892
E07000203,Mid Suffolk,Not answered,94,102700,0.09152872444011685
E07000203,Mid Suffolk,Not answered,148,102700,0.14410905550146055
E07000207,Elmbridge,Does not apply,0,138800,0
E07000207,Elmbridge,Does not apply,0,138800,0
E07000207,Elmbridge,Does not apply,0,138800,0
E07000207,Elmbridge,Does not apply,0,138800,0
E07000207,Elmbridge,Does not apply,0,138800,0
E07000207,Elmbridge,Straight or Heterosexual,0,138800,0
E07000207,Elmbridge,Straight or Heterosexual,90919,138800,65.50360230547551
E07000207,Elmbridge,Straight or Heterosexual,5025,138800,3.6203170028818445
E07000207,Elmbridge,Straight or Heterosexual,1343,138800,0.9675792507204611
E07000207,Elmbridge,Straight or Heterosexual,2094,138800,1.5086455331412103
E07000207,Elmbridge,Gay or Lesbian,0,138800,0
E07000207,Elmbridge,Gay or Lesbian,1046,138800,0.7536023054755043
E07000207,Elmbridge,Gay or Lesbian,76,138800,0.05475504322766571
E07000207,Elmbridge,Gay or Lesbian,14,138800,0.010086455331412104
E07000207,Elmbridge,Gay or Lesbian,20,138800,0.01440922190201729
E07000207,Elmbridge,Bisexual,0,138800,0
E07000207,Elmbridge,Bisexual,751,138800,0.5410662824207493
E07000207,Elmbridge,Bisexual,56,138800,0.040345821325648415
E07000207,Elmbridge,Bisexual,16,138800,0.011527377521613832
E07000207,Elmbridge,Bisexual,14,138800,0.010086455331412104
E07000207,Elmbridge,All other sexual orientations,0,138800,0
E07000207,Elmbridge,All other sexual orientations,197,138800,0.1419308357348703
E07000207,Elmbridge,All other sexual orientations,12,138800,0.008645533141210375
E07000207,Elmbridge,All other sexual orientations,3,138800,0.002161383285302594
E07000207,Elmbridge,All other sexual orientations,6,138800,0.004322766570605188
E07000207,Elmbridge,Not answered,0,138800,0
E07000207,Elmbridge,Not answered,6587,138800,4.745677233429395
E07000207,Elmbridge,Not answered,321,138800,0.23126801152737753
E07000207,Elmbridge,Not answered,119,138800,0.08573487031700289
E07000207,Elmbridge,Not answered,153,138800,0.11023054755043228
E07000208,Epsom and Ewell,Does not apply,0,80900,0
E07000208,Epsom and Ewell,Does not apply,0,80900,0
E07000208,Epsom and Ewell,Does not apply,0,80900,0
E07000208,Epsom and Ewell,Does not apply,0,80900,0
E07000208,Epsom and Ewell,Does not apply,0,80900,0
E07000208,Epsom and Ewell,Straight or Heterosexual,0,80900,0
E07000208,Epsom and Ewell,Straight or Heterosexual,53357,80900,65.95426452410383
E07000208,Epsom and Ewell,Straight or Heterosexual,3048,80900,3.7676143386897403
E07000208,Epsom and Ewell,Straight or Heterosexual,888,80900,1.0976514215080346
E07000208,Epsom and Ewell,Straight or Heterosexual,1437,80900,1.7762669962917181
E07000208,Epsom and Ewell,Gay or Lesbian,0,80900,0
E07000208,Epsom and Ewell,Gay or Lesbian,638,80900,0.788627935723115
E07000208,Epsom and Ewell,Gay or Lesbian,38,80900,0.04697156983930779
E07000208,Epsom and Ewell,Gay or Lesbian,8,80900,0.009888751545117428
E07000208,Epsom and Ewell,Gay or Lesbian,7,80900,0.00865265760197775
E07000208,Epsom and Ewell,Bisexual,0,80900,0
E07000208,Epsom and Ewell,Bisexual,517,80900,0.6390605686032138
E07000208,Epsom and Ewell,Bisexual,31,80900,0.038318912237330034
E07000208,Epsom and Ewell,Bisexual,14,80900,0.0173053152039555
E07000208,Epsom and Ewell,Bisexual,6,80900,0.007416563658838072
E07000208,Epsom and Ewell,All other sexual orientations,0,80900,0
E07000208,Epsom and Ewell,All other sexual orientations,122,80900,0.1508034610630408
E07000208,Epsom and Ewell,All other sexual orientations,15,80900,0.018541409147095178
E07000208,Epsom and Ewell,All other sexual orientations,5,80900,0.006180469715698393
E07000208,Epsom and Ewell,All other sexual orientations,3,80900,0.003708281829419036
E07000208,Epsom and Ewell,Not answered,0,80900,0
E07000208,Epsom and Ewell,Not answered,4094,80900,5.060568603213844
E07000208,Epsom and Ewell,Not answered,188,80900,0.2323856613102596
E07000208,Epsom and Ewell,Not answered,79,80900,0.09765142150803462
E07000208,Epsom and Ewell,Not answered,113,80900,0.13967861557478367
E07000209,Guildford,Does not apply,0,143600,0
E07000209,Guildford,Does not apply,0,143600,0
E07000209,Guildford,Does not apply,0,143600,0
E07000209,Guildford,Does not apply,0,143600,0
E07000209,Guildford,Does not apply,0,143600,0
E07000209,Guildford,Straight or Heterosexual,0,143600,0
E07000209,Guildford,Straight or Heterosexual,96723,143600,67.3558495821727
E07000209,Guildford,Straight or Heterosexual,5408,143600,3.766016713091922
E07000209,Guildford,Straight or Heterosexual,1442,143600,1.0041782729805013
E07000209,Guildford,Straight or Heterosexual,2443,143600,1.7012534818941505
E07000209,Guildford,Gay or Lesbian,0,143600,0
E07000209,Guildford,Gay or Lesbian,1568,143600,1.0919220055710306
E07000209,Guildford,Gay or Lesbian,65,143600,0.04526462395543175
E07000209,Guildford,Gay or Lesbian,18,143600,0.012534818941504178
E07000209,Guildford,Gay or Lesbian,19,143600,0.013231197771587743
E07000209,Guildford,Bisexual,0,143600,0
E07000209,Guildford,Bisexual,1832,143600,1.275766016713092
E07000209,Guildford,Bisexual,108,143600,0.07520891364902507
E07000209,Guildford,Bisexual,29,143600,0.0201949860724234
E07000209,Guildford,Bisexual,21,143600,0.014623955431754874
E07000209,Guildford,All other sexual orientations,0,143600,0
E07000209,Guildford,All other sexual orientations,421,143600,0.2931754874651811
E07000209,Guildford,All other sexual orientations,25,143600,0.017409470752089137
E07000209,Guildford,All other sexual orientations,2,143600,0.001392757660167131
E07000209,Guildford,All other sexual orientations,10,143600,0.006963788300835654
E07000209,Guildford,Not answered,0,143600,0
E07000209,Guildford,Not answered,8601,143600,5.9895543175487465
E07000209,Guildford,Not answered,393,143600,0.2736768802228412
E07000209,Guildford,Not answered,95,143600,0.06615598885793872
E07000209,Guildford,Not answered,135,143600,0.09401114206128133
E07000210,Mole Valley,Does not apply,0,87400,0
E07000210,Mole Valley,Does not apply,0,87400,0
E07000210,Mole Valley,Does not apply,0,87400,0
E07000210,Mole Valley,Does not apply,0,87400,0
E07000210,Mole Valley,Does not apply,0,87400,0
E07000210,Mole Valley,Straight or Heterosexual,0,87400,0
E07000210,Mole Valley,Straight or Heterosexual,59629,87400,68.2254004576659
E07000210,Mole Valley,Straight or Heterosexual,3949,87400,4.518306636155606
E07000210,Mole Valley,Straight or Heterosexual,955,87400,1.0926773455377574
E07000210,Mole Valley,Straight or Heterosexual,1659,87400,1.8981693363844394
E07000210,Mole Valley,Gay or Lesbian,0,87400,0
E07000210,Mole Valley,Gay or Lesbian,699,87400,0.799771167048055
E07000210,Mole Valley,Gay or Lesbian,39,87400,0.04462242562929062
E07000210,Mole Valley,Gay or Lesbian,12,87400,0.013729977116704805
E07000210,Mole Valley,Gay or Lesbian,11,87400,0.012585812356979404
E07000210,Mole Valley,Bisexual,0,87400,0
E07000210,Mole Valley,Bisexual,536,87400,0.6132723112128147
E07000210,Mole Valley,Bisexual,35,87400,0.04004576659038902
E07000210,Mole Valley,Bisexual,11,87400,0.012585812356979404
E07000210,Mole Valley,Bisexual,16,87400,0.018306636155606407
E07000210,Mole Valley,All other sexual orientations,0,87400,0
E07000210,Mole Valley,All other sexual orientations,130,87400,0.14874141876430205
E07000210,Mole Valley,All other sexual orientations,14,87400,0.016018306636155607
E07000210,Mole Valley,All other sexual orientations,1,87400,0.0011441647597254005
E07000210,Mole Valley,All other sexual orientations,2,87400,0.002288329519450801
E07000210,Mole Valley,Not answered,0,87400,0
E07000210,Mole Valley,Not answered,4229,87400,4.838672768878719
E07000210,Mole Valley,Not answered,250,87400,0.28604118993135014
E07000210,Mole Valley,Not answered,71,87400,0.08123569794050343
E07000210,Mole Valley,Not answered,95,87400,0.10869565217391304
E07000211,Reigate and Banstead,Does not apply,0,150900,0
E07000211,Reigate and Banstead,Does not apply,0,150900,0
E07000211,Reigate and Banstead,Does not apply,0,150900,0
E07000211,Reigate and Banstead,Does not apply,0,150900,0
E07000211,Reigate and Banstead,Does not apply,0,150900,0
E07000211,Reigate and Banstead,Straight or Heterosexual,0,150900,0
E07000211,Reigate and Banstead,Straight or Heterosexual,99405,150900,65.87475149105367
E07000211,Reigate and Banstead,Straight or Heterosexual,5488,150900,3.6368455931080184
E07000211,Reigate and Banstead,Straight or Heterosexual,1748,150900,1.1583830351225977
E07000211,Reigate and Banstead,Straight or Heterosexual,2681,150900,1.7766732935719018
E07000211,Reigate and Banstead,Gay or Lesbian,0,150900,0
E07000211,Reigate and Banstead,Gay or Lesbian,1260,150900,0.8349900596421471
E07000211,Reigate and Banstead,Gay or Lesbian,87,150900,0.05765407554671968
E07000211,Reigate and Banstead,Gay or Lesbian,27,150900,0.017892644135188866
E07000211,Reigate and Banstead,Gay or Lesbian,22,150900,0.0145791915175613
E07000211,Reigate and Banstead,Bisexual,0,150900,0
E07000211,Reigate and Banstead,Bisexual,975,150900,0.6461232604373758
E07000211,Reigate and Banstead,Bisexual,67,150900,0.04440026507620941
E07000211,Reigate and Banstead,Bisexual,22,150900,0.0145791915175613
E07000211,Reigate and Banstead,Bisexual,25,150900,0.01656726308813784
E07000211,Reigate and Banstead,All other sexual orientations,0,150900,0
E07000211,Reigate and Banstead,All other sexual orientations,246,150900,0.16302186878727634
E07000211,Reigate and Banstead,All other sexual orientations,17,150900,0.01126573889993373
E07000211,Reigate and Banstead,All other sexual orientations,5,150900,0.0033134526176275677
E07000211,Reigate and Banstead,All other sexual orientations,1,150900,6.626905235255136e-4
E07000211,Reigate and Banstead,Not answered,0,150900,0
E07000211,Reigate and Banstead,Not answered,7363,150900,4.879390324718356
E07000211,Reigate and Banstead,Not answered,349,150900,0.23127899271040425
E07000211,Reigate and Banstead,Not answered,144,150900,0.09542743538767395
E07000211,Reigate and Banstead,Not answered,196,150900,0.12988734261100066
E07000212,Runnymede,Does not apply,0,88100,0
E07000212,Runnymede,Does not apply,0,88100,0
E07000212,Runnymede,Does not apply,0,88100,0
E07000212,Runnymede,Does not apply,0,88100,0
E07000212,Runnymede,Does not apply,0,88100,0
E07000212,Runnymede,Straight or Heterosexual,0,88100,0
E07000212,Runnymede,Straight or Heterosexual,58596,88100,66.51078320090807
E07000212,Runnymede,Straight or Heterosexual,3118,88100,3.539160045402951
E07000212,Runnymede,Straight or Heterosexual,1037,88100,1.1770715096481272
E07000212,Runnymede,Straight or Heterosexual,1638,88100,1.8592508513053347
E07000212,Runnymede,Gay or Lesbian,0,88100,0
E07000212,Runnymede,Gay or Lesbian,932,88100,1.05788876276958
E07000212,Runnymede,Gay or Lesbian,53,88100,0.060158910329171394
E07000212,Runnymede,Gay or Lesbian,16,88100,0.018161180476730987
E07000212,Runnymede,Gay or Lesbian,16,88100,0.018161180476730987
E07000212,Runnymede,Bisexual,0,88100,0
E07000212,Runnymede,Bisexual,1153,88100,1.3087400681044268
E07000212,Runnymede,Bisexual,44,88100,0.049943246311010214
E07000212,Runnymede,Bisexual,16,88100,0.018161180476730987
E07000212,Runnymede,Bisexual,20,88100,0.022701475595913734
E07000212,Runnymede,All other sexual orientations,0,88100,0
E07000212,Runnymede,All other sexual orientations,267,88100,0.3030646992054484
E07000212,Runnymede,All other sexual orientations,11,88100,0.012485811577752554
E07000212,Runnymede,All other sexual orientations,1,88100,0.0011350737797956867
E07000212,Runnymede,All other sexual orientations,3,88100,0.00340522133938706
E07000212,Runnymede,Not answered,0,88100,0
E07000212,Runnymede,Not answered,5337,88100,6.05788876276958
E07000212,Runnymede,Not answered,223,88100,0.25312145289443816
E07000212,Runnymede,Not answered,70,88100,0.07945516458569807
E07000212,Runnymede,Not answered,167,88100,0.18955732122587968
E07000213,Spelthorne,Does not apply,0,103000,0
E07000213,Spelthorne,Does not apply,0,103000,0
E07000213,Spelthorne,Does not apply,0,103000,0
E07000213,Spelthorne,Does not apply,0,103000,0
E07000213,Spelthorne,Does not apply,0,103000,0
E07000213,Spelthorne,Straight or Heterosexual,0,103000,0
E07000213,Spelthorne,Straight or Heterosexual,68103,103000,66.11941747572816
E07000213,Spelthorne,Straight or Heterosexual,3920,103000,3.8058252427184467
E07000213,Spelthorne,Straight or Heterosexual,1372,103000,1.3320388349514563
E07000213,Spelthorne,Straight or Heterosexual,2110,103000,2.0485436893203883
E07000213,Spelthorne,Gay or Lesbian,0,103000,0
E07000213,Spelthorne,Gay or Lesbian,965,103000,0.9368932038834952
E07000213,Spelthorne,Gay or Lesbian,82,103000,0.07961165048543689
E07000213,Spelthorne,Gay or Lesbian,21,103000,0.020388349514563107
E07000213,Spelthorne,Gay or Lesbian,20,103000,0.019417475728155338
E07000213,Spelthorne,Bisexual,0,103000,0
E07000213,Spelthorne,Bisexual,626,103000,0.6077669902912621
E07000213,Spelthorne,Bisexual,48,103000,0.04660194174757282
E07000213,Spelthorne,Bisexual,16,103000,0.015533980582524271
E07000213,Spelthorne,Bisexual,14,103000,0.013592233009708738
E07000213,Spelthorne,All other sexual orientations,0,103000,0
E07000213,Spelthorne,All other sexual orientations,138,103000,0.13398058252427184
E07000213,Spelthorne,All other sexual orientations,10,103000,0.009708737864077669
E07000213,Spelthorne,All other sexual orientations,10,103000,0.009708737864077669
E07000213,Spelthorne,All other sexual orientations,3,103000,0.002912621359223301
E07000213,Spelthorne,Not answered,0,103000,0
E07000213,Spelthorne,Not answered,5437,103000,5.278640776699029
E07000213,Spelthorne,Not answered,218,103000,0.21165048543689322
E07000213,Spelthorne,Not answered,109,103000,0.10582524271844661
E07000213,Spelthorne,Not answered,140,103000,0.13592233009708737
E07000214,Surrey Heath,Does not apply,0,90500,0
E07000214,Surrey Heath,Does not apply,0,90500,0
E07000214,Surrey Heath,Does not apply,0,90500,0
E07000214,Surrey Heath,Does not apply,0,90500,0
E07000214,Surrey Heath,Does not apply,0,90500,0
E07000214,Surrey Heath,Straight or Heterosexual,0,90500,0
E07000214,Surrey Heath,Straight or Heterosexual,61833,90500,68.32375690607735
E07000214,Surrey Heath,Straight or Heterosexual,3399,90500,3.7558011049723756
E07000214,Surrey Heath,Straight or Heterosexual,1001,90500,1.1060773480662984
E07000214,Surrey Heath,Straight or Heterosexual,1565,90500,1.729281767955801
E07000214,Surrey Heath,Gay or Lesbian,0,90500,0
E07000214,Surrey Heath,Gay or Lesbian,701,90500,0.7745856353591161
E07000214,Surrey Heath,Gay or Lesbian,44,90500,0.04861878453038674
E07000214,Surrey Heath,Gay or Lesbian,14,90500,0.015469613259668509
E07000214,Surrey Heath,Gay or Lesbian,15,90500,0.016574585635359115
E07000214,Surrey Heath,Bisexual,0,90500,0
E07000214,Surrey Heath,Bisexual,542,90500,0.5988950276243094
E07000214,Surrey Heath,Bisexual,28,90500,0.030939226519337018
E07000214,Surrey Heath,Bisexual,11,90500,0.012154696132596685
E07000214,Surrey Heath,Bisexual,8,90500,0.008839779005524863
E07000214,Surrey Heath,All other sexual orientations,0,90500,0
E07000214,Surrey Heath,All other sexual orientations,140,90500,0.15469613259668508
E07000214,Surrey Heath,All other sexual orientations,12,90500,0.013259668508287293
E07000214,Surrey Heath,All other sexual orientations,2,90500,0.0022099447513812156
E07000214,Surrey Heath,All other sexual orientations,4,90500,0.004419889502762431
E07000214,Surrey Heath,Not answered,0,90500,0
E07000214,Surrey Heath,Not answered,4107,90500,4.538121546961326
E07000214,Surrey Heath,Not answered,184,90500,0.20331491712707184
E07000214,Surrey Heath,Not answered,81,90500,0.08950276243093923
E07000214,Surrey Heath,Not answered,94,90500,0.10386740331491713
E07000215,Tandridge,Does not apply,0,87900,0
E07000215,Tandridge,Does not apply,0,87900,0
E07000215,Tandridge,Does not apply,0,87900,0
E07000215,Tandridge,Does not apply,0,87900,0
E07000215,Tandridge,Does not apply,0,87900,0
E07000215,Tandridge,Straight or Heterosexual,0,87900,0
E07000215,Tandridge,Straight or Heterosexual,58332,87900,66.3617747440273
E07000215,Tandridge,Straight or Heterosexual,3685,87900,4.19226393629124
E07000215,Tandridge,Straight or Heterosexual,997,87900,1.1342434584755403
E07000215,Tandridge,Straight or Heterosexual,1704,87900,1.9385665529010239
E07000215,Tandridge,Gay or Lesbian,0,87900,0
E07000215,Tandridge,Gay or Lesbian,667,87900,0.7588168373151308
E07000215,Tandridge,Gay or Lesbian,46,87900,0.05233219567690557
E07000215,Tandridge,Gay or Lesbian,12,87900,0.013651877133105802
E07000215,Tandridge,Gay or Lesbian,19,87900,0.02161547212741752
E07000215,Tandridge,Bisexual,0,87900,0
E07000215,Tandridge,Bisexual,492,87900,0.5597269624573379
E07000215,Tandridge,Bisexual,42,87900,0.04778156996587031
E07000215,Tandridge,Bisexual,12,87900,0.013651877133105802
E07000215,Tandridge,Bisexual,13,87900,0.01478953356086462
E07000215,Tandridge,All other sexual orientations,0,87900,0
E07000215,Tandridge,All other sexual orientations,122,87900,0.13879408418657566
E07000215,Tandridge,All other sexual orientations,12,87900,0.013651877133105802
E07000215,Tandridge,All other sexual orientations,0,87900,0
E07000215,Tandridge,All other sexual orientations,7,87900,0.007963594994311717
E07000215,Tandridge,Not answered,0,87900,0
E07000215,Tandridge,Not answered,4265,87900,4.852104664391354
E07000215,Tandridge,Not answered,210,87900,0.23890784982935154
E07000215,Tandridge,Not answered,74,87900,0.08418657565415244
E07000215,Tandridge,Not answered,116,87900,0.13196814562002276
E07000216,Waverley,Does not apply,0,128200,0
E07000216,Waverley,Does not apply,0,128200,0
E07000216,Waverley,Does not apply,0,128200,0
E07000216,Waverley,Does not apply,0,128200,0
E07000216,Waverley,Does not apply,0,128200,0
E07000216,Waverley,Straight or Heterosexual,0,128200,0
E07000216,Waverley,Straight or Heterosexual,85568,128200,66.74570982839313
E07000216,Waverley,Straight or Heterosexual,5198,128200,4.054602184087363
E07000216,Waverley,Straight or Heterosexual,1275,128200,0.9945397815912637
E07000216,Waverley,Straight or Heterosexual,2157,128200,1.6825273010920436
E07000216,Waverley,Gay or Lesbian,0,128200,0
E07000216,Waverley,Gay or Lesbian,985,128200,0.7683307332293292
E07000216,Waverley,Gay or Lesbian,60,128200,0.046801872074883
E07000216,Waverley,Gay or Lesbian,22,128200,0.0171606864274571
E07000216,Waverley,Gay or Lesbian,9,128200,0.0070202808112324495
E07000216,Waverley,Bisexual,0,128200,0
E07000216,Waverley,Bisexual,1138,128200,0.8876755070202809
E07000216,Waverley,Bisexual,55,128200,0.042901716068642744
E07000216,Waverley,Bisexual,18,128200,0.014040561622464899
E07000216,Waverley,Bisexual,14,128200,0.0109204368174727
E07000216,Waverley,All other sexual orientations,0,128200,0
E07000216,Waverley,All other sexual orientations,247,128200,0.19266770670826833
E07000216,Waverley,All other sexual orientations,19,128200,0.014820592823712949
E07000216,Waverley,All other sexual orientations,6,128200,0.0046801872074883
E07000216,Waverley,All other sexual orientations,3,128200,0.00234009360374415
E07000216,Waverley,Not answered,0,128200,0
E07000216,Waverley,Not answered,6325,128200,4.933697347893916
E07000216,Waverley,Not answered,306,128200,0.23868954758190328
E07000216,Waverley,Not answered,95,128200,0.07410296411856475
E07000216,Waverley,Not answered,133,128200,0.10374414976599064
E07000217,Woking,Does not apply,0,103900,0
E07000217,Woking,Does not apply,0,103900,0
E07000217,Woking,Does not apply,0,103900,0
E07000217,Woking,Does not apply,0,103900,0
E07000217,Woking,Does not apply,0,103900,0
E07000217,Woking,Straight or Heterosexual,0,103900,0
E07000217,Woking,Straight or Heterosexual,68474,103900,65.90375360923966
E07000217,Woking,Straight or Heterosexual,3840,103900,3.695861405197305
E07000217,Woking,Straight or Heterosexual,1269,103900,1.221366698748797
E07000217,Woking,Straight or Heterosexual,1843,103900,1.7738209817131858
E07000217,Woking,Gay or Lesbian,0,103900,0
E07000217,Woking,Gay or Lesbian,910,103900,0.875842155919153
E07000217,Woking,Gay or Lesbian,43,103900,0.04138594802694899
E07000217,Woking,Gay or Lesbian,9,103900,0.008662175168431183
E07000217,Woking,Gay or Lesbian,19,103900,0.01828681424446583
E07000217,Woking,Bisexual,0,103900,0
E07000217,Woking,Bisexual,760,103900,0.7314725697786333
E07000217,Woking,Bisexual,44,103900,0.04234841193455245
E07000217,Woking,Bisexual,20,103900,0.019249278152069296
E07000217,Woking,Bisexual,13,103900,0.012512030798845043
E07000217,Woking,All other sexual orientations,0,103900,0
E07000217,Woking,All other sexual orientations,237,103900,0.22810394610202117
E07000217,Woking,All other sexual orientations,22,103900,0.021174205967276226
E07000217,Woking,All other sexual orientations,6,103900,0.005774783445620789
E07000217,Woking,All other sexual orientations,16,103900,0.015399422521655439
E07000217,Woking,Not answered,0,103900,0
E07000217,Woking,Not answered,4941,103900,4.75553416746872
E07000217,Woking,Not answered,264,103900,0.25409047160731474
E07000217,Woking,Not answered,114,103900,0.109720885466795
E07000217,Woking,Not answered,137,103900,0.13185755534167468
E07000218,North Warwickshire,Does not apply,0,65000,0
E07000218,North Warwickshire,Does not apply,0,65000,0
E07000218,North Warwickshire,Does not apply,0,65000,0
E07000218,North Warwickshire,Does not apply,0,65000,0
E07000218,North Warwickshire,Does not apply,0,65000,0
E07000218,North Warwickshire,Straight or Heterosexual,0,65000,0
E07000218,North Warwickshire,Straight or Heterosexual,43981,65000,67.66307692307693
E07000218,North Warwickshire,Straight or Heterosexual,2713,65000,4.173846153846154
E07000218,North Warwickshire,Straight or Heterosexual,1078,65000,1.6584615384615384
E07000218,North Warwickshire,Straight or Heterosexual,1783,65000,2.743076923076923
E07000218,North Warwickshire,Gay or Lesbian,0,65000,0
E07000218,North Warwickshire,Gay or Lesbian,573,65000,0.8815384615384615
E07000218,North Warwickshire,Gay or Lesbian,46,65000,0.07076923076923076
E07000218,North Warwickshire,Gay or Lesbian,15,65000,0.023076923076923078
E07000218,North Warwickshire,Gay or Lesbian,18,65000,0.027692307692307693
E07000218,North Warwickshire,Bisexual,0,65000,0
E07000218,North Warwickshire,Bisexual,390,65000,0.6
E07000218,North Warwickshire,Bisexual,32,65000,0.04923076923076923
E07000218,North Warwickshire,Bisexual,13,65000,0.02
E07000218,North Warwickshire,Bisexual,21,65000,0.03230769230769231
E07000218,North Warwickshire,All other sexual orientations,0,65000,0
E07000218,North Warwickshire,All other sexual orientations,91,65000,0.14
E07000218,North Warwickshire,All other sexual orientations,10,65000,0.015384615384615385
E07000218,North Warwickshire,All other sexual orientations,2,65000,0.003076923076923077
E07000218,North Warwickshire,All other sexual orientations,0,65000,0
E07000218,North Warwickshire,Not answered,0,65000,0
E07000218,North Warwickshire,Not answered,2813,65000,4.327692307692308
E07000218,North Warwickshire,Not answered,133,65000,0.20461538461538462
E07000218,North Warwickshire,Not answered,63,65000,0.09692307692307692
E07000218,North Warwickshire,Not answered,126,65000,0.19384615384615383
E07000219,Nuneaton and Bedworth,Does not apply,0,134200,0
E07000219,Nuneaton and Bedworth,Does not apply,0,134200,0
E07000219,Nuneaton and Bedworth,Does not apply,0,134200,0
E07000219,Nuneaton and Bedworth,Does not apply,0,134200,0
E07000219,Nuneaton and Bedworth,Does not apply,0,134200,0
E07000219,Nuneaton and Bedworth,Straight or Heterosexual,0,134200,0
E07000219,Nuneaton and Bedworth,Straight or Heterosexual,87894,134200,65.49478390461996
E07000219,Nuneaton and Bedworth,Straight or Heterosexual,5002,134200,3.727272727272727
E07000219,Nuneaton and Bedworth,Straight or Heterosexual,2377,134200,1.7712369597615498
E07000219,Nuneaton and Bedworth,Straight or Heterosexual,3709,134200,2.763785394932936
E07000219,Nuneaton and Bedworth,Gay or Lesbian,0,134200,0
E07000219,Nuneaton and Bedworth,Gay or Lesbian,1194,134200,0.8897168405365127
E07000219,Nuneaton and Bedworth,Gay or Lesbian,83,134200,0.06184798807749627
E07000219,Nuneaton and Bedworth,Gay or Lesbian,40,134200,0.029806259314456036
E07000219,Nuneaton and Bedworth,Gay or Lesbian,43,134200,0.03204172876304024
E07000219,Nuneaton and Bedworth,Bisexual,0,134200,0
E07000219,Nuneaton and Bedworth,Bisexual,956,134200,0.7123695976154992
E07000219,Nuneaton and Bedworth,Bisexual,54,134200,0.040238450074515646
E07000219,Nuneaton and Bedworth,Bisexual,35,134200,0.02608047690014903
E07000219,Nuneaton and Bedworth,Bisexual,42,134200,0.03129657228017884
E07000219,Nuneaton and Bedworth,All other sexual orientations,0,134200,0
E07000219,Nuneaton and Bedworth,All other sexual orientations,210,134200,0.15648286140089418
E07000219,Nuneaton and Bedworth,All other sexual orientations,18,134200,0.013412816691505217
E07000219,Nuneaton and Bedworth,All other sexual orientations,6,134200,0.004470938897168405
E07000219,Nuneaton and Bedworth,All other sexual orientations,7,134200,0.005216095380029807
E07000219,Nuneaton and Bedworth,Not answered,0,134200,0
E07000219,Nuneaton and Bedworth,Not answered,6189,134200,4.61177347242921
E07000219,Nuneaton and Bedworth,Not answered,316,134200,0.23546944858420268
E07000219,Nuneaton and Bedworth,Not answered,154,134200,0.11475409836065574
E07000219,Nuneaton and Bedworth,Not answered,260,134200,0.19374068554396423
E07000220,Rugby,Does not apply,0,114400,0
E07000220,Rugby,Does not apply,0,114400,0
E07000220,Rugby,Does not apply,0,114400,0
E07000220,Rugby,Does not apply,0,114400,0
E07000220,Rugby,Does not apply,0,114400,0
E07000220,Rugby,Straight or Heterosexual,0,114400,0
E07000220,Rugby,Straight or Heterosexual,75431,114400,65.93618881118881
E07000220,Rugby,Straight or Heterosexual,4314,114400,3.770979020979021
E07000220,Rugby,Straight or Heterosexual,1508,114400,1.3181818181818181
E07000220,Rugby,Straight or Heterosexual,2216,114400,1.937062937062937
E07000220,Rugby,Gay or Lesbian,0,114400,0
E07000220,Rugby,Gay or Lesbian,973,114400,0.8505244755244755
E07000220,Rugby,Gay or Lesbian,56,114400,0.04895104895104895
E07000220,Rugby,Gay or Lesbian,24,114400,0.02097902097902098
E07000220,Rugby,Gay or Lesbian,19,114400,0.016608391608391608
E07000220,Rugby,Bisexual,0,114400,0
E07000220,Rugby,Bisexual,881,114400,0.7701048951048951
E07000220,Rugby,Bisexual,51,114400,0.044580419580419584
E07000220,Rugby,Bisexual,15,114400,0.013111888111888112
E07000220,Rugby,Bisexual,26,114400,0.022727272727272728
E07000220,Rugby,All other sexual orientations,0,114400,0
E07000220,Rugby,All other sexual orientations,229,114400,0.20017482517482518
E07000220,Rugby,All other sexual orientations,15,114400,0.013111888111888112
E07000220,Rugby,All other sexual orientations,5,114400,0.004370629370629371
E07000220,Rugby,All other sexual orientations,6,114400,0.005244755244755245
E07000220,Rugby,Not answered,0,114400,0
E07000220,Rugby,Not answered,5881,114400,5.140734265734266
E07000220,Rugby,Not answered,244,114400,0.21328671328671328
E07000220,Rugby,Not answered,113,114400,0.09877622377622378
E07000220,Rugby,Not answered,182,114400,0.1590909090909091
E07000221,Stratford-on-Avon,Does not apply,0,134700,0
E07000221,Stratford-on-Avon,Does not apply,0,134700,0
E07000221,Stratford-on-Avon,Does not apply,0,134700,0
E07000221,Stratford-on-Avon,Does not apply,0,134700,0
E07000221,Stratford-on-Avon,Does not apply,0,134700,0
E07000221,Stratford-on-Avon,Straight or Heterosexual,0,134700,0
E07000221,Stratford-on-Avon,Straight or Heterosexual,93145,134700,69.14996288047513
E07000221,Stratford-on-Avon,Straight or Heterosexual,5740,134700,4.261321455085375
E07000221,Stratford-on-Avon,Straight or Heterosexual,1590,134700,1.1804008908685968
E07000221,Stratford-on-Avon,Straight or Heterosexual,2690,134700,1.9970304380103934
E07000221,Stratford-on-Avon,Gay or Lesbian,0,134700,0
E07000221,Stratford-on-Avon,Gay or Lesbian,1157,134700,0.8589458054936897
E07000221,Stratford-on-Avon,Gay or Lesbian,80,134700,0.05939123979213066
E07000221,Stratford-on-Avon,Gay or Lesbian,20,134700,0.014847809948032665
E07000221,Stratford-on-Avon,Gay or Lesbian,15,134700,0.011135857461024499
E07000221,Stratford-on-Avon,Bisexual,0,134700,0
E07000221,Stratford-on-Avon,Bisexual,846,134700,0.6280623608017817
E07000221,Stratford-on-Avon,Bisexual,61,134700,0.04528582034149963
E07000221,Stratford-on-Avon,Bisexual,16,134700,0.011878247958426132
E07000221,Stratford-on-Avon,Bisexual,23,134700,0.017074981440237565
E07000221,Stratford-on-Avon,All other sexual orientations,0,134700,0
E07000221,Stratford-on-Avon,All other sexual orientations,181,134700,0.13437268002969563
E07000221,Stratford-on-Avon,All other sexual orientations,18,134700,0.013363028953229399
E07000221,Stratford-on-Avon,All other sexual orientations,5,134700,0.003711952487008166
E07000221,Stratford-on-Avon,All other sexual orientations,4,134700,0.002969561989606533
E07000221,Stratford-on-Avon,Not answered,0,134700,0
E07000221,Stratford-on-Avon,Not answered,6429,134700,4.7728285077951
E07000221,Stratford-on-Avon,Not answered,309,134700,0.22939866369710468
E07000221,Stratford-on-Avon,Not answered,102,134700,0.0757238307349666
E07000221,Stratford-on-Avon,Not answered,207,134700,0.15367483296213807
E07000222,Warwick,Does not apply,0,148500,0
E07000222,Warwick,Does not apply,0,148500,0
E07000222,Warwick,Does not apply,0,148500,0
E07000222,Warwick,Does not apply,0,148500,0
E07000222,Warwick,Does not apply,0,148500,0
E07000222,Warwick,Straight or Heterosexual,0,148500,0
E07000222,Warwick,Straight or Heterosexual,100766,148500,67.85589225589226
E07000222,Warwick,Straight or Heterosexual,5747,148500,3.87003367003367
E07000222,Warwick,Straight or Heterosexual,1718,148500,1.1569023569023569
E07000222,Warwick,Straight or Heterosexual,2500,148500,1.6835016835016836
E07000222,Warwick,Gay or Lesbian,0,148500,0
E07000222,Warwick,Gay or Lesbian,1485,148500,1
E07000222,Warwick,Gay or Lesbian,105,148500,0.0707070707070707
E07000222,Warwick,Gay or Lesbian,28,148500,0.018855218855218854
E07000222,Warwick,Gay or Lesbian,26,148500,0.017508417508417508
E07000222,Warwick,Bisexual,0,148500,0
E07000222,Warwick,Bisexual,1873,148500,1.2612794612794613
E07000222,Warwick,Bisexual,88,148500,0.05925925925925926
E07000222,Warwick,Bisexual,21,148500,0.014141414141414142
E07000222,Warwick,Bisexual,18,148500,0.012121212121212121
E07000222,Warwick,All other sexual orientations,0,148500,0
E07000222,Warwick,All other sexual orientations,444,148500,0.298989898989899
E07000222,Warwick,All other sexual orientations,25,148500,0.016835016835016835
E07000222,Warwick,All other sexual orientations,9,148500,0.006060606060606061
E07000222,Warwick,All other sexual orientations,7,148500,0.0047138047138047135
E07000222,Warwick,Not answered,0,148500,0
E07000222,Warwick,Not answered,7748,148500,5.217508417508418
E07000222,Warwick,Not answered,340,148500,0.22895622895622897
E07000222,Warwick,Not answered,123,148500,0.08282828282828283
E07000222,Warwick,Not answered,181,148500,0.12188552188552189
E07000223,Adur,Does not apply,0,64500,0
E07000223,Adur,Does not apply,0,64500,0
E07000223,Adur,Does not apply,0,64500,0
E07000223,Adur,Does not apply,0,64500,0
E07000223,Adur,Does not apply,0,64500,0
E07000223,Adur,Straight or Heterosexual,0,64500,0
E07000223,Adur,Straight or Heterosexual,42505,64500,65.89922480620154
E07000223,Adur,Straight or Heterosexual,2715,64500,4.209302325581396
E07000223,Adur,Straight or Heterosexual,939,64500,1.455813953488372
E07000223,Adur,Straight or Heterosexual,1577,64500,2.4449612403100773
E07000223,Adur,Gay or Lesbian,0,64500,0
E07000223,Adur,Gay or Lesbian,901,64500,1.3968992248062015
E07000223,Adur,Gay or Lesbian,71,64500,0.11007751937984496
E07000223,Adur,Gay or Lesbian,28,64500,0.043410852713178294
E07000223,Adur,Gay or Lesbian,15,64500,0.023255813953488372
E07000223,Adur,Bisexual,0,64500,0
E07000223,Adur,Bisexual,535,64500,0.8294573643410853
E07000223,Adur,Bisexual,50,64500,0.07751937984496124
E07000223,Adur,Bisexual,13,64500,0.020155038759689922
E07000223,Adur,Bisexual,25,64500,0.03875968992248062
E07000223,Adur,All other sexual orientations,0,64500,0
E07000223,Adur,All other sexual orientations,129,64500,0.2
E07000223,Adur,All other sexual orientations,13,64500,0.020155038759689922
E07000223,Adur,All other sexual orientations,5,64500,0.007751937984496124
E07000223,Adur,All other sexual orientations,6,64500,0.009302325581395349
E07000223,Adur,Not answered,0,64500,0
E07000223,Adur,Not answered,3097,64500,4.801550387596899
E07000223,Adur,Not answered,155,64500,0.24031007751937986
E07000223,Adur,Not answered,63,64500,0.09767441860465116
E07000223,Adur,Not answered,112,64500,0.17364341085271318
E07000224,Arun,Does not apply,0,164800,0
E07000224,Arun,Does not apply,0,164800,0
E07000224,Arun,Does not apply,0,164800,0
E07000224,Arun,Does not apply,0,164800,0
E07000224,Arun,Does not apply,0,164800,0
E07000224,Arun,Straight or Heterosexual,0,164800,0
E07000224,Arun,Straight or Heterosexual,112930,164800,68.5254854368932
E07000224,Arun,Straight or Heterosexual,6510,164800,3.950242718446602
E07000224,Arun,Straight or Heterosexual,2403,164800,1.458131067961165
E07000224,Arun,Straight or Heterosexual,4147,164800,2.516383495145631
E07000224,Arun,Gay or Lesbian,0,164800,0
E07000224,Arun,Gay or Lesbian,1797,164800,1.0904126213592233
E07000224,Arun,Gay or Lesbian,118,164800,0.07160194174757281
E07000224,Arun,Gay or Lesbian,51,164800,0.030946601941747573
E07000224,Arun,Gay or Lesbian,38,164800,0.023058252427184466
E07000224,Arun,Bisexual,0,164800,0
E07000224,Arun,Bisexual,1210,164800,0.7342233009708737
E07000224,Arun,Bisexual,78,164800,0.04733009708737864
E07000224,Arun,Bisexual,40,164800,0.024271844660194174
E07000224,Arun,Bisexual,34,164800,0.02063106796116505
E07000224,Arun,All other sexual orientations,0,164800,0
E07000224,Arun,All other sexual orientations,275,164800,0.16686893203883496
E07000224,Arun,All other sexual orientations,22,164800,0.013349514563106795
E07000224,Arun,All other sexual orientations,7,164800,0.00424757281553398
E07000224,Arun,All other sexual orientations,6,164800,0.0036407766990291263
E07000224,Arun,Not answered,0,164800,0
E07000224,Arun,Not answered,8999,164800,5.460558252427185
E07000224,Arun,Not answered,426,164800,0.25849514563106796
E07000224,Arun,Not answered,162,164800,0.0983009708737864
E07000224,Arun,Not answered,301,164800,0.18264563106796117
E07000225,Chichester,Does not apply,0,124100,0
E07000225,Chichester,Does not apply,0,124100,0
E07000225,Chichester,Does not apply,0,124100,0
E07000225,Chichester,Does not apply,0,124100,0
E07000225,Chichester,Does not apply,0,124100,0
E07000225,Chichester,Straight or Heterosexual,0,124100,0
E07000225,Chichester,Straight or Heterosexual,85443,124100,68.85012087026591
E07000225,Chichester,Straight or Heterosexual,5254,124100,4.233682514101531
E07000225,Chichester,Straight or Heterosexual,1568,124100,1.2634971796937953
E07000225,Chichester,Straight or Heterosexual,2592,124100,2.088638195004029
E07000225,Chichester,Gay or Lesbian,0,124100,0
E07000225,Chichester,Gay or Lesbian,1291,124100,1.040290088638195
E07000225,Chichester,Gay or Lesbian,74,124100,0.05962933118452861
E07000225,Chichester,Gay or Lesbian,21,124100,0.016921837228041903
E07000225,Chichester,Gay or Lesbian,33,124100,0.0265914585012087
E07000225,Chichester,Bisexual,0,124100,0
E07000225,Chichester,Bisexual,1139,124100,0.9178082191780822
E07000225,Chichester,Bisexual,70,124100,0.05640612409347301
E07000225,Chichester,Bisexual,23,124100,0.018533440773569703
E07000225,Chichester,Bisexual,25,124100,0.020145044319097503
E07000225,Chichester,All other sexual orientations,0,124100,0
E07000225,Chichester,All other sexual orientations,281,124100,0.2264302981466559
E07000225,Chichester,All other sexual orientations,17,124100,0.0136986301369863
E07000225,Chichester,All other sexual orientations,7,124100,0.0056406124093473006
E07000225,Chichester,All other sexual orientations,2,124100,0.0016116035455278
E07000225,Chichester,Not answered,0,124100,0
E07000225,Chichester,Not answered,6234,124100,5.023368251410153
E07000225,Chichester,Not answered,331,124100,0.26672038678485094
E07000225,Chichester,Not answered,101,124100,0.08138597904915391
E07000225,Chichester,Not answered,205,124100,0.1651893634165995
E07000226,Crawley,Does not apply,0,118500,0
E07000226,Crawley,Does not apply,0,118500,0
E07000226,Crawley,Does not apply,0,118500,0
E07000226,Crawley,Does not apply,0,118500,0
E07000226,Crawley,Does not apply,0,118500,0
E07000226,Crawley,Straight or Heterosexual,0,118500,0
E07000226,Crawley,Straight or Heterosexual,76135,118500,64.24894514767932
E07000226,Crawley,Straight or Heterosexual,3834,118500,3.2354430379746835
E07000226,Crawley,Straight or Heterosexual,1774,118500,1.4970464135021098
E07000226,Crawley,Straight or Heterosexual,2357,118500,1.989029535864979
E07000226,Crawley,Gay or Lesbian,0,118500,0
E07000226,Crawley,Gay or Lesbian,1278,118500,1.0784810126582278
E07000226,Crawley,Gay or Lesbian,61,118500,0.05147679324894515
E07000226,Crawley,Gay or Lesbian,42,118500,0.035443037974683546
E07000226,Crawley,Gay or Lesbian,17,118500,0.014345991561181435
E07000226,Crawley,Bisexual,0,118500,0
E07000226,Crawley,Bisexual,905,118500,0.7637130801687764
E07000226,Crawley,Bisexual,56,118500,0.04725738396624472
E07000226,Crawley,Bisexual,24,118500,0.020253164556962026
E07000226,Crawley,Bisexual,33,118500,0.027848101265822784
E07000226,Crawley,All other sexual orientations,0,118500,0
E07000226,Crawley,All other sexual orientations,273,118500,0.23037974683544304
E07000226,Crawley,All other sexual orientations,8,118500,0.006751054852320675
E07000226,Crawley,All other sexual orientations,9,118500,0.007594936708860759
E07000226,Crawley,All other sexual orientations,10,118500,0.008438818565400843
E07000226,Crawley,Not answered,0,118500,0
E07000226,Crawley,Not answered,6187,118500,5.221097046413502
E07000226,Crawley,Not answered,251,118500,0.21181434599156118
E07000226,Crawley,Not answered,126,118500,0.10632911392405063
E07000226,Crawley,Not answered,188,118500,0.15864978902953586
E07000227,Horsham,Does not apply,0,146800,0
E07000227,Horsham,Does not apply,0,146800,0
E07000227,Horsham,Does not apply,0,146800,0
E07000227,Horsham,Does not apply,0,146800,0
E07000227,Horsham,Does not apply,0,146800,0
E07000227,Horsham,Straight or Heterosexual,0,146800,0
E07000227,Horsham,Straight or Heterosexual,99642,146800,67.87602179836512
E07000227,Horsham,Straight or Heterosexual,6288,146800,4.283378746594005
E07000227,Horsham,Straight or Heterosexual,1604,146800,1.0926430517711172
E07000227,Horsham,Straight or Heterosexual,2558,146800,1.7425068119891007
E07000227,Horsham,Gay or Lesbian,0,146800,0
E07000227,Horsham,Gay or Lesbian,1435,146800,0.9775204359673024
E07000227,Horsham,Gay or Lesbian,100,146800,0.0681198910081744
E07000227,Horsham,Gay or Lesbian,23,146800,0.015667574931880108
E07000227,Horsham,Gay or Lesbian,27,146800,0.018392370572207085
E07000227,Horsham,Bisexual,0,146800,0
E07000227,Horsham,Bisexual,1105,146800,0.752724795640327
E07000227,Horsham,Bisexual,73,146800,0.0497275204359673
E07000227,Horsham,Bisexual,22,146800,0.014986376021798364
E07000227,Horsham,Bisexual,24,146800,0.01634877384196185
E07000227,Horsham,All other sexual orientations,0,146800,0
E07000227,Horsham,All other sexual orientations,234,146800,0.15940054495912806
E07000227,Horsham,All other sexual orientations,18,146800,0.01226158038147139
E07000227,Horsham,All other sexual orientations,6,146800,0.004087193460490463
E07000227,Horsham,All other sexual orientations,8,146800,0.005449591280653951
E07000227,Horsham,Not answered,0,146800,0
E07000227,Horsham,Not answered,6819,146800,4.645095367847412
E07000227,Horsham,Not answered,362,146800,0.24659400544959129
E07000227,Horsham,Not answered,124,146800,0.08446866485013624
E07000227,Horsham,Not answered,192,146800,0.1307901907356948
E07000228,Mid Sussex,Does not apply,0,152600,0
E07000228,Mid Sussex,Does not apply,0,152600,0
E07000228,Mid Sussex,Does not apply,0,152600,0
E07000228,Mid Sussex,Does not apply,0,152600,0
E07000228,Mid Sussex,Does not apply,0,152600,0
E07000228,Mid Sussex,Straight or Heterosexual,0,152600,0
E07000228,Mid Sussex,Straight or Heterosexual,101860,152600,66.74967234600263
E07000228,Mid Sussex,Straight or Heterosexual,6160,152600,4.036697247706422
E07000228,Mid Sussex,Straight or Heterosexual,1638,152600,1.073394495412844
E07000228,Mid Sussex,Straight or Heterosexual,2619,152600,1.7162516382699868
E07000228,Mid Sussex,Gay or Lesbian,0,152600,0
E07000228,Mid Sussex,Gay or Lesbian,1491,152600,0.9770642201834863
E07000228,Mid Sussex,Gay or Lesbian,94,152600,0.061598951507208385
E07000228,Mid Sussex,Gay or Lesbian,28,152600,0.01834862385321101
E07000228,Mid Sussex,Gay or Lesbian,30,152600,0.019659239842726082
E07000228,Mid Sussex,Bisexual,0,152600,0
E07000228,Mid Sussex,Bisexual,1177,152600,0.77129750982962
E07000228,Mid Sussex,Bisexual,75,152600,0.0491480996068152
E07000228,Mid Sussex,Bisexual,26,152600,0.01703800786369594
E07000228,Mid Sussex,Bisexual,24,152600,0.015727391874180863
E07000228,Mid Sussex,All other sexual orientations,0,152600,0
E07000228,Mid Sussex,All other sexual orientations,274,152600,0.17955439056356487
E07000228,Mid Sussex,All other sexual orientations,14,152600,0.009174311926605505
E07000228,Mid Sussex,All other sexual orientations,11,152600,0.007208387942332897
E07000228,Mid Sussex,All other sexual orientations,3,152600,0.001965923984272608
E07000228,Mid Sussex,Not answered,0,152600,0
E07000228,Mid Sussex,Not answered,7144,152600,4.6815203145478375
E07000228,Mid Sussex,Not answered,356,152600,0.23328964613368283
E07000228,Mid Sussex,Not answered,114,152600,0.07470511140235911
E07000228,Mid Sussex,Not answered,179,152600,0.11730013106159895
E07000229,Worthing,Does not apply,0,111400,0
E07000229,Worthing,Does not apply,0,111400,0
E07000229,Worthing,Does not apply,0,111400,0
E07000229,Worthing,Does not apply,0,111400,0
E07000229,Worthing,Does not apply,0,111400,0
E07000229,Worthing,Straight or Heterosexual,0,111400,0
E07000229,Worthing,Straight or Heterosexual,73364,111400,65.85637342908439
E07000229,Worthing,Straight or Heterosexual,4476,111400,4.017953321364453
E07000229,Worthing,Straight or Heterosexual,1470,111400,1.319569120287253
E07000229,Worthing,Straight or Heterosexual,2542,111400,2.281867145421903
E07000229,Worthing,Gay or Lesbian,0,111400,0
E07000229,Worthing,Gay or Lesbian,1771,111400,1.5897666068222622
E07000229,Worthing,Gay or Lesbian,124,111400,0.11131059245960502
E07000229,Worthing,Gay or Lesbian,46,111400,0.04129263913824058
E07000229,Worthing,Gay or Lesbian,42,111400,0.03770197486535009
E07000229,Worthing,Bisexual,0,111400,0
E07000229,Worthing,Bisexual,1242,111400,1.1149012567324954
E07000229,Worthing,Bisexual,67,111400,0.06014362657091562
E07000229,Worthing,Bisexual,42,111400,0.03770197486535009
E07000229,Worthing,Bisexual,28,111400,0.025134649910233394
E07000229,Worthing,All other sexual orientations,0,111400,0
E07000229,Worthing,All other sexual orientations,305,111400,0.2737881508078995
E07000229,Worthing,All other sexual orientations,21,111400,0.018850987432675045
E07000229,Worthing,All other sexual orientations,11,111400,0.009874326750448833
E07000229,Worthing,All other sexual orientations,11,111400,0.009874326750448833
E07000229,Worthing,Not answered,0,111400,0
E07000229,Worthing,Not answered,6135,111400,5.507181328545781
E07000229,Worthing,Not answered,326,111400,0.2926391382405745
E07000229,Worthing,Not answered,132,111400,0.118491921005386
E07000229,Worthing,Not answered,193,111400,0.1732495511669659
E07000234,Bromsgrove,Does not apply,0,99200,0
E07000234,Bromsgrove,Does not apply,0,99200,0
E07000234,Bromsgrove,Does not apply,0,99200,0
E07000234,Bromsgrove,Does not apply,0,99200,0
E07000234,Bromsgrove,Does not apply,0,99200,0
E07000234,Bromsgrove,Straight or Heterosexual,0,99200,0
E07000234,Bromsgrove,Straight or Heterosexual,66495,99200,67.03125
E07000234,Bromsgrove,Straight or Heterosexual,4622,99200,4.659274193548387
E07000234,Bromsgrove,Straight or Heterosexual,1288,99200,1.2983870967741935
E07000234,Bromsgrove,Straight or Heterosexual,2208,99200,2.225806451612903
E07000234,Bromsgrove,Gay or Lesbian,0,99200,0
E07000234,Bromsgrove,Gay or Lesbian,806,99200,0.8125
E07000234,Bromsgrove,Gay or Lesbian,59,99200,0.059475806451612906
E07000234,Bromsgrove,Gay or Lesbian,19,99200,0.019153225806451613
E07000234,Bromsgrove,Gay or Lesbian,12,99200,0.012096774193548387
E07000234,Bromsgrove,Bisexual,0,99200,0
E07000234,Bromsgrove,Bisexual,538,99200,0.5423387096774194
E07000234,Bromsgrove,Bisexual,52,99200,0.05241935483870968
E07000234,Bromsgrove,Bisexual,6,99200,0.006048387096774193
E07000234,Bromsgrove,Bisexual,16,99200,0.016129032258064516
E07000234,Bromsgrove,All other sexual orientations,0,99200,0
E07000234,Bromsgrove,All other sexual orientations,122,99200,0.12298387096774194
E07000234,Bromsgrove,All other sexual orientations,13,99200,0.01310483870967742
E07000234,Bromsgrove,All other sexual orientations,2,99200,0.0020161290322580645
E07000234,Bromsgrove,All other sexual orientations,1,99200,0.0010080645161290322
E07000234,Bromsgrove,Not answered,0,99200,0
E07000234,Bromsgrove,Not answered,4323,99200,4.357862903225806
E07000234,Bromsgrove,Not answered,257,99200,0.2590725806451613
E07000234,Bromsgrove,Not answered,102,99200,0.1028225806451613
E07000234,Bromsgrove,Not answered,158,99200,0.1592741935483871
E07000235,Malvern Hills,Does not apply,0,79400,0
E07000235,Malvern Hills,Does not apply,0,79400,0
E07000235,Malvern Hills,Does not apply,0,79400,0
E07000235,Malvern Hills,Does not apply,0,79400,0
E07000235,Malvern Hills,Does not apply,0,79400,0
E07000235,Malvern Hills,Straight or Heterosexual,0,79400,0
E07000235,Malvern Hills,Straight or Heterosexual,54394,79400,68.50629722921914
E07000235,Malvern Hills,Straight or Heterosexual,3703,79400,4.663727959697733
E07000235,Malvern Hills,Straight or Heterosexual,1080,79400,1.3602015113350125
E07000235,Malvern Hills,Straight or Heterosexual,1801,79400,2.2682619647355162
E07000235,Malvern Hills,Gay or Lesbian,0,79400,0
E07000235,Malvern Hills,Gay or Lesbian,644,79400,0.8110831234256927
E07000235,Malvern Hills,Gay or Lesbian,58,79400,0.07304785894206549
E07000235,Malvern Hills,Gay or Lesbian,32,79400,0.04030226700251889
E07000235,Malvern Hills,Gay or Lesbian,19,79400,0.023929471032745592
E07000235,Malvern Hills,Bisexual,0,79400,0
E07000235,Malvern Hills,Bisexual,525,79400,0.6612090680100756
E07000235,Malvern Hills,Bisexual,36,79400,0.04534005037783375
E07000235,Malvern Hills,Bisexual,15,79400,0.018891687657430732
E07000235,Malvern Hills,Bisexual,17,79400,0.021410579345088162
E07000235,Malvern Hills,All other sexual orientations,0,79400,0
E07000235,Malvern Hills,All other sexual orientations,119,79400,0.14987405541561713
E07000235,Malvern Hills,All other sexual orientations,19,79400,0.023929471032745592
E07000235,Malvern Hills,All other sexual orientations,2,79400,0.0025188916876574307
E07000235,Malvern Hills,All other sexual orientations,2,79400,0.0025188916876574307
E07000235,Malvern Hills,Not answered,0,79400,0
E07000235,Malvern Hills,Not answered,4184,79400,5.269521410579345
E07000235,Malvern Hills,Not answered,246,79400,0.30982367758186397
E07000235,Malvern Hills,Not answered,87,79400,0.10957178841309824
E07000235,Malvern Hills,Not answered,139,79400,0.17506297229219145
E07000236,Redditch,Does not apply,0,87000,0
E07000236,Redditch,Does not apply,0,87000,0
E07000236,Redditch,Does not apply,0,87000,0
E07000236,Redditch,Does not apply,0,87000,0
E07000236,Redditch,Does not apply,0,87000,0
E07000236,Redditch,Straight or Heterosexual,0,87000,0
E07000236,Redditch,Straight or Heterosexual,57370,87000,65.94252873563218
E07000236,Redditch,Straight or Heterosexual,3137,87000,3.6057471264367815
E07000236,Redditch,Straight or Heterosexual,1413,87000,1.6241379310344828
E07000236,Redditch,Straight or Heterosexual,2175,87000,2.5
E07000236,Redditch,Gay or Lesbian,0,87000,0
E07000236,Redditch,Gay or Lesbian,791,87000,0.9091954022988505
E07000236,Redditch,Gay or Lesbian,45,87000,0.05172413793103448
E07000236,Redditch,Gay or Lesbian,12,87000,0.013793103448275862
E07000236,Redditch,Gay or Lesbian,23,87000,0.026436781609195402
E07000236,Redditch,Bisexual,0,87000,0
E07000236,Redditch,Bisexual,574,87000,0.6597701149425287
E07000236,Redditch,Bisexual,35,87000,0.040229885057471264
E07000236,Redditch,Bisexual,22,87000,0.02528735632183908
E07000236,Redditch,Bisexual,9,87000,0.010344827586206896
E07000236,Redditch,All other sexual orientations,0,87000,0
E07000236,Redditch,All other sexual orientations,132,87000,0.15172413793103448
E07000236,Redditch,All other sexual orientations,7,87000,0.008045977011494253
E07000236,Redditch,All other sexual orientations,4,87000,0.004597701149425287
E07000236,Redditch,All other sexual orientations,6,87000,0.006896551724137931
E07000236,Redditch,Not answered,0,87000,0
E07000236,Redditch,Not answered,4056,87000,4.662068965517242
E07000236,Redditch,Not answered,195,87000,0.22413793103448276
E07000236,Redditch,Not answered,97,87000,0.11149425287356322
E07000236,Redditch,Not answered,151,87000,0.1735632183908046
E07000237,Worcester,Does not apply,0,103900,0
E07000237,Worcester,Does not apply,0,103900,0
E07000237,Worcester,Does not apply,0,103900,0
E07000237,Worcester,Does not apply,0,103900,0
E07000237,Worcester,Does not apply,0,103900,0
E07000237,Worcester,Straight or Heterosexual,0,103900,0
E07000237,Worcester,Straight or Heterosexual,69253,103900,66.65351299326275
E07000237,Worcester,Straight or Heterosexual,3662,103900,3.5245428296438885
E07000237,Worcester,Straight or Heterosexual,1374,103900,1.3224254090471608
E07000237,Worcester,Straight or Heterosexual,2174,103900,2.0923965351299327
E07000237,Worcester,Gay or Lesbian,0,103900,0
E07000237,Worcester,Gay or Lesbian,1235,103900,1.188642925890279
E07000237,Worcester,Gay or Lesbian,69,103900,0.06641000962463908
E07000237,Worcester,Gay or Lesbian,20,103900,0.019249278152069296
E07000237,Worcester,Gay or Lesbian,17,103900,0.016361886429258902
E07000237,Worcester,Bisexual,0,103900,0
E07000237,Worcester,Bisexual,1256,103900,1.2088546679499519
E07000237,Worcester,Bisexual,70,103900,0.06737247353224254
E07000237,Worcester,Bisexual,17,103900,0.016361886429258902
E07000237,Worcester,Bisexual,24,103900,0.023099133782483156
E07000237,Worcester,All other sexual orientations,0,103900,0
E07000237,Worcester,All other sexual orientations,278,103900,0.26756496631376325
E07000237,Worcester,All other sexual orientations,19,103900,0.01828681424446583
E07000237,Worcester,All other sexual orientations,5,103900,0.004812319538017324
E07000237,Worcester,All other sexual orientations,1,103900,9.624639076034649e-4
E07000237,Worcester,Not answered,0,103900,0
E07000237,Worcester,Not answered,5602,103900,5.39172281039461
E07000237,Worcester,Not answered,257,103900,0.24735322425409048
E07000237,Worcester,Not answered,104,103900,0.10009624639076034
E07000237,Worcester,Not answered,170,103900,0.16361886429258904
E07000238,Wychavon,Does not apply,0,132500,0
E07000238,Wychavon,Does not apply,0,132500,0
E07000238,Wychavon,Does not apply,0,132500,0
E07000238,Wychavon,Does not apply,0,132500,0
E07000238,Wychavon,Does not apply,0,132500,0
E07000238,Wychavon,Straight or Heterosexual,0,132500,0
E07000238,Wychavon,Straight or Heterosexual,91256,132500,68.87245283018868
E07000238,Wychavon,Straight or Heterosexual,5455,132500,4.1169811320754715
E07000238,Wychavon,Straight or Heterosexual,1884,132500,1.4218867924528302
E07000238,Wychavon,Straight or Heterosexual,3041,132500,2.2950943396226413
E07000238,Wychavon,Gay or Lesbian,0,132500,0
E07000238,Wychavon,Gay or Lesbian,1043,132500,0.7871698113207547
E07000238,Wychavon,Gay or Lesbian,91,132500,0.06867924528301887
E07000238,Wychavon,Gay or Lesbian,32,132500,0.024150943396226414
E07000238,Wychavon,Gay or Lesbian,22,132500,0.01660377358490566
E07000238,Wychavon,Bisexual,0,132500,0
E07000238,Wychavon,Bisexual,793,132500,0.5984905660377359
E07000238,Wychavon,Bisexual,65,132500,0.04905660377358491
E07000238,Wychavon,Bisexual,19,132500,0.014339622641509434
E07000238,Wychavon,Bisexual,16,132500,0.012075471698113207
E07000238,Wychavon,All other sexual orientations,0,132500,0
E07000238,Wychavon,All other sexual orientations,176,132500,0.1328301886792453
E07000238,Wychavon,All other sexual orientations,8,132500,0.0060377358490566035
E07000238,Wychavon,All other sexual orientations,3,132500,0.0022641509433962265
E07000238,Wychavon,All other sexual orientations,4,132500,0.0030188679245283017
E07000238,Wychavon,Not answered,0,132500,0
E07000238,Wychavon,Not answered,6166,132500,4.653584905660377
E07000238,Wychavon,Not answered,317,132500,0.23924528301886794
E07000238,Wychavon,Not answered,119,132500,0.08981132075471698
E07000238,Wychavon,Not answered,207,132500,0.15622641509433963
E07000239,Wyre Forest,Does not apply,0,101600,0
E07000239,Wyre Forest,Does not apply,0,101600,0
E07000239,Wyre Forest,Does not apply,0,101600,0
E07000239,Wyre Forest,Does not apply,0,101600,0
E07000239,Wyre Forest,Does not apply,0,101600,0
E07000239,Wyre Forest,Straight or Heterosexual,0,101600,0
E07000239,Wyre Forest,Straight or Heterosexual,68164,101600,67.09055118110236
E07000239,Wyre Forest,Straight or Heterosexual,4154,101600,4.088582677165355
E07000239,Wyre Forest,Straight or Heterosexual,1701,101600,1.6742125984251968
E07000239,Wyre Forest,Straight or Heterosexual,2778,101600,2.734251968503937
E07000239,Wyre Forest,Gay or Lesbian,0,101600,0
E07000239,Wyre Forest,Gay or Lesbian,924,101600,0.9094488188976378
E07000239,Wyre Forest,Gay or Lesbian,57,101600,0.05610236220472441
E07000239,Wyre Forest,Gay or Lesbian,26,101600,0.025590551181102362
E07000239,Wyre Forest,Gay or Lesbian,22,101600,0.021653543307086614
E07000239,Wyre Forest,Bisexual,0,101600,0
E07000239,Wyre Forest,Bisexual,649,101600,0.6387795275590551
E07000239,Wyre Forest,Bisexual,34,101600,0.03346456692913386
E07000239,Wyre Forest,Bisexual,13,101600,0.012795275590551181
E07000239,Wyre Forest,Bisexual,22,101600,0.021653543307086614
E07000239,Wyre Forest,All other sexual orientations,0,101600,0
E07000239,Wyre Forest,All other sexual orientations,154,101600,0.1515748031496063
E07000239,Wyre Forest,All other sexual orientations,7,101600,0.006889763779527559
E07000239,Wyre Forest,All other sexual orientations,8,101600,0.007874015748031496
E07000239,Wyre Forest,All other sexual orientations,4,101600,0.003937007874015748
E07000239,Wyre Forest,Not answered,0,101600,0
E07000239,Wyre Forest,Not answered,5228,101600,5.145669291338582
E07000239,Wyre Forest,Not answered,248,101600,0.2440944881889764
E07000239,Wyre Forest,Not answered,152,101600,0.14960629921259844
E07000239,Wyre Forest,Not answered,217,101600,0.21358267716535434
E07000240,St Albans,Does not apply,0,148200,0
E07000240,St Albans,Does not apply,0,148200,0
E07000240,St Albans,Does not apply,0,148200,0
E07000240,St Albans,Does not apply,0,148200,0
E07000240,St Albans,Does not apply,0,148200,0
E07000240,St Albans,Straight or Heterosexual,0,148200,0
E07000240,St Albans,Straight or Heterosexual,96104,148200,64.84750337381917
E07000240,St Albans,Straight or Heterosexual,5833,148200,3.9358974358974357
E07000240,St Albans,Straight or Heterosexual,1531,148200,1.03306342780027
E07000240,St Albans,Straight or Heterosexual,2398,148200,1.6180836707152497
E07000240,St Albans,Gay or Lesbian,0,148200,0
E07000240,St Albans,Gay or Lesbian,1142,148200,0.7705802968960864
E07000240,St Albans,Gay or Lesbian,70,148200,0.04723346828609987
E07000240,St Albans,Gay or Lesbian,19,148200,0.01282051282051282
E07000240,St Albans,Gay or Lesbian,17,148200,0.011470985155195682
E07000240,St Albans,Bisexual,0,148200,0
E07000240,St Albans,Bisexual,918,148200,0.6194331983805668
E07000240,St Albans,Bisexual,64,148200,0.043184885290148446
E07000240,St Albans,Bisexual,13,148200,0.008771929824561403
E07000240,St Albans,Bisexual,34,148200,0.022941970310391364
E07000240,St Albans,All other sexual orientations,0,148200,0
E07000240,St Albans,All other sexual orientations,244,148200,0.16464237516869096
E07000240,St Albans,All other sexual orientations,21,148200,0.01417004048582996
E07000240,St Albans,All other sexual orientations,8,148200,0.005398110661268556
E07000240,St Albans,All other sexual orientations,4,148200,0.002699055330634278
E07000240,St Albans,Not answered,0,148200,0
E07000240,St Albans,Not answered,7012,148200,4.731443994601889
E07000240,St Albans,Not answered,387,148200,0.2611336032388664
E07000240,St Albans,Not answered,115,148200,0.07759784075573549
E07000240,St Albans,Not answered,157,148200,0.10593792172739541
E07000241,Welwyn Hatfield,Does not apply,0,119900,0
E07000241,Welwyn Hatfield,Does not apply,0,119900,0
E07000241,Welwyn Hatfield,Does not apply,0,119900,0
E07000241,Welwyn Hatfield,Does not apply,0,119900,0
E07000241,Welwyn Hatfield,Does not apply,0,119900,0
E07000241,Welwyn Hatfield,Straight or Heterosexual,0,119900,0
E07000241,Welwyn Hatfield,Straight or Heterosexual,78973,119900,65.86572143452878
E07000241,Welwyn Hatfield,Straight or Heterosexual,4401,119900,3.670558798999166
E07000241,Welwyn Hatfield,Straight or Heterosexual,1519,119900,1.2668890742285237
E07000241,Welwyn Hatfield,Straight or Heterosexual,2117,119900,1.7656380316930775
E07000241,Welwyn Hatfield,Gay or Lesbian,0,119900,0
E07000241,Welwyn Hatfield,Gay or Lesbian,1053,119900,0.878231859883236
E07000241,Welwyn Hatfield,Gay or Lesbian,76,119900,0.0633861551292744
E07000241,Welwyn Hatfield,Gay or Lesbian,33,119900,0.027522935779816515
E07000241,Welwyn Hatfield,Gay or Lesbian,9,119900,0.007506255212677231
E07000241,Welwyn Hatfield,Bisexual,0,119900,0
E07000241,Welwyn Hatfield,Bisexual,1272,119900,1.060884070058382
E07000241,Welwyn Hatfield,Bisexual,73,119900,0.060884070058381985
E07000241,Welwyn Hatfield,Bisexual,17,119900,0.014178482068390326
E07000241,Welwyn Hatfield,Bisexual,18,119900,0.015012510425354461
E07000241,Welwyn Hatfield,All other sexual orientations,0,119900,0
E07000241,Welwyn Hatfield,All other sexual orientations,346,119900,0.2885738115095913
E07000241,Welwyn Hatfield,All other sexual orientations,19,119900,0.0158465387823186
E07000241,Welwyn Hatfield,All other sexual orientations,5,119900,0.004170141784820684
E07000241,Welwyn Hatfield,All other sexual orientations,15,119900,0.012510425354462052
E07000241,Welwyn Hatfield,Not answered,0,119900,0
E07000241,Welwyn Hatfield,Not answered,6984,119900,5.824854045037531
E07000241,Welwyn Hatfield,Not answered,285,119900,0.237698081734779
E07000241,Welwyn Hatfield,Not answered,106,119900,0.0884070058381985
E07000241,Welwyn Hatfield,Not answered,168,119900,0.14011676396997497
E07000242,East Hertfordshire,Does not apply,0,150100,0
E07000242,East Hertfordshire,Does not apply,0,150100,0
E07000242,East Hertfordshire,Does not apply,0,150100,0
E07000242,East Hertfordshire,Does not apply,0,150100,0
E07000242,East Hertfordshire,Does not apply,0,150100,0
E07000242,East Hertfordshire,Straight or Heterosexual,0,150100,0
E07000242,East Hertfordshire,Straight or Heterosexual,100747,150100,67.1199200532978
E07000242,East Hertfordshire,Straight or Heterosexual,5941,150100,3.9580279813457695
E07000242,East Hertfordshire,Straight or Heterosexual,1589,150100,1.0586275816122586
E07000242,East Hertfordshire,Straight or Heterosexual,2440,150100,1.625582944703531
E07000242,East Hertfordshire,Gay or Lesbian,0,150100,0
E07000242,East Hertfordshire,Gay or Lesbian,1317,150100,0.8774150566289141
E07000242,East Hertfordshire,Gay or Lesbian,76,150100,0.05063291139240506
E07000242,East Hertfordshire,Gay or Lesbian,20,150100,0.013324450366422385
E07000242,East Hertfordshire,Gay or Lesbian,18,150100,0.011992005329780146
E07000242,East Hertfordshire,Bisexual,0,150100,0
E07000242,East Hertfordshire,Bisexual,996,150100,0.6635576282478348
E07000242,East Hertfordshire,Bisexual,52,150100,0.034643570952698204
E07000242,East Hertfordshire,Bisexual,14,150100,0.009327115256495669
E07000242,East Hertfordshire,Bisexual,26,150100,0.017321785476349102
E07000242,East Hertfordshire,All other sexual orientations,0,150100,0
E07000242,East Hertfordshire,All other sexual orientations,258,150100,0.17188540972684876
E07000242,East Hertfordshire,All other sexual orientations,16,150100,0.010659560293137908
E07000242,East Hertfordshire,All other sexual orientations,3,150100,0.001998667554963358
E07000242,East Hertfordshire,All other sexual orientations,6,150100,0.003997335109926716
E07000242,East Hertfordshire,Not answered,0,150100,0
E07000242,East Hertfordshire,Not answered,6996,150100,4.66089273817455
E07000242,East Hertfordshire,Not answered,372,150100,0.24783477681545638
E07000242,East Hertfordshire,Not answered,90,150100,0.05996002664890073
E07000242,East Hertfordshire,Not answered,176,150100,0.11725516322451698
E07000243,Stevenage,Does not apply,0,89500,0
E07000243,Stevenage,Does not apply,0,89500,0
E07000243,Stevenage,Does not apply,0,89500,0
E07000243,Stevenage,Does not apply,0,89500,0
E07000243,Stevenage,Does not apply,0,89500,0
E07000243,Stevenage,Straight or Heterosexual,0,89500,0
E07000243,Stevenage,Straight or Heterosexual,57814,89500,64.59664804469274
E07000243,Stevenage,Straight or Heterosexual,3207,89500,3.583240223463687
E07000243,Stevenage,Straight or Heterosexual,1488,89500,1.6625698324022347
E07000243,Stevenage,Straight or Heterosexual,2065,89500,2.3072625698324023
E07000243,Stevenage,Gay or Lesbian,0,89500,0
E07000243,Stevenage,Gay or Lesbian,810,89500,0.9050279329608939
E07000243,Stevenage,Gay or Lesbian,53,89500,0.05921787709497207
E07000243,Stevenage,Gay or Lesbian,21,89500,0.02346368715083799
E07000243,Stevenage,Gay or Lesbian,23,89500,0.02569832402234637
E07000243,Stevenage,Bisexual,0,89500,0
E07000243,Stevenage,Bisexual,720,89500,0.8044692737430168
E07000243,Stevenage,Bisexual,58,89500,0.06480446927374302
E07000243,Stevenage,Bisexual,19,89500,0.021229050279329607
E07000243,Stevenage,Bisexual,30,89500,0.0335195530726257
E07000243,Stevenage,All other sexual orientations,0,89500,0
E07000243,Stevenage,All other sexual orientations,189,89500,0.2111731843575419
E07000243,Stevenage,All other sexual orientations,11,89500,0.012290502793296089
E07000243,Stevenage,All other sexual orientations,5,89500,0.00558659217877095
E07000243,Stevenage,All other sexual orientations,7,89500,0.00782122905027933
E07000243,Stevenage,Not answered,0,89500,0
E07000243,Stevenage,Not answered,4295,89500,4.798882681564246
E07000243,Stevenage,Not answered,200,89500,0.22346368715083798
E07000243,Stevenage,Not answered,86,89500,0.09608938547486033
E07000243,Stevenage,Not answered,136,89500,0.15195530726256984
E07000244,East Suffolk,Does not apply,0,245900,0
E07000244,East Suffolk,Does not apply,0,245900,0
E07000244,East Suffolk,Does not apply,0,245900,0
E07000244,East Suffolk,Does not apply,0,245900,0
E07000244,East Suffolk,Does not apply,0,245900,0
E07000244,East Suffolk,Straight or Heterosexual,0,245900,0
E07000244,East Suffolk,Straight or Heterosexual,165863,245900,67.4514030093534
E07000244,East Suffolk,Straight or Heterosexual,10517,245900,4.276941846278975
E07000244,East Suffolk,Straight or Heterosexual,3946,245900,1.604717364782432
E07000244,East Suffolk,Straight or Heterosexual,6560,245900,2.667751118340789
E07000244,East Suffolk,Gay or Lesbian,0,245900,0
E07000244,East Suffolk,Gay or Lesbian,2161,245900,0.8788125254168361
E07000244,East Suffolk,Gay or Lesbian,179,245900,0.0727938186254575
E07000244,East Suffolk,Gay or Lesbian,64,245900,0.026026840178934526
E07000244,East Suffolk,Gay or Lesbian,86,245900,0.03497356649044327
E07000244,East Suffolk,Bisexual,0,245900,0
E07000244,East Suffolk,Bisexual,1756,245900,0.714111427409516
E07000244,East Suffolk,Bisexual,133,245900,0.054087027246848315
E07000244,East Suffolk,Bisexual,60,245900,0.024400162667751118
E07000244,East Suffolk,Bisexual,59,245900,0.023993493289955266
E07000244,East Suffolk,All other sexual orientations,0,245900,0
E07000244,East Suffolk,All other sexual orientations,378,245900,0.15372102480683206
E07000244,East Suffolk,All other sexual orientations,37,245900,0.015046766978446523
E07000244,East Suffolk,All other sexual orientations,10,245900,0.004066693777958519
E07000244,East Suffolk,All other sexual orientations,17,245900,0.0069133794225294835
E07000244,East Suffolk,Not answered,0,245900,0
E07000244,East Suffolk,Not answered,13410,245900,5.453436356242375
E07000244,East Suffolk,Not answered,649,245900,0.2639284261895079
E07000244,East Suffolk,Not answered,313,245900,0.12728751525010168
E07000244,East Suffolk,Not answered,521,245900,0.21187474583163887
E07000245,West Suffolk,Does not apply,0,179800,0
E07000245,West Suffolk,Does not apply,0,179800,0
E07000245,West Suffolk,Does not apply,0,179800,0
E07000245,West Suffolk,Does not apply,0,179800,0
E07000245,West Suffolk,Does not apply,0,179800,0
E07000245,West Suffolk,Straight or Heterosexual,0,179800,0
E07000245,West Suffolk,Straight or Heterosexual,121989,179800,67.84705228031146
E07000245,West Suffolk,Straight or Heterosexual,6099,179800,3.3921023359288096
E07000245,West Suffolk,Straight or Heterosexual,2103,179800,1.1696329254727476
E07000245,West Suffolk,Straight or Heterosexual,3656,179800,2.0333704115684093
E07000245,West Suffolk,Gay or Lesbian,0,179800,0
E07000245,West Suffolk,Gay or Lesbian,1679,179800,0.9338153503893215
E07000245,West Suffolk,Gay or Lesbian,110,179800,0.06117908787541713
E07000245,West Suffolk,Gay or Lesbian,30,179800,0.01668520578420467
E07000245,West Suffolk,Gay or Lesbian,47,179800,0.02614015572858732
E07000245,West Suffolk,Bisexual,0,179800,0
E07000245,West Suffolk,Bisexual,1554,179800,0.864293659621802
E07000245,West Suffolk,Bisexual,61,179800,0.0339265850945495
E07000245,West Suffolk,Bisexual,21,179800,0.01167964404894327
E07000245,West Suffolk,Bisexual,39,179800,0.021690767519466074
E07000245,West Suffolk,All other sexual orientations,0,179800,0
E07000245,West Suffolk,All other sexual orientations,416,179800,0.23136818687430477
E07000245,West Suffolk,All other sexual orientations,26,179800,0.014460511679644048
E07000245,West Suffolk,All other sexual orientations,10,179800,0.0055617352614015575
E07000245,West Suffolk,All other sexual orientations,11,179800,0.006117908787541713
E07000245,West Suffolk,Not answered,0,179800,0
E07000245,West Suffolk,Not answered,9444,179800,5.252502780867631
E07000245,West Suffolk,Not answered,421,179800,0.23414905450500556
E07000245,West Suffolk,Not answered,137,179800,0.07619577308120133
E07000245,West Suffolk,Not answered,273,179800,0.1518353726362625
E07000246,Somerset West and Taunton,Does not apply,0,157400,0
E07000246,Somerset West and Taunton,Does not apply,0,157400,0
E07000246,Somerset West and Taunton,Does not apply,0,157400,0
E07000246,Somerset West and Taunton,Does not apply,0,157400,0
E07000246,Somerset West and Taunton,Does not apply,0,157400,0
E07000246,Somerset West and Taunton,Straight or Heterosexual,0,157400,0
E07000246,Somerset West and Taunton,Straight or Heterosexual,105755,157400,67.18869123252858
E07000246,Somerset West and Taunton,Straight or Heterosexual,6427,157400,4.0832274459974585
E07000246,Somerset West and Taunton,Straight or Heterosexual,2347,157400,1.491105463786531
E07000246,Somerset West and Taunton,Straight or Heterosexual,3503,157400,2.2255400254129607
E07000246,Somerset West and Taunton,Gay or Lesbian,0,157400,0
E07000246,Somerset West and Taunton,Gay or Lesbian,1438,157400,0.9135959339263025
E07000246,Somerset West and Taunton,Gay or Lesbian,98,157400,0.062261753494282084
E07000246,Somerset West and Taunton,Gay or Lesbian,45,157400,0.028589580686149935
E07000246,Somerset West and Taunton,Gay or Lesbian,44,157400,0.02795425667090216
E07000246,Somerset West and Taunton,Bisexual,0,157400,0
E07000246,Somerset West and Taunton,Bisexual,1273,157400,0.8087674714104193
E07000246,Somerset West and Taunton,Bisexual,81,157400,0.05146124523506988
E07000246,Somerset West and Taunton,Bisexual,44,157400,0.02795425667090216
E07000246,Somerset West and Taunton,Bisexual,45,157400,0.028589580686149935
E07000246,Somerset West and Taunton,All other sexual orientations,0,157400,0
E07000246,Somerset West and Taunton,All other sexual orientations,283,157400,0.1797966963151207
E07000246,Somerset West and Taunton,All other sexual orientations,23,157400,0.014612452350698857
E07000246,Somerset West and Taunton,All other sexual orientations,9,157400,0.005717916137229987
E07000246,Somerset West and Taunton,All other sexual orientations,11,157400,0.00698856416772554
E07000246,Somerset West and Taunton,Not answered,0,157400,0
E07000246,Somerset West and Taunton,Not answered,8878,157400,5.6404066073697585
E07000246,Somerset West and Taunton,Not answered,445,157400,0.2827191867852605
E07000246,Somerset West and Taunton,Not answered,196,157400,0.12452350698856417
E07000246,Somerset West and Taunton,Not answered,346,157400,0.21982210927573062
E08000001,Bolton,Does not apply,0,296000,0
E08000001,Bolton,Does not apply,0,296000,0
E08000001,Bolton,Does not apply,0,296000,0
E08000001,Bolton,Does not apply,0,296000,0
E08000001,Bolton,Does not apply,0,296000,0
E08000001,Bolton,Straight or Heterosexual,0,296000,0
E08000001,Bolton,Straight or Heterosexual,187283,296000,63.27128378378379
E08000001,Bolton,Straight or Heterosexual,10277,296000,3.4719594594594594
E08000001,Bolton,Straight or Heterosexual,5298,296000,1.789864864864865
E08000001,Bolton,Straight or Heterosexual,7807,296000,2.6375
E08000001,Bolton,Gay or Lesbian,0,296000,0
E08000001,Bolton,Gay or Lesbian,2441,296000,0.8246621621621621
E08000001,Bolton,Gay or Lesbian,192,296000,0.06486486486486487
E08000001,Bolton,Gay or Lesbian,86,296000,0.029054054054054056
E08000001,Bolton,Gay or Lesbian,85,296000,0.028716216216216218
E08000001,Bolton,Bisexual,0,296000,0
E08000001,Bolton,Bisexual,2030,296000,0.6858108108108109
E08000001,Bolton,Bisexual,126,296000,0.04256756756756757
E08000001,Bolton,Bisexual,73,296000,0.024662162162162164
E08000001,Bolton,Bisexual,90,296000,0.030405405405405407
E08000001,Bolton,All other sexual orientations,0,296000,0
E08000001,Bolton,All other sexual orientations,505,296000,0.17060810810810811
E08000001,Bolton,All other sexual orientations,35,296000,0.011824324324324325
E08000001,Bolton,All other sexual orientations,13,296000,0.004391891891891892
E08000001,Bolton,All other sexual orientations,18,296000,0.006081081081081081
E08000001,Bolton,Not answered,0,296000,0
E08000001,Bolton,Not answered,14428,296000,4.874324324324324
E08000001,Bolton,Not answered,584,296000,0.1972972972972973
E08000001,Bolton,Not answered,371,296000,0.12533783783783783
E08000001,Bolton,Not answered,548,296000,0.18513513513513513
E08000002,Bury,Does not apply,0,193800,0
E08000002,Bury,Does not apply,0,193800,0
E08000002,Bury,Does not apply,0,193800,0
E08000002,Bury,Does not apply,0,193800,0
E08000002,Bury,Does not apply,0,193800,0
E08000002,Bury,Straight or Heterosexual,0,193800,0
E08000002,Bury,Straight or Heterosexual,125138,193800,64.57069143446853
E08000002,Bury,Straight or Heterosexual,7275,193800,3.7538699690402475
E08000002,Bury,Straight or Heterosexual,3252,193800,1.6780185758513932
E08000002,Bury,Straight or Heterosexual,4644,193800,2.3962848297213624
E08000002,Bury,Gay or Lesbian,0,193800,0
E08000002,Bury,Gay or Lesbian,2172,193800,1.1207430340557276
E08000002,Bury,Gay or Lesbian,143,193800,0.0737874097007224
E08000002,Bury,Gay or Lesbian,67,193800,0.03457172342621259
E08000002,Bury,Gay or Lesbian,59,193800,0.0304437564499484
E08000002,Bury,Bisexual,0,193800,0
E08000002,Bury,Bisexual,1370,193800,0.7069143446852425
E08000002,Bury,Bisexual,88,193800,0.04540763673890609
E08000002,Bury,Bisexual,25,193800,0.012899896800825593
E08000002,Bury,Bisexual,41,193800,0.021155830753353973
E08000002,Bury,All other sexual orientations,0,193800,0
E08000002,Bury,All other sexual orientations,353,193800,0.18214654282765738
E08000002,Bury,All other sexual orientations,21,193800,0.010835913312693499
E08000002,Bury,All other sexual orientations,14,193800,0.007223942208462332
E08000002,Bury,All other sexual orientations,7,193800,0.003611971104231166
E08000002,Bury,Not answered,0,193800,0
E08000002,Bury,Not answered,9220,193800,4.757481940144479
E08000002,Bury,Not answered,428,193800,0.22084623323013416
E08000002,Bury,Not answered,248,193800,0.12796697626418987
E08000002,Bury,Not answered,306,193800,0.15789473684210525
E08000003,Manchester,Does not apply,0,552000,0
E08000003,Manchester,Does not apply,0,552000,0
E08000003,Manchester,Does not apply,0,552000,0
E08000003,Manchester,Does not apply,0,552000,0
E08000003,Manchester,Does not apply,0,552000,0
E08000003,Manchester,Straight or Heterosexual,0,552000,0
E08000003,Manchester,Straight or Heterosexual,338013,552000,61.23423913043478
E08000003,Manchester,Straight or Heterosexual,12727,552000,2.3056159420289855
E08000003,Manchester,Straight or Heterosexual,9050,552000,1.6394927536231885
E08000003,Manchester,Straight or Heterosexual,10784,552000,1.953623188405797
E08000003,Manchester,Gay or Lesbian,0,552000,0
E08000003,Manchester,Gay or Lesbian,13488,552000,2.4434782608695653
E08000003,Manchester,Gay or Lesbian,668,552000,0.12101449275362319
E08000003,Manchester,Gay or Lesbian,223,552000,0.04039855072463768
E08000003,Manchester,Gay or Lesbian,229,552000,0.04148550724637681
E08000003,Manchester,Bisexual,0,552000,0
E08000003,Manchester,Bisexual,11040,552000,2
E08000003,Manchester,Bisexual,447,552000,0.08097826086956522
E08000003,Manchester,Bisexual,157,552000,0.028442028985507246
E08000003,Manchester,Bisexual,138,552000,0.025
E08000003,Manchester,All other sexual orientations,0,552000,0
E08000003,Manchester,All other sexual orientations,2598,552000,0.4706521739130435
E08000003,Manchester,All other sexual orientations,141,552000,0.025543478260869567
E08000003,Manchester,All other sexual orientations,50,552000,0.009057971014492754
E08000003,Manchester,All other sexual orientations,41,552000,0.007427536231884058
E08000003,Manchester,Not answered,0,552000,0
E08000003,Manchester,Not answered,35320,552000,6.398550724637682
E08000003,Manchester,Not answered,1158,552000,0.20978260869565218
E08000003,Manchester,Not answered,815,552000,0.14764492753623187
E08000003,Manchester,Not answered,868,552000,0.1572463768115942
E08000004,Oldham,Does not apply,0,242100,0
E08000004,Oldham,Does not apply,0,242100,0
E08000004,Oldham,Does not apply,0,242100,0
E08000004,Oldham,Does not apply,0,242100,0
E08000004,Oldham,Does not apply,0,242100,0
E08000004,Oldham,Straight or Heterosexual,0,242100,0
E08000004,Oldham,Straight or Heterosexual,150584,242100,62.199091284593145
E08000004,Oldham,Straight or Heterosexual,7862,242100,3.247418422139612
E08000004,Oldham,Straight or Heterosexual,4563,242100,1.8847583643122676
E08000004,Oldham,Straight or Heterosexual,6252,242100,2.5824039653035937
E08000004,Oldham,Gay or Lesbian,0,242100,0
E08000004,Oldham,Gay or Lesbian,1930,242100,0.7971912432878976
E08000004,Oldham,Gay or Lesbian,111,242100,0.04584882280049566
E08000004,Oldham,Gay or Lesbian,60,242100,0.024783147459727387
E08000004,Oldham,Gay or Lesbian,51,242100,0.021065675340768277
E08000004,Oldham,Bisexual,0,242100,0
E08000004,Oldham,Bisexual,1364,242100,0.5634035522511359
E08000004,Oldham,Bisexual,83,242100,0.034283353985956215
E08000004,Oldham,Bisexual,40,242100,0.016522098306484923
E08000004,Oldham,Bisexual,54,242100,0.022304832713754646
E08000004,Oldham,All other sexual orientations,0,242100,0
E08000004,Oldham,All other sexual orientations,442,242100,0.1825691862866584
E08000004,Oldham,All other sexual orientations,15,242100,0.006195786864931847
E08000004,Oldham,All other sexual orientations,12,242100,0.004956629491945477
E08000004,Oldham,All other sexual orientations,16,242100,0.00660883932259397
E08000004,Oldham,Not answered,0,242100,0
E08000004,Oldham,Not answered,12355,242100,5.1032631144155305
E08000004,Oldham,Not answered,427,242100,0.17637339942172656
E08000004,Oldham,Not answered,357,242100,0.14745972738537794
E08000004,Oldham,Not answered,455,242100,0.18793886823626602
E08000005,Rochdale,Does not apply,0,223800,0
E08000005,Rochdale,Does not apply,0,223800,0
E08000005,Rochdale,Does not apply,0,223800,0
E08000005,Rochdale,Does not apply,0,223800,0
E08000005,Rochdale,Does not apply,0,223800,0
E08000005,Rochdale,Straight or Heterosexual,0,223800,0
E08000005,Rochdale,Straight or Heterosexual,141728,223800,63.327971403038426
E08000005,Rochdale,Straight or Heterosexual,7379,223800,3.2971403038427165
E08000005,Rochdale,Straight or Heterosexual,4191,223800,1.8726541554959786
E08000005,Rochdale,Straight or Heterosexual,5970,223800,2.6675603217158175
E08000005,Rochdale,Gay or Lesbian,0,223800,0
E08000005,Rochdale,Gay or Lesbian,1787,223800,0.7984807864164433
E08000005,Rochdale,Gay or Lesbian,120,223800,0.05361930294906166
E08000005,Rochdale,Gay or Lesbian,70,223800,0.03127792672028597
E08000005,Rochdale,Gay or Lesbian,63,223800,0.028150134048257374
E08000005,Rochdale,Bisexual,0,223800,0
E08000005,Rochdale,Bisexual,1315,223800,0.5875781948168007
E08000005,Rochdale,Bisexual,92,223800,0.041108132260947276
E08000005,Rochdale,Bisexual,54,223800,0.024128686327077747
E08000005,Rochdale,Bisexual,54,223800,0.024128686327077747
E08000005,Rochdale,All other sexual orientations,0,223800,0
E08000005,Rochdale,All other sexual orientations,372,223800,0.16621983914209115
E08000005,Rochdale,All other sexual orientations,18,223800,0.00804289544235925
E08000005,Rochdale,All other sexual orientations,15,223800,0.006702412868632708
E08000005,Rochdale,All other sexual orientations,9,223800,0.004021447721179625
E08000005,Rochdale,Not answered,0,223800,0
E08000005,Rochdale,Not answered,10645,223800,4.756478999106345
E08000005,Rochdale,Not answered,405,223800,0.18096514745308312
E08000005,Rochdale,Not answered,324,223800,0.1447721179624665
E08000005,Rochdale,Not answered,343,223800,0.15326184092940126
E08000006,Salford,Does not apply,0,269900,0
E08000006,Salford,Does not apply,0,269900,0
E08000006,Salford,Does not apply,0,269900,0
E08000006,Salford,Does not apply,0,269900,0
E08000006,Salford,Does not apply,0,269900,0
E08000006,Salford,Straight or Heterosexual,0,269900,0
E08000006,Salford,Straight or Heterosexual,169220,269900,62.69729529455354
E08000006,Salford,Straight or Heterosexual,7575,269900,2.8065950351982214
E08000006,Salford,Straight or Heterosexual,4366,269900,1.6176361615413115
E08000006,Salford,Straight or Heterosexual,6285,269900,2.328640237124861
E08000006,Salford,Gay or Lesbian,0,269900,0
E08000006,Salford,Gay or Lesbian,6671,269900,2.4716561689514633
E08000006,Salford,Gay or Lesbian,303,269900,0.11226380140792887
E08000006,Salford,Gay or Lesbian,102,269900,0.03779177473138199
E08000006,Salford,Gay or Lesbian,105,269900,0.03890329751759911
E08000006,Salford,Bisexual,0,269900,0
E08000006,Salford,Bisexual,3869,269900,1.4334938866246758
E08000006,Salford,Bisexual,138,269900,0.0511300481659874
E08000006,Salford,Bisexual,57,269900,0.02111893293812523
E08000006,Salford,Bisexual,77,269900,0.02852908484623935
E08000006,Salford,All other sexual orientations,0,269900,0
E08000006,Salford,All other sexual orientations,830,269900,0.30752130418673584
E08000006,Salford,All other sexual orientations,59,269900,0.021859948128936643
E08000006,Salford,All other sexual orientations,21,269900,0.007780659503519822
E08000006,Salford,All other sexual orientations,16,269900,0.005928121526491293
E08000006,Salford,Not answered,0,269900,0
E08000006,Salford,Not answered,15814,269900,5.859207113745832
E08000006,Salford,Not answered,551,269900,0.20414968506854392
E08000006,Salford,Not answered,360,269900,0.1333827343460541
E08000006,Salford,Not answered,506,269900,0.18747684327528713
E08000007,Stockport,Does not apply,0,294800,0
E08000007,Stockport,Does not apply,0,294800,0
E08000007,Stockport,Does not apply,0,294800,0
E08000007,Stockport,Does not apply,0,294800,0
E08000007,Stockport,Does not apply,0,294800,0
E08000007,Stockport,Straight or Heterosexual,0,294800,0
E08000007,Stockport,Straight or Heterosexual,193754,294800,65.72388059701493
E08000007,Stockport,Straight or Heterosexual,12396,294800,4.204884667571235
E08000007,Stockport,Straight or Heterosexual,4479,294800,1.5193351424694708
E08000007,Stockport,Straight or Heterosexual,6841,294800,2.3205563093622796
E08000007,Stockport,Gay or Lesbian,0,294800,0
E08000007,Stockport,Gay or Lesbian,3610,294800,1.2245590230664858
E08000007,Stockport,Gay or Lesbian,218,294800,0.07394843962008141
E08000007,Stockport,Gay or Lesbian,80,294800,0.027137042062415198
E08000007,Stockport,Gay or Lesbian,75,294800,0.025440976933514246
E08000007,Stockport,Bisexual,0,294800,0
E08000007,Stockport,Bisexual,2221,294800,0.7533921302578019
E08000007,Stockport,Bisexual,156,294800,0.052917232021709636
E08000007,Stockport,Bisexual,49,294800,0.01662143826322931
E08000007,Stockport,Bisexual,76,294800,0.025780189959294438
E08000007,Stockport,All other sexual orientations,0,294800,0
E08000007,Stockport,All other sexual orientations,567,294800,0.19233378561736772
E08000007,Stockport,All other sexual orientations,37,294800,0.012550881953867029
E08000007,Stockport,All other sexual orientations,18,294800,0.006105834464043419
E08000007,Stockport,All other sexual orientations,15,294800,0.00508819538670285
E08000007,Stockport,Not answered,0,294800,0
E08000007,Stockport,Not answered,12986,294800,4.405020352781547
E08000007,Stockport,Not answered,650,294800,0.22048846675712347
E08000007,Stockport,Not answered,274,294800,0.09294436906377204
E08000007,Stockport,Not answered,425,294800,0.14416553595658074
E08000008,Tameside,Does not apply,0,231100,0
E08000008,Tameside,Does not apply,0,231100,0
E08000008,Tameside,Does not apply,0,231100,0
E08000008,Tameside,Does not apply,0,231100,0
E08000008,Tameside,Does not apply,0,231100,0
E08000008,Tameside,Straight or Heterosexual,0,231100,0
E08000008,Tameside,Straight or Heterosexual,149659,231100,64.75941151016876
E08000008,Tameside,Straight or Heterosexual,8203,231100,3.5495456512332324
E08000008,Tameside,Straight or Heterosexual,4165,231100,1.8022501081782778
E08000008,Tameside,Straight or Heterosexual,6115,231100,2.6460406750324537
E08000008,Tameside,Gay or Lesbian,0,231100,0
E08000008,Tameside,Gay or Lesbian,2961,231100,1.2812635222847253
E08000008,Tameside,Gay or Lesbian,184,231100,0.0796192124621376
E08000008,Tameside,Gay or Lesbian,95,231100,0.04110774556469061
E08000008,Tameside,Gay or Lesbian,73,231100,0.03158805711813068
E08000008,Tameside,Bisexual,0,231100,0
E08000008,Tameside,Bisexual,1847,231100,0.799221116399827
E08000008,Tameside,Bisexual,117,231100,0.05062743401125054
E08000008,Tameside,Bisexual,60,231100,0.025962786672436174
E08000008,Tameside,Bisexual,59,231100,0.025530073561228904
E08000008,Tameside,All other sexual orientations,0,231100,0
E08000008,Tameside,All other sexual orientations,531,231100,0.22977066205106014
E08000008,Tameside,All other sexual orientations,36,231100,0.015577672003461706
E08000008,Tameside,All other sexual orientations,18,231100,0.007788836001730853
E08000008,Tameside,All other sexual orientations,26,231100,0.01125054089138901
E08000008,Tameside,Not answered,0,231100,0
E08000008,Tameside,Not answered,9886,231100,4.277801817395067
E08000008,Tameside,Not answered,448,231100,0.19385547382085677
E08000008,Tameside,Not answered,252,231100,0.10904370402423194
E08000008,Tameside,Not answered,400,231100,0.17308524448290782
E08000009,Trafford,Does not apply,0,235100,0
E08000009,Trafford,Does not apply,0,235100,0
E08000009,Trafford,Does not apply,0,235100,0
E08000009,Trafford,Does not apply,0,235100,0
E08000009,Trafford,Does not apply,0,235100,0
E08000009,Trafford,Straight or Heterosexual,0,235100,0
E08000009,Trafford,Straight or Heterosexual,152316,235100,64.78774989366227
E08000009,Trafford,Straight or Heterosexual,9006,235100,3.8307103360272223
E08000009,Trafford,Straight or Heterosexual,3258,235100,1.3857932794555508
E08000009,Trafford,Straight or Heterosexual,4641,235100,1.9740535942152275
E08000009,Trafford,Gay or Lesbian,0,235100,0
E08000009,Trafford,Gay or Lesbian,2751,235100,1.1701403658017864
E08000009,Trafford,Gay or Lesbian,181,235100,0.07698851552530837
E08000009,Trafford,Gay or Lesbian,60,235100,0.02552105487026797
E08000009,Trafford,Gay or Lesbian,40,235100,0.017014036580178648
E08000009,Trafford,Bisexual,0,235100,0
E08000009,Trafford,Bisexual,1681,235100,0.7150148872820077
E08000009,Trafford,Bisexual,99,235100,0.04210974053594215
E08000009,Trafford,Bisexual,45,235100,0.019140791152700978
E08000009,Trafford,Bisexual,30,235100,0.012760527435133985
E08000009,Trafford,All other sexual orientations,0,235100,0
E08000009,Trafford,All other sexual orientations,449,235100,0.19098256061250532
E08000009,Trafford,All other sexual orientations,43,235100,0.018290089323692044
E08000009,Trafford,All other sexual orientations,10,235100,0.004253509145044662
E08000009,Trafford,All other sexual orientations,20,235100,0.008507018290089324
E08000009,Trafford,Not answered,0,235100,0
E08000009,Trafford,Not answered,10449,235100,4.444491705657168
E08000009,Trafford,Not answered,501,235100,0.21310080816673757
E08000009,Trafford,Not answered,255,235100,0.10846448319863888
E08000009,Trafford,Not answered,314,235100,0.13356018715440238
E08000010,Wigan,Does not apply,0,329300,0
E08000010,Wigan,Does not apply,0,329300,0
E08000010,Wigan,Does not apply,0,329300,0
E08000010,Wigan,Does not apply,0,329300,0
E08000010,Wigan,Does not apply,0,329300,0
E08000010,Wigan,Straight or Heterosexual,0,329300,0
E08000010,Wigan,Straight or Heterosexual,218464,329300,66.34193744306104
E08000010,Wigan,Straight or Heterosexual,12567,329300,3.816276951108412
E08000010,Wigan,Straight or Heterosexual,6418,329300,1.9489826905557244
E08000010,Wigan,Straight or Heterosexual,9677,329300,2.938657758882478
E08000010,Wigan,Gay or Lesbian,0,329300,0
E08000010,Wigan,Gay or Lesbian,3447,329300,1.0467658669905862
E08000010,Wigan,Gay or Lesbian,226,329300,0.06863042818098998
E08000010,Wigan,Gay or Lesbian,116,329300,0.035226237473428484
E08000010,Wigan,Gay or Lesbian,96,329300,0.02915274825387185
E08000010,Wigan,Bisexual,0,329300,0
E08000010,Wigan,Bisexual,2098,329300,0.6371090191314911
E08000010,Wigan,Bisexual,141,329300,0.04281809899787428
E08000010,Wigan,Bisexual,67,329300,0.02034618888551473
E08000010,Wigan,Bisexual,76,329300,0.023079259034315215
E08000010,Wigan,All other sexual orientations,0,329300,0
E08000010,Wigan,All other sexual orientations,449,329300,0.13634983297904646
E08000010,Wigan,All other sexual orientations,26,329300,0.007895535985423625
E08000010,Wigan,All other sexual orientations,13,329300,0.0039477679927118125
E08000010,Wigan,All other sexual orientations,18,329300,0.005466140297600972
E08000010,Wigan,Not answered,0,329300,0
E08000010,Wigan,Not answered,13274,329300,4.0309747950197385
E08000010,Wigan,Not answered,612,329300,0.18584877011843304
E08000010,Wigan,Not answered,353,329300,0.10719708472517461
E08000010,Wigan,Not answered,556,329300,0.16884300030367447
E08000011,Knowsley,Does not apply,0,154500,0
E08000011,Knowsley,Does not apply,0,154500,0
E08000011,Knowsley,Does not apply,0,154500,0
E08000011,Knowsley,Does not apply,0,154500,0
E08000011,Knowsley,Does not apply,0,154500,0
E08000011,Knowsley,Straight or Heterosexual,0,154500,0
E08000011,Knowsley,Straight or Heterosexual,99312,154500,64.27961165048544
E08000011,Knowsley,Straight or Heterosexual,5581,154500,3.6122977346278318
E08000011,Knowsley,Straight or Heterosexual,3893,154500,2.5197411003236247
E08000011,Knowsley,Straight or Heterosexual,5549,154500,3.591585760517799
E08000011,Knowsley,Gay or Lesbian,0,154500,0
E08000011,Knowsley,Gay or Lesbian,1605,154500,1.0388349514563107
E08000011,Knowsley,Gay or Lesbian,96,154500,0.062135922330097085
E08000011,Knowsley,Gay or Lesbian,67,154500,0.04336569579288026
E08000011,Knowsley,Gay or Lesbian,35,154500,0.022653721682847898
E08000011,Knowsley,Bisexual,0,154500,0
E08000011,Knowsley,Bisexual,773,154500,0.5003236245954693
E08000011,Knowsley,Bisexual,44,154500,0.0284789644012945
E08000011,Knowsley,Bisexual,31,154500,0.020064724919093852
E08000011,Knowsley,Bisexual,41,154500,0.026537216828478965
E08000011,Knowsley,All other sexual orientations,0,154500,0
E08000011,Knowsley,All other sexual orientations,156,154500,0.10097087378640776
E08000011,Knowsley,All other sexual orientations,15,154500,0.009708737864077669
E08000011,Knowsley,All other sexual orientations,7,154500,0.004530744336569579
E08000011,Knowsley,All other sexual orientations,9,154500,0.005825242718446602
E08000011,Knowsley,Not answered,0,154500,0
E08000011,Knowsley,Not answered,6266,154500,4.0556634304207115
E08000011,Knowsley,Not answered,290,154500,0.18770226537216828
E08000011,Knowsley,Not answered,214,154500,0.13851132686084142
E08000011,Knowsley,Not answered,311,154500,0.20129449838187702
E08000012,Liverpool,Does not apply,0,486100,0
E08000012,Liverpool,Does not apply,0,486100,0
E08000012,Liverpool,Does not apply,0,486100,0
E08000012,Liverpool,Does not apply,0,486100,0
E08000012,Liverpool,Does not apply,0,486100,0
E08000012,Liverpool,Straight or Heterosexual,0,486100,0
E08000012,Liverpool,Straight or Heterosexual,315228,486100,64.84838510594528
E08000012,Liverpool,Straight or Heterosexual,15574,486100,3.2038675169718167
E08000012,Liverpool,Straight or Heterosexual,10290,486100,2.1168483851059454
E08000012,Liverpool,Straight or Heterosexual,13689,486100,2.816087224850854
E08000012,Liverpool,Gay or Lesbian,0,486100,0
E08000012,Liverpool,Gay or Lesbian,7796,486100,1.6037852293766715
E08000012,Liverpool,Gay or Lesbian,422,486100,0.08681341287800864
E08000012,Liverpool,Gay or Lesbian,210,486100,0.04320098745114174
E08000012,Liverpool,Gay or Lesbian,159,486100,0.03270931907015018
E08000012,Liverpool,Bisexual,0,486100,0
E08000012,Liverpool,Bisexual,6971,486100,1.4340670643900433
E08000012,Liverpool,Bisexual,301,486100,0.0619214153466365
E08000012,Liverpool,Bisexual,120,486100,0.024686278543509566
E08000012,Liverpool,Bisexual,119,486100,0.024480559555646986
E08000012,Liverpool,All other sexual orientations,0,486100,0
E08000012,Liverpool,All other sexual orientations,1544,486100,0.3176301172598231
E08000012,Liverpool,All other sexual orientations,83,486100,0.017074675992594116
E08000012,Liverpool,All other sexual orientations,40,486100,0.008228759514503189
E08000012,Liverpool,All other sexual orientations,38,486100,0.00781732153877803
E08000012,Liverpool,Not answered,0,486100,0
E08000012,Liverpool,Not answered,27880,486100,5.735445381608723
E08000012,Liverpool,Not answered,1039,486100,0.21374202838922032
E08000012,Liverpool,Not answered,670,486100,0.13783172186792841
E08000012,Liverpool,Not answered,855,486100,0.17588973462250565
E08000013,St. Helens,Does not apply,0,183200,0
E08000013,St. Helens,Does not apply,0,183200,0
E08000013,St. Helens,Does not apply,0,183200,0
E08000013,St. Helens,Does not apply,0,183200,0
E08000013,St. Helens,Does not apply,0,183200,0
E08000013,St. Helens,Straight or Heterosexual,0,183200,0
E08000013,St. Helens,Straight or Heterosexual,119663,183200,65.31823144104804
E08000013,St. Helens,Straight or Heterosexual,7943,183200,4.335698689956332
E08000013,St. Helens,Straight or Heterosexual,4284,183200,2.3384279475982535
E08000013,St. Helens,Straight or Heterosexual,6400,183200,3.493449781659389
E08000013,St. Helens,Gay or Lesbian,0,183200,0
E08000013,St. Helens,Gay or Lesbian,2057,183200,1.122816593886463
E08000013,St. Helens,Gay or Lesbian,183,183200,0.09989082969432314
E08000013,St. Helens,Gay or Lesbian,95,183200,0.05185589519650655
E08000013,St. Helens,Gay or Lesbian,72,183200,0.039301310043668124
E08000013,St. Helens,Bisexual,0,183200,0
E08000013,St. Helens,Bisexual,1157,183200,0.6315502183406113
E08000013,St. Helens,Bisexual,82,183200,0.04475982532751092
E08000013,St. Helens,Bisexual,52,183200,0.028384279475982533
E08000013,St. Helens,Bisexual,43,183200,0.023471615720524017
E08000013,St. Helens,All other sexual orientations,0,183200,0
E08000013,St. Helens,All other sexual orientations,287,183200,0.1566593886462882
E08000013,St. Helens,All other sexual orientations,17,183200,0.009279475982532752
E08000013,St. Helens,All other sexual orientations,12,183200,0.006550218340611353
E08000013,St. Helens,All other sexual orientations,7,183200,0.003820960698689956
E08000013,St. Helens,Not answered,0,183200,0
E08000013,St. Helens,Not answered,7274,183200,3.9705240174672487
E08000013,St. Helens,Not answered,374,183200,0.20414847161572053
E08000013,St. Helens,Not answered,222,183200,0.12117903930131005
E08000013,St. Helens,Not answered,347,183200,0.189410480349345
E08000014,Sefton,Does not apply,0,279300,0
E08000014,Sefton,Does not apply,0,279300,0
E08000014,Sefton,Does not apply,0,279300,0
E08000014,Sefton,Does not apply,0,279300,0
E08000014,Sefton,Does not apply,0,279300,0
E08000014,Sefton,Straight or Heterosexual,0,279300,0
E08000014,Sefton,Straight or Heterosexual,186082,279300,66.62441818832797
E08000014,Sefton,Straight or Heterosexual,11857,279300,4.245255997135696
E08000014,Sefton,Straight or Heterosexual,5889,279300,2.108485499462943
E08000014,Sefton,Straight or Heterosexual,8595,279300,3.0773361976369493
E08000014,Sefton,Gay or Lesbian,0,279300,0
E08000014,Sefton,Gay or Lesbian,2906,279300,1.0404582885785894
E08000014,Sefton,Gay or Lesbian,214,279300,0.07662012173290368
E08000014,Sefton,Gay or Lesbian,97,279300,0.0347296813462227
E08000014,Sefton,Gay or Lesbian,84,279300,0.03007518796992481
E08000014,Sefton,Bisexual,0,279300,0
E08000014,Sefton,Bisexual,1779,279300,0.6369495166487648
E08000014,Sefton,Bisexual,98,279300,0.03508771929824561
E08000014,Sefton,Bisexual,77,279300,0.02756892230576441
E08000014,Sefton,Bisexual,72,279300,0.02577873254564984
E08000014,Sefton,All other sexual orientations,0,279300,0
E08000014,Sefton,All other sexual orientations,416,279300,0.1489437880415324
E08000014,Sefton,All other sexual orientations,34,279300,0.01217329036877909
E08000014,Sefton,All other sexual orientations,16,279300,0.005728607232366631
E08000014,Sefton,All other sexual orientations,26,279300,0.009308986752595776
E08000014,Sefton,Not answered,0,279300,0
E08000014,Sefton,Not answered,12560,279300,4.496956677407805
E08000014,Sefton,Not answered,696,279300,0.24919441460794844
E08000014,Sefton,Not answered,359,279300,0.1285356247762263
E08000014,Sefton,Not answered,536,279300,0.19190834228428214
E08000015,Wirral,Does not apply,0,320200,0
E08000015,Wirral,Does not apply,0,320200,0
E08000015,Wirral,Does not apply,0,320200,0
E08000015,Wirral,Does not apply,0,320200,0
E08000015,Wirral,Does not apply,0,320200,0
E08000015,Wirral,Straight or Heterosexual,0,320200,0
E08000015,Wirral,Straight or Heterosexual,207454,320200,64.788881948782
E08000015,Wirral,Straight or Heterosexual,13648,320200,4.262336039975016
E08000015,Wirral,Straight or Heterosexual,6563,320200,2.0496564647095563
E08000015,Wirral,Straight or Heterosexual,9948,320200,3.1068082448469707
E08000015,Wirral,Gay or Lesbian,0,320200,0
E08000015,Wirral,Gay or Lesbian,3614,320200,1.1286695815115553
E08000015,Wirral,Gay or Lesbian,290,320200,0.0905683947532792
E08000015,Wirral,Gay or Lesbian,154,320200,0.048094940662086194
E08000015,Wirral,Gay or Lesbian,121,320200,0.037788881948782015
E08000015,Wirral,Bisexual,0,320200,0
E08000015,Wirral,Bisexual,2356,320200,0.73579013116802
E08000015,Wirral,Bisexual,171,320200,0.05340412242348532
E08000015,Wirral,Bisexual,105,320200,0.03279200499687695
E08000015,Wirral,Bisexual,97,320200,0.030293566520924423
E08000015,Wirral,All other sexual orientations,0,320200,0
E08000015,Wirral,All other sexual orientations,550,320200,0.1717676452217364
E08000015,Wirral,All other sexual orientations,42,320200,0.01311680199875078
E08000015,Wirral,All other sexual orientations,22,320200,0.006870705808869456
E08000015,Wirral,All other sexual orientations,19,320200,0.005933791380387258
E08000015,Wirral,Not answered,0,320200,0
E08000015,Wirral,Not answered,15096,320200,4.714553404122423
E08000015,Wirral,Not answered,813,320200,0.25390381011867585
E08000015,Wirral,Not answered,429,320200,0.1339787632729544
E08000015,Wirral,Not answered,619,320200,0.19331667707682698
E08000016,Barnsley,Does not apply,0,244600,0
E08000016,Barnsley,Does not apply,0,244600,0
E08000016,Barnsley,Does not apply,0,244600,0
E08000016,Barnsley,Does not apply,0,244600,0
E08000016,Barnsley,Does not apply,0,244600,0
E08000016,Barnsley,Straight or Heterosexual,0,244600,0
E08000016,Barnsley,Straight or Heterosexual,160335,244600,65.54987735077678
E08000016,Barnsley,Straight or Heterosexual,9492,244600,3.8806214227309894
E08000016,Barnsley,Straight or Heterosexual,5330,244600,2.179067865903516
E08000016,Barnsley,Straight or Heterosexual,7791,244600,3.1852003270645954
E08000016,Barnsley,Gay or Lesbian,0,244600,0
E08000016,Barnsley,Gay or Lesbian,2653,244600,1.0846279640228946
E08000016,Barnsley,Gay or Lesbian,167,244600,0.06827473426001636
E08000016,Barnsley,Gay or Lesbian,90,244600,0.03679476696647588
E08000016,Barnsley,Gay or Lesbian,79,244600,0.032297628781684386
E08000016,Barnsley,Bisexual,0,244600,0
E08000016,Barnsley,Bisexual,1577,244600,0.6447260834014718
E08000016,Barnsley,Bisexual,97,244600,0.03965658217497956
E08000016,Barnsley,Bisexual,55,244600,0.022485690923957483
E08000016,Barnsley,Bisexual,88,244600,0.035977105478331974
E08000016,Barnsley,All other sexual orientations,0,244600,0
E08000016,Barnsley,All other sexual orientations,335,244600,0.13695829926410466
E08000016,Barnsley,All other sexual orientations,23,244600,0.009403107113654947
E08000016,Barnsley,All other sexual orientations,13,244600,0.005314799672935405
E08000016,Barnsley,All other sexual orientations,26,244600,0.01062959934587081
E08000016,Barnsley,Not answered,0,244600,0
E08000016,Barnsley,Not answered,10485,244600,4.28659035159444
E08000016,Barnsley,Not answered,442,244600,0.18070318887980377
E08000016,Barnsley,Not answered,275,244600,0.11242845461978741
E08000016,Barnsley,Not answered,435,244600,0.17784137367130007
E08000017,Doncaster,Does not apply,0,308100,0
E08000017,Doncaster,Does not apply,0,308100,0
E08000017,Doncaster,Does not apply,0,308100,0
E08000017,Doncaster,Does not apply,0,308100,0
E08000017,Doncaster,Does not apply,0,308100,0
E08000017,Doncaster,Straight or Heterosexual,0,308100,0
E08000017,Doncaster,Straight or Heterosexual,202529,308100,65.73482635507952
E08000017,Doncaster,Straight or Heterosexual,10652,308100,3.457319052255761
E08000017,Doncaster,Straight or Heterosexual,5882,308100,1.9091204154495294
E08000017,Doncaster,Straight or Heterosexual,8897,308100,2.887698799091204
E08000017,Doncaster,Gay or Lesbian,0,308100,0
E08000017,Doncaster,Gay or Lesbian,3046,308100,0.9886400519311912
E08000017,Doncaster,Gay or Lesbian,198,308100,0.06426484907497566
E08000017,Doncaster,Gay or Lesbian,113,308100,0.03667640376501136
E08000017,Doncaster,Gay or Lesbian,108,308100,0.035053554040895815
E08000017,Doncaster,Bisexual,0,308100,0
E08000017,Doncaster,Bisexual,2158,308100,0.70042194092827
E08000017,Doncaster,Bisexual,108,308100,0.035053554040895815
E08000017,Doncaster,Bisexual,65,308100,0.02109704641350211
E08000017,Doncaster,Bisexual,76,308100,0.024667315806556313
E08000017,Doncaster,All other sexual orientations,0,308100,0
E08000017,Doncaster,All other sexual orientations,581,308100,0.18857513794222655
E08000017,Doncaster,All other sexual orientations,25,308100,0.008114248620577734
E08000017,Doncaster,All other sexual orientations,12,308100,0.0038948393378773127
E08000017,Doncaster,All other sexual orientations,26,308100,0.008438818565400843
E08000017,Doncaster,Not answered,0,308100,0
E08000017,Doncaster,Not answered,14859,308100,4.822784810126582
E08000017,Doncaster,Not answered,580,308100,0.18825056799740345
E08000017,Doncaster,Not answered,345,308100,0.11197663096397274
E08000017,Doncaster,Not answered,665,308100,0.21583901330736774
E08000018,Rotherham,Does not apply,0,265800,0
E08000018,Rotherham,Does not apply,0,265800,0
E08000018,Rotherham,Does not apply,0,265800,0
E08000018,Rotherham,Does not apply,0,265800,0
E08000018,Rotherham,Does not apply,0,265800,0
E08000018,Rotherham,Straight or Heterosexual,0,265800,0
E08000018,Rotherham,Straight or Heterosexual,173547,265800,65.29232505643341
E08000018,Rotherham,Straight or Heterosexual,9970,265800,3.7509405568096312
E08000018,Rotherham,Straight or Heterosexual,5513,265800,2.0741158765989467
E08000018,Rotherham,Straight or Heterosexual,8476,265800,3.1888638073739655
E08000018,Rotherham,Gay or Lesbian,0,265800,0
E08000018,Rotherham,Gay or Lesbian,2280,265800,0.8577878103837472
E08000018,Rotherham,Gay or Lesbian,171,265800,0.06433408577878104
E08000018,Rotherham,Gay or Lesbian,96,265800,0.03611738148984198
E08000018,Rotherham,Gay or Lesbian,90,265800,0.033860045146726865
E08000018,Rotherham,Bisexual,0,265800,0
E08000018,Rotherham,Bisexual,1661,265800,0.6249059443190369
E08000018,Rotherham,Bisexual,109,265800,0.041008276899924756
E08000018,Rotherham,Bisexual,55,265800,0.02069224981188864
E08000018,Rotherham,Bisexual,75,265800,0.028216704288939052
E08000018,Rotherham,All other sexual orientations,0,265800,0
E08000018,Rotherham,All other sexual orientations,443,265800,0.16666666666666666
E08000018,Rotherham,All other sexual orientations,28,265800,0.010534236267870579
E08000018,Rotherham,All other sexual orientations,22,265800,0.008276899924755455
E08000018,Rotherham,All other sexual orientations,27,265800,0.010158013544018058
E08000018,Rotherham,Not answered,0,265800,0
E08000018,Rotherham,Not answered,11588,265800,4.35966892400301
E08000018,Rotherham,Not answered,501,265800,0.18848758465011287
E08000018,Rotherham,Not answered,311,265800,0.11700526711813393
E08000018,Rotherham,Not answered,607,265800,0.22836719337848005
E08000019,Sheffield,Does not apply,0,556500,0
E08000019,Sheffield,Does not apply,0,556500,0
E08000019,Sheffield,Does not apply,0,556500,0
E08000019,Sheffield,Does not apply,0,556500,0
E08000019,Sheffield,Does not apply,0,556500,0
E08000019,Sheffield,Straight or Heterosexual,0,556500,0
E08000019,Sheffield,Straight or Heterosexual,358319,556500,64.38796046720574
E08000019,Sheffield,Straight or Heterosexual,20209,556500,3.631446540880503
E08000019,Sheffield,Straight or Heterosexual,9250,556500,1.6621743036837378
E08000019,Sheffield,Straight or Heterosexual,13757,556500,2.4720575022461815
E08000019,Sheffield,Gay or Lesbian,0,556500,0
E08000019,Sheffield,Gay or Lesbian,6633,556500,1.1919137466307277
E08000019,Sheffield,Gay or Lesbian,442,556500,0.07942497753818509
E08000019,Sheffield,Gay or Lesbian,157,556500,0.02821203953279425
E08000019,Sheffield,Gay or Lesbian,162,556500,0.029110512129380053
E08000019,Sheffield,Bisexual,0,556500,0
E08000019,Sheffield,Bisexual,8298,556500,1.4911051212938005
E08000019,Sheffield,Bisexual,446,556500,0.08014375561545373
E08000019,Sheffield,Bisexual,138,556500,0.024797843665768194
E08000019,Sheffield,Bisexual,136,556500,0.02443845462713387
E08000019,Sheffield,All other sexual orientations,0,556500,0
E08000019,Sheffield,All other sexual orientations,2170,556500,0.389937106918239
E08000019,Sheffield,All other sexual orientations,146,556500,0.02623539982030548
E08000019,Sheffield,All other sexual orientations,58,556500,0.010422282120395327
E08000019,Sheffield,All other sexual orientations,37,556500,0.006648697214734951
E08000019,Sheffield,Not answered,0,556500,0
E08000019,Sheffield,Not answered,32502,556500,5.840431266846362
E08000019,Sheffield,Not answered,1447,556500,0.26001796945193173
E08000019,Sheffield,Not answered,827,556500,0.148607367475292
E08000019,Sheffield,Not answered,1111,556500,0.19964061096136568
E08000021,Newcastle upon Tyne,Does not apply,0,300200,0
E08000021,Newcastle upon Tyne,Does not apply,0,300200,0
E08000021,Newcastle upon Tyne,Does not apply,0,300200,0
E08000021,Newcastle upon Tyne,Does not apply,0,300200,0
E08000021,Newcastle upon Tyne,Does not apply,0,300200,0
E08000021,Newcastle upon Tyne,Straight or Heterosexual,0,300200,0
E08000021,Newcastle upon Tyne,Straight or Heterosexual,196257,300200,65.37541638907395
E08000021,Newcastle upon Tyne,Straight or Heterosexual,8912,300200,2.9686875416389076
E08000021,Newcastle upon Tyne,Straight or Heterosexual,4867,300200,1.6212524983344436
E08000021,Newcastle upon Tyne,Straight or Heterosexual,6972,300200,2.3224516988674218
E08000021,Newcastle upon Tyne,Gay or Lesbian,0,300200,0
E08000021,Newcastle upon Tyne,Gay or Lesbian,5003,300200,1.66655562958028
E08000021,Newcastle upon Tyne,Gay or Lesbian,297,300200,0.09893404397068621
E08000021,Newcastle upon Tyne,Gay or Lesbian,112,300200,0.037308461025982675
E08000021,Newcastle upon Tyne,Gay or Lesbian,85,300200,0.028314457028647568
E08000021,Newcastle upon Tyne,Bisexual,0,300200,0
E08000021,Newcastle upon Tyne,Bisexual,5331,300200,1.7758161225849434
E08000021,Newcastle upon Tyne,Bisexual,220,300200,0.07328447701532312
E08000021,Newcastle upon Tyne,Bisexual,73,300200,0.024317121918720853
E08000021,Newcastle upon Tyne,Bisexual,101,300200,0.03364423717521652
E08000021,Newcastle upon Tyne,All other sexual orientations,0,300200,0
E08000021,Newcastle upon Tyne,All other sexual orientations,1221,300200,0.4067288474350433
E08000021,Newcastle upon Tyne,All other sexual orientations,73,300200,0.024317121918720853
E08000021,Newcastle upon Tyne,All other sexual orientations,25,300200,0.008327781479013991
E08000021,Newcastle upon Tyne,All other sexual orientations,16,300200,0.005329780146568954
E08000021,Newcastle upon Tyne,Not answered,0,300200,0
E08000021,Newcastle upon Tyne,Not answered,17525,300200,5.837774816788808
E08000021,Newcastle upon Tyne,Not answered,551,300200,0.18354430379746836
E08000021,Newcastle upon Tyne,Not answered,361,300200,0.12025316455696203
E08000021,Newcastle upon Tyne,Not answered,449,300200,0.14956695536309128
E08000022,North Tyneside,Does not apply,0,209000,0
E08000022,North Tyneside,Does not apply,0,209000,0
E08000022,North Tyneside,Does not apply,0,209000,0
E08000022,North Tyneside,Does not apply,0,209000,0
E08000022,North Tyneside,Does not apply,0,209000,0
E08000022,North Tyneside,Straight or Heterosexual,0,209000,0
E08000022,North Tyneside,Straight or Heterosexual,139339,209000,66.66937799043062
E08000022,North Tyneside,Straight or Heterosexual,8437,209000,4.036842105263158
E08000022,North Tyneside,Straight or Heterosexual,3735,209000,1.7870813397129186
E08000022,North Tyneside,Straight or Heterosexual,5712,209000,2.733014354066986
E08000022,North Tyneside,Gay or Lesbian,0,209000,0
E08000022,North Tyneside,Gay or Lesbian,2600,209000,1.244019138755981
E08000022,North Tyneside,Gay or Lesbian,196,209000,0.0937799043062201
E08000022,North Tyneside,Gay or Lesbian,71,209000,0.03397129186602871
E08000022,North Tyneside,Gay or Lesbian,58,209000,0.027751196172248804
E08000022,North Tyneside,Bisexual,0,209000,0
E08000022,North Tyneside,Bisexual,1748,209000,0.8363636363636363
E08000022,North Tyneside,Bisexual,130,209000,0.06220095693779904
E08000022,North Tyneside,Bisexual,53,209000,0.025358851674641147
E08000022,North Tyneside,Bisexual,61,209000,0.029186602870813396
E08000022,North Tyneside,All other sexual orientations,0,209000,0
E08000022,North Tyneside,All other sexual orientations,349,209000,0.16698564593301435
E08000022,North Tyneside,All other sexual orientations,30,209000,0.014354066985645933
E08000022,North Tyneside,All other sexual orientations,13,209000,0.006220095693779904
E08000022,North Tyneside,All other sexual orientations,12,209000,0.005741626794258373
E08000022,North Tyneside,Not answered,0,209000,0
E08000022,North Tyneside,Not answered,8091,209000,3.871291866028708
E08000022,North Tyneside,Not answered,391,209000,0.18708133971291865
E08000022,North Tyneside,Not answered,194,209000,0.09282296650717703
E08000022,North Tyneside,Not answered,291,209000,0.13923444976076554
E08000023,South Tyneside,Does not apply,0,147800,0
E08000023,South Tyneside,Does not apply,0,147800,0
E08000023,South Tyneside,Does not apply,0,147800,0
E08000023,South Tyneside,Does not apply,0,147800,0
E08000023,South Tyneside,Does not apply,0,147800,0
E08000023,South Tyneside,Straight or Heterosexual,0,147800,0
E08000023,South Tyneside,Straight or Heterosexual,98054,147800,66.34235453315291
E08000023,South Tyneside,Straight or Heterosexual,5693,147800,3.851826792963464
E08000023,South Tyneside,Straight or Heterosexual,3211,147800,2.172530446549391
E08000023,South Tyneside,Straight or Heterosexual,4646,147800,3.1434370771312583
E08000023,South Tyneside,Gay or Lesbian,0,147800,0
E08000023,South Tyneside,Gay or Lesbian,1569,147800,1.0615696887686061
E08000023,South Tyneside,Gay or Lesbian,89,147800,0.060216508795669824
E08000023,South Tyneside,Gay or Lesbian,51,147800,0.03450608930987822
E08000023,South Tyneside,Gay or Lesbian,47,147800,0.031799729364005415
E08000023,South Tyneside,Bisexual,0,147800,0
E08000023,South Tyneside,Bisexual,1072,147800,0.7253044654939107
E08000023,South Tyneside,Bisexual,76,147800,0.05142083897158322
E08000023,South Tyneside,Bisexual,31,147800,0.02097428958051421
E08000023,South Tyneside,Bisexual,32,147800,0.02165087956698241
E08000023,South Tyneside,All other sexual orientations,0,147800,0
E08000023,South Tyneside,All other sexual orientations,179,147800,0.12110960757780785
E08000023,South Tyneside,All other sexual orientations,24,147800,0.016238159675236806
E08000023,South Tyneside,All other sexual orientations,8,147800,0.005412719891745603
E08000023,South Tyneside,All other sexual orientations,9,147800,0.006089309878213802
E08000023,South Tyneside,Not answered,0,147800,0
E08000023,South Tyneside,Not answered,5810,147800,3.9309878213802434
E08000023,South Tyneside,Not answered,248,147800,0.16779431664411368
E08000023,South Tyneside,Not answered,166,147800,0.11231393775372124
E08000023,South Tyneside,Not answered,278,147800,0.1880920162381597
E08000024,Sunderland,Does not apply,0,274200,0
E08000024,Sunderland,Does not apply,0,274200,0
E08000024,Sunderland,Does not apply,0,274200,0
E08000024,Sunderland,Does not apply,0,274200,0
E08000024,Sunderland,Does not apply,0,274200,0
E08000024,Sunderland,Straight or Heterosexual,0,274200,0
E08000024,Sunderland,Straight or Heterosexual,181399,274200,66.15572574762946
E08000024,Sunderland,Straight or Heterosexual,10570,274200,3.8548504741064917
E08000024,Sunderland,Straight or Heterosexual,6534,274200,2.3829321663019694
E08000024,Sunderland,Straight or Heterosexual,9663,274200,3.524070021881838
E08000024,Sunderland,Gay or Lesbian,0,274200,0
E08000024,Sunderland,Gay or Lesbian,2862,274200,1.0437636761487965
E08000024,Sunderland,Gay or Lesbian,206,274200,0.07512764405543398
E08000024,Sunderland,Gay or Lesbian,130,274200,0.04741064916119621
E08000024,Sunderland,Gay or Lesbian,81,274200,0.02954048140043764
E08000024,Sunderland,Bisexual,0,274200,0
E08000024,Sunderland,Bisexual,1825,274200,0.6655725747629467
E08000024,Sunderland,Bisexual,110,274200,0.04011670313639679
E08000024,Sunderland,Bisexual,60,274200,0.02188183807439825
E08000024,Sunderland,Bisexual,63,274200,0.022975929978118162
E08000024,Sunderland,All other sexual orientations,0,274200,0
E08000024,Sunderland,All other sexual orientations,424,274200,0.15463165572574764
E08000024,Sunderland,All other sexual orientations,35,274200,0.012764405543398978
E08000024,Sunderland,All other sexual orientations,9,274200,0.0032822757111597373
E08000024,Sunderland,All other sexual orientations,19,274200,0.006929248723559446
E08000024,Sunderland,Not answered,0,274200,0
E08000024,Sunderland,Not answered,10770,274200,3.927789934354486
E08000024,Sunderland,Not answered,500,274200,0.18234865061998543
E08000024,Sunderland,Not answered,308,274200,0.11232676878191102
E08000024,Sunderland,Not answered,504,274200,0.1838074398249453
E08000025,Birmingham,Does not apply,0,1144900,0
E08000025,Birmingham,Does not apply,0,1144900,0
E08000025,Birmingham,Does not apply,0,1144900,0
E08000025,Birmingham,Does not apply,0,1144900,0
E08000025,Birmingham,Does not apply,0,1144900,0
E08000025,Birmingham,Straight or Heterosexual,0,1144900,0
E08000025,Birmingham,Straight or Heterosexual,698842,1144900,61.03956677439078
E08000025,Birmingham,Straight or Heterosexual,33304,1144900,2.908900340641104
E08000025,Birmingham,Straight or Heterosexual,20580,1144900,1.7975369027862695
E08000025,Birmingham,Straight or Heterosexual,26328,1144900,2.2995894837977118
E08000025,Birmingham,Gay or Lesbian,0,1144900,0
E08000025,Birmingham,Gay or Lesbian,10884,1144900,0.9506507118525636
E08000025,Birmingham,Gay or Lesbian,632,1144900,0.055201327626866976
E08000025,Birmingham,Gay or Lesbian,252,1144900,0.02201065595248493
E08000025,Birmingham,Gay or Lesbian,197,1144900,0.017206742946982267
E08000025,Birmingham,Bisexual,0,1144900,0
E08000025,Birmingham,Bisexual,10301,1144900,0.8997292339942353
E08000025,Birmingham,Bisexual,519,1144900,0.045331469997379685
E08000025,Birmingham,Bisexual,212,1144900,0.018516901039392086
E08000025,Birmingham,Bisexual,225,1144900,0.019652371386147262
E08000025,Birmingham,All other sexual orientations,0,1144900,0
E08000025,Birmingham,All other sexual orientations,3228,1144900,0.2819460214865927
E08000025,Birmingham,All other sexual orientations,165,1144900,0.014411739016507993
E08000025,Birmingham,All other sexual orientations,105,1144900,0.009171106646868722
E08000025,Birmingham,All other sexual orientations,80,1144900,0.006987509826185693
E08000025,Birmingham,Not answered,0,1144900,0
E08000025,Birmingham,Not answered,76436,1144900,6.6762162634291204
E08000025,Birmingham,Not answered,2845,1144900,0.24849331819372872
E08000025,Birmingham,Not answered,2065,1144900,0.18036509738841822
E08000025,Birmingham,Not answered,2419,1144900,0.21128482836928988
E08000026,Coventry,Does not apply,0,345300,0
E08000026,Coventry,Does not apply,0,345300,0
E08000026,Coventry,Does not apply,0,345300,0
E08000026,Coventry,Does not apply,0,345300,0
E08000026,Coventry,Does not apply,0,345300,0
E08000026,Coventry,Straight or Heterosexual,0,345300,0
E08000026,Coventry,Straight or Heterosexual,219457,345300,63.55545902114104
E08000026,Coventry,Straight or Heterosexual,11245,345300,3.2565884737909063
E08000026,Coventry,Straight or Heterosexual,5440,345300,1.5754416449464235
E08000026,Coventry,Straight or Heterosexual,7480,345300,2.166232261801332
E08000026,Coventry,Gay or Lesbian,0,345300,0
E08000026,Coventry,Gay or Lesbian,2987,345300,0.8650448885027512
E08000026,Coventry,Gay or Lesbian,205,345300,0.05936866492904721
E08000026,Coventry,Gay or Lesbian,75,345300,0.021720243266724587
E08000026,Coventry,Gay or Lesbian,72,345300,0.020851433536055605
E08000026,Coventry,Bisexual,0,345300,0
E08000026,Coventry,Bisexual,3804,345300,1.101650738488271
E08000026,Coventry,Bisexual,169,345300,0.048942948161019406
E08000026,Coventry,Bisexual,78,345300,0.022589052997393572
E08000026,Coventry,Bisexual,82,345300,0.02374746597161888
E08000026,Coventry,All other sexual orientations,0,345300,0
E08000026,Coventry,All other sexual orientations,1158,345300,0.3353605560382276
E08000026,Coventry,All other sexual orientations,75,345300,0.021720243266724587
E08000026,Coventry,All other sexual orientations,28,345300,0.00810889081957718
E08000026,Coventry,All other sexual orientations,28,345300,0.00810889081957718
E08000026,Coventry,Not answered,0,345300,0
E08000026,Coventry,Not answered,22601,345300,6.5453229076165655
E08000026,Coventry,Not answered,769,345300,0.2227048942948161
E08000026,Coventry,Not answered,469,345300,0.13582392122791775
E08000026,Coventry,Not answered,651,345300,0.18853171155516943
E08000027,Dudley,Does not apply,0,323500,0
E08000027,Dudley,Does not apply,0,323500,0
E08000027,Dudley,Does not apply,0,323500,0
E08000027,Dudley,Does not apply,0,323500,0
E08000027,Dudley,Does not apply,0,323500,0
E08000027,Dudley,Straight or Heterosexual,0,323500,0
E08000027,Dudley,Straight or Heterosexual,209734,323500,64.83276661514684
E08000027,Dudley,Straight or Heterosexual,13543,323500,4.186398763523957
E08000027,Dudley,Straight or Heterosexual,6089,323500,1.882225656877898
E08000027,Dudley,Straight or Heterosexual,8826,323500,2.7282843894899536
E08000027,Dudley,Gay or Lesbian,0,323500,0
E08000027,Dudley,Gay or Lesbian,2714,323500,0.8389489953632149
E08000027,Dudley,Gay or Lesbian,222,323500,0.06862442040185471
E08000027,Dudley,Gay or Lesbian,88,323500,0.027202472952086554
E08000027,Dudley,Gay or Lesbian,91,323500,0.02812982998454405
E08000027,Dudley,Bisexual,0,323500,0
E08000027,Dudley,Bisexual,1915,323500,0.5919629057187017
E08000027,Dudley,Bisexual,121,323500,0.03740340030911901
E08000027,Dudley,Bisexual,66,323500,0.020401854714064915
E08000027,Dudley,Bisexual,68,323500,0.021020092735703245
E08000027,Dudley,All other sexual orientations,0,323500,0
E08000027,Dudley,All other sexual orientations,466,323500,0.14404945904173105
E08000027,Dudley,All other sexual orientations,34,323500,0.010510046367851623
E08000027,Dudley,All other sexual orientations,13,323500,0.00401854714064915
E08000027,Dudley,All other sexual orientations,15,323500,0.00463678516228748
E08000027,Dudley,Not answered,0,323500,0
E08000027,Dudley,Not answered,16532,323500,5.110355486862442
E08000027,Dudley,Not answered,798,323500,0.24667697063369398
E08000027,Dudley,Not answered,425,323500,0.13137557959814528
E08000027,Dudley,Not answered,726,323500,0.22442040185471407
E08000028,Sandwell,Does not apply,0,341900,0
E08000028,Sandwell,Does not apply,0,341900,0
E08000028,Sandwell,Does not apply,0,341900,0
E08000028,Sandwell,Does not apply,0,341900,0
E08000028,Sandwell,Does not apply,0,341900,0
E08000028,Sandwell,Straight or Heterosexual,0,341900,0
E08000028,Sandwell,Straight or Heterosexual,211318,341900,61.80696109973677
E08000028,Sandwell,Straight or Heterosexual,10229,341900,2.9918104708979234
E08000028,Sandwell,Straight or Heterosexual,6902,341900,2.0187189236618894
E08000028,Sandwell,Straight or Heterosexual,9093,341900,2.6595495758993857
E08000028,Sandwell,Gay or Lesbian,0,341900,0
E08000028,Sandwell,Gay or Lesbian,2491,341900,0.7285756069026031
E08000028,Sandwell,Gay or Lesbian,161,341900,0.04708979233694063
E08000028,Sandwell,Gay or Lesbian,89,341900,0.026031003217315003
E08000028,Sandwell,Gay or Lesbian,75,341900,0.02193623866627669
E08000028,Sandwell,Bisexual,0,341900,0
E08000028,Sandwell,Bisexual,2237,341900,0.6542848786194794
E08000028,Sandwell,Bisexual,129,341900,0.037730330505995904
E08000028,Sandwell,Bisexual,81,341900,0.023691137759578824
E08000028,Sandwell,Bisexual,78,341900,0.022813688212927757
E08000028,Sandwell,All other sexual orientations,0,341900,0
E08000028,Sandwell,All other sexual orientations,684,341900,0.2000584966364434
E08000028,Sandwell,All other sexual orientations,33,341900,0.009651945013161743
E08000028,Sandwell,All other sexual orientations,25,341900,0.007312079555425563
E08000028,Sandwell,All other sexual orientations,19,341900,0.005557180462123428
E08000028,Sandwell,Not answered,0,341900,0
E08000028,Sandwell,Not answered,20284,341900,5.932728868090085
E08000028,Sandwell,Not answered,774,341900,0.22638198303597543
E08000028,Sandwell,Not answered,547,341900,0.15998830067271133
E08000028,Sandwell,Not answered,777,341900,0.22725943258262649
E08000029,Solihull,Does not apply,0,216200,0
E08000029,Solihull,Does not apply,0,216200,0
E08000029,Solihull,Does not apply,0,216200,0
E08000029,Solihull,Does not apply,0,216200,0
E08000029,Solihull,Does not apply,0,216200,0
E08000029,Solihull,Straight or Heterosexual,0,216200,0
E08000029,Solihull,Straight or Heterosexual,142361,216200,65.84690101757631
E08000029,Solihull,Straight or Heterosexual,9095,216200,4.206753006475486
E08000029,Solihull,Straight or Heterosexual,3556,216200,1.6447733580018502
E08000029,Solihull,Straight or Heterosexual,5434,216200,2.513413506012951
E08000029,Solihull,Gay or Lesbian,0,216200,0
E08000029,Solihull,Gay or Lesbian,1576,216200,0.72895467160037
E08000029,Solihull,Gay or Lesbian,111,216200,0.0513413506012951
E08000029,Solihull,Gay or Lesbian,36,216200,0.016651248843663275
E08000029,Solihull,Gay or Lesbian,42,216200,0.01942645698427382
E08000029,Solihull,Bisexual,0,216200,0
E08000029,Solihull,Bisexual,1097,216200,0.5074005550416282
E08000029,Solihull,Bisexual,73,216200,0.033765032377428304
E08000029,Solihull,Bisexual,34,216200,0.01572617946345976
E08000029,Solihull,Bisexual,48,216200,0.022201665124884366
E08000029,Solihull,All other sexual orientations,0,216200,0
E08000029,Solihull,All other sexual orientations,240,216200,0.11100832562442182
E08000029,Solihull,All other sexual orientations,17,216200,0.00786308973172988
E08000029,Solihull,All other sexual orientations,6,216200,0.0027752081406105457
E08000029,Solihull,All other sexual orientations,6,216200,0.0027752081406105457
E08000029,Solihull,Not answered,0,216200,0
E08000029,Solihull,Not answered,9700,216200,4.4865864939870495
E08000029,Solihull,Not answered,464,216200,0.21461609620721553
E08000029,Solihull,Not answered,234,216200,0.10823311748381129
E08000029,Solihull,Not answered,369,216200,0.17067530064754857
E08000030,Walsall,Does not apply,0,284100,0
E08000030,Walsall,Does not apply,0,284100,0
E08000030,Walsall,Does not apply,0,284100,0
E08000030,Walsall,Does not apply,0,284100,0
E08000030,Walsall,Does not apply,0,284100,0
E08000030,Walsall,Straight or Heterosexual,0,284100,0
E08000030,Walsall,Straight or Heterosexual,177606,284100,62.51531151003168
E08000030,Walsall,Straight or Heterosexual,9568,284100,3.367828229496656
E08000030,Walsall,Straight or Heterosexual,5842,284100,2.05631819781767
E08000030,Walsall,Straight or Heterosexual,8314,284100,2.9264343541006688
E08000030,Walsall,Gay or Lesbian,0,284100,0
E08000030,Walsall,Gay or Lesbian,2090,284100,0.7356564589933122
E08000030,Walsall,Gay or Lesbian,154,284100,0.054206265399507216
E08000030,Walsall,Gay or Lesbian,86,284100,0.030271031326997537
E08000030,Walsall,Gay or Lesbian,69,284100,0.024287222808870117
E08000030,Walsall,Bisexual,0,284100,0
E08000030,Walsall,Bisexual,1624,284100,0.5716297078493489
E08000030,Walsall,Bisexual,109,284100,0.03836677226328757
E08000030,Walsall,Bisexual,53,284100,0.018655403027103133
E08000030,Walsall,Bisexual,90,284100,0.03167898627243928
E08000030,Walsall,All other sexual orientations,0,284100,0
E08000030,Walsall,All other sexual orientations,479,284100,0.16860260471664906
E08000030,Walsall,All other sexual orientations,28,284100,0.009855684618092221
E08000030,Walsall,All other sexual orientations,19,284100,0.006687785990848293
E08000030,Walsall,All other sexual orientations,24,284100,0.008447729672650475
E08000030,Walsall,Not answered,0,284100,0
E08000030,Walsall,Not answered,15219,284100,5.356916578669483
E08000030,Walsall,Not answered,623,284100,0.21928898275255193
E08000030,Walsall,Not answered,467,284100,0.16437873988032384
E08000030,Walsall,Not answered,636,284100,0.2238648363252376
E08000031,Wolverhampton,Does not apply,0,263700,0
E08000031,Wolverhampton,Does not apply,0,263700,0
E08000031,Wolverhampton,Does not apply,0,263700,0
E08000031,Wolverhampton,Does not apply,0,263700,0
E08000031,Wolverhampton,Does not apply,0,263700,0
E08000031,Wolverhampton,Straight or Heterosexual,0,263700,0
E08000031,Wolverhampton,Straight or Heterosexual,165667,263700,62.82404247250663
E08000031,Wolverhampton,Straight or Heterosexual,8497,263700,3.2222222222222223
E08000031,Wolverhampton,Straight or Heterosexual,5032,263700,1.9082290481607889
E08000031,Wolverhampton,Straight or Heterosexual,6725,263700,2.5502464922260146
E08000031,Wolverhampton,Gay or Lesbian,0,263700,0
E08000031,Wolverhampton,Gay or Lesbian,1965,263700,0.745164960182025
E08000031,Wolverhampton,Gay or Lesbian,145,263700,0.054986727341676145
E08000031,Wolverhampton,Gay or Lesbian,71,263700,0.026924535456958665
E08000031,Wolverhampton,Gay or Lesbian,81,263700,0.030716723549488054
E08000031,Wolverhampton,Bisexual,0,263700,0
E08000031,Wolverhampton,Bisexual,1944,263700,0.7372013651877133
E08000031,Wolverhampton,Bisexual,102,263700,0.038680318543799774
E08000031,Wolverhampton,Bisexual,62,263700,0.023511566173682216
E08000031,Wolverhampton,Bisexual,53,263700,0.020098596890405763
E08000031,Wolverhampton,All other sexual orientations,0,263700,0
E08000031,Wolverhampton,All other sexual orientations,663,263700,0.2514220705346985
E08000031,Wolverhampton,All other sexual orientations,30,263700,0.011376564277588168
E08000031,Wolverhampton,All other sexual orientations,21,263700,0.007963594994311717
E08000031,Wolverhampton,All other sexual orientations,21,263700,0.007963594994311717
E08000031,Wolverhampton,Not answered,0,263700,0
E08000031,Wolverhampton,Not answered,15698,263700,5.952976867652636
E08000031,Wolverhampton,Not answered,634,263700,0.24042472506636328
E08000031,Wolverhampton,Not answered,447,263700,0.1695108077360637
E08000031,Wolverhampton,Not answered,584,263700,0.22146378460371635
E08000032,Bradford,Does not apply,0,546400,0
E08000032,Bradford,Does not apply,0,546400,0
E08000032,Bradford,Does not apply,0,546400,0
E08000032,Bradford,Does not apply,0,546400,0
E08000032,Bradford,Does not apply,0,546400,0
E08000032,Bradford,Straight or Heterosexual,0,546400,0
E08000032,Bradford,Straight or Heterosexual,334404,546400,61.20131771595901
E08000032,Bradford,Straight or Heterosexual,17372,546400,3.179355783308931
E08000032,Bradford,Straight or Heterosexual,10137,546400,1.8552342606149341
E08000032,Bradford,Straight or Heterosexual,12677,546400,2.320095168374817
E08000032,Bradford,Gay or Lesbian,0,546400,0
E08000032,Bradford,Gay or Lesbian,4056,546400,0.7423133235724744
E08000032,Bradford,Gay or Lesbian,284,546400,0.05197657393850659
E08000032,Bradford,Gay or Lesbian,115,546400,0.021046852122986823
E08000032,Bradford,Gay or Lesbian,90,546400,0.016471449487554905
E08000032,Bradford,Bisexual,0,546400,0
E08000032,Bradford,Bisexual,3797,546400,0.6949121522693997
E08000032,Bradford,Bisexual,221,546400,0.04044655929721815
E08000032,Bradford,Bisexual,123,546400,0.022510980966325037
E08000032,Bradford,Bisexual,120,546400,0.021961932650073207
E08000032,Bradford,All other sexual orientations,0,546400,0
E08000032,Bradford,All other sexual orientations,1121,546400,0.2051610541727672
E08000032,Bradford,All other sexual orientations,67,546400,0.01226207906295754
E08000032,Bradford,All other sexual orientations,46,546400,0.00841874084919473
E08000032,Bradford,All other sexual orientations,26,546400,0.004758418740849195
E08000032,Bradford,Not answered,0,546400,0
E08000032,Bradford,Not answered,33339,546400,6.101573938506589
E08000032,Bradford,Not answered,1376,546400,0.2518301610541728
E08000032,Bradford,Not answered,1019,546400,0.18649341142020498
E08000032,Bradford,Not answered,1184,546400,0.21669106881405564
E08000033,Calderdale,Does not apply,0,206600,0
E08000033,Calderdale,Does not apply,0,206600,0
E08000033,Calderdale,Does not apply,0,206600,0
E08000033,Calderdale,Does not apply,0,206600,0
E08000033,Calderdale,Does not apply,0,206600,0
E08000033,Calderdale,Straight or Heterosexual,0,206600,0
E08000033,Calderdale,Straight or Heterosexual,133904,206600,64.81316553727008
E08000033,Calderdale,Straight or Heterosexual,8057,206600,3.899806389157793
E08000033,Calderdale,Straight or Heterosexual,3363,206600,1.627783155856728
E08000033,Calderdale,Straight or Heterosexual,4491,206600,2.1737657308809295
E08000033,Calderdale,Gay or Lesbian,0,206600,0
E08000033,Calderdale,Gay or Lesbian,2455,206600,1.1882865440464665
E08000033,Calderdale,Gay or Lesbian,218,206600,0.10551790900290416
E08000033,Calderdale,Gay or Lesbian,61,206600,0.02952565343659245
E08000033,Calderdale,Gay or Lesbian,76,206600,0.036786060019361085
E08000033,Calderdale,Bisexual,0,206600,0
E08000033,Calderdale,Bisexual,1730,206600,0.8373668925459826
E08000033,Calderdale,Bisexual,135,206600,0.06534365924491771
E08000033,Calderdale,Bisexual,52,206600,0.02516940948693127
E08000033,Calderdale,Bisexual,53,206600,0.025653436592449178
E08000033,Calderdale,All other sexual orientations,0,206600,0
E08000033,Calderdale,All other sexual orientations,470,206600,0.22749273959341723
E08000033,Calderdale,All other sexual orientations,49,206600,0.02371732817037754
E08000033,Calderdale,All other sexual orientations,17,206600,0.008228460793804453
E08000033,Calderdale,All other sexual orientations,16,206600,0.007744433688286544
E08000033,Calderdale,Not answered,0,206600,0
E08000033,Calderdale,Not answered,10400,206600,5.033881897386253
E08000033,Calderdale,Not answered,514,206600,0.24878993223620524
E08000033,Calderdale,Not answered,254,206600,0.12294288480154889
E08000033,Calderdale,Not answered,320,206600,0.15488867376573087
E08000034,Kirklees,Does not apply,0,433300,0
E08000034,Kirklees,Does not apply,0,433300,0
E08000034,Kirklees,Does not apply,0,433300,0
E08000034,Kirklees,Does not apply,0,433300,0
E08000034,Kirklees,Does not apply,0,433300,0
E08000034,Kirklees,Straight or Heterosexual,0,433300,0
E08000034,Kirklees,Straight or Heterosexual,278440,433300,64.26032771751673
E08000034,Kirklees,Straight or Heterosexual,16486,433300,3.804754211862451
E08000034,Kirklees,Straight or Heterosexual,6931,433300,1.5995845834294946
E08000034,Kirklees,Straight or Heterosexual,9644,433300,2.2257096699746133
E08000034,Kirklees,Gay or Lesbian,0,433300,0
E08000034,Kirklees,Gay or Lesbian,3846,433300,0.8876067389799215
E08000034,Kirklees,Gay or Lesbian,286,433300,0.06600507731363951
E08000034,Kirklees,Gay or Lesbian,103,433300,0.02377105931225479
E08000034,Kirklees,Gay or Lesbian,105,433300,0.024232633279483037
E08000034,Kirklees,Bisexual,0,433300,0
E08000034,Kirklees,Bisexual,3332,433300,0.7689822294022617
E08000034,Kirklees,Bisexual,201,433300,0.046388183706438955
E08000034,Kirklees,Bisexual,81,433300,0.018693745672744056
E08000034,Kirklees,Bisexual,83,433300,0.019155319639972305
E08000034,Kirklees,All other sexual orientations,0,433300,0
E08000034,Kirklees,All other sexual orientations,874,433300,0.2017078236787445
E08000034,Kirklees,All other sexual orientations,59,433300,0.013616432033233325
E08000034,Kirklees,All other sexual orientations,32,433300,0.0073851834756519736
E08000034,Kirklees,All other sexual orientations,31,433300,0.007154396492037849
E08000034,Kirklees,Not answered,0,433300,0
E08000034,Kirklees,Not answered,23266,433300,5.369489960766213
E08000034,Kirklees,Not answered,1105,433300,0.2550196168936072
E08000034,Kirklees,Not answered,576,433300,0.13293330256173552
E08000034,Kirklees,Not answered,795,433300,0.1834756519732287
E08000035,Leeds,Does not apply,0,812000,0
E08000035,Leeds,Does not apply,0,812000,0
E08000035,Leeds,Does not apply,0,812000,0
E08000035,Leeds,Does not apply,0,812000,0
E08000035,Leeds,Does not apply,0,812000,0
E08000035,Leeds,Straight or Heterosexual,0,812000,0
E08000035,Leeds,Straight or Heterosexual,527600,812000,64.97536945812809
E08000035,Leeds,Straight or Heterosexual,27083,812000,3.3353448275862068
E08000035,Leeds,Straight or Heterosexual,11232,812000,1.3832512315270935
E08000035,Leeds,Straight or Heterosexual,16329,812000,2.010960591133005
E08000035,Leeds,Gay or Lesbian,0,812000,0
E08000035,Leeds,Gay or Lesbian,11204,812000,1.3798029556650246
E08000035,Leeds,Gay or Lesbian,637,812000,0.07844827586206897
E08000035,Leeds,Gay or Lesbian,209,812000,0.025738916256157634
E08000035,Leeds,Gay or Lesbian,179,812000,0.022044334975369458
E08000035,Leeds,Bisexual,0,812000,0
E08000035,Leeds,Bisexual,11784,812000,1.451231527093596
E08000035,Leeds,Bisexual,549,812000,0.06761083743842365
E08000035,Leeds,Bisexual,157,812000,0.019334975369458128
E08000035,Leeds,Bisexual,166,812000,0.020443349753694582
E08000035,Leeds,All other sexual orientations,0,812000,0
E08000035,Leeds,All other sexual orientations,2798,812000,0.34458128078817735
E08000035,Leeds,All other sexual orientations,187,812000,0.023029556650246304
E08000035,Leeds,All other sexual orientations,43,812000,0.0052955665024630545
E08000035,Leeds,All other sexual orientations,50,812000,0.006157635467980296
E08000035,Leeds,Not answered,0,812000,0
E08000035,Leeds,Not answered,44491,812000,5.479187192118227
E08000035,Leeds,Not answered,1748,812000,0.21527093596059113
E08000035,Leeds,Not answered,876,812000,0.10788177339901478
E08000035,Leeds,Not answered,1149,812000,0.1415024630541872
E08000036,Wakefield,Does not apply,0,353300,0
E08000036,Wakefield,Does not apply,0,353300,0
E08000036,Wakefield,Does not apply,0,353300,0
E08000036,Wakefield,Does not apply,0,353300,0
E08000036,Wakefield,Does not apply,0,353300,0
E08000036,Wakefield,Straight or Heterosexual,0,353300,0
E08000036,Wakefield,Straight or Heterosexual,232872,353300,65.91338805547693
E08000036,Wakefield,Straight or Heterosexual,12495,353300,3.5366544013586187
E08000036,Wakefield,Straight or Heterosexual,6310,353300,1.786017548825361
E08000036,Wakefield,Straight or Heterosexual,9938,353300,2.812906878007359
E08000036,Wakefield,Gay or Lesbian,0,353300,0
E08000036,Wakefield,Gay or Lesbian,3859,353300,1.0922728559298047
E08000036,Wakefield,Gay or Lesbian,248,353300,0.0701953014435324
E08000036,Wakefield,Gay or Lesbian,112,353300,0.03170110387772431
E08000036,Wakefield,Gay or Lesbian,103,353300,0.029153693744692896
E08000036,Wakefield,Bisexual,0,353300,0
E08000036,Wakefield,Bisexual,2654,353300,0.7512029436739315
E08000036,Wakefield,Bisexual,146,353300,0.04132465326917634
E08000036,Wakefield,Bisexual,82,353300,0.023209736767619588
E08000036,Wakefield,Bisexual,86,353300,0.024341919048966883
E08000036,Wakefield,All other sexual orientations,0,353300,0
E08000036,Wakefield,All other sexual orientations,605,353300,0.17124257005377866
E08000036,Wakefield,All other sexual orientations,40,353300,0.011321822813472968
E08000036,Wakefield,All other sexual orientations,19,353300,0.00537786583639966
E08000036,Wakefield,All other sexual orientations,24,353300,0.006793093688083782
E08000036,Wakefield,Not answered,0,353300,0
E08000036,Wakefield,Not answered,16232,353300,4.594395697707331
E08000036,Wakefield,Not answered,652,353300,0.18454571185960938
E08000036,Wakefield,Not answered,410,353300,0.11604868383809794
E08000036,Wakefield,Not answered,651,353300,0.18426266628927257
E08000037,Gateshead,Does not apply,0,196100,0
E08000037,Gateshead,Does not apply,0,196100,0
E08000037,Gateshead,Does not apply,0,196100,0
E08000037,Gateshead,Does not apply,0,196100,0
E08000037,Gateshead,Does not apply,0,196100,0
E08000037,Gateshead,Straight or Heterosexual,0,196100,0
E08000037,Gateshead,Straight or Heterosexual,130369,196100,66.48087710351861
E08000037,Gateshead,Straight or Heterosexual,7349,196100,3.747577766445691
E08000037,Gateshead,Straight or Heterosexual,3922,196100,2
E08000037,Gateshead,Straight or Heterosexual,5740,196100,2.927078021417644
E08000037,Gateshead,Gay or Lesbian,0,196100,0
E08000037,Gateshead,Gay or Lesbian,2760,196100,1.4074451810300868
E08000037,Gateshead,Gay or Lesbian,191,196100,0.09739928607853136
E08000037,Gateshead,Gay or Lesbian,81,196100,0.04130545639979602
E08000037,Gateshead,Gay or Lesbian,55,196100,0.02804691483936767
E08000037,Gateshead,Bisexual,0,196100,0
E08000037,Gateshead,Bisexual,1723,196100,0.8786333503314635
E08000037,Gateshead,Bisexual,105,196100,0.05354411014788373
E08000037,Gateshead,Bisexual,59,196100,0.030086690464048955
E08000037,Gateshead,Bisexual,52,196100,0.026517083120856707
E08000037,Gateshead,All other sexual orientations,0,196100,0
E08000037,Gateshead,All other sexual orientations,393,196100,0.20040795512493625
E08000037,Gateshead,All other sexual orientations,43,196100,0.021927587965323816
E08000037,Gateshead,All other sexual orientations,18,196100,0.009178990311065782
E08000037,Gateshead,All other sexual orientations,15,196100,0.007649158592554819
E08000037,Gateshead,Not answered,0,196100,0
E08000037,Gateshead,Not answered,8033,196100,4.0963793982661905
E08000037,Gateshead,Not answered,322,196100,0.16420193778684344
E08000037,Gateshead,Not answered,210,196100,0.10708822029576746
E08000037,Gateshead,Not answered,309,196100,0.15757266700662928
E09000001,City of London,Does not apply,0,8600,0
E09000001,City of London,Does not apply,0,8600,0
E09000001,City of London,Does not apply,0,8600,0
E09000001,City of London,Does not apply,0,8600,0
E09000001,City of London,Does not apply,0,8600,0
E09000001,City of London,Straight or Heterosexual,0,8600,0
E09000001,City of London,Straight or Heterosexual,5956,8600,69.25581395348837
E09000001,City of London,Straight or Heterosexual,259,8600,3.011627906976744
E09000001,City of London,Straight or Heterosexual,64,8600,0.7441860465116279
E09000001,City of London,Straight or Heterosexual,68,8600,0.7906976744186046
E09000001,City of London,Gay or Lesbian,0,8600,0
E09000001,City of London,Gay or Lesbian,561,8600,6.523255813953488
E09000001,City of London,Gay or Lesbian,40,8600,0.46511627906976744
E09000001,City of London,Gay or Lesbian,4,8600,0.046511627906976744
E09000001,City of London,Gay or Lesbian,2,8600,0.023255813953488372
E09000001,City of London,Bisexual,0,8600,0
E09000001,City of London,Bisexual,174,8600,2.0232558139534884
E09000001,City of London,Bisexual,8,8600,0.09302325581395349
E09000001,City of London,Bisexual,3,8600,0.03488372093023256
E09000001,City of London,Bisexual,0,8600,0
E09000001,City of London,All other sexual orientations,0,8600,0
E09000001,City of London,All other sexual orientations,31,8600,0.36046511627906974
E09000001,City of London,All other sexual orientations,3,8600,0.03488372093023256
E09000001,City of London,All other sexual orientations,0,8600,0
E09000001,City of London,All other sexual orientations,0,8600,0
E09000001,City of London,Not answered,0,8600,0
E09000001,City of London,Not answered,795,8600,9.244186046511627
E09000001,City of London,Not answered,22,8600,0.2558139534883721
E09000001,City of London,Not answered,6,8600,0.06976744186046512
E09000001,City of London,Not answered,7,8600,0.08139534883720931
E09000002,Barking and Dagenham,Does not apply,0,218900,0
E09000002,Barking and Dagenham,Does not apply,0,218900,0
E09000002,Barking and Dagenham,Does not apply,0,218900,0
E09000002,Barking and Dagenham,Does not apply,0,218900,0
E09000002,Barking and Dagenham,Does not apply,0,218900,0
E09000002,Barking and Dagenham,Straight or Heterosexual,0,218900,0
E09000002,Barking and Dagenham,Straight or Heterosexual,130835,218900,59.76930105070809
E09000002,Barking and Dagenham,Straight or Heterosexual,4741,218900,2.1658291457286434
E09000002,Barking and Dagenham,Straight or Heterosexual,3503,218900,1.6002740977615348
E09000002,Barking and Dagenham,Straight or Heterosexual,4196,218900,1.9168570123343993
E09000002,Barking and Dagenham,Gay or Lesbian,0,218900,0
E09000002,Barking and Dagenham,Gay or Lesbian,1170,218900,0.5344906349931475
E09000002,Barking and Dagenham,Gay or Lesbian,74,218900,0.03380539058931019
E09000002,Barking and Dagenham,Gay or Lesbian,42,218900,0.019186843307446324
E09000002,Barking and Dagenham,Gay or Lesbian,47,218900,0.02147099132023755
E09000002,Barking and Dagenham,Bisexual,0,218900,0
E09000002,Barking and Dagenham,Bisexual,1429,218900,0.6528095020557332
E09000002,Barking and Dagenham,Bisexual,60,218900,0.027409776153494745
E09000002,Barking and Dagenham,Bisexual,37,218900,0.016902695294655094
E09000002,Barking and Dagenham,Bisexual,46,218900,0.021014161717679305
E09000002,Barking and Dagenham,All other sexual orientations,0,218900,0
E09000002,Barking and Dagenham,All other sexual orientations,724,218900,0.33074463225216993
E09000002,Barking and Dagenham,All other sexual orientations,34,218900,0.015532206486980357
E09000002,Barking and Dagenham,All other sexual orientations,19,218900,0.00867976244860667
E09000002,Barking and Dagenham,All other sexual orientations,10,218900,0.0045682960255824575
E09000002,Barking and Dagenham,Not answered,0,218900,0
E09000002,Barking and Dagenham,Not answered,13748,218900,6.280493375970763
E09000002,Barking and Dagenham,Not answered,367,218900,0.1676564641388762
E09000002,Barking and Dagenham,Not answered,321,218900,0.14664230242119689
E09000002,Barking and Dagenham,Not answered,344,218900,0.15714938328003655
E09000003,Barnet,Does not apply,0,389300,0
E09000003,Barnet,Does not apply,0,389300,0
E09000003,Barnet,Does not apply,0,389300,0
E09000003,Barnet,Does not apply,0,389300,0
E09000003,Barnet,Does not apply,0,389300,0
E09000003,Barnet,Straight or Heterosexual,0,389300,0
E09000003,Barnet,Straight or Heterosexual,244947,389300,62.919856152067815
E09000003,Barnet,Straight or Heterosexual,13407,389300,3.4438736193167223
E09000003,Barnet,Straight or Heterosexual,5195,389300,1.3344464423323914
E09000003,Barnet,Straight or Heterosexual,6437,389300,1.6534806062162857
E09000003,Barnet,Gay or Lesbian,0,389300,0
E09000003,Barnet,Gay or Lesbian,3588,389300,0.9216542512201387
E09000003,Barnet,Gay or Lesbian,185,389300,0.04752119188286669
E09000003,Barnet,Gay or Lesbian,53,389300,0.013614179296172618
E09000003,Barnet,Gay or Lesbian,38,389300,0.009761109684048292
E09000003,Barnet,Bisexual,0,389300,0
E09000003,Barnet,Bisexual,3003,389300,0.77138453634729
E09000003,Barnet,Bisexual,163,389300,0.04187002311841767
E09000003,Barnet,Bisexual,70,389300,0.017980991523246854
E09000003,Barnet,Bisexual,50,389300,0.012843565373747753
E09000003,Barnet,All other sexual orientations,0,389300,0
E09000003,Barnet,All other sexual orientations,1372,389300,0.35242743385563835
E09000003,Barnet,All other sexual orientations,55,389300,0.014127921911122528
E09000003,Barnet,All other sexual orientations,35,389300,0.008990495761623427
E09000003,Barnet,All other sexual orientations,21,389300,0.005394297456974056
E09000003,Barnet,Not answered,0,389300,0
E09000003,Barnet,Not answered,28123,389300,7.223991780118161
E09000003,Barnet,Not answered,1347,389300,0.34600565116876447
E09000003,Barnet,Not answered,561,389300,0.14410480349344978
E09000003,Barnet,Not answered,704,389300,0.18083740046236835
E09000004,Bexley,Does not apply,0,246500,0
E09000004,Bexley,Does not apply,0,246500,0
E09000004,Bexley,Does not apply,0,246500,0
E09000004,Bexley,Does not apply,0,246500,0
E09000004,Bexley,Does not apply,0,246500,0
E09000004,Bexley,Straight or Heterosexual,0,246500,0
E09000004,Bexley,Straight or Heterosexual,160744,246500,65.2105476673428
E09000004,Bexley,Straight or Heterosexual,8413,246500,3.4129817444219066
E09000004,Bexley,Straight or Heterosexual,3613,246500,1.4657200811359026
E09000004,Bexley,Straight or Heterosexual,5281,246500,2.142393509127789
E09000004,Bexley,Gay or Lesbian,0,246500,0
E09000004,Bexley,Gay or Lesbian,1854,246500,0.752129817444219
E09000004,Bexley,Gay or Lesbian,133,246500,0.053955375253549695
E09000004,Bexley,Gay or Lesbian,38,246500,0.015415821501014199
E09000004,Bexley,Gay or Lesbian,32,246500,0.012981744421906694
E09000004,Bexley,Bisexual,0,246500,0
E09000004,Bexley,Bisexual,1428,246500,0.5793103448275863
E09000004,Bexley,Bisexual,83,246500,0.033671399594320486
E09000004,Bexley,Bisexual,37,246500,0.015010141987829614
E09000004,Bexley,Bisexual,37,246500,0.015010141987829614
E09000004,Bexley,All other sexual orientations,0,246500,0
E09000004,Bexley,All other sexual orientations,437,246500,0.1772819472616633
E09000004,Bexley,All other sexual orientations,25,246500,0.010141987829614604
E09000004,Bexley,All other sexual orientations,13,246500,0.005273833671399594
E09000004,Bexley,All other sexual orientations,17,246500,0.006896551724137931
E09000004,Bexley,Not answered,0,246500,0
E09000004,Bexley,Not answered,12386,246500,5.02474645030426
E09000004,Bexley,Not answered,606,246500,0.245841784989858
E09000004,Bexley,Not answered,284,246500,0.1152129817444219
E09000004,Bexley,Not answered,364,246500,0.14766734279918864
E09000005,Brent,Does not apply,0,339800,0
E09000005,Brent,Does not apply,0,339800,0
E09000005,Brent,Does not apply,0,339800,0
E09000005,Brent,Does not apply,0,339800,0
E09000005,Brent,Does not apply,0,339800,0
E09000005,Brent,Straight or Heterosexual,0,339800,0
E09000005,Brent,Straight or Heterosexual,214618,339800,63.160094173042964
E09000005,Brent,Straight or Heterosexual,8839,339800,2.6012360211889347
E09000005,Brent,Straight or Heterosexual,5158,339800,1.5179517363154797
E09000005,Brent,Straight or Heterosexual,5536,339800,1.6291936433195997
E09000005,Brent,Gay or Lesbian,0,339800,0
E09000005,Brent,Gay or Lesbian,3369,339800,0.9914655679811654
E09000005,Brent,Gay or Lesbian,145,339800,0.042672160094173045
E09000005,Brent,Gay or Lesbian,35,339800,0.010300176574455562
E09000005,Brent,Gay or Lesbian,55,339800,0.016185991759858742
E09000005,Brent,Bisexual,0,339800,0
E09000005,Brent,Bisexual,3316,339800,0.9758681577398469
E09000005,Brent,Bisexual,143,339800,0.042083578575632725
E09000005,Brent,Bisexual,56,339800,0.0164802825191289
E09000005,Brent,Bisexual,45,339800,0.013243084167157151
E09000005,Brent,All other sexual orientations,0,339800,0
E09000005,Brent,All other sexual orientations,1521,339800,0.4476162448499117
E09000005,Brent,All other sexual orientations,61,339800,0.017951736315479694
E09000005,Brent,All other sexual orientations,31,339800,0.009123013537374927
E09000005,Brent,All other sexual orientations,26,339800,0.007651559741024131
E09000005,Brent,Not answered,0,339800,0
E09000005,Brent,Not answered,29855,339800,8.786050618010595
E09000005,Brent,Not answered,1003,339800,0.2951736315479694
E09000005,Brent,Not answered,669,339800,0.1968805179517363
E09000005,Brent,Not answered,661,339800,0.19452619187757506
E09000006,Bromley,Does not apply,0,330000,0
E09000006,Bromley,Does not apply,0,330000,0
E09000006,Bromley,Does not apply,0,330000,0
E09000006,Bromley,Does not apply,0,330000,0
E09000006,Bromley,Does not apply,0,330000,0
E09000006,Bromley,Straight or Heterosexual,0,330000,0
E09000006,Bromley,Straight or Heterosexual,215932,330000,65.4339393939394
E09000006,Bromley,Straight or Heterosexual,12411,330000,3.7609090909090908
E09000006,Bromley,Straight or Heterosexual,4142,330000,1.2551515151515151
E09000006,Bromley,Straight or Heterosexual,6030,330000,1.8272727272727274
E09000006,Bromley,Gay or Lesbian,0,330000,0
E09000006,Bromley,Gay or Lesbian,3692,330000,1.1187878787878789
E09000006,Bromley,Gay or Lesbian,244,330000,0.07393939393939394
E09000006,Bromley,Gay or Lesbian,69,330000,0.02090909090909091
E09000006,Bromley,Gay or Lesbian,40,330000,0.012121212121212121
E09000006,Bromley,Bisexual,0,330000,0
E09000006,Bromley,Bisexual,2261,330000,0.6851515151515152
E09000006,Bromley,Bisexual,159,330000,0.04818181818181818
E09000006,Bromley,Bisexual,45,330000,0.013636363636363636
E09000006,Bromley,Bisexual,44,330000,0.013333333333333334
E09000006,Bromley,All other sexual orientations,0,330000,0
E09000006,Bromley,All other sexual orientations,604,330000,0.18303030303030304
E09000006,Bromley,All other sexual orientations,46,330000,0.013939393939393939
E09000006,Bromley,All other sexual orientations,16,330000,0.0048484848484848485
E09000006,Bromley,All other sexual orientations,14,330000,0.004242424242424243
E09000006,Bromley,Not answered,0,330000,0
E09000006,Bromley,Not answered,17661,330000,5.351818181818182
E09000006,Bromley,Not answered,874,330000,0.26484848484848483
E09000006,Bromley,Not answered,347,330000,0.10515151515151515
E09000006,Bromley,Not answered,458,330000,0.1387878787878788
E09000007,Camden,Does not apply,0,210100,0
E09000007,Camden,Does not apply,0,210100,0
E09000007,Camden,Does not apply,0,210100,0
E09000007,Camden,Does not apply,0,210100,0
E09000007,Camden,Does not apply,0,210100,0
E09000007,Camden,Straight or Heterosexual,0,210100,0
E09000007,Camden,Straight or Heterosexual,134694,210100,64.10947168015231
E09000007,Camden,Straight or Heterosexual,6411,210100,3.05140409328891
E09000007,Camden,Straight or Heterosexual,2684,210100,1.2774869109947644
E09000007,Camden,Straight or Heterosexual,3077,210100,1.464540694907187
E09000007,Camden,Gay or Lesbian,0,210100,0
E09000007,Camden,Gay or Lesbian,6185,210100,2.943836268443598
E09000007,Camden,Gay or Lesbian,324,210100,0.15421227986673014
E09000007,Camden,Gay or Lesbian,76,210100,0.036173250832936696
E09000007,Camden,Gay or Lesbian,66,210100,0.031413612565445025
E09000007,Camden,Bisexual,0,210100,0
E09000007,Camden,Bisexual,4236,210100,2.016182770109472
E09000007,Camden,Bisexual,199,210100,0.09471680152308425
E09000007,Camden,Bisexual,45,210100,0.021418372203712517
E09000007,Camden,Bisexual,28,210100,0.013326987148976678
E09000007,Camden,All other sexual orientations,0,210100,0
E09000007,Camden,All other sexual orientations,1082,210100,0.5149928605425987
E09000007,Camden,All other sexual orientations,64,210100,0.03046168491194669
E09000007,Camden,All other sexual orientations,26,210100,0.012375059495478343
E09000007,Camden,All other sexual orientations,14,210100,0.006663493574488339
E09000007,Camden,Not answered,0,210100,0
E09000007,Camden,Not answered,17274,210100,8.221799143265113
E09000007,Camden,Not answered,746,210100,0.3550690147548786
E09000007,Camden,Not answered,324,210100,0.15421227986673014
E09000007,Camden,Not answered,349,210100,0.1661113755354593
E09000008,Croydon,Does not apply,0,390800,0
E09000008,Croydon,Does not apply,0,390800,0
E09000008,Croydon,Does not apply,0,390800,0
E09000008,Croydon,Does not apply,0,390800,0
E09000008,Croydon,Does not apply,0,390800,0
E09000008,Croydon,Straight or Heterosexual,0,390800,0
E09000008,Croydon,Straight or Heterosexual,247587,390800,63.35388945752303
E09000008,Croydon,Straight or Heterosexual,12304,390800,3.148413510747185
E09000008,Croydon,Straight or Heterosexual,5729,390800,1.4659672466734903
E09000008,Croydon,Straight or Heterosexual,6905,390800,1.7668884339815762
E09000008,Croydon,Gay or Lesbian,0,390800,0
E09000008,Croydon,Gay or Lesbian,4278,390800,1.09467758444217
E09000008,Croydon,Gay or Lesbian,269,390800,0.06883316274309109
E09000008,Croydon,Gay or Lesbian,86,390800,0.022006141248720572
E09000008,Croydon,Gay or Lesbian,61,390800,0.015609007164790174
E09000008,Croydon,Bisexual,0,390800,0
E09000008,Croydon,Bisexual,3328,390800,0.8515864892528148
E09000008,Croydon,Bisexual,197,390800,0.05040941658137155
E09000008,Croydon,Bisexual,68,390800,0.017400204708290685
E09000008,Croydon,Bisexual,68,390800,0.017400204708290685
E09000008,Croydon,All other sexual orientations,0,390800,0
E09000008,Croydon,All other sexual orientations,1042,390800,0.26663254861821906
E09000008,Croydon,All other sexual orientations,69,390800,0.017656090071647902
E09000008,Croydon,All other sexual orientations,37,390800,0.009467758444216991
E09000008,Croydon,All other sexual orientations,29,390800,0.007420675537359263
E09000008,Croydon,Not answered,0,390800,0
E09000008,Croydon,Not answered,25869,390800,6.61949846468782
E09000008,Croydon,Not answered,1137,390800,0.29094165813715456
E09000008,Croydon,Not answered,630,390800,0.16120777891504606
E09000008,Croydon,Not answered,708,390800,0.1811668372569089
E09000009,Ealing,Does not apply,0,367100,0
E09000009,Ealing,Does not apply,0,367100,0
E09000009,Ealing,Does not apply,0,367100,0
E09000009,Ealing,Does not apply,0,367100,0
E09000009,Ealing,Does not apply,0,367100,0
E09000009,Ealing,Straight or Heterosexual,0,367100,0
E09000009,Ealing,Straight or Heterosexual,234072,367100,63.762462544265865
E09000009,Ealing,Straight or Heterosexual,10028,367100,2.7316807409425223
E09000009,Ealing,Straight or Heterosexual,5125,367100,1.396077363116317
E09000009,Ealing,Straight or Heterosexual,5723,367100,1.558975755924816
E09000009,Ealing,Gay or Lesbian,0,367100,0
E09000009,Ealing,Gay or Lesbian,4191,367100,1.1416507763552166
E09000009,Ealing,Gay or Lesbian,198,367100,0.053936257150640154
E09000009,Ealing,Gay or Lesbian,54,367100,0.01470988831381095
E09000009,Ealing,Gay or Lesbian,42,367100,0.011441024244075185
E09000009,Ealing,Bisexual,0,367100,0
E09000009,Ealing,Bisexual,3569,367100,0.9722146554072459
E09000009,Ealing,Bisexual,170,367100,0.04630890765459003
E09000009,Ealing,Bisexual,59,367100,0.01607191500953419
E09000009,Ealing,Bisexual,48,367100,0.013075456278943067
E09000009,Ealing,All other sexual orientations,0,367100,0
E09000009,Ealing,All other sexual orientations,1371,367100,0.3734677199673114
E09000009,Ealing,All other sexual orientations,64,367100,0.017433941705257423
E09000009,Ealing,All other sexual orientations,39,367100,0.010623808226641242
E09000009,Ealing,All other sexual orientations,55,367100,0.014982293652955598
E09000009,Ealing,Not answered,0,367100,0
E09000009,Ealing,Not answered,28212,367100,7.685099427948788
E09000009,Ealing,Not answered,1050,367100,0.2860256061018796
E09000009,Ealing,Not answered,689,367100,0.18768727867066196
E09000009,Ealing,Not answered,615,367100,0.16752928357395805
E09000010,Enfield,Does not apply,0,330000,0
E09000010,Enfield,Does not apply,0,330000,0
E09000010,Enfield,Does not apply,0,330000,0
E09000010,Enfield,Does not apply,0,330000,0
E09000010,Enfield,Does not apply,0,330000,0
E09000010,Enfield,Straight or Heterosexual,0,330000,0
E09000010,Enfield,Straight or Heterosexual,205202,330000,62.18242424242424
E09000010,Enfield,Straight or Heterosexual,10038,330000,3.041818181818182
E09000010,Enfield,Straight or Heterosexual,5234,330000,1.5860606060606062
E09000010,Enfield,Straight or Heterosexual,6231,330000,1.8881818181818182
E09000010,Enfield,Gay or Lesbian,0,330000,0
E09000010,Enfield,Gay or Lesbian,2116,330000,0.6412121212121212
E09000010,Enfield,Gay or Lesbian,125,330000,0.03787878787878788
E09000010,Enfield,Gay or Lesbian,50,330000,0.015151515151515152
E09000010,Enfield,Gay or Lesbian,53,330000,0.01606060606060606
E09000010,Enfield,Bisexual,0,330000,0
E09000010,Enfield,Bisexual,1870,330000,0.5666666666666667
E09000010,Enfield,Bisexual,105,330000,0.031818181818181815
E09000010,Enfield,Bisexual,54,330000,0.016363636363636365
E09000010,Enfield,Bisexual,46,330000,0.013939393939393939
E09000010,Enfield,All other sexual orientations,0,330000,0
E09000010,Enfield,All other sexual orientations,1107,330000,0.33545454545454545
E09000010,Enfield,All other sexual orientations,44,330000,0.013333333333333334
E09000010,Enfield,All other sexual orientations,31,330000,0.009393939393939394
E09000010,Enfield,All other sexual orientations,22,330000,0.006666666666666667
E09000010,Enfield,Not answered,0,330000,0
E09000010,Enfield,Not answered,22728,330000,6.887272727272728
E09000010,Enfield,Not answered,911,330000,0.27606060606060606
E09000010,Enfield,Not answered,546,330000,0.16545454545454547
E09000010,Enfield,Not answered,673,330000,0.20393939393939395
E09000011,Greenwich,Does not apply,0,289100,0
E09000011,Greenwich,Does not apply,0,289100,0
E09000011,Greenwich,Does not apply,0,289100,0
E09000011,Greenwich,Does not apply,0,289100,0
E09000011,Greenwich,Does not apply,0,289100,0
E09000011,Greenwich,Straight or Heterosexual,0,289100,0
E09000011,Greenwich,Straight or Heterosexual,183113,289100,63.33898305084746
E09000011,Greenwich,Straight or Heterosexual,7391,289100,2.5565548253199584
E09000011,Greenwich,Straight or Heterosexual,4022,289100,1.3912141127637496
E09000011,Greenwich,Straight or Heterosexual,5240,289100,1.8125216188170183
E09000011,Greenwich,Gay or Lesbian,0,289100,0
E09000011,Greenwich,Gay or Lesbian,5267,289100,1.821860947768938
E09000011,Greenwich,Gay or Lesbian,253,289100,0.087512971290211
E09000011,Greenwich,Gay or Lesbian,84,289100,0.029055690072639227
E09000011,Greenwich,Gay or Lesbian,79,289100,0.027326184711172603
E09000011,Greenwich,Bisexual,0,289100,0
E09000011,Greenwich,Bisexual,3086,289100,1.0674507090971983
E09000011,Greenwich,Bisexual,168,289100,0.05811138014527845
E09000011,Greenwich,Bisexual,66,289100,0.02282947077135939
E09000011,Greenwich,Bisexual,49,289100,0.01694915254237288
E09000011,Greenwich,All other sexual orientations,0,289100,0
E09000011,Greenwich,All other sexual orientations,1149,289100,0.3974403320650294
E09000011,Greenwich,All other sexual orientations,55,289100,0.019024558976132824
E09000011,Greenwich,All other sexual orientations,28,289100,0.009685230024213076
E09000011,Greenwich,All other sexual orientations,22,289100,0.007609823590453131
E09000011,Greenwich,Not answered,0,289100,0
E09000011,Greenwich,Not answered,18113,289100,6.26530612244898
E09000011,Greenwich,Not answered,730,289100,0.2525077827741266
E09000011,Greenwich,Not answered,371,289100,0.12832929782082325
E09000011,Greenwich,Not answered,462,289100,0.15980629539951574
E09000012,Hackney,Does not apply,0,259200,0
E09000012,Hackney,Does not apply,0,259200,0
E09000012,Hackney,Does not apply,0,259200,0
E09000012,Hackney,Does not apply,0,259200,0
E09000012,Hackney,Does not apply,0,259200,0
E09000012,Hackney,Straight or Heterosexual,0,259200,0
E09000012,Hackney,Straight or Heterosexual,153644,259200,59.276234567901234
E09000012,Hackney,Straight or Heterosexual,5934,259200,2.2893518518518516
E09000012,Hackney,Straight or Heterosexual,3400,259200,1.3117283950617284
E09000012,Hackney,Straight or Heterosexual,3714,259200,1.4328703703703705
E09000012,Hackney,Gay or Lesbian,0,259200,0
E09000012,Hackney,Gay or Lesbian,8168,259200,3.1512345679012346
E09000012,Hackney,Gay or Lesbian,299,259200,0.11535493827160494
E09000012,Hackney,Gay or Lesbian,81,259200,0.03125
E09000012,Hackney,Gay or Lesbian,54,259200,0.020833333333333332
E09000012,Hackney,Bisexual,0,259200,0
E09000012,Hackney,Bisexual,5585,259200,2.154706790123457
E09000012,Hackney,Bisexual,226,259200,0.08719135802469136
E09000012,Hackney,Bisexual,54,259200,0.020833333333333332
E09000012,Hackney,Bisexual,54,259200,0.020833333333333332
E09000012,Hackney,All other sexual orientations,0,259200,0
E09000012,Hackney,All other sexual orientations,1677,259200,0.6469907407407407
E09000012,Hackney,All other sexual orientations,110,259200,0.04243827160493827
E09000012,Hackney,All other sexual orientations,58,259200,0.022376543209876542
E09000012,Hackney,All other sexual orientations,25,259200,0.009645061728395061
E09000012,Hackney,Not answered,0,259200,0
E09000012,Hackney,Not answered,24408,259200,9.416666666666666
E09000012,Hackney,Not answered,948,259200,0.36574074074074076
E09000012,Hackney,Not answered,520,259200,0.2006172839506173
E09000012,Hackney,Not answered,508,259200,0.19598765432098766
E09000013,Hammersmith and Fulham,Does not apply,0,183200,0
E09000013,Hammersmith and Fulham,Does not apply,0,183200,0
E09000013,Hammersmith and Fulham,Does not apply,0,183200,0
E09000013,Hammersmith and Fulham,Does not apply,0,183200,0
E09000013,Hammersmith and Fulham,Does not apply,0,183200,0
E09000013,Hammersmith and Fulham,Straight or Heterosexual,0,183200,0
E09000013,Hammersmith and Fulham,Straight or Heterosexual,122337,183200,66.7778384279476
E09000013,Hammersmith and Fulham,Straight or Heterosexual,4593,183200,2.5070960698689957
E09000013,Hammersmith and Fulham,Straight or Heterosexual,2112,183200,1.1528384279475983
E09000013,Hammersmith and Fulham,Straight or Heterosexual,2348,183200,1.2816593886462881
E09000013,Hammersmith and Fulham,Gay or Lesbian,0,183200,0
E09000013,Hammersmith and Fulham,Gay or Lesbian,4531,183200,2.4732532751091703
E09000013,Hammersmith and Fulham,Gay or Lesbian,170,183200,0.0927947598253275
E09000013,Hammersmith and Fulham,Gay or Lesbian,67,183200,0.03657205240174673
E09000013,Hammersmith and Fulham,Gay or Lesbian,57,183200,0.03111353711790393
E09000013,Hammersmith and Fulham,Bisexual,0,183200,0
E09000013,Hammersmith and Fulham,Bisexual,2546,183200,1.3897379912663756
E09000013,Hammersmith and Fulham,Bisexual,105,183200,0.05731441048034935
E09000013,Hammersmith and Fulham,Bisexual,25,183200,0.013646288209606987
E09000013,Hammersmith and Fulham,Bisexual,39,183200,0.0212882096069869
E09000013,Hammersmith and Fulham,All other sexual orientations,0,183200,0
E09000013,Hammersmith and Fulham,All other sexual orientations,615,183200,0.3356986899563319
E09000013,Hammersmith and Fulham,All other sexual orientations,39,183200,0.0212882096069869
E09000013,Hammersmith and Fulham,All other sexual orientations,20,183200,0.010917030567685589
E09000013,Hammersmith and Fulham,All other sexual orientations,6,183200,0.0032751091703056767
E09000013,Hammersmith and Fulham,Not answered,0,183200,0
E09000013,Hammersmith and Fulham,Not answered,13997,183200,7.6402838427947595
E09000013,Hammersmith and Fulham,Not answered,511,183200,0.2789301310043668
E09000013,Hammersmith and Fulham,Not answered,238,183200,0.1299126637554585
E09000013,Hammersmith and Fulham,Not answered,270,183200,0.14737991266375547
E09000014,Haringey,Does not apply,0,264200,0
E09000014,Haringey,Does not apply,0,264200,0
E09000014,Haringey,Does not apply,0,264200,0
E09000014,Haringey,Does not apply,0,264200,0
E09000014,Haringey,Does not apply,0,264200,0
E09000014,Haringey,Straight or Heterosexual,0,264200,0
E09000014,Haringey,Straight or Heterosexual,165932,264200,62.80545041635125
E09000014,Haringey,Straight or Heterosexual,6931,264200,2.6233913701741107
E09000014,Haringey,Straight or Heterosexual,3444,264200,1.303557910673732
E09000014,Haringey,Straight or Heterosexual,3793,264200,1.4356548069644208
E09000014,Haringey,Gay or Lesbian,0,264200,0
E09000014,Haringey,Gay or Lesbian,5504,264200,2.0832702498107496
E09000014,Haringey,Gay or Lesbian,272,264200,0.10295230885692658
E09000014,Haringey,Gay or Lesbian,79,264200,0.029901589704769114
E09000014,Haringey,Gay or Lesbian,57,264200,0.02157456472369417
E09000014,Haringey,Bisexual,0,264200,0
E09000014,Haringey,Bisexual,4207,264200,1.5923542770628312
E09000014,Haringey,Bisexual,213,264200,0.08062074186222559
E09000014,Haringey,Bisexual,47,264200,0.017789553368660106
E09000014,Haringey,Bisexual,36,264200,0.013626040878122634
E09000014,Haringey,All other sexual orientations,0,264200,0
E09000014,Haringey,All other sexual orientations,1608,264200,0.6086298258894777
E09000014,Haringey,All other sexual orientations,88,264200,0.033308099924299776
E09000014,Haringey,All other sexual orientations,26,264200,0.00984102952308857
E09000014,Haringey,All other sexual orientations,28,264200,0.010598031794095382
E09000014,Haringey,Not answered,0,264200,0
E09000014,Haringey,Not answered,22097,264200,8.363739591218774
E09000014,Haringey,Not answered,808,264200,0.30582891748675245
E09000014,Haringey,Not answered,429,264200,0.16237698713096138
E09000014,Haringey,Not answered,400,264200,0.1514004542013626
E09000015,Harrow,Does not apply,0,261300,0
E09000015,Harrow,Does not apply,0,261300,0
E09000015,Harrow,Does not apply,0,261300,0
E09000015,Harrow,Does not apply,0,261300,0
E09000015,Harrow,Does not apply,0,261300,0
E09000015,Harrow,Straight or Heterosexual,0,261300,0
E09000015,Harrow,Straight or Heterosexual,165032,261300,63.15805587447378
E09000015,Harrow,Straight or Heterosexual,9053,261300,3.464600076540375
E09000015,Harrow,Straight or Heterosexual,3983,261300,1.5243015690776884
E09000015,Harrow,Straight or Heterosexual,4634,261300,1.7734404898584004
E09000015,Harrow,Gay or Lesbian,0,261300,0
E09000015,Harrow,Gay or Lesbian,1240,261300,0.47455032529659397
E09000015,Harrow,Gay or Lesbian,76,261300,0.02908534251817834
E09000015,Harrow,Gay or Lesbian,25,261300,0.009567546880979716
E09000015,Harrow,Gay or Lesbian,21,261300,0.008036739380022962
E09000015,Harrow,Bisexual,0,261300,0
E09000015,Harrow,Bisexual,1724,261300,0.6597780329123613
E09000015,Harrow,Bisexual,78,261300,0.029850746268656716
E09000015,Harrow,Bisexual,35,261300,0.013394565633371604
E09000015,Harrow,Bisexual,36,261300,0.013777267508610792
E09000015,Harrow,All other sexual orientations,0,261300,0
E09000015,Harrow,All other sexual orientations,943,261300,0.3608878683505549
E09000015,Harrow,All other sexual orientations,28,261300,0.010715652506697282
E09000015,Harrow,All other sexual orientations,17,261300,0.006505931879066207
E09000015,Harrow,All other sexual orientations,16,261300,0.006123230003827019
E09000015,Harrow,Not answered,0,261300,0
E09000015,Harrow,Not answered,20938,261300,8.013011863758132
E09000015,Harrow,Not answered,779,261300,0.298124760811328
E09000015,Harrow,Not answered,437,261300,0.16724071947952546
E09000015,Harrow,Not answered,526,261300,0.20130118637581323
E09000016,Havering,Does not apply,0,262000,0
E09000016,Havering,Does not apply,0,262000,0
E09000016,Havering,Does not apply,0,262000,0
E09000016,Havering,Does not apply,0,262000,0
E09000016,Havering,Does not apply,0,262000,0
E09000016,Havering,Straight or Heterosexual,0,262000,0
E09000016,Havering,Straight or Heterosexual,172319,262000,65.7706106870229
E09000016,Havering,Straight or Heterosexual,9206,262000,3.5137404580152674
E09000016,Havering,Straight or Heterosexual,3782,262000,1.4435114503816795
E09000016,Havering,Straight or Heterosexual,5700,262000,2.1755725190839694
E09000016,Havering,Gay or Lesbian,0,262000,0
E09000016,Havering,Gay or Lesbian,1816,262000,0.6931297709923664
E09000016,Havering,Gay or Lesbian,108,262000,0.04122137404580153
E09000016,Havering,Gay or Lesbian,39,262000,0.014885496183206106
E09000016,Havering,Gay or Lesbian,32,262000,0.012213740458015267
E09000016,Havering,Bisexual,0,262000,0
E09000016,Havering,Bisexual,1380,262000,0.5267175572519084
E09000016,Havering,Bisexual,78,262000,0.029770992366412213
E09000016,Havering,Bisexual,39,262000,0.014885496183206106
E09000016,Havering,Bisexual,43,262000,0.016412213740458016
E09000016,Havering,All other sexual orientations,0,262000,0
E09000016,Havering,All other sexual orientations,519,262000,0.19809160305343512
E09000016,Havering,All other sexual orientations,23,262000,0.008778625954198474
E09000016,Havering,All other sexual orientations,10,262000,0.003816793893129771
E09000016,Havering,All other sexual orientations,7,262000,0.0026717557251908397
E09000016,Havering,Not answered,0,262000,0
E09000016,Havering,Not answered,13329,262000,5.087404580152672
E09000016,Havering,Not answered,560,262000,0.21374045801526717
E09000016,Havering,Not answered,269,262000,0.10267175572519084
E09000016,Havering,Not answered,473,262000,0.18053435114503816
E09000017,Hillingdon,Does not apply,0,305900,0
E09000017,Hillingdon,Does not apply,0,305900,0
E09000017,Hillingdon,Does not apply,0,305900,0
E09000017,Hillingdon,Does not apply,0,305900,0
E09000017,Hillingdon,Does not apply,0,305900,0
E09000017,Hillingdon,Straight or Heterosexual,0,305900,0
E09000017,Hillingdon,Straight or Heterosexual,195117,305900,63.78457012095456
E09000017,Hillingdon,Straight or Heterosexual,9648,305900,3.1539718862373323
E09000017,Hillingdon,Straight or Heterosexual,4435,305900,1.4498202026806146
E09000017,Hillingdon,Straight or Heterosexual,5850,305900,1.9123896698267409
E09000017,Hillingdon,Gay or Lesbian,0,305900,0
E09000017,Hillingdon,Gay or Lesbian,1976,305900,0.6459627329192547
E09000017,Hillingdon,Gay or Lesbian,109,305900,0.035632559660019616
E09000017,Hillingdon,Gay or Lesbian,47,305900,0.015364498202026806
E09000017,Hillingdon,Gay or Lesbian,37,305900,0.012095456031382805
E09000017,Hillingdon,Bisexual,0,305900,0
E09000017,Hillingdon,Bisexual,2170,305900,0.7093821510297483
E09000017,Hillingdon,Bisexual,81,305900,0.02647924158221641
E09000017,Hillingdon,Bisexual,48,305900,0.015691402419091206
E09000017,Hillingdon,Bisexual,31,305900,0.010134030728996404
E09000017,Hillingdon,All other sexual orientations,0,305900,0
E09000017,Hillingdon,All other sexual orientations,806,305900,0.26348479895390653
E09000017,Hillingdon,All other sexual orientations,38,305900,0.012422360248447204
E09000017,Hillingdon,All other sexual orientations,14,305900,0.004576659038901602
E09000017,Hillingdon,All other sexual orientations,23,305900,0.007518796992481203
E09000017,Hillingdon,Not answered,0,305900,0
E09000017,Hillingdon,Not answered,19801,305900,6.473030402092187
E09000017,Hillingdon,Not answered,809,305900,0.2644655116050997
E09000017,Hillingdon,Not answered,398,305900,0.13010787839163127
E09000017,Hillingdon,Not answered,443,305900,0.14481856815952926
E09000018,Hounslow,Does not apply,0,288200,0
E09000018,Hounslow,Does not apply,0,288200,0
E09000018,Hounslow,Does not apply,0,288200,0
E09000018,Hounslow,Does not apply,0,288200,0
E09000018,Hounslow,Does not apply,0,288200,0
E09000018,Hounslow,Straight or Heterosexual,0,288200,0
E09000018,Hounslow,Straight or Heterosexual,182394,288200,63.28730048577377
E09000018,Hounslow,Straight or Heterosexual,7795,288200,2.7047189451769604
E09000018,Hounslow,Straight or Heterosexual,4210,288200,1.4607911172796668
E09000018,Hounslow,Straight or Heterosexual,4934,288200,1.7120055517002082
E09000018,Hounslow,Gay or Lesbian,0,288200,0
E09000018,Hounslow,Gay or Lesbian,2896,288200,1.0048577376821652
E09000018,Hounslow,Gay or Lesbian,155,288200,0.05378209576682859
E09000018,Hounslow,Gay or Lesbian,58,288200,0.020124913254684247
E09000018,Hounslow,Gay or Lesbian,31,288200,0.010756419153365717
E09000018,Hounslow,Bisexual,0,288200,0
E09000018,Hounslow,Bisexual,2542,288200,0.8820263705759889
E09000018,Hounslow,Bisexual,100,288200,0.03469812630117974
E09000018,Hounslow,Bisexual,55,288200,0.019083969465648856
E09000018,Hounslow,Bisexual,49,288200,0.017002081887578072
E09000018,Hounslow,All other sexual orientations,0,288200,0
E09000018,Hounslow,All other sexual orientations,916,288200,0.3178348369188064
E09000018,Hounslow,All other sexual orientations,33,288200,0.011450381679389313
E09000018,Hounslow,All other sexual orientations,40,288200,0.013879250520471894
E09000018,Hounslow,All other sexual orientations,14,288200,0.004857737682165163
E09000018,Hounslow,Not answered,0,288200,0
E09000018,Hounslow,Not answered,20813,288200,7.221721027064539
E09000018,Hounslow,Not answered,662,288200,0.22970159611380986
E09000018,Hounslow,Not answered,482,288200,0.16724496877168632
E09000018,Hounslow,Not answered,502,288200,0.17418459403192227
E09000019,Islington,Does not apply,0,216600,0
E09000019,Islington,Does not apply,0,216600,0
E09000019,Islington,Does not apply,0,216600,0
E09000019,Islington,Does not apply,0,216600,0
E09000019,Islington,Does not apply,0,216600,0
E09000019,Islington,Straight or Heterosexual,0,216600,0
E09000019,Islington,Straight or Heterosexual,138966,216600,64.15789473684211
E09000019,Islington,Straight or Heterosexual,5986,216600,2.7636195752539243
E09000019,Islington,Straight or Heterosexual,2902,216600,1.339796860572484
E09000019,Islington,Straight or Heterosexual,3341,216600,1.5424746075715605
E09000019,Islington,Gay or Lesbian,0,216600,0
E09000019,Islington,Gay or Lesbian,7906,216600,3.6500461680517082
E09000019,Islington,Gay or Lesbian,345,216600,0.1592797783933518
E09000019,Islington,Gay or Lesbian,87,216600,0.04016620498614958
E09000019,Islington,Gay or Lesbian,82,216600,0.03785780240073869
E09000019,Islington,Bisexual,0,216600,0
E09000019,Islington,Bisexual,4641,216600,2.1426592797783934
E09000019,Islington,Bisexual,247,216600,0.11403508771929824
E09000019,Islington,Bisexual,46,216600,0.02123730378578024
E09000019,Islington,Bisexual,39,216600,0.018005540166204988
E09000019,Islington,All other sexual orientations,0,216600,0
E09000019,Islington,All other sexual orientations,1197,216600,0.5526315789473685
E09000019,Islington,All other sexual orientations,74,216600,0.034164358264081256
E09000019,Islington,All other sexual orientations,26,216600,0.012003693444136657
E09000019,Islington,All other sexual orientations,21,216600,0.009695290858725761
E09000019,Islington,Not answered,0,216600,0
E09000019,Islington,Not answered,16293,216600,7.522160664819944
E09000019,Islington,Not answered,684,216600,0.3157894736842105
E09000019,Islington,Not answered,351,216600,0.16204986149584488
E09000019,Islington,Not answered,391,216600,0.18051708217913204
E09000020,Kensington and Chelsea,Does not apply,0,143400,0
E09000020,Kensington and Chelsea,Does not apply,0,143400,0
E09000020,Kensington and Chelsea,Does not apply,0,143400,0
E09000020,Kensington and Chelsea,Does not apply,0,143400,0
E09000020,Kensington and Chelsea,Does not apply,0,143400,0
E09000020,Kensington and Chelsea,Straight or Heterosexual,0,143400,0
E09000020,Kensington and Chelsea,Straight or Heterosexual,96397,143400,67.22245467224546
E09000020,Kensington and Chelsea,Straight or Heterosexual,4065,143400,2.8347280334728033
E09000020,Kensington and Chelsea,Straight or Heterosexual,1724,143400,1.202231520223152
E09000020,Kensington and Chelsea,Straight or Heterosexual,2041,143400,1.4232914923291493
E09000020,Kensington and Chelsea,Gay or Lesbian,0,143400,0
E09000020,Kensington and Chelsea,Gay or Lesbian,3101,143400,2.1624825662482565
E09000020,Kensington and Chelsea,Gay or Lesbian,193,143400,0.13458856345885634
E09000020,Kensington and Chelsea,Gay or Lesbian,40,143400,0.02789400278940028
E09000020,Kensington and Chelsea,Gay or Lesbian,29,143400,0.020223152022315203
E09000020,Kensington and Chelsea,Bisexual,0,143400,0
E09000020,Kensington and Chelsea,Bisexual,1429,143400,0.9965132496513249
E09000020,Kensington and Chelsea,Bisexual,97,143400,0.06764295676429567
E09000020,Kensington and Chelsea,Bisexual,28,143400,0.019525801952580194
E09000020,Kensington and Chelsea,Bisexual,15,143400,0.010460251046025104
E09000020,Kensington and Chelsea,All other sexual orientations,0,143400,0
E09000020,Kensington and Chelsea,All other sexual orientations,344,143400,0.2398884239888424
E09000020,Kensington and Chelsea,All other sexual orientations,41,143400,0.028591352859135284
E09000020,Kensington and Chelsea,All other sexual orientations,12,143400,0.008368200836820083
E09000020,Kensington and Chelsea,All other sexual orientations,13,143400,0.00906555090655509
E09000020,Kensington and Chelsea,Not answered,0,143400,0
E09000020,Kensington and Chelsea,Not answered,12565,143400,8.762203626220362
E09000020,Kensington and Chelsea,Not answered,516,143400,0.3598326359832636
E09000020,Kensington and Chelsea,Not answered,233,143400,0.16248256624825663
E09000020,Kensington and Chelsea,Not answered,207,143400,0.14435146443514643
E09000021,Kingston upon Thames,Does not apply,0,168000,0
E09000021,Kingston upon Thames,Does not apply,0,168000,0
E09000021,Kingston upon Thames,Does not apply,0,168000,0
E09000021,Kingston upon Thames,Does not apply,0,168000,0
E09000021,Kingston upon Thames,Does not apply,0,168000,0
E09000021,Kingston upon Thames,Straight or Heterosexual,0,168000,0
E09000021,Kingston upon Thames,Straight or Heterosexual,109267,168000,65.03988095238095
E09000021,Kingston upon Thames,Straight or Heterosexual,5512,168000,3.280952380952381
E09000021,Kingston upon Thames,Straight or Heterosexual,1976,168000,1.1761904761904762
E09000021,Kingston upon Thames,Straight or Heterosexual,2548,168000,1.5166666666666666
E09000021,Kingston upon Thames,Gay or Lesbian,0,168000,0
E09000021,Kingston upon Thames,Gay or Lesbian,1971,168000,1.1732142857142858
E09000021,Kingston upon Thames,Gay or Lesbian,92,168000,0.05476190476190476
E09000021,Kingston upon Thames,Gay or Lesbian,22,168000,0.013095238095238096
E09000021,Kingston upon Thames,Gay or Lesbian,26,168000,0.015476190476190477
E09000021,Kingston upon Thames,Bisexual,0,168000,0
E09000021,Kingston upon Thames,Bisexual,1880,168000,1.119047619047619
E09000021,Kingston upon Thames,Bisexual,101,168000,0.06011904761904762
E09000021,Kingston upon Thames,Bisexual,21,168000,0.0125
E09000021,Kingston upon Thames,Bisexual,20,168000,0.011904761904761904
E09000021,Kingston upon Thames,All other sexual orientations,0,168000,0
E09000021,Kingston upon Thames,All other sexual orientations,456,168000,0.2714285714285714
E09000021,Kingston upon Thames,All other sexual orientations,30,168000,0.017857142857142856
E09000021,Kingston upon Thames,All other sexual orientations,10,168000,0.005952380952380952
E09000021,Kingston upon Thames,All other sexual orientations,15,168000,0.008928571428571428
E09000021,Kingston upon Thames,Not answered,0,168000,0
E09000021,Kingston upon Thames,Not answered,10620,168000,6.321428571428571
E09000021,Kingston upon Thames,Not answered,464,168000,0.2761904761904762
E09000021,Kingston upon Thames,Not answered,186,168000,0.11071428571428571
E09000021,Kingston upon Thames,Not answered,248,168000,0.14761904761904762
E09000022,Lambeth,Does not apply,0,317600,0
E09000022,Lambeth,Does not apply,0,317600,0
E09000022,Lambeth,Does not apply,0,317600,0
E09000022,Lambeth,Does not apply,0,317600,0
E09000022,Lambeth,Does not apply,0,317600,0
E09000022,Lambeth,Straight or Heterosexual,0,317600,0
E09000022,Lambeth,Straight or Heterosexual,207007,317600,65.17852644836272
E09000022,Lambeth,Straight or Heterosexual,7798,317600,2.4552896725440805
E09000022,Lambeth,Straight or Heterosexual,3741,317600,1.1778967254408061
E09000022,Lambeth,Straight or Heterosexual,3805,317600,1.1980478589420656
E09000022,Lambeth,Gay or Lesbian,0,317600,0
E09000022,Lambeth,Gay or Lesbian,13540,317600,4.263224181360202
E09000022,Lambeth,Gay or Lesbian,535,317600,0.16845088161209068
E09000022,Lambeth,Gay or Lesbian,131,317600,0.04124685138539043
E09000022,Lambeth,Gay or Lesbian,85,317600,0.0267632241813602
E09000022,Lambeth,Bisexual,0,317600,0
E09000022,Lambeth,Bisexual,5703,317600,1.795654911838791
E09000022,Lambeth,Bisexual,251,317600,0.0790302267002519
E09000022,Lambeth,Bisexual,64,317600,0.020151133501259445
E09000022,Lambeth,Bisexual,45,317600,0.014168765743073047
E09000022,Lambeth,All other sexual orientations,0,317600,0
E09000022,Lambeth,All other sexual orientations,1691,317600,0.5324307304785895
E09000022,Lambeth,All other sexual orientations,100,317600,0.031486146095717885
E09000022,Lambeth,All other sexual orientations,32,317600,0.010075566750629723
E09000022,Lambeth,All other sexual orientations,20,317600,0.006297229219143577
E09000022,Lambeth,Not answered,0,317600,0
E09000022,Lambeth,Not answered,22574,317600,7.107682619647355
E09000022,Lambeth,Not answered,973,317600,0.30636020151133503
E09000022,Lambeth,Not answered,388,317600,0.12216624685138538
E09000022,Lambeth,Not answered,462,317600,0.14546599496221663
E09000023,Lewisham,Does not apply,0,300600,0
E09000023,Lewisham,Does not apply,0,300600,0
E09000023,Lewisham,Does not apply,0,300600,0
E09000023,Lewisham,Does not apply,0,300600,0
E09000023,Lewisham,Does not apply,0,300600,0
E09000023,Lewisham,Straight or Heterosexual,0,300600,0
E09000023,Lewisham,Straight or Heterosexual,187375,300600,62.33366600133067
E09000023,Lewisham,Straight or Heterosexual,8064,300600,2.682634730538922
E09000023,Lewisham,Straight or Heterosexual,4031,300600,1.3409846972721224
E09000023,Lewisham,Straight or Heterosexual,4443,300600,1.4780439121756488
E09000023,Lewisham,Gay or Lesbian,0,300600,0
E09000023,Lewisham,Gay or Lesbian,6789,300600,2.258483033932136
E09000023,Lewisham,Gay or Lesbian,335,300600,0.11144377910844977
E09000023,Lewisham,Gay or Lesbian,90,300600,0.029940119760479042
E09000023,Lewisham,Gay or Lesbian,56,300600,0.018629407850964737
E09000023,Lewisham,Bisexual,0,300600,0
E09000023,Lewisham,Bisexual,5252,300600,1.7471723220226214
E09000023,Lewisham,Bisexual,270,300600,0.08982035928143713
E09000023,Lewisham,Bisexual,82,300600,0.027278775781769793
E09000023,Lewisham,Bisexual,54,300600,0.017964071856287425
E09000023,Lewisham,All other sexual orientations,0,300600,0
E09000023,Lewisham,All other sexual orientations,1749,300600,0.5818363273453094
E09000023,Lewisham,All other sexual orientations,125,300600,0.041583499667332005
E09000023,Lewisham,All other sexual orientations,37,300600,0.012308715901530274
E09000023,Lewisham,All other sexual orientations,38,300600,0.012641383898868928
E09000023,Lewisham,Not answered,0,300600,0
E09000023,Lewisham,Not answered,21687,300600,7.214570858283433
E09000023,Lewisham,Not answered,988,300600,0.3286759813705922
E09000023,Lewisham,Not answered,450,300600,0.1497005988023952
E09000023,Lewisham,Not answered,498,300600,0.1656686626746507
E09000024,Merton,Does not apply,0,215200,0
E09000024,Merton,Does not apply,0,215200,0
E09000024,Merton,Does not apply,0,215200,0
E09000024,Merton,Does not apply,0,215200,0
E09000024,Merton,Does not apply,0,215200,0
E09000024,Merton,Straight or Heterosexual,0,215200,0
E09000024,Merton,Straight or Heterosexual,139060,215200,64.61895910780669
E09000024,Merton,Straight or Heterosexual,6128,215200,2.8475836431226766
E09000024,Merton,Straight or Heterosexual,2554,215200,1.186802973977695
E09000024,Merton,Straight or Heterosexual,3321,215200,1.5432156133828996
E09000024,Merton,Gay or Lesbian,0,215200,0
E09000024,Merton,Gay or Lesbian,2758,215200,1.2815985130111525
E09000024,Merton,Gay or Lesbian,164,215200,0.0762081784386617
E09000024,Merton,Gay or Lesbian,36,215200,0.016728624535315983
E09000024,Merton,Gay or Lesbian,40,215200,0.01858736059479554
E09000024,Merton,Bisexual,0,215200,0
E09000024,Merton,Bisexual,1963,215200,0.9121747211895911
E09000024,Merton,Bisexual,85,215200,0.03949814126394052
E09000024,Merton,Bisexual,40,215200,0.01858736059479554
E09000024,Merton,Bisexual,39,215200,0.01812267657992565
E09000024,Merton,All other sexual orientations,0,215200,0
E09000024,Merton,All other sexual orientations,602,215200,0.27973977695167285
E09000024,Merton,All other sexual orientations,34,215200,0.015799256505576207
E09000024,Merton,All other sexual orientations,11,215200,0.005111524163568773
E09000024,Merton,All other sexual orientations,16,215200,0.007434944237918215
E09000024,Merton,Not answered,0,215200,0
E09000024,Merton,Not answered,14732,215200,6.845724907063197
E09000024,Merton,Not answered,572,215200,0.26579925650557623
E09000024,Merton,Not answered,319,215200,0.14823420074349442
E09000024,Merton,Not answered,298,215200,0.13847583643122677
E09000025,Newham,Does not apply,0,351100,0
E09000025,Newham,Does not apply,0,351100,0
E09000025,Newham,Does not apply,0,351100,0
E09000025,Newham,Does not apply,0,351100,0
E09000025,Newham,Does not apply,0,351100,0
E09000025,Newham,Straight or Heterosexual,0,351100,0
E09000025,Newham,Straight or Heterosexual,217226,351100,61.870122472230136
E09000025,Newham,Straight or Heterosexual,7156,351100,2.0381657647393907
E09000025,Newham,Straight or Heterosexual,5379,351100,1.5320421532326973
E09000025,Newham,Straight or Heterosexual,5732,351100,1.632583309598405
E09000025,Newham,Gay or Lesbian,0,351100,0
E09000025,Newham,Gay or Lesbian,4639,351100,1.321275989746511
E09000025,Newham,Gay or Lesbian,152,351100,0.04329250925662204
E09000025,Newham,Gay or Lesbian,62,351100,0.017658786670464256
E09000025,Newham,Gay or Lesbian,56,351100,0.015949871831387068
E09000025,Newham,Bisexual,0,351100,0
E09000025,Newham,Bisexual,3905,351100,1.1122187410994018
E09000025,Newham,Bisexual,137,351100,0.03902022215892908
E09000025,Newham,Bisexual,68,351100,0.01936770150954144
E09000025,Newham,Bisexual,58,351100,0.016519510111079466
E09000025,Newham,All other sexual orientations,0,351100,0
E09000025,Newham,All other sexual orientations,1847,351100,0.5260609512959271
E09000025,Newham,All other sexual orientations,68,351100,0.01936770150954144
E09000025,Newham,All other sexual orientations,58,351100,0.016519510111079466
E09000025,Newham,All other sexual orientations,35,351100,0.009968669894616918
E09000025,Newham,Not answered,0,351100,0
E09000025,Newham,Not answered,27417,351100,7.8088863571632015
E09000025,Newham,Not answered,888,351100,0.2529193961834235
E09000025,Newham,Not answered,671,351100,0.19111364283679863
E09000025,Newham,Not answered,618,351100,0.17601822842495016
E09000026,Redbridge,Does not apply,0,310300,0
E09000026,Redbridge,Does not apply,0,310300,0
E09000026,Redbridge,Does not apply,0,310300,0
E09000026,Redbridge,Does not apply,0,310300,0
E09000026,Redbridge,Does not apply,0,310300,0
E09000026,Redbridge,Straight or Heterosexual,0,310300,0
E09000026,Redbridge,Straight or Heterosexual,194231,310300,62.59458588462778
E09000026,Redbridge,Straight or Heterosexual,9135,310300,2.94392523364486
E09000026,Redbridge,Straight or Heterosexual,4540,310300,1.4631002255881405
E09000026,Redbridge,Straight or Heterosexual,5194,310300,1.6738640025781502
E09000026,Redbridge,Gay or Lesbian,0,310300,0
E09000026,Redbridge,Gay or Lesbian,1863,310300,0.6003867225265872
E09000026,Redbridge,Gay or Lesbian,125,310300,0.04028359651949726
E09000026,Redbridge,Gay or Lesbian,28,310300,0.009023525620367387
E09000026,Redbridge,Gay or Lesbian,34,310300,0.010957138253303255
E09000026,Redbridge,Bisexual,0,310300,0
E09000026,Redbridge,Bisexual,2103,310300,0.677731227844022
E09000026,Redbridge,Bisexual,80,310300,0.025781501772478246
E09000026,Redbridge,Bisexual,43,310300,0.013857557202707057
E09000026,Redbridge,Bisexual,46,310300,0.014824363519174991
E09000026,Redbridge,All other sexual orientations,0,310300,0
E09000026,Redbridge,All other sexual orientations,992,310300,0.31969062197873027
E09000026,Redbridge,All other sexual orientations,40,310300,0.012890750886239123
E09000026,Redbridge,All other sexual orientations,28,310300,0.009023525620367387
E09000026,Redbridge,All other sexual orientations,12,310300,0.003867225265871737
E09000026,Redbridge,Not answered,0,310300,0
E09000026,Redbridge,Not answered,21775,310300,7.017402513696423
E09000026,Redbridge,Not answered,796,310300,0.2565259426361586
E09000026,Redbridge,Not answered,422,310300,0.13599742184982275
E09000026,Redbridge,Not answered,525,310300,0.1691911053818885
E09000027,Richmond upon Thames,Does not apply,0,195200,0
E09000027,Richmond upon Thames,Does not apply,0,195200,0
E09000027,Richmond upon Thames,Does not apply,0,195200,0
E09000027,Richmond upon Thames,Does not apply,0,195200,0
E09000027,Richmond upon Thames,Does not apply,0,195200,0
E09000027,Richmond upon Thames,Straight or Heterosexual,0,195200,0
E09000027,Richmond upon Thames,Straight or Heterosexual,127205,195200,65.16649590163935
E09000027,Richmond upon Thames,Straight or Heterosexual,7047,195200,3.6101434426229506
E09000027,Richmond upon Thames,Straight or Heterosexual,1836,195200,0.9405737704918032
E09000027,Richmond upon Thames,Straight or Heterosexual,2664,195200,1.3647540983606556
E09000027,Richmond upon Thames,Gay or Lesbian,0,195200,0
E09000027,Richmond upon Thames,Gay or Lesbian,2641,195200,1.3529713114754098
E09000027,Richmond upon Thames,Gay or Lesbian,171,195200,0.08760245901639344
E09000027,Richmond upon Thames,Gay or Lesbian,36,195200,0.018442622950819672
E09000027,Richmond upon Thames,Gay or Lesbian,46,195200,0.0235655737704918
E09000027,Richmond upon Thames,Bisexual,0,195200,0
E09000027,Richmond upon Thames,Bisexual,1719,195200,0.8806352459016393
E09000027,Richmond upon Thames,Bisexual,100,195200,0.05122950819672131
E09000027,Richmond upon Thames,Bisexual,12,195200,0.006147540983606557
E09000027,Richmond upon Thames,Bisexual,20,195200,0.010245901639344262
E09000027,Richmond upon Thames,All other sexual orientations,0,195200,0
E09000027,Richmond upon Thames,All other sexual orientations,436,195200,0.22336065573770492
E09000027,Richmond upon Thames,All other sexual orientations,37,195200,0.018954918032786885
E09000027,Richmond upon Thames,All other sexual orientations,13,195200,0.00665983606557377
E09000027,Richmond upon Thames,All other sexual orientations,9,195200,0.004610655737704918
E09000027,Richmond upon Thames,Not answered,0,195200,0
E09000027,Richmond upon Thames,Not answered,10901,195200,5.58452868852459
E09000027,Richmond upon Thames,Not answered,550,195200,0.2817622950819672
E09000027,Richmond upon Thames,Not answered,154,195200,0.07889344262295082
E09000027,Richmond upon Thames,Not answered,240,195200,0.12295081967213115
E09000028,Southwark,Does not apply,0,307700,0
E09000028,Southwark,Does not apply,0,307700,0
E09000028,Southwark,Does not apply,0,307700,0
E09000028,Southwark,Does not apply,0,307700,0
E09000028,Southwark,Does not apply,0,307700,0
E09000028,Southwark,Straight or Heterosexual,0,307700,0
E09000028,Southwark,Straight or Heterosexual,196461,307700,63.848228794280146
E09000028,Southwark,Straight or Heterosexual,7221,307700,2.346766330841729
E09000028,Southwark,Straight or Heterosexual,3856,307700,1.2531686707832304
E09000028,Southwark,Straight or Heterosexual,4309,307700,1.4003899902502437
E09000028,Southwark,Gay or Lesbian,0,307700,0
E09000028,Southwark,Gay or Lesbian,10885,307700,3.53753656158596
E09000028,Southwark,Gay or Lesbian,523,307700,0.16997075073123172
E09000028,Southwark,Gay or Lesbian,112,307700,0.03639909002274943
E09000028,Southwark,Gay or Lesbian,76,307700,0.024699382515437115
E09000028,Southwark,Bisexual,0,307700,0
E09000028,Southwark,Bisexual,6209,307700,2.0178745531361715
E09000028,Southwark,Bisexual,272,307700,0.08839779005524862
E09000028,Southwark,Bisexual,66,307700,0.021449463763405913
E09000028,Southwark,Bisexual,38,307700,0.012349691257718558
E09000028,Southwark,All other sexual orientations,0,307700,0
E09000028,Southwark,All other sexual orientations,2323,307700,0.7549561260968476
E09000028,Southwark,All other sexual orientations,113,307700,0.03672408189795255
E09000028,Southwark,All other sexual orientations,43,307700,0.013974650633734157
E09000028,Southwark,All other sexual orientations,36,307700,0.011699707507312317
E09000028,Southwark,Not answered,0,307700,0
E09000028,Southwark,Not answered,21833,307700,7.095547611309717
E09000028,Southwark,Not answered,902,307700,0.29314267143321415
E09000028,Southwark,Not answered,437,307700,0.1420214494637634
E09000028,Southwark,Not answered,420,307700,0.13649658758531036
E09000029,Sutton,Does not apply,0,209600,0
E09000029,Sutton,Does not apply,0,209600,0
E09000029,Sutton,Does not apply,0,209600,0
E09000029,Sutton,Does not apply,0,209600,0
E09000029,Sutton,Does not apply,0,209600,0
E09000029,Sutton,Straight or Heterosexual,0,209600,0
E09000029,Sutton,Straight or Heterosexual,134938,209600,64.37881679389314
E09000029,Sutton,Straight or Heterosexual,7268,209600,3.467557251908397
E09000029,Sutton,Straight or Heterosexual,2793,209600,1.3325381679389312
E09000029,Sutton,Straight or Heterosexual,4013,209600,1.9145992366412214
E09000029,Sutton,Gay or Lesbian,0,209600,0
E09000029,Sutton,Gay or Lesbian,1762,209600,0.8406488549618321
E09000029,Sutton,Gay or Lesbian,109,209600,0.05200381679389313
E09000029,Sutton,Gay or Lesbian,23,209600,0.01097328244274809
E09000029,Sutton,Gay or Lesbian,41,209600,0.019561068702290078
E09000029,Sutton,Bisexual,0,209600,0
E09000029,Sutton,Bisexual,1442,209600,0.6879770992366412
E09000029,Sutton,Bisexual,86,209600,0.04103053435114504
E09000029,Sutton,Bisexual,34,209600,0.016221374045801526
E09000029,Sutton,Bisexual,43,209600,0.02051526717557252
E09000029,Sutton,All other sexual orientations,0,209600,0
E09000029,Sutton,All other sexual orientations,375,209600,0.17891221374045801
E09000029,Sutton,All other sexual orientations,26,209600,0.012404580152671756
E09000029,Sutton,All other sexual orientations,16,209600,0.007633587786259542
E09000029,Sutton,All other sexual orientations,10,209600,0.004770992366412214
E09000029,Sutton,Not answered,0,209600,0
E09000029,Sutton,Not answered,11601,209600,5.534828244274809
E09000029,Sutton,Not answered,506,209600,0.24141221374045801
E09000029,Sutton,Not answered,273,209600,0.13024809160305342
E09000029,Sutton,Not answered,298,209600,0.14217557251908397
E09000030,Tower Hamlets,Does not apply,0,310300,0
E09000030,Tower Hamlets,Does not apply,0,310300,0
E09000030,Tower Hamlets,Does not apply,0,310300,0
E09000030,Tower Hamlets,Does not apply,0,310300,0
E09000030,Tower Hamlets,Does not apply,0,310300,0
E09000030,Tower Hamlets,Straight or Heterosexual,0,310300,0
E09000030,Tower Hamlets,Straight or Heterosexual,194354,310300,62.634224943602966
E09000030,Tower Hamlets,Straight or Heterosexual,6593,310300,2.1247180148243636
E09000030,Tower Hamlets,Straight or Heterosexual,4468,310300,1.43989687399291
E09000030,Tower Hamlets,Straight or Heterosexual,4653,310300,1.499516596841766
E09000030,Tower Hamlets,Gay or Lesbian,0,310300,0
E09000030,Tower Hamlets,Gay or Lesbian,9558,310300,3.0802449242668386
E09000030,Tower Hamlets,Gay or Lesbian,337,310300,0.10860457621656462
E09000030,Tower Hamlets,Gay or Lesbian,87,310300,0.028037383177570093
E09000030,Tower Hamlets,Gay or Lesbian,39,310300,0.012568482114083145
E09000030,Tower Hamlets,Bisexual,0,310300,0
E09000030,Tower Hamlets,Bisexual,6046,310300,1.9484369964550434
E09000030,Tower Hamlets,Bisexual,193,310300,0.06219787302610377
E09000030,Tower Hamlets,Bisexual,81,310300,0.026103770544634225
E09000030,Tower Hamlets,Bisexual,57,310300,0.018369320012890752
E09000030,Tower Hamlets,All other sexual orientations,0,310300,0
E09000030,Tower Hamlets,All other sexual orientations,1609,310300,0.5185304543989687
E09000030,Tower Hamlets,All other sexual orientations,75,310300,0.024170157911698357
E09000030,Tower Hamlets,All other sexual orientations,25,310300,0.008056719303899453
E09000030,Tower Hamlets,All other sexual orientations,21,310300,0.00676764421527554
E09000030,Tower Hamlets,Not answered,0,310300,0
E09000030,Tower Hamlets,Not answered,23070,310300,7.434740573638415
E09000030,Tower Hamlets,Not answered,704,310300,0.22687721559780857
E09000030,Tower Hamlets,Not answered,438,310300,0.1411537222043184
E09000030,Tower Hamlets,Not answered,476,310300,0.15339993554624556
E09000031,Waltham Forest,Does not apply,0,278400,0
E09000031,Waltham Forest,Does not apply,0,278400,0
E09000031,Waltham Forest,Does not apply,0,278400,0
E09000031,Waltham Forest,Does not apply,0,278400,0
E09000031,Waltham Forest,Does not apply,0,278400,0
E09000031,Waltham Forest,Straight or Heterosexual,0,278400,0
E09000031,Waltham Forest,Straight or Heterosexual,175347,278400,62.983836206896555
E09000031,Waltham Forest,Straight or Heterosexual,7370,278400,2.6472701149425286
E09000031,Waltham Forest,Straight or Heterosexual,3818,278400,1.3714080459770115
E09000031,Waltham Forest,Straight or Heterosexual,4514,278400,1.6214080459770115
E09000031,Waltham Forest,Gay or Lesbian,0,278400,0
E09000031,Waltham Forest,Gay or Lesbian,4706,278400,1.6903735632183907
E09000031,Waltham Forest,Gay or Lesbian,231,278400,0.08297413793103449
E09000031,Waltham Forest,Gay or Lesbian,53,278400,0.01903735632183908
E09000031,Waltham Forest,Gay or Lesbian,42,278400,0.015086206896551725
E09000031,Waltham Forest,Bisexual,0,278400,0
E09000031,Waltham Forest,Bisexual,3344,278400,1.2011494252873562
E09000031,Waltham Forest,Bisexual,161,278400,0.057830459770114945
E09000031,Waltham Forest,Bisexual,52,278400,0.01867816091954023
E09000031,Waltham Forest,Bisexual,34,278400,0.01221264367816092
E09000031,Waltham Forest,All other sexual orientations,0,278400,0
E09000031,Waltham Forest,All other sexual orientations,1309,278400,0.4701867816091954
E09000031,Waltham Forest,All other sexual orientations,69,278400,0.02478448275862069
E09000031,Waltham Forest,All other sexual orientations,26,278400,0.009339080459770116
E09000031,Waltham Forest,All other sexual orientations,19,278400,0.006824712643678161
E09000031,Waltham Forest,Not answered,0,278400,0
E09000031,Waltham Forest,Not answered,19526,278400,7.0136494252873565
E09000031,Waltham Forest,Not answered,742,278400,0.2665229885057471
E09000031,Waltham Forest,Not answered,423,278400,0.15193965517241378
E09000031,Waltham Forest,Not answered,396,278400,0.14224137931034483
E09000032,Wandsworth,Does not apply,0,327500,0
E09000032,Wandsworth,Does not apply,0,327500,0
E09000032,Wandsworth,Does not apply,0,327500,0
E09000032,Wandsworth,Does not apply,0,327500,0
E09000032,Wandsworth,Does not apply,0,327500,0
E09000032,Wandsworth,Straight or Heterosexual,0,327500,0
E09000032,Wandsworth,Straight or Heterosexual,221417,327500,67.60824427480917
E09000032,Wandsworth,Straight or Heterosexual,8123,327500,2.4803053435114504
E09000032,Wandsworth,Straight or Heterosexual,3329,327500,1.0164885496183207
E09000032,Wandsworth,Straight or Heterosexual,3684,327500,1.1248854961832062
E09000032,Wandsworth,Gay or Lesbian,0,327500,0
E09000032,Wandsworth,Gay or Lesbian,7905,327500,2.4137404580152673
E09000032,Wandsworth,Gay or Lesbian,280,327500,0.08549618320610687
E09000032,Wandsworth,Gay or Lesbian,95,327500,0.02900763358778626
E09000032,Wandsworth,Gay or Lesbian,62,327500,0.018931297709923665
E09000032,Wandsworth,Bisexual,0,327500,0
E09000032,Wandsworth,Bisexual,4488,327500,1.3703816793893129
E09000032,Wandsworth,Bisexual,190,327500,0.05801526717557252
E09000032,Wandsworth,Bisexual,46,327500,0.014045801526717557
E09000032,Wandsworth,Bisexual,38,327500,0.011603053435114504
E09000032,Wandsworth,All other sexual orientations,0,327500,0
E09000032,Wandsworth,All other sexual orientations,995,327500,0.30381679389312977
E09000032,Wandsworth,All other sexual orientations,48,327500,0.01465648854961832
E09000032,Wandsworth,All other sexual orientations,25,327500,0.007633587786259542
E09000032,Wandsworth,All other sexual orientations,12,327500,0.00366412213740458
E09000032,Wandsworth,Not answered,0,327500,0
E09000032,Wandsworth,Not answered,21277,327500,6.496793893129771
E09000032,Wandsworth,Not answered,764,327500,0.2332824427480916
E09000032,Wandsworth,Not answered,350,327500,0.10687022900763359
E09000032,Wandsworth,Not answered,430,327500,0.13129770992366413
E09000033,Westminster,Does not apply,0,204300,0
E09000033,Westminster,Does not apply,0,204300,0
E09000033,Westminster,Does not apply,0,204300,0
E09000033,Westminster,Does not apply,0,204300,0
E09000033,Westminster,Does not apply,0,204300,0
E09000033,Westminster,Straight or Heterosexual,0,204300,0
E09000033,Westminster,Straight or Heterosexual,136621,204300,66.87273617229565
E09000033,Westminster,Straight or Heterosexual,5424,204300,2.654919236417034
E09000033,Westminster,Straight or Heterosexual,2847,204300,1.3935389133627019
E09000033,Westminster,Straight or Heterosexual,2964,204300,1.4508076358296622
E09000033,Westminster,Gay or Lesbian,0,204300,0
E09000033,Westminster,Gay or Lesbian,5724,204300,2.801762114537445
E09000033,Westminster,Gay or Lesbian,286,204300,0.13999021047479196
E09000033,Westminster,Gay or Lesbian,61,204300,0.0298580518844836
E09000033,Westminster,Gay or Lesbian,84,204300,0.041116005873715125
E09000033,Westminster,Bisexual,0,204300,0
E09000033,Westminster,Bisexual,2530,204300,1.2383749388154675
E09000033,Westminster,Bisexual,150,204300,0.07342143906020558
E09000033,Westminster,Bisexual,28,204300,0.013705335291238374
E09000033,Westminster,Bisexual,33,204300,0.016152716593245228
E09000033,Westminster,All other sexual orientations,0,204300,0
E09000033,Westminster,All other sexual orientations,772,204300,0.37787567302985803
E09000033,Westminster,All other sexual orientations,31,204300,0.015173764072442487
E09000033,Westminster,All other sexual orientations,16,204300,0.00783162016642193
E09000033,Westminster,All other sexual orientations,12,204300,0.005873715124816446
E09000033,Westminster,Not answered,0,204300,0
E09000033,Westminster,Not answered,18448,204300,9.029858051884483
E09000033,Westminster,Not answered,707,204300,0.34605971610376896
E09000033,Westminster,Not answered,342,204300,0.16740088105726872
E09000033,Westminster,Not answered,386,204300,0.18893783651492901
W06000001,Isle of Anglesey,Does not apply,0,68900,0
W06000001,Isle of Anglesey,Does not apply,0,68900,0
W06000001,Isle of Anglesey,Does not apply,0,68900,0
W06000001,Isle of Anglesey,Does not apply,0,68900,0
W06000001,Isle of Anglesey,Does not apply,0,68900,0
W06000001,Isle of Anglesey,Straight or Heterosexual,0,68900,0
W06000001,Isle of Anglesey,Straight or Heterosexual,45425,68900,65.9288824383164
W06000001,Isle of Anglesey,Straight or Heterosexual,2692,68900,3.90711175616836
W06000001,Isle of Anglesey,Straight or Heterosexual,1234,68900,1.79100145137881
W06000001,Isle of Anglesey,Straight or Heterosexual,2079,68900,3.0174165457184325
W06000001,Isle of Anglesey,Gay or Lesbian,0,68900,0
W06000001,Isle of Anglesey,Gay or Lesbian,540,68900,0.783744557329463
W06000001,Isle of Anglesey,Gay or Lesbian,35,68900,0.05079825834542816
W06000001,Isle of Anglesey,Gay or Lesbian,24,68900,0.03483309143686502
W06000001,Isle of Anglesey,Gay or Lesbian,21,68900,0.030478955007256895
W06000001,Isle of Anglesey,Bisexual,0,68900,0
W06000001,Isle of Anglesey,Bisexual,415,68900,0.602322206095791
W06000001,Isle of Anglesey,Bisexual,26,68900,0.03773584905660377
W06000001,Isle of Anglesey,Bisexual,11,68900,0.015965166908563134
W06000001,Isle of Anglesey,Bisexual,18,68900,0.026124818577648767
W06000001,Isle of Anglesey,All other sexual orientations,0,68900,0
W06000001,Isle of Anglesey,All other sexual orientations,64,68900,0.09288824383164006
W06000001,Isle of Anglesey,All other sexual orientations,10,68900,0.01451378809869376
W06000001,Isle of Anglesey,All other sexual orientations,1,68900,0.001451378809869376
W06000001,Isle of Anglesey,All other sexual orientations,3,68900,0.0043541364296081275
W06000001,Isle of Anglesey,Not answered,0,68900,0
W06000001,Isle of Anglesey,Not answered,4076,68900,5.915820029027576
W06000001,Isle of Anglesey,Not answered,183,68900,0.2656023222060958
W06000001,Isle of Anglesey,Not answered,79,68900,0.11465892597968069
W06000001,Isle of Anglesey,Not answered,214,68900,0.31059506531204645
W06000002,Gwynedd,Does not apply,0,117400,0
W06000002,Gwynedd,Does not apply,0,117400,0
W06000002,Gwynedd,Does not apply,0,117400,0
W06000002,Gwynedd,Does not apply,0,117400,0
W06000002,Gwynedd,Does not apply,0,117400,0
W06000002,Gwynedd,Straight or Heterosexual,0,117400,0
W06000002,Gwynedd,Straight or Heterosexual,76843,117400,65.45400340715503
W06000002,Gwynedd,Straight or Heterosexual,3987,117400,3.3960817717206133
W06000002,Gwynedd,Straight or Heterosexual,1673,117400,1.4250425894378194
W06000002,Gwynedd,Straight or Heterosexual,3072,117400,2.6166950596252128
W06000002,Gwynedd,Gay or Lesbian,0,117400,0
W06000002,Gwynedd,Gay or Lesbian,1159,117400,0.9872231686541738
W06000002,Gwynedd,Gay or Lesbian,80,117400,0.06814310051107325
W06000002,Gwynedd,Gay or Lesbian,28,117400,0.02385008517887564
W06000002,Gwynedd,Gay or Lesbian,36,117400,0.030664395229982964
W06000002,Gwynedd,Bisexual,0,117400,0
W06000002,Gwynedd,Bisexual,1479,117400,1.2597955706984667
W06000002,Gwynedd,Bisexual,57,117400,0.048551959114139696
W06000002,Gwynedd,Bisexual,20,117400,0.017035775127768313
W06000002,Gwynedd,Bisexual,38,117400,0.03236797274275979
W06000002,Gwynedd,All other sexual orientations,0,117400,0
W06000002,Gwynedd,All other sexual orientations,306,117400,0.2606473594548552
W06000002,Gwynedd,All other sexual orientations,15,117400,0.012776831345826235
W06000002,Gwynedd,All other sexual orientations,7,117400,0.00596252129471891
W06000002,Gwynedd,All other sexual orientations,6,117400,0.005110732538330494
W06000002,Gwynedd,Not answered,0,117400,0
W06000002,Gwynedd,Not answered,8343,117400,7.106473594548552
W06000002,Gwynedd,Not answered,326,117400,0.2776831345826235
W06000002,Gwynedd,Not answered,156,117400,0.13287904599659284
W06000002,Gwynedd,Not answered,338,117400,0.2879045996592845
W06000003,Conwy,Does not apply,0,114800,0
W06000003,Conwy,Does not apply,0,114800,0
W06000003,Conwy,Does not apply,0,114800,0
W06000003,Conwy,Does not apply,0,114800,0
W06000003,Conwy,Does not apply,0,114800,0
W06000003,Conwy,Straight or Heterosexual,0,114800,0
W06000003,Conwy,Straight or Heterosexual,75674,114800,65.91811846689896
W06000003,Conwy,Straight or Heterosexual,4517,114800,3.9346689895470384
W06000003,Conwy,Straight or Heterosexual,2012,114800,1.7526132404181185
W06000003,Conwy,Straight or Heterosexual,3771,114800,3.284843205574913
W06000003,Conwy,Gay or Lesbian,0,114800,0
W06000003,Conwy,Gay or Lesbian,1184,114800,1.0313588850174216
W06000003,Conwy,Gay or Lesbian,76,114800,0.06620209059233449
W06000003,Conwy,Gay or Lesbian,26,114800,0.02264808362369338
W06000003,Conwy,Gay or Lesbian,44,114800,0.03832752613240418
W06000003,Conwy,Bisexual,0,114800,0
W06000003,Conwy,Bisexual,749,114800,0.6524390243902439
W06000003,Conwy,Bisexual,60,114800,0.05226480836236934
W06000003,Conwy,Bisexual,20,114800,0.017421602787456445
W06000003,Conwy,Bisexual,42,114800,0.036585365853658534
W06000003,Conwy,All other sexual orientations,0,114800,0
W06000003,Conwy,All other sexual orientations,165,114800,0.1437282229965157
W06000003,Conwy,All other sexual orientations,16,114800,0.013937282229965157
W06000003,Conwy,All other sexual orientations,7,114800,0.006097560975609756
W06000003,Conwy,All other sexual orientations,15,114800,0.013066202090592335
W06000003,Conwy,Not answered,0,114800,0
W06000003,Conwy,Not answered,7143,114800,6.22212543554007
W06000003,Conwy,Not answered,347,114800,0.30226480836236935
W06000003,Conwy,Not answered,186,114800,0.16202090592334495
W06000003,Conwy,Not answered,310,114800,0.2700348432055749
W06000004,Denbighshire,Does not apply,0,95800,0
W06000004,Denbighshire,Does not apply,0,95800,0
W06000004,Denbighshire,Does not apply,0,95800,0
W06000004,Denbighshire,Does not apply,0,95800,0
W06000004,Denbighshire,Does not apply,0,95800,0
W06000004,Denbighshire,Straight or Heterosexual,0,95800,0
W06000004,Denbighshire,Straight or Heterosexual,61546,95800,64.24425887265136
W06000004,Denbighshire,Straight or Heterosexual,3704,95800,3.8663883089770357
W06000004,Denbighshire,Straight or Heterosexual,1914,95800,1.9979123173277662
W06000004,Denbighshire,Straight or Heterosexual,3359,95800,3.5062630480167014
W06000004,Denbighshire,Gay or Lesbian,0,95800,0
W06000004,Denbighshire,Gay or Lesbian,890,95800,0.9290187891440501
W06000004,Denbighshire,Gay or Lesbian,54,95800,0.05636743215031315
W06000004,Denbighshire,Gay or Lesbian,28,95800,0.029227557411273485
W06000004,Denbighshire,Gay or Lesbian,27,95800,0.028183716075156576
W06000004,Denbighshire,Bisexual,0,95800,0
W06000004,Denbighshire,Bisexual,598,95800,0.6242171189979123
W06000004,Denbighshire,Bisexual,49,95800,0.0511482254697286
W06000004,Denbighshire,Bisexual,24,95800,0.025052192066805846
W06000004,Denbighshire,Bisexual,27,95800,0.028183716075156576
W06000004,Denbighshire,All other sexual orientations,0,95800,0
W06000004,Denbighshire,All other sexual orientations,129,95800,0.13465553235908143
W06000004,Denbighshire,All other sexual orientations,7,95800,0.007306889352818371
W06000004,Denbighshire,All other sexual orientations,7,95800,0.007306889352818371
W06000004,Denbighshire,All other sexual orientations,4,95800,0.0041753653444676405
W06000004,Denbighshire,Not answered,0,95800,0
W06000004,Denbighshire,Not answered,5828,95800,6.083507306889353
W06000004,Denbighshire,Not answered,260,95800,0.27139874739039666
W06000004,Denbighshire,Not answered,169,95800,0.17640918580375783
W06000004,Denbighshire,Not answered,280,95800,0.29227557411273486
W06000005,Flintshire,Does not apply,0,155000,0
W06000005,Flintshire,Does not apply,0,155000,0
W06000005,Flintshire,Does not apply,0,155000,0
W06000005,Flintshire,Does not apply,0,155000,0
W06000005,Flintshire,Does not apply,0,155000,0
W06000005,Flintshire,Straight or Heterosexual,0,155000,0
W06000005,Flintshire,Straight or Heterosexual,101879,155000,65.7283870967742
W06000005,Flintshire,Straight or Heterosexual,6509,155000,4.199354838709677
W06000005,Flintshire,Straight or Heterosexual,2710,155000,1.7483870967741935
W06000005,Flintshire,Straight or Heterosexual,4343,155000,2.8019354838709676
W06000005,Flintshire,Gay or Lesbian,0,155000,0
W06000005,Flintshire,Gay or Lesbian,1378,155000,0.8890322580645161
W06000005,Flintshire,Gay or Lesbian,103,155000,0.0664516129032258
W06000005,Flintshire,Gay or Lesbian,60,155000,0.03870967741935484
W06000005,Flintshire,Gay or Lesbian,41,155000,0.026451612903225806
W06000005,Flintshire,Bisexual,0,155000,0
W06000005,Flintshire,Bisexual,891,155000,0.5748387096774193
W06000005,Flintshire,Bisexual,61,155000,0.03935483870967742
W06000005,Flintshire,Bisexual,42,155000,0.027096774193548386
W06000005,Flintshire,Bisexual,48,155000,0.03096774193548387
W06000005,Flintshire,All other sexual orientations,0,155000,0
W06000005,Flintshire,All other sexual orientations,199,155000,0.12838709677419355
W06000005,Flintshire,All other sexual orientations,15,155000,0.00967741935483871
W06000005,Flintshire,All other sexual orientations,5,155000,0.0032258064516129032
W06000005,Flintshire,All other sexual orientations,6,155000,0.003870967741935484
W06000005,Flintshire,Not answered,0,155000,0
W06000005,Flintshire,Not answered,8249,155000,5.321935483870968
W06000005,Flintshire,Not answered,428,155000,0.2761290322580645
W06000005,Flintshire,Not answered,212,155000,0.1367741935483871
W06000005,Flintshire,Not answered,398,155000,0.2567741935483871
W06000006,Wrexham,Does not apply,0,135100,0
W06000006,Wrexham,Does not apply,0,135100,0
W06000006,Wrexham,Does not apply,0,135100,0
W06000006,Wrexham,Does not apply,0,135100,0
W06000006,Wrexham,Does not apply,0,135100,0
W06000006,Wrexham,Straight or Heterosexual,0,135100,0
W06000006,Wrexham,Straight or Heterosexual,87453,135100,64.7320503330866
W06000006,Wrexham,Straight or Heterosexual,5062,135100,3.746854182087343
W06000006,Wrexham,Straight or Heterosexual,2480,135100,1.8356772760917839
W06000006,Wrexham,Straight or Heterosexual,3833,135100,2.837157660991858
W06000006,Wrexham,Gay or Lesbian,0,135100,0
W06000006,Wrexham,Gay or Lesbian,1260,135100,0.9326424870466321
W06000006,Wrexham,Gay or Lesbian,97,135100,0.07179866765358993
W06000006,Wrexham,Gay or Lesbian,22,135100,0.01628423390081421
W06000006,Wrexham,Gay or Lesbian,66,135100,0.04885270170244264
W06000006,Wrexham,Bisexual,0,135100,0
W06000006,Wrexham,Bisexual,899,135100,0.6654330125832717
W06000006,Wrexham,Bisexual,66,135100,0.04885270170244264
W06000006,Wrexham,Bisexual,34,135100,0.025166543301258327
W06000006,Wrexham,Bisexual,49,135100,0.03626943005181347
W06000006,Wrexham,All other sexual orientations,0,135100,0
W06000006,Wrexham,All other sexual orientations,221,135100,0.16358253145817914
W06000006,Wrexham,All other sexual orientations,16,135100,0.011843079200592153
W06000006,Wrexham,All other sexual orientations,12,135100,0.008882309400444115
W06000006,Wrexham,All other sexual orientations,11,135100,0.008142116950407105
W06000006,Wrexham,Not answered,0,135100,0
W06000006,Wrexham,Not answered,7788,135100,5.764618800888231
W06000006,Wrexham,Not answered,338,135100,0.25018504811250925
W06000006,Wrexham,Not answered,198,135100,0.14655810510732792
W06000006,Wrexham,Not answered,366,135100,0.27091043671354553
W06000008,Ceredigion,Does not apply,0,71500,0
W06000008,Ceredigion,Does not apply,0,71500,0
W06000008,Ceredigion,Does not apply,0,71500,0
W06000008,Ceredigion,Does not apply,0,71500,0
W06000008,Ceredigion,Does not apply,0,71500,0
W06000008,Ceredigion,Straight or Heterosexual,0,71500,0
W06000008,Ceredigion,Straight or Heterosexual,45822,71500,64.08671328671329
W06000008,Ceredigion,Straight or Heterosexual,2997,71500,4.1916083916083915
W06000008,Ceredigion,Straight or Heterosexual,1148,71500,1.6055944055944056
W06000008,Ceredigion,Straight or Heterosexual,2031,71500,2.8405594405594408
W06000008,Ceredigion,Gay or Lesbian,0,71500,0
W06000008,Ceredigion,Gay or Lesbian,838,71500,1.172027972027972
W06000008,Ceredigion,Gay or Lesbian,66,71500,0.09230769230769231
W06000008,Ceredigion,Gay or Lesbian,19,71500,0.026573426573426574
W06000008,Ceredigion,Gay or Lesbian,18,71500,0.025174825174825177
W06000008,Ceredigion,Bisexual,0,71500,0
W06000008,Ceredigion,Bisexual,1480,71500,2.06993006993007
W06000008,Ceredigion,Bisexual,89,71500,0.12447552447552447
W06000008,Ceredigion,Bisexual,20,71500,0.027972027972027972
W06000008,Ceredigion,Bisexual,28,71500,0.039160839160839164
W06000008,Ceredigion,All other sexual orientations,0,71500,0
W06000008,Ceredigion,All other sexual orientations,402,71500,0.5622377622377622
W06000008,Ceredigion,All other sexual orientations,20,71500,0.027972027972027972
W06000008,Ceredigion,All other sexual orientations,1,71500,0.0013986013986013986
W06000008,Ceredigion,All other sexual orientations,7,71500,0.009790209790209791
W06000008,Ceredigion,Not answered,0,71500,0
W06000008,Ceredigion,Not answered,5719,71500,7.998601398601399
W06000008,Ceredigion,Not answered,322,71500,0.45034965034965035
W06000008,Ceredigion,Not answered,125,71500,0.17482517482517482
W06000008,Ceredigion,Not answered,238,71500,0.3328671328671329
W06000009,Pembrokeshire,Does not apply,0,123400,0
W06000009,Pembrokeshire,Does not apply,0,123400,0
W06000009,Pembrokeshire,Does not apply,0,123400,0
W06000009,Pembrokeshire,Does not apply,0,123400,0
W06000009,Pembrokeshire,Does not apply,0,123400,0
W06000009,Pembrokeshire,Straight or Heterosexual,0,123400,0
W06000009,Pembrokeshire,Straight or Heterosexual,80633,123400,65.34278768233388
W06000009,Pembrokeshire,Straight or Heterosexual,5117,123400,4.146677471636953
W06000009,Pembrokeshire,Straight or Heterosexual,2402,123400,1.946515397082658
W06000009,Pembrokeshire,Straight or Heterosexual,3940,123400,3.1928687196110213
W06000009,Pembrokeshire,Gay or Lesbian,0,123400,0
W06000009,Pembrokeshire,Gay or Lesbian,944,123400,0.7649918962722853
W06000009,Pembrokeshire,Gay or Lesbian,69,123400,0.055915721231766614
W06000009,Pembrokeshire,Gay or Lesbian,33,123400,0.02674230145867099
W06000009,Pembrokeshire,Gay or Lesbian,46,123400,0.03727714748784441
W06000009,Pembrokeshire,Bisexual,0,123400,0
W06000009,Pembrokeshire,Bisexual,916,123400,0.7423014586709886
W06000009,Pembrokeshire,Bisexual,69,123400,0.055915721231766614
W06000009,Pembrokeshire,Bisexual,29,123400,0.023500810372771474
W06000009,Pembrokeshire,Bisexual,36,123400,0.029173419773095625
W06000009,Pembrokeshire,All other sexual orientations,0,123400,0
W06000009,Pembrokeshire,All other sexual orientations,186,123400,0.1507293354943274
W06000009,Pembrokeshire,All other sexual orientations,18,123400,0.014586709886547812
W06000009,Pembrokeshire,All other sexual orientations,6,123400,0.004862236628849271
W06000009,Pembrokeshire,All other sexual orientations,10,123400,0.008103727714748784
W06000009,Pembrokeshire,Not answered,0,123400,0
W06000009,Pembrokeshire,Not answered,7241,123400,5.867909238249595
W06000009,Pembrokeshire,Not answered,355,123400,0.28768233387358183
W06000009,Pembrokeshire,Not answered,183,123400,0.14829821717990274
W06000009,Pembrokeshire,Not answered,316,123400,0.2560777957860616
W06000010,Carmarthenshire,Does not apply,0,187900,0
W06000010,Carmarthenshire,Does not apply,0,187900,0
W06000010,Carmarthenshire,Does not apply,0,187900,0
W06000010,Carmarthenshire,Does not apply,0,187900,0
W06000010,Carmarthenshire,Does not apply,0,187900,0
W06000010,Carmarthenshire,Straight or Heterosexual,0,187900,0
W06000010,Carmarthenshire,Straight or Heterosexual,121447,187900,64.63384779137839
W06000010,Carmarthenshire,Straight or Heterosexual,7725,187900,4.111229377328367
W06000010,Carmarthenshire,Straight or Heterosexual,3756,187900,1.9989356040447046
W06000010,Carmarthenshire,Straight or Heterosexual,6583,187900,3.50345928685471
W06000010,Carmarthenshire,Gay or Lesbian,0,187900,0
W06000010,Carmarthenshire,Gay or Lesbian,1573,187900,0.8371474188398084
W06000010,Carmarthenshire,Gay or Lesbian,139,187900,0.07397551889302821
W06000010,Carmarthenshire,Gay or Lesbian,68,187900,0.036189462480042574
W06000010,Carmarthenshire,Gay or Lesbian,65,187900,0.034592868547099524
W06000010,Carmarthenshire,Bisexual,0,187900,0
W06000010,Carmarthenshire,Bisexual,1300,187900,0.6918573709419904
W06000010,Carmarthenshire,Bisexual,99,187900,0.05268759978712081
W06000010,Carmarthenshire,Bisexual,38,187900,0.020223523150612027
W06000010,Carmarthenshire,Bisexual,63,187900,0.03352847259180415
W06000010,Carmarthenshire,All other sexual orientations,0,187900,0
W06000010,Carmarthenshire,All other sexual orientations,255,187900,0.13571048430015967
W06000010,Carmarthenshire,All other sexual orientations,30,187900,0.015965939329430547
W06000010,Carmarthenshire,All other sexual orientations,20,187900,0.010643959552953698
W06000010,Carmarthenshire,All other sexual orientations,19,187900,0.010111761575306013
W06000010,Carmarthenshire,Not answered,0,187900,0
W06000010,Carmarthenshire,Not answered,10864,187900,5.781798829164449
W06000010,Carmarthenshire,Not answered,532,187900,0.2831293241085684
W06000010,Carmarthenshire,Not answered,302,187900,0.16072378924960085
W06000010,Carmarthenshire,Not answered,609,187900,0.3241085683874401
W06000011,Swansea,Does not apply,0,238500,0
W06000011,Swansea,Does not apply,0,238500,0
W06000011,Swansea,Does not apply,0,238500,0
W06000011,Swansea,Does not apply,0,238500,0
W06000011,Swansea,Does not apply,0,238500,0
W06000011,Swansea,Straight or Heterosexual,0,238500,0
W06000011,Swansea,Straight or Heterosexual,153793,238500,64.48343815513627
W06000011,Swansea,Straight or Heterosexual,9750,238500,4.088050314465409
W06000011,Swansea,Straight or Heterosexual,4528,238500,1.89853249475891
W06000011,Swansea,Straight or Heterosexual,7668,238500,3.2150943396226417
W06000011,Swansea,Gay or Lesbian,0,238500,0
W06000011,Swansea,Gay or Lesbian,2779,238500,1.1651991614255766
W06000011,Swansea,Gay or Lesbian,195,238500,0.08176100628930817
W06000011,Swansea,Gay or Lesbian,85,238500,0.03563941299790356
W06000011,Swansea,Gay or Lesbian,87,238500,0.03647798742138365
W06000011,Swansea,Bisexual,0,238500,0
W06000011,Swansea,Bisexual,2644,238500,1.108595387840671
W06000011,Swansea,Bisexual,165,238500,0.06918238993710692
W06000011,Swansea,Bisexual,75,238500,0.031446540880503145
W06000011,Swansea,Bisexual,88,238500,0.03689727463312369
W06000011,Swansea,All other sexual orientations,0,238500,0
W06000011,Swansea,All other sexual orientations,504,238500,0.21132075471698114
W06000011,Swansea,All other sexual orientations,36,238500,0.01509433962264151
W06000011,Swansea,All other sexual orientations,25,238500,0.010482180293501049
W06000011,Swansea,All other sexual orientations,22,238500,0.009224318658280923
W06000011,Swansea,Not answered,0,238500,0
W06000011,Swansea,Not answered,13749,238500,5.764779874213836
W06000011,Swansea,Not answered,702,238500,0.2943396226415094
W06000011,Swansea,Not answered,355,238500,0.1488469601677149
W06000011,Swansea,Not answered,607,238500,0.25450733752620547
W06000012,Neath Port Talbot,Does not apply,0,142300,0
W06000012,Neath Port Talbot,Does not apply,0,142300,0
W06000012,Neath Port Talbot,Does not apply,0,142300,0
W06000012,Neath Port Talbot,Does not apply,0,142300,0
W06000012,Neath Port Talbot,Does not apply,0,142300,0
W06000012,Neath Port Talbot,Straight or Heterosexual,0,142300,0
W06000012,Neath Port Talbot,Straight or Heterosexual,90361,142300,63.50035137034434
W06000012,Neath Port Talbot,Straight or Heterosexual,5732,142300,4.028109627547435
W06000012,Neath Port Talbot,Straight or Heterosexual,3476,142300,2.442726633872101
W06000012,Neath Port Talbot,Straight or Heterosexual,5579,142300,3.9205903021784962
W06000012,Neath Port Talbot,Gay or Lesbian,0,142300,0
W06000012,Neath Port Talbot,Gay or Lesbian,1561,142300,1.0969782150386507
W06000012,Neath Port Talbot,Gay or Lesbian,114,142300,0.08011243851018975
W06000012,Neath Port Talbot,Gay or Lesbian,100,142300,0.07027406886858749
W06000012,Neath Port Talbot,Gay or Lesbian,71,142300,0.049894588896697116
W06000012,Neath Port Talbot,Bisexual,0,142300,0
W06000012,Neath Port Talbot,Bisexual,1034,142300,0.7266338721011947
W06000012,Neath Port Talbot,Bisexual,83,142300,0.05832747716092762
W06000012,Neath Port Talbot,Bisexual,49,142300,0.03443429374560787
W06000012,Neath Port Talbot,Bisexual,61,142300,0.04286718200983837
W06000012,Neath Port Talbot,All other sexual orientations,0,142300,0
W06000012,Neath Port Talbot,All other sexual orientations,194,142300,0.13633169360505973
W06000012,Neath Port Talbot,All other sexual orientations,14,142300,0.009838369641602248
W06000012,Neath Port Talbot,All other sexual orientations,10,142300,0.007027406886858749
W06000012,Neath Port Talbot,All other sexual orientations,13,142300,0.009135628952916374
W06000012,Neath Port Talbot,Not answered,0,142300,0
W06000012,Neath Port Talbot,Not answered,7739,142300,5.438510189739986
W06000012,Neath Port Talbot,Not answered,337,142300,0.23682361208713984
W06000012,Neath Port Talbot,Not answered,227,142300,0.1595221363316936
W06000012,Neath Port Talbot,Not answered,429,142300,0.30147575544624033
W06000013,Bridgend,Does not apply,0,145500,0
W06000013,Bridgend,Does not apply,0,145500,0
W06000013,Bridgend,Does not apply,0,145500,0
W06000013,Bridgend,Does not apply,0,145500,0
W06000013,Bridgend,Does not apply,0,145500,0
W06000013,Bridgend,Straight or Heterosexual,0,145500,0
W06000013,Bridgend,Straight or Heterosexual,95068,145500,65.33883161512027
W06000013,Bridgend,Straight or Heterosexual,5695,145500,3.9140893470790377
W06000013,Bridgend,Straight or Heterosexual,3016,145500,2.072852233676976
W06000013,Bridgend,Straight or Heterosexual,4990,145500,3.429553264604811
W06000013,Bridgend,Gay or Lesbian,0,145500,0
W06000013,Bridgend,Gay or Lesbian,1421,145500,0.9766323024054983
W06000013,Bridgend,Gay or Lesbian,90,145500,0.061855670103092786
W06000013,Bridgend,Gay or Lesbian,49,145500,0.03367697594501718
W06000013,Bridgend,Gay or Lesbian,56,145500,0.03848797250859107
W06000013,Bridgend,Bisexual,0,145500,0
W06000013,Bridgend,Bisexual,958,145500,0.6584192439862543
W06000013,Bridgend,Bisexual,82,145500,0.056357388316151204
W06000013,Bridgend,Bisexual,39,145500,0.026804123711340205
W06000013,Bridgend,Bisexual,51,145500,0.03505154639175258
W06000013,Bridgend,All other sexual orientations,0,145500,0
W06000013,Bridgend,All other sexual orientations,193,145500,0.13264604810996564
W06000013,Bridgend,All other sexual orientations,19,145500,0.013058419243986255
W06000013,Bridgend,All other sexual orientations,8,145500,0.005498281786941581
W06000013,Bridgend,All other sexual orientations,15,145500,0.010309278350515464
W06000013,Bridgend,Not answered,0,145500,0
W06000013,Bridgend,Not answered,6793,145500,4.66872852233677
W06000013,Bridgend,Not answered,291,145500,0.2
W06000013,Bridgend,Not answered,224,145500,0.15395189003436427
W06000013,Bridgend,Not answered,421,145500,0.2893470790378007
W06000014,Vale of Glamorgan,Does not apply,0,131800,0
W06000014,Vale of Glamorgan,Does not apply,0,131800,0
W06000014,Vale of Glamorgan,Does not apply,0,131800,0
W06000014,Vale of Glamorgan,Does not apply,0,131800,0
W06000014,Vale of Glamorgan,Does not apply,0,131800,0
W06000014,Vale of Glamorgan,Straight or Heterosexual,0,131800,0
W06000014,Vale of Glamorgan,Straight or Heterosexual,85530,131800,64.89377845220031
W06000014,Vale of Glamorgan,Straight or Heterosexual,5752,131800,4.364188163884673
W06000014,Vale of Glamorgan,Straight or Heterosexual,2200,131800,1.669195751138088
W06000014,Vale of Glamorgan,Straight or Heterosexual,3590,131800,2.723823975720789
W06000014,Vale of Glamorgan,Gay or Lesbian,0,131800,0
W06000014,Vale of Glamorgan,Gay or Lesbian,1599,131800,1.2132018209408195
W06000014,Vale of Glamorgan,Gay or Lesbian,112,131800,0.08497723823975721
W06000014,Vale of Glamorgan,Gay or Lesbian,46,131800,0.03490136570561457
W06000014,Vale of Glamorgan,Gay or Lesbian,46,131800,0.03490136570561457
W06000014,Vale of Glamorgan,Bisexual,0,131800,0
W06000014,Vale of Glamorgan,Bisexual,1060,131800,0.8042488619119879
W06000014,Vale of Glamorgan,Bisexual,81,131800,0.061456752655538696
W06000014,Vale of Glamorgan,Bisexual,35,131800,0.026555386949924126
W06000014,Vale of Glamorgan,Bisexual,37,131800,0.028072837632776935
W06000014,Vale of Glamorgan,All other sexual orientations,0,131800,0
W06000014,Vale of Glamorgan,All other sexual orientations,249,131800,0.18892261001517452
W06000014,Vale of Glamorgan,All other sexual orientations,16,131800,0.012139605462822459
W06000014,Vale of Glamorgan,All other sexual orientations,8,131800,0.006069802731411229
W06000014,Vale of Glamorgan,All other sexual orientations,6,131800,0.004552352048558422
W06000014,Vale of Glamorgan,Not answered,0,131800,0
W06000014,Vale of Glamorgan,Not answered,6328,131800,4.801213960546282
W06000014,Vale of Glamorgan,Not answered,349,131800,0.26479514415781485
W06000014,Vale of Glamorgan,Not answered,125,131800,0.09484066767830046
W06000014,Vale of Glamorgan,Not answered,287,131800,0.21775417298937785
W06000015,Cardiff,Does not apply,0,362400,0
W06000015,Cardiff,Does not apply,0,362400,0
W06000015,Cardiff,Does not apply,0,362400,0
W06000015,Cardiff,Does not apply,0,362400,0
W06000015,Cardiff,Does not apply,0,362400,0
W06000015,Cardiff,Straight or Heterosexual,0,362400,0
W06000015,Cardiff,Straight or Heterosexual,232484,362400,64.15121412803532
W06000015,Cardiff,Straight or Heterosexual,12214,362400,3.3703090507726268
W06000015,Cardiff,Straight or Heterosexual,5422,362400,1.4961368653421634
W06000015,Cardiff,Straight or Heterosexual,7706,362400,2.126379690949227
W06000015,Cardiff,Gay or Lesbian,0,362400,0
W06000015,Cardiff,Gay or Lesbian,6587,362400,1.8176048565121412
W06000015,Cardiff,Gay or Lesbian,385,362400,0.10623620309050773
W06000015,Cardiff,Gay or Lesbian,114,362400,0.03145695364238411
W06000015,Cardiff,Gay or Lesbian,89,362400,0.02455849889624724
W06000015,Cardiff,Bisexual,0,362400,0
W06000015,Cardiff,Bisexual,6561,362400,1.810430463576159
W06000015,Cardiff,Bisexual,313,362400,0.08636865342163355
W06000015,Cardiff,Bisexual,69,362400,0.01903973509933775
W06000015,Cardiff,Bisexual,84,362400,0.023178807947019868
W06000015,Cardiff,All other sexual orientations,0,362400,0
W06000015,Cardiff,All other sexual orientations,1443,362400,0.3981788079470199
W06000015,Cardiff,All other sexual orientations,97,362400,0.02676600441501104
W06000015,Cardiff,All other sexual orientations,29,362400,0.008002207505518763
W06000015,Cardiff,All other sexual orientations,37,362400,0.01020971302428256
W06000015,Cardiff,Not answered,0,362400,0
W06000015,Cardiff,Not answered,20760,362400,5.728476821192053
W06000015,Cardiff,Not answered,815,362400,0.22488962472406182
W06000015,Cardiff,Not answered,437,362400,0.12058498896247241
W06000015,Cardiff,Not answered,667,362400,0.18405077262693156
W06000016,Rhondda Cynon Taf,Does not apply,0,237700,0
W06000016,Rhondda Cynon Taf,Does not apply,0,237700,0
W06000016,Rhondda Cynon Taf,Does not apply,0,237700,0
W06000016,Rhondda Cynon Taf,Does not apply,0,237700,0
W06000016,Rhondda Cynon Taf,Does not apply,0,237700,0
W06000016,Rhondda Cynon Taf,Straight or Heterosexual,0,237700,0
W06000016,Rhondda Cynon Taf,Straight or Heterosexual,152210,237700,64.03449726546066
W06000016,Rhondda Cynon Taf,Straight or Heterosexual,8997,237700,3.7850231384097603
W06000016,Rhondda Cynon Taf,Straight or Heterosexual,4998,237700,2.102650399663441
W06000016,Rhondda Cynon Taf,Straight or Heterosexual,8376,237700,3.5237694572991165
W06000016,Rhondda Cynon Taf,Gay or Lesbian,0,237700,0
W06000016,Rhondda Cynon Taf,Gay or Lesbian,2544,237700,1.0702566259991586
W06000016,Rhondda Cynon Taf,Gay or Lesbian,201,237700,0.08456037021455616
W06000016,Rhondda Cynon Taf,Gay or Lesbian,81,237700,0.0340765671013883
W06000016,Rhondda Cynon Taf,Gay or Lesbian,121,237700,0.050904501472444255
W06000016,Rhondda Cynon Taf,Bisexual,0,237700,0
W06000016,Rhondda Cynon Taf,Bisexual,1888,237700,0.794278502313841
W06000016,Rhondda Cynon Taf,Bisexual,112,237700,0.04711821623895667
W06000016,Rhondda Cynon Taf,Bisexual,52,237700,0.02187631468237274
W06000016,Rhondda Cynon Taf,Bisexual,106,237700,0.04459402608329827
W06000016,Rhondda Cynon Taf,All other sexual orientations,0,237700,0
W06000016,Rhondda Cynon Taf,All other sexual orientations,345,237700,0.1451409339503576
W06000016,Rhondda Cynon Taf,All other sexual orientations,32,237700,0.013462347496844763
W06000016,Rhondda Cynon Taf,All other sexual orientations,15,237700,0.006310475389145982
W06000016,Rhondda Cynon Taf,All other sexual orientations,23,237700,0.009676062263357174
W06000016,Rhondda Cynon Taf,Not answered,0,237700,0
W06000016,Rhondda Cynon Taf,Not answered,12233,237700,5.146403029028186
W06000016,Rhondda Cynon Taf,Not answered,517,237700,0.21750105174589818
W06000016,Rhondda Cynon Taf,Not answered,347,237700,0.1459823306689104
W06000016,Rhondda Cynon Taf,Not answered,645,237700,0.2713504417332772
W06000018,Caerphilly,Does not apply,0,175900,0
W06000018,Caerphilly,Does not apply,0,175900,0
W06000018,Caerphilly,Does not apply,0,175900,0
W06000018,Caerphilly,Does not apply,0,175900,0
W06000018,Caerphilly,Does not apply,0,175900,0
W06000018,Caerphilly,Straight or Heterosexual,0,175900,0
W06000018,Caerphilly,Straight or Heterosexual,113245,175900,64.38032973280274
W06000018,Caerphilly,Straight or Heterosexual,6771,175900,3.8493462194428654
W06000018,Caerphilly,Straight or Heterosexual,3944,175900,2.2421830585559976
W06000018,Caerphilly,Straight or Heterosexual,6465,175900,3.6753837407617964
W06000018,Caerphilly,Gay or Lesbian,0,175900,0
W06000018,Caerphilly,Gay or Lesbian,1700,175900,0.9664582148948266
W06000018,Caerphilly,Gay or Lesbian,129,175900,0.07333712336554861
W06000018,Caerphilly,Gay or Lesbian,52,175900,0.029562251279135872
W06000018,Caerphilly,Gay or Lesbian,60,175900,0.03411028993746447
W06000018,Caerphilly,Bisexual,0,175900,0
W06000018,Caerphilly,Bisexual,1204,175900,0.6844798180784537
W06000018,Caerphilly,Bisexual,73,175900,0.041500852757248435
W06000018,Caerphilly,Bisexual,37,175900,0.021034678794769755
W06000018,Caerphilly,Bisexual,57,175900,0.03240477544059125
W06000018,Caerphilly,All other sexual orientations,0,175900,0
W06000018,Caerphilly,All other sexual orientations,217,175900,0.12336554860716316
W06000018,Caerphilly,All other sexual orientations,17,175900,0.009664582148948267
W06000018,Caerphilly,All other sexual orientations,7,175900,0.003979533826037522
W06000018,Caerphilly,All other sexual orientations,19,175900,0.010801591813530414
W06000018,Caerphilly,Not answered,0,175900,0
W06000018,Caerphilly,Not answered,8346,175900,4.7447413303013075
W06000018,Caerphilly,Not answered,370,175900,0.21034678794769757
W06000018,Caerphilly,Not answered,259,175900,0.14724275156338829
W06000018,Caerphilly,Not answered,509,175900,0.2893689596361569
W06000019,Blaenau Gwent,Does not apply,0,66900,0
W06000019,Blaenau Gwent,Does not apply,0,66900,0
W06000019,Blaenau Gwent,Does not apply,0,66900,0
W06000019,Blaenau Gwent,Does not apply,0,66900,0
W06000019,Blaenau Gwent,Does not apply,0,66900,0
W06000019,Blaenau Gwent,Straight or Heterosexual,0,66900,0
W06000019,Blaenau Gwent,Straight or Heterosexual,43517,66900,65.04783258594918
W06000019,Blaenau Gwent,Straight or Heterosexual,2373,66900,3.5470852017937218
W06000019,Blaenau Gwent,Straight or Heterosexual,1571,66900,2.3482810164424515
W06000019,Blaenau Gwent,Straight or Heterosexual,2492,66900,3.724962630792227
W06000019,Blaenau Gwent,Gay or Lesbian,0,66900,0
W06000019,Blaenau Gwent,Gay or Lesbian,626,66900,0.9357249626307922
W06000019,Blaenau Gwent,Gay or Lesbian,42,66900,0.06278026905829596
W06000019,Blaenau Gwent,Gay or Lesbian,23,66900,0.0343796711509716
W06000019,Blaenau Gwent,Gay or Lesbian,30,66900,0.04484304932735426
W06000019,Blaenau Gwent,Bisexual,0,66900,0
W06000019,Blaenau Gwent,Bisexual,398,66900,0.5949177877428998
W06000019,Blaenau Gwent,Bisexual,42,66900,0.06278026905829596
W06000019,Blaenau Gwent,Bisexual,26,66900,0.03886397608370702
W06000019,Blaenau Gwent,Bisexual,17,66900,0.025411061285500747
W06000019,Blaenau Gwent,All other sexual orientations,0,66900,0
W06000019,Blaenau Gwent,All other sexual orientations,64,66900,0.09566517189835576
W06000019,Blaenau Gwent,All other sexual orientations,6,66900,0.008968609865470852
W06000019,Blaenau Gwent,All other sexual orientations,2,66900,0.0029895366218236174
W06000019,Blaenau Gwent,All other sexual orientations,0,66900,0
W06000019,Blaenau Gwent,Not answered,0,66900,0
W06000019,Blaenau Gwent,Not answered,3446,66900,5.150971599402093
W06000019,Blaenau Gwent,Not answered,137,66900,0.20478325859491778
W06000019,Blaenau Gwent,Not answered,113,66900,0.16890881913303438
W06000019,Blaenau Gwent,Not answered,218,66900,0.32585949177877427
W06000020,Torfaen,Does not apply,0,92300,0
W06000020,Torfaen,Does not apply,0,92300,0
W06000020,Torfaen,Does not apply,0,92300,0
W06000020,Torfaen,Does not apply,0,92300,0
W06000020,Torfaen,Does not apply,0,92300,0
W06000020,Torfaen,Straight or Heterosexual,0,92300,0
W06000020,Torfaen,Straight or Heterosexual,59035,92300,63.95991332611051
W06000020,Torfaen,Straight or Heterosexual,3709,92300,4.018418201516793
W06000020,Torfaen,Straight or Heterosexual,1986,92300,2.151679306608884
W06000020,Torfaen,Straight or Heterosexual,3163,92300,3.426868905742145
W06000020,Torfaen,Gay or Lesbian,0,92300,0
W06000020,Torfaen,Gay or Lesbian,933,92300,1.010834236186349
W06000020,Torfaen,Gay or Lesbian,85,92300,0.09209100758396534
W06000020,Torfaen,Gay or Lesbian,29,92300,0.0314192849404117
W06000020,Torfaen,Gay or Lesbian,33,92300,0.035752979414951244
W06000020,Torfaen,Bisexual,0,92300,0
W06000020,Torfaen,Bisexual,668,92300,0.723726977248104
W06000020,Torfaen,Bisexual,35,92300,0.03791982665222102
W06000020,Torfaen,Bisexual,25,92300,0.027085590465872156
W06000020,Torfaen,Bisexual,31,92300,0.03358613217768147
W06000020,Torfaen,All other sexual orientations,0,92300,0
W06000020,Torfaen,All other sexual orientations,116,92300,0.1256771397616468
W06000020,Torfaen,All other sexual orientations,19,92300,0.020585048754062838
W06000020,Torfaen,All other sexual orientations,7,92300,0.007583965330444204
W06000020,Torfaen,All other sexual orientations,9,92300,0.009750812567713976
W06000020,Torfaen,Not answered,0,92300,0
W06000020,Torfaen,Not answered,4633,92300,5.019501625135428
W06000020,Torfaen,Not answered,238,92300,0.25785482123510295
W06000020,Torfaen,Not answered,122,92300,0.13217768147345613
W06000020,Torfaen,Not answered,240,92300,0.2600216684723727
W06000021,Monmouthshire,Does not apply,0,93000,0
W06000021,Monmouthshire,Does not apply,0,93000,0
W06000021,Monmouthshire,Does not apply,0,93000,0
W06000021,Monmouthshire,Does not apply,0,93000,0
W06000021,Monmouthshire,Does not apply,0,93000,0
W06000021,Monmouthshire,Straight or Heterosexual,0,93000,0
W06000021,Monmouthshire,Straight or Heterosexual,62764,93000,67.48817204301075
W06000021,Monmouthshire,Straight or Heterosexual,4421,93000,4.753763440860215
W06000021,Monmouthshire,Straight or Heterosexual,1450,93000,1.5591397849462365
W06000021,Monmouthshire,Straight or Heterosexual,2390,93000,2.5698924731182795
W06000021,Monmouthshire,Gay or Lesbian,0,93000,0
W06000021,Monmouthshire,Gay or Lesbian,770,93000,0.8279569892473119
W06000021,Monmouthshire,Gay or Lesbian,59,93000,0.06344086021505377
W06000021,Monmouthshire,Gay or Lesbian,24,93000,0.025806451612903226
W06000021,Monmouthshire,Gay or Lesbian,19,93000,0.02043010752688172
W06000021,Monmouthshire,Bisexual,0,93000,0
W06000021,Monmouthshire,Bisexual,673,93000,0.7236559139784946
W06000021,Monmouthshire,Bisexual,43,93000,0.046236559139784944
W06000021,Monmouthshire,Bisexual,20,93000,0.021505376344086023
W06000021,Monmouthshire,Bisexual,25,93000,0.026881720430107527
W06000021,Monmouthshire,All other sexual orientations,0,93000,0
W06000021,Monmouthshire,All other sexual orientations,126,93000,0.13548387096774195
W06000021,Monmouthshire,All other sexual orientations,14,93000,0.015053763440860216
W06000021,Monmouthshire,All other sexual orientations,4,93000,0.004301075268817204
W06000021,Monmouthshire,All other sexual orientations,9,93000,0.00967741935483871
W06000021,Monmouthshire,Not answered,0,93000,0
W06000021,Monmouthshire,Not answered,4873,93000,5.2397849462365595
W06000021,Monmouthshire,Not answered,275,93000,0.2956989247311828
W06000021,Monmouthshire,Not answered,91,93000,0.0978494623655914
W06000021,Monmouthshire,Not answered,184,93000,0.1978494623655914
W06000022,Newport,Does not apply,0,159600,0
W06000022,Newport,Does not apply,0,159600,0
W06000022,Newport,Does not apply,0,159600,0
W06000022,Newport,Does not apply,0,159600,0
W06000022,Newport,Does not apply,0,159600,0
W06000022,Newport,Straight or Heterosexual,0,159600,0
W06000022,Newport,Straight or Heterosexual,101739,159600,63.74624060150376
W06000022,Newport,Straight or Heterosexual,5923,159600,3.7111528822055138
W06000022,Newport,Straight or Heterosexual,3022,159600,1.8934837092731829
W06000022,Newport,Straight or Heterosexual,4342,159600,2.7205513784461153
W06000022,Newport,Gay or Lesbian,0,159600,0
W06000022,Newport,Gay or Lesbian,1653,159600,1.0357142857142858
W06000022,Newport,Gay or Lesbian,140,159600,0.08771929824561403
W06000022,Newport,Gay or Lesbian,48,159600,0.03007518796992481
W06000022,Newport,Gay or Lesbian,66,159600,0.041353383458646614
W06000022,Newport,Bisexual,0,159600,0
W06000022,Newport,Bisexual,1217,159600,0.7625313283208021
W06000022,Newport,Bisexual,88,159600,0.05513784461152882
W06000022,Newport,Bisexual,42,159600,0.02631578947368421
W06000022,Newport,Bisexual,50,159600,0.03132832080200501
W06000022,Newport,All other sexual orientations,0,159600,0
W06000022,Newport,All other sexual orientations,315,159600,0.19736842105263158
W06000022,Newport,All other sexual orientations,21,159600,0.013157894736842105
W06000022,Newport,All other sexual orientations,13,159600,0.008145363408521303
W06000022,Newport,All other sexual orientations,19,159600,0.011904761904761904
W06000022,Newport,Not answered,0,159600,0
W06000022,Newport,Not answered,7806,159600,4.890977443609023
W06000022,Newport,Not answered,301,159600,0.18859649122807018
W06000022,Newport,Not answered,209,159600,0.13095238095238096
W06000022,Newport,Not answered,405,159600,0.25375939849624063
W06000023,Powys,Does not apply,0,133200,0
W06000023,Powys,Does not apply,0,133200,0
W06000023,Powys,Does not apply,0,133200,0
W06000023,Powys,Does not apply,0,133200,0
W06000023,Powys,Does not apply,0,133200,0
W06000023,Powys,Straight or Heterosexual,0,133200,0
W06000023,Powys,Straight or Heterosexual,88362,133200,66.33783783783784
W06000023,Powys,Straight or Heterosexual,6047,133200,4.53978978978979
W06000023,Powys,Straight or Heterosexual,2136,133200,1.6036036036036037
W06000023,Powys,Straight or Heterosexual,3618,133200,2.7162162162162162
W06000023,Powys,Gay or Lesbian,0,133200,0
W06000023,Powys,Gay or Lesbian,1035,133200,0.777027027027027
W06000023,Powys,Gay or Lesbian,97,133200,0.07282282282282282
W06000023,Powys,Gay or Lesbian,33,133200,0.024774774774774775
W06000023,Powys,Gay or Lesbian,40,133200,0.03003003003003003
W06000023,Powys,Bisexual,0,133200,0
W06000023,Powys,Bisexual,933,133200,0.7004504504504504
W06000023,Powys,Bisexual,71,133200,0.0533033033033033
W06000023,Powys,Bisexual,25,133200,0.01876876876876877
W06000023,Powys,Bisexual,31,133200,0.023273273273273273
W06000023,Powys,All other sexual orientations,0,133200,0
W06000023,Powys,All other sexual orientations,230,133200,0.17267267267267267
W06000023,Powys,All other sexual orientations,30,133200,0.02252252252252252
W06000023,Powys,All other sexual orientations,5,133200,0.0037537537537537537
W06000023,Powys,All other sexual orientations,11,133200,0.008258258258258258
W06000023,Powys,Not answered,0,133200,0
W06000023,Powys,Not answered,8751,133200,6.56981981981982
W06000023,Powys,Not answered,506,133200,0.37987987987987987
W06000023,Powys,Not answered,196,133200,0.14714714714714713
W06000023,Powys,Not answered,379,133200,0.28453453453453453
W06000024,Merthyr Tydfil,Does not apply,0,58800,0
W06000024,Merthyr Tydfil,Does not apply,0,58800,0
W06000024,Merthyr Tydfil,Does not apply,0,58800,0
W06000024,Merthyr Tydfil,Does not apply,0,58800,0
W06000024,Merthyr Tydfil,Does not apply,0,58800,0
W06000024,Merthyr Tydfil,Straight or Heterosexual,0,58800,0
W06000024,Merthyr Tydfil,Straight or Heterosexual,38028,58800,64.6734693877551
W06000024,Merthyr Tydfil,Straight or Heterosexual,2068,58800,3.5170068027210886
W06000024,Merthyr Tydfil,Straight or Heterosexual,1384,58800,2.3537414965986394
W06000024,Merthyr Tydfil,Straight or Heterosexual,2157,58800,3.6683673469387754
W06000024,Merthyr Tydfil,Gay or Lesbian,0,58800,0
W06000024,Merthyr Tydfil,Gay or Lesbian,593,58800,1.0085034013605443
W06000024,Merthyr Tydfil,Gay or Lesbian,45,58800,0.07653061224489796
W06000024,Merthyr Tydfil,Gay or Lesbian,18,58800,0.030612244897959183
W06000024,Merthyr Tydfil,Gay or Lesbian,24,58800,0.04081632653061224
W06000024,Merthyr Tydfil,Bisexual,0,58800,0
W06000024,Merthyr Tydfil,Bisexual,313,58800,0.532312925170068
W06000024,Merthyr Tydfil,Bisexual,18,58800,0.030612244897959183
W06000024,Merthyr Tydfil,Bisexual,13,58800,0.022108843537414966
W06000024,Merthyr Tydfil,Bisexual,18,58800,0.030612244897959183
W06000024,Merthyr Tydfil,All other sexual orientations,0,58800,0
W06000024,Merthyr Tydfil,All other sexual orientations,66,58800,0.11224489795918367
W06000024,Merthyr Tydfil,All other sexual orientations,3,58800,0.00510204081632653
W06000024,Merthyr Tydfil,All other sexual orientations,5,58800,0.008503401360544218
W06000024,Merthyr Tydfil,All other sexual orientations,13,58800,0.022108843537414966
W06000024,Merthyr Tydfil,Not answered,0,58800,0
W06000024,Merthyr Tydfil,Not answered,2576,58800,4.380952380952381
W06000024,Merthyr Tydfil,Not answered,126,58800,0.21428571428571427
W06000024,Merthyr Tydfil,Not answered,69,58800,0.11734693877551021
W06000024,Merthyr Tydfil,Not answered,139,58800,0.23639455782312926
